week,open,high,low,close,source_rows,bad_hlc,bad_ohlc,first_date,last_date,null_rows,valid_hlc,valid_ohlc
1973-05-04,0.4951550316812679,0.49885034561157232,0.4951550316812679,0.49885034561157232,2,0,0,1973-05-03,1973-05-04,0,False,False
1973-05-11,0.49885034561157232,0.50254583358764648,0.49146007680205411,0.50254583358764648,5,0,0,1973-05-07,1973-05-11,0,True,True
1973-05-18,0.49885034561157232,0.50254575512265565,0.49146007680205411,0.49885034561157232,5,0,0,1973-05-14,1973-05-18,0,True,True
1973-05-25,0.49885053534950541,0.50624078512191772,0.49146017027443034,0.50624078512191772,5,0,0,1973-05-21,1973-05-25,0,True,True
1973-06-01,0.50624082964110706,0.50624082964110706,0.49885034561157232,0.49885034561157232,4,0,0,1973-05-29,1973-06-01,0,True,True
1973-06-08,0.49885044048952759,0.49885044048952759,0.49146017027443034,0.49885034561157232,5,0,0,1973-06-04,1973-06-08,0,True,True
1973-06-15,0.50254578939339778,0.50624082964110706,0.50254578939339778,0.50254583358764648,5,0,0,1973-06-11,1973-06-15,0,True,True
1973-06-22,0.50254565954187669,0.50624082964110706,0.49885034561157232,0.50254583358764648,5,0,0,1973-06-18,1973-06-22,0,True,True
1973-06-29,0.50254583358764648,0.50624082964110706,0.50254583358764648,0.50254583358764648,5,0,0,1973-06-25,1973-06-29,0,True,True
1973-07-06,0.50254578939339778,0.50624078512191772,0.50254578939339778,0.50624078512191772,4,0,0,1973-07-02,1973-07-06,0,True,True
1973-07-13,0.50624095695853966,0.51363164186477661,0.50624095695853966,0.50993627309799194,5,0,0,1973-07-09,1973-07-13,0,True,True
1973-07-20,0.50993627309799194,0.50993627309799194,0.49146026372909546,0.49146026372909546,5,0,0,1973-07-16,1973-07-20,0,True,True
1973-07-27,0.49146024700857321,0.50624082964110706,0.49146024700857321,0.49885034561157232,5,0,0,1973-07-23,1973-07-27,0,True,True
1973-08-03,0.49885034561157232,0.50624065431565612,0.4951550316812679,0.49885034561157232,5,0,0,1973-07-30,1973-08-03,0,True,True
1973-08-10,0.4988505183775504,0.50254583358764648,0.4951550316812679,0.49885034561157232,5,0,0,1973-08-06,1973-08-10,0,True,True
1973-08-17,0.49885034561157232,0.49885044048952759,0.48591729998588562,0.49885034561157232,5,0,0,1973-08-13,1973-08-17,0,True,True
1973-08-24,0.49885044048952759,0.49885044048952759,0.46744126081466669,0.47483178973197937,5,0,0,1973-08-20,1973-08-24,0,True,True
1973-08-31,0.47483178973197937,0.49146011609828211,0.47483157578284341,0.48222216963768005,5,0,0,1973-08-27,1973-08-31,0,True,True
1973-09-07,0.48591729998588562,0.49146029327008545,0.48591727077807717,0.48591729998588562,4,0,0,1973-09-04,1973-09-07,0,True,True
1973-09-14,0.48591729998588562,0.49885053534950541,0.48591727077807717,0.48591729998588562,5,0,0,1973-09-10,1973-09-14,0,True,True
1973-09-21,0.48591729998588562,0.49146029327008545,0.48591729998588562,0.48591729998588562,5,0,0,1973-09-17,1973-09-21,0,True,True
1973-09-28,0.48591729998588562,0.50624078512191772,0.48591720490618395,0.50624078512191772,5,0,0,1973-09-24,1973-09-28,0,True,True
1973-10-05,0.50624078512191772,0.53395473957061768,0.50254578939339778,0.53395473957061768,5,0,0,1973-10-01,1973-10-05,0,True,True
1973-10-12,0.53395473957061768,0.54504067419891411,0.53210738109440325,0.53765004873275757,5,0,0,1973-10-08,1973-10-12,0,True,True
1973-10-19,0.53765005494176421,0.53765005494176421,0.52471637019479989,0.52841198444366455,5,0,0,1973-10-15,1973-10-19,0,True,True
1973-10-26,0.52102195574418608,0.52471655607223511,0.50993627309799194,0.52471655607223511,5,0,0,1973-10-22,1973-10-26,0,True,True
1973-11-02,0.52471675035211029,0.53395473957061768,0.52471655607223511,0.52471655607223511,5,0,0,1973-10-29,1973-11-02,0,True,True
1973-11-09,0.52471668133976368,0.52471668133976368,0.49515512585639948,0.49515512585639948,5,0,0,1973-11-05,1973-11-09,0,True,True
1973-11-16,0.4951550316812679,0.49885044048952759,0.48591720490618395,0.49146026372909546,5,0,0,1973-11-12,1973-11-16,0,True,True
1973-11-23,0.49146029327008545,0.49146029327008545,0.47483157578284341,0.47852689027786255,4,0,0,1973-11-19,1973-11-23,0,True,True
1973-11-30,0.4748315705669508,0.4748315705669508,0.44896569848060608,0.44896569848060608,5,0,0,1973-11-26,1973-11-30,0,True,True
1973-12-07,0.44896527679771892,0.45266101566541761,0.43972733161637717,0.44342264533042908,5,0,0,1973-12-03,1973-12-07,0,True,True
1973-12-14,0.44342264533042908,0.44896569848060608,0.43972712755203247,0.44896569848060608,5,0,0,1973-12-10,1973-12-14,0,True,True
1973-12-21,0.44896526456605534,0.44896527679771892,0.43972733161637717,0.44342264533042908,5,0,0,1973-12-17,1973-12-21,0,True,True
1973-12-28,0.4434226332497696,0.44896527679771892,0.43603201790232526,0.44342264533042908,4,0,0,1973-12-24,1973-12-28,0,True,True
1974-01-04,0.4434230618074953,0.48591729998588562,0.43603242743787224,0.48591729998588562,4,0,0,1973-12-31,1974-01-04,0,True,True
1974-01-11,0.4988505183775504,0.5173264741897583,0.46374623682190719,0.5173264741897583,5,0,0,1974-01-07,1974-01-11,0,True,True
1974-01-18,0.52471655607223511,0.53765004873275757,0.51732628711747008,0.52841198444366455,5,0,0,1974-01-14,1974-01-18,0,True,True
1974-01-25,0.52841168288869023,0.53395473957061768,0.52102141655187995,0.52471655607223511,5,0,0,1974-01-21,1974-01-25,0,True,True
1974-02-01,0.5173264741897583,0.52841198444366455,0.50993627309799194,0.52841198444366455,5,0,0,1974-01-28,1974-02-01,0,True,True
1974-02-08,0.52471691321092295,0.52471691321092295,0.50624095695853966,0.50993627309799194,5,0,0,1974-02-04,1974-02-08,0,True,True
1974-02-15,0.50624065431565612,0.50993610000704503,0.4951550316812679,0.50624078512191772,5,0,0,1974-02-11,1974-02-15,0,True,True
1974-02-22,0.50624078512191772,0.5173264741897583,0.50254578939339778,0.5173264741897583,4,0,0,1974-02-19,1974-02-22,0,True,True
1974-03-01,0.51732658622018068,0.51732658622018068,0.50624084732878205,0.50993627309799194,5,0,0,1974-02-25,1974-03-01,0,True,True
1974-03-08,0.51363106060337016,0.52841198444366455,0.51363106060337016,0.52471655607223511,4,0,0,1974-03-04,1974-03-08,1,True,True
1974-03-15,0.52471666964092623,0.53395473957061768,0.52102171388936325,0.52841198444366455,5,0,0,1974-03-11,1974-03-15,0,True,True
1974-03-22,0.52841198444366455,0.53210729924640288,0.51732605378318375,0.52102136611938477,5,0,0,1974-03-18,1974-03-22,0,True,True
1974-03-29,0.51732658622018068,0.51732658622018068,0.48591727077807717,0.49146026372909546,5,0,0,1974-03-25,1974-03-29,0,True,True
1974-04-05,0.49515512585639948,0.49515522001368684,0.47483178973197937,0.47483178973197937,5,0,0,1974-04-01,1974-04-05,0,True,True
1974-04-12,0.47483178973197937,0.47483178973197937,0.46374607086181646,0.46374607086181646,4,0,0,1974-04-08,1974-04-11,0,True,True
1974-04-19,0.46744147656859636,0.47483178973197937,0.46374647956526371,0.47113662958145142,5,0,0,1974-04-15,1974-04-19,0,True,True
1974-04-26,0.47113662958145142,0.47113662958145142,0.45266055774665254,0.46005100011825562,5,0,0,1974-04-22,1974-04-26,0,True,True
1974-05-03,0.46005095106238264,0.47113657526909386,0.46005095106238264,0.46744126081466669,5,0,0,1974-04-29,1974-05-03,0,True,True
1974-05-10,0.46374607086181646,0.46374613903532635,0.42494708299636841,0.42494708299636841,5,0,0,1974-05-06,1974-05-10,0,True,True
1974-05-17,0.42494712087947245,0.43603202700614929,0.41755609636314728,0.4212518036365509,5,0,0,1974-05-13,1974-05-17,0,True,True
1974-05-24,0.42125145706092509,0.4286421189655828,0.42125145706092509,0.4212518036365509,5,0,0,1974-05-20,1974-05-24,0,True,True
1974-05-31,0.4212518036365509,0.4286421189655828,0.41386129990258252,0.41755625605583191,4,0,0,1974-05-28,1974-05-31,0,True,True
1974-06-07,0.41755648639362941,0.43233707547187811,0.41755644916938428,0.43233707547187811,5,0,0,1974-06-03,1974-06-07,0,True,True
1974-06-14,0.43233708051241893,0.43603207555855117,0.41755648639362941,0.4212518036365509,5,0,0,1974-06-10,1974-06-14,0,True,True
1974-06-21,0.42125157126029572,0.42125157126029572,0.40277564525604248,0.40277564525604248,5,0,0,1974-06-17,1974-06-21,0,True,True
1974-06-28,0.40277564525604248,0.41386127093692915,0.3861473016534725,0.39353761076927185,5,0,0,1974-06-24,1974-06-28,0,True,True
1974-07-05,0.39353770604490745,0.39723270191909565,0.37136631131325276,0.38984239101409912,4,0,0,1974-07-01,1974-07-05,0,True,True
1974-07-12,0.38984231542831094,0.40277564525604248,0.38245189189910889,0.40277564525604248,5,0,0,1974-07-08,1974-07-12,0,True,True
1974-07-19,0.41386129990258252,0.42864188251258822,0.40277533562073387,0.4286417663097381,5,0,0,1974-07-15,1974-07-19,0,True,True
1974-07-26,0.4286421189655828,0.43233719771705204,0.40277564525604248,0.41386136412620544,5,0,0,1974-07-22,1974-07-26,0,True,True
1974-08-02,0.41386149130727268,0.43603207047493103,0.41386149130727268,0.43233707547187811,5,0,0,1974-07-29,1974-08-02,0,True,True
1974-08-09,0.43233703237145665,0.44342265458856045,0.42864171858025107,0.4286417663097381,5,0,0,1974-08-05,1974-08-09,0,True,True
1974-08-16,0.43233707547187811,0.43233739766656987,0.39353761076927185,0.39353761076927185,5,0,0,1974-08-12,1974-08-16,0,True,True
1974-08-23,0.39353761076927185,0.3972327709197998,0.36767119169235229,0.36767119169235229,5,0,0,1974-08-19,1974-08-23,0,True,True
1974-08-30,0.36767105598166139,0.37506196644719647,0.36028074755011874,0.3750618696212768,5,0,0,1974-08-26,1974-08-30,0,True,True
1974-09-06,0.36767105598166139,0.36767130401773479,0.34734769110073416,0.36028099060058594,4,0,0,1974-09-03,1974-09-06,0,True,True
1974-09-13,0.36397606134414667,0.36397606134414667,0.32517669168683522,0.32887166738510132,5,0,0,1974-09-09,1974-09-13,0,True,True
1974-09-20,0.32887174841888145,0.36767119169235229,0.32887174841888145,0.36767119169235229,5,0,0,1974-09-16,1974-09-20,0,True,True
1974-09-27,0.37136664986610413,0.37136664986610413,0.35658599347037584,0.36028099060058594,5,0,0,1974-09-23,1974-09-27,0,True,True
1974-10-04,0.35473799705505371,0.37506196644719647,0.35473799705505371,0.36028099060058594,5,0,0,1974-09-30,1974-10-04,0,True,True
1974-10-11,0.36397619569098183,0.3972327709197998,0.35473824689989863,0.3972327709197998,5,0,0,1974-10-07,1974-10-11,0,True,True
1974-10-18,0.4009280980075034,0.41755632085284372,0.38614746221505863,0.40277564525604248,5,0,0,1974-10-14,1974-10-18,0,True,True
1974-10-25,0.40277564525604248,0.41016595599109601,0.3972327709197998,0.41016593575477595,5,0,0,1974-10-21,1974-10-25,0,True,True
1974-11-01,0.41016564067445799,0.41016593575477595,0.40277533562073387,0.41016593575477595,5,0,0,1974-10-28,1974-11-01,0,True,True
1974-11-08,0.41016593575477595,0.41755590583363617,0.40277562538433748,0.40647032856941223,5,0,0,1974-11-04,1974-11-08,0,True,True
1974-11-15,0.41016604834829706,0.42125157126029572,0.41016593575477595,0.41016593575477595,5,0,0,1974-11-11,1974-11-15,0,True,True
1974-11-22,0.41016595599109601,0.41386127093692915,0.38984239101409912,0.38984239101409912,5,0,0,1974-11-18,1974-11-22,0,True,True
1974-11-29,0.38984239101409912,0.39353770604490745,0.38614732027053833,0.38984239101409912,4,0,0,1974-11-25,1974-11-29,0,True,True
1974-12-06,0.38614745745135176,0.38614745745135176,0.36767119169235229,0.36767119169235229,5,0,0,1974-12-02,1974-12-06,0,True,True
1974-12-13,0.36397630688752464,0.37875692397694055,0.354738355274202,0.36028099060058594,5,0,0,1974-12-09,1974-12-13,0,True,True
1974-12-20,0.36028099060058594,0.36397630688752464,0.34365237854537123,0.35473799705505371,5,0,0,1974-12-16,1974-12-20,0,True,True
1974-12-27,0.35473799705505371,0.35473833176045561,0.34365237854537123,0.35104301571846008,4,0,0,1974-12-23,1974-12-27,0,True,True
1975-01-03,0.35104315190996416,0.38614732027053833,0.34365283611551667,0.38614732027053833,4,0,0,1974-12-30,1975-01-03,0,True,True
1975-01-10,0.38984213363934195,0.44342243955119942,0.38984213363934195,0.43972712755203247,5,0,0,1975-01-06,1975-01-10,0,True,True
1975-01-17,0.43972734079735487,0.44342265458856045,0.41016586872194916,0.4286417663097381,5,0,0,1975-01-13,1975-01-17,0,True,True
1975-01-24,0.4286417663097381,0.43233707547187811,0.41386118770668062,0.43233707547187811,5,0,0,1975-01-20,1975-01-24,0,True,True
1975-01-31,0.43233703237145665,0.43972734079735487,0.42125120586891407,0.43972712755203247,5,0,0,1975-01-27,1975-01-31,0,True,True
1975-02-07,0.43972733161637717,0.44527028224017334,0.43233707547187811,0.44342264533042908,5,0,0,1975-02-03,1975-02-07,0,True,True
1975-02-14,0.4452707004526007,0.46374631496671931,0.44342264533042908,0.4563555121421814,5,0,0,1975-02-10,1975-02-14,0,True,True
1975-02-21,0.45266059051177082,0.45266059051177082,0.43972733161637717,0.44527027010917664,4,0,0,1975-02-18,1975-02-21,0,True,True
1975-02-28,0.44342264533042908,0.45266041159629827,0.43972712755203247,0.45266041159629827,5,0,0,1975-02-24,1975-02-28,0,True,True
1975-03-07,0.45266041159629827,0.4600506770523064,0.4489650993428303,0.45266041159629827,5,0,0,1975-03-03,1975-03-07,0,True,True
1975-03-14,0.44896526456605534,0.45266101566541761,0.4434230618074953,0.44896569848060608,5,0,0,1975-03-10,1975-03-14,0,True,True
1975-03-21,0.4489650993428303,0.45266101566541761,0.44342247006628238,0.44896569848060608,5,0,0,1975-03-17,1975-03-21,0,True,True
1975-03-28,0.44896527679771892,0.44896527679771892,0.44342264533042908,0.44342264533042908,4,0,0,1975-03-24,1975-03-27,0,True,True
1975-04-04,0.4434226332497696,0.44896569848060608,0.4434226332497696,0.44342264533042908,5,0,0,1975-03-31,1975-04-04,0,True,True
1975-04-11,0.44342243955119942,0.44342264533042908,0.43603181555286552,0.44342264533042908,4,0,0,1975-04-07,1975-04-11,1,True,True
1975-04-18,0.44896569848060608,0.45635597379882226,0.44342247006628238,0.44527027010917664,5,0,0,1975-04-14,1975-04-18,0,True,True
1975-04-25,0.44527028224017334,0.45266101566541761,0.43972733161637717,0.44896569848060608,5,0,0,1975-04-21,1975-04-25,0,True,True
1975-05-02,0.4489650993428303,0.45266041159629827,0.44342247006628238,0.44896569848060608,5,0,0,1975-04-28,1975-05-02,0,True,True
1975-05-09,0.44896569848060608,0.4563555121421814,0.4434230618074953,0.4563555121421814,5,0,0,1975-05-05,1975-05-09,0,True,True
1975-05-16,0.45635568526979192,0.46374631496671931,0.44342264533042908,0.44342264533042908,5,0,0,1975-05-12,1975-05-16,0,True,True
1975-05-23,0.4434226332497696,0.45266041159629827,0.44342247006628238,0.44896569848060608,5,0,0,1975-05-19,1975-05-23,0,True,True
1975-05-30,0.44896526456605534,0.45266041159629827,0.4434226332497696,0.45266041159629827,4,0,0,1975-05-27,1975-05-30,0,True,True
1975-06-06,0.45266101566541761,0.45266101566541761,0.43972733161637717,0.44342264533042908,5,0,0,1975-06-02,1975-06-06,0,True,True
1975-06-13,0.44342264533042908,0.44527028224017334,0.43603202700614929,0.43603202700614929,5,0,0,1975-06-09,1975-06-13,0,True,True
1975-06-20,0.43972733161637717,0.45266041159629827,0.43972733161637717,0.45266041159629827,5,0,0,1975-06-16,1975-06-20,0,True,True
1975-06-27,0.45266041159629827,0.46744131065857869,0.45266041159629827,0.46374607086181646,5,0,0,1975-06-23,1975-06-27,0,True,True
1975-07-04,0.46374626551680981,0.47483178973197937,0.46005095106238264,0.47483178973197937,4,0,0,1975-06-30,1975-07-03,0,True,True
1975-07-11,0.47483178973197937,0.48222216963768005,0.46744147656859636,0.48222216963768005,5,0,0,1975-07-07,1975-07-11,0,True,True
1975-07-18,0.48222213108010092,0.50254565954187669,0.4785268171497965,0.48591729998588562,5,0,0,1975-07-14,1975-07-18,0,True,True
1975-07-25,0.48591729998588562,0.49146029327008545,0.47483178973197937,0.47483178973197937,5,0,0,1975-07-21,1975-07-25,0,True,True
1975-08-01,0.47483178973197937,0.47483178973197937,0.46744126081466669,0.47483178973197937,4,0,0,1975-07-28,1975-08-01,1,True,True
1975-08-08,0.47483162530526529,0.47483162530526529,0.46005095106238264,0.46744126081466669,5,0,0,1975-08-04,1975-08-08,0,True,True
1975-08-15,0.46744126081466669,0.4748315705669508,0.4563555121421814,0.46005100011825562,4,0,0,1975-08-11,1975-08-15,1,True,True
1975-08-22,0.46005100011825562,0.46374631496671931,0.43233707547187811,0.43233707547187811,5,0,0,1975-08-18,1975-08-22,0,True,True
1975-08-29,0.43603181555286552,0.44342264533042908,0.43233703237145665,0.43233707547187811,5,0,0,1975-08-25,1975-08-29,0,True,True
1975-09-05,0.43233703237145665,0.43972738976123193,0.40647062099125825,0.41016593575477595,4,0,0,1975-09-02,1975-09-05,0,True,True
1975-09-12,0.41016593575477595,0.41755632085284372,0.40277533562073387,0.41016593575477595,5,0,0,1975-09-08,1975-09-12,0,True,True
1975-09-19,0.41016595599109601,0.41386095277950369,0.40277562538433748,0.41016593575477595,5,0,0,1975-09-15,1975-09-19,0,True,True
1975-09-26,0.40647064104526287,0.41016593575477595,0.39353777440377791,0.3972327709197998,5,0,0,1975-09-22,1975-09-26,0,True,True
1975-10-03,0.39723260574890007,0.39723260574890007,0.37506162853618635,0.38984239101409912,5,0,0,1975-09-29,1975-10-03,0,True,True
1975-10-10,0.38984229663310077,0.39353770604490745,0.38245208010910259,0.38984239101409912,5,0,0,1975-10-06,1975-10-10,0,True,True
1975-10-17,0.38984245873108053,0.41386136412620544,0.38614746221505863,0.41016593575477595,5,0,0,1975-10-13,1975-10-17,0,True,True
1975-10-24,0.41016593575477595,0.41386136412620544,0.40277564525604248,0.40647032856941223,5,0,0,1975-10-20,1975-10-24,0,True,True
1975-10-31,0.40092801694990399,0.40092801694990399,0.37875658273696899,0.37875658273696899,5,0,0,1975-10-27,1975-10-31,0,True,True
1975-11-07,0.38245189189910889,0.39353770604490745,0.38245189189910889,0.38984239101409912,5,0,0,1975-11-03,1975-11-07,0,True,True
1975-11-14,0.38984229663310077,0.43233707547187811,0.38984229663310077,0.43233707547187811,5,0,0,1975-11-10,1975-11-14,0,True,True
1975-11-21,0.43603181555286552,0.44342243955119942,0.41016593575477595,0.41755625605583191,5,0,0,1975-11-17,1975-11-21,0,True,True
1975-11-28,0.41016593575477595,0.41386127093692915,0.40277564525604248,0.40277564525604248,4,0,0,1975-11-24,1975-11-28,0,True,True
1975-12-05,0.4027753886046947,0.40277557642462569,0.37506162853618635,0.37875658273696899,5,0,0,1975-12-01,1975-12-05,0,True,True
1975-12-12,0.37875657868681656,0.38245189189910889,0.37136631528437902,0.37875658273696899,5,0,0,1975-12-08,1975-12-12,0,True,True
1975-12-19,0.38245198751730147,0.41016595599109601,0.38245198751730147,0.40277564525604248,5,0,0,1975-12-15,1975-12-19,0,True,True
1975-12-26,0.40277533562073387,0.42494708299636841,0.40277533562073387,0.42494708299636841,4,0,0,1975-12-22,1975-12-26,0,True,True
1976-01-02,0.42494695240866054,0.43233726480779278,0.41386136412620544,0.43233707547187811,4,0,0,1975-12-29,1976-01-02,0,True,True
1976-01-09,0.43233703237145665,0.43972734079735487,0.42864176131228032,0.43603202700614929,5,0,0,1976-01-05,1976-01-09,0,True,True
1976-01-16,0.43603202700614929,0.43972712755203247,0.42864171858025107,0.43603202700614929,5,0,0,1976-01-12,1976-01-16,0,True,True
1976-01-23,0.4286417663097381,0.43972712755203247,0.42125145214962956,0.43233707547187811,5,0,0,1976-01-19,1976-01-23,0,True,True
1976-01-30,0.43233702334477975,0.47483178973197937,0.43233702334477975,0.47483178973197937,5,0,0,1976-01-26,1976-01-30,0,True,True
1976-02-06,0.4748315705669508,0.47483178973197937,0.46374607086181646,0.47483178973197937,5,0,0,1976-02-02,1976-02-06,0,True,True
1976-02-13,0.47483178973197937,0.4785269401856862,0.46744126081466669,0.47852689027786255,5,0,0,1976-02-09,1976-02-13,0,True,True
1976-02-20,0.48222234347919557,0.48591737916082289,0.46374647956526371,0.47483178973197937,4,0,0,1976-02-17,1976-02-20,0,True,True
1976-02-27,0.47483178973197937,0.48591737916082289,0.46744131470103051,0.47852689027786255,5,0,0,1976-02-23,1976-02-27,0,True,True
1976-03-05,0.47852710589202962,0.47852710589202962,0.4563555121421814,0.4563555121421814,5,0,0,1976-03-01,1976-03-05,0,True,True
1976-03-12,0.45266038044548623,0.45266038044548623,0.43972712755203247,0.44342264533042908,5,0,0,1976-03-08,1976-03-12,0,True,True
1976-03-19,0.44342264533042908,0.45635536479883848,0.43972731963639328,0.45266041159629827,5,0,0,1976-03-15,1976-03-19,0,True,True
1976-03-26,0.45266041159629827,0.47852689027786255,0.44527010624574259,0.47852689027786255,5,0,0,1976-03-22,1976-03-26,0,True,True
1976-04-02,0.47852702792125679,0.48591729998588562,0.47852689027786255,0.47852689027786255,5,0,0,1976-03-29,1976-04-02,0,True,True
1976-04-09,0.47852710589202962,0.47852710589202962,0.46744126594937885,0.47483178973197937,5,0,0,1976-04-05,1976-04-09,0,True,True
1976-04-16,0.47483157578284341,0.48222220477288175,0.47483157578284341,0.47852689027786255,4,0,0,1976-04-12,1976-04-15,0,True,True
1976-04-23,0.47852710589202962,0.47852710589202962,0.46744147656859636,0.47483178973197937,5,0,0,1976-04-19,1976-04-23,0,True,True
1976-04-30,0.47483178973197937,0.47483178973197937,0.46744126081466669,0.46744126081466669,5,0,0,1976-04-26,1976-04-30,0,True,True
1976-05-07,0.46374631496671931,0.47483178973197937,0.46005075795847755,0.46374607086181646,5,0,0,1976-05-03,1976-05-07,0,True,True
1976-05-14,0.46374647956526371,0.47483178973197937,0.4600511634052134,0.46744126081466669,5,0,0,1976-05-10,1976-05-14,0,True,True
1976-05-21,0.46744131470103051,0.47483162530526529,0.45266041159629827,0.45266041159629827,5,0,0,1976-05-17,1976-05-21,0,True,True
1976-05-28,0.45266101566541761,0.46374613903532635,0.4489650993428303,0.4563555121421814,5,0,0,1976-05-24,1976-05-28,0,True,True
1976-06-04,0.45635568526979192,0.46374631496671931,0.4563555121421814,0.46374607086181646,4,0,0,1976-06-01,1976-06-04,0,True,True
1976-06-11,0.46374607086181646,0.47113662958145142,0.46374607086181646,0.47113662958145142,5,0,0,1976-06-07,1976-06-11,0,True,True
1976-06-18,0.47113662958145142,0.47483178973197937,0.46374631897721663,0.47483178973197937,5,0,0,1976-06-14,1976-06-18,0,True,True
1976-06-25,0.47483162530526529,0.47483178973197937,0.46374607086181646,0.47483178973197937,5,0,0,1976-06-21,1976-06-25,0,True,True
1976-07-02,0.47483178973197937,0.47483178973197937,0.46744126081466669,0.46744126081466669,5,0,0,1976-06-28,1976-07-02,0,True,True
1976-07-09,0.46744106460871898,0.47852689027786255,0.46374607086181646,0.47483178973197937,4,0,0,1976-07-06,1976-07-09,0,True,True
1976-07-16,0.47483171236331795,0.48591729998588562,0.47483171236331795,0.48591729998588562,5,0,0,1976-07-12,1976-07-16,0,True,True
1976-07-23,0.47852710589202962,0.48222242205207994,0.4711365461169062,0.47483178973197937,5,0,0,1976-07-19,1976-07-23,0,True,True
1976-07-30,0.47483157578284341,0.48222220477288175,0.47483157578284341,0.48222216963768005,5,0,0,1976-07-26,1976-07-30,0,True,True
1976-08-06,0.48222216963768005,0.48591716021675541,0.47483154118613047,0.47483178973197937,5,0,0,1976-08-02,1976-08-06,0,True,True
1976-08-13,0.47483178973197937,0.48222216963768005,0.47483157578284341,0.48222216963768005,5,0,0,1976-08-09,1976-08-13,0,True,True
1976-08-20,0.48222220477288175,0.48591729998588562,0.47852685541190526,0.47852689027786255,5,0,0,1976-08-16,1976-08-20,0,True,True
1976-08-27,0.47852710589202962,0.47852710589202962,0.46744126081466669,0.47113662958145142,5,0,0,1976-08-23,1976-08-27,0,True,True
1976-09-03,0.47113662958145142,0.47483178973197937,0.46744131470103051,0.47483178973197937,5,0,0,1976-08-30,1976-09-03,0,True,True
1976-09-10,0.4748315705669508,0.47483178973197937,0.46744126081466669,0.47483178973197937,4,0,0,1976-09-07,1976-09-10,0,True,True
1976-09-17,0.47483157578284341,0.48591716021675541,0.47483157578284341,0.47852689027786255,5,0,0,1976-09-13,1976-09-17,0,True,True
1976-09-24,0.47852689027786255,0.49146029327008545,0.47483171236331795,0.47483178973197937,5,0,0,1976-09-20,1976-09-24,0,True,True
1976-10-01,0.47483178973197937,0.47852710589202962,0.4563554450551387,0.46744126081466669,5,0,0,1976-09-27,1976-10-01,0,True,True
1976-10-08,0.46744131470103051,0.47852710589202962,0.46374626551680981,0.47483178973197937,5,0,0,1976-10-04,1976-10-08,0,True,True
1976-10-15,0.47483178973197937,0.47483178973197937,0.46744126081466669,0.46744126081466669,5,0,0,1976-10-11,1976-10-15,0,True,True
1976-10-22,0.46374631496671931,0.46374631496671931,0.4489650993428303,0.44896569848060608,5,0,0,1976-10-18,1976-10-22,0,True,True
1976-10-29,0.44896569848060608,0.45635536479883848,0.4434226332497696,0.44527027010917664,5,0,0,1976-10-25,1976-10-29,0,True,True
1976-11-05,0.44527010624574259,0.46374607086181646,0.44342247006628238,0.46374607086181646,4,0,0,1976-11-01,1976-11-05,0,True,True
1976-11-12,0.4600506770523064,0.4600506770523064,0.4434230618074953,0.44896569848060608,5,0,0,1976-11-08,1976-11-12,0,True,True
1976-11-19,0.4489650993428303,0.46744106460871898,0.4489650993428303,0.46374607086181646,5,0,0,1976-11-15,1976-11-19,0,True,True
1976-11-26,0.46374607086181646,0.47113657526909386,0.4563555121421814,0.4563555121421814,4,0,0,1976-11-22,1976-11-26,0,True,True
1976-12-03,0.45635568526979192,0.47483178973197937,0.45635568526979192,0.47483178973197937,5,0,0,1976-11-29,1976-12-03,0,True,True
1976-12-10,0.47483178973197937,0.52471691321092295,0.47113679272864667,0.51363164186477661,5,0,0,1976-12-06,1976-12-10,0,True,True
1976-12-17,0.51363147800719733,0.52102178952896594,0.51363106060337016,0.5173264741897583,5,0,0,1976-12-13,1976-12-17,0,True,True
1976-12-24,0.5173264741897583,0.54504012482801178,0.51732610385798961,0.52471655607223511,4,0,0,1976-12-20,1976-12-23,0,True,True
1976-12-31,0.52471674581694605,0.53765004873275757,0.51363147800719733,0.53765004873275757,5,0,0,1976-12-27,1976-12-31,0,True,True
1977-01-07,0.54134534128565526,0.56351595639682539,0.53764992037845738,0.55243092775344849,5,0,0,1977-01-03,1977-01-07,0,True,True
1977-01-14,0.55243088356689729,0.55612587928771973,0.52841206572325683,0.53395473957061768,5,0,0,1977-01-10,1977-01-14,0,True,True
1977-01-21,0.53210699558258057,0.54134571552276611,0.52471637019479989,0.53395473957061768,5,0,0,1977-01-17,1977-01-21,0,True,True
1977-01-28,0.53395473340428612,0.54134571552276611,0.52471655607223511,0.52471655607223511,5,0,0,1977-01-24,1977-01-28,0,True,True
1977-02-04,0.52471631940464991,0.53210694407705184,0.51363147800719733,0.5173264741897583,5,0,0,1977-01-31,1977-02-04,0,True,True
1977-02-11,0.51363141489217246,0.51363164186477661,0.50254583358764648,0.50993627309799194,5,0,0,1977-02-07,1977-02-11,0,True,True
1977-02-18,0.51363129227106996,0.54134536406122902,0.51363129227106996,0.53210699558258057,5,0,0,1977-02-14,1977-02-18,0,True,True
1977-02-25,0.53210738109440325,0.53395473957061768,0.52471655607223511,0.52471655607223511,4,0,0,1977-02-22,1977-02-25,0,True,True
1977-03-04,0.52471631940464991,0.52471674581694605,0.51363147800719733,0.5173264741897583,5,0,0,1977-02-28,1977-03-04,0,True,True
1977-03-11,0.51732628711747008,0.52471655607223511,0.51732605378318375,0.52471655607223511,5,0,0,1977-03-07,1977-03-11,0,True,True
1977-03-18,0.52471655607223511,0.54134571552276611,0.52471655607223511,0.54134571552276611,5,0,0,1977-03-14,1977-03-18,0,True,True
1977-03-25,0.54134571552276611,0.54134571552276611,0.53395473340428612,0.53765004873275757,5,0,0,1977-03-21,1977-03-25,0,True,True
1977-04-01,0.53395473957061768,0.54504067419891411,0.53395473957061768,0.54504019021987915,5,0,0,1977-03-28,1977-04-01,0,True,True
1977-04-08,0.54134571552276611,0.54134571552276611,0.53395473957061768,0.53395473957061768,4,0,0,1977-04-04,1977-04-07,0,True,True
1977-04-15,0.53764992037845738,0.55243069378064258,0.53764992037845738,0.54873538017272949,5,0,0,1977-04-11,1977-04-15,0,True,True
1977-04-22,0.53765005494176421,0.54504019021987915,0.53210699558258057,0.53210699558258057,5,0,0,1977-04-18,1977-04-22,0,True,True
1977-04-29,0.53210718407809776,0.53210718407809776,0.52102160112040141,0.52471655607223511,5,0,0,1977-04-25,1977-04-29,0,True,True
1977-05-06,0.52471631940464991,0.53210699558258057,0.52102136611938477,0.53210699558258057,5,0,0,1977-05-02,1977-05-06,0,True,True
1977-05-13,0.53210729924640288,0.54134536406122902,0.52841198444366455,0.53395473957061768,5,0,0,1977-05-09,1977-05-13,0,True,True
1977-05-20,0.53395473957061768,0.53395473957061768,0.53210699558258057,0.53395473957061768,5,0,0,1977-05-16,1977-05-20,0,True,True
1977-05-27,0.53395473957061768,0.53395473957061768,0.52471655607223511,0.52471655607223511,5,0,0,1977-05-23,1977-05-27,0,True,True
1977-06-03,0.52841168288869023,0.53395435272038361,0.52471655607223511,0.53210699558258057,4,0,0,1977-05-31,1977-06-03,0,True,True
1977-06-10,0.53210699558258057,0.53395435272038361,0.52471637019479989,0.52471655607223511,5,0,0,1977-06-06,1977-06-10,0,True,True
1977-06-17,0.52471655607223511,0.52841187007516643,0.51363164186477661,0.51363164186477661,5,0,0,1977-06-13,1977-06-17,0,True,True
1977-06-24,0.51363164186477661,0.52471655607223511,0.50624078512191772,0.52471655607223511,5,0,0,1977-06-20,1977-06-24,0,True,True
1977-07-01,0.52471655607223511,0.52471674581694605,0.51363164186477661,0.51363164186477661,5,0,0,1977-06-27,1977-07-01,0,True,True
1977-07-08,0.51363147800719733,0.51732663922610711,0.50993616266798969,0.51363164186477661,4,0,0,1977-07-05,1977-07-08,0,True,True
1977-07-15,0.51363164186477661,0.51363164186477661,0.50993632534669764,0.51363164186477661,4,0,0,1977-07-11,1977-07-15,0,True,True
1977-07-22,0.50624082964110706,0.50624082964110706,0.48961251974105835,0.49885034561157232,5,0,0,1977-07-18,1977-07-22,0,True,True
1977-07-29,0.49885044048952759,0.50254575512265565,0.48961258611389574,0.49146026372909546,5,0,0,1977-07-25,1977-07-29,0,True,True
1977-08-05,0.49146017027443034,0.49885034561157232,0.48961249301057969,0.49885034561157232,5,0,0,1977-08-01,1977-08-05,0,True,True
1977-08-12,0.49515512585639948,0.49515522001368684,0.48591727077807717,0.48591729998588562,5,0,0,1977-08-08,1977-08-12,0,True,True
1977-08-19,0.48591737916082289,0.48591737916082289,0.47483157578284341,0.47483178973197937,5,0,0,1977-08-15,1977-08-19,0,True,True
1977-08-26,0.47483178973197937,0.48222220477288175,0.47483154118613047,0.47852689027786255,5,0,0,1977-08-22,1977-08-26,0,True,True
1977-09-02,0.47852702792125679,0.49146026372909546,0.47852702792125679,0.49146026372909546,5,0,0,1977-08-29,1977-09-02,0,True,True
1977-09-09,0.4896126155438244,0.49515522001368684,0.48591729998588562,0.49515512585639948,4,0,0,1977-09-06,1977-09-09,0,True,True
1977-09-16,0.4951550316812679,0.50254565954187669,0.49146007680205411,0.49885034561157232,5,0,0,1977-09-12,1977-09-16,0,True,True
1977-09-23,0.49885034561157232,0.50254565954187669,0.48591717837745163,0.49515512585639948,5,0,0,1977-09-19,1977-09-23,0,True,True
1977-09-30,0.4951550316812679,0.49885034561157232,0.48222234347919557,0.48591729998588562,5,0,0,1977-09-26,1977-09-30,0,True,True
1977-10-07,0.48591729998588562,0.49146029327008545,0.48591729998588562,0.48591729998588562,5,0,0,1977-10-03,1977-10-07,0,True,True
1977-10-14,0.48591727077807717,0.49515522001368684,0.48591727077807717,0.48591729998588562,5,0,0,1977-10-10,1977-10-14,0,True,True
1977-10-21,0.47852689027786255,0.47852710589202962,0.47113662958145142,0.47113662958145142,5,0,0,1977-10-17,1977-10-21,0,True,True
1977-10-28,0.47113657526909386,0.47113657526909386,0.45266041159629827,0.45266041159629827,5,0,0,1977-10-24,1977-10-28,0,True,True
1977-11-04,0.45266101566541761,0.45635597379882226,0.44342264533042908,0.44342264533042908,5,0,0,1977-10-31,1977-11-04,0,True,True
1977-11-11,0.4452707004526007,0.46744126081466669,0.4452707004526007,0.46744126081466669,5,0,0,1977-11-07,1977-11-11,0,True,True
1977-11-18,0.46374631496671931,0.47483178973197937,0.46005075795847755,0.47483178973197937,5,0,0,1977-11-14,1977-11-18,0,True,True
1977-11-25,0.47483162530526529,0.47852710589202962,0.46744131470103051,0.47483178973197937,4,0,0,1977-11-21,1977-11-25,0,True,True
1977-12-02,0.4748315705669508,0.4748315705669508,0.45266072947250807,0.46005100011825562,5,0,0,1977-11-28,1977-12-02,0,True,True
1977-12-09,0.46005100011825562,0.46374631496671931,0.45266055774665254,0.4563555121421814,5,0,0,1977-12-05,1977-12-09,0,True,True
1977-12-16,0.4563554450551387,0.46374607086181646,0.4452707004526007,0.44896569848060608,5,0,0,1977-12-12,1977-12-16,0,True,True
1977-12-23,0.44896526456605534,0.44896527679771892,0.43603181555286552,0.44527027010917664,5,0,0,1977-12-19,1977-12-23,0,True,True
1977-12-30,0.4452707004526007,0.45266101566541761,0.4434230618074953,0.45266041159629827,4,0,0,1977-12-27,1977-12-30,0,True,True
1978-01-06,0.45266057817943167,0.45266057817943167,0.4434226332497696,0.45266041159629827,4,0,0,1978-01-03,1978-01-06,0,True,True
1978-01-13,0.45266101566541761,0.46744126081466669,0.4434230618074953,0.46744126081466669,5,0,0,1978-01-09,1978-01-13,0,True,True
1978-01-20,0.45266041159629827,0.46005100011825562,0.44527010624574259,0.46005100011825562,5,0,0,1978-01-16,1978-01-20,0,True,True
1978-01-27,0.46374607086181646,0.46374631496671931,0.44896569848060608,0.44896569848060608,5,0,0,1978-01-23,1978-01-27,0,True,True
1978-02-03,0.44896527679771892,0.4600506770523064,0.44342264533042908,0.45266041159629827,5,0,0,1978-01-30,1978-02-03,0,True,True
1978-02-10,0.44896526456605534,0.46005082558875388,0.4434226332497696,0.4563555121421814,5,0,0,1978-02-06,1978-02-10,0,True,True
1978-02-17,0.45266101566541761,0.45266101566541761,0.44527010624574259,0.45266041159629827,5,0,0,1978-02-13,1978-02-17,0,True,True
1978-02-24,0.45266057817943167,0.45266057817943167,0.44342264533042908,0.44896569848060608,4,0,0,1978-02-21,1978-02-24,0,True,True
1978-03-03,0.4489650993428303,0.45266101566541761,0.44342264533042908,0.45266041159629827,5,0,0,1978-02-27,1978-03-03,0,True,True
1978-03-10,0.45266041159629827,0.46005100011825562,0.4489650993428303,0.46005100011825562,5,0,0,1978-03-06,1978-03-10,0,True,True
1978-03-17,0.46374626551680981,0.47483162530526529,0.46374607086181646,0.47113662958145142,5,0,0,1978-03-13,1978-03-17,0,True,True
1978-03-24,0.47113679272864667,0.47483178973197937,0.46744126081466669,0.46744126081466669,3,0,0,1978-03-20,1978-03-23,1,True,True
1978-03-31,0.46744131470103051,0.47483162530526529,0.46374607086181646,0.46744126081466669,5,0,0,1978-03-27,1978-03-31,0,True,True
1978-04-07,0.46744131065857869,0.46744131065857869,0.45266041159629827,0.45266041159629827,5,0,0,1978-04-03,1978-04-07,0,True,True
1978-04-14,0.45266055774665254,0.49885044048952759,0.45266041159629827,0.49515512585639948,5,0,0,1978-04-10,1978-04-14,0,True,True
1978-04-21,0.48591716021675541,0.49515522001368684,0.47852685541190526,0.49146026372909546,5,0,0,1978-04-17,1978-04-21,0,True,True
1978-04-28,0.49146007680205411,0.50254565954187669,0.48591729998588562,0.48591729998588562,5,0,0,1978-04-24,1978-04-28,0,True,True
1978-05-05,0.48591712481233551,0.50624082964110706,0.48222216963768005,0.49885034561157232,5,0,0,1978-05-01,1978-05-05,0,True,True
1978-05-12,0.49515512585639948,0.49885056533471428,0.48591729998588562,0.48591729998588562,5,0,0,1978-05-08,1978-05-12,0,True,True
1978-05-19,0.48591729998588562,0.4896126155438244,0.48591720490618395,0.48591729998588562,5,0,0,1978-05-15,1978-05-19,0,True,True
1978-05-26,0.48591720490618395,0.48961251974105835,0.47483157578284341,0.47852689027786255,5,0,0,1978-05-22,1978-05-26,0,True,True
1978-06-02,0.47852689027786255,0.48591729998588562,0.47483157578284341,0.47483178973197937,4,0,0,1978-05-30,1978-06-02,0,True,True
1978-06-09,0.47483157578284341,0.49885044048952759,0.47483157578284341,0.49515512585639948,5,0,0,1978-06-05,1978-06-09,0,True,True
1978-06-16,0.4951551596231431,0.50624082964110706,0.49515512585639948,0.49515512585639948,5,0,0,1978-06-12,1978-06-16,0,True,True
1978-06-23,0.49515520316745432,0.50254583358764648,0.47852702792125679,0.48591729998588562,5,0,0,1978-06-19,1978-06-23,0,True,True
1978-06-30,0.48591716021675541,0.4896126155438244,0.47852689027786255,0.48591729998588562,5,0,0,1978-06-26,1978-06-30,0,True,True
1978-07-07,0.48591729998588562,0.49515524977677544,0.48222234347919557,0.48591729998588562,4,0,0,1978-07-03,1978-07-07,0,True,True
1978-07-14,0.48591725424613935,0.52471672748373699,0.48222229808725825,0.50993627309799194,5,0,0,1978-07-10,1978-07-14,0,True,True
1978-07-21,0.50993627309799194,0.50993627309799194,0.49885034561157232,0.50254583358764648,5,0,0,1978-07-17,1978-07-21,0,True,True
1978-07-28,0.50254583358764648,0.50254583358764648,0.49515512585639948,0.49515512585639948,5,0,0,1978-07-24,1978-07-28,0,True,True
1978-08-04,0.49146029327008545,0.49146029327008545,0.48591727077807717,0.49146026372909546,5,0,0,1978-07-31,1978-08-04,0,True,True
1978-08-11,0.49146026372909546,0.51363164186477661,0.48591727077807717,0.51363164186477661,5,0,0,1978-08-07,1978-08-11,0,True,True
1978-08-18,0.51363164186477661,0.5173264741897583,0.50624095695853966,0.5173264741897583,5,0,0,1978-08-14,1978-08-18,0,True,True
1978-08-25,0.52102160112040141,0.53395435272038361,0.50993597826813863,0.52471655607223511,5,0,0,1978-08-21,1978-08-25,0,True,True
1978-09-01,0.52471631940464991,0.52471674581694605,0.51363106060337016,0.52471655607223511,5,0,0,1978-08-28,1978-09-01,0,True,True
1978-09-08,0.52102195574418608,0.52471655607223511,0.50993632534669764,0.52471655607223511,4,0,0,1978-09-05,1978-09-08,0,True,True
1978-09-15,0.52471655607223511,0.53210737649536133,0.5173264741897583,0.5173264741897583,5,0,0,1978-09-11,1978-09-15,0,True,True
1978-09-22,0.5173264741897583,0.53210729924640288,0.5173264741897583,0.52471655607223511,5,0,0,1978-09-18,1978-09-22,0,True,True
1978-09-29,0.52471655607223511,0.53210699558258057,0.51732628711747008,0.53210699558258057,5,0,0,1978-09-25,1978-09-29,0,True,True
1978-10-06,0.53210718407809776,0.53210718407809776,0.51732628711747008,0.52471655607223511,5,0,0,1978-10-02,1978-10-06,0,True,True
1978-10-13,0.52471637019479989,0.56351614999139577,0.52471637019479989,0.55612587928771973,5,0,0,1978-10-09,1978-10-13,0,True,True
1978-10-20,0.54134497810816429,0.54134497810816429,0.5173264741897583,0.5173264741897583,5,0,0,1978-10-16,1978-10-20,0,True,True
1978-10-27,0.51732658622018068,0.51732663922610711,0.47852689027786255,0.47852689027786255,5,0,0,1978-10-23,1978-10-27,0,True,True
1978-11-03,0.47852710589202962,0.48591737916082289,0.46744126081466669,0.46744126081466669,5,0,0,1978-10-30,1978-11-03,0,True,True
1978-11-10,0.47483171236331795,0.48591729998588562,0.47483157578284341,0.47852689027786255,5,0,0,1978-11-06,1978-11-10,0,True,True
1978-11-17,0.47852710589202962,0.48591737916082289,0.4563555121421814,0.46374607086181646,5,0,0,1978-11-13,1978-11-17,0,True,True
1978-11-24,0.46374607086181646,0.47113662958145142,0.46374607086181646,0.47113662958145142,3,0,0,1978-11-20,1978-11-24,1,True,True
1978-12-01,0.47113657526909386,0.4748315705669508,0.45266072947250807,0.46005100011825562,5,0,0,1978-11-27,1978-12-01,0,True,True
1978-12-08,0.46005082558875388,0.47483178973197937,0.45266055774665254,0.47483178973197937,5,0,0,1978-12-04,1978-12-08,0,True,True
1978-12-15,0.47483178973197937,0.49885044048952759,0.47483178973197937,0.48591729998588562,5,0,0,1978-12-11,1978-12-15,0,True,True
1978-12-22,0.48591716021675541,0.48591716021675541,0.46744147656859636,0.47483178973197937,5,0,0,1978-12-18,1978-12-22,0,True,True
1978-12-29,0.47483178973197937,0.49515522001368684,0.47483171236331795,0.48961251974105835,4,0,0,1978-12-26,1978-12-29,0,True,True
1979-01-05,0.48961258611389574,0.49885034561157232,0.48961258611389574,0.49885034561157232,4,0,0,1979-01-02,1979-01-05,0,True,True
1979-01-12,0.49885034561157232,0.50624082964110706,0.49885034561157232,0.50254583358764648,5,0,0,1979-01-08,1979-01-12,0,True,True
1979-01-19,0.49885044048952759,0.50254565954187669,0.49146017027443034,0.49885034561157232,5,0,0,1979-01-15,1979-01-19,0,True,True
1979-01-26,0.49885044048952759,0.50254583358764648,0.4951550316812679,0.50254583358764648,5,0,0,1979-01-22,1979-01-26,0,True,True
1979-02-02,0.50624095695853966,0.50993627309799194,0.4951550316812679,0.49515512585639948,5,0,0,1979-01-29,1979-02-02,0,True,True
1979-02-09,0.49885034561157232,0.50624078512191772,0.48591729998588562,0.50624078512191772,5,0,0,1979-02-05,1979-02-09,0,True,True
1979-02-16,0.50624082964110706,0.50624082964110706,0.49885034561157232,0.49885034561157232,5,0,0,1979-02-12,1979-02-16,0,True,True
1979-02-23,0.49885047450827047,0.50624078512191772,0.49885034561157232,0.50254583358764648,4,0,0,1979-02-20,1979-02-23,0,True,True
1979-03-02,0.50254565954187669,0.50254575512265565,0.49515512585639948,0.49515512585639948,5,0,0,1979-02-26,1979-03-02,0,True,True
1979-03-09,0.49515522001368684,0.50254583358764648,0.49146017027443034,0.50254583358764648,5,0,0,1979-03-05,1979-03-09,0,True,True
1979-03-16,0.49885044048952759,0.49885053534950541,0.49146026372909546,0.49146026372909546,5,0,0,1979-03-12,1979-03-16,0,True,True
1979-03-23,0.49515512585639948,0.49885056533471428,0.48222216963768005,0.48222216963768005,5,0,0,1979-03-19,1979-03-23,0,True,True
1979-03-30,0.48222234347919557,0.49146029327008545,0.47852685541190526,0.48222216963768005,5,0,0,1979-03-26,1979-03-30,0,True,True
1979-04-06,0.48222220477288175,0.48591737916082289,0.47483157578284341,0.47852689027786255,5,0,0,1979-04-02,1979-04-06,0,True,True
1979-04-13,0.47852689027786255,0.48591729998588562,0.47852689027786255,0.47852689027786255,4,0,0,1979-04-09,1979-04-12,0,True,True
1979-04-20,0.47483178973197937,0.48222225506610716,0.47113662958145142,0.47113662958145142,5,0,0,1979-04-16,1979-04-20,0,True,True
1979-04-27,0.47113679272864667,0.47852710589202962,0.47113679272864667,0.47483178973197937,5,0,0,1979-04-23,1979-04-27,0,True,True
1979-05-04,0.47483157578284341,0.47852710589202962,0.47113679272864667,0.47483178973197937,5,0,0,1979-04-30,1979-05-04,0,True,True
1979-05-11,0.4748315705669508,0.47483178973197937,0.46744126081466669,0.47483178973197937,5,0,0,1979-05-07,1979-05-11,0,True,True
1979-05-18,0.47113657526909386,0.47483178973197937,0.46744126081466669,0.46744126081466669,5,0,0,1979-05-14,1979-05-18,0,True,True
1979-05-25,0.46744131470103051,0.47483178973197937,0.46744131470103051,0.47113662958145142,5,0,0,1979-05-21,1979-05-25,0,True,True
1979-06-01,0.47113657526909386,0.47113662958145142,0.46744126081466669,0.46744126081466669,4,0,0,1979-05-29,1979-06-01,0,True,True
1979-06-08,0.46744147656859636,0.47483178973197937,0.46744126081466669,0.47483178973197937,5,0,0,1979-06-04,1979-06-08,0,True,True
1979-06-15,0.47483178973197937,0.48591729998588562,0.47113679272864667,0.47852689027786255,5,0,0,1979-06-11,1979-06-15,0,True,True
1979-06-22,0.47852689027786255,0.48591729998588562,0.47852689027786255,0.47852689027786255,5,0,0,1979-06-18,1979-06-22,0,True,True
1979-06-29,0.47852685541190526,0.48591729998588562,0.47852685541190526,0.48591729998588562,5,0,0,1979-06-25,1979-06-29,0,True,True
1979-07-06,0.48591729998588562,0.49146026372909546,0.48591727077807717,0.49146026372909546,4,0,0,1979-07-02,1979-07-06,0,True,True
1979-07-13,0.49515532769689868,0.50993627309799194,0.4951550316812679,0.49515512585639948,5,0,0,1979-07-09,1979-07-13,0,True,True
1979-07-20,0.48591729998588562,0.49146026372909546,0.48222234347919557,0.48591729998588562,5,0,0,1979-07-16,1979-07-20,0,True,True
1979-07-27,0.48591729998588562,0.48591729998588562,0.47483157578284341,0.48591729998588562,5,0,0,1979-07-23,1979-07-27,0,True,True
1979-08-03,0.48591727077807717,0.52102190235963297,0.48591727077807717,0.5173264741897583,5,0,0,1979-07-30,1979-08-03,0,True,True
1979-08-10,0.51363164186477661,0.52471674581694605,0.50624095695853966,0.50993627309799194,5,0,0,1979-08-06,1979-08-10,0,True,True
1979-08-17,0.50993627309799194,0.51363158923744423,0.50624078512191772,0.50993627309799194,5,0,0,1979-08-13,1979-08-17,0,True,True
1979-08-24,0.50993614485120309,0.51363141489217246,0.49146017027443034,0.50624078512191772,5,0,0,1979-08-20,1979-08-24,0,True,True
1979-08-31,0.50624095695853966,0.63741992373193923,0.50624095695853966,0.59123045206069946,5,0,0,1979-08-27,1979-08-31,0,True,True
1979-09-07,0.59123046977678029,0.60601105399030231,0.57460181933932086,0.60231566429138184,4,0,0,1979-09-04,1979-09-07,0,True,True
1979-09-14,0.60231572033669267,0.60231572033669267,0.57090675830841064,0.58014434576034546,5,0,0,1979-09-10,1979-09-14,0,True,True
1979-09-21,0.58753508637684615,0.60231566888486432,0.57829719947818903,0.58383983373641968,5,0,0,1979-09-17,1979-09-21,0,True,True
1979-09-28,0.58383996020587114,0.58383996020587114,0.53395473340428612,0.53765004873275757,5,0,0,1979-09-24,1979-09-28,0,True,True
1979-10-05,0.53765004873275757,0.58753515417141911,0.53395473340428612,0.57460188865661621,5,0,0,1979-10-01,1979-10-05,0,True,True
1979-10-12,0.56351619506460937,0.56351619506460937,0.48591708595931471,0.50624078512191772,5,0,0,1979-10-08,1979-10-12,0,True,True
1979-10-19,0.49885056533471428,0.49885056533471428,0.47483178973197937,0.47483178973197937,5,0,0,1979-10-15,1979-10-19,0,True,True
1979-10-26,0.47483162530526529,0.48591729998588562,0.46744131470103051,0.48591729998588562,5,0,0,1979-10-22,1979-10-26,0,True,True
1979-11-02,0.48591729998588562,0.50624082964110706,0.48591720490618395,0.50254583358764648,5,0,0,1979-10-29,1979-11-02,0,True,True
1979-11-09,0.50254583358764648,0.57460152488750649,0.49885034561157232,0.55982095003128052,5,0,0,1979-11-05,1979-11-09,0,True,True
1979-11-16,0.55612581440215336,0.55612581440215336,0.53395460593217614,0.53395473957061768,5,0,0,1979-11-12,1979-11-16,0,True,True
1979-11-23,0.53395465743845927,0.53395465743845927,0.51363106060337016,0.52102136611938477,4,0,0,1979-11-19,1979-11-23,0,True,True
1979-11-30,0.52471661902575695,0.55243081911244163,0.52471661902575695,0.54134571552276611,5,0,0,1979-11-26,1979-11-30,0,True,True
1979-12-07,0.54134537031291075,0.55612568823205855,0.53395473957061768,0.54873538017272949,5,0,0,1979-12-03,1979-12-07,0,True,True
1979-12-14,0.54873538017272949,0.56721169477796995,0.54134523482473862,0.56351637840270996,5,0,0,1979-12-10,1979-12-14,0,True,True
1979-12-21,0.56351637840270996,0.56721169477796995,0.53765039779515855,0.54134571552276611,5,0,0,1979-12-17,1979-12-21,0,True,True
1979-12-28,0.53765005494176421,0.53765005494176421,0.51732605378318375,0.52102136611938477,4,0,0,1979-12-24,1979-12-28,0,True,True
1980-01-04,0.52102160112040141,0.52471655607223511,0.50624095695853966,0.51363164186477661,4,0,0,1979-12-31,1980-01-04,0,True,True
1980-01-11,0.51363141489217246,0.52102178952896594,0.5025459599758032,0.5173264741897583,5,0,0,1980-01-07,1980-01-11,0,True,True
1980-01-18,0.51732605378318375,0.52471631940464991,0.50254578939339778,0.52102136611938477,5,0,0,1980-01-14,1980-01-18,0,True,True
1980-01-25,0.52102160112040141,0.53764966541427395,0.51732628711747008,0.52102136611938477,5,0,0,1980-01-21,1980-01-25,0,True,True
1980-02-01,0.52102160112040141,0.54134571552276611,0.52102160112040141,0.53765004873275757,5,0,0,1980-01-28,1980-02-01,0,True,True
1980-02-08,0.53765005494176421,0.54134537031291075,0.52471666964092623,0.53210699558258057,5,0,0,1980-02-04,1980-02-08,0,True,True
1980-02-15,0.53210729924640288,0.53210729924640288,0.51363164186477661,0.51363164186477661,5,0,0,1980-02-11,1980-02-15,0,True,True
1980-02-22,0.51363137986545415,0.51363137986545415,0.48591729998588562,0.48591729998588562,4,0,0,1980-02-19,1980-02-22,0,True,True
1980-02-29,0.48591729998588562,0.49515515288947914,0.47483171236331795,0.49146026372909546,5,0,0,1980-02-25,1980-02-29,0,True,True
1980-03-07,0.49146026372909546,0.49885053534950541,0.45266072947250807,0.46005100011825562,5,0,0,1980-03-03,1980-03-07,0,True,True
1980-03-14,0.46005082558875388,0.46744113332541559,0.45266041159629827,0.45266041159629827,5,0,0,1980-03-10,1980-03-14,0,True,True
1980-03-21,0.45266101566541761,0.45635553274174812,0.43233707547187811,0.43233707547187811,5,0,0,1980-03-17,1980-03-21,0,True,True
1980-03-28,0.4286420807530778,0.4286420807530778,0.39353744623049558,0.40277564525604248,5,0,0,1980-03-24,1980-03-28,0,True,True
1980-04-04,0.41386152820212041,0.43603202700614929,0.41386152820212041,0.43603202700614929,4,0,0,1980-03-31,1980-04-03,0,True,True
1980-04-11,0.43603207047493103,0.46374631496671931,0.43233701156613824,0.46005100011825562,5,0,0,1980-04-07,1980-04-11,0,True,True
1980-04-18,0.44527029153688119,0.44527029153688119,0.41755648639362941,0.4286417663097381,5,0,0,1980-04-14,1980-04-18,0,True,True
1980-04-25,0.4286417663097381,0.44527028224017334,0.42494671507318227,0.43603202700614929,5,0,0,1980-04-21,1980-04-25,0,True,True
1980-05-02,0.43603202700614929,0.44342264533042908,0.43233703237145665,0.43972712755203247,5,0,0,1980-04-28,1980-05-02,0,True,True
1980-05-09,0.44342247006628238,0.49515524977677544,0.44342247006628238,0.46744126081466669,5,0,0,1980-05-05,1980-05-09,0,True,True
1980-05-16,0.46374607086181646,0.48961251974105835,0.44896517829945182,0.47852689027786255,5,0,0,1980-05-12,1980-05-16,0,True,True
1980-05-23,0.47852702792125679,0.50624075059919804,0.47483171236331795,0.49515512585639948,5,0,0,1980-05-19,1980-05-23,0,True,True
1980-05-30,0.49146019710578326,0.49515512585639948,0.46744147656859636,0.47483178973197937,4,0,0,1980-05-27,1980-05-30,0,True,True
1980-06-06,0.47483162530526529,0.49515522001368684,0.45635568921637476,0.49146026372909546,5,0,0,1980-06-02,1980-06-06,0,True,True
1980-06-13,0.49146029327008545,0.50993627309799194,0.48222234347919557,0.50993627309799194,5,0,0,1980-06-09,1980-06-13,0,True,True
1980-06-20,0.50993632534669764,0.51732663922610711,0.5025459599758032,0.50993627309799194,5,0,0,1980-06-16,1980-06-20,0,True,True
1980-06-27,0.50993627309799194,0.51732658622018068,0.50624100882861867,0.50993627309799194,5,0,0,1980-06-23,1980-06-27,0,True,True
1980-07-04,0.50993627309799194,0.5173264741897583,0.5025459599758032,0.5173264741897583,4,0,0,1980-06-30,1980-07-03,0,True,True
1980-07-11,0.51363158923744423,0.5173264741897583,0.4988505183775504,0.5173264741897583,5,0,0,1980-07-07,1980-07-11,0,True,True
1980-07-18,0.51732605378318375,0.53395473957061768,0.50254544275115465,0.53210699558258057,5,0,0,1980-07-14,1980-07-18,0,True,True
1980-07-25,0.53210699558258057,0.53765005494176421,0.52841168288869023,0.53395473957061768,5,0,0,1980-07-21,1980-07-25,0,True,True
1980-08-01,0.53210699558258057,0.53395473957061768,0.53210699558258057,0.53395473957061768,5,0,0,1980-07-28,1980-08-01,0,True,True
1980-08-08,0.53395473957061768,0.54134537031291075,0.53395473340428612,0.53395473957061768,5,0,0,1980-08-04,1980-08-08,0,True,True
1980-08-15,0.53395473957061768,0.53395473957061768,0.52471655607223511,0.52471655607223511,5,0,0,1980-08-11,1980-08-15,0,True,True
1980-08-22,0.52471655607223511,0.52471655607223511,0.50993632534669764,0.51363164186477661,5,0,0,1980-08-18,1980-08-22,0,True,True
1980-08-29,0.51363141489217246,0.51732641062069229,0.50624078512191772,0.50624078512191772,5,0,0,1980-08-25,1980-08-29,0,True,True
1980-09-05,0.50624078512191772,0.51732658622018068,0.50624078512191772,0.51363164186477661,4,0,0,1980-09-02,1980-09-05,0,True,True
1980-09-12,0.51363158923744423,0.51363158923744423,0.49885034561157232,0.50624078512191772,5,0,0,1980-09-08,1980-09-12,0,True,True
1980-09-19,0.50624078512191772,0.52471655607223511,0.50254578939339778,0.52471655607223511,5,0,0,1980-09-15,1980-09-19,0,True,True
1980-09-26,0.52471655607223511,0.52471674581694605,0.51363129227106996,0.51363164186477661,5,0,0,1980-09-22,1980-09-26,0,True,True
1980-10-03,0.51363158923744423,0.51732663922610711,0.50993616266798969,0.5173264741897583,5,0,0,1980-09-29,1980-10-03,0,True,True
1980-10-10,0.51732605378318375,0.52471631940464991,0.50624078512191772,0.51363164186477661,5,0,0,1980-10-06,1980-10-10,0,True,True
1980-10-17,0.51363164186477661,0.54873564200397307,0.50993632534669764,0.53395473957061768,5,0,0,1980-10-13,1980-10-17,0,True,True
1980-10-24,0.53210718407809776,0.53210718407809776,0.49515512585639948,0.49515512585639948,5,0,0,1980-10-20,1980-10-24,0,True,True
1980-10-31,0.4951550316812679,0.50254565954187669,0.48961239988961913,0.49885034561157232,5,0,0,1980-10-27,1980-10-31,0,True,True
1980-11-07,0.49885053534950541,0.50254565954187669,0.48591729998588562,0.48591729998588562,4,0,0,1980-11-03,1980-11-07,0,True,True
1980-11-14,0.48961249301057969,0.50624082964110706,0.48961249301057969,0.49515512585639948,5,0,0,1980-11-10,1980-11-14,0,True,True
1980-11-21,0.4951550316812679,0.50624082964110706,0.49146017027443034,0.49515512585639948,5,0,0,1980-11-17,1980-11-21,0,True,True
1980-11-28,0.49515522001368684,0.50254575512265565,0.48961239988961913,0.49885034561157232,4,0,0,1980-11-24,1980-11-28,0,True,True
1980-12-05,0.49515522001368684,0.49515522001368684,0.48591729998588562,0.48591729998588562,5,0,0,1980-12-01,1980-12-05,0,True,True
1980-12-12,0.48591716021675541,0.48591737916082289,0.46374607086181646,0.46744126081466669,5,0,0,1980-12-08,1980-12-12,0,True,True
1980-12-19,0.46744126081466669,0.5173264741897583,0.46374626551680981,0.5173264741897583,5,0,0,1980-12-15,1980-12-19,0,True,True
1980-12-26,0.52471675035211029,0.53395473957061768,0.5173264741897583,0.5173264741897583,4,0,0,1980-12-22,1980-12-26,0,True,True
1981-01-02,0.51732658622018068,0.52102190235963297,0.50993616266798969,0.51363164186477661,4,0,0,1980-12-29,1981-01-02,0,True,True
1981-01-09,0.51363111032051756,0.53395473957061768,0.51363111032051756,0.53210699558258057,5,0,0,1981-01-05,1981-01-09,0,True,True
1981-01-16,0.53210738109440325,0.54873564200397307,0.52841206572325683,0.54504019021987915,5,0,0,1981-01-12,1981-01-16,0,True,True
1981-01-23,0.53395435272038361,0.53395435272038361,0.50624095695853966,0.51363164186477661,5,0,0,1981-01-19,1981-01-23,0,True,True
1981-01-30,0.51363147800719733,0.51732663922610711,0.50624078512191772,0.50624078512191772,5,0,0,1981-01-26,1981-01-30,0,True,True
1981-02-06,0.50624078512191772,0.5173264741897583,0.50624078512191772,0.5173264741897583,5,0,0,1981-02-02,1981-02-06,0,True,True
1981-02-13,0.51732663922610711,0.51732663922610711,0.50624078512191772,0.51363164186477661,5,0,0,1981-02-09,1981-02-13,0,True,True
1981-02-20,0.51363106060337016,0.52471631940464991,0.51363106060337016,0.5173264741897583,4,0,0,1981-02-17,1981-02-20,0,True,True
1981-02-27,0.51732663922610711,0.51732663922610711,0.51363147800719733,0.51363164186477661,5,0,0,1981-02-23,1981-02-27,0,True,True
1981-03-06,0.51363147800719733,0.5173264741897583,0.50624078512191772,0.51363164186477661,5,0,0,1981-03-02,1981-03-06,0,True,True
1981-03-13,0.51363164186477661,0.52471674581694605,0.50993632534669764,0.52102136611938477,5,0,0,1981-03-09,1981-03-13,0,True,True
1981-03-20,0.52102154542471601,0.57460188865661621,0.51732623181680293,0.57460188865661621,5,0,0,1981-03-16,1981-03-20,0,True,True
1981-03-27,0.57090701115322984,0.57090701115322984,0.54873538017272949,0.54873538017272949,5,0,0,1981-03-23,1981-03-27,0,True,True
1981-04-03,0.54873538017272949,0.55243092775344849,0.54504006656481641,0.54873538017272949,5,0,0,1981-03-30,1981-04-03,0,True,True
1981-04-10,0.54873538017272949,0.57460188865661621,0.54504006656481641,0.57460188865661621,5,0,0,1981-04-06,1981-04-10,0,True,True
1981-04-17,0.57460188865661621,0.58014488201194991,0.54873556868946793,0.55612587928771973,4,0,0,1981-04-13,1981-04-16,0,True,True
1981-04-24,0.54504019021987915,0.55612592376981773,0.52841193347203819,0.55243092775344849,5,0,0,1981-04-20,1981-04-24,0,True,True
1981-05-01,0.55243092775344849,0.56721169477796995,0.55243088356689729,0.55612587928771973,5,0,0,1981-04-27,1981-05-01,0,True,True
1981-05-08,0.55612592376981773,0.55612592376981773,0.55243088356689729,0.55243092775344849,5,0,0,1981-05-04,1981-05-08,0,True,True
1981-05-15,0.55243081911244163,0.55243081911244163,0.53395460593217614,0.54504019021987915,5,0,0,1981-05-11,1981-05-15,0,True,True
1981-05-22,0.54504029740744542,0.56721162796020508,0.54134534128565526,0.56721162796020508,5,0,0,1981-05-18,1981-05-22,0,True,True
1981-05-29,0.56721169477796995,0.56721169477796995,0.56351637840270996,0.56351637840270996,4,0,0,1981-05-26,1981-05-29,0,True,True
1981-06-05,0.56351612883107405,0.58014488201194991,0.56351612883107405,0.57460188865661621,5,0,0,1981-06-01,1981-06-05,0,True,True
1981-06-12,0.57460181933932086,0.61340123414993286,0.57460181933932086,0.61340123414993286,5,0,0,1981-06-08,1981-06-12,0,True,True
1981-06-19,0.61340104319933109,0.61709635685977615,0.59862070819180713,0.60231566429138184,5,0,0,1981-06-15,1981-06-19,0,True,True
1981-06-26,0.60231566888486432,0.60601098406383014,0.58383976813433924,0.58753508329391479,5,0,0,1981-06-22,1981-06-26,0,True,True
1981-07-03,0.58753515417141911,0.59123046977678029,0.56351626099720209,0.56721162796020508,4,0,0,1981-06-29,1981-07-02,0,True,True
1981-07-10,0.56721162796020508,0.60970612215254905,0.56351631202025498,0.58014434576034546,5,0,0,1981-07-06,1981-07-10,0,True,True
1981-07-17,0.58014487721287722,0.58753514931121253,0.57460188390339617,0.58383983373641968,5,0,0,1981-07-13,1981-07-17,0,True,True
1981-07-24,0.56721169477796995,0.56721169477796995,0.5561260391916405,0.56351637840270996,5,0,0,1981-07-20,1981-07-24,0,True,True
1981-07-31,0.56351637840270996,0.56351637840270996,0.5598214210787783,0.56351637840270996,5,0,0,1981-07-27,1981-07-31,0,True,True
1981-08-07,0.56351637840270996,0.56721169477796995,0.55612587928771973,0.55612587928771973,5,0,0,1981-08-03,1981-08-07,0,True,True
1981-08-14,0.55243092775344849,0.55982119416514908,0.54504029740744542,0.55612587928771973,5,0,0,1981-08-10,1981-08-14,0,True,True
1981-08-21,0.55612587928771973,0.55982119416514908,0.5487356125804469,0.55243092775344849,5,0,0,1981-08-17,1981-08-21,0,True,True
1981-08-28,0.55243088356689729,0.55612587928771973,0.53764992037845738,0.54504019021987915,5,0,0,1981-08-24,1981-08-28,0,True,True
1981-09-04,0.54504019021987915,0.54873599192652167,0.53395473340428612,0.53765004873275757,5,0,0,1981-08-31,1981-09-04,0,True,True
1981-09-11,0.53395454187031544,0.53395454187031544,0.51363147800719733,0.52471655607223511,4,0,0,1981-09-08,1981-09-11,0,True,True
1981-09-18,0.52471674581694605,0.52841206115615369,0.49885034561157232,0.49885034561157232,5,0,0,1981-09-14,1981-09-18,0,True,True
1981-09-25,0.4988505183775504,0.50624082964110706,0.48591708595931471,0.48591729998588562,5,0,0,1981-09-21,1981-09-25,0,True,True
1981-10-02,0.48591720490618395,0.50254583358764648,0.48591720490618395,0.50254583358764648,5,0,0,1981-09-28,1981-10-02,0,True,True
1981-10-09,0.5025459599758032,0.51363164186477661,0.50254578939339778,0.51363164186477661,5,0,0,1981-10-05,1981-10-09,0,True,True
1981-10-16,0.5173264741897583,0.56351637840270996,0.5173264741897583,0.56351637840270996,5,0,0,1981-10-12,1981-10-16,0,True,True
1981-10-23,0.54504067419891411,0.54873538017272949,0.53764992037845738,0.54873538017272949,5,0,0,1981-10-19,1981-10-23,0,True,True
1981-10-30,0.54873538017272949,0.59492522478103638,0.54134511200796265,0.59492522478103638,5,0,0,1981-10-26,1981-10-30,0,True,True
1981-11-06,0.59492522478103638,0.6374201802684053,0.59123022983192142,0.61709654331207275,5,0,0,1981-11-02,1981-11-06,0,True,True
1981-11-13,0.61709660521680532,0.70208596048313687,0.61340129006914179,0.65220075845718384,5,0,0,1981-11-09,1981-11-13,0,True,True
1981-11-20,0.65220093747640417,0.67991530895233154,0.64111566726979963,0.67991530895233154,5,0,0,1981-11-16,1981-11-20,0,True,True
1981-11-27,0.67991530895233154,0.68360990285873413,0.65589625361461268,0.68360990285873413,4,0,0,1981-11-23,1981-11-27,0,True,True
1981-12-04,0.6799150239419115,0.6799150239419115,0.63002950904348776,0.64111512899398804,5,0,0,1981-11-30,1981-12-04,0,True,True
1981-12-11,0.64111549862995287,0.64111549862995287,0.62263935139013737,0.64111512899398804,5,0,0,1981-12-07,1981-12-11,0,True,True
1981-12-18,0.63742018346376494,0.66882956027984619,0.63002950904348776,0.66882956027984619,5,0,0,1981-12-14,1981-12-18,0,True,True
1981-12-25,0.66882952099433191,0.66882952099433191,0.62263905028742239,0.63002967834472656,4,0,0,1981-12-21,1981-12-24,0,True,True
1982-01-01,0.63002980744000125,0.63742018346376494,0.62263924195564457,0.6337248682975769,4,0,0,1981-12-28,1981-12-31,0,True,True
1982-01-08,0.63372450292268934,0.64111512899398804,0.61340110519704694,0.6207917332649231,5,0,0,1982-01-04,1982-01-08,0,True,True
1982-01-15,0.61340111710166401,0.61340111710166401,0.57829713449889641,0.60231566429138184,5,0,0,1982-01-11,1982-01-15,0,True,True
1982-01-22,0.5986207127571106,0.60601097944216575,0.5801448150701265,0.59123045206069946,5,0,0,1982-01-18,1982-01-22,0,True,True
1982-01-29,0.59123039845349046,0.59123045206069946,0.56721162796020508,0.59123045206069946,5,0,0,1982-01-25,1982-01-29,0,True,True
1982-02-05,0.59122992327831447,0.5986207127571106,0.57460194147833843,0.5986207127571106,5,0,0,1982-02-01,1982-02-05,0,True,True
1982-02-12,0.5986207127571106,0.62263918207301749,0.59862046676511693,0.61340123414993286,5,0,0,1982-02-08,1982-02-12,0,True,True
1982-02-19,0.61340129006914179,0.64481042827014279,0.61340129006914179,0.6337248682975769,4,0,0,1982-02-16,1982-02-19,0,True,True
1982-02-26,0.63372450292268934,0.65589607358108437,0.62633455712183261,0.6485058069229126,5,0,0,1982-02-22,1982-02-26,0,True,True
1982-03-05,0.64850580238448996,0.65220076302146479,0.62633419600783846,0.64481037855148315,5,0,0,1982-03-01,1982-03-05,0,True,True
1982-03-12,0.64481049140710223,0.65220076265122051,0.59123045206069946,0.59123045206069946,5,0,0,1982-03-08,1982-03-12,0,True,True
1982-03-19,0.58753461108868432,0.58753514931121253,0.56351631202025498,0.56721162796020508,5,0,0,1982-03-15,1982-03-19,0,True,True
1982-03-26,0.56351590424618436,0.57460194068340686,0.55612563676535065,0.56721162796020508,5,0,0,1982-03-22,1982-03-26,0,True,True
1982-04-02,0.57090689220792457,0.5986207127571106,0.57090689220792457,0.5986207127571106,5,0,0,1982-03-29,1982-04-02,0,True,True
1982-04-09,0.60601078980729306,0.6226392388343811,0.60601078980729306,0.6226392388343811,4,0,0,1982-04-05,1982-04-08,0,True,True
1982-04-16,0.62263935139013737,0.63741998724549731,0.62263924195564457,0.6337248682975769,5,0,0,1982-04-12,1982-04-16,0,True,True
1982-04-23,0.62263898824666064,0.62263898824666064,0.59492539757814478,0.61340123414993286,5,0,0,1982-04-19,1982-04-23,0,True,True
1982-04-30,0.61340110519704694,0.6207917332649231,0.58753508329391479,0.58753508329391479,5,0,0,1982-04-26,1982-04-30,0,True,True
1982-05-07,0.58753514931121253,0.60601073503494263,0.57829719947818903,0.60601073503494263,5,0,0,1982-05-03,1982-05-07,0,True,True
1982-05-14,0.60231566888486432,0.61340123414993286,0.59862070819180713,0.61340123414993286,5,0,0,1982-05-10,1982-05-14,0,True,True
1982-05-21,0.60970604869538769,0.60970604869538769,0.58753508329391479,0.58753508329391479,5,0,0,1982-05-17,1982-05-21,0,True,True
1982-05-28,0.58753461108868432,0.59122992327831447,0.57090689220792457,0.57460188865661621,5,0,0,1982-05-24,1982-05-28,0,True,True
1982-06-04,0.57460175389048418,0.57460175389048418,0.55243110748499458,0.56351637840270996,4,0,0,1982-06-01,1982-06-04,0,True,True
1982-06-11,0.56351631202025498,0.57829725742340088,0.53395473340428612,0.57829725742340088,5,0,0,1982-06-07,1982-06-11,0,True,True
1982-06-18,0.58014487721287722,0.58383983856605781,0.55243092775344849,0.55243092775344849,5,0,0,1982-06-14,1982-06-18,0,True,True
1982-06-25,0.55243069378064258,0.57829725742340088,0.54504006656481641,0.57829725742340088,5,0,0,1982-06-21,1982-06-25,0,True,True
1982-07-02,0.57460188865661621,0.58014488201194991,0.57090689220792457,0.57460188865661621,5,0,0,1982-06-28,1982-07-02,0,True,True
1982-07-09,0.56721121751211434,0.56721121751211434,0.5487356125804469,0.55982095003128052,4,0,0,1982-07-06,1982-07-09,0,True,True
1982-07-16,0.55982095003128052,0.57460200837175357,0.55612563676535065,0.56351637840270996,5,0,0,1982-07-12,1982-07-16,0,True,True
1982-07-23,0.55612592376981773,0.57460175389048418,0.5487356125804469,0.57090675830841064,5,0,0,1982-07-19,1982-07-23,0,True,True
1982-07-30,0.57090694390015528,0.57460188865661621,0.56721144356974229,0.57460188865661621,5,0,0,1982-07-26,1982-07-30,0,True,True
1982-08-06,0.57460188865661621,0.59123039845349046,0.56721157660256327,0.58014434576034546,5,0,0,1982-08-02,1982-08-06,0,True,True
1982-08-13,0.58014481202597368,0.59492539445643489,0.57829713449889641,0.59492522478103638,5,0,0,1982-08-09,1982-08-13,0,True,True
1982-08-20,0.59862065311455281,0.63372486512074166,0.59492522478103638,0.59492522478103638,5,0,0,1982-08-16,1982-08-20,0,True,True
1982-08-27,0.59492515310467187,0.61340104319933109,0.58383983373641968,0.58383983373641968,5,0,0,1982-08-23,1982-08-27,0,True,True
1982-09-03,0.58383976813433924,0.59492544839867134,0.58383976813433924,0.58383983373641968,5,0,0,1982-08-30,1982-09-03,0,True,True
1982-09-10,0.58383929889905417,0.59123045206069946,0.58014434576034546,0.58383983373641968,4,0,0,1982-09-07,1982-09-10,0,True,True
1982-09-17,0.58383929889905417,0.6226392388343811,0.58014434576034546,0.6207917332649231,5,0,0,1982-09-13,1982-09-17,0,True,True
1982-09-24,0.61709641263406523,0.6337248682975769,0.60970610380172729,0.6337248682975769,5,0,0,1982-09-20,1982-09-24,0,True,True
1982-10-01,0.6337248682975769,0.64481012287318962,0.63002987228802054,0.64111512899398804,5,0,0,1982-09-27,1982-10-01,0,True,True
1982-10-08,0.64111549578002025,0.69469522163912534,0.63742018063025885,0.68730491399765015,5,0,0,1982-10-04,1982-10-08,0,True,True
1982-10-15,0.69469571850963641,0.75197057550246993,0.68730539828702431,0.72240924835205078,5,0,0,1982-10-11,1982-10-15,0,True,True
1982-10-22,0.72240910514249901,0.82217937707901001,0.7113234440474685,0.82217937707901001,5,0,0,1982-10-18,1982-10-22,0,True,True
1982-10-29,0.80000814770593465,0.80000814770593465,0.75197090341853989,0.76120889186859131,5,0,0,1982-10-25,1982-10-29,0,True,True
1982-11-05,0.76120851048048332,0.79446551570976642,0.75197052665893649,0.78337985277175903,5,0,0,1982-11-01,1982-11-05,0,True,True
1982-11-12,0.77968439833446102,0.78338016855392845,0.75751358270645142,0.75751358270645142,5,0,0,1982-11-08,1982-11-12,0,True,True
1982-11-19,0.75751409176734208,0.77598960167572784,0.726105158179979,0.76120889186859131,5,0,0,1982-11-15,1982-11-19,0,True,True
1982-11-26,0.76120889186859131,0.76120889186859131,0.73349488833405652,0.75197035074234009,4,0,0,1982-11-22,1982-11-26,0,True,True
1982-12-03,0.75197036750442547,0.75197078247338567,0.72979921102523804,0.73349547386169422,5,0,0,1982-11-29,1982-12-03,0,True,True
1982-12-10,0.7334952480337491,0.75197105818897869,0.72979997164678034,0.73349547386169422,5,0,0,1982-12-06,1982-12-10,0,True,True
1982-12-17,0.73349448356086822,0.73349468644840843,0.69469571850963641,0.70208603143692017,5,0,0,1982-12-13,1982-12-17,0,True,True
1982-12-24,0.70208602398470432,0.70208603143692017,0.68730539828702431,0.70208603143692017,4,0,0,1982-12-20,1982-12-23,0,True,True
1982-12-31,0.70578092731157283,0.73349547386169422,0.70578092731157283,0.73349547386169422,5,0,0,1982-12-27,1982-12-31,0,True,True
1983-01-07,0.73349483185555309,0.7371906042098999,0.71501934483399765,0.72979921102523804,5,0,0,1983-01-03,1983-01-07,0,True,True
1983-01-14,0.72979997164678034,0.78338016855392845,0.72240965824038894,0.77229458093643188,5,0,0,1983-01-10,1983-01-14,0,True,True
1983-01-21,0.77229424781883205,0.77229424781883205,0.71501898765563965,0.71501898765563965,5,0,0,1983-01-17,1983-01-21,0,True,True
1983-01-28,0.71132327138955642,0.71132355928421021,0.69839041549497571,0.71132355928421021,5,0,0,1983-01-24,1983-01-28,0,True,True
1983-02-04,0.70947666352091121,0.72610452264235492,0.69839041549497571,0.72240924835205078,5,0,0,1983-01-31,1983-02-04,0,True,True
1983-02-11,0.72240988065531142,0.73719083117556838,0.71501898765563965,0.71501898765563965,5,0,0,1983-02-07,1983-02-11,0,True,True
1983-02-18,0.7150191406951063,0.74088556144014051,0.71132378557398424,0.72610437870025635,5,0,0,1983-02-14,1983-02-18,0,True,True
1983-02-25,0.72610452264235492,0.73349483185555309,0.71871387215294102,0.72610437870025635,4,0,0,1983-02-22,1983-02-25,0,True,True
1983-03-04,0.72610437870025635,0.7870752215385437,0.71871407095210438,0.7870752215385437,5,0,0,1983-02-28,1983-03-04,0,True,True
1983-03-11,0.78707565842322336,0.79446597164118815,0.75197067928635641,0.76120889186859131,5,0,0,1983-03-07,1983-03-11,0,True,True
1983-03-18,0.76120866498293616,0.80370360612869263,0.76120866498293616,0.80370360612869263,5,0,0,1983-03-14,1983-03-18,0,True,True
1983-03-25,0.80370360612869263,0.82587517744662164,0.79816065370525457,0.81848454475402832,5,0,0,1983-03-21,1983-03-25,0,True,True
1983-04-01,0.8184841912911911,0.82217946614708959,0.80370362002319795,0.81109362840652466,4,0,0,1983-03-28,1983-03-31,0,True,True
1983-04-08,0.8110942312181687,0.82217951670390188,0.79446590070303702,0.80000853538513172,5,0,0,1983-04-04,1983-04-08,0,True,True
1983-04-15,0.80000853538513172,0.8868456037205672,0.80000853538513172,0.86836969852447521,5,0,0,1983-04-11,1983-04-15,0,True,True
1983-04-22,0.86467496829026835,0.89977829498523543,0.8406556055471619,0.8923879861831665,5,0,0,1983-04-18,1983-04-22,0,True,True
1983-04-29,0.89238811711177168,0.8960829411113701,0.85358899831771851,0.87945425510406494,5,0,0,1983-04-25,1983-04-29,0,True,True
1983-05-06,0.87945476926905763,0.89238803108081177,0.86097887667872652,0.88869267702102661,5,0,0,1983-05-02,1983-05-06,0,True,True
1983-05-13,0.88869232634666628,0.9385773539543153,0.88869232634666628,0.9385773539543153,5,0,0,1983-05-09,1983-05-13,0,True,True
1983-05-20,0.93857787597833187,0.95335900783538829,0.92933988905154863,0.95335900783538829,5,0,0,1983-05-16,1983-05-20,0,True,True
1983-05-27,0.95335885780830776,0.97737763817041989,0.94596846214206809,0.94966381788253784,5,0,0,1983-05-23,1983-05-27,0,True,True
1983-06-03,0.9496630305206557,0.9496630305206557,0.88315004487703053,0.88869267702102661,4,0,0,1983-05-31,1983-06-03,0,True,True
1983-06-10,0.88869267702102661,0.9034741192610809,0.88684549543710245,0.89977884292602539,5,0,0,1983-06-06,1983-06-10,0,True,True
1983-06-17,0.89977894993223695,0.89977894993223695,0.87945425510406494,0.8831501603126527,5,0,0,1983-06-13,1983-06-17,0,True,True
1983-06-24,0.88314952720868711,0.89977894993223695,0.87575922236671144,0.89608359336853027,5,0,0,1983-06-20,1983-06-24,0,True,True
1983-07-01,0.8960824609457827,0.8960824609457827,0.86836873798781333,0.87575936317443848,5,0,0,1983-06-27,1983-07-01,0,True,True
1983-07-08,0.87575922236671144,0.87945536930483548,0.86467474089499052,0.86836969852447521,4,0,0,1983-07-05,1983-07-08,0,True,True
1983-07-15,0.87206409047567712,0.90347356906996834,0.87206409047567712,0.8923879861831665,5,0,0,1983-07-11,1983-07-15,0,True,True
1983-07-22,0.87945425510406494,0.9385773539543153,0.87945425510406494,0.92564469575881947,5,0,0,1983-07-18,1983-07-22,0,True,True
1983-07-29,0.92564452075823722,0.92934002094786694,0.90347325801849365,0.90347325801849365,5,0,0,1983-07-25,1983-07-29,0,True,True
1983-08-05,0.9034741192610809,0.90716907643941269,0.85728360657486891,0.86836969852447521,5,0,0,1983-08-01,1983-08-05,0,True,True
1983-08-12,0.86467415094375621,0.86467415094375621,0.840655731335607,0.85358899831771851,5,0,0,1983-08-08,1983-08-12,0,True,True
1983-08-19,0.85358887059405142,0.85358887059405142,0.81848454475402832,0.81848454475402832,5,0,0,1983-08-15,1983-08-19,0,True,True
1983-08-26,0.81848393644984485,0.81848393644984485,0.80370332036320447,0.81109362840652466,5,0,0,1983-08-22,1983-08-26,0,True,True
1983-09-02,0.81109362840652466,0.86836969852447521,0.80739867385767494,0.86836969852447521,5,0,0,1983-08-29,1983-09-02,0,True,True
1983-09-09,0.86836893908723323,0.90716907643941269,0.86836893908723323,0.89977884292602539,4,0,0,1983-09-06,1983-09-09,0,True,True
1983-09-16,0.89977829498523543,0.91455915195677018,0.88315000044416492,0.88869267702102661,5,0,0,1983-09-12,1983-09-16,0,True,True
1983-09-23,0.88869272938103305,0.89608359336853027,0.88315009691047608,0.89608359336853027,5,0,0,1983-09-19,1983-09-23,0,True,True
1983-09-30,0.90347379016215879,0.91455960273742687,0.90347379016215879,0.91086429357528687,5,0,0,1983-09-26,1983-09-30,0,True,True
1983-10-07,0.90716918432450788,0.91086410077273616,0.89238852962345705,0.89977884292602539,5,0,0,1983-10-03,1983-10-07,0,True,True
1983-10-14,0.89977884292602539,0.9034741192610809,0.88315009691047608,0.89793139696121216,5,0,0,1983-10-10,1983-10-14,0,True,True
1983-10-21,0.89423503718585384,0.89423503718585384,0.85358868038573932,0.87945425510406494,5,0,0,1983-10-17,1983-10-21,0,True,True
1983-10-28,0.87575982013104547,0.87575982013104547,0.81663683600805659,0.82402729988098145,5,0,0,1983-10-24,1983-10-28,0,True,True
1983-11-04,0.82402712190010563,0.87945425510406494,0.80555122683912694,0.87945425510406494,5,0,0,1983-10-31,1983-11-04,0,True,True
1983-11-11,0.87945425510406494,0.92010178978701396,0.86097896099090587,0.91271156072616577,5,0,0,1983-11-07,1983-11-11,0,True,True
1983-11-18,0.91271195644498582,0.93488262131715738,0.89793062386967248,0.91271156072616577,5,0,0,1983-11-14,1983-11-18,0,True,True
1983-11-25,0.91271172533761091,0.94966308675550559,0.90162606059046058,0.94596773386001587,4,0,0,1983-11-21,1983-11-25,0,True,True
1983-12-02,0.94596757980711321,0.97183460980423164,0.93488200166062174,0.95335900783538829,5,0,0,1983-11-28,1983-12-02,0,True,True
1983-12-09,0.95335900783538829,0.96813939981718622,0.93857792005246199,0.96074908971786488,5,0,0,1983-12-05,1983-12-09,0,True,True
1983-12-16,0.9607491685137457,0.97552978992462158,0.93488200166062174,0.9385773539543153,5,0,0,1983-12-12,1983-12-16,0,True,True
1983-12-23,0.93857756371819157,0.97922523611700396,0.92749184706278986,0.9570537805557251,5,0,0,1983-12-19,1983-12-23,0,True,True
1983-12-30,0.95705381498448483,0.96813964843750011,0.95335877961854365,0.96813964843750011,4,0,0,1983-12-27,1983-12-30,0,True,True
1984-01-06,0.96813963157224392,0.99770059915506903,0.94596800967414951,0.99031037092208862,4,0,0,1984-01-03,1984-01-06,0,True,True
1984-01-13,0.99031084299392491,1.008786608982394,0.97922469424767755,1.0013962984085083,5,0,0,1984-01-09,1984-01-13,0,True,True
1984-01-20,0.99770107069901082,1.0013959526389309,0.98292004767429741,0.99400579929351807,5,0,0,1984-01-16,1984-01-20,0,True,True
1984-01-27,0.99400541718740587,1.0087863537520985,0.98661535810413103,1.0013962984085083,5,0,0,1984-01-23,1984-01-27,0,True,True
1984-02-03,1.0013959371270473,1.0013959371270473,0.96444398164749146,0.97183483839035034,5,0,0,1984-01-30,1984-02-03,0,True,True
1984-02-10,0.97183460980423164,0.97552956483149667,0.88684505224227905,0.88684505224227905,5,0,0,1984-02-06,1984-02-10,0,True,True
1984-02-17,0.88684499864257216,0.93857816831827046,0.824027011708928,0.90162628889083862,5,0,0,1984-02-13,1984-02-17,0,True,True
1984-02-24,0.90162667425142295,0.90532203133083522,0.87206395026208927,0.89423644542694103,4,0,0,1984-02-21,1984-02-24,0,True,True
1984-03-02,0.89423503718585384,0.89423503718585384,0.85728353261947621,0.88684505224227905,5,0,0,1984-02-27,1984-03-02,0,True,True
1984-03-09,0.88684448015695105,0.89054040651978705,0.87575922236671144,0.87945425510406494,5,0,0,1984-03-05,1984-03-09,0,True,True
1984-03-16,0.87945418924157426,0.90901577639513675,0.8757591567809424,0.90532082319259655,5,0,0,1984-03-12,1984-03-16,0,True,True
1984-03-23,0.90162605534604345,0.90162605534604345,0.87575922236671144,0.87945425510406494,5,0,0,1984-03-19,1984-03-23,0,True,True
1984-03-30,0.87945488555899842,0.8831501603126527,0.86097871113466939,0.86467415094375621,5,0,0,1984-03-26,1984-03-30,0,True,True
1984-04-06,0.86467416102483785,0.87206447027365086,0.81294160438017882,0.8314175009727478,5,0,0,1984-04-02,1984-04-06,0,True,True
1984-04-13,0.83141745674893353,0.83880792337524113,0.81294156113911342,0.82772260904312134,5,0,0,1984-04-09,1984-04-13,0,True,True
1984-04-20,0.82772260904312134,0.82772260904312134,0.81663683600805659,0.82033187150955189,4,0,0,1984-04-16,1984-04-19,0,True,True
1984-04-27,0.82033159661067556,0.84619851140780089,0.80924593529702771,0.83880788087844849,5,0,0,1984-04-23,1984-04-27,0,True,True
1984-05-04,0.83880820000344825,0.89054047045252094,0.82772234050027238,0.87575936317443848,5,0,0,1984-04-30,1984-05-04,0,True,True
1984-05-11,0.87575936317443848,0.93857756371819157,0.87575936317443848,0.92749190330505382,5,0,0,1984-05-07,1984-05-11,0,True,True
1984-05-18,0.92010142728539435,0.92749289718008454,0.86097896099090587,0.86097896099090587,5,0,0,1984-05-14,1984-05-18,0,True,True
1984-05-25,0.86097935857715102,0.87206446010640692,0.81294089555740356,0.82033187150955189,5,0,0,1984-05-21,1984-05-25,0,True,True
1984-06-01,0.82033159661067556,0.82402687024130661,0.79446519848688901,0.80185550451278698,4,0,0,1984-05-29,1984-06-01,0,True,True
1984-06-08,0.8092466241092432,0.83880820000344825,0.8092466241092432,0.82033187150955189,5,0,0,1984-06-04,1984-06-08,0,True,True
1984-06-15,0.82033119987715453,0.82772150419690538,0.80185531939415144,0.80555129051208496,5,0,0,1984-06-11,1984-06-15,0,True,True
1984-06-22,0.80555059123765271,0.84619855880737305,0.80555059123765271,0.83880788087844849,5,0,0,1984-06-18,1984-06-22,0,True,True
1984-06-29,0.83880788087844849,0.84619851140780089,0.79816102981567383,0.79816102981567383,5,0,0,1984-06-25,1984-06-29,0,True,True
1984-07-06,0.79816102981567383,0.8092457307495825,0.79816102981567383,0.80555129051208496,4,0,0,1984-07-02,1984-07-06,0,True,True
1984-07-13,0.80555077720938939,0.8314175009727478,0.79816066062041857,0.81663656234741211,5,0,0,1984-07-09,1984-07-13,0,True,True
1984-07-20,0.81294108323528724,0.81663681174920222,0.79077004587860789,0.81663656234741211,5,0,0,1984-07-16,1984-07-20,0,True,True
1984-07-27,0.8092457307495825,0.81294153699003024,0.77598963818114108,0.7870752215385437,5,0,0,1984-07-23,1984-07-27,0,True,True
1984-08-03,0.78707520673298514,0.82772260904312134,0.78337968684740922,0.82772260904312134,5,0,0,1984-07-30,1984-08-03,0,True,True
1984-08-10,0.83141732087157871,0.87945476926905763,0.81663671206729893,0.86467415094375621,5,0,0,1984-08-06,1984-08-10,0,True,True
1984-08-17,0.86467415094375621,0.87945425510406494,0.8535885675160757,0.87945425510406494,5,0,0,1984-08-13,1984-08-17,0,True,True
1984-08-24,0.87206505509991294,0.89053976535797119,0.86836969852447521,0.89053976535797119,5,0,0,1984-08-20,1984-08-24,0,True,True
1984-08-31,0.89053997523486961,0.89054047045252094,0.86097946410874338,0.8831501603126527,5,0,0,1984-08-27,1984-08-31,0,True,True
1984-09-07,0.88314952720868711,0.88315004353408733,0.8646737844454615,0.86467415094375621,4,0,0,1984-09-04,1984-09-07,0,True,True
1984-09-14,0.86467398468919299,0.92010258196726757,0.8461983094964981,0.89793139696121216,5,0,0,1984-09-10,1984-09-14,0,True,True
1984-09-21,0.89793062386967248,0.93857756371819157,0.89793062386967248,0.92749190330505382,5,0,0,1984-09-17,1984-09-21,0,True,True
1984-09-28,0.92749190330505382,0.97183475433971267,0.92010159601148855,0.96074908971786488,5,0,0,1984-09-24,1984-09-28,0,True,True
1984-10-05,0.9570532377427029,0.96074851024729824,0.89793078581531227,0.90162628889083862,5,0,0,1984-10-01,1984-10-05,0,True,True
1984-10-12,0.90162628889083862,0.97183460980423164,0.89053989333510497,0.96444398164749146,5,0,0,1984-10-08,1984-10-12,0,True,True
1984-10-19,0.96074866670730796,1.0161766624561823,0.92749221187704933,0.99770069122314464,5,0,0,1984-10-15,1984-10-19,0,True,True
1984-10-26,0.99770093544870708,1.001396290178157,0.96813948354822543,0.97183483839035034,5,0,0,1984-10-22,1984-10-26,0,True,True
1984-11-02,0.97183483839035034,0.9792250693396809,0.94596815036263704,0.97552978992462158,5,0,0,1984-10-29,1984-11-02,0,True,True
1984-11-09,0.97552976454181772,1.0050909071771732,0.96444417908837299,0.99031037092208862,5,0,0,1984-11-05,1984-11-09,0,True,True
1984-11-16,0.99031084299392491,0.99770058370042758,0.97922469424767755,0.98292052745819092,5,0,0,1984-11-12,1984-11-16,0,True,True
1984-11-23,0.98292019298823674,0.98292019298823674,0.96074908971786488,0.96074908971786488,4,0,0,1984-11-19,1984-11-23,0,True,True
1984-11-30,0.96074908971786488,0.97183460980423164,0.93488252162933339,0.93488252162933339,5,0,0,1984-11-26,1984-11-30,0,True,True
1984-12-07,0.93488200166062174,0.94966308675550559,0.93488200166062174,0.9385773539543153,5,0,0,1984-12-03,1984-12-07,0,True,True
1984-12-14,0.93857787597833187,0.97552979428670916,0.92749221187704933,0.97183483839035034,5,0,0,1984-12-10,1984-12-14,0,True,True
1984-12-21,0.97183483404478477,1.0420439933882564,0.95335885780830776,1.0346529483795166,5,0,0,1984-12-17,1984-12-21,0,True,True
1984-12-28,1.0457386987911523,1.0826905015429158,1.0272630453109741,1.0272630453109741,4,0,0,1984-12-24,1984-12-28,0,True,True
1985-01-04,1.0346525334990926,1.0679092880810084,1.0309571027755737,1.0309571027755737,4,0,0,1984-12-31,1985-01-04,0,True,True
1985-01-11,1.0309570744920056,1.1122510654936826,1.0309570744920056,1.1085560321807861,5,0,0,1985-01-07,1985-01-11,0,True,True
1985-01-18,1.108556342118139,1.1270321916766262,1.0420433838284127,1.0457383394241333,5,0,0,1985-01-14,1985-01-18,0,True,True
1985-01-25,1.04573867296527,1.1196423883302982,1.042043716191033,1.119641900062561,5,0,0,1985-01-21,1985-01-25,0,True,True
1985-02-01,1.1233378118967423,1.1492031539828909,1.1048616170883179,1.1048616170883179,5,0,0,1985-01-28,1985-02-01,0,True,True
1985-02-08,1.1048613738889197,1.1455089244781496,1.097471063786237,1.1233372688293457,5,0,0,1985-02-04,1985-02-08,0,True,True
1985-02-15,1.1233368542774649,1.1565945148468018,1.1085562395266804,1.1565945148468018,5,0,0,1985-02-11,1985-02-15,0,True,True
1985-02-22,1.1676795845394279,1.2120216805952544,1.1676795845394279,1.1750701665878296,4,0,0,1985-02-19,1985-02-22,0,True,True
1985-03-01,1.1750701665878296,1.1935457872913751,1.1676794057187159,1.1713744401931763,5,0,0,1985-02-25,1985-03-01,0,True,True
1985-03-08,1.1750700614218954,1.1824603719230005,1.1528986692428589,1.1565945148468018,5,0,0,1985-03-04,1985-03-08,0,True,True
1985-03-15,1.1565939893305297,1.1676795730775251,1.1307275189826083,1.1381181478500366,5,0,0,1985-03-11,1985-03-15,0,True,True
1985-03-22,1.1381175753095896,1.141812528833384,1.104860966155309,1.119641900062561,5,0,0,1985-03-18,1985-03-22,0,True,True
1985-03-29,1.1233372092717484,1.1492037321000397,1.1233372092717484,1.1418131589889526,5,0,0,1985-03-25,1985-03-29,0,True,True
1985-04-05,1.1418135686436119,1.1455089244781496,1.1122512735307013,1.1233372688293457,4,0,0,1985-04-01,1985-04-04,0,True,True
1985-04-12,1.1233372092717484,1.1787654161453247,1.1233372092717484,1.1787654161453247,5,0,0,1985-04-08,1985-04-12,0,True,True
1985-04-19,1.1787655278272371,1.2415840089843724,1.1713748974693055,1.2378890514373779,5,0,0,1985-04-15,1985-04-19,0,True,True
1985-04-26,1.2489735345257118,1.2785347700119019,1.234193130414297,1.2489732503890991,5,0,0,1985-04-22,1985-04-26,0,True,True
1985-05-03,1.2452786719038644,1.2452786719038644,1.1676797509207903,1.1787654161453247,5,0,0,1985-04-29,1985-05-03,0,True,True
1985-05-10,1.1861555884777499,1.2785349374718122,1.1861555884777499,1.2711446285247803,5,0,0,1985-05-06,1985-05-10,0,True,True
1985-05-17,1.2711448366146472,1.2785351467714932,1.2415829426960627,1.260059118270874,5,0,0,1985-05-13,1985-05-17,0,True,True
1985-05-24,1.2785349041379703,1.2970107957075494,1.2600590454205314,1.2785347700119019,5,0,0,1985-05-20,1985-05-24,0,True,True
1985-05-31,1.2859258154864617,1.2970110815885223,1.2563640576640445,1.2822302579879761,4,0,0,1985-05-28,1985-05-31,0,True,True
1985-06-07,1.2822305406110928,1.3709151744842529,1.2822305406110928,1.3524391651153564,5,0,0,1985-06-03,1985-06-07,0,True,True
1985-06-14,1.3524389289203873,1.3524389289203873,1.2822308311012753,1.2970113754272461,5,0,0,1985-06-10,1985-06-14,0,True,True
1985-06-21,1.2970110815885223,1.3783054052487025,1.2859258154864617,1.3339630365371704,5,0,0,1985-06-17,1985-06-21,0,True,True
1985-06-28,1.3339632255253389,1.356133963776587,1.311791611027179,1.3154876232147217,5,0,0,1985-06-24,1985-06-28,0,True,True
1985-07-05,1.3154878756550643,1.3487423658370972,1.3044019843985144,1.3487423658370972,4,0,0,1985-07-01,1985-07-05,0,True,True
1985-07-12,1.3487438104572449,1.3524393987049284,1.3191819190979004,1.3265731334686279,5,0,0,1985-07-08,1985-07-12,0,True,True
1985-07-19,1.3265724083008237,1.4669899297834235,1.3154871441539535,1.3746098279953003,5,0,0,1985-07-15,1985-07-19,0,True,True
1985-07-26,1.3746101762260632,1.3930861347900818,1.3080963373081316,1.3191819190979004,5,0,0,1985-07-22,1985-07-26,0,True,True
1985-08-02,1.3191820755207244,1.3191820755207244,1.2378887892514761,1.2526693344116211,5,0,0,1985-07-29,1985-08-02,0,True,True
1985-08-09,1.2452785768917203,1.3893909765184194,1.2194120536343054,1.3302681446075439,5,0,0,1985-08-05,1985-08-09,0,True,True
1985-08-16,1.3302685681412587,1.3524389289203873,1.3044021798277308,1.3154876232147217,5,0,0,1985-08-12,1985-08-16,0,True,True
1985-08-23,1.3154872053607503,1.3191821605997331,1.2600588803805557,1.2711446285247803,5,0,0,1985-08-19,1985-08-23,0,True,True
1985-08-30,1.271144702016036,1.2748400561760336,1.2194121026229019,1.2378890514373779,5,0,0,1985-08-26,1985-08-30,0,True,True
1985-09-06,1.2378880351791086,1.2748400561760336,1.2341926817199125,1.260059118270874,4,0,0,1985-09-03,1985-09-06,0,True,True
1985-09-13,1.260059118270874,1.2637544724308716,1.1898507951562896,1.2046316862106323,5,0,0,1985-09-09,1985-09-13,0,True,True
1985-09-20,1.2009361279691064,1.2009361279691064,1.1565939893305297,1.1787654161453247,5,0,0,1985-09-16,1985-09-20,0,True,True
1985-09-27,1.1787655216419841,1.1898507889128698,1.1565944370623462,1.167680025100708,4,0,0,1985-09-23,1985-09-26,0,True,True
1985-10-04,1.1639836861085899,1.2231070841774554,1.1492030751364846,1.2083263397216797,5,0,0,1985-09-30,1985-10-04,0,True,True
1985-10-11,1.2083264684240427,1.2785349374718122,1.2046311948020061,1.2452787160873413,5,0,0,1985-10-07,1985-10-11,0,True,True
1985-10-18,1.2489740584905338,1.2896207571029663,1.2489740584905338,1.2896207571029663,5,0,0,1985-10-14,1985-10-18,0,True,True
1985-10-25,1.2896206003651949,1.2896206003651949,1.2600592266379806,1.2711446285247803,5,0,0,1985-10-21,1985-10-25,0,True,True
1985-11-01,1.271144702016036,1.3007067309289493,1.2526694662884017,1.2970113754272461,5,0,0,1985-10-28,1985-11-01,0,True,True
1985-11-08,1.2970106757292381,1.3376585077742285,1.2896204474476409,1.3302681446075439,5,0,0,1985-11-04,1985-11-08,0,True,True
1985-11-15,1.3302685681412587,1.356134295463562,1.3265732914575488,1.3450490236282349,5,0,0,1985-11-11,1985-11-15,0,True,True
1985-11-22,1.3450490236282349,1.3487437659898358,1.3265724083008237,1.3339630365371704,5,0,0,1985-11-18,1985-11-22,0,True,True
1985-11-29,1.3339630365371704,1.3376587228319481,1.2859262775470004,1.3265731334686279,4,0,0,1985-11-25,1985-11-29,0,True,True
1985-12-06,1.3265731334686279,1.3672193520705633,1.3154869645353509,1.363524317741394,5,0,0,1985-12-02,1985-12-06,0,True,True
1985-12-13,1.363524898862633,1.4522092990363122,1.363524898862633,1.4485141038894653,5,0,0,1985-12-09,1985-12-13,0,True,True
1985-12-20,1.4485137779057644,1.548283535239529,1.4411233892752555,1.5298075675964355,5,0,0,1985-12-16,1985-12-20,0,True,True
1985-12-27,1.5224182591843529,1.5224182591843529,1.485465927990951,1.5150268077850342,4,0,0,1985-12-23,1985-12-27,0,True,True
1986-01-03,1.5113328565521116,1.5371992462493231,1.5002472679196373,1.5335038900375366,4,0,0,1985-12-30,1986-01-03,0,True,True
1986-01-10,1.5371989429268109,1.6111022800892494,1.5187225341796875,1.5187225341796875,5,0,0,1986-01-06,1986-01-10,0,True,True
1986-01-17,1.5187232630822178,1.6111022800892494,1.5187232630822178,1.5519796609878542,5,0,0,1986-01-13,1986-01-17,0,True,True
1986-01-24,1.5519798732046419,1.5519798732046419,1.4559045682819356,1.496551513671875,5,0,0,1986-01-20,1986-01-24,0,True,True
1986-01-31,1.49655157565535,1.5778464894705151,1.492856220697018,1.5224177837371826,5,0,0,1986-01-27,1986-01-31,0,True,True
1986-02-07,1.522418129271403,1.5556745421573679,1.5002472679196373,1.5224177837371826,5,0,0,1986-02-03,1986-02-07,0,True,True
1986-02-14,1.518722161316004,1.603711009025574,1.5039412259268734,1.603711009025574,5,0,0,1986-02-10,1986-02-14,0,True,True
1986-02-21,1.6037120170272965,1.6554450692184377,1.5889313956852469,1.6369690895080566,4,0,0,1986-02-18,1986-02-21,0,True,True
1986-02-28,1.6443592861986589,1.7773843122076141,1.6443592861986589,1.7589085102081299,5,0,0,1986-02-24,1986-02-28,0,True,True
1986-03-07,1.7515182495117188,1.7810809409050419,1.7219568684739204,1.7663003206253054,5,0,0,1986-03-03,1986-03-07,0,True,True
1986-03-14,1.7663006533099117,1.8623745128492528,1.7441294793469024,1.8549838066101076,5,0,0,1986-03-10,1986-03-14,0,True,True
1986-03-21,1.85498419727399,1.8623753346612759,1.7884708591002312,1.8328125476837158,5,0,0,1986-03-17,1986-03-21,0,True,True
1986-03-28,1.8328135466760862,1.9362792666838593,1.8180326082376141,1.9178032875061035,4,0,0,1986-03-24,1986-03-27,0,True,True
1986-04-04,1.9178033174091604,1.9584503808232256,1.8254223218600187,1.8328125476837158,5,0,0,1986-03-31,1986-04-04,0,True,True
1986-04-11,1.8328140668545632,1.9917062927089713,1.8143380880355835,1.9732300043106079,5,0,0,1986-04-07,1986-04-11,0,True,True
1986-04-18,1.9732299191099925,2.0471346334927993,1.9621446572000016,2.0360488891601562,5,0,0,1986-04-14,1986-04-18,0,True,True
1986-04-25,2.032354008303106,2.032354008303106,1.9769253883603155,1.988011837005615,5,0,0,1986-04-21,1986-04-25,0,True,True
1986-05-02,1.9843155858557315,1.9843155858557315,1.8882407281131741,1.8956309556961062,5,0,0,1986-04-28,1986-05-02,0,True,True
1986-05-09,1.8993274679066787,1.9769265775212845,1.8993274679066787,1.9695361852645874,5,0,0,1986-05-05,1986-05-09,0,True,True
1986-05-16,1.9695350005490873,1.9880109700771575,1.9104130554133323,1.9178032875061035,5,0,0,1986-05-12,1986-05-16,0,True,True
1986-05-23,1.9178028692023514,1.9362789092793793,1.9067172841136431,1.9288886785507202,5,0,0,1986-05-19,1986-05-23,0,True,True
1986-05-30,1.9288889746359958,1.9658402946663041,1.921498583194607,1.9547547101974487,4,0,0,1986-05-27,1986-05-30,0,True,True
1986-06-06,1.9547551851025311,1.9584503808232256,1.8993274261127555,1.9067176580429077,5,0,0,1986-06-02,1986-06-06,0,True,True
1986-06-13,1.9067178685109794,1.9141082608352282,1.8328150029286379,1.8771547079086306,5,0,0,1986-06-09,1986-06-13,0,True,True
1986-06-20,1.8771561923399891,1.8882417792528223,1.8328125476837158,1.8328125476837158,5,0,0,1986-06-16,1986-06-20,0,True,True
1986-06-27,1.8328140668545632,1.8771547079086306,1.8106426626370546,1.8771547079086306,5,0,0,1986-06-23,1986-06-27,0,True,True
1986-07-04,1.8771561923399891,1.8882417792528223,1.8660704458488333,1.8771547079086306,4,0,0,1986-06-30,1986-07-03,0,True,True
1986-07-11,1.8771547176111565,1.8845456278646633,1.7662999545060047,1.8623747825622556,5,0,0,1986-07-07,1986-07-11,0,True,True
1986-07-18,1.8402040654199696,1.8771556708995496,1.8032522720467488,1.8549838066101076,5,0,0,1986-07-14,1986-07-18,0,True,True
1986-07-25,1.8549846251608257,1.9621454336936832,1.851289749145508,1.9584500789642334,5,0,0,1986-07-21,1986-07-25,0,True,True
1986-08-01,1.9584502449666954,1.9806215773311762,1.8660714626312256,1.8660714626312256,5,0,0,1986-07-28,1986-08-01,0,True,True
1986-08-08,1.8623753310397471,1.925193214801671,1.8217281842276392,1.9214981794357298,5,0,0,1986-08-04,1986-08-08,0,True,True
1986-08-15,1.9214986429199858,2.0730019166671809,1.9104130554133323,2.0064876079559326,5,0,0,1986-08-11,1986-08-15,0,True,True
1986-08-22,2.0064877133072287,2.0138785696385275,1.9584505689142508,1.9621459245681763,5,0,0,1986-08-18,1986-08-22,0,True,True
1986-08-29,1.9621449533833464,2.0175720291418409,1.9621449533833464,1.9954013824462893,5,0,0,1986-08-25,1986-08-29,0,True,True
1986-09-05,1.9954023985846838,2.0064881465480733,1.9214973223917711,1.9251923561096191,4,0,0,1986-09-02,1986-09-05,0,True,True
1986-09-12,1.9251925276060973,1.9288878808095711,1.7736914701482991,1.7884719371795654,5,0,0,1986-09-08,1986-09-12,0,True,True
1986-09-19,1.7884719371795654,1.79955768639892,1.6923958099147489,1.7293475866317749,5,0,0,1986-09-15,1986-09-19,0,True,True
1986-09-26,1.7293489506642012,1.766299747454172,1.6997873783111572,1.7404342889785767,5,0,0,1986-09-22,1986-09-26,0,True,True
1986-10-03,1.7293490573835504,1.7293490573835504,1.6739216218688517,1.6887017488479616,5,0,0,1986-09-29,1986-10-03,0,True,True
1986-10-10,1.692397249240285,1.7034832023417903,1.6776169790063746,1.6887017488479616,5,0,0,1986-10-06,1986-10-10,0,True,True
1986-10-17,1.692397144801258,1.7626056116965876,1.692397144801258,1.7404342889785767,5,0,0,1986-10-13,1986-10-17,0,True,True
1986-10-24,1.721958637261477,1.7589092003451248,1.7034826553980451,1.7441285848617554,5,0,0,1986-10-20,1986-10-24,0,True,True
1986-10-31,1.7404331675203535,1.766299747454172,1.7145669716919061,1.7441285848617554,5,0,0,1986-10-27,1986-10-31,0,True,True
1986-11-07,1.7441285848617554,1.7515193191498077,1.7071769558503909,1.7459766864776614,5,0,0,1986-11-03,1986-11-07,0,True,True
1986-11-14,1.7459756202244114,1.8124906480812342,1.7016337939885644,1.7293475866317749,5,0,0,1986-11-10,1986-11-14,0,True,True
1986-11-21,1.7293488555237628,1.7348918096133736,1.6517489846754276,1.6628350019454956,5,0,0,1986-11-17,1986-11-21,0,True,True
1986-11-28,1.6628351189633805,1.7016352411706943,1.6462068986279677,1.6960926055908203,4,0,0,1986-11-24,1986-11-28,0,True,True
1986-12-05,1.6960913927376147,1.890088578557648,1.6960913927376147,1.851289749145508,5,0,0,1986-12-01,1986-12-05,0,True,True
1986-12-12,1.8512905847999281,1.8512905847999281,1.8014035285702292,1.8014041185379028,5,0,0,1986-12-08,1986-12-12,0,True,True
1986-12-19,1.8014040160189182,1.8014040160189182,1.7238060665094599,1.7348905801773071,5,0,0,1986-12-15,1986-12-19,0,True,True
1986-12-26,1.7348916545410968,1.7515193191498077,1.7293476300157264,1.7348905801773071,4,0,0,1986-12-22,1986-12-26,0,True,True
1987-01-02,1.7348905366543002,1.7570608787990263,1.7182622383597663,1.7515182495117188,4,0,0,1986-12-29,1987-01-02,0,True,True
1987-01-09,1.751519018133479,1.8235747310613215,1.7404334355377802,1.8124891519546509,5,0,0,1987-01-05,1987-01-09,0,True,True
1987-01-16,1.8124900313973396,1.8734608888626099,1.806947079576285,1.8235756158828735,5,0,0,1987-01-12,1987-01-16,0,True,True
1987-01-23,1.8235757853560879,1.8623749787120842,1.7847774403363608,1.7958630323410034,5,0,0,1987-01-19,1987-01-23,0,True,True
1987-01-30,1.7958613920084365,1.8291179151215644,1.7459761006417396,1.7570613622665405,5,0,0,1987-01-26,1987-01-30,0,True,True
1987-02-06,1.7570623563814149,1.7736900525949135,1.7348905801773071,1.7348905801773071,5,0,0,1987-02-02,1987-02-06,0,True,True
1987-02-13,1.7404337346489389,1.784775972366333,1.7348900424934155,1.784775972366333,5,0,0,1987-02-09,1987-02-13,0,True,True
1987-02-20,1.7847763058292103,1.829118326504634,1.7736907208712072,1.8180327415466309,4,0,0,1987-02-17,1987-02-20,0,True,True
1987-02-27,1.7958613846802272,1.795861508094535,1.7071770069072043,1.7736903429031372,5,0,0,1987-02-23,1987-02-27,0,True,True
1987-03-06,1.7847774403363608,1.8069483051888544,1.7570614659803245,1.784775972366333,5,0,0,1987-03-02,1987-03-06,0,True,True
1987-03-13,1.7847757387258529,1.928888095582167,1.7736901572902366,1.8900885581970215,5,0,0,1987-03-09,1987-03-13,0,True,True
1987-03-20,1.8900891072800228,1.901174692610498,1.8291178762956237,1.8790037631988528,5,0,0,1987-03-16,1987-03-20,0,True,True
1987-03-27,1.8790037653117153,1.9178032453056273,1.8734611315069145,1.9067176580429077,5,0,0,1987-03-23,1987-03-27,0,True,True
1987-04-03,1.8845457525553457,1.9233465974062613,1.8623749057860075,1.9122594594955442,5,0,0,1987-03-30,1987-04-03,0,True,True
1987-04-10,1.9067175726490013,1.9067175726490013,1.7792329536083666,1.8014041185379028,5,0,0,1987-04-06,1987-04-10,0,True,True
1987-04-17,1.8014048641729361,1.8180327415466309,1.7016342181066617,1.8180327415466309,4,0,0,1987-04-13,1987-04-16,0,True,True
1987-04-24,1.7958615552531347,1.829118326504634,1.7404328449821749,1.8180327415466309,5,0,0,1987-04-20,1987-04-24,0,True,True
1987-05-01,1.801404023369745,1.8124912607695718,1.7681471181541442,1.8069461584091187,5,0,0,1987-04-27,1987-05-01,0,True,True
1987-05-08,1.8069465824405981,1.8402045558964155,1.7792327884298009,1.8180327415466309,5,0,0,1987-05-04,1987-05-08,0,True,True
1987-05-15,1.8180322450953492,1.8623753346612759,1.7903179497360375,1.8069461584091187,5,0,0,1987-05-11,1987-05-15,0,True,True
1987-05-22,1.8069471565886277,1.8235756936039269,1.7293481501480701,1.7626053094863892,5,0,0,1987-05-18,1987-05-22,0,True,True
1987-05-29,1.762604600729178,1.7903184341850371,1.757061649853068,1.7792328596115112,4,0,0,1987-05-26,1987-05-29,0,True,True
1987-06-05,1.7736910561180128,1.8402040004730225,1.7515197224330901,1.8402040004730225,5,0,0,1987-06-01,1987-06-05,0,True,True
1987-06-12,1.840204211629866,2.0120297565560232,1.81249040429258,1.9954013824462893,5,0,0,1987-06-08,1987-06-12,0,True,True
1987-06-19,1.9954013824462893,2.0286582902440196,1.9011752605438232,1.9011752605438232,5,0,0,1987-06-15,1987-06-19,0,True,True
1987-06-26,1.9233462072118963,1.945517455533657,1.8956320707801879,1.9067176580429077,5,0,0,1987-06-22,1987-06-26,0,True,True
1987-07-03,1.9067172271310631,1.9288892321489366,1.8845463991165161,1.8845463991165161,4,0,0,1987-06-29,1987-07-02,0,True,True
1987-07-10,1.8845456075637472,1.9510598182678223,1.8790029760869797,1.9344316720962524,5,0,0,1987-07-06,1987-07-10,0,True,True
1987-07-17,1.9344316720962524,1.9399746254374526,1.8900894367271557,1.9067176580429077,5,0,0,1987-07-13,1987-07-17,0,True,True
1987-07-24,1.873460920177044,1.873460920177044,1.8069461584091187,1.8457460403442383,5,0,0,1987-07-20,1987-07-24,0,True,True
1987-07-31,1.845746633641826,1.86791741409873,1.8235757818100078,1.8623747825622556,5,0,0,1987-07-27,1987-07-31,0,True,True
1987-08-07,1.8623753346612759,1.884546186536207,1.8291189670562744,1.8568320274353027,5,0,0,1987-08-03,1987-08-07,0,True,True
1987-08-14,1.8623756281486841,2.0342000889713199,1.8623756281486841,1.9954013824462893,5,0,0,1987-08-10,1987-08-14,0,True,True
1987-08-21,1.9954022168218539,2.0120295397185406,1.9233464037271777,1.9455163478851321,5,0,0,1987-08-17,1987-08-21,0,True,True
1987-08-28,1.9455170608414318,1.9954021297172768,1.9067176580429077,1.9067176580429077,5,0,0,1987-08-24,1987-08-28,0,True,True
1987-09-04,1.9067173480515365,1.9566024826235213,1.8845463991165161,1.9122594594955442,5,0,0,1987-08-31,1987-09-04,0,True,True
1987-09-11,1.8956317720519751,1.8956317720519751,1.8291184185356695,1.8790037631988528,4,0,0,1987-09-08,1987-09-11,0,True,True
1987-09-18,1.8790035219495476,1.8845461550364855,1.8291189670562744,1.8291189670562744,5,0,0,1987-09-14,1987-09-18,0,True,True
1987-09-25,1.8291173160775021,1.9621453104964239,1.7792333215773866,1.9233459234237669,5,0,0,1987-09-21,1987-09-25,0,True,True
1987-10-02,1.9233464004160925,1.9455172562727374,1.8180327415466309,1.9067176580429077,5,0,0,1987-09-28,1987-10-02,0,True,True
1987-10-09,1.912260653331108,1.923345612082149,1.862374762500171,1.8679175376892092,5,0,0,1987-10-05,1987-10-09,0,True,True
1987-10-16,1.8568323823250894,1.8790029963281889,1.6628351637105121,1.673920750617981,5,0,0,1987-10-12,1987-10-16,0,True,True
1987-10-23,1.4248514175415039,1.6492376875488008,1.1668079888906489,1.3855839967727661,5,0,0,1987-10-19,1987-10-23,0,True,True
1987-10-30,1.2565629365114321,1.5594831676010792,1.1555890346624318,1.5146058797836304,5,0,0,1987-10-26,1987-10-30,0,True,True
1987-11-06,1.5482643796338504,1.5594837054576911,1.3968042743363593,1.4809485673904419,5,0,0,1987-11-02,1987-11-06,0,True,True
1987-11-13,1.4753388500646916,1.4753388500646916,1.323877810151487,1.3575363159179688,5,0,0,1987-11-09,1987-11-13,0,True,True
1987-11-20,1.3575363159179688,1.3799749700827186,1.2341236838461946,1.2733912467956543,5,0,0,1987-11-16,1987-11-20,0,True,True
1987-11-27,1.2733909014910607,1.2790012066359542,1.2285138488285177,1.2341233491897583,4,0,0,1987-11-23,1987-11-27,0,True,True
1987-12-04,1.2285139124512223,1.2285139124512223,1.0994917663584687,1.1275399923324585,5,0,0,1987-11-30,1987-12-04,0,True,True
1987-12-11,1.1219304117390463,1.2341233517826289,1.1107110890487575,1.1611983776092529,5,0,0,1987-12-07,1987-12-11,0,True,True
1987-12-18,1.1555886454177995,1.2677816152572632,1.1107105665444503,1.2677816152572632,5,0,0,1987-12-14,1987-12-18,0,True,True
1987-12-25,1.2565619347220656,1.2733914117124527,1.217294525099077,1.2397333383560181,4,0,0,1987-12-21,1987-12-24,0,True,True
1988-01-01,1.2453433782049308,1.2453433782049308,1.1499792432753,1.1555887460708618,4,0,0,1987-12-28,1987-12-31,0,True,True
1988-01-08,1.161197705645002,1.3968033309903185,1.161197705645002,1.3463164567947388,5,0,0,1988-01-04,1988-01-08,0,True,True
1988-01-15,1.3350971937179565,1.351927069678337,1.2902207374572754,1.307049036026001,5,0,0,1988-01-11,1988-01-15,0,True,True
1988-01-22,1.3070489648999821,1.3407076597213745,1.2733915016758088,1.2993384599685669,5,0,0,1988-01-18,1988-01-22,0,True,True
1988-01-29,1.2993391639332896,1.3449287414550781,1.2993379812974117,1.3449287414550781,5,0,0,1988-01-25,1988-01-29,0,True,True
1988-02-05,1.3620254875667694,1.4190141172080806,1.2765427878613358,1.4019176959991455,5,0,0,1988-02-01,1988-02-05,0,True,True
1988-02-12,1.3905200958251953,1.4076165185506724,1.3620262145996094,1.3620262145996094,5,0,0,1988-02-08,1988-02-12,0,True,True
1988-02-19,1.36772406197076,1.3734239339828491,1.3506276455296824,1.3734239339828491,4,0,0,1988-02-16,1988-02-19,0,True,True
1988-02-26,1.3677241994958762,1.390519724507197,1.2822423980672202,1.2879410982131958,5,0,0,1988-02-22,1988-02-26,0,True,True
1988-03-04,1.29363935161164,1.3734238855225231,1.2879406534336622,1.3677247762680054,5,0,0,1988-02-29,1988-03-04,0,True,True
1988-03-11,1.3563264628151828,1.3677241841752872,1.3050371359244568,1.3164348602294922,5,0,0,1988-03-07,1988-03-11,0,True,True
1988-03-18,1.3164343976762498,1.3848208205090733,1.3050366773760116,1.3506278991699219,5,0,0,1988-03-14,1988-03-18,0,True,True
1988-03-25,1.3563278819816647,1.476003159897465,1.3107371949456474,1.4361112117767334,5,0,0,1988-03-21,1988-03-25,0,True,True
1988-04-01,1.4247128148966819,1.4703046484573568,1.3962186701674129,1.4304124116897583,4,0,0,1988-03-28,1988-03-31,0,True,True
1988-04-08,1.4247129412761494,1.5557869804254165,1.3848210593992536,1.5101957321166992,5,0,0,1988-04-04,1988-04-08,0,True,True
1988-04-15,1.5101966101447255,1.5500880658665834,1.4133159923083474,1.4190146923065186,5,0,0,1988-04-11,1988-04-15,0,True,True
1988-04-22,1.4282661268229557,1.4918736046694829,1.3935727297068983,1.4167022705078125,5,0,0,1988-04-18,1988-04-22,0,True,True
1988-04-29,1.4167013574246501,1.4456137946396732,1.3877890369205332,1.4051363468170166,5,0,0,1988-04-25,1988-04-29,0,True,True
1988-05-06,1.4051370326109167,1.4109197505755184,1.3935720920562744,1.3993548154830933,5,0,0,1988-05-02,1988-05-06,0,True,True
1988-05-13,1.3993547318887218,1.4340489701055148,1.3993547318887218,1.4224840402603149,5,0,0,1988-05-09,1988-05-13,0,True,True
1988-05-20,1.4224839350355007,1.5092209188047156,1.3704421900774497,1.3935720920562744,5,0,0,1988-05-16,1988-05-20,0,True,True
1988-05-27,1.3877900115494266,1.4629612238026968,1.3820077095885088,1.4571785926818848,5,0,0,1988-05-23,1988-05-27,0,True,True
1988-06-03,1.4513959830820713,1.5150038837908355,1.4513959830820713,1.4918739795684814,4,0,0,1988-05-31,1988-06-03,0,True,True
1988-06-10,1.4860913817975658,1.5670454093938817,1.4860913817975658,1.5439149141311646,5,0,0,1988-06-06,1988-06-10,0,True,True
1988-06-17,1.5439156965194449,1.5612631616289614,1.5034386679117433,1.5265685319900513,5,0,0,1988-06-13,1988-06-17,0,True,True
1988-06-24,1.5207858994919223,1.6190870807711681,1.5207858994919223,1.5786097049713135,5,0,0,1988-06-20,1988-06-24,0,True,True
1988-07-01,1.590175163288531,1.6306528135776941,1.5786097049713135,1.6133044958114624,5,0,0,1988-06-27,1988-07-01,0,True,True
1988-07-08,1.6190865202174203,1.671128511428833,1.6075231669395285,1.6190879344940186,4,0,0,1988-07-05,1988-07-08,0,True,True
1988-07-15,1.607522727841062,1.6248700618743896,1.5728276190580537,1.6248700618743896,5,0,0,1988-07-11,1988-07-15,0,True,True
1988-07-22,1.6225261572443985,1.6283846804838187,1.5756667076268365,1.5873817205429077,5,0,0,1988-07-18,1988-07-22,0,True,True
1988-07-29,1.5815244493095597,1.6283846804838187,1.5815244493095597,1.6049544811248779,5,0,0,1988-07-25,1988-07-29,0,True,True
1988-08-05,1.6108110343155566,1.6986749590477777,1.6049536978593097,1.6693875789642332,5,0,0,1988-08-01,1988-08-05,0,True,True
1988-08-12,1.6811027719471048,1.6811027719471048,1.6049538093767843,1.622527003288269,5,0,0,1988-08-08,1988-08-12,0,True,True
1988-08-19,1.6225267944978659,1.6752445320419826,1.6166687080496922,1.6576707363128662,5,0,0,1988-08-15,1988-08-19,0,True,True
1988-08-26,1.6459580400800375,1.6869591474533081,1.6400988524273048,1.6869591474533081,5,0,0,1988-08-22,1988-08-26,0,True,True
1988-09-02,1.6869586005530437,1.6869586005530437,1.6049549653222153,1.6108123064041138,5,0,0,1988-08-29,1988-09-02,0,True,True
1988-09-09,1.6108128022955819,1.6459580400800375,1.6049554594104902,1.6283844709396362,4,0,0,1988-09-06,1988-09-09,0,True,True
1988-09-16,1.6283838313855448,1.6693875789642332,1.6108117788923695,1.6635295152664187,5,0,0,1988-09-12,1988-09-16,0,True,True
1988-09-23,1.6635280709762179,1.6635304060135712,1.6283855055073744,1.645957350730896,5,0,0,1988-09-19,1988-09-23,0,True,True
1988-09-30,1.6459557297083776,1.6693857429173551,1.6283855055073744,1.6518138647079468,5,0,0,1988-09-26,1988-09-30,0,True,True
1988-10-07,1.6342412233352663,1.6811009268189079,1.5463794264409556,1.6752444505691528,5,0,0,1988-10-03,1988-10-07,0,True,True
1988-10-14,1.6752441334650006,1.7221050262451172,1.6693867951098458,1.6928160190582275,5,0,0,1988-10-10,1988-10-14,0,True,True
1988-10-21,1.6918671131134033,1.7037395421544057,1.6681213890109083,1.6859302520751953,5,0,0,1988-10-17,1988-10-21,0,True,True
1988-10-28,1.6799941585736802,1.6859303724451571,1.6562493333059853,1.6740576028823853,5,0,0,1988-10-24,1988-10-28,0,True,True
1988-11-04,1.6740576028823853,1.6978033781051636,1.6681215713916875,1.6978033781051636,5,0,0,1988-10-31,1988-11-04,0,True,True
1988-11-11,1.6918671131134033,1.7037402391433716,1.6859302520751953,1.6859302520751953,5,0,0,1988-11-07,1988-11-11,0,True,True
1988-11-18,1.6859306788710051,1.6859306788710051,1.6621848333196132,1.6621855497360229,5,0,0,1988-11-14,1988-11-18,0,True,True
1988-11-25,1.668121698884677,1.668121698884677,1.6265663432613491,1.632502555847168,4,0,0,1988-11-21,1988-11-25,0,True,True
1988-12-02,1.6265676099931077,1.674058149747736,1.6146937609770378,1.6621855497360229,5,0,0,1988-11-28,1988-12-02,0,True,True
1988-12-09,1.6443765800175381,1.6978033781051636,1.6443765800175381,1.6978033781051636,5,0,0,1988-12-05,1988-12-09,0,True,True
1988-12-16,1.7096765547618817,1.7571674799694479,1.7037399968372158,1.7393580675125122,5,0,0,1988-12-12,1988-12-16,0,True,True
1988-12-23,1.733421852849129,1.7512312638647289,1.7334216833114622,1.7334216833114622,5,0,0,1988-12-19,1988-12-23,0,True,True
1988-12-30,1.7393578973942529,1.7690408324925886,1.7274849564989261,1.7571680545806885,4,0,0,1988-12-27,1988-12-30,0,True,True
1989-01-06,1.7452950477600098,1.786850170270468,1.7452950477600098,1.7512317895889282,4,0,0,1989-01-03,1989-01-06,0,True,True
1989-01-13,1.7452955717021417,1.8517950773239136,1.7452955717021417,1.8517950773239136,5,0,0,1989-01-09,1989-01-13,0,True,True
1989-01-20,1.8578079793695326,1.8638201399141592,1.8217332902094605,1.827745795249939,5,0,0,1989-01-16,1989-01-20,0,True,True
1989-01-27,1.8036964674738079,1.8878687838627162,1.8036964674738079,1.8758441209793091,5,0,0,1989-01-23,1989-01-27,0,True,True
1989-02-03,1.8698323433324733,1.8758445029018231,1.8397704148566205,1.8517950773239136,5,0,0,1989-01-30,1989-02-03,0,True,True
1989-02-10,1.8517959409111195,1.9179306805660561,1.8337581742411089,1.9119185209274292,5,0,0,1989-02-06,1989-02-10,0,True,True
1989-02-17,1.8938815245909433,2.1163376037070138,1.8878690193029759,2.1103250980377197,5,0,0,1989-02-13,1989-02-17,0,True,True
1989-02-24,2.0922882381817685,2.104312903124935,2.002102593390819,2.0201399326324463,4,0,0,1989-02-21,1989-02-24,0,True,True
1989-03-03,2.0141276887105501,2.0682387170124703,1.9960906933316902,2.038177490234375,5,0,0,1989-02-27,1989-03-03,0,True,True
1989-03-10,2.0441900453162294,2.1524100477406325,2.0441900453162294,2.0742518901824951,5,0,0,1989-03-06,1989-03-10,0,True,True
1989-03-17,2.0682382811512481,2.1704488065303114,2.0682382811512481,2.1524114608764648,5,0,0,1989-03-13,1989-03-17,0,True,True
1989-03-24,2.1584229618879807,2.1584229618879807,2.0983004328920587,2.1103250980377197,4,0,0,1989-03-20,1989-03-23,0,True,True
1989-03-31,2.110324882499675,2.1223489797668824,2.0862759008575242,2.1163368225097656,5,0,0,1989-03-27,1989-03-31,0,True,True
1989-04-07,2.1163364186954774,2.1704494984325189,2.1163364186954774,2.1584253311157227,5,0,0,1989-04-03,1989-04-07,0,True,True
1989-04-14,2.1524111981887284,2.2065224901910336,2.1524111981887284,2.1824724674224854,5,0,0,1989-04-10,1989-04-14,0,True,True
1989-04-21,2.1815009924001894,2.2118839984464893,2.1693477630615234,2.1875760555267334,5,0,0,1989-04-17,1989-04-21,0,True,True
1989-04-28,2.1875774686193195,2.2058073129314604,2.1632696121449353,2.1875760555267334,5,0,0,1989-04-24,1989-04-28,0,True,True
1989-05-05,2.1875763948793501,2.2058069291167821,2.1146585128298732,2.1268117427825928,5,0,0,1989-05-01,1989-05-05,0,True,True
1989-05-12,2.1268123254101949,2.181500649210431,2.0903524506169,2.1754238605499268,5,0,0,1989-05-08,1989-05-12,0,True,True
1989-05-19,2.1815006579412537,2.2058069379448844,2.1632706331231848,2.1814999580383301,5,0,0,1989-05-15,1989-05-19,0,True,True
1989-05-26,2.1936544291129128,2.4124114513397217,2.1815010246474329,2.4124114513397217,5,0,0,1989-05-22,1989-05-26,0,True,True
1989-06-02,2.4063350125587166,2.491409498574201,2.3881049964271686,2.473179817199707,4,0,0,1989-05-30,1989-06-02,0,True,True
1989-06-09,2.4792541430294217,2.594709818605117,2.4245642466140294,2.5764801502227783,5,0,0,1989-06-05,1989-06-09,0,True,True
1989-06-16,2.570401768373034,2.576478553998558,2.5157134532928467,2.527867317199707,5,0,0,1989-06-12,1989-06-16,0,True,True
1989-06-23,2.5278664784244418,2.5339432659967884,2.4245626926422119,2.461024284362793,5,0,0,1989-06-19,1989-06-23,0,True,True
1989-06-30,2.454947554338788,2.5035604603401671,2.3516458256850314,2.3698756694793701,5,0,0,1989-06-26,1989-06-30,0,True,True
1989-07-07,2.3820257186889648,2.4367172718048096,2.3637960741782247,2.4367172718048096,4,0,0,1989-07-03,1989-07-07,0,True,True
1989-07-14,2.4427940845489502,2.5339432913509867,2.4306406600951149,2.5157134532928467,5,0,0,1989-07-10,1989-07-14,0,True,True
1989-07-21,2.514732219024145,2.5392669957372509,2.4656649762776541,2.4717986583709717,5,0,0,1989-07-17,1989-07-21,0,True,True
1989-07-28,2.4656639099121094,2.5883352875207444,2.4472647832359256,2.5822019577026367,5,0,0,1989-07-24,1989-07-28,0,True,True
1989-08-04,2.5883324480131926,2.6987385749816895,2.5883324480131926,2.6803367137908936,5,0,0,1989-07-31,1989-08-04,0,True,True
1989-08-11,2.6742043898214707,2.6742043898214707,2.6128697395324707,2.6190018653869629,5,0,0,1989-08-07,1989-08-11,0,True,True
1989-08-18,2.6128677487927754,2.6128677487927754,2.5269997119903564,2.5269997119903564,5,0,0,1989-08-14,1989-08-18,0,True,True
1989-08-25,2.5208663029653913,2.6006007433307223,2.4840656237619032,2.5822019577026367,5,0,0,1989-08-21,1989-08-25,0,True,True
1989-09-01,2.5944670640147147,2.6190011749468889,2.5760667324066162,2.6067361831665039,5,0,0,1989-08-28,1989-09-01,0,True,True
1989-09-08,2.6128675254985052,2.6374017109109138,2.5944691677576581,2.6190018653869629,4,0,0,1989-09-05,1989-09-08,0,True,True
1989-09-15,2.6251365914105347,2.6251365914105347,2.4349963507858736,2.4717986583709717,5,0,0,1989-09-11,1989-09-15,0,True,True
1989-09-22,2.47179742721225,2.47179742721225,2.3736626239281744,2.4043281078338623,5,0,0,1989-09-18,1989-09-22,0,True,True
1989-09-29,2.3797957379904093,2.4043301521631184,2.3245950453716722,2.3920631408691406,5,0,0,1989-09-25,1989-09-29,0,True,True
1989-10-06,2.3920611069701536,2.5208666824787493,2.3736606056745906,2.4901993274688721,5,0,0,1989-10-02,1989-10-06,0,True,True
1989-10-13,2.4901988953269929,2.4901989983106803,2.2693921285331715,2.2755258083343506,5,0,0,1989-10-09,1989-10-13,0,True,True
1989-10-20,2.1839497193243957,2.3328545093536377,2.1839497193243957,2.2956271171569824,5,0,0,1989-10-16,1989-10-20,0,True,True
1989-10-27,2.2894242163835603,2.2894242163835603,2.1032934599387487,2.1343128681182861,5,0,0,1989-10-23,1989-10-27,0,True,True
1989-11-03,2.1405195093380187,2.2211768977467248,2.1281102089713313,2.1467232704162598,5,0,0,1989-10-30,1989-11-03,0,True,True
1989-11-10,2.1529271262744047,2.1529289667652356,2.0846792090436184,2.1467232704162598,5,0,0,1989-11-06,1989-11-10,0,True,True
1989-11-17,2.1529260977052904,2.2025621206513888,2.1343125171822148,2.1839494705200195,5,0,0,1989-11-13,1989-11-17,0,True,True
1989-11-24,2.1839485520232413,2.1839485520232413,2.1156998204138056,2.1591331958770752,4,0,0,1989-11-20,1989-11-24,0,True,True
1989-12-01,2.1591309142442494,2.1591309142442494,1.9171598144081143,2.066065788269043,5,0,0,1989-11-27,1989-12-01,0,True,True
1989-12-08,2.0784738704257428,2.1467222048515464,1.9978176490153321,2.0040218830108643,5,0,0,1989-12-04,1989-12-08,0,True,True
1989-12-15,2.0164306163787842,2.0288394410574426,1.9667945226019512,1.9792033433914182,5,0,0,1989-12-11,1989-12-15,0,True,True
1989-12-22,1.985408317189616,1.9978171392675266,1.8302980420440675,1.9916131496429446,5,0,0,1989-12-18,1989-12-22,0,True,True
1989-12-29,2.0102272033691406,2.0536567566520492,1.9854083365004325,1.9978171586990356,4,0,0,1989-12-26,1989-12-29,0,True,True
1990-01-05,1.991612643342239,2.0722700358720312,1.991612643342239,2.053657054901123,4,0,0,1990-01-02,1990-01-05,0,True,True
1990-01-12,2.0474511205562225,2.0660641664124348,1.9367800465975782,1.9493561983108521,5,0,0,1990-01-08,1990-01-12,0,True,True
1990-01-19,1.9493561983108521,1.9682211500423217,1.8235900972402901,1.9179162979125977,5,0,0,1990-01-15,1990-01-19,0,True,True
1990-01-26,1.9242025714812012,1.9242025714812012,1.8173032726310994,1.8361684083938599,5,0,0,1990-01-22,1990-01-26,0,True,True
1990-02-02,1.8487457989348053,1.8801858425140383,1.735555717157095,1.8801858425140383,5,0,0,1990-01-29,1990-02-02,0,True,True
1990-02-09,1.8927613027039742,1.8927613027039742,1.8235900111401586,1.8424556255340576,5,0,0,1990-02-05,1990-02-09,0,True,True
1990-02-16,1.8424556255340576,1.9242027184761541,1.8235908606546747,1.8990495204925537,5,0,0,1990-02-12,1990-02-16,0,True,True
1990-02-23,1.8864736642182414,1.9242034190097264,1.8361677590811201,1.8801858425140383,4,0,0,1990-02-20,1990-02-23,0,True,True
1990-03-02,1.8801847951930835,1.9367800044586174,1.8676082876821927,1.93049156665802,5,0,0,1990-02-26,1990-03-02,0,True,True
1990-03-09,1.9304907064276278,1.9870847892152712,1.9116259445531674,1.9745088815689087,5,0,0,1990-03-05,1990-03-09,0,True,True
1990-03-16,1.9807975292205811,1.9870856046498779,1.8801843681862285,1.8927608728408813,5,0,0,1990-03-12,1990-03-16,0,True,True
1990-03-23,1.8864727020263672,1.8864727020263672,1.7166911519540016,1.766997218132019,5,0,0,1990-03-19,1990-03-23,0,True,True
1990-03-30,1.7795737314044613,1.7921502446769035,1.6600969103750223,1.7229794263839722,5,0,0,1990-03-26,1990-03-30,0,True,True
1990-04-06,1.7104029655456543,1.7229794792382414,1.4714489001204551,1.5091785192489624,5,0,0,1990-04-02,1990-04-06,0,True,True
1990-04-13,1.5343318172780325,1.5972150827026379,1.5343318172780325,1.578350305557251,4,0,0,1990-04-09,1990-04-12,0,True,True
1990-04-20,1.5798848370221941,1.6502435404542535,1.5798848370221941,1.6118663549423218,5,0,0,1990-04-16,1990-04-20,0,True,True
1990-04-27,1.5990735710810366,1.611866445362889,1.5606958866119385,1.5606958866119385,5,0,0,1990-04-23,1990-04-27,0,True,True
1990-05-04,1.5670921033763103,1.6374509334564209,1.5542992137679554,1.6374509334564209,5,0,0,1990-04-30,1990-05-04,0,True,True
1990-05-11,1.6502446640606976,1.7525838154941014,1.6502446640606976,1.7461873292922976,5,0,0,1990-05-07,1990-05-11,0,True,True
1990-05-18,1.7333954731516008,1.7845657166143332,1.7333954731516008,1.7653768062591553,5,0,0,1990-05-14,1990-05-18,0,True,True
1990-05-25,1.7653776541316715,1.8357364603924571,1.7653776541316715,1.8293403387069702,5,0,0,1990-05-21,1990-05-25,0,True,True
1990-06-01,1.8165477548955571,1.9508694539531373,1.8165477548955571,1.8869067430496216,4,0,0,1990-05-29,1990-06-01,0,True,True
1990-06-08,1.899699287300378,2.0084360944317576,1.8613212765256553,1.8996989727020264,5,0,0,1990-06-04,1990-06-08,0,True,True
1990-06-15,1.8933028952340254,1.9124919936752136,1.7653768062591553,1.7653768062591553,5,0,0,1990-06-11,1990-06-15,0,True,True
1990-06-22,1.7461879794166728,1.7589807199078342,1.6630366802474239,1.675829291343689,5,0,0,1990-06-18,1990-06-22,0,True,True
1990-06-29,1.6694325764634321,1.6694325764634321,1.5990741891185838,1.6310551166534424,5,0,0,1990-06-25,1990-06-29,0,True,True
1990-07-06,1.6246592056228746,1.6438479423522949,1.586282064386531,1.5926781892776489,4,0,0,1990-07-02,1990-07-06,0,True,True
1990-07-13,1.5798854476433482,1.6246590581218594,1.528714234305395,1.5351103544235229,5,0,0,1990-07-09,1990-07-13,0,True,True
1990-07-20,1.5301626098999033,1.5301626098999033,1.3869124010099756,1.4129579067230225,5,0,0,1990-07-16,1990-07-20,0,True,True
1990-07-27,1.3999357439899376,1.4585370418804369,1.3478449244273614,1.3543561697006226,5,0,0,1990-07-23,1990-07-27,0,True,True
1990-08-03,1.3673797544423751,1.3673797544423751,1.2306410411910655,1.2762203216552734,5,0,0,1990-07-30,1990-08-03,0,True,True
1990-08-10,1.2371529340744019,1.315288782119751,1.2111078429820621,1.2892426252365112,5,0,0,1990-08-06,1990-08-10,0,True,True
1990-08-17,1.2697088008651924,1.2957539691383857,1.2501754780980074,1.2631982564926147,5,0,0,1990-08-13,1990-08-17,0,True,True
1990-08-24,1.2631977726434882,1.276220452318416,1.1785507789633805,1.1850619316101074,5,0,0,1990-08-20,1990-08-24,0,True,True
1990-08-31,1.1980846976205333,1.2436644646092396,1.1980846976205333,1.2241301536560059,5,0,0,1990-08-27,1990-08-31,0,True,True
1990-09-07,1.2306413067689752,1.2436639879209563,1.1915723539814325,1.1980838775634766,4,0,0,1990-09-04,1990-09-07,0,True,True
1990-09-14,1.2045950262197351,1.2762201418411594,1.1785508178423618,1.2176183462142944,5,0,0,1990-09-10,1990-09-14,0,True,True
1990-09-21,1.2111073787725144,1.2306413067689752,1.0613467091272939,1.0678578615188599,5,0,0,1990-09-17,1990-09-21,0,True,True
1990-09-28,1.0418124747824071,1.0483240962465759,0.80089329469654347,0.91809731721878052,5,0,0,1990-09-24,1990-09-28,0,True,True
1990-10-05,0.93763083219528198,0.97018823435076296,0.8334500626253073,0.87902897596359242,5,0,0,1990-10-01,1990-10-05,0,True,True
1990-10-12,0.89856339157465714,0.95065367221832275,0.87251792658702876,0.95065367221832275,5,0,0,1990-10-08,1990-10-12,0,True,True
1990-10-19,0.96567535400390625,0.97908806517459757,0.91202698250521252,0.95226407051086426,5,0,0,1990-10-15,1990-10-19,0,True,True
1990-10-26,0.95226413123871256,0.99250041540534217,0.85837922057451965,0.86508512496948242,5,0,0,1990-10-22,1990-10-26,0,True,True
1990-11-02,0.87179052129339085,0.92543905973434448,0.71084462331871467,0.92543905973434448,5,0,0,1990-10-29,1990-11-02,0,True,True
1990-11-09,0.93885150120817717,1.0059121365484287,0.92543931206207442,0.93885159492492676,5,0,0,1990-11-05,1990-11-09,0,True,True
1990-11-16,0.94555784254002673,1.0528546131173302,0.94555784254002673,1.0059120655059814,5,0,0,1990-11-12,1990-11-16,0,True,True
1990-11-23,1.0327365301245786,1.0595608982081954,0.93885137380579131,0.96567535400390625,4,0,0,1990-11-19,1990-11-23,0,True,True
1990-11-30,0.96567535400390625,0.97908753717291197,0.94555727232034592,0.96567535400390625,5,0,0,1990-11-26,1990-11-30,0,True,True
1990-12-07,0.97908760088738411,1.220507006119764,0.96567541684557578,1.0796794891357422,5,0,0,1990-12-03,1990-12-07,0,True,True
1990-12-14,1.0863853906418943,1.0930916782881155,0.93214499261636596,0.96567535400390625,5,0,0,1990-12-10,1990-12-14,0,True,True
1990-12-21,0.94555749501886066,1.0461492070385485,0.93214521215600832,1.0327370166778564,5,0,0,1990-12-17,1990-12-21,0,True,True
1990-12-28,1.0327370166778564,1.0461492070385485,0.94555717706680298,0.94555717706680298,4,0,0,1990-12-24,1990-12-28,0,True,True
1991-01-04,0.95226407051086426,0.99250041540534217,0.92543959317199975,0.97908812761306752,4,0,0,1990-12-31,1991-01-04,0,True,True
1991-01-11,0.97238177061080933,0.98579444998063581,0.93214549530290691,0.97238177061080933,5,0,0,1991-01-07,1991-01-11,0,True,True
1991-01-18,0.94640745480979349,1.0500287139741584,0.91186714172363281,1.0223959684371948,5,0,0,1991-01-14,1991-01-18,0,True,True
1991-01-25,1.0223965661359418,1.1260177622898269,1.0085802726916231,1.1122015714645386,5,0,0,1991-01-21,1991-01-25,0,True,True
1991-02-01,1.1122015714645386,1.2641793181619729,1.1052931777233657,1.2365472316741943,5,0,0,1991-01-28,1991-02-01,0,True,True
1991-02-08,1.2572706691495219,1.3954330649326503,1.2434543855589444,1.3885247707366943,5,0,0,1991-02-04,1991-02-08,0,True,True
1991-02-15,1.4023407181747394,1.5405028198270572,1.4023407181747394,1.4645148515701294,5,0,0,1991-02-11,1991-02-15,0,True,True
1991-02-22,1.4506983757019043,1.4576066739294862,1.3608923451699459,1.4092487096786499,4,0,0,1991-02-19,1991-02-22,0,True,True
1991-03-01,1.4299736639950471,1.5335946083068848,1.4092486394390793,1.5335946083068848,5,0,0,1991-02-25,1991-03-01,0,True,True
1991-03-08,1.5405041726147433,1.7132047656271012,1.5405041726147433,1.5681337118148804,5,0,0,1991-03-04,1991-03-08,0,True,True
1991-03-15,1.5819514989852905,1.5957676936000125,1.5197776556015015,1.5197776556015015,5,0,0,1991-03-11,1991-03-15,0,True,True
1991-03-22,1.5197782348720901,1.5197782348720901,1.4368821770183386,1.4506983757019043,5,0,0,1991-03-18,1991-03-22,0,True,True
1991-03-29,1.4506971172120615,1.6510319708388506,1.4506971172120615,1.6164911985397339,4,0,0,1991-03-25,1991-03-28,0,True,True
1991-04-05,1.6095836579984668,1.6303080806939469,1.5197784373390071,1.5819514989852905,5,0,0,1991-04-01,1991-04-05,0,True,True
1991-04-12,1.5819509234547877,1.6510328571568587,1.3954331117705616,1.4783304929733276,5,0,0,1991-04-08,1991-04-12,0,True,True
1991-04-19,1.4645951175985623,1.541677910096303,1.4575872726040815,1.5066409111022949,5,0,0,1991-04-15,1991-04-19,0,True,True
1991-04-26,1.4926255572308778,1.5416791439056396,1.4716028254490956,1.5206555128097534,5,0,0,1991-04-22,1991-04-26,0,True,True
1991-05-03,1.4996328353881836,1.5136481181583503,1.3875113268887944,1.4155420064926147,5,0,0,1991-04-29,1991-05-03,0,True,True
1991-05-10,1.4015271557744109,1.6257699728012085,1.3945193066429995,1.5907320976257324,5,0,0,1991-05-06,1991-05-10,0,True,True
1991-05-17,1.5907321409242634,1.5977400870157916,1.5206555128097534,1.5416791439056396,5,0,0,1991-05-13,1991-05-17,0,True,True
1991-05-24,1.5486870918443119,1.6187628207704621,1.5206564097242519,1.6047475337982178,5,0,0,1991-05-20,1991-05-24,0,True,True
1991-05-31,1.6327778411010196,1.7729313660609343,1.618762556417549,1.7378933429718018,4,0,0,1991-05-28,1991-05-31,0,True,True
1991-06-07,1.7449005842208862,1.9411144011808257,1.7238780548182329,1.8430075645446777,5,0,0,1991-06-03,1991-06-07,0,True,True
1991-06-14,1.8500152005324348,1.8570226435792156,1.7308846911120146,1.8009610176086426,5,0,0,1991-06-10,1991-06-14,0,True,True
1991-06-21,1.7939534743366456,1.8079687594976748,1.6958464384078979,1.7028549909591675,5,0,0,1991-06-17,1991-06-21,0,True,True
1991-06-28,1.7028539059349119,1.7098617493828945,1.5276630341938584,1.5346704721450806,5,0,0,1991-06-24,1991-06-28,0,True,True
1991-07-05,1.5416787375522392,1.5977400870157916,1.4716028254490956,1.4856181144714355,4,0,0,1991-07-01,1991-07-05,0,True,True
1991-07-12,1.4716029934228043,1.6608084108957428,1.464595549863509,1.6467931270599365,5,0,0,1991-07-08,1991-07-12,0,True,True
1991-07-19,1.7606689954337957,1.8316648478699751,1.6754744697689927,1.7464693784713745,5,0,0,1991-07-15,1991-07-19,0,True,True
1991-07-26,1.7464701278514669,1.7748676538467407,1.6825744466460628,1.7535690069198608,5,0,0,1991-07-22,1991-07-26,0,True,True
1991-08-02,1.7606689954337957,1.8174646573920346,1.746470028845289,1.7819676399230957,5,0,0,1991-07-29,1991-08-02,0,True,True
1991-08-09,1.7890671248070025,1.8955592971668651,1.7677684895426233,1.8600624799728394,5,0,0,1991-08-05,1991-08-09,0,True,True
1991-08-16,1.9310557326682067,2.0517488472401437,1.8671608160171917,1.8955589532852173,5,0,0,1991-08-12,1991-08-16,0,True,True
1991-08-23,1.8032659985887576,1.9168571108546721,1.774867856168902,1.8174653053283691,5,0,0,1991-08-19,1991-08-23,0,True,True
1991-08-30,1.8316642769788869,1.8387635584082851,1.7890666656704337,1.7961676120758057,5,0,0,1991-08-26,1991-08-30,0,True,True
1991-09-06,1.7890671248070025,1.7961668140867428,1.675475819225676,1.6967744827270508,4,0,0,1991-09-03,1991-09-06,0,True,True
1991-09-13,1.6896742966736757,1.7748681859978528,1.6896742966736757,1.7038736343383789,5,0,0,1991-09-09,1991-09-13,0,True,True
1991-09-20,1.7180727081869622,1.7677676160270206,1.6896746626877259,1.7464693784713745,5,0,0,1991-09-16,1991-09-20,0,True,True
1991-09-27,1.7535694071523857,1.7961665137284939,1.7322707650865914,1.7535690069198608,5,0,0,1991-09-23,1991-09-27,0,True,True
1991-10-04,1.7535689588705285,1.7535696426877474,1.6044808850694987,1.6186800003051758,5,0,0,1991-09-30,1991-10-04,0,True,True
1991-10-11,1.6115804346731892,1.8114528627703186,1.6044806144011132,1.8042645454406738,5,0,0,1991-10-07,1991-10-11,0,True,True
1991-10-18,1.7970765290260717,1.8545825407288536,1.7826997041702271,1.8042645454406738,5,0,0,1991-10-14,1991-10-18,0,True,True
1991-10-25,1.8186409478406516,1.8905239030107259,1.7683222046571634,1.775510311126709,5,0,0,1991-10-21,1991-10-25,0,True,True
1991-11-01,1.7683236654883825,1.897713303565979,1.7683236654883825,1.8617705106735229,5,0,0,1991-10-28,1991-11-01,0,True,True
1991-11-08,1.847394610075255,1.9767836839174919,1.8042649044684183,1.9480308294296265,5,0,0,1991-11-04,1991-11-08,0,True,True
1991-11-15,1.9408423053776591,1.9767827987670901,1.7826997041702271,1.7826997041702271,5,0,0,1991-11-11,1991-11-15,0,True,True
1991-11-22,1.7683221101760864,1.7970749484244675,1.6964398738290245,1.7180048227310181,5,0,0,1991-11-18,1991-11-22,0,True,True
1991-11-29,1.7036282437866106,1.7036282437866106,1.6245570182800293,1.6245570182800293,4,0,0,1991-11-25,1991-11-29,0,True,True
1991-12-06,1.6245562602601153,1.7395691871643066,1.4807907564041709,1.5454856157302856,5,0,0,1991-12-02,1991-12-06,0,True,True
1991-12-13,1.5670502940579691,1.6029911783579673,1.4879788160324097,1.5742378234863281,5,0,0,1991-12-09,1991-12-13,0,True,True
1991-12-20,1.5814260740606041,1.6317441651287197,1.4951670264055332,1.602992057800293,5,0,0,1991-12-16,1991-12-20,0,True,True
1991-12-27,1.6029919572246227,1.9049004341208333,1.5886153245417436,1.8545824289321899,4,0,0,1991-12-23,1991-12-27,0,True,True
1992-01-03,1.8402066521462017,1.8545832908684454,1.7251931582912541,1.7970753908157349,4,0,0,1991-12-30,1992-01-03,0,True,True
1992-01-10,1.797075802146745,1.8689596279564771,1.7970750112586424,1.8402059078216553,5,0,0,1992-01-06,1992-01-10,0,True,True
1992-01-17,1.833018243904901,2.1780548578575845,1.7467582681986584,2.1131389141082764,5,0,0,1992-01-13,1992-01-17,0,True,True
1992-01-24,2.0986140161172959,2.1567087644946086,2.0695678213846587,2.1349244117736816,5,0,0,1992-01-20,1992-01-24,0,True,True
1992-01-31,2.1349235258045716,2.2583709474073665,2.1058774644883358,2.1131389141082764,5,0,0,1992-01-27,1992-01-31,0,True,True
1992-02-07,2.098615698460081,2.2075406131231592,2.0623076123410771,2.1421849727630615,5,0,0,1992-02-03,1992-02-07,0,True,True
1992-02-14,2.1567089883610042,2.2583701985304483,2.1421856715767387,2.2438468933105469,5,0,0,1992-02-10,1992-02-14,0,True,True
1992-02-21,2.2583706955931118,2.3455121396105514,2.2511105623536958,2.2946784496307373,4,0,0,1992-02-18,1992-02-21,0,True,True
1992-02-28,2.2874170054617013,2.3963415720406878,2.272893698994233,2.3455119132995605,5,0,0,1992-02-24,1992-02-28,0,True,True
1992-03-06,2.3309872150421143,2.3600338341981546,2.2438468933105469,2.2438468933105469,5,0,0,1992-03-02,1992-03-06,0,True,True
1992-03-13,2.2511083368558173,2.2728951456981705,2.156709208260279,2.1930160522460938,5,0,0,1992-03-09,1992-03-13,0,True,True
1992-03-20,2.2002769490267751,2.2728950199123181,2.1639688920641453,2.2511098384857178,5,0,0,1992-03-16,1992-03-20,0,True,True
1992-03-27,2.258371946783027,2.3092017560982057,2.185756216880868,2.2946784496307373,5,0,0,1992-03-23,1992-03-27,0,True,True
1992-04-03,2.2874173124260144,2.4181270599365234,2.2365870654840063,2.2583718299865723,5,0,0,1992-03-30,1992-04-03,0,True,True
1992-04-10,2.2656335334705706,2.3818202294906086,2.113137847048983,2.3237273693084717,5,0,0,1992-04-06,1992-04-10,0,True,True
1992-04-17,2.3092017560982057,2.410863251207537,2.2583703925267646,2.3818187713623047,4,0,0,1992-04-13,1992-04-16,0,True,True
1992-04-24,2.3601242099066533,2.4920565562497936,2.3234758374263249,2.4187602996826172,5,0,0,1992-04-20,1992-04-24,0,True,True
1992-05-01,2.389442061733456,2.4260902218667275,2.2575102952649475,2.3527944087982178,5,0,0,1992-04-27,1992-05-01,0,True,True
1992-05-08,2.3601240060851567,2.5140452527604045,2.3601240060851567,2.4993860721588135,5,0,0,1992-05-04,1992-05-08,0,True,True
1992-05-15,2.5287041810077255,2.5653521288543883,2.418761235114038,2.4334204196929932,5,0,0,1992-05-11,1992-05-15,0,True,True
1992-05-22,2.4407487686189326,2.5360338126421684,2.4041016735874976,2.4993860721588135,5,0,0,1992-05-18,1992-05-22,0,True,True
1992-05-29,2.484726762317409,2.484726762317409,2.3894419543602252,2.4627363681793213,4,0,0,1992-05-26,1992-05-29,0,True,True
1992-06-05,2.4627383316754585,2.5213747024536133,2.4554085303540405,2.4847254753112793,5,0,0,1992-06-01,1992-06-05,0,True,True
1992-06-12,2.4847249105300095,2.4847249105300095,2.3601240184287584,2.4041011333465576,5,0,0,1992-06-08,1992-06-12,0,True,True
1992-06-19,2.4041015753750812,2.4041015753750812,2.2501798333749683,2.2794985771179199,5,0,0,1992-06-15,1992-06-19,0,True,True
1992-06-26,2.2648390914593626,2.323475196843908,2.1768836831050642,2.2941572666168213,5,0,0,1992-06-22,1992-06-26,0,True,True
1992-07-03,2.3234757533306625,2.4920542839666027,2.3161463745287385,2.4627363681793213,4,0,0,1992-06-29,1992-07-02,0,True,True
1992-07-10,2.4260904096574918,2.462738203579351,2.3527943814597276,2.4627363681793213,5,0,0,1992-07-06,1992-07-10,0,True,True
1992-07-17,2.4627380474322078,2.4847266047761059,2.272168835593543,2.4041011333465576,5,0,0,1992-07-13,1992-07-17,0,True,True
1992-07-24,2.3748051462785456,2.493175802346745,2.3600086143231853,2.4635822772979736,5,0,0,1992-07-20,1992-07-24,0,True,True
1992-07-31,2.4561846256256104,2.4635825719246065,2.3969987192757189,2.4339892864227295,5,0,0,1992-07-27,1992-07-31,0,True,True
1992-08-07,2.4265920496459525,2.5523600613502779,2.4265920496459525,2.54496169090271,5,0,0,1992-08-03,1992-08-07,0,True,True
1992-08-14,2.537563326269038,2.5967487930728783,2.4857764456685452,2.5301649570465088,5,0,0,1992-08-10,1992-08-14,0,True,True
1992-08-21,2.5375641617624645,2.5671570094120773,2.4191946983337402,2.4191946983337402,5,0,0,1992-08-17,1992-08-21,0,True,True
1992-08-28,2.3969999613778761,2.5153700706182236,2.3452117405118909,2.4931745529174805,5,0,0,1992-08-24,1992-08-28,0,True,True
1992-09-04,2.5005729226267182,2.537563606209098,2.4561853485676437,2.4857778549194336,5,0,0,1992-08-31,1992-09-04,0,True,True
1992-09-11,2.4857768692344151,2.5079711287052047,2.404398375732915,2.4709804058074951,4,0,0,1992-09-08,1992-09-11,0,True,True
1992-09-18,2.4931748017272284,2.54496169090271,2.4265913963317871,2.4783782958984375,5,0,0,1992-09-14,1992-09-18,0,True,True
1992-09-25,2.4709804058074951,2.4931746096643588,2.4487866793266142,2.4561846256256104,5,0,0,1992-09-21,1992-09-25,0,True,True
1992-10-02,2.4487866793266142,2.60414719581604,2.4413883070381379,2.60414719581604,5,0,0,1992-09-28,1992-10-02,0,True,True
1992-10-09,2.5745545224177806,2.670730927918525,2.5227674204747332,2.574554443359375,5,0,0,1992-10-05,1992-10-09,0,True,True
1992-10-16,2.5893511772155762,2.7003227725758094,2.5819528058291197,2.6633319854736328,5,0,0,1992-10-12,1992-10-16,0,True,True
1992-10-23,2.6710933006419642,2.6860156359851755,2.6039432835755729,2.6487100124359131,5,0,0,1992-10-19,1992-10-23,0,True,True
1992-10-30,2.6487084664592064,2.8501603808666527,2.6487084664592064,2.7830104827880859,5,0,0,1992-10-26,1992-10-30,0,True,True
1992-11-06,2.7904717428522865,2.8576211929321289,2.7755485081769842,2.8576211929321289,5,0,0,1992-11-02,1992-11-06,0,True,True
1992-11-13,2.8501598834991455,2.9098493468086906,2.8128542788144832,2.8949267864227295,5,0,0,1992-11-09,1992-11-13,0,True,True
1992-11-20,2.8800028502773838,2.9769990532704429,2.8352376872721785,2.9396934509277344,5,0,0,1992-11-16,1992-11-20,0,True,True
1992-11-27,2.9322327684698206,3.0814548140451619,2.9247718180778066,3.0590715408325195,4,0,0,1992-11-23,1992-11-27,0,True,True
1992-12-04,3.0441495882835063,3.1038386821746826,2.954615647202913,2.9769997596740723,5,0,0,1992-11-30,1992-12-04,0,True,True
1992-12-11,2.9844609672911888,2.9844609672911888,2.8725432936880226,2.9023873805999756,5,0,0,1992-12-07,1992-12-11,0,True,True
1992-12-18,2.9023881479036442,3.2306794609096037,2.9023881479036442,3.1784512996673584,5,0,0,1992-12-14,1992-12-18,0,True,True
1992-12-25,3.1859124418476763,3.2232174831268501,3.1336844922814104,3.2082955837249756,4,0,0,1992-12-21,1992-12-24,0,True,True
1993-01-01,3.2008340068515078,3.2605235204835847,3.2008340068515078,3.2157576084136963,4,0,0,1992-12-28,1992-12-31,0,True,True
1993-01-08,3.1933727715869797,3.208295098348636,3.0739942426334186,3.1038386821746826,5,0,0,1993-01-04,1993-01-08,0,True,True
1993-01-15,3.1113009452819824,3.4259016843993306,3.1038395647641819,3.4108755588531494,5,0,0,1993-01-11,1993-01-15,0,True,True
1993-01-22,3.4033619955405978,3.6212382316589355,3.4033619955405978,3.4784932136535645,5,0,0,1993-01-18,1993-01-22,0,True,True
1993-01-29,3.4784909797031416,3.5310839120903581,3.3582847452760047,3.4033620357513428,5,0,0,1993-01-25,1993-01-29,0,True,True
1993-02-05,3.4033627723713948,3.4484407215024593,3.3883359432220459,3.3883359432220459,5,0,0,1993-02-01,1993-02-05,0,True,True
1993-02-12,3.3883359432220459,3.4033614155762164,3.275640397531594,3.305692195892334,5,0,0,1993-02-08,1993-02-12,0,True,True
1993-02-19,3.2906689998562428,3.2981817393182435,3.1253827275705124,3.2606174945831299,4,0,0,1993-02-16,1993-02-19,0,True,True
1993-02-26,3.2681306673768651,3.3507722432247524,3.2455911636352539,3.3357467651367188,5,0,0,1993-02-22,1993-02-26,0,True,True
1993-03-05,3.3507719623439676,3.4484403319692918,3.3282323234080633,3.4183876514434814,5,0,0,1993-03-01,1993-03-05,0,True,True
1993-03-12,3.4259007389221718,3.5310823521651655,3.4259007389221718,3.4709780216217041,5,0,0,1993-03-08,1993-03-12,0,True,True
1993-03-19,3.4409264355298586,3.5385959949043668,3.4033612424576214,3.4860053062438965,5,0,0,1993-03-15,1993-03-19,0,True,True
1993-03-26,3.4259020713865502,3.4634666324462313,3.3733110020367318,3.4108755588531494,5,0,0,1993-03-22,1993-03-26,0,True,True
1993-04-02,3.4259005313406847,3.4860048887857098,3.4033612424576214,3.4108755588531494,5,0,0,1993-03-29,1993-04-02,0,True,True
1993-04-09,3.4108755588531494,3.4634669408768386,3.3733110020367318,3.4484410285949707,4,0,0,1993-04-05,1993-04-08,0,True,True
1993-04-16,3.486004486867869,3.7564712126171322,3.486004486867869,3.6137268543243408,5,0,0,1993-04-12,1993-04-16,0,True,True
1993-04-23,3.5989049614977571,3.6064659171439417,3.2737955725703336,3.2813560962677002,5,0,0,1993-04-19,1993-04-23,0,True,True
1993-04-30,3.2435508281554304,3.2813549809513032,3.1301399874378077,3.2511124610900879,5,0,0,1993-04-26,1993-04-30,0,True,True
1993-05-07,3.2359924022920752,3.2889170876000082,3.160383712444383,3.1679446697235107,5,0,0,1993-05-03,1993-05-07,0,True,True
1993-05-14,3.1679446697235107,3.3267202592200094,3.1377005301884284,3.1452610492706299,5,0,0,1993-05-10,1993-05-14,0,True,True
1993-05-21,3.1452618024447783,3.3418419583445202,3.0620941135465207,3.2435529232025146,5,0,0,1993-05-17,1993-05-21,0,True,True
1993-05-28,3.2133069287611922,3.3872052198406779,3.2133069287611922,3.3494019508361816,5,0,0,1993-05-24,1993-05-28,0,True,True
1993-06-04,3.3418416163257092,3.3872056206790022,3.2889161109924316,3.2889161109924316,4,0,0,1993-06-01,1993-06-04,0,True,True
1993-06-11,3.288916770364573,3.3040375893964717,3.1528236551192976,3.2889161109924316,5,0,0,1993-06-07,1993-06-11,0,True,True
1993-06-18,3.3115987251561729,3.440130762440996,3.3115987251561729,3.3947658538818359,5,0,0,1993-06-14,1993-06-18,0,True,True
1993-06-25,3.3947657796297324,3.5686635867732281,3.3947657796297324,3.5611026287078857,5,0,0,1993-06-21,1993-06-25,0,True,True
1993-07-02,3.5459793991007937,3.6745122283147578,3.5459793991007937,3.5989055633544922,5,0,0,1993-06-28,1993-07-02,0,True,True
1993-07-09,3.5913441035593476,3.6518325841747026,3.5686624050140381,3.6291487216949463,4,0,0,1993-07-06,1993-07-09,0,True,True
1993-07-16,3.6291487521758472,3.6669510556733722,3.4476914405822754,3.4476914405822754,5,0,0,1993-07-12,1993-07-16,0,True,True
1993-07-23,3.4598849522998076,3.4903698508920389,3.3303299600483594,3.3608131408691406,5,0,0,1993-07-19,1993-07-23,0,True,True
1993-07-30,3.3608129663501614,3.437020710164123,3.3227081298828125,3.3227081298828125,5,0,0,1993-07-26,1993-07-30,0,True,True
1993-08-06,3.3379506455497356,3.4370221779872381,3.3379506455497356,3.345571756362915,5,0,0,1993-08-02,1993-08-06,0,True,True
1993-08-13,3.3684344845934318,3.3912969799128367,3.2693626058297074,3.2922248840332031,5,0,0,1993-08-09,1993-08-13,0,True,True
1993-08-20,3.2846053407739464,3.3074678417326084,3.2083945274353027,3.2388796806335449,5,0,0,1993-08-16,1993-08-20,0,True,True
1993-08-27,3.238879128779411,3.3227085005946031,3.1931533813476562,3.1931533813476562,5,0,0,1993-08-23,1993-08-27,0,True,True
1993-09-03,3.2007744831987379,3.2846038906299468,3.1550492744865193,3.2617413997650146,5,0,0,1993-08-30,1993-09-03,0,True,True
1993-09-10,3.276984529228026,3.4751252851222132,3.261742716227968,3.4370207786560059,4,0,0,1993-09-07,1993-09-10,0,True,True
1993-09-17,3.4827491678983002,3.4903702956034262,3.2464993735090673,3.2617413997650146,5,0,0,1993-09-13,1993-09-17,0,True,True
1993-09-24,3.276984529228026,3.345571756362915,3.170290450862749,3.345571756362915,5,0,0,1993-09-20,1993-09-24,0,True,True
1993-10-01,3.3836761187052526,3.5056104168920275,3.3836761187052526,3.4522640705108643,5,0,0,1993-09-27,1993-10-01,0,True,True
1993-10-08,3.459884294158329,3.5437151565125675,3.3608126098115356,3.368433952331543,5,0,0,1993-10-04,1993-10-08,0,True,True
1993-10-15,3.3836757597411431,3.5132310566157439,3.3531919255143392,3.3989174365997314,5,0,0,1993-10-11,1993-10-15,0,True,True
1993-10-22,3.3691601030024767,3.4148949435864502,3.1785963883200909,3.3462917804718018,5,0,0,1993-10-18,1993-10-22,0,True,True
1993-10-29,3.3462900426870235,3.3844031919378654,3.2090865720633746,3.2471985816955566,5,0,0,1993-10-25,1993-10-29,0,True,True
1993-11-05,3.2319523505726773,3.3234259081677737,3.1862182236097949,3.3081808090209961,5,0,0,1993-11-01,1993-11-05,0,True,True
1993-11-12,3.3386710073145509,3.3844046618344965,3.2929357098742189,3.3462917804718018,5,0,0,1993-11-08,1993-11-12,0,True,True
1993-11-19,3.3462907975284519,3.3767837551814948,3.2776910496374185,3.2929344177246094,5,0,0,1993-11-15,1993-11-19,0,True,True
1993-11-26,3.2929336308050279,3.3539143914305152,3.2395758174799862,3.3310456275939941,4,0,0,1993-11-22,1993-11-26,0,True,True
1993-12-03,3.3539142608642578,3.4377618286660354,3.3539142608642578,3.4301390647888184,5,0,0,1993-11-29,1993-12-03,0,True,True
1993-12-10,3.4072721466236544,3.4148944726999906,3.3691586191466216,3.3844037055969238,5,0,0,1993-12-06,1993-12-10,0,True,True
1993-12-17,3.3844037055969238,3.5292313532527149,3.3539133132415135,3.5216085910797119,5,0,0,1993-12-13,1993-12-17,0,True,True
1993-12-24,3.5216095257769533,3.5673447942251704,3.4606296988560308,3.4987409114837646,4,0,0,1993-12-20,1993-12-23,0,True,True
1993-12-31,3.4911190582827683,3.5063651908765938,3.4606286662156704,3.4758739471435547,5,0,0,1993-12-27,1993-12-31,0,True,True
1994-01-07,3.4682520706985978,3.5520997047424316,3.4530069796417404,3.5520997047424316,5,0,0,1994-01-03,1994-01-07,0,True,True
1994-01-14,3.5597228371648151,3.628325308023844,3.5027033813220778,3.5257472991943359,5,0,0,1994-01-10,1994-01-14,0,True,True
1994-01-21,3.5411100811345113,3.5411100811345113,3.3874826467546741,3.4028475284576416,5,0,0,1994-01-17,1994-01-21,0,True,True
1994-01-28,3.4028462081241524,3.4566159248352051,3.2953054592425106,3.4566159248352051,5,0,0,1994-01-24,1994-01-28,0,True,True
1994-02-04,3.456614740434893,3.4796600341796875,3.326030969619751,3.326030969619751,5,0,0,1994-01-31,1994-02-04,0,True,True
1994-02-11,3.3106701620688042,3.3337129084717274,3.2184938835674854,3.2415378093719482,5,0,0,1994-02-07,1994-02-11,0,True,True
1994-02-18,3.249218447269894,3.2799459151949386,3.2261745251765439,3.233856201171875,5,0,0,1994-02-14,1994-02-18,0,True,True
1994-02-25,3.226174963646864,3.3644396157124032,3.226174963646864,3.341395378112793,4,0,0,1994-02-22,1994-02-25,0,True,True
1994-03-04,3.341395378112793,3.3951650478779065,3.1877708066149193,3.2031335830688477,5,0,0,1994-02-28,1994-03-04,0,True,True
1994-03-11,3.2261749221261473,3.2415376861777947,3.1263173980880197,3.2184927463531494,5,0,0,1994-03-07,1994-03-11,0,True,True
1994-03-18,3.2338557173901696,3.3183512983125807,3.2031301969629986,3.2722628116607666,5,0,0,1994-03-14,1994-03-18,0,True,True
1994-03-25,3.2722640005740153,3.3337140922436275,3.2184927463531494,3.2184927463531494,5,0,0,1994-03-21,1994-03-25,0,True,True
1994-04-01,3.2184929778765863,3.2261741368840475,3.0648657262593693,3.1339981555938721,4,0,0,1994-03-28,1994-03-31,0,True,True
1994-04-08,3.0955920473108289,3.2415376438170589,3.0648662962986704,3.1954493522644043,5,0,0,1994-04-04,1994-04-08,0,True,True
1994-04-15,3.195449435148134,3.4642975279747761,3.1800868920475605,3.4258899688720703,5,0,0,1994-04-11,1994-04-15,0,True,True
1994-04-22,3.4289944034357669,3.4522679356529977,3.3436567783355713,3.3436567783355713,5,0,0,1994-04-18,1994-04-22,0,True,True
1994-04-29,3.3358980564249618,3.4522695943485848,3.3358980564249618,3.4367537498474121,4,0,0,1994-04-25,1994-04-29,0,True,True
1994-05-06,3.4212354856877365,3.4910567411203624,3.405719651147153,3.4445085525512695,5,0,0,1994-05-02,1994-05-06,0,True,True
1994-05-13,3.4289944034357669,3.475543817344112,3.4134766703129977,3.4522702693939209,5,0,0,1994-05-09,1994-05-13,0,True,True
1994-05-20,3.4134766703129977,3.6617315321642629,3.3979608408699535,3.630699634552002,5,0,0,1994-05-16,1994-05-20,0,True,True
1994-05-27,3.6462166546092112,3.7858555774660956,3.6306990217666524,3.6927621364593506,5,0,0,1994-05-23,1994-05-27,0,True,True
1994-06-03,3.6927624682395437,3.8324020113442971,3.6306993479707179,3.8168861865997314,4,0,0,1994-05-31,1994-06-03,0,True,True
1994-06-10,3.8168861865997314,3.9099851390375413,3.7858549838148305,3.8634371757507324,5,0,0,1994-06-06,1994-06-10,0,True,True
1994-06-17,3.8944674473990895,3.9875636775899856,3.7237927654794607,3.7393085956573486,5,0,0,1994-06-13,1994-06-17,0,True,True
1994-06-24,3.7082779709705891,3.7082779709705891,3.4445101268611942,3.475541353225708,5,0,0,1994-06-20,1994-06-24,0,True,True
1994-07-01,3.4755419241805399,3.6617319931819625,3.4600260850970876,3.5531198978424072,5,0,0,1994-06-27,1994-07-01,0,True,True
1994-07-08,3.5376055916386031,3.6617319931819625,3.5376055916386031,3.630699634552002,4,0,0,1994-07-05,1994-07-08,0,True,True
1994-07-15,3.6151812514816819,3.8168867851169286,3.5531183933732251,3.7548239231109619,5,0,0,1994-07-11,1994-07-15,0,True,True
1994-07-22,3.7423006510503738,3.8049336327312191,3.6953252615828611,3.7266411781311035,5,0,0,1994-07-18,1994-07-22,0,True,True
1994-07-29,3.7266409778899852,3.9771705054125279,3.710983245858579,3.9615123271942139,5,0,0,1994-07-25,1994-07-29,0,True,True
1994-08-05,3.9771720920244293,4.008488655090332,3.9458563650004561,3.9928302764892578,5,0,0,1994-08-01,1994-08-05,0,True,True
1994-08-12,3.9928302764892578,4.0398051170366465,3.9615139075596004,3.9771723747253418,5,0,0,1994-08-08,1994-08-12,0,True,True
1994-08-19,3.9771732134097979,4.0554655137561806,3.9458572864532471,4.008488655090332,5,0,0,1994-08-15,1994-08-19,0,True,True
1994-08-26,4.024149125526046,4.1180958009473114,3.9771745431808454,4.0711216926574707,5,0,0,1994-08-22,1994-08-26,0,True,True
1994-09-02,4.0867794282188479,4.1650708108428622,4.024149125526046,4.0398073196411133,5,0,0,1994-08-29,1994-09-02,0,True,True
1994-09-09,4.0241468403135068,4.0554623603820801,3.9615133509578189,3.9771723747253418,4,0,0,1994-09-06,1994-09-09,0,True,True
1994-09-16,3.9771732134097979,4.071123707871247,3.9301986467705805,4.0398073196411133,5,0,0,1994-09-12,1994-09-16,0,True,True
1994-09-23,4.0398051170366465,4.0398051170366465,3.8049321174621582,3.8519067764282227,5,0,0,1994-09-19,1994-09-23,0,True,True
1994-09-30,3.8675649615439562,3.8675659382076657,3.7109827995300293,3.7109827995300293,5,0,0,1994-09-26,1994-09-30,0,True,True
1994-10-07,3.7422987106291572,3.7736157291576333,3.5857182012556801,3.7266411781311035,5,0,0,1994-10-03,1994-10-07,0,True,True
1994-10-14,3.7266416570941856,3.8988813317754238,3.6483509540557861,3.8832230567932129,5,0,0,1994-10-10,1994-10-14,0,True,True
1994-10-21,3.9079030585932304,3.9237245561283012,3.7813329805888749,3.8287956714630127,5,0,0,1994-10-17,1994-10-21,0,True,True
1994-10-28,3.8129743368764206,4.0344758471709339,3.7496887211184999,4.0186543464660645,5,0,0,1994-10-24,1994-10-28,0,True,True
1994-11-04,4.0344753265380859,4.0502973921908092,3.9553683436465881,4.0028328895568848,5,0,0,1994-10-31,1994-11-04,0,True,True
1994-11-11,3.9711930751800537,3.9870150442618555,3.7813324024022004,3.8129754066467285,5,0,0,1994-11-07,1994-11-11,0,True,True
1994-11-18,3.8287977946532665,3.9237245561283012,3.6864046167099764,3.7180478572845459,5,0,0,1994-11-14,1994-11-18,0,True,True
1994-11-25,3.7022250215434149,3.7022261432216301,3.4490820884303584,3.6389405727386475,4,0,0,1994-11-21,1994-11-25,0,True,True
1994-12-02,3.6389394702343139,3.6389394702343139,3.401616901415192,3.4490809440612793,5,0,0,1994-11-28,1994-12-02,0,True,True
1994-12-09,3.4807246636353364,3.5914749545028668,3.3383317837518005,3.4649035930633545,5,0,0,1994-12-05,1994-12-09,0,True,True
1994-12-16,3.4332594446776921,3.670583130227699,3.4174379452941044,3.6389405727386475,5,0,0,1994-12-12,1994-12-16,0,True,True
1994-12-23,3.670583110298911,3.8920826895056724,3.6389405529816572,3.8446180820465088,5,0,0,1994-12-19,1994-12-23,0,True,True
1994-12-30,3.860440963303152,3.860440963303152,3.6705821309957427,3.7674887180328369,4,0,0,1994-12-27,1994-12-30,0,True,True
1995-01-06,3.7655101880181285,3.8287979523165037,3.7022244192522136,3.7813332080841064,4,0,0,1995-01-03,1995-01-06,0,True,True
1995-01-13,3.7655117025907821,3.9189531930567201,3.6864046167099764,3.9029574394226074,5,0,0,1995-01-09,1995-01-13,0,True,True
1995-01-20,3.9029566415360692,4.0309226444487143,3.6950125570523951,3.7110083103179932,5,0,0,1995-01-16,1995-01-20,0,True,True
1995-01-27,3.695013238705291,3.9669399386702344,3.6470264305774163,3.950944185256958,5,0,0,1995-01-23,1995-01-27,0,True,True
1995-02-03,3.9509423190607622,4.1268971530510248,3.8229779371092998,4.0469183921813965,5,0,0,1995-01-30,1995-02-03,0,True,True
1995-02-10,4.0309246755416801,4.1908803986011343,4.0149268878335453,4.1268987655639648,5,0,0,1995-02-06,1995-02-10,0,True,True
1995-02-17,4.0949072487159919,4.23087215439456,4.0949055817868141,4.1268987655639648,5,0,0,1995-02-13,1995-02-17,0,True,True
1995-02-24,4.1428935946156535,4.222872257232666,4.0789105752729728,4.222872257232666,4,0,0,1995-02-21,1995-02-24,0,True,True
1995-03-03,4.1908790975423207,4.2868542671203613,4.1748833476725329,4.1908798217773438,5,0,0,1995-02-27,1995-03-03,0,True,True
1995-03-10,4.1109016306949586,4.1268973837631187,3.9029564769492504,3.9989323616027832,5,0,0,1995-03-06,1995-03-10,0,True,True
1995-03-17,3.9669399386702344,4.094906904069024,3.9189531389518941,3.9989323616027832,5,0,0,1995-03-13,1995-03-17,0,True,True
1995-03-24,3.9829354401302965,4.0949063301086426,3.8389741946254077,4.0949063301086426,5,0,0,1995-03-20,1995-03-24,0,True,True
1995-03-31,4.0949072487159919,4.2868542671203613,4.0309254343643373,4.222872257232666,5,0,0,1995-03-27,1995-03-31,0,True,True
1995-04-07,4.2068748474121094,4.3508372766048948,4.1908790975423207,4.2868542671203613,5,0,0,1995-04-03,1995-04-07,0,True,True
1995-04-14,4.2868542671203613,4.3028493466308388,4.1268979904056504,4.1748847961425781,4,0,0,1995-04-10,1995-04-13,0,True,True
1995-04-21,4.2485506760148626,4.2808591027627889,4.103160554057899,4.1193161010742188,5,0,0,1995-04-17,1995-04-21,0,True,True
1995-04-28,4.1193131341510805,4.3131660583866411,4.0708510097000934,4.2485470771789551,5,0,0,1995-04-24,1995-04-28,0,True,True
1995-05-05,4.2485469872816868,4.523169994354248,4.2162385885850124,4.523169994354248,5,0,0,1995-05-01,1995-05-05,0,True,True
1995-05-12,4.5070150978195862,4.684711849946809,4.4908604300870154,4.6524014472961426,5,0,0,1995-05-08,1995-05-12,0,True,True
1995-05-19,4.6847107954615232,4.8785607594214433,4.6685565930412567,4.7008657455444336,5,0,0,1995-05-15,1995-05-19,0,True,True
1995-05-26,4.7170177271861462,5.3308790589953707,4.7008635282180533,5.1693353652954102,5,0,0,1995-05-22,1995-05-26,0,True,True
1995-06-02,5.2178000582399742,5.508570972252298,5.1854907778936026,5.3954920768737793,4,0,0,1995-05-30,1995-06-02,0,True,True
1995-06-09,5.4278044825519371,5.6378076743172842,5.282415805496786,5.3631863594055176,5,0,0,1995-06-05,1995-06-09,0,True,True
1995-06-16,5.3308779518086995,5.5893463313477092,5.3308779518086995,5.5570368766784668,5,0,0,1995-06-12,1995-06-16,0,True,True
1995-06-23,5.5731911659240723,5.6378056519543644,5.4762640903879589,5.4924182891845703,5,0,0,1995-06-19,1995-06-23,0,True,True
1995-06-30,5.427804707526132,5.4439589158868316,5.1693353652954102,5.217799186706543,5,0,0,1995-06-26,1995-06-30,0,True,True
1995-07-07,5.2501073738816944,5.3308779274209162,5.1208737440856433,5.2662615776062012,4,0,0,1995-07-03,1995-07-07,0,True,True
1995-07-14,5.2824134439289319,5.4439549446105957,5.2824134439289319,5.314723014831543,5,0,0,1995-07-10,1995-07-14,0,True,True
1995-07-21,5.3147231544168578,5.3147231544168578,4.8576659764253236,5.0858769416809082,5,0,0,1995-07-17,1995-07-21,0,True,True
1995-07-28,5.0858786072353848,5.2814872130328174,5.0858781207945016,5.2488846778869629,5,0,0,1995-07-24,1995-07-28,0,True,True
1995-08-04,5.2651867842747375,5.2977886152413705,4.9554696240088649,5.0695767402648926,5,0,0,1995-07-31,1995-08-04,0,True,True
1995-08-11,5.0858754846383807,5.1673810459187806,4.9554691588678708,5.0858769416809082,5,0,0,1995-08-07,1995-08-11,0,True,True
1995-08-18,5.0858781207945016,5.2325851894629309,5.0695755511204066,5.1510806083679199,5,0,0,1995-08-14,1995-08-18,0,True,True
1995-08-25,5.1673784255981445,5.3955936408236242,5.1021773774782746,5.3629918098449707,5,0,0,1995-08-21,1995-08-25,0,True,True
1995-09-01,5.4933989281052229,5.7868137359619141,5.477098013226148,5.7542142868041992,5,0,0,1995-08-28,1995-09-01,0,True,True
1995-09-08,5.7542094944368793,5.949821949005127,5.6890063450482087,5.949821949005127,4,0,0,1995-09-05,1995-09-08,0,True,True
1995-09-15,5.9498236148807706,5.9498236148807706,5.8194172386771754,5.8357181549072266,5,0,0,1995-09-11,1995-09-15,0,True,True
1995-09-22,5.8357181549072266,6.0150277610091898,5.8194172386771754,5.949821949005127,5,0,0,1995-09-18,1995-09-22,0,True,True
1995-09-29,5.9824244831918607,6.0965304364179778,5.7216108242379624,6.0639290809631348,5,0,0,1995-09-25,1995-09-29,0,True,True
1995-10-06,6.0802314258955592,6.1780364496399942,5.9824240375754094,6.1617355346679688,5,0,0,1995-10-02,1995-10-06,0,True,True
1995-10-13,6.1454315185546875,6.3899471583402851,6.0639269848238246,6.3084425926208496,5,0,0,1995-10-09,1995-10-13,0,True,True
1995-10-20,6.3084437824468731,6.3247451679724493,5.8642161661699568,5.8970685005187988,5,0,0,1995-10-16,1995-10-20,0,True,True
1995-10-27,5.7492302323651723,5.8313617550276176,5.4371286077633298,5.6999521255493164,5,0,0,1995-10-23,1995-10-27,0,True,True
1995-11-03,5.7492301886003583,5.8313635213740724,5.437128163135573,5.7163791656494141,5,0,0,1995-10-30,1995-11-03,0,True,True
1995-11-10,5.716376568704562,5.7656556431784143,5.502835750579834,5.6999521255493164,5,0,0,1995-11-06,1995-11-10,0,True,True
1995-11-17,5.7163785278085344,5.9463469063985519,5.5685402591990041,5.9134936332702637,5,0,0,1995-11-13,1995-11-17,0,True,True
1995-11-24,6.0120526875178477,6.1598904868991262,5.9463486576065465,6.1270356178283691,4,0,0,1995-11-20,1995-11-24,0,True,True
1995-12-01,6.110612075525502,6.2420221909499558,5.9956277168370322,6.2091693878173828,5,0,0,1995-11-27,1995-12-01,0,True,True
1995-12-08,6.2091656821903909,6.373430666159571,6.0941826581708032,6.1270356178283691,5,0,0,1995-12-04,1995-12-08,0,True,True
1995-12-15,6.1434615190824378,6.3077263832092285,5.9627708021517334,6.3077263832092285,5,0,0,1995-12-11,1995-12-15,0,True,True
1995-12-22,6.2748745211625776,6.3077263832092285,6.1598901831185229,6.3077263832092285,5,0,0,1995-12-18,1995-12-22,0,True,True
1995-12-29,6.307726071331655,6.4227107302482924,6.2912995464650745,6.4062843322753906,4,0,0,1995-12-26,1995-12-29,0,True,True
1996-01-05,6.3734312057495117,6.4391346939530596,5.9956277168370322,6.028480052947998,4,0,0,1996-01-02,1996-01-05,0,True,True
1996-01-12,6.044906614337231,6.1270345438160501,5.7163774341322426,6.0120525360107422,5,0,0,1996-01-08,1996-01-12,0,True,True
1996-01-19,5.9791974710723732,6.3287334442138663,5.864212713334167,6.3287334442138663,5,0,0,1996-01-15,1996-01-19,0,True,True
1996-01-26,6.2955997537659849,6.5606778600054998,6.2458975676030244,6.5441122055053711,5,0,0,1996-01-22,1996-01-26,0,True,True
1996-02-02,6.5109771720666609,6.7926230430603036,6.5109771720666609,6.6103782653808594,5,0,0,1996-01-29,1996-02-02,0,True,True
1996-02-09,6.5938127258088111,7.2399408694466754,6.5275436131065483,7.1239695549011222,5,0,0,1996-02-05,1996-02-09,0,True,True
1996-02-16,7.1074009978997337,7.306210093713621,6.9582947019642161,6.9748620986938477,5,0,0,1996-02-12,1996-02-16,0,True,True
1996-02-23,6.8920274502393033,7.1074047558994735,6.7097860370778033,7.0577025413513184,4,0,0,1996-02-20,1996-02-23,0,True,True
1996-03-01,7.0245642888827406,7.0411316856123722,6.7760529195913213,6.9748620986938477,5,0,0,1996-02-26,1996-03-01,0,True,True
1996-03-08,6.9914322320742093,7.0245670385034025,6.6269486632710697,6.6435165405273438,5,0,0,1996-03-04,1996-03-08,0,True,True
1996-03-15,6.6103782653808594,6.7263519051718443,6.4778426037227863,6.6932148933410645,5,0,0,1996-03-11,1996-03-15,0,True,True
1996-03-22,6.7263501102288705,6.9997127458889601,6.7263501102288705,6.9251599311828613,5,0,0,1996-03-18,1996-03-22,0,True,True
1996-03-29,6.9748622655953101,7.0411344417179986,6.8091862978462769,6.8257532119750977,5,0,0,1996-03-25,1996-03-29,0,True,True
1996-04-05,6.8588898716325213,6.991429036774794,6.8257550803469531,6.9417300224304199,4,0,0,1996-04-01,1996-04-04,0,True,True
1996-04-12,6.8423242151864407,6.8423242151864407,6.2790323583783314,6.3950047492980966,5,0,0,1996-04-08,1996-04-12,0,True,True
1996-04-19,6.4447102899392377,6.4612776967784882,6.1658361516985245,6.3496394157409668,5,0,0,1996-04-15,1996-04-19,0,True,True
1996-04-26,6.3663500611572221,6.4833161826155603,6.2660913894336394,6.3830580711364746,5,0,0,1996-04-22,1996-04-26,0,True,True
1996-05-03,6.3663489471423134,6.6002846365381167,6.2995116291910813,6.3162212371826163,5,0,0,1996-04-29,1996-05-03,0,True,True
1996-05-10,6.3162220847910229,6.616994857788085,6.1658336863310339,6.616994857788085,5,0,0,1996-05-06,1996-05-10,0,True,True
1996-05-17,6.6337042872432628,6.9511857644766337,6.5835759333067436,6.8843426704406738,5,0,0,1996-05-13,1996-05-17,0,True,True
1996-05-24,6.9177690394551687,7.1349910404395436,6.9010594233529963,7.0681509971618643,5,0,0,1996-05-20,1996-05-24,0,True,True
1996-05-31,7.0681555843747175,7.0765103924258037,6.867637465542602,6.9344758987426758,4,0,0,1996-05-28,1996-05-31,0,True,True
1996-06-07,6.8843426704406738,7.2686669069313332,6.8007951576150036,7.1182827949523926,5,0,0,1996-06-03,1996-06-07,0,True,True
1996-06-14,7.1182810881239664,7.2185423048040906,7.0514413919041861,7.0681509971618643,5,0,0,1996-06-10,1996-06-14,0,True,True
1996-06-21,7.1851205669970337,7.251957299081119,6.8007985316954978,6.8509273529052734,5,0,0,1996-06-17,1996-06-21,0,True,True
1996-06-28,6.8843465927690817,7.0013146400451651,6.7673779788675814,6.8509273529052734,5,0,0,1996-06-24,1996-06-28,0,True,True
1996-07-05,6.8843449780973209,6.9344742723134631,6.6169922013291966,6.6337013244628915,4,0,0,1996-07-01,1996-07-05,0,True,True
1996-07-12,6.6337029191687114,6.8175089509386613,6.5334457508981636,6.7005438804626474,5,0,0,1996-07-08,1996-07-12,0,True,True
1996-07-19,6.6504125273927253,6.8112126242362798,6.3663511751313511,6.6763424873352042,5,0,0,1996-07-15,1996-07-19,0,True,True
1996-07-26,6.6763360265667471,6.861791417493837,6.6089045716658381,6.8112130165100089,5,0,0,1996-07-22,1996-07-26,0,True,True
1996-08-02,6.743777858636971,7.3338545333782283,6.7269183848670862,7.3001360893249521,5,0,0,1996-07-29,1996-08-02,0,True,True
1996-08-09,7.3507157926632951,7.4855919959855255,7.2495576951631264,7.3844351768493652,5,0,0,1996-08-05,1996-08-09,0,True,True
1996-08-16,7.3844331891714523,7.620472809440189,7.3844331891714523,7.5867538452148438,5,0,0,1996-08-12,1996-08-16,0,True,True
1996-08-23,7.5867463477223893,7.9239377975463876,7.5867450605545033,7.8227810859680176,5,0,0,1996-08-19,1996-08-23,0,True,True
1996-08-30,7.7890586116485627,7.7890641803166263,7.4855920114511916,7.5193109512329102,5,0,0,1996-08-26,1996-08-30,0,True,True
1996-09-06,7.4181537843921657,7.8564968779358457,7.3169969697855937,7.755340576171875,4,0,0,1996-09-03,1996-09-06,0,True,True
1996-09-13,7.8227800739781062,8.1599695669490213,7.8227800739781062,8.0925312042236328,5,0,0,1996-09-09,1996-09-13,0,True,True
1996-09-20,8.1262474060058594,8.1599668187060317,7.9239333214049568,7.9913706779479989,5,0,0,1996-09-16,1996-09-20,0,True,True
1996-09-27,7.9913742691817742,8.0925311754848241,7.8902180295794224,7.9239377975463876,5,0,0,1996-09-23,1996-09-27,0,True,True
1996-10-04,7.8902183721454229,8.0925314260856798,7.7553432050072697,8.0250940322875977,5,0,0,1996-09-30,1996-10-04,0,True,True
1996-10-11,8.0250940322875977,8.0588129718806822,7.789061802495838,7.957655906677247,5,0,0,1996-10-07,1996-10-11,0,True,True
1996-10-18,7.9913706779479989,8.1262495282671026,7.9147774729531575,8.0506610870361328,5,0,0,1996-10-14,1996-10-18,0,True,True
1996-10-25,8.0846262756899474,8.6621041568377635,8.0166881247035864,8.5601968765258789,5,0,0,1996-10-21,1996-10-25,0,True,True
1996-11-01,8.5262283935441641,9.1376681100936299,8.5262283935441641,8.8319473266601562,5,0,0,1996-10-28,1996-11-01,0,True,True
1996-11-08,8.8659191131591797,9.3414808661505706,8.8319500182058004,9.1716375350952148,5,0,0,1996-11-04,1996-11-08,0,True,True
1996-11-15,9.2056051734002011,9.2056051734002011,8.6281362087375406,8.9338531494140625,5,0,0,1996-11-11,1996-11-15,0,True,True
1996-11-22,9.0017969008928223,9.3075117879185907,8.8998905670009272,9.2056045532226545,5,0,0,1996-11-18,1996-11-22,0,True,True
1996-11-29,9.2056095899026698,9.8170522293279348,9.2056095899026698,9.7491140365600586,4,0,0,1996-11-25,1996-11-29,0,True,True
1996-12-06,9.7830778105902958,9.7830778105902958,8.9678234768621827,9.2735452651977521,5,0,0,1996-12-02,1996-12-06,0,True,True
1996-12-13,9.3754539489746094,9.5792649271864683,8.831950796416562,9.0357637405395508,5,0,0,1996-12-09,1996-12-13,0,True,True
1996-12-20,9.0357645879260815,9.7830771879079741,8.6621041852631944,9.5792627334594727,5,0,0,1996-12-16,1996-12-20,0,True,True
1996-12-27,9.6132303071141596,9.6472008849423059,9.4094168624895733,9.5453004837036133,4,0,0,1996-12-23,1996-12-27,0,True,True
1997-01-03,9.6132373809814453,9.7491137627003308,8.8998873734687045,9.2735452651977521,4,0,0,1996-12-30,1997-01-03,0,True,True
1997-01-10,9.3075132314713187,9.4094232653579102,8.8998875619064712,9.0017938613891584,5,0,0,1997-01-06,1997-01-10,0,True,True
1997-01-17,9.0357607487756866,9.6132324210727358,8.9678216097569763,9.5453004837036133,5,0,0,1997-01-13,1997-01-17,0,True,True
1997-01-24,9.5792685546403682,10.190003586203209,9.4377180661312092,9.6428852081298828,5,0,0,1997-01-20,1997-01-24,0,True,True
1997-01-31,9.6086995687373395,10.121616113620467,9.5744968171123741,9.9506425857543945,5,0,0,1997-01-27,1997-01-31,0,True,True
1997-02-07,10.019029933229849,10.771310297940468,9.9848352346998919,10.702920913696289,5,0,0,1997-02-03,1997-02-07,0,True,True
1997-02-14,10.702924516536486,11.284235718369455,10.600335063820737,11.181649208068849,5,0,0,1997-02-10,1997-02-14,0,True,True
1997-02-21,11.181651587247908,11.250041007995605,10.634533914459306,10.771312713623047,4,0,0,1997-02-18,1997-02-21,0,True,True
1997-02-28,10.737112544000086,11.250032329425515,10.497757435886186,10.566146850585938,5,0,0,1997-02-24,1997-02-28,0,True,True
1997-03-07,10.463562963417244,11.455202804056899,10.395173547182322,11.421008110046387,5,0,0,1997-03-03,1997-03-07,0,True,True
1997-03-14,11.421013351588533,11.523593615995877,10.531950950622557,10.668728828430176,5,0,0,1997-03-10,1997-03-14,0,True,True
1997-03-21,10.634535109270928,10.771317301955548,10.326782776575911,10.566146850585938,5,0,0,1997-03-17,1997-03-21,0,True,True
1997-03-28,10.600340905502758,11.113255615639906,10.224197710536517,10.395170211791992,4,0,0,1997-03-24,1997-03-27,0,True,True
1997-04-04,10.292582561688896,10.292582561688896,9.5745027303716945,9.8138647079467773,5,0,0,1997-03-31,1997-04-04,0,True,True
1997-04-11,9.9164488345391053,10.190005520978298,9.2325537265738031,9.2667484283447283,5,0,0,1997-04-07,1997-04-11,0,True,True
1997-04-18,9.2667515015821582,10.156081582935853,9.1299726491369473,9.8118076324462891,5,0,0,1997-04-14,1997-04-18,0,True,True
1997-04-25,9.94951571286275,10.156081582935853,9.7773784712913674,9.8462333679199219,5,0,0,1997-04-21,1997-04-25,0,True,True
1997-05-02,9.8806601553272078,11.326614379882814,9.8806601553272078,11.326614379882814,5,0,0,1997-04-28,1997-05-02,0,True,True
1997-05-09,11.326613614784259,11.464324798008558,10.879053905640738,11.326614379882814,5,0,0,1997-05-05,1997-05-09,0,True,True
1997-05-16,11.326609697745116,11.774172422669581,11.18890380859375,11.18890380859375,5,0,0,1997-05-12,1997-05-16,0,True,True
1997-05-23,11.188905131213943,11.877454504162481,11.085620365200995,11.533172607421875,5,0,0,1997-05-19,1997-05-23,0,True,True
1997-05-30,11.464323659212232,11.739741325378418,11.188905131213943,11.739741325378418,4,0,0,1997-05-27,1997-05-30,0,True,True
1997-06-06,11.739742672258041,12.221722008090811,11.498750480263203,12.118439674377441,5,0,0,1997-06-02,1997-06-06,0,True,True
1997-06-13,12.15287401552345,12.841418843976657,11.980737686157227,12.772563934326172,5,0,0,1997-06-09,1997-06-13,0,True,True
1997-06-20,12.738137767628633,13.357827129974583,12.738137767628633,13.185690879821777,5,0,0,1997-06-16,1997-06-20,0,True,True
1997-06-27,13.047986125302089,13.082412595687153,12.221724984857545,12.307793617248537,5,0,0,1997-06-23,1997-06-27,0,True,True
1997-07-04,12.273362529107116,13.185694725615406,11.980730256825453,13.013557434082031,4,0,0,1997-06-30,1997-07-03,0,True,True
1997-07-11,13.116841048421589,13.134054779201463,12.462720099032058,12.634855270385742,5,0,0,1997-07-07,1997-07-11,0,True,True
1997-07-18,12.66928404814484,12.80699500851348,12.251832999803433,12.286442756652832,5,0,0,1997-07-14,1997-07-18,0,True,True
1997-07-25,12.217224648608813,13.082466826999536,12.182614887777385,12.840198516845705,5,0,0,1997-07-21,1997-07-25,0,True,True
1997-08-01,12.995938158888972,13.705440247192135,12.753677700305177,13.065176010131836,5,0,0,1997-07-28,1997-08-01,0,True,True
1997-08-08,13.082463574973152,13.393952594514891,12.442186172235964,12.701759338378906,5,0,0,1997-08-04,1997-08-08,0,True,True
1997-08-15,12.840196279845257,13.151690348894537,12.528710560950277,12.805594444274901,5,0,0,1997-08-11,1997-08-15,0,True,True
1997-08-22,12.597923829622665,13.549696347590766,12.494094614613093,12.649847030639647,5,0,0,1997-08-18,1997-08-22,0,True,True
1997-08-29,12.736367641930967,12.874806658922658,12.269137953233782,12.35566234588623,5,0,0,1997-08-25,1997-08-29,0,True,True
1997-09-05,12.424882888346362,13.013245675914348,12.338358488532773,12.684453010559082,4,0,0,1997-09-02,1997-09-05,0,True,True
1997-09-12,12.874806032408999,13.220912941119092,12.597930680144826,12.753676414489744,5,0,0,1997-09-08,1997-09-12,0,True,True
1997-09-19,12.701759951614839,13.757359251316634,12.701759951614839,13.272818565368652,5,0,0,1997-09-15,1997-09-19,0,True,True
1997-09-26,13.566996574401857,13.72274948485361,13.151680951194919,13.49778461456299,5,0,0,1997-09-22,1997-09-26,0,True,True
1997-10-03,13.480476991861089,14.05153438199712,13.290121078491213,13.843875885009766,5,0,0,1997-09-29,1997-10-03,0,True,True
1997-10-10,14.259200533156498,14.46685814518923,13.670828001959414,13.774657249450682,5,0,0,1997-10-06,1997-10-10,0,True,True
1997-10-17,13.843880261985065,14.120753880992904,13.255517872149953,13.653529167175291,5,0,0,1997-10-13,1997-10-17,0,True,True
1997-10-24,13.584301446203034,14.227542897185637,13.393947856390092,13.70576000213623,5,0,0,1997-10-20,1997-10-24,0,True,True
1997-10-31,13.583997684637826,13.75792880780325,12.001229223503696,13.096995353698729,5,0,0,1997-10-27,1997-10-31,0,True,True
1997-11-07,13.392680141675283,13.740538623993245,13.114389371518334,13.375285148620605,5,0,0,1997-11-03,1997-11-07,0,True,True
1997-11-14,13.497028209729583,13.53181442427676,12.696950878982378,13.166560173034668,5,0,0,1997-11-10,1997-11-14,0,True,True
1997-11-21,13.218742366486845,14.662369694039418,13.218742366486845,14.488439559936523,5,0,0,1997-11-17,1997-11-21,0,True,True
1997-11-28,14.418868096457311,15.027635628695091,13.914461311793174,14.958063125610352,4,0,0,1997-11-24,1997-11-28,0,True,True
1997-12-05,15.062414954300603,15.775522228217929,15.027629717944491,15.758129119873047,5,0,0,1997-12-01,1997-12-05,0,True,True
1997-12-12,15.792920108357201,16.036423698759595,15.010231984559843,15.445058822631838,5,0,0,1997-12-08,1997-12-12,0,True,True
1997-12-19,15.514625651118013,16.297319413662237,15.375477840312437,15.445058822631838,5,0,0,1997-12-15,1997-12-19,0,True,True
1997-12-26,15.723348607663544,15.949459098180604,15.07979311298093,15.305903434753418,4,0,0,1997-12-22,1997-12-26,0,True,True
1998-01-02,15.566804928079346,16.227745964918189,15.566804928079346,15.914669036865234,4,0,0,1997-12-29,1998-01-02,0,True,True
1998-01-09,15.984255592969516,16.488655240403169,14.853691108837833,14.923263549804689,5,0,0,1998-01-05,1998-01-09,0,True,True
1998-01-16,14.366689628095799,15.79291533656281,14.262330933198562,15.758129119873047,5,0,0,1998-01-12,1998-01-16,0,True,True
1998-01-23,16.071216617891618,16.123395980419218,14.956111821399812,15.060944557189941,4,0,0,1998-01-20,1998-01-23,0,True,True
1998-01-30,15.130827733613957,15.777302620961022,14.816327913347747,15.148303985595703,5,0,0,1998-01-26,1998-01-30,0,True,True
1998-02-06,15.515212059020998,16.021908843711,15.375434772166715,15.917076110839844,5,0,0,1998-02-02,1998-02-06,0,True,True
1998-02-13,15.84718317332954,16.179161033776158,15.84718317332954,15.934543609619142,5,0,0,1998-02-09,1998-02-13,0,True,True
1998-02-20,16.144209014527586,16.179153248678993,15.812238843253732,15.829710960388182,4,0,0,1998-02-17,1998-02-20,0,True,True
1998-02-27,15.934557374806918,16.42376187121322,15.794771915835923,16.371345520019531,5,0,0,1998-02-23,1998-02-27,0,True,True
1998-03-06,16.3189327496098,16.598486683983953,16.074322926727515,16.493656158447266,5,0,0,1998-03-02,1998-03-06,0,True,True
1998-03-13,16.493653073578539,17.175071945262438,16.336402767735212,16.96540641784668,5,0,0,1998-03-09,1998-03-13,0,True,True
1998-03-20,17.035282789815113,18.153498609659511,17.017811681031432,17.821529388427734,5,0,0,1998-03-16,1998-03-20,0,True,True
1998-03-27,17.751637038801107,17.961311954225835,17.087705819215316,17.227472305297852,5,0,0,1998-03-23,1998-03-27,0,True,True
1998-04-03,17.332314536184349,18.170975717985634,16.982874114464192,17.839006423950195,5,0,0,1998-03-30,1998-04-03,0,True,True
1998-04-10,18.188444262163777,18.310750098330484,17.402203855436181,17.891422271728516,4,0,0,1998-04-06,1998-04-09,0,True,True
1998-04-17,18.170981711566132,18.730076429647397,17.769110551647596,18.310747146606445,5,0,0,1998-04-13,1998-04-17,0,True,True
1998-04-24,18.310743956078209,18.415574620333931,16.420521669022744,16.595954895019531,5,0,0,1998-04-20,1998-04-24,0,True,True
1998-05-01,16.280174245826242,17.174876632430934,15.438095867016084,17.122247695922852,5,0,0,1998-04-27,1998-05-01,0,True,True
1998-05-08,17.209963746477712,17.227508072675839,16.069654445652386,16.139827728271484,5,0,0,1998-05-04,1998-05-08,0,True,True
1998-05-15,16.192453871955085,16.876645110091655,15.841594951959642,16.80647087097168,5,0,0,1998-05-11,1998-05-15,0,True,True
1998-05-22,16.595952498297667,17.578376747539828,16.455606947921126,17.122247695922852,5,0,0,1998-05-18,1998-05-22,0,True,True
1998-05-29,17.262597652049557,17.402939807050362,16.473153946359091,17.157333374023438,4,0,0,1998-05-26,1998-05-29,0,True,True
1998-06-05,17.157340868688379,17.8415256224161,17.069617786184768,17.385404586791992,5,0,0,1998-06-01,1998-06-05,0,True,True
1998-06-12,17.455572145436353,17.473114453313887,16.736303760768138,16.824020385742188,5,0,0,1998-06-08,1998-06-12,0,True,True
1998-06-19,16.648582968344833,16.999443051105647,16.262630493622659,16.929269790649414,5,0,0,1998-06-15,1998-06-19,0,True,True
1998-06-26,16.894185504854509,18.034509270096162,16.525784817486059,17.981878280639648,5,0,0,1998-06-22,1998-06-26,0,True,True
1998-07-03,18.1046826764507,18.157311645893785,16.981902118630753,17.683637619018555,4,0,0,1998-06-29,1998-07-02,0,True,True
1998-07-10,17.718720846037936,18.087135743426348,17.578375738965033,17.964328765869141,5,0,0,1998-07-06,1998-07-10,0,True,True
1998-07-17,17.964323581774309,19.139734304876697,17.64854392361595,19.069561004638672,5,0,0,1998-07-13,1998-07-17,0,True,True
1998-07-24,19.192355154271098,19.192355154271098,17.83061312980071,18.042043685913086,5,0,0,1998-07-20,1998-07-24,0,True,True
1998-07-31,17.971579184388141,18.376813521597153,17.654426574620455,18.042043685913086,5,0,0,1998-07-27,1998-07-31,0,True,True
1998-08-07,18.006811486392706,18.165383443786364,16.720609013380695,17.354902267456055,5,0,0,1998-08-03,1998-08-07,0,True,True
1998-08-14,17.302039484636339,17.337277912113468,15.92774316654333,16.526796340942383,5,0,0,1998-08-10,1998-08-14,0,True,True
1998-08-21,16.350605755151946,17.33728517707209,14.94107317886926,15.78679370880127,5,0,0,1998-08-17,1998-08-21,0,True,True
1998-08-28,16.139174002695892,16.562041296499032,13.954396807790417,14.377252578735352,5,0,0,1998-08-24,1998-08-28,0,True,True
1998-09-04,14.835354745472962,15.822032772856321,13.602010205077299,14.306782722473146,5,0,0,1998-08-31,1998-09-04,0,True,True
1998-09-11,16.562032988422708,16.562032988422708,14.060115894364209,15.645835876464844,4,0,0,1998-09-08,1998-09-11,0,True,True
1998-09-18,15.998221903139406,16.879182815551758,15.434406859412283,15.716314315795898,5,0,0,1998-09-14,1998-09-18,0,True,True
1998-09-25,15.152498009746202,16.808696898665758,14.659163969599133,15.998221397399902,5,0,0,1998-09-21,1998-09-25,0,True,True
1998-10-02,16.350612458418311,16.738234371386483,14.130589544967313,15.328694343566895,5,0,0,1998-09-28,1998-10-02,0,True,True
1998-10-09,14.800122261047362,16.06869714070983,13.531538850070101,16.033458709716797,5,0,0,1998-10-05,1998-10-09,0,True,True
1998-10-16,16.350607088724871,17.936325673335269,15.222987626808946,17.337274551391602,5,0,0,1998-10-12,1998-10-16,0,True,True
1998-10-23,17.442990140803147,18.3239581395366,17.025180671133722,17.485321044921875,5,0,0,1998-10-19,1998-10-23,0,True,True
1998-10-30,17.733084127450969,18.370204322717758,17.20215458773032,17.874668121337891,5,0,0,1998-10-26,1998-10-30,0,True,True
1998-11-06,18.051638788338703,18.901136428761813,17.733087539672852,18.547183990478516,5,0,0,1998-11-02,1998-11-06,0,True,True
1998-11-13,18.68875528748887,18.68875528748887,17.556110313016486,18.299417495727539,5,0,0,1998-11-09,1998-11-13,0,True,True
1998-11-20,18.794951706319299,19.998392531017412,18.405595471463581,19.892206192016602,5,0,0,1998-11-16,1998-11-20,0,True,True
1998-11-27,20.387738020633364,20.387738020633364,19.538251487189012,19.750617980957031,4,0,0,1998-11-23,1998-11-27,0,True,True
1998-12-04,19.60904580851518,20.60011100769043,19.060414036479081,20.60011100769043,5,0,0,1998-11-30,1998-12-04,0,True,True
1998-12-11,20.635507996314967,20.954068625417754,19.042710484546042,19.255083084106445,5,0,0,1998-12-07,1998-12-11,0,True,True
1998-12-18,19.042711273978885,21.237226425466762,18.617968095335598,20.883274078369141,5,0,0,1998-12-14,1998-12-18,0,True,True
1998-12-25,20.741698783214677,21.838949241416785,20.210767040108369,21.661972045898438,4,0,0,1998-12-21,1998-12-24,0,True,True
1999-01-01,21.697366714477539,22.971597681909365,21.626575838784149,22.794620513916016,4,0,0,1998-12-28,1998-12-31,0,True,True
1999-01-08,22.794625194379954,23.042393280445339,20.812481778963075,21.449594497680664,5,0,0,1999-01-04,1999-01-08,0,True,True
1999-01-15,20.954070428181758,21.166439104084208,18.476390114904845,20.989461898803711,5,0,0,1999-01-11,1999-01-15,0,True,True
1999-01-22,21.024860474691916,21.166442260026329,19.403216129849181,20.43379020690918,4,0,0,1999-01-19,1999-01-22,0,True,True
1999-01-29,20.291642395605471,20.433790747141181,18.728009545446149,20.185026168823246,5,0,0,1999-01-25,1999-01-29,0,True,True
1999-02-05,20.18502856135202,20.327176894784866,18.479258902608183,18.763553619384766,5,0,0,1999-02-01,1999-02-05,0,True,True
1999-02-12,18.90569481015827,20.327174485407269,18.088343973598157,19.971805572509766,5,0,0,1999-02-08,1999-02-12,0,True,True
1999-02-19,20.185030607237607,20.718086911639553,20.007342053475565,20.327178955078125,4,0,0,1999-02-16,1999-02-19,0,True,True
1999-02-26,20.469321663642706,21.180069732924036,19.403220416592308,19.865194320678711,5,0,0,1999-02-22,1999-02-26,0,True,True
1999-03-05,19.794118977819807,21.286667197089056,19.43875022040034,20.895761489868164,5,0,0,1999-03-01,1999-03-05,0,True,True
1999-03-12,21.108983900847409,22.032946196001781,20.433779599413128,21.855260848999023,5,0,0,1999-03-08,1999-03-12,0,True,True
1999-03-19,22.032949502888457,22.637076942044391,21.357748689854397,21.784189224243164,5,0,0,1999-03-15,1999-03-19,0,True,True
1999-03-26,21.642047246438125,21.997418085170359,20.469324111938477,20.469324111938477,5,0,0,1999-03-22,1999-03-26,0,True,True
1999-04-02,20.54040017494987,21.180065653446889,19.758590163309012,19.936273574829098,4,0,0,1999-03-29,1999-04-01,0,True,True
1999-04-09,20.185024285813139,22.210622494099258,20.113950134151452,21.997402191162109,5,0,0,1999-04-05,1999-04-09,0,True,True
1999-04-16,21.855254967552852,22.601551001772854,20.753621577365763,21.357749938964844,5,0,0,1999-04-12,1999-04-16,0,True,True
1999-04-23,21.251136325426813,22.150630950927734,21.037913872802747,21.829605102539066,5,0,0,1999-04-19,1999-04-23,0,True,True
1999-04-30,21.829607168190769,23.791414486465886,21.54425234286219,22.685663223266602,5,0,0,1999-04-26,1999-04-30,0,True,True
1999-05-07,22.828352008692583,22.899690730667597,21.401574930197903,21.936616897583008,5,0,0,1999-05-03,1999-05-07,0,True,True
1999-05-14,21.686939536802438,22.257627538740952,20.937890848329477,21.044898986816406,5,0,0,1999-05-10,1999-05-14,0,True,True
1999-05-21,20.973550944208494,21.258898156526236,20.260154681919694,20.331493377685547,5,0,0,1999-05-17,1999-05-21,0,True,True
1999-05-28,19.903469149013304,20.68818857692337,19.190077895116911,20.40284538269043,5,0,0,1999-05-24,1999-05-28,0,True,True
1999-06-04,19.832147977566002,20.153156590236197,19.261420820940561,19.867801666259766,4,0,0,1999-06-01,1999-06-04,0,True,True
1999-06-11,19.832138106987134,21.829607370966642,19.725129990249364,20.046144485473636,5,0,0,1999-06-07,1999-06-11,0,True,True
1999-06-18,20.117488743234876,21.615591128739663,20.117488743234876,21.33024787902832,5,0,0,1999-06-14,1999-06-18,0,True,True
1999-06-25,21.54425627611889,21.651264355153184,19.54678312901974,19.832130432128906,5,0,0,1999-06-21,1999-06-25,0,True,True
1999-07-02,20.046146150998641,22.043625023900013,19.939150426907997,21.865278244018555,5,0,0,1999-06-28,1999-07-02,0,True,True
1999-07-09,21.829616136255154,22.757017478414038,21.579930561516576,22.578668594360352,4,0,0,1999-07-06,1999-07-09,0,True,True
1999-07-16,22.578667139659743,22.578667139659743,21.080560470065087,21.437253952026367,5,0,0,1999-07-12,1999-07-16,0,True,True
1999-07-23,21.365911162389658,22.007959687219714,21.151897431464835,21.553798675537109,5,0,0,1999-07-19,1999-07-23,0,True,True
1999-07-30,21.482189513760417,21.983434486735973,21.088344915690996,21.159950256347656,5,0,0,1999-07-26,1999-07-30,0,True,True
1999-08-06,21.482184658026309,21.697006875693493,20.264869275106516,20.515495300292969,5,0,0,1999-08-02,1999-08-06,0,True,True
1999-08-13,20.443887864525411,22.090841293334961,20.050038966683829,22.090841293334961,5,0,0,1999-08-09,1999-08-13,0,True,True
1999-08-20,22.05503910670479,22.484685897827148,20.873525987511503,21.410581588745117,5,0,0,1999-08-16,1999-08-20,0,True,True
1999-08-27,21.374773632056044,22.12665488960754,20.050040187753066,20.336467742919922,5,0,0,1999-08-23,1999-08-27,0,True,True
1999-09-03,20.12164306640625,21.589595766859901,19.7636093673669,21.267364501953125,5,0,0,1999-08-30,1999-09-03,0,True,True
1999-09-10,21.19575703777279,21.303166084716992,20.372273208782808,20.873523712158203,4,0,0,1999-09-07,1999-09-10,0,True,True
1999-09-17,20.730310951372051,20.801918364147433,19.154946232240928,20.193254470825195,5,0,0,1999-09-13,1999-09-17,0,True,True
1999-09-24,19.835215546313126,20.264857857249659,18.653694549371171,19.04753303527832,5,0,0,1999-09-20,1999-09-24,0,True,True
1999-10-01,19.04753821273831,19.763606945833789,18.224049617310484,18.582086563110352,5,0,0,1999-09-27,1999-10-01,0,True,True
1999-10-08,18.582087055010838,20.945131301879883,18.582087055010838,20.945131301879883,5,0,0,1999-10-04,1999-10-08,0,True,True
1999-10-15,21.016736895251555,21.016736895251555,19.047547115385292,19.405584335327148,5,0,0,1999-10-11,1999-10-15,0,True,True
1999-10-22,19.405568833143395,22.6576969815894,19.011728205827854,22.36998176574707,5,0,0,1999-10-18,1999-10-22,0,True,True
1999-10-29,22.441907882690426,24.851537704467777,21.506830764717808,24.096277236938477,5,0,0,1999-10-25,1999-10-29,0,True,True
1999-11-05,23.592782494552939,24.20417572418603,22.657701077366056,23.52084922790527,5,0,0,1999-11-01,1999-11-05,0,True,True
1999-11-12,23.736624640673224,25.8585450504657,23.448921294258518,25.606792449951172,5,0,0,1999-11-08,1999-11-12,0,True,True
1999-11-19,25.858559986472567,26.002410515283806,24.312071148818667,24.34803581237793,5,0,0,1999-11-15,1999-11-19,0,True,True
1999-11-26,24.348047653929324,24.348047653929324,23.269094101068692,23.844532012939453,4,0,0,1999-11-22,1999-11-26,0,True,True
1999-12-03,23.844535635227565,23.988389905697741,22.405951640882783,23.772603988647461,5,0,0,1999-11-29,1999-12-03,0,True,True
1999-12-10,23.305065093568569,23.8804931640625,20.715610504150391,23.8804931640625,5,0,0,1999-12-06,1999-12-10,0,True,True
1999-12-17,23.520850974095584,23.592780302292763,22.082267546372506,22.585771560668942,5,0,0,1999-12-13,1999-12-17,0,True,True
1999-12-24,22.513845740191716,23.089272911645931,22.226126017460771,22.8375244140625,4,0,0,1999-12-20,1999-12-23,0,True,True
1999-12-31,22.945410719214681,23.448911677437799,21.866477875418639,23.017335891723629,5,0,0,1999-12-27,1999-12-31,0,True,True
2000-01-07,22.010339332259878,22.082268667579431,19.924387692625057,21.79454231262207,5,0,0,2000-01-03,2000-01-07,0,True,True
2000-01-14,21.866482600037031,23.01734678718649,20.176139146823342,22.513843536376953,5,0,0,2000-01-10,2000-01-14,0,True,True
2000-01-21,21.866482480499631,22.357802695210292,20.949152336666366,21.021390914916992,4,0,0,2000-01-18,2000-01-21,0,True,True
2000-01-28,21.274231400426181,23.333021371667677,20.660203327659364,21.816011428833004,5,0,0,2000-01-24,2000-01-28,0,True,True
2000-02-04,21.779896225661378,23.658086592174147,21.563180467836045,21.924371719360352,5,0,0,2000-01-31,2000-02-04,0,True,True
2000-02-11,21.960478594074122,22.827348342227157,21.057514355487239,21.274232864379883,5,0,0,2000-02-07,2000-02-11,0,True,True
2000-02-18,21.129749845662378,21.707649318970205,18.962599049952626,19.396028518676758,5,0,0,2000-02-14,2000-02-18,0,True,True
2000-02-25,19.648855028262531,19.721093588205559,18.204094912451662,19.070945739746094,4,0,0,2000-02-22,2000-02-25,0,True,True
2000-03-03,19.359899380475831,20.335117789015563,18.31244865126671,18.529159545898438,5,0,0,2000-02-28,2000-03-03,0,True,True
2000-03-10,18.781998374357421,19.034831308045526,17.192747138075589,18.312448501586914,5,0,0,2000-03-06,2000-03-10,0,True,True
2000-03-17,18.059619164088357,23.694205868674462,17.987380562646027,22.357805252075195,5,0,0,2000-03-13,2000-03-17,0,True,True
2000-03-24,22.35780649796353,23.658091792298819,21.021394643078796,23.513614654541016,5,0,0,2000-03-20,2000-03-24,0,True,True
2000-03-31,23.224658356699351,24.344364597267063,22.177196969644864,24.019290924072266,5,0,0,2000-03-27,2000-03-31,0,True,True
2000-04-07,24.019275001104397,25.644663650439931,23.224663468025991,23.369140625,5,0,0,2000-04-03,2000-04-07,0,True,True
2000-04-14,23.513618224819556,26.439286694350475,22.646763664554054,22.791238784790039,5,0,0,2000-04-10,2000-04-14,0,True,True
2000-04-21,22.791231500601345,24.858212229815589,22.610637138083646,24.314666748046875,4,0,0,2000-04-17,2000-04-20,0,True,True
2000-04-28,24.205976518747828,26.343903788628737,23.626184278441368,23.807350158691406,5,0,0,2000-04-24,2000-04-28,0,True,True
2000-05-05,23.952319566448509,25.148123612970757,22.973930586125423,24.097261428833008,5,0,0,2000-05-01,2000-05-05,0,True,True
2000-05-12,24.205976518747828,26.307669355623226,24.097266855952455,25.981540679931641,5,0,0,2000-05-08,2000-05-12,0,True,True
2000-05-19,25.981541906568399,27.648425433523187,25.256821318624933,25.510477066040039,5,0,0,2000-05-15,2000-05-19,0,True,True
2000-05-26,25.872842522213237,27.974551212395379,25.619186773791043,27.249826431274414,5,0,0,2000-05-22,2000-05-26,0,True,True
2000-06-02,27.32228774326331,28.844226378436549,26.670030441354921,28.19196891784668,4,0,0,2000-05-30,2000-06-02,0,True,True
2000-06-09,27.829598624539564,28.04701773871458,25.582946729843911,25.87283897399902,5,0,0,2000-06-05,2000-06-09,0,True,True
2000-06-16,25.800368418520698,27.032402289597805,24.749519905531628,25.29306602478027,5,0,0,2000-06-12,2000-06-16,0,True,True
2000-06-23,25.800357109774346,27.068645558680309,25.003154223905792,26.778753280639648,5,0,0,2000-06-19,2000-06-23,0,True,True
2000-06-30,26.597555894021383,28.807976960273059,26.597555894021383,26.959936141967773,5,0,0,2000-06-26,2000-06-30,0,True,True
2000-07-07,27.249821339066333,28.952928992540556,27.249821339066333,28.228214263916016,4,0,0,2000-07-03,2000-07-07,0,True,True
2000-07-14,28.409388561758146,28.771753823896283,26.851216557683781,27.213592529296875,5,0,0,2000-07-10,2000-07-14,0,True,True
2000-07-21,27.829605113339039,29.485688075449882,27.539727886756115,29.085758209228516,5,0,0,2000-07-17,2000-07-21,0,True,True
2000-07-28,29.158458072366876,30.067389129585582,27.086109093107165,27.304252624511715,5,0,0,2000-07-24,2000-07-28,0,True,True
2000-08-04,27.922316722337897,30.394599914550781,26.722526589195951,30.394599914550781,5,0,0,2000-07-31,2000-08-04,0,True,True
2000-08-11,30.249188194213971,30.794538403800573,29.376614008518455,30.249181747436523,5,0,0,2000-08-07,2000-08-11,0,True,True
2000-08-18,30.249177297741156,30.576390406039092,28.213174819946289,28.213174819946289,5,0,0,2000-08-14,2000-08-18,0,True,True
2000-08-25,29.085729002812741,30.612753543099572,28.903942882525261,29.41297721862793,5,0,0,2000-08-21,2000-08-25,0,True,True
2000-09-01,29.558399903206805,31.339880925900715,28.940321757132985,30.067384719848636,5,0,0,2000-08-28,2000-09-01,0,True,True
2000-09-08,30.10374831917888,31.37623956458544,29.994676585257171,31.194469451904293,4,0,0,2000-09-05,2000-09-08,0,True,True
2000-09-15,31.230823000475322,31.99432309802118,30.031038247503904,30.249181747436523,5,0,0,2000-09-11,2000-09-15,0,True,True
2000-09-22,30.212820072495326,30.285531359807067,28.867612813095555,29.958318710327148,5,0,0,2000-09-18,2000-09-22,0,True,True
2000-09-29,29.921967855431774,33.81217891075454,29.52201421985448,32.866889953613281,5,0,0,2000-09-25,2000-09-29,0,True,True
2000-10-06,32.503324028833951,33.812182796110683,31.049032859460258,31.412605285644531,5,0,0,2000-10-02,2000-10-06,0,True,True
2000-10-13,31.412615511159267,31.703471453319786,27.667811144802329,29.740171432495117,5,0,0,2000-10-09,2000-10-13,0,True,True
2000-10-20,30.394608710107988,31.594377103951036,28.60388855513775,30.501081466674805,5,0,0,2000-10-16,2000-10-20,0,True,True
2000-10-27,30.574047930717732,32.215849389733805,29.771379145348689,31.303737640380863,5,0,0,2000-10-23,2000-10-27,0,True,True
2000-11-03,31.595622516576132,34.331961761865301,31.595622516576132,33.784694671630859,5,0,0,2000-10-30,2000-11-03,0,True,True
2000-11-10,33.821176743659223,34.660310507182359,33.200942112311971,33.4927978515625,5,0,0,2000-11-06,2000-11-10,0,True,True
2000-11-17,33.273907949724098,33.748207884732381,30.938889121426779,31.413188934326172,5,0,0,2000-11-13,2000-11-17,0,True,True
2000-11-24,31.084847184774482,31.376724177307985,29.625442771876418,30.647031784057614,4,0,0,2000-11-20,2000-11-24,0,True,True
2000-12-01,30.647046472497045,33.492813839892897,30.537592547523595,31.230768203735348,5,0,0,2000-11-27,2000-12-01,0,True,True
2000-12-08,30.938881107761116,33.529300194577345,30.464581417712939,31.413188934326172,5,0,0,2000-12-04,2000-12-08,0,True,True
2000-12-15,31.705073463235003,32.325311872244292,30.099745399405197,31.04835319519043,5,0,0,2000-12-11,2000-12-15,0,True,True
2000-12-22,31.340226690152868,33.273909691698606,30.099764235322606,32.398281097412109,5,0,0,2000-12-18,2000-12-22,0,True,True
2000-12-29,32.106399583905855,33.565781832693908,32.069914976855031,32.215854644775391,4,0,0,2000-12-26,2000-12-29,0,True,True
2001-01-05,32.544218686807213,33.93062614404689,31.048356972016528,31.851007461547852,4,0,0,2001-01-02,2001-01-05,0,True,True
2001-01-12,31.595616869003241,32.142896296317424,29.187639869223343,29.406547546386719,5,0,0,2001-01-08,2001-01-12,0,True,True
2001-01-19,29.479504381772564,30.643894382096807,27.422078263875488,27.751583099365234,4,0,0,2001-01-16,2001-01-19,0,True,True
2001-01-26,27.898029446061233,31.559185646950478,27.898029446061233,31.30290412902832,5,0,0,2001-01-22,2001-01-26,0,True,True
2001-02-02,31.046620227514413,32.511085861833955,30.460836053924236,31.456665039062504,5,0,0,2001-01-29,2001-02-02,0,True,True
2001-02-09,31.632414388860791,32.194766998291016,30.870897614774716,31.60312652587891,5,0,0,2001-02-05,2001-02-09,0,True,True
2001-02-16,31.456687331026778,32.07762046145406,30.917742247088853,31.63240814208984,5,0,0,2001-02-12,2001-02-16,0,True,True
2001-02-23,31.339518240172055,31.339518240172055,28.000539241268882,29.705188751220703,4,0,0,2001-02-20,2001-02-23,0,True,True
2001-03-02,30.021490707615584,30.800599500767529,29.154528353964533,30.080085754394531,5,0,0,2001-02-26,2001-03-02,0,True,True
2001-03-09,29.933630343592732,30.273385696029393,28.410585300606705,28.820634841918942,5,0,0,2001-03-05,2001-03-09,0,True,True
2001-03-16,28.557035846113312,28.586326006624006,25.305934351401937,26.536081314086911,5,0,0,2001-03-12,2001-03-16,0,True,True
2001-03-23,26.389639720860384,26.975412500625016,23.519282686611827,26.483358383178707,5,0,0,2001-03-19,2001-03-23,0,True,True
2001-03-30,27.151157907670921,29.025659612575062,26.793830076441296,28.844066619873047,5,0,0,2001-03-26,2001-03-30,0,True,True
2001-04-06,28.84407261605892,29.552873891284175,27.309310886029881,28.316865921020508,5,0,0,2001-04-02,2001-04-06,0,True,True
2001-04-13,28.1177026862498,30.015647519528677,28.000546232942458,28.99638557434082,4,0,0,2001-04-09,2001-04-12,0,True,True
2001-04-20,28.996366093843143,31.246406620991557,28.264133402416629,30.587984085083008,5,0,0,2001-04-16,2001-04-20,0,True,True
2001-04-27,30.511551065310787,30.71731290107531,29.100615969877428,29.394567489624027,5,0,0,2001-04-23,2001-04-27,0,True,True
2001-05-04,29.747291627086884,30.423388851623976,29.05359322357576,30.393993377685547,5,0,0,2001-04-30,2001-05-04,0,True,True
2001-05-11,30.041230807695019,30.335182473087801,29.359294624726825,29.394567489624027,5,0,0,2001-05-07,2001-05-11,0,True,True
2001-05-18,29.400443839922438,31.975401817255491,29.400443839922438,31.275808334350589,5,0,0,2001-05-14,2001-05-18,0,True,True
2001-05-25,31.452183575451063,32.510376567290876,30.987748427930832,31.70498085021973,5,0,0,2001-05-21,2001-05-25,0,True,True
2001-06-01,31.746132765658508,32.539768218994141,31.458064002128058,32.539768218994141,4,0,0,2001-05-29,2001-06-01,0,True,True
2001-06-08,32.475108019131056,32.516260386591817,30.335190449963964,30.799623489379886,5,0,0,2001-06-04,2001-06-08,0,True,True
2001-06-15,30.799630071044302,31.12297174043686,29.594456036115556,29.659124374389645,5,0,0,2001-06-11,2001-06-15,0,True,True
2001-06-22,30.100038339250567,31.411040487487298,29.488632123704779,29.953056335449219,5,0,0,2001-06-18,2001-06-22,0,True,True
2001-06-29,29.982465354729023,29.982465354729023,27.783754210160634,28.218791961669922,5,0,0,2001-06-25,2001-06-29,0,True,True
2001-07-06,28.21877637204868,28.806678204452446,27.043006525820616,27.389862060546875,4,0,0,2001-07-02,2001-07-06,0,True,True
2001-07-13,27.924822471945529,29.276998739176658,26.649106425090128,29.041843414306637,5,0,0,2001-07-09,2001-07-13,0,True,True
2001-07-20,26.602074965475484,26.837230129451068,24.944041753208126,25.091653823852539,5,0,0,2001-07-16,2001-07-20,0,True,True
2001-07-27,25.268759628022199,26.774270257945762,24.530768936667201,26.685710906982418,5,0,0,2001-07-23,2001-07-27,0,True,True
2001-08-03,26.508592865927895,26.862815418860649,26.124836727631415,26.644386291503906,5,0,0,2001-07-30,2001-08-03,0,True,True
2001-08-10,26.644374895250369,27.276101091212663,26.355078632808638,26.83329963684082,5,0,0,2001-08-06,2001-08-10,0,True,True
2001-08-17,26.833316303919208,26.833316303919208,25.682033835000702,25.977228164672855,5,0,0,2001-08-13,2001-08-17,0,True,True
2001-08-24,25.977233341210784,26.449540940461262,24.495366900450822,24.902736663818359,5,0,0,2001-08-20,2001-08-24,0,True,True
2001-08-31,24.766929826764585,24.944046342502936,23.172886400008124,23.438562393188477,5,0,0,2001-08-27,2001-08-31,0,True,True
2001-09-07,23.23191047739547,23.704223289427173,21.136025007749268,21.25410270690918,4,0,0,2001-09-04,2001-09-07,0,True,True
2001-09-14,21.254106308772357,21.856306076049805,21.106508097462893,21.856306076049805,1,0,0,2001-09-10,2001-09-10,0,True,True
2001-09-21,18.449742004443767,20.693231108115416,17.564156545474948,18.077796936035156,5,0,0,2001-09-17,2001-09-21,0,True,True
2001-09-28,18.774454216521377,21.254094305579958,18.656374418202375,20.663703918457031,5,0,0,2001-09-24,2001-09-28,0,True,True
2001-10-05,20.545632287756099,21.254099487521017,19.589196310224402,19.843065261840817,5,0,0,2001-10-01,2001-10-05,0,True,True
2001-10-12,19.512447198309303,21.195060676121898,19.051941194298092,20.911674499511719,5,0,0,2001-10-08,2001-10-12,0,True,True
2001-10-19,20.781783732160324,21.553871759254207,19.476820982685695,19.927837371826172,5,0,0,2001-10-15,2001-10-19,0,True,True
2001-10-26,19.969378974827389,21.779381211888865,19.969378974827389,21.352106094360352,5,0,0,2001-10-22,2001-10-26,0,True,True
2001-11-02,21.352100937153565,21.358035981624209,19.939705681511093,20.153347015380859,5,0,0,2001-10-29,2001-11-02,0,True,True
2001-11-09,20.473807762431402,22.752630297366679,20.378855586311889,22.390623092651367,5,0,0,2001-11-05,2001-11-09,0,True,True
2001-11-16,22.046431757696642,23.257056168861272,21.66069442579958,22.467782974243164,5,0,0,2001-11-12,2001-11-16,0,True,True
2001-11-23,22.461846237858726,24.111618838201007,22.461846237858726,23.986995697021484,4,0,0,2001-11-19,2001-11-23,0,True,True
2001-11-30,23.737744795525838,24.366806589600987,22.645802825186856,23.286733627319336,5,0,0,2001-11-26,2001-11-30,0,True,True
2001-12-07,22.699226853200866,24.924639898994901,22.28381631644498,24.705066680908207,5,0,0,2001-12-03,2001-12-07,0,True,True
2001-12-14,24.705071117443506,24.705071117443506,23.191783959102963,23.292671203613278,5,0,0,2001-12-10,2001-12-14,0,True,True
2001-12-21,23.268933154062438,24.568576579939624,23.090898850269621,24.33119010925293,5,0,0,2001-12-17,2001-12-21,0,True,True
2001-12-28,24.331192842044722,24.467686784113319,23.927642349033313,24.295587539672848,4,0,0,2001-12-24,2001-12-28,0,True,True
2002-01-04,24.271855351595896,25.506203754955248,23.624998946992612,25.286630630493164,4,0,0,2001-12-31,2002-01-04,0,True,True
2002-01-11,26.052175058506105,27.595129222656833,25.458741362185446,26.645620346069332,5,0,0,2002-01-07,2002-01-11,0,True,True
2002-01-18,26.325169339640453,26.604083994636859,25.271762071294653,25.539976119995117,5,0,0,2002-01-14,2002-01-18,0,True,True
2002-01-25,25.629394387226668,25.867779235429552,25.182367308447702,25.379058837890625,4,0,0,2002-01-22,2002-01-25,0,True,True
2002-02-01,25.385005159059371,25.569773276078994,23.155844187219675,24.198909759521484,5,0,0,2002-01-28,2002-02-01,0,True,True
2002-02-08,24.198915224761191,24.198915224761191,21.665765148896607,22.726699829101562,5,0,0,2002-02-04,2002-02-08,0,True,True
2002-02-15,22.720744861887599,23.543273741587853,22.357164484445672,23.066446304321286,5,0,0,2002-02-11,2002-02-15,0,True,True
2002-02-22,22.798227678416588,22.804188610069989,21.576375626694066,22.130681991577148,4,0,0,2002-02-19,2002-02-22,0,True,True
2002-03-01,22.321411988974141,23.424074847091671,22.166442714916172,22.99492263793945,5,0,0,2002-02-25,2002-03-01,0,True,True
2002-03-08,23.215449260463281,25.033351413294636,23.185646748129944,24.490962982177734,5,0,0,2002-03-04,2002-03-08,0,True,True
2002-03-15,24.496942000979463,25.945286900573748,24.496942000979463,25.873762130737305,5,0,0,2002-03-11,2002-03-15,0,True,True
2002-03-22,26.195609968551061,26.636679387153425,24.872421806884269,25.271778106689453,5,0,0,2002-03-18,2002-03-22,0,True,True
2002-03-29,25.277725303796789,26.076405068042682,24.973744268685181,25.045269012451168,4,0,0,2002-03-25,2002-03-28,0,True,True
2002-04-05,24.526727558637884,24.663814480505408,23.096244046736288,23.263128280639645,5,0,0,2002-04-01,2002-04-05,0,True,True
2002-04-12,23.185645541194646,23.418098261321372,21.749217624631424,22.619415283203125,5,0,0,2002-04-08,2002-04-12,0,True,True
2002-04-19,22.702871107174353,23.150972695899977,22.012891082095113,22.456150054931641,5,0,0,2002-04-15,2002-04-19,0,True,True
2002-04-26,22.456159190088044,22.456159190088044,21.593610821821063,22.060825347900391,5,0,0,2002-04-22,2002-04-26,0,True,True
2002-05-03,21.683462693296672,22.252508257836894,21.431890825046136,21.69544792175293,5,0,0,2002-04-29,2002-05-03,0,True,True
2002-05-10,21.773307024385208,22.13270252629459,20.820911439527055,20.868825912475586,5,0,0,2002-05-06,2002-05-10,0,True,True
2002-05-17,20.814925824318916,22.827538472292066,20.755024933435102,22.516063690185543,5,0,0,2002-05-13,2002-05-17,0,True,True
2002-05-24,22.432193780010092,22.725700160036805,21.749345817842883,21.85716438293457,5,0,0,2002-05-20,2002-05-24,0,True,True
2002-05-31,21.917059707084896,22.066822099514273,21.282133588882743,21.743366241455078,4,0,0,2002-05-28,2002-05-31,0,True,True
2002-06-07,21.593615095194128,21.863160499109433,20.096132873451168,20.293798446655273,5,0,0,2002-06-03,2002-06-07,0,True,True
2002-06-14,20.245881796039466,20.784972157226576,19.173683576169587,20.096128463745117,5,0,0,2002-06-10,2002-06-14,0,True,True
2002-06-21,20.365676906543346,21.389958436034988,19.784658178414386,20.185979843139648,5,0,0,2002-06-17,2002-06-21,0,True,True
2002-06-28,20.006286770193491,20.778978804276633,19.197645874110716,20.215932846069336,5,0,0,2002-06-24,2002-06-28,0,True,True
2002-07-05,20.299793740370184,20.51543092152875,18.574688913742893,20.078172683715817,4,0,0,2002-07-01,2002-07-05,0,True,True
2002-07-12,20.066181832554932,20.185979276704192,18.353073543021701,19.191656112670898,5,0,0,2002-07-08,2002-07-12,0,True,True
2002-07-19,18.808302077144084,19.298416247566578,17.375808025434942,17.683185577392578,5,0,0,2002-07-15,2002-07-19,0,True,True
2002-07-26,17.568663876386875,18.074944214035746,16.037820769511018,17.857973098754883,5,0,0,2002-07-22,2002-07-26,0,True,True
2002-08-02,18.171372503293906,19.581692769717261,18.171372503293906,18.526960372924805,5,0,0,2002-07-29,2002-08-02,0,True,True
2002-08-09,18.526960828980148,20.341087518941318,17.797695417715502,20.118087768554684,5,0,0,2002-08-05,2002-08-09,0,True,True
2002-08-16,19.678116354956611,20.552037381409683,18.978984259248325,20.226585388183597,5,0,0,2002-08-12,2002-08-16,0,True,True
2002-08-23,20.220552305709525,21.425948855679199,20.202471651725986,20.998031616210941,5,0,0,2002-08-19,2002-08-23,0,True,True
2002-08-30,21.094459892891638,21.69716627560156,20.443552783777903,21.184867858886719,5,0,0,2002-08-26,2002-08-30,0,True,True
2002-09-06,20.67257186320478,20.76297510921022,19.226094238153664,20.075901031494141,4,0,0,2002-09-03,2002-09-06,0,True,True
2002-09-13,19.8589210134148,20.672573341274965,19.003095615603755,19.629903793334961,5,0,0,2002-09-09,2002-09-13,0,True,True
2002-09-20,19.376782375630221,20.027682981817275,17.393882584170282,17.490314483642578,5,0,0,2002-09-16,2002-09-20,0,True,True
2002-09-27,17.345678443200281,18.020692758311462,16.640519359252604,17.405941009521484,5,0,0,2002-09-23,2002-09-27,0,True,True
2002-10-04,17.062407541751039,17.574695139434269,13.391972829815172,13.608943939208984,5,0,0,2002-09-30,2002-10-04,0,True,True
2002-10-11,13.560726932590459,14.766126841112799,12.566273689270018,14.32012939453125,5,0,0,2002-10-07,2002-10-11,0,True,True
2002-10-18,13.862074677648511,16.652666687947445,13.807832724487701,16.409738540649414,5,0,0,2002-10-14,2002-10-18,0,True,True
2002-10-25,16.397594689212553,17.004906328340365,15.790265540207013,16.531192779541016,5,0,0,2002-10-21,2002-10-25,0,True,True
2002-11-01,16.883441736859883,16.944173207538118,15.504839677670857,16.093938827514648,5,0,0,2002-10-28,2002-11-01,0,True,True
2002-11-08,16.427957419410031,16.676958256762873,15.061495598507003,15.182958602905273,5,0,0,2002-11-04,2002-11-08,0,True,True
2002-11-15,15.134372123749763,16.616228103637695,14.970395772655266,16.616228103637695,5,0,0,2002-11-11,2002-11-15,0,True,True
2002-11-22,16.683025758383305,18.322792265925354,16.093931721426348,18.019132614135742,5,0,0,2002-11-18,2002-11-22,0,True,True
2002-11-29,18.025207651045214,18.547499280578894,17.43003591680209,18.432107925415039,4,0,0,2002-11-25,2002-11-29,0,True,True
2002-12-06,18.644668105480104,18.729692619261854,16.579790319881795,16.689107894897461,5,0,0,2002-12-02,2002-12-06,0,True,True
2002-12-13,16.616237304327733,16.786286455795153,15.170808019672444,15.377295494079588,5,0,0,2002-12-09,2002-12-13,0,True,True
2002-12-20,15.668806312203397,16.403671280087828,13.54319678896986,14.745682716369629,5,0,0,2002-12-16,2002-12-20,0,True,True
2002-12-27,14.751759331636682,15.000757625207649,14.271977966982623,14.399516105651855,4,0,0,2002-12-23,2002-12-27,0,True,True
2003-01-03,14.484537819321442,15.595935079745704,14.32056151122505,15.419812202453613,4,0,0,2002-12-30,2003-01-03,0,True,True
2003-01-10,15.419819435614984,16.78020164090648,15.243678741139352,16.336858749389648,5,0,0,2003-01-06,2003-01-10,0,True,True
2003-01-17,16.488690300415204,16.743768692745757,16.033201938075628,16.47654914855957,5,0,0,2003-01-13,2003-01-17,0,True,True
2003-01-24,16.64052123883598,16.64052123883598,15.232227838169413,15.55033016204834,4,0,0,2003-01-21,2003-01-24,0,True,True
2003-01-31,15.507504254836325,15.813371596143604,15.177171471797676,15.476922035217285,5,0,0,2003-01-27,2003-01-31,0,True,True
2003-02-07,15.483045386561411,15.531983799261123,14.161690285136959,14.345217704772949,5,0,0,2003-02-03,2003-02-07,0,True,True
2003-02-14,14.375798411353838,14.583789080639134,13.452071611954706,14.008752822875977,5,0,0,2003-02-10,2003-02-14,0,True,True
2003-02-21,14.192276562823787,14.357444609289978,13.874174057464487,14.167806625366211,4,0,0,2003-02-18,2003-02-21,0,True,True
2003-02-28,14.161686048928582,14.186154867812251,13.507124149558129,13.935342788696287,5,0,0,2003-02-24,2003-02-28,0,True,True
2003-03-07,14.082162496075586,14.314622878161916,12.809745199283798,13.152317047119141,5,0,0,2003-03-03,2003-03-07,0,True,True
2003-03-14,13.091149163431282,13.091149163431282,11.775916878934172,12.717993736267092,5,0,0,2003-03-10,2003-03-14,0,True,True
2003-03-21,12.546708113663069,13.843578087053208,12.44883020927927,13.580537796020506,5,0,0,2003-03-17,2003-03-21,0,True,True
2003-03-28,13.305256788268279,13.384782022997276,12.913743791180114,13.085032463073729,5,0,0,2003-03-24,2003-03-28,0,True,True
2003-04-04,12.693519607217503,13.727355972083881,12.454944067957889,13.513248443603516,5,0,0,2003-03-31,2003-04-04,0,True,True
2003-04-11,13.916987346877342,14.22285460794186,13.574419078296891,13.819109916687012,5,0,0,2003-04-07,2003-04-11,0,True,True
2003-04-18,13.8191134144974,15.64228413911194,13.653944320419612,15.235193252563477,4,0,0,2003-04-14,2003-04-17,0,True,True
2003-04-25,15.235184762043403,16.049371247235499,15.050143043166003,15.679291725158691,5,0,0,2003-04-21,2003-04-25,0,True,True
2003-05-02,15.685452250706616,16.684699244840946,15.636108026274998,16.616849899291992,5,0,0,2003-04-28,2003-05-02,0,True,True
2003-05-09,16.616833845840084,17.036263639702899,15.827330076902465,16.185079574584961,5,0,0,2003-05-05,2003-05-09,0,True,True
2003-05-16,16.185071859388703,17.054775071239302,16.006196640873569,16.777210235595703,5,0,0,2003-05-12,2003-05-16,0,True,True
2003-05-23,16.777212671576823,16.814218437692528,16.037037426475912,16.709360122680664,5,0,0,2003-05-19,2003-05-23,0,True,True
2003-05-30,16.709355627836636,17.942976291484843,16.419455655831488,17.850454330444336,4,0,0,2003-05-27,2003-05-30,0,True,True
2003-06-06,18.029334339068733,18.905207699838869,17.961485030858196,18.121860504150391,5,0,0,2003-06-02,2003-06-06,0,True,True
2003-06-13,18.035498497894608,18.380921521944007,17.498875079110139,17.930646896362305,5,0,0,2003-06-09,2003-06-13,0,True,True
2003-06-20,17.936809088800338,18.781837290213357,17.813449975781118,18.029333114624023,5,0,0,2003-06-16,2003-06-20,0,True,True
2003-06-27,17.899806784082838,18.029336693097754,17.27682479061901,17.646917343139648,5,0,0,2003-06-23,2003-06-27,0,True,True
2003-07-04,17.702424632220083,18.195869926647301,17.15346734193589,17.566732406616211,4,0,0,2003-06-30,2003-07-03,0,True,True
2003-07-11,17.93064701491846,18.868201016845557,17.912141949496284,18.399421691894531,5,0,0,2003-07-07,2003-07-11,0,True,True
2003-07-18,18.720157455558848,19.851690892218954,18.62763548454085,19.386285781860352,5,0,0,2003-07-14,2003-07-18,0,True,True
2003-07-25,19.237350601936356,19.355257864294884,18.542312109401479,18.945676803588867,5,0,0,2003-07-21,2003-07-25,0,True,True
2003-08-01,18.945680054924861,19.144252997468531,18.256859549670306,18.325124740600586,5,0,0,2003-07-28,2003-08-01,0,True,True
2003-08-08,18.325123061050046,18.356145192247531,17.654918228464464,18.126533508300781,5,0,0,2003-08-04,2003-08-08,0,True,True
2003-08-15,18.027251419603054,18.610578080721673,17.872111300911648,18.43061637878418,5,0,0,2003-08-11,2003-08-15,0,True,True
2003-08-22,18.604369841275677,18.840184123258094,18.325118547841509,18.393379211425781,5,0,0,2003-08-18,2003-08-22,0,True,True
2003-08-29,18.380970775200105,18.449229474268702,17.996225559786517,18.256858825683594,5,0,0,2003-08-25,2003-08-29,0,True,True
2003-09-05,18.194809324988142,19.07600087132683,18.194809324988142,18.958093643188477,4,0,0,2003-09-02,2003-09-05,0,True,True
2003-09-12,18.958091282153724,19.26836720427865,18.443029607937369,18.598173141479492,5,0,0,2003-09-08,2003-09-12,0,True,True
2003-09-19,18.635396625925342,19.659322653680043,18.331322664426459,19.516593933105469,5,0,0,2003-09-15,2003-09-19,0,True,True
2003-09-26,19.262162899142126,19.299398044299021,17.81626036600754,17.990016937255859,5,0,0,2003-09-22,2003-09-26,0,True,True
2003-10-03,18.008637662784963,19.144261004071101,17.965192904585578,18.802951812744141,5,0,0,2003-09-29,2003-10-03,0,True,True
2003-10-10,18.802956881696439,19.721376888418842,18.802956881696439,19.330423355102539,5,0,0,2003-10-06,2003-10-10,0,True,True
2003-10-17,19.392480307670045,20.435012783600019,19.181492836593893,19.293193817138668,5,0,0,2003-10-13,2003-10-17,0,True,True
2003-10-24,19.392478677808963,19.731880374103461,17.802402184058678,18.957578659057617,5,0,0,2003-10-20,2003-10-24,0,True,True
2003-10-31,18.957588572900733,19.719391001565459,18.576691782820692,19.475864410400391,5,0,0,2003-10-27,2003-10-31,0,True,True
2003-11-07,19.513324422215302,19.912963428754786,19.144921300006963,19.669429779052734,5,0,0,2003-11-03,2003-11-07,0,True,True
2003-11-14,19.6694351283885,19.731877437162751,18.701572502170226,18.782747268676758,5,0,0,2003-11-10,2003-11-14,0,True,True
2003-11-21,18.689080554878526,18.732804025076401,18.227008030426138,18.589174270629883,5,0,0,2003-11-17,2003-11-21,0,True,True
2003-11-28,18.682840225907579,19.257311175391013,18.676596444809999,19.157403945922852,4,0,0,2003-11-24,2003-11-28,0,True,True
2003-12-05,19.294780731201172,19.99413104467871,19.188628572200017,19.544546127319336,5,0,0,2003-12-01,2003-12-05,0,True,True
2003-12-12,19.494597250131029,20.256393596113746,19.494597250131029,20.069072723388672,5,0,0,2003-12-08,2003-12-12,0,True,True
2003-12-19,19.937937835476582,20.356303750074353,19.36345962281862,20.300100326538086,5,0,0,2003-12-15,2003-12-19,0,True,True
2003-12-26,20.13775488423904,20.762173761066855,19.91920569004148,20.618562698364258,4,0,0,2003-12-22,2003-12-26,0,True,True
2004-01-02,20.649781639519595,20.912038377773118,20.437479641693848,20.487434387207031,4,0,0,2003-12-29,2004-01-02,0,True,True
2004-01-09,20.699744809112957,21.761268803509541,20.587339633587906,20.656026840209961,5,0,0,2004-01-05,2004-01-09,0,True,True
2004-01-16,20.606068295291802,21.449054009422145,20.312595151419128,21.392856597900391,5,0,0,2004-01-12,2004-01-16,0,True,True
2004-01-23,21.411582702163081,21.523979738965259,20.72085996702155,20.815046310424805,4,0,0,2004-01-20,2004-01-23,0,True,True
2004-01-30,20.764809517237065,20.852713883251262,18.99411350943177,19.935976028442383,5,0,0,2004-01-26,2004-01-30,0,True,True
2004-02-06,20.048999167217399,20.149462924076033,19.433650149713806,19.684810638427734,5,0,0,2004-02-02,2004-02-06,0,True,True
2004-02-13,19.778994304153738,20.48225768573171,19.559227776097384,20.463420867919922,5,0,0,2004-02-09,2004-02-13,0,True,True
2004-02-20,20.532494010236036,20.739703558897791,19.967373290545371,20.143186569213867,4,0,0,2004-02-17,2004-02-20,0,True,True
2004-02-27,20.149461047541681,20.852713182308456,20.048997300039311,20.720849990844727,5,0,0,2004-02-23,2004-02-27,0,True,True
2004-03-05,20.858993573571649,21.09132672680413,20.664339567827,20.984580993652344,5,0,0,2004-03-01,2004-03-05,0,True,True
2004-03-12,20.890389063270103,21.028526427815564,19.61574549364116,20.143186569213867,5,0,0,2004-03-08,2004-03-12,0,True,True
2004-03-19,20.312717962865609,20.764803303957869,19.276675216931366,20.53248405456543,5,0,0,2004-03-15,2004-03-19,0,True,True
2004-03-26,20.532482008643143,20.532482008643143,19.584339655974084,19.829231262207031,5,0,0,2004-03-22,2004-03-26,0,True,True
2004-04-02,19.873185362968922,20.683173891545145,19.741323799001702,20.243640899658203,5,0,0,2004-03-29,2004-04-02,0,True,True
2004-04-09,20.2185240051279,20.60156029881372,20.187130083297408,20.356668472290039,4,0,0,2004-04-05,2004-04-08,0,True,True
2004-04-16,20.513649707325754,20.858996569439498,18.956437949351354,19.546674728393555,5,0,0,2004-04-12,2004-04-16,0,True,True
2004-04-23,19.546678029777993,19.565514845045655,18.535743682719705,19.154714584350586,5,0,0,2004-04-19,2004-04-23,0,True,True
2004-04-30,19.243226848433125,19.508726296534398,18.332897597867916,18.42140007019043,5,0,0,2004-04-26,2004-04-30,0,True,True
2004-05-07,18.370827523757583,19.123108668500969,18.238072105688396,18.598409652709961,5,0,0,2004-05-03,2004-05-07,0,True,True
2004-05-14,18.503582899672345,18.686920532578171,17.972555705014166,18.490938186645508,5,0,0,2004-05-10,2004-05-14,0,True,True
2004-05-21,18.225428354652554,19.173683094220529,18.023134061646338,18.541515350341797,5,0,0,2004-05-17,2004-05-21,0,True,True
2004-05-28,18.699552404271966,19.230577746425332,18.358184291785811,19.009319305419922,5,0,0,2004-05-24,2004-05-28,0,True,True
2004-06-04,18.914494423742685,19.249540488679902,18.769095457014057,18.971389770507812,4,0,0,2004-06-01,2004-06-04,0,True,True
2004-06-11,19.053572989619809,19.300122901146835,18.680583540033275,18.781730651855469,4,0,0,2004-06-07,2004-06-10,0,True,True
2004-06-18,18.781732123068416,18.781732123068416,18.168530071760621,18.30760383605957,5,0,0,2004-06-14,2004-06-18,0,True,True
2004-06-25,18.364500638804387,18.788060420227314,18.143239012074318,18.598409652709961,5,0,0,2004-06-21,2004-06-25,0,True,True
2004-07-02,18.712199349095602,18.737484689010039,18.231750110131937,18.522548675537109,5,0,0,2004-06-28,2004-07-02,0,True,True
2004-07-09,18.332894549524095,18.377146347087304,17.972564973094812,17.985208511352539,4,0,0,2004-07-06,2004-07-09,0,True,True
2004-07-16,17.991526906411774,18.301289830811015,17.226605153887768,18.200143814086914,5,0,0,2004-07-12,2004-07-16,0,True,True
2004-07-23,18.124283145081865,18.505658970523221,17.754487155390301,17.888177871704102,5,0,0,2004-07-19,2004-07-23,0,True,True
2004-07-30,17.862710438825324,18.454730048339137,17.849978483154285,18.289216995239258,5,0,0,2004-07-26,2004-07-30,0,True,True
2004-08-06,18.28922566020611,18.454729385521066,17.792669243167662,17.856328964233398,5,0,0,2004-08-02,2004-08-06,0,True,True
2004-08-13,17.907260611540291,18.072779100476268,17.468014261021715,17.53803825378418,5,0,0,2004-08-09,2004-08-13,0,True,True
2004-08-20,17.601699409163789,18.887616647520623,17.588967460688185,18.817592620849609,5,0,0,2004-08-16,2004-08-20,0,True,True
2004-08-27,18.792117925735955,19.040392979346731,18.71574038010576,18.868513107299805,5,0,0,2004-08-23,2004-08-27,0,True,True
2004-09-03,18.868519692685609,19.224994823080237,18.766666080314177,19.021286010742188,5,0,0,2004-08-30,2004-09-03,0,True,True
2004-09-10,19.065857255004289,19.384151420033849,18.970368808381977,19.084955215454102,4,0,0,2004-09-07,2004-09-10,0,True,True
2004-09-17,19.078588087945636,19.161345189533385,18.804857114167572,19.091320037841797,5,0,0,2004-09-13,2004-09-17,0,True,True
2004-09-24,19.002204374496248,19.358685895076359,18.932180343071842,19.110420227050781,5,0,0,2004-09-20,2004-09-24,0,True,True
2004-10-01,19.104059254618559,19.110425804725661,18.3465162591176,18.874889373779297,5,0,0,2004-09-27,2004-10-01,0,True,True
2004-10-08,18.90034988413576,19.689718054267654,18.874885975176891,19.498739242553711,5,0,0,2004-10-04,2004-10-08,0,True,True
2004-10-15,19.587860289494589,19.836136627687114,19.008570992782989,19.702451705932617,5,0,0,2004-10-11,2004-10-15,0,True,True
2004-10-22,19.626054737806232,20.335210464807307,19.256840388249127,19.886734008789062,5,0,0,2004-10-18,2004-10-22,0,True,True
2004-10-29,19.797023925875273,20.828520501642263,19.630448398484464,20.796487808227539,5,0,0,2004-10-25,2004-10-29,0,True,True
2004-11-05,20.847761202616432,21.770334112218503,20.585080435182487,21.731891632080078,5,0,0,2004-11-01,2004-11-05,0,True,True
2004-11-12,21.731890717561974,21.770333196082671,20.828533255195964,21.392330169677734,5,0,0,2004-11-08,2004-11-12,0,True,True
2004-11-19,21.334662702126295,21.366697706483023,20.713219885145694,20.74525260925293,5,0,0,2004-11-15,2004-11-19,0,True,True
2004-11-26,20.745241964469063,21.200118730351537,20.521003788084737,21.09760856628418,4,0,0,2004-11-22,2004-11-26,0,True,True
2004-12-03,21.289821804377393,21.366704008325669,20.892595687637737,21.206535339355469,5,0,0,2004-11-29,2004-12-03,0,True,True
2004-12-10,21.078397448802473,21.501237101698766,20.918229284274318,21.123233795166016,5,0,0,2004-12-06,2004-12-10,0,True,True
2004-12-17,21.257788006519789,21.353892490761204,20.982298874634239,21.251384735107422,5,0,0,2004-12-13,2004-12-17,0,True,True
2004-12-24,21.302636769465543,21.840806346093171,21.078398560492417,21.629383087158203,4,0,0,2004-12-20,2004-12-23,0,True,True
2004-12-31,21.71907857966702,21.802366391253443,21.309048534351493,21.411544799804688,5,0,0,2004-12-27,2004-12-31,0,True,True
2005-01-07,21.417966027365839,21.584539943769361,20.815724740653142,21.341081619262699,5,0,0,2005-01-03,2005-01-07,0,True,True
2005-01-14,21.270604167891339,21.385924699672707,20.770863529218929,20.822124481201172,5,0,0,2005-01-10,2005-01-14,0,True,True
2005-01-21,20.623517648663299,21.187316921647724,19.768784476197389,19.891292572021484,4,0,0,2005-01-18,2005-01-21,0,True,True
2005-01-28,19.891301739841303,19.949330451721153,18.717805794382706,19.027297973632812,5,0,0,2005-01-24,2005-01-28,0,True,True
2005-02-04,19.214283675716416,19.394815444946289,18.891893264363944,19.394815444946289,5,0,0,2005-01-31,2005-02-04,0,True,True
2005-02-11,19.401270290131389,19.80102482813102,19.304554615916107,19.684965133666992,5,0,0,2005-02-07,2005-02-11,0,True,True
2005-02-18,19.73010553614581,19.839715957641602,19.072434997393653,19.362583160400391,5,0,0,2005-02-14,2005-02-18,0,True,True
2005-02-25,19.214289961720958,19.652730468883707,18.988613390393223,19.594701766967773,4,0,0,2005-02-22,2005-02-25,0,True,True
2005-03-04,19.536668160873106,20.413553848363065,19.459299594857423,20.123403549194336,5,0,0,2005-02-28,2005-03-04,0,True,True
2005-03-11,20.181437734791327,20.213675115092848,19.439158743122295,19.503740310668945,5,0,0,2005-03-07,2005-03-11,0,True,True
2005-03-18,19.568322023240903,20.020390089479871,19.206663723779538,19.626449584960938,5,0,0,2005-03-14,2005-03-18,0,True,True
2005-03-25,19.536034844025966,19.594157565266723,18.722300911016774,18.728759765625,4,0,0,2005-03-21,2005-03-24,0,True,True
2005-04-01,18.761052429969151,19.083949133330698,18.431683177985725,18.657709121704102,5,0,0,2005-03-28,2005-04-01,0,True,True
2005-04-08,18.631888107785901,19.180837625673952,18.509182640857258,18.90312385559082,5,0,0,2005-04-04,2005-04-08,0,True,True
2005-04-15,18.870845188277777,19.116252991233342,18.005446064310199,18.147525787353516,5,0,0,2005-04-11,2005-04-15,0,True,True
2005-04-22,18.179813367531711,18.890210978477398,17.49524629771846,17.739620208740234,5,0,0,2005-04-18,2005-04-22,0,True,True
2005-04-29,17.82418238667989,18.214500743775371,17.518451826894736,18.175470352172852,5,0,0,2005-04-25,2005-04-29,0,True,True
2005-05-06,18.279556478181263,18.767436300004544,18.019349530961083,18.214494705200195,5,0,0,2005-05-02,2005-05-06,0,True,True
2005-05-13,18.129927249892084,18.617819704455062,17.947786756698587,18.116922378540039,5,0,0,2005-05-09,2005-05-13,0,True,True
2005-05-20,18.149447588395891,19.151249710556442,18.136438239454396,18.88453483581543,5,0,0,2005-05-16,2005-05-20,0,True,True
2005-05-27,18.884533615981539,18.930069849987685,18.60481410969448,18.865022659301758,5,0,0,2005-05-23,2005-05-27,0,True,True
2005-06-03,18.786956363838311,19.060172799588759,18.676367531512895,18.760936737060547,4,0,0,2005-05-31,2005-06-03,0,True,True
2005-06-10,18.767439916700376,19.118723755371047,18.754429397040489,18.871522903442383,5,0,0,2005-06-06,2005-06-10,0,True,True
2005-06-17,18.852009691182619,19.190279503603929,18.773947166239186,19.177268981933594,5,0,0,2005-06-13,2005-06-17,0,True,True
2005-06-24,19.047166327543778,19.313871382319341,18.865016627200291,18.904047012329102,5,0,0,2005-06-20,2005-06-24,0,True,True
2005-07-01,18.865018311602839,19.281353634664505,18.708893245536693,18.865022659301758,5,0,0,2005-06-27,2005-07-01,0,True,True
2005-07-08,18.799961770071743,18.988612510595662,18.409655746542661,18.734916687011719,4,0,0,2005-07-05,2005-07-08,0,True,True
2005-07-15,18.780450436360262,19.333390765490048,18.760935242138974,19.29435920715332,5,0,0,2005-07-11,2005-07-15,0,True,True
2005-07-22,19.190273222710207,20.575884094112816,19.099200771362753,20.388025283813477,5,0,0,2005-07-18,2005-07-22,0,True,True
2005-07-29,20.42732098050466,20.525561379344282,20.027814033454401,20.158802032470703,5,0,0,2005-07-25,2005-07-29,0,True,True
2005-08-05,20.152250475846735,20.263584143558102,19.850978683028575,19.896823883056641,5,0,0,2005-08-01,2005-08-05,0,True,True
2005-08-12,19.909926878951136,20.171896523414695,19.759290034682184,19.88372802734375,5,0,0,2005-08-08,2005-08-12,0,True,True
2005-08-19,19.818238301869791,20.407671619127932,19.733095511753206,20.302881240844727,5,0,0,2005-08-15,2005-08-19,0,True,True
2005-08-26,20.46005866369136,20.564846643302822,19.916473216406317,19.962318420410156,5,0,0,2005-08-22,2005-08-26,0,True,True
2005-09-02,19.818229334953347,20.401127098125624,19.582457522390722,20.276691436767578,5,0,0,2005-08-29,2005-09-02,0,True,True
2005-09-09,20.315988355019847,20.564862055451119,19.975425481988047,20.08021354675293,4,0,0,2005-09-06,2005-09-09,0,True,True
2005-09-16,20.034368326488377,20.106411152184041,19.451475833003279,19.988521575927734,5,0,0,2005-09-12,2005-09-16,0,True,True
2005-09-23,19.870632749782139,20.014714139975801,18.789987819646804,19.464563369750977,5,0,0,2005-09-19,2005-09-23,0,True,True
2005-09-30,19.523519931018914,19.595561570262785,18.763797171040437,19.261533737182617,5,0,0,2005-09-26,2005-09-30,0,True,True
2005-10-07,19.248446743985404,19.490771612176793,18.816190888346906,19.025768280029297,5,0,0,2005-10-03,2005-10-07,0,True,True
2005-10-14,19.071607201499361,19.497318267822266,18.770345320661701,19.497318267822266,5,0,0,2005-10-10,2005-10-14,0,True,True
2005-10-21,19.54316502251465,20.073660013591859,19.143654564581041,19.680700302124023,5,0,0,2005-10-17,2005-10-21,0,True,True
2005-10-28,19.845582079570836,20.406198501586914,19.700483663622833,20.406198501586914,5,0,0,2005-10-24,2005-10-28,0,True,True
2005-11-04,20.445764111726891,20.815108740673729,20.379807534723955,20.610654830932617,5,0,0,2005-10-31,2005-11-04,0,True,True
2005-11-11,20.735965269521568,21.599965078545793,20.637033496562463,21.514223098754879,5,0,0,2005-11-07,2005-11-11,0,True,True
2005-11-18,21.454859710639347,21.830804293489489,20.940416010863398,21.362529754638672,5,0,0,2005-11-14,2005-11-18,0,True,True
2005-11-25,21.296572696493119,21.85059405363301,21.197637699226711,21.698886871337891,4,0,0,2005-11-21,2005-11-25,0,True,True
2005-12-02,21.698892599690907,21.962709853752262,21.309761548714416,21.679103851318359,5,0,0,2005-11-28,2005-12-02,0,True,True
2005-12-09,21.540599339872603,21.745057024400936,20.900843695460249,21.276784896850586,5,0,0,2005-12-05,2005-12-09,0,True,True
2005-12-16,21.369128222880349,21.626338877196382,21.019572253658399,21.111907958984375,5,0,0,2005-12-12,2005-12-16,0,True,True
2005-12-23,21.072329021372671,21.593368499123311,20.808505136137526,21.415290832519531,5,0,0,2005-12-19,2005-12-23,0,True,True
2005-12-30,21.441669379070731,21.494433299545953,20.801922787043946,21.006380081176758,4,0,0,2005-12-27,2005-12-30,0,True,True
2006-01-06,21.072332389892264,22.035258743451205,20.867875109609347,21.93632698059082,4,0,0,2006-01-03,2006-01-06,0,True,True
2006-01-13,21.896756205479043,22.285892487006411,21.863778158533439,21.98249435424805,5,0,0,2006-01-09,2006-01-13,0,True,True
2006-01-20,21.830802893033798,21.896756614611412,20.498533244097562,20.755754470825195,4,0,0,2006-01-17,2006-01-20,0,True,True
2006-01-27,20.921742545032245,21.260363220329108,20.729190194240065,20.974857330322266,5,0,0,2006-01-23,2006-01-27,0,True,True
2006-02-03,20.928383501553988,21.612274409224248,20.815508711224766,21.413084030151367,5,0,0,2006-01-30,2006-02-03,0,True,True
2006-02-10,21.41971814226034,21.871221542358398,21.300205370241258,21.871221542358398,5,0,0,2006-02-06,2006-02-10,0,True,True
2006-02-17,21.871220698099627,22.986688965473611,21.711867937901587,22.966770172119141,5,0,0,2006-02-13,2006-02-17,0,True,True
2006-02-24,22.873818788815882,23.22571568807053,22.681266432028306,22.840621948242184,4,0,0,2006-02-21,2006-02-24,0,True,True
2006-03-03,22.953497135754255,23.15933339555388,22.548468794363615,22.827342987060547,5,0,0,2006-02-27,2006-03-03,0,True,True
2006-03-10,22.760945996668486,23.019884862770279,22.475434218383509,22.774223327636719,5,0,0,2006-03-06,2006-03-10,0,True,True
2006-03-17,22.807424848065072,23.690495284610424,22.807424848065072,23.584260940551758,5,0,0,2006-03-13,2006-03-17,0,True,True
2006-03-24,23.471395773255423,23.570989764702155,22.907008073441872,23.238996505737305,5,0,0,2006-03-20,2006-03-24,0,True,True
2006-03-31,23.106208163847569,24.035771213566573,22.475434700495548,23.929536819458008,5,0,0,2006-03-27,2006-03-31,0,True,True
2006-04-07,23.902977352308366,25.230914560930071,23.624109263581815,24.454067230224609,5,0,0,2006-04-03,2006-04-07,0,True,True
2006-04-14,23.630749919632883,23.836580699882415,22.873821726083584,23.312040328979492,4,0,0,2006-04-10,2006-04-13,0,True,True
2006-04-21,23.205804537562134,23.969374025638956,22.575034591990747,22.721107482910156,5,0,0,2006-04-17,2006-04-21,0,True,True
2006-04-28,22.781228392789412,23.669754434768709,22.413790039504814,23.482694625854492,5,0,0,2006-04-24,2006-04-28,0,True,True
2006-05-05,23.449295480924899,23.749940108783008,22.981652160126817,23.516115188598633,5,0,0,2006-05-01,2006-05-05,0,True,True
2006-05-12,23.649726801695245,23.743256762096362,22.734467271535326,22.767871856689453,5,0,0,2006-05-08,2006-05-12,0,True,True
2006-05-19,22.787909789538578,22.848035147546163,21.886020799988174,22.133203506469727,5,0,0,2006-05-15,2006-05-19,0,True,True
2006-05-26,22.07975586039576,22.353673827191709,21.478489807731606,22.179969787597656,5,0,0,2006-05-22,2006-05-26,0,True,True
2006-06-02,22.113159687027395,22.554088374138196,21.678916031333419,22.333623886108398,4,0,0,2006-05-30,2006-06-02,0,True,True
2006-06-09,22.21336519124937,22.246769767472323,21.49853667448221,21.6455078125,5,0,0,2006-06-05,2006-06-09,0,True,True
2006-06-16,21.712316686155638,21.712316686155638,20.583276374465417,21.244665145874023,5,0,0,2006-06-12,2006-06-16,0,True,True
2006-06-23,21.371595744589108,21.605420245345599,20.997476032871734,21.311479568481445,5,0,0,2006-06-19,2006-06-23,0,True,True
2006-06-30,21.364911394826585,21.865972212925058,20.944029672842191,21.511894226074219,5,0,0,2006-06-26,2006-06-30,0,True,True
2006-07-07,21.632150875111034,22.039675297241796,21.465132388856269,21.485174179077148,4,0,0,2006-07-03,2006-07-07,0,True,True
2006-07-14,21.518579592556733,21.919421238650745,20.964078289535564,21.017524719238281,5,0,0,2006-07-10,2006-07-14,0,True,True
2006-07-21,21.01752616124487,23.115272800566395,20.903954404275126,22.266815185546875,5,0,0,2006-07-17,2006-07-21,0,True,True
2006-07-28,22.327333921961284,22.912423964561576,22.327333921961284,22.764474868774414,5,0,0,2006-07-24,2006-07-28,0,True,True
2006-08-04,22.697224537061995,23.2016063214719,22.327343544304444,22.717397689819336,5,0,0,2006-07-31,2006-08-04,0,True,True
2006-08-11,22.764479225011655,23.080563329218851,22.327333737078924,22.636693954467773,5,0,0,2006-08-07,2006-08-11,0,True,True
2006-08-18,22.865345768430849,23.315932135495508,22.529090114137507,23.020025253295898,5,0,0,2006-08-14,2006-08-18,0,True,True
2006-08-25,23.026746186521965,23.134349150039043,22.428222730453353,22.475296020507812,5,0,0,2006-08-21,2006-08-25,0,True,True
2006-09-01,22.522366833305519,23.127620350697438,22.495468507757877,22.818265914916992,5,0,0,2006-08-28,2006-09-01,0,True,True
2006-09-08,22.865358839630407,22.999860210148821,22.535821646127122,22.771200180053711,4,0,0,2006-09-05,2006-09-08,0,True,True
2006-09-15,22.66358686628838,23.719438470800565,22.656863497108024,23.611835479736328,5,0,0,2006-09-11,2006-09-15,0,True,True
2006-09-22,23.611842136750493,23.847210540573027,23.309200873136593,23.410078048706055,5,0,0,2006-09-18,2006-09-22,0,True,True
2006-09-29,23.564758338153105,24.149847876480887,23.436982819337146,23.712717056274414,5,0,0,2006-09-25,2006-09-29,0,True,True
2006-10-06,23.685808048813833,24.270902516472262,23.423528826358925,23.847202301025391,5,0,0,2006-10-02,2006-10-06,0,True,True
2006-10-13,23.746341431094361,24.217087436859988,23.726167695510266,23.793420791625977,5,0,0,2006-10-09,2006-10-13,0,True,True
2006-10-20,23.753058797100142,23.887562514450877,22.394594360527464,22.582897186279297,5,0,0,2006-10-16,2006-10-20,0,True,True
2006-10-27,22.582887317660429,23.564465459908178,22.515193182289586,23.259838104248043,5,0,0,2006-10-23,2006-10-27,0,True,True
2006-11-03,23.300458908081055,23.449391866565175,22.677667230361592,22.968744277954102,5,0,0,2006-10-30,2006-11-03,0,True,True
2006-11-10,23.083838484783975,23.713391778307638,22.995836308037401,23.625387191772461,5,0,0,2006-11-06,2006-11-10,0,True,True
2006-11-17,23.638927483322746,24.329421054646311,23.544155187192985,24.275264739990234,5,0,0,2006-11-13,2006-11-17,0,True,True
2006-11-24,24.275252894381701,24.54603189934841,24.1127939587358,24.234640121459961,4,0,0,2006-11-20,2006-11-24,0,True,True
2006-12-01,24.194036538523452,24.241411156299893,23.781088918737129,24.018030166625977,5,0,0,2006-11-27,2006-12-01,0,True,True
2006-12-08,26.130090442813021,27.450134152668554,26.062396280356722,26.502407073974609,5,0,0,2006-12-04,2006-12-08,0,True,True
2006-12-15,26.40086893207495,26.861191715225072,26.21132430700921,26.773189544677734,5,0,0,2006-12-11,2006-12-15,0,True,True
2006-12-22,26.773190958614787,27.043970068066823,26.53626155543234,26.63780403137207,5,0,0,2006-12-18,2006-12-22,0,True,True
2006-12-29,26.583648208881634,27.077813148648385,26.56334020055602,26.651342391967773,4,0,0,2006-12-26,2006-12-29,0,True,True
2007-01-05,26.895040036699363,27.179356990549316,26.495643651175179,26.685188293457028,3,0,0,2007-01-03,2007-01-05,0,True,True
2007-01-12,26.691960322489063,27.335052451970167,26.43472005494435,27.301206588745121,5,0,0,2007-01-08,2007-01-12,0,True,True
2007-01-19,27.247057895904998,28.01876826956536,27.111669532820628,27.76829719543457,4,0,0,2007-01-16,2007-01-19,0,True,True
2007-01-26,27.883999978630989,27.904419938356725,27.32590636772424,27.448413848876953,5,0,0,2007-01-22,2007-01-26,0,True,True
2007-02-02,27.346332222164126,27.815932470374747,26.876723515036648,27.747873306274414,5,0,0,2007-01-29,2007-02-02,0,True,True
2007-02-09,27.72065045607938,28.734756493501099,27.700232950819533,28.278757095336914,5,0,0,2007-02-05,2007-02-09,0,True,True
2007-02-16,28.312777130482726,29.578679183530451,28.299163824173913,29.381317138671875,5,0,0,2007-02-12,2007-02-16,0,True,True
2007-02-23,29.43575208600577,29.483393746994114,28.687091106649667,28.932106018066403,4,0,0,2007-02-20,2007-02-23,0,True,True
2007-03-02,29.000178894027211,29.020596404753942,26.863097238133832,27.094516754150391,5,0,0,2007-02-26,2007-03-02,0,True,True
2007-03-09,27.01282937851866,27.128547623245542,26.590873177104896,26.692960739135742,5,0,0,2007-03-05,2007-03-09,0,True,True
2007-03-16,26.59086254439865,26.822264191563189,25.569974725165793,26.556838989257812,5,0,0,2007-03-12,2007-03-16,0,True,True
2007-03-23,26.767809127185032,28.156246069140064,26.658914982263003,27.775102615356445,5,0,0,2007-03-19,2007-03-23,0,True,True
2007-03-30,27.557315721177293,27.884000795919789,27.237434850558675,27.598154067993168,5,0,0,2007-03-26,2007-03-30,0,True,True
2007-04-06,27.543697942049693,27.883999978630989,27.210206297670183,27.775102615356445,4,0,0,2007-04-02,2007-04-05,0,True,True
2007-04-13,27.761488803182282,28.013312134230691,27.298679270572702,27.707044601440433,5,0,0,2007-04-09,2007-04-13,0,True,True
2007-04-20,27.92483774906362,28.802811245031599,27.863578968538249,28.244707107543942,5,0,0,2007-04-16,2007-04-20,0,True,True
2007-04-27,28.395248289050627,28.395248289050627,27.635754698083634,27.923128128051754,5,0,0,2007-04-23,2007-04-27,0,True,True
2007-05-04,27.984719824077711,28.388393144951056,27.471541236289212,28.237863540649414,5,0,0,2007-04-30,2007-05-04,0,True,True
2007-05-11,28.449990350795954,28.491043010177961,27.711020780959117,28.148923873901367,5,0,0,2007-05-07,2007-05-11,0,True,True
2007-05-18,28.231031238974438,28.367877504554691,26.814687800941815,27.574174880981445,5,0,0,2007-05-14,2007-05-18,0,True,True
2007-05-25,27.539964961080461,27.902604468451088,27.102057574248914,27.177322387695312,5,0,0,2007-05-21,2007-05-25,0,True,True
2007-06-01,27.184171114628459,27.875249012643298,27.040477295463955,27.676813125610348,4,0,0,2007-05-29,2007-06-01,0,True,True
2007-06-08,27.57417424177445,27.656279524542771,26.322038650512695,27.108909606933597,5,0,0,2007-06-04,2007-06-08,0,True,True
2007-06-15,27.013116848787014,29.353155984965824,26.931009085280557,28.833145141601562,5,0,0,2007-06-11,2007-06-15,0,True,True
2007-06-22,28.942605721920952,28.942620192600415,27.717878174356787,27.765773773193359,5,0,0,2007-06-18,2007-06-22,0,True,True
2007-06-29,27.772604288951573,29.065774223648575,27.533115343137727,28.354181289672852,5,0,0,2007-06-25,2007-06-29,0,True,True
2007-07-06,28.201698726697693,29.260310515902329,28.201698726697693,29.176395416259762,4,0,0,2007-07-02,2007-07-06,0,True,True
2007-07-13,29.176396757929513,29.815443082637493,28.085503090933447,29.783168792724613,5,0,0,2007-07-09,2007-07-13,0,True,True
2007-07-20,29.576604210092,30.293118102060209,28.046784096638657,28.82783317565918,5,0,0,2007-07-16,2007-07-20,0,True,True
2007-07-27,29.061462023982209,29.139341777390769,27.198889489983511,27.490932464599609,5,0,0,2007-07-23,2007-07-27,0,True,True
2007-08-03,27.510415299301023,28.56824892246761,26.102114437286701,26.381168365478516,5,0,0,2007-07-30,2007-08-03,0,True,True
2007-08-10,26.562882348357601,29.561185287827232,26.128062320701421,27.471477508544922,5,0,0,2007-08-06,2007-08-10,0,True,True
2007-08-17,27.744041728661561,30.119308564788334,24.85605804173041,28.191827774047852,5,0,0,2007-08-13,2007-08-17,0,True,True
2007-08-24,28.14639466340082,28.282682987727927,26.919827127284556,27.335182189941406,5,0,0,2007-08-20,2007-08-24,0,True,True
2007-08-31,27.354642074288094,27.490927948160504,25.40120593464842,26.238393783569336,5,0,0,2007-08-27,2007-08-31,0,True,True
2007-09-07,26.40714011040756,26.984737557177723,25.440148665194446,25.777620315551758,4,0,0,2007-09-04,2007-09-07,0,True,True
2007-09-14,25.959338918376965,27.847877912997976,25.381744023551157,27.614242553710938,5,0,0,2007-09-10,2007-09-14,0,True,True
2007-09-21,27.451985115413983,29.353505689734831,27.218350799216349,28.503351211547852,5,0,0,2007-09-17,2007-09-21,0,True,True
2007-09-28,28.412484471198191,28.89921544434258,27.705092715555978,28.646112442016598,5,0,0,2007-09-24,2007-09-28,0,True,True
2007-10-05,28.711023501173894,29.392460676323488,28.522816639148118,29.067960739135742,5,0,0,2007-10-01,2007-10-05,0,True,True
2007-10-12,28.964121426663791,30.008988251490546,28.892736206701674,29.632568359375,5,0,0,2007-10-08,2007-10-12,0,True,True
2007-10-19,29.606624965122148,30.469768312360877,27.860848790321299,29.587150573730469,5,0,0,2007-10-15,2007-10-19,0,True,True
2007-10-26,29.430570407388593,31.766224256085341,29.326183648117457,31.511781692504883,5,0,0,2007-10-22,2007-10-26,0,True,True
2007-11-02,31.498731441184443,31.968469124846731,29.489281529973489,30.794116973876953,5,0,0,2007-10-29,2007-11-02,0,True,True
2007-11-09,30.239563838176039,31.55745504933456,28.752059109571587,29.254421234130856,5,0,0,2007-11-05,2007-11-09,0,True,True
2007-11-16,29.260928856194919,31.152945159475337,29.039106768916362,30.526634216308594,5,0,0,2007-11-12,2007-11-16,0,True,True
2007-11-23,30.272179998523068,30.631031968175844,28.797724305307046,29.626291275024414,4,0,0,2007-11-19,2007-11-23,0,True,True
2007-11-30,29.567580914954686,31.609637082611602,28.380187612680096,31.289951324462887,5,0,0,2007-11-26,2007-11-30,0,True,True
2007-12-07,31.316061979627911,32.588266014247012,30.454877868951879,31.942371368408203,5,0,0,2007-12-03,2007-12-07,0,True,True
2007-12-14,31.96845905498207,32.738332200688376,30.944182878162223,31.387828826904297,5,0,0,2007-12-10,2007-12-14,0,True,True
2007-12-21,31.192084986024778,32.464296425882011,30.265655788758338,32.085895538330078,5,0,0,2007-12-17,2007-12-21,0,True,True
2007-12-28,31.909752244512287,32.790515216789274,31.387841679898724,31.642284393310547,4,0,0,2007-12-24,2007-12-28,0,True,True
2008-01-04,31.714036081271793,32.229457472893664,30.454872174449175,31.413913726806641,4,0,0,2007-12-31,2008-01-04,0,True,True
2008-01-11,31.544406424774678,32.216398595796434,29.763296917783755,30.337425231933594,5,0,0,2008-01-07,2008-01-11,0,True,True
2008-01-18,30.520112978371365,31.00942647411923,27.614831928462454,28.697124481201172,5,0,0,2008-01-14,2008-01-18,0,True,True
2008-01-25,27.260631527414358,30.691162857363871,27.260631527414358,28.782390594482422,4,0,0,2008-01-22,2008-01-25,0,True,True
2008-02-01,28.808614947510101,31.55042514410259,28.356021468915081,31.314291000366211,5,0,0,2008-01-28,2008-02-01,0,True,True
2008-02-08,31.150318980298998,31.209353163543923,29.182504888171337,30.291036605834961,5,0,0,2008-02-04,2008-02-08,0,True,True
2008-02-15,30.218890344581492,31.274939664412734,29.517043104843737,30.343519210815433,5,0,0,2008-02-11,2008-02-15,0,True,True
2008-02-22,30.697714045690375,30.992884878302668,29.071012544885914,30.238574981689453,4,0,0,2008-02-19,2008-02-22,0,True,True
2008-02-29,30.166417269857718,31.117507990257632,28.611840094770869,28.775823593139645,5,0,0,2008-02-25,2008-02-29,0,True,True
2008-03-07,28.703673790433726,29.818759655497928,28.001822595875328,28.598722457885746,5,0,0,2008-03-03,2008-03-07,0,True,True
2008-03-14,28.683996274353763,30.835472010080718,27.260630891832143,28.205175399780273,5,0,0,2008-03-10,2008-03-14,0,True,True
2008-03-21,25.384647790383884,30.612440331866807,25.384647790383884,30.428779602050778,4,0,0,2008-03-17,2008-03-20,0,True,True
2008-03-28,30.612453075429492,31.078168337632366,26.991694312988638,27.083524703979489,5,0,0,2008-03-24,2008-03-28,0,True,True
2008-04-04,27.122875673973049,29.04476345645768,26.591559323513287,26.683389663696289,5,0,0,2008-03-31,2008-04-04,0,True,True
2008-04-11,28.008399224709144,28.972611442968685,27.778820684670922,27.98869514465332,5,0,0,2008-04-07,2008-04-11,0,True,True
2008-04-18,27.778803620093026,29.287468848973795,26.768669511652796,27.791936874389648,5,0,0,2008-04-14,2008-04-18,0,True,True
2008-04-25,27.580845967775108,29.381733798837711,26.63751526650455,29.269588470458984,5,0,0,2008-04-21,2008-04-25,0,True,True
2008-05-02,29.414715654890497,30.931967174126893,28.477989709526462,29.889688491821289,5,0,0,2008-04-28,2008-05-02,0,True,True
2008-05-09,30.080986726667671,30.344855484713431,27.97005032136704,28.41862678527832,5,0,0,2008-05-05,2008-05-09,0,True,True
2008-05-16,28.464797900016624,30.397642959492224,28.464797900016624,30.048015594482422,5,0,0,2008-05-12,2008-05-16,0,True,True
2008-05-23,30.331661413233682,30.483385386912776,28.379027963754826,28.735256195068359,5,0,0,2008-05-19,2008-05-23,0,True,True
2008-05-30,28.761643402775675,29.883086934647501,28.451602298936265,29.375150680541992,4,0,0,2008-05-27,2008-05-30,0,True,True
2008-06-06,28.629711325722482,28.999125332219425,27.020109648680052,27.145448684692383,5,0,0,2008-06-02,2008-06-06,0,True,True
2008-06-13,27.198230434456324,28.095377969197546,26.347242525330788,27.488489151000977,5,0,0,2008-06-09,2008-06-13,0,True,True
2008-06-20,27.158639773935334,28.082190448909465,25.542453415670987,26.736455917358398,5,0,0,2008-06-16,2008-06-20,0,True,True
2008-06-27,26.815615940081091,27.706166070959327,25.252206885297316,25.48309326171875,5,0,0,2008-06-23,2008-06-27,0,True,True
2008-07-04,25.252187251741368,25.997627815547638,23.952649209330822,24.440797805786133,4,0,0,2008-06-30,2008-07-03,0,True,True
2008-07-11,24.506772917405431,24.895979754383443,22.778431944329196,23.523855209350586,5,0,0,2008-07-07,2008-07-11,0,True,True
2008-07-18,23.827312017178752,25.199424743652344,21.703174568364918,23.721776962280273,5,0,0,2008-07-14,2008-07-18,0,True,True
2008-07-25,23.927619377348378,24.684716298396076,22.081424913300921,23.283452987670898,5,0,0,2008-07-21,2008-07-25,0,True,True
2008-08-01,23.223684176145355,24.50540325968435,21.922040289221396,23.582296371459961,5,0,0,2008-07-28,2008-08-01,0,True,True
2008-08-08,23.303369757891812,25.627736458851249,23.084214595269746,24.870664596557617,5,0,0,2008-08-04,2008-08-08,0,True,True
2008-08-15,24.751124133411647,25.780483485490414,23.329940876167587,24.658149719238281,5,0,0,2008-08-11,2008-08-15,0,True,True
2008-08-22,24.67143079616579,24.877301132631278,22.31386647079561,22.838508605957031,5,0,0,2008-08-18,2008-08-22,0,True,True
2008-08-29,22.792004661014598,23.55572916078296,21.961888296206247,22.98460578918457,5,0,0,2008-08-25,2008-08-29,0,True,True
2008-09-05,23.575658432265744,24.186633705602237,22.579505418308216,24.133506774902344,4,0,0,2008-09-02,2008-09-05,0,True,True
2008-09-12,26.059400858903988,26.995785916575098,23.907700427550797,26.530920028686523,5,0,0,2008-09-08,2008-09-12,0,True,True
2008-09-19,25.567972769156043,26.291845346292231,14.165318949014679,23.708478927612305,5,0,0,2008-09-15,2008-09-19,0,True,True
2008-09-26,23.143995130954725,24.571818001117464,20.520785878052656,24.160064697265625,5,0,0,2008-09-22,2008-09-26,0,True,True
2008-10-03,22.82521274096754,23.502597907329644,16.058006057436664,19.77699089050293,5,0,0,2008-09-29,2008-10-03,0,True,True
2008-10-10,17.625296010578104,20.441087365413647,13.607468034282819,17.598724365234375,5,0,0,2008-10-06,2008-10-10,0,True,True
2008-10-17,19.557831375702609,23.954204710016786,18.143291455802579,19.796915054321289,5,0,0,2008-10-13,2008-10-17,0,True,True
2008-10-24,20.520782326028407,22.293939297320396,17.164613001834798,18.610054016113281,5,0,0,2008-10-20,2008-10-24,0,True,True
2008-10-31,18.603348232243146,22.250414540436537,17.546035656909087,22.076427459716797,5,0,0,2008-10-27,2008-10-31,0,True,True
2008-11-07,22.083118988933311,23.274276309035479,19.406378490582611,20.142482757568359,5,0,0,2008-11-03,2008-11-07,0,True,True
2008-11-14,20.403467597201988,22.651919229589094,18.830872142647959,20.236169815063477,5,0,0,2008-11-10,2008-11-14,0,True,True
2008-11-21,20.142479084576152,20.349926183574141,15.391261715541983,17.291748046875,5,0,0,2008-11-17,2008-11-21,0,True,True
2008-11-28,17.96762908913345,21.848911069124203,17.291751650226114,20.216091156005859,4,0,0,2008-11-24,2008-11-28,0,True,True
2008-12-05,19.553596923196611,20.31647403503387,16.783169776387343,20.155862808227539,5,0,0,2008-12-01,2008-12-05,0,True,True
2008-12-12,21.166340200899867,21.166340200899867,17.117765690602781,17.405515670776367,5,0,0,2008-12-08,2008-12-12,0,True,True
2008-12-19,17.438972594091283,19.50675122338097,17.070921104512209,17.586196899414062,5,0,0,2008-12-15,2008-12-19,0,True,True
2008-12-26,17.566118834982888,18.128234739811941,17.144532544546102,17.579498291015625,4,0,0,2008-12-22,2008-12-26,0,True,True
2009-01-02,17.586193305002926,19.239075413433859,17.064228217675002,19.085163116455078,4,0,0,2008-12-29,2009-01-02,0,True,True
2009-01-09,18.549815104774691,19.078472077308415,17.003999028067899,17.124452590942383,5,0,0,2009-01-05,2009-01-09,0,True,True
2009-01-16,17.017379309149479,17.291745130477654,14.762224126261721,15.364490509033203,5,0,0,2009-01-12,2009-01-16,0,True,True
2009-01-23,12.808210789665617,16.435354277640801,10.332224426551061,16.184587478637695,4,0,0,2009-01-20,2009-01-23,0,True,True
2009-01-30,16.503121445742586,19.24800252784782,15.683047811054188,17.445194244384766,5,0,0,2009-01-26,2009-01-30,0,True,True
2009-02-06,17.018216911485318,19.844413998966814,17.018216911485318,19.25477409362793,5,0,0,2009-02-02,2009-02-06,0,True,True
2009-02-13,19.417433079929822,19.580092052248666,16.943663664676073,17.119871139526367,5,0,0,2009-02-09,2009-02-13,0,True,True
2009-02-20,15.940600164405273,16.882669862448321,14.591880194633275,15.472949981689453,4,0,0,2009-02-17,2009-02-20,0,True,True
2009-02-27,15.669500730841786,17.058880488060826,14.679990100307917,15.025642395019531,5,0,0,2009-02-23,2009-02-27,0,True,True
2009-03-06,14.612207104792958,15.689830732415915,10.620289319679054,12.368875503540039,5,0,0,2009-03-02,2009-03-06,0,True,True
2009-03-13,12.199440285276687,16.869107681956308,11.833456456222766,16.042261123657227,5,0,0,2009-03-09,2009-03-13,0,True,True
2009-03-20,16.164251322017062,19.336100495719037,15.100193882182872,16.130361557006836,5,0,0,2009-03-16,2009-03-20,0,True,True
2009-03-27,16.977550071681065,19.722428813433069,16.977550071681065,18.99724006652832,5,0,0,2009-03-23,2009-03-27,0,True,True
2009-04-03,18.217824242860019,20.264616020644024,17.384196408824749,19.654651641845703,5,0,0,2009-03-30,2009-04-03,0,True,True
2009-04-10,19.214116531623912,20.332397799723761,18.197495471834948,20.095186233520508,4,0,0,2009-04-06,2009-04-09,0,True,True
2009-04-17,19.620764576938488,22.270746474844902,19.383553008521282,20.481500625610352,5,0,0,2009-04-13,2009-04-17,0,True,True
2009-04-24,20.244294071696956,20.732271220054553,16.096477519666891,18.217826843261719,5,0,0,2009-04-20,2009-04-24,0,True,True
2009-05-01,17.756967405551183,18.508061703400308,16.733556224628298,17.617006301879883,5,0,0,2009-04-27,2009-05-01,0,True,True
2009-05-08,17.943496006139782,22.86809974233644,17.807458144854948,21.868217468261719,5,0,0,2009-05-04,2009-05-08,0,True,True
2009-05-15,21.222024348218092,21.385270529682497,18.69851217234811,18.827749252319336,5,0,0,2009-05-11,2009-05-15,0,True,True
2009-05-22,19.099827796320611,19.705197706546695,17.895876687505634,18.303997039794922,5,0,0,2009-05-18,2009-05-22,0,True,True
2009-05-29,18.235975509438994,19.6915935548639,18.235975509438994,18.89576530456543,4,0,0,2009-05-26,2009-05-29,0,True,True
2009-06-05,19.120234084466297,20.018085620842211,18.562473010370098,19.195051193237305,5,0,0,2009-06-01,2009-06-05,0,True,True
2009-06-12,19.208662821036263,20.113307206844443,18.970594854698604,19.739206314086914,5,0,0,2009-06-08,2009-06-12,0,True,True
2009-06-19,19.732406320964021,20.358186046481674,18.99779677682292,20.133722305297852,5,0,0,2009-06-15,2009-06-19,0,True,True
2009-06-26,19.888849112966906,20.188135875672828,19.018198261364727,19.970474243164062,5,0,0,2009-06-22,2009-06-26,0,True,True
2009-07-03,19.970477143191879,20.296969639366875,18.684908195369093,18.752927780151367,4,0,0,2009-06-29,2009-07-02,0,True,True
2009-07-10,18.664499752856965,19.310680131103325,18.31080896020303,18.542068481445312,5,0,0,2009-07-06,2009-07-10,0,True,True
2009-07-17,18.977389958175216,20.385391483448348,18.569273780042998,19.990880966186523,5,0,0,2009-07-13,2009-07-17,0,True,True
2009-07-24,20.154126026321251,20.364986874198447,17.759850380145068,18.188371658325195,5,0,0,2009-07-20,2009-07-24,0,True,True
2009-07-31,18.195172680748836,19.06105462862476,17.96389872135579,18.658401489257812,5,0,0,2009-07-27,2009-07-31,0,True,True
2009-08-07,18.965506571507184,21.02652787520643,18.672049452223508,20.685298919677734,5,0,0,2009-08-03,2009-08-07,0,True,True
2009-08-14,20.651184716425696,20.719430794873286,19.074703143197027,19.497823715209961,5,0,0,2009-08-10,2009-08-14,0,True,True
2009-08-21,19.033751228634959,19.934602333926069,18.801724769507747,19.87318229675293,5,0,0,2009-08-17,2009-08-21,0,True,True
2009-08-28,19.948247579792351,20.323600271193865,19.402283536242315,19.743513107299805,5,0,0,2009-08-24,2009-08-28,0,True,True
2009-09-04,19.654797958703099,20.207590103149414,18.958678698345828,19.170249938964844,5,0,0,2009-08-31,2009-09-04,0,True,True
2009-09-11,19.415931544632691,20.118863123363052,19.170246236401798,19.566072463989258,4,0,0,2009-09-08,2009-09-11,0,True,True
2009-09-18,19.306737608797885,21.545209674848984,19.074701782692177,20.67848014831543,5,0,0,2009-09-14,2009-09-18,0,True,True
2009-09-25,20.214413745665535,20.658000296913269,19.63432477635893,19.839061737060547,5,0,0,2009-09-21,2009-09-25,0,True,True
2009-10-02,19.879997836952459,20.46691204107621,18.706169058060251,18.835836410522461,5,0,0,2009-09-28,2009-10-02,0,True,True
2009-10-09,19.02692649314081,19.723039801555579,18.631100946276664,19.572898864746094,5,0,0,2009-10-05,2009-10-09,0,True,True
2009-10-16,19.736678327379156,19.736678327379156,18.55603798209269,18.590160369873047,5,0,0,2009-10-12,2009-10-16,0,True,True
2009-10-23,18.692517569485574,20.432791486654359,18.392237093268566,20.248527526855469,5,0,0,2009-10-19,2009-10-23,0,True,True
2009-10-30,20.228056171930945,20.269004592117064,18.246660680336703,18.253507614135742,5,0,0,2009-10-26,2009-10-30,0,True,True
2009-11-06,18.431531622110633,18.869725119696263,17.66468989295441,18.417837142944336,5,0,0,2009-11-02,2009-11-06,0,True,True
2009-11-13,18.664310161375443,19.259990260340427,18.31513672064175,18.794399261474609,5,0,0,2009-11-09,2009-11-13,0,True,True
2009-11-20,19.040891821090746,19.061432627992779,17.808468989112189,17.931711196899414,5,0,0,2009-11-16,2009-11-20,0,True,True
2009-11-27,18.171350148630523,18.369908711600871,17.733150162486947,18.007020950317383,4,0,0,2009-11-23,2009-11-27,0,True,True
2009-12-04,17.959096986564106,18.979275102458516,17.918016687410223,18.438373565673828,5,0,0,2009-11-30,2009-12-04,0,True,True
2009-12-11,18.431523766286425,18.972426915890871,18.246662424456606,18.445213317871094,5,0,0,2009-12-07,2009-12-11,0,True,True
2009-12-18,18.527379696399173,18.609541601655749,18.143961677754273,18.328824996948242,5,0,0,2009-12-14,2009-12-18,0,True,True
2009-12-25,18.40413612693947,19.006658554077148,18.321975533693696,19.006658554077148,4,0,0,2009-12-21,2009-12-24,0,True,True
2010-01-01,19.013499701703662,19.301072110813333,18.691698855804102,19.150442123413086,4,0,0,2009-12-28,2009-12-31,0,True,True
2010-01-08,19.301069306093947,20.232228940774693,18.999808381179385,20.218536376953125,5,0,0,2010-01-04,2010-01-08,0,True,True
2010-01-15,20.300694931890192,20.321235734425549,19.711872957654055,19.876195907592773,5,0,0,2010-01-11,2010-01-15,0,True,True
2010-01-22,19.86250359920647,21.430421514119512,19.78034168668059,20.040515899658203,4,0,0,2010-01-19,2010-01-22,0,True,True
2010-01-29,20.232233563528606,20.560879982803481,19.757933115935629,19.977699279785156,5,0,0,2010-01-25,2010-01-29,0,True,True
2010-02-05,20.115043198791099,20.513360821050306,18.095981986427287,18.638517379760742,5,0,0,2010-02-01,2010-02-05,0,True,True
2010-02-12,18.64539195379766,19.016240309837244,18.336358002698386,18.57672119140625,5,0,0,2010-02-08,2010-02-12,0,True,True
2010-02-19,18.679727753146214,20.039502982557039,18.617919727376815,19.682390213012695,4,0,0,2010-02-16,2010-02-19,0,True,True
2010-02-26,19.764798659655149,19.977692227506761,19.167327218681351,19.586248397827148,5,0,0,2010-02-22,2010-02-26,0,True,True
2010-03-05,19.6617883676746,20.417217785608891,19.393954428185776,20.396615982055664,5,0,0,2010-03-01,2010-03-05,0,True,True
2010-03-12,20.327945114488635,20.575171783191418,20.025763985048449,20.410350799560547,5,0,0,2010-03-08,2010-03-12,0,True,True
2010-03-19,20.307339656431967,21.337464714874681,20.300471951100842,21.042160034179688,5,0,0,2010-03-15,2010-03-19,0,True,True
2010-03-26,20.90481732718542,21.605301089194604,20.884214210792148,21.220718383789062,5,0,0,2010-03-22,2010-03-26,0,True,True
2010-04-02,21.351209333672077,21.488552023093167,20.891077047824442,21.467948913574219,4,0,0,2010-03-29,2010-04-01,0,True,True
2010-04-09,21.564094814327536,22.024230001244629,21.406143974180694,21.94182014465332,5,0,0,2010-04-05,2010-04-09,0,True,True
2010-04-16,22.044824474834453,22.422543370248007,21.131442034931538,21.680845260620117,5,0,0,2010-04-12,2010-04-16,0,True,True
2010-04-23,21.80446222262735,22.285190586914887,21.557230105823148,21.94182014465332,5,0,0,2010-04-19,2010-04-23,0,True,True
2010-04-30,21.886869472191389,22.157498555530488,21.158912791782267,21.441184997558594,5,0,0,2010-04-26,2010-04-30,0,True,True
2010-05-07,21.461847807074758,21.840673343102392,19.974121027521928,20.704206466674805,5,0,0,2010-05-03,2010-05-07,0,True,True
2010-05-14,21.585826583373635,21.826893829759598,20.325391559061007,20.456256866455078,5,0,0,2010-05-10,2010-05-14,0,True,True
2010-05-21,20.442484223347559,20.717979832380113,18.341750847268223,19.161378860473633,5,0,0,2010-05-17,2010-05-21,0,True,True
2010-05-28,19.051181557399293,19.354230095728987,18.080027145519896,18.734350204467773,5,0,0,2010-05-24,2010-05-28,0,True,True
2010-06-04,18.631029557218426,18.892761931385625,17.838958455484317,17.907835006713867,4,0,0,2010-06-01,2010-06-04,0,True,True
2010-06-11,18.02492190672054,18.107574017901932,17.150197482998372,18.038700103759766,5,0,0,2010-06-07,2010-06-11,0,True,True
2010-06-18,18.121341965723033,18.327973455586815,17.666758796773834,18.307310104370117,5,0,0,2010-06-14,2010-06-18,0,True,True
2010-06-25,18.493281248187323,18.534606647913545,17.542783903995776,17.82518196105957,5,0,0,2010-06-21,2010-06-25,0,True,True
2010-07-02,17.900940018936272,18.107569589500901,16.619850206012888,16.929786682128906,5,0,0,2010-06-28,2010-07-02,0,True,True
2010-07-09,17.129533195120999,18.300429124006367,16.90224150003618,18.066249847412109,4,0,0,2010-07-06,2010-07-09,0,True,True
2010-07-16,17.976702279129714,18.562149291855743,17.680535498618188,17.721860885620117,5,0,0,2010-07-12,2010-07-16,0,True,True
2010-07-23,17.811406433921594,17.887166108437999,17.287943319826521,17.783857345581055,5,0,0,2010-07-19,2010-07-23,0,True,True
2010-07-30,17.728752873469585,18.431284456825153,17.230152567526069,17.326911926269531,5,0,0,2010-07-26,2010-07-30,0,True,True
2010-08-06,17.589549235171877,17.907477674848803,17.402938598294472,17.783065795898438,5,0,0,2010-08-02,2010-08-06,0,True,True
2010-08-13,17.886741229060792,17.907475948385503,16.932964507467048,17.140310287475586,5,0,0,2010-08-09,2010-08-13,0,True,True
2010-08-20,17.078103949248391,17.554992259105941,16.898418313878892,17.036645889282227,5,0,0,2010-08-16,2010-08-20,0,True,True
2010-08-27,17.119575413425853,17.202511655895236,16.511367812421412,17.036645889282227,5,0,0,2010-08-23,2010-08-27,0,True,True
2010-09-03,16.946792944338988,18.07334813117793,16.435340431942258,18.018056869506836,5,0,0,2010-08-30,2010-09-03,0,True,True
2010-09-10,17.886742406046245,18.059530013037698,17.541173796244735,17.624111175537109,4,0,0,2010-09-07,2010-09-10,0,True,True
2010-09-17,18.066436558688086,18.190842227009966,17.416774054013672,17.575717926025391,5,0,0,2010-09-13,2010-09-17,0,True,True
2010-09-24,17.644845174555609,18.087175769785407,17.354561580978999,18.059528350830078,5,0,0,2010-09-20,2010-09-24,0,True,True
2010-10-01,17.99732420486761,18.439654339243212,17.603371130630649,18.204666137695312,5,0,0,2010-09-27,2010-10-01,0,True,True
2010-10-08,18.135555202660822,18.63317801358561,18.024972653481328,18.342887878417969,5,0,0,2010-10-04,2010-10-08,0,True,True
2010-10-15,18.322161515291299,18.736844948711855,17.831450234245246,17.859096527099609,5,0,0,2010-10-11,2010-10-15,0,True,True
2010-10-22,17.866000947772829,18.474204646352483,17.368388198059012,17.465154647827148,5,0,0,2010-10-18,2010-10-22,0,True,True
2010-10-29,17.672493860462403,17.672493860462403,17.036636145798386,17.382509231567383,5,0,0,2010-10-25,2010-10-29,0,True,True
2010-11-05,17.472684011572372,19.588271005412007,17.181356958680951,19.539716720581055,5,0,0,2010-11-01,2010-11-05,0,True,True
2010-11-12,19.44261314914942,19.560526784216808,18.832208888979977,19.068042755126953,5,0,0,2010-11-08,2010-11-12,0,True,True
2010-11-19,19.158207623478155,19.553586157864761,18.90156855689666,19.255325317382812,5,0,0,2010-11-15,2010-11-19,0,True,True
2010-11-26,19.130473494053405,19.151283042358806,18.596377493499659,18.825262069702148,4,0,0,2010-11-22,2010-11-26,0,True,True
2010-12-03,18.65880173528798,19.484220281583475,18.513138860294177,19.421792984008789,5,0,0,2010-11-29,2010-12-03,0,True,True
2010-12-10,19.269200720700503,20.538559583354353,19.21370991618538,20.080747604370117,5,0,0,2010-12-06,2010-12-10,0,True,True
2010-12-17,20.233353946990629,20.587100668908057,20.039135469668679,20.385953903198242,5,0,0,2010-12-13,2010-12-17,0,True,True
2010-12-24,20.385947373553627,21.246050986271339,20.330456585243695,20.871488571166992,4,0,0,2010-12-20,2010-12-23,0,True,True
2010-12-31,20.753579073468693,21.176691414820016,20.725833011928216,20.947793960571289,5,0,0,2010-12-27,2010-12-31,0,True,True
2011-01-07,21.135076341086901,22.106168331776463,21.072649030994352,21.33622932434082,5,0,0,2011-01-03,2011-01-07,0,True,True
2011-01-14,21.252999507924073,22.494614410486616,21.128144858004614,22.452995300292969,5,0,0,2011-01-10,2011-01-14,0,True,True
2011-01-21,22.452986042537557,22.543159421104807,21.745472548677821,22.161661148071289,4,0,0,2011-01-18,2011-01-21,0,True,True
2011-01-28,22.314250689951447,22.341996742413656,21.459563157613655,21.480430603027344,5,0,0,2011-01-24,2011-01-28,0,True,True
2011-02-04,21.501299191614486,22.329079413479327,21.459562974373053,21.563909530639648,5,0,0,2011-01-31,2011-02-04,0,True,True
2011-02-11,21.723893842895823,22.482115954249288,21.640421409474875,22.363855361938477,5,0,0,2011-02-07,2011-02-11,0,True,True
2011-02-18,22.315162860613661,22.336030304735232,21.480433347805562,22.043880462646484,5,0,0,2011-02-14,2011-02-18,0,True,True
2011-02-25,21.730855869471664,21.876934656896417,20.78481872357812,21.306524276733398,4,0,0,2011-02-22,2011-02-25,0,True,True
2011-03-04,21.396959824091493,21.543037260376373,20.77091867335669,20.910039901733398,5,0,0,2011-02-28,2011-03-04,0,True,True
2011-03-11,20.903077255824236,21.327394251124293,19.852711988340946,20.144866943359375,5,0,0,2011-03-07,2011-03-11,0,True,True
2011-03-18,19.970949845492978,20.478758787886552,19.525766340849174,20.089216232299805,5,0,0,2011-03-14,2011-03-18,0,True,True
2011-03-25,20.290941491365242,20.555273893683705,20.06834674721874,20.485713958740234,5,0,0,2011-03-21,2011-03-25,0,True,True
2011-04-01,20.562229286565419,21.236972948932401,20.256155718789998,21.056114196777344,5,0,0,2011-03-28,2011-04-01,0,True,True
2011-04-08,21.04915457467126,21.271749858551779,20.875252443312998,21.021329879760742,5,0,0,2011-04-04,2011-04-08,0,True,True
2011-04-15,21.056109186646978,21.403914090317642,20.492662428105749,20.673524856567383,5,0,0,2011-04-11,2011-04-15,0,True,True
2011-04-22,20.374422189627825,20.485719708902476,19.574458444486776,19.755321502685547,4,0,0,2011-04-18,2011-04-21,0,True,True
2011-04-29,19.810973856020574,20.243510584260676,19.588378852860703,20.236522674560547,5,0,0,2011-04-25,2011-04-29,0,True,True
2011-05-06,20.362307709022154,20.4391734030192,19.873165561852257,19.977981567382812,5,0,0,2011-05-02,2011-05-06,0,True,True
2011-05-13,19.950024882614922,20.215562906198091,19.5866641791131,19.614614486694336,5,0,0,2011-05-09,2011-05-13,0,True,True
2011-05-20,19.600636027507022,20.20158217659262,19.565697814532598,19.698459625244141,5,0,0,2011-05-16,2011-05-20,0,True,True
2011-05-27,19.488841496682259,19.565707201472328,18.992708457432371,19.370046615600586,5,0,0,2011-05-23,2011-05-27,0,True,True
2011-06-03,19.481847409756199,19.817260439841053,18.70620460244584,18.79704475402832,4,0,0,2011-05-31,2011-06-03,0,True,True
2011-06-10,18.776088502510373,18.831990460113058,18.217063622884069,18.356819152832031,5,0,0,2011-06-06,2011-06-10,0,True,True
2011-06-17,18.762110667707145,18.929821277811801,18.13321105676129,18.307903289794922,5,0,0,2011-06-13,2011-06-17,0,True,True
2011-06-24,18.224053106529883,18.419705784611732,17.203842818045718,17.217817306518555,5,0,0,2011-06-20,2011-06-24,0,True,True
2011-07-01,17.25974156392228,18.307906698301935,16.875416638718519,18.210077285766602,5,0,0,2011-06-27,2011-07-01,0,True,True
2011-07-08,18.119238844969324,18.468621650431714,17.81876373823857,18.02839469909668,4,0,0,2011-07-05,2011-07-08,0,True,True
2011-07-15,17.797803183485446,17.972498235066436,17.40648750104274,17.539255142211914,5,0,0,2011-07-11,2011-07-15,0,True,True
2011-07-22,17.413474806022695,18.133214424312506,17.064084633158018,18.000444412231445,5,0,0,2011-07-18,2011-07-22,0,True,True
2011-07-29,17.909605511944292,18.147185343284089,17.544107157859305,17.635410308837891,5,0,0,2011-07-25,2011-07-29,0,True,True
2011-08-05,17.803972336461491,17.930391287375862,15.90066576910043,16.006015777587891,5,0,0,2011-08-01,2011-08-05,0,True,True
2011-08-12,15.633783548623779,15.858527749570214,13.582990349695775,14.039504051208496,5,0,0,2011-08-08,2011-08-12,0,True,True
2011-08-19,14.236152178868082,14.819083186073511,13.288010810827785,13.309081077575684,5,0,0,2011-08-15,2011-08-19,0,True,True
2011-08-26,13.625126602577998,14.805042537995897,13.182656898193855,14.194011688232422,5,0,0,2011-08-22,2011-08-26,0,True,True
2011-09-02,14.369593538874796,15.338807301393672,13.98331416192322,14.011407852172852,5,0,0,2011-08-29,2011-09-02,0,True,True
2011-09-09,13.597038942359989,14.678620223020681,13.48466683040505,13.990335464477539,4,0,0,2011-09-06,2011-09-09,0,True,True
2011-09-16,13.772618366869743,14.994668650895992,13.526803908317568,14.847179412841797,5,0,0,2011-09-12,2011-09-16,0,True,True
2011-09-23,14.460899629871651,14.503038835719575,12.880660888884726,13.0070858001709,5,0,0,2011-09-19,2011-09-23,0,True,True
2011-09-30,13.203731536865234,13.997361048162002,12.838522944425272,13.056243896484375,5,0,0,2011-09-26,2011-09-30,0,True,True
2011-10-07,12.943872300661361,13.25290009889679,12.00978201736646,12.522475242614746,5,0,0,2011-10-03,2011-10-07,0,True,True
2011-10-14,12.747221663678475,13.835824258335446,12.747221663678475,13.323125839233398,5,0,0,2011-10-10,2011-10-14,0,True,True
2011-10-21,13.231832111810613,14.601363116901831,12.873645415903262,14.538153648376465,5,0,0,2011-10-17,2011-10-21,0,True,True
2011-10-28,14.573268148094586,15.950432945004636,14.264246616202094,15.837364196777344,5,0,0,2011-10-24,2011-10-28,0,True,True
2011-11-04,15.547604704518273,15.590006885379836,14.211925250390641,14.833829879760742,5,0,0,2011-10-31,2011-11-04,0,True,True
2011-11-11,14.784362563913069,15.540542529805531,14.303798754459569,15.201325416564941,5,0,0,2011-11-07,2011-11-11,0,True,True
2011-11-18,15.067042278202251,15.095311297622715,13.279068489305988,13.370942115783691,5,0,0,2011-11-14,2011-11-18,0,True,True
2011-11-25,13.116525588974213,13.208398562335899,12.487552296520391,12.508760452270508,4,0,0,2011-11-21,2011-11-25,0,True,True
2011-12-02,12.847981071541952,13.943375505928715,12.628898222063581,13.632424354553223,5,0,0,2011-11-28,2011-12-02,0,True,True
2011-12-09,13.943379786542847,14.211933186305949,13.406276153452422,13.851506233215332,5,0,0,2011-12-05,2011-12-09,0,True,True
2011-12-16,13.639492473315533,13.731366722171236,13.017588556485748,13.512287139892578,5,0,0,2011-12-12,2011-12-16,0,True,True
2011-12-23,13.505215965325917,14.240189029065133,13.031720651975002,14.190719604492188,5,0,0,2011-12-19,2011-12-23,0,True,True
2011-12-30,14.148323269521448,14.310866116724013,13.759638092143295,14.070588111877441,4,0,0,2011-12-27,2011-12-30,0,True,True
2012-01-06,14.416870419522603,14.81262625463788,14.148326594490179,14.452212333679201,4,0,0,2012-01-03,2012-01-06,0,True,True
2012-01-13,14.529949968479681,15.406273673566366,14.501682283522383,15.158924102783201,5,0,0,2012-01-09,2012-01-13,0,True,True
2012-01-20,15.519341153621998,15.60414689316781,14.247262053767685,15.038774490356445,4,0,0,2012-01-17,2012-01-20,0,True,True
2012-01-27,15.095315069836964,15.385065851598249,14.046280488586738,14.38765811920166,5,0,0,2012-01-23,2012-01-27,0,True,True
2012-02-03,14.209860086435272,15.746055055154381,14.039171235259058,15.603815078735352,5,0,0,2012-01-30,2012-02-03,0,True,True
2012-02-10,15.475809793579934,15.70338330362398,15.184209454910457,15.233993530273438,5,0,0,2012-02-06,2012-02-10,0,True,True
2012-02-17,15.404677244179075,15.76028486548007,14.757484845384477,15.653604507446291,5,0,0,2012-02-13,2012-02-17,0,True,True
2012-02-24,15.682047734660927,15.895409749620562,15.340675799499582,15.411795616149902,4,0,0,2012-02-21,2012-02-24,0,True,True
2012-03-02,15.290892358496304,16.236791959633205,15.205547246140624,15.859848976135254,5,0,0,2012-02-27,2012-03-02,0,True,True
2012-03-09,15.82428907796735,16.101663456207277,15.319338773809237,15.945199012756349,5,0,0,2012-03-05,2012-03-09,0,True,True
2012-03-16,15.987872870328868,17.431610745706628,15.881192493082683,17.168464660644531,5,0,0,2012-03-12,2012-03-16,0,True,True
2012-03-23,17.118683715526135,17.566743090775208,16.755968028431138,17.03333854675293,5,0,0,2012-03-19,2012-03-23,0,True,True
2012-03-30,17.253818462190043,17.559635440709155,16.635064690997222,17.161352157592773,5,0,0,2012-03-26,2012-03-30,0,True,True
2012-04-06,17.132911288769659,17.580964095043825,16.8484276883805,16.940883636474609,4,0,0,2012-04-02,2012-04-05,0,True,True
2012-04-13,16.656406488514019,17.026227951049805,16.421703936159552,16.435928344726562,5,0,0,2012-04-09,2012-04-13,0,True,True
2012-04-20,16.599507347600952,17.004887690489848,16.101657110522666,16.251022338867188,5,0,0,2012-04-16,2012-04-20,0,True,True
2012-04-27,16.002091232459055,17.106029333961921,15.902523098874926,17.048818588256836,5,0,0,2012-04-23,2012-04-27,0,True,True
2012-05-04,16.941552762919553,17.313422869442249,16.462412730701594,16.4981689453125,5,0,0,2012-04-30,2012-05-04,0,True,True
2012-05-11,16.412356589294973,16.605442094336009,15.55418580778934,15.797331809997559,5,0,0,2012-05-07,2012-05-11,0,True,True
2012-05-18,15.547035292415115,15.747273590621605,14.424280228340315,14.474339485168457,5,0,0,2012-05-14,2012-05-18,0,True,True
2012-05-25,14.431430430961429,14.917718368143298,14.295551597852709,14.760385513305662,5,0,0,2012-05-21,2012-05-25,0,True,True
2012-06-01,14.93202274852541,15.12510958470761,14.002345165065625,14.052404403686523,4,0,0,2012-05-29,2012-06-01,0,True,True
2012-06-08,14.109621746320856,14.810448418879632,13.802113292311784,14.660270690917971,5,0,0,2012-06-04,2012-06-08,0,True,True
2012-06-15,14.831903359812049,15.082196235656738,14.309858808674482,15.082196235656738,5,0,0,2012-06-11,2012-06-15,0,True,True
2012-06-22,14.967781154338404,15.454065446861499,14.896267355802095,15.160864830017088,5,0,0,2012-06-18,2012-06-22,0,True,True
2012-06-29,14.903414463560191,15.70437000105964,14.71032767383177,15.697219848632812,5,0,0,2012-06-25,2012-06-29,0,True,True
2012-07-06,15.797342525406638,16.004730511045508,15.404014188760023,15.582798004150391,4,0,0,2012-07-02,2012-07-06,0,True,True
2012-07-13,15.496980420713092,15.61140332302935,14.96777913378417,15.568490982055664,5,0,0,2012-07-09,2012-07-13,0,True,True
2012-07-20,15.454075072630488,15.997571142384214,14.839059048555383,14.853362083435059,5,0,0,2012-07-16,2012-07-20,0,True,True
2012-07-27,14.610209814295578,15.501840146441044,14.39567256956291,15.393887519836426,5,0,0,2012-07-23,2012-07-27,0,True,True
2012-08-03,15.343504492901362,15.717739420242964,14.695805528600772,15.652968406677246,5,0,0,2012-07-30,2012-08-03,0,True,True
2012-08-10,15.732140568792381,16.300682032560992,15.609795416812133,16.01280403137207,5,0,0,2012-08-06,2012-08-10,0,True,True
2012-08-17,15.933643467155425,16.40863254904335,15.832889146779671,16.358255386352539,5,0,0,2012-08-13,2012-08-17,0,True,True
2012-08-24,16.293482193748673,16.624534233121686,15.940844915596125,16.142354965209961,5,0,0,2012-08-20,2012-08-24,0,True,True
2012-08-31,16.185530496378231,16.300675336417498,15.912056174550802,16.221511840820312,5,0,0,2012-08-27,2012-08-31,0,True,True
2012-09-07,16.185529953879783,16.703696847940307,16.027201562934,16.494991302490234,4,0,0,2012-09-04,2012-09-07,0,True,True
2012-09-14,16.293486407349011,17.070726778168201,16.286283121768015,16.998760223388672,5,0,0,2012-09-10,2012-09-14,0,True,True
2012-09-21,16.955586343786248,17.21466776913746,16.574160091212249,16.768472671508789,5,0,0,2012-09-17,2012-09-21,0,True,True
2012-09-28,16.653324893078963,16.862029639491368,16.135154962893438,16.279090881347656,5,0,0,2012-09-24,2012-09-28,0,True,True
2012-10-05,16.437426212324731,17.063539196924776,16.351064350365963,16.854833602905273,5,0,0,2012-10-01,2012-10-05,0,True,True
2012-10-12,16.768462386486885,16.919604249203392,16.286287034216134,16.437419891357422,5,0,0,2012-10-08,2012-10-12,0,True,True
2012-10-19,16.502182420571021,18.179033775747325,16.387034289994585,17.761623382568359,5,0,0,2012-10-15,2012-10-19,0,True,True
2012-10-26,17.617692772200197,18.029551103388979,17.378401850996102,17.631626129150391,5,0,0,2012-10-22,2012-10-26,0,True,True
2012-11-02,17.776323913010536,18.30447873135623,17.675036935893253,17.747386932373047,3,0,0,2012-10-31,2012-11-02,0,True,True
2012-11-09,17.855905435823569,18.34065121226423,17.313282290672799,17.443511962890625,5,0,0,2012-11-05,2012-11-09,0,True,True
2012-11-16,17.48693131108811,17.580985361052896,16.922599360190087,17.103473663330078,5,0,0,2012-11-12,2012-11-16,0,True,True
2012-11-23,17.385638411953185,17.675039291381836,17.233698076758817,17.675039291381836,4,0,0,2012-11-19,2012-11-23,0,True,True
2012-11-30,17.552043361652462,17.696735708657179,17.168584906593566,17.320520401000977,5,0,0,2012-11-26,2012-11-30,0,True,True
2012-12-07,17.414578362721638,17.530337810835835,16.828546758692276,17.523101806640625,5,0,0,2012-12-03,2012-12-07,0,True,True
2012-12-14,17.515868435242353,18.015080125398459,17.42904953467448,17.884841918945312,5,0,0,2012-12-10,2012-12-14,0,True,True
2012-12-21,17.993374635627244,18.991796016932014,17.957198950335542,18.666233062744141,5,0,0,2012-12-17,2012-12-21,0,True,True
2012-12-28,18.66621788033963,18.847092089955172,18.232130104162145,18.391298294067383,4,0,0,2012-12-24,2012-12-28,0,True,True
2013-01-04,18.304479698497033,19.76593620278441,18.27554052635292,19.744232177734375,4,0,0,2012-12-31,2013-01-04,0,True,True
2013-01-11,19.31013351847546,19.534419183192696,19.027968776373559,19.375251770019531,5,0,0,2013-01-07,2013-01-11,0,True,True
2013-01-18,19.295666214928186,19.462070644470128,18.535990270584051,19.194379806518555,5,0,0,2013-01-14,2013-01-18,0,True,True
2013-01-25,19.122022419702333,19.767305211664883,19.122022419702333,19.687334060668945,4,0,0,2013-01-22,2013-01-25,0,True,True
2013-02-01,19.738230607184466,20.116274571956822,19.512858930099853,19.883632659912109,5,0,0,2013-01-28,2013-02-01,0,True,True
2013-02-08,19.672795659210887,20.356190183854054,19.629175657125081,20.283489227294922,5,0,0,2013-02-04,2013-02-08,0,True,True
2013-02-15,20.232595001926342,20.683342586281597,20.065383805323638,20.348913192749023,5,0,0,2013-02-11,2013-02-15,0,True,True
2013-02-22,20.428889666171035,20.545210633609226,19.774582103870415,20.087190628051758,4,0,0,2013-02-19,2013-02-22,0,True,True
2013-03-01,20.210781910588281,20.268942380201938,19.389262840902646,19.774574279785156,5,0,0,2013-02-25,2013-03-01,0,True,True
2013-03-08,19.74550133123201,20.828742212149436,19.694611085462395,20.734231948852539,5,0,0,2013-03-04,2013-03-08,0,True,True
2013-03-15,20.646992037645944,21.177702496678872,20.487051047077969,20.974140167236328,5,0,0,2013-03-11,2013-03-15,0,True,True
2013-03-22,20.567020138170925,20.814201592042675,20.218056135824149,20.552471160888672,5,0,0,2013-03-18,2013-03-22,0,True,True
2013-03-29,20.58882826351703,20.705149217473782,20.181702018843676,20.348913192749023,4,0,0,2013-03-25,2013-03-28,0,True,True
2013-04-05,20.290748694134617,20.523390522345878,19.520128022978831,19.890901565551758,5,0,0,2013-04-01,2013-04-05,0,True,True
2013-04-12,19.869082743578343,21.09772835899221,19.738221383629902,20.683332443237305,5,0,0,2013-04-08,2013-04-12,0,True,True
2013-04-19,20.610634168215412,20.617904399478501,19.367451832449746,19.621904373168945,5,0,0,2013-04-15,2013-04-19,0,True,True
2013-04-26,19.650985934568972,20.51758547116021,19.476504543272785,20.386011123657227,5,0,0,2013-04-22,2013-04-26,0,True,True
2013-05-03,20.31291992334663,20.831888786651355,20.188657837277319,20.744174957275391,5,0,0,2013-04-29,2013-05-03,0,True,True
2013-05-10,20.736864573214916,20.890362015808797,20.524892456644633,20.678396224975586,5,0,0,2013-05-06,2013-05-10,0,True,True
2013-05-17,20.627220088730553,22.337624668635751,20.576054279148135,22.249912261962891,5,0,0,2013-05-13,2013-05-17,0,True,True
2013-05-24,22.220677688587138,22.396103926293428,21.372787667345143,21.57014274597168,5,0,0,2013-05-20,2013-05-24,0,True,True
2013-05-31,21.85520379098903,22.549610265370372,21.811347584559226,21.972164154052734,4,0,0,2013-05-28,2013-05-31,0,True,True
2013-06-07,22.045250038415698,22.286464161995212,20.96345969972883,21.818662643432617,5,0,0,2013-06-03,2013-06-07,0,True,True
2013-06-14,21.942918322528605,22.264532372517838,21.116957183941491,21.292379379272461,5,0,0,2013-06-10,2013-06-14,0,True,True
2013-06-21,21.467815399169922,22.081797979240608,20.539505356402472,20.79533576965332,5,0,0,2013-06-17,2013-06-21,0,True,True
2013-06-28,20.568745583761881,21.05116836083921,20.130180685662346,20.502960205078125,5,0,0,2013-06-24,2013-06-28,0,True,True
2013-07-05,20.627221659469409,21.431267345677618,20.473726060114977,21.387411117553711,4,0,0,2013-07-01,2013-07-05,0,True,True
2013-07-12,21.526283591819606,21.994092963880433,21.131569345795675,21.972164154052734,5,0,0,2013-07-08,2013-07-12,0,True,True
2013-07-19,22.213363903626796,23.258620943849312,22.059866497358058,23.222078323364258,5,0,0,2013-07-15,2013-07-19,0,True,True
2013-07-26,23.156283501750345,23.653326620641128,23.023264032892463,23.324365615844727,5,0,0,2013-07-22,2013-07-26,0,True,True
2013-08-02,23.258277060876754,23.684216558933258,23.067329939542415,23.353742599487305,5,0,0,2013-07-29,2013-08-02,0,True,True
2013-08-09,23.309674914351536,23.375770513412462,22.678092717380448,22.74418830871582,5,0,0,2013-08-05,2013-08-09,0,True,True
2013-08-16,22.582633972167969,22.780920850541783,22.112614856395432,22.450441360473633,5,0,0,2013-08-12,2013-08-16,0,True,True
2013-08-23,22.413714999980826,22.935138376393795,22.031839366290892,22.656072616577148,5,0,0,2013-08-19,2013-08-23,0,True,True
2013-08-30,22.641385759666512,22.766232899337904,21.679331365221682,21.840890884399414,5,0,0,2013-08-26,2013-08-30,0,True,True
2013-09-06,22.127301588552747,22.619353417108069,21.980423556083831,22.369657516479492,4,0,0,2013-09-03,2013-09-06,0,True,True
2013-09-13,22.435753122389482,23.037950765382543,22.325594219154052,22.847017288208008,5,0,0,2013-09-09,2013-09-13,0,True,True
2013-09-20,23.126081728966707,23.434523313045002,22.538570157505109,22.656072616577148,5,0,0,2013-09-16,2013-09-20,0,True,True
2013-09-27,22.55325503775898,22.626688468039642,22.075898877036515,22.208086013793945,5,0,0,2013-09-23,2013-09-27,0,True,True
2013-10-04,22.009799978475684,22.589978086264761,21.82620024659693,22.399030685424805,5,0,0,2013-09-30,2013-10-04,0,True,True
2013-10-11,22.156681352643329,22.729506043755205,21.701360965415152,22.597314834594727,5,0,0,2013-10-07,2013-10-11,0,True,True
2013-10-18,22.479815700298794,23.170147476132026,22.362312721006745,23.118740081787109,5,0,0,2013-10-14,2013-10-18,0,True,True
2013-10-25,23.096708583413793,23.538986020538683,23.015924736683921,23.487333297729492,5,0,0,2013-10-21,2013-10-25,0,True,True
2013-11-01,23.516849943581111,23.974351395559864,23.420922251994494,23.878423690795898,5,0,0,2013-10-28,2013-11-01,0,True,True
2013-11-08,23.907942467139289,24.476129798611648,23.575886985569316,24.461374282836914,5,0,0,2013-11-04,2013-11-08,0,True,True
2013-11-15,24.49826854290384,24.704873736107874,23.819394677801583,24.660598754882812,5,0,0,2013-11-11,2013-11-15,0,True,True
2013-11-22,24.697491568104642,24.91886959062338,24.299025929170121,24.815561294555664,5,0,0,2013-11-18,2013-11-22,0,True,True
2013-11-29,24.904110556661241,25.280438099866412,24.808171933591897,24.867210388183594,4,0,0,2013-11-25,2013-11-29,0,True,True
2013-12-06,24.933619223296777,25.118094057180542,24.358059707797015,24.808183670043945,5,0,0,2013-12-02,2013-12-06,0,True,True
2013-12-13,24.933620096445008,24.992653199210466,24.158831413538493,24.284269332885742,5,0,0,2013-12-09,2013-12-13,0,True,True
2013-12-20,24.380194499947279,25.184513038935545,24.232620974414267,25.000038146972656,5,0,0,2013-12-16,2013-12-20,0,True,True
2013-12-27,25.154995625857797,25.560834532673638,25.08120679723212,25.457529067993164,4,0,0,2013-12-23,2013-12-27,0,True,True
2014-01-03,25.55345252031449,26.07736723051428,25.309945144924814,25.796964645385742,4,0,0,2013-12-30,2014-01-03,0,True,True
2014-01-10,26.033094307427433,26.313496914724922,25.125467255659288,25.2582893371582,5,0,0,2014-01-06,2014-01-10,0,True,True
2014-01-17,25.228780794392232,25.295191856466037,24.077661682347721,24.129314422607422,5,0,0,2014-01-13,2014-01-17,0,True,True
2014-01-24,24.343298752069295,24.675351486486537,23.841524736603397,23.86366081237793,4,0,0,2014-01-21,2014-01-24,0,True,True
2014-01-31,23.863665079315915,24.160617336673571,23.471162635523488,23.693567276000977,5,0,0,2014-01-27,2014-01-31,0,True,True
2014-02-07,23.64166908908912,23.738045454483665,22.863253838956755,23.567543029785156,5,0,0,2014-02-03,2014-02-07,0,True,True
2014-02-14,23.537888396801151,23.923383536325442,23.22652088755375,23.567543029785156,5,0,0,2014-02-10,2014-02-14,0,True,True
2014-02-21,23.612017383840705,23.686152728185242,22.848424015069785,23.241348266601562,4,0,0,2014-02-18,2014-02-21,0,True,True
2014-02-28,23.078251758810538,23.80477559098199,23.078251758810538,23.723226547241211,5,0,0,2014-02-24,2014-02-28,0,True,True
2014-03-07,23.456336479475507,24.879734522028347,23.278412475210622,24.84266471862793,5,0,0,2014-03-03,2014-03-07,0,True,True
2014-03-14,24.738874368465918,24.857489112168274,24.153210545490378,24.560947418212891,5,0,0,2014-03-10,2014-03-14,0,True,True
2014-03-21,24.709222553887855,26.577423457905041,24.672152752916343,26.132614135742188,5,0,0,2014-03-17,2014-03-21,0,True,True
2014-03-28,26.28829988659442,26.599668707350972,25.739695973328448,26.021406173706055,5,0,0,2014-03-24,2014-03-28,0,True,True
2014-04-04,26.177102672473616,26.584844441492418,25.01317974588039,25.650728225708008,5,0,0,2014-03-31,2014-04-04,0,True,True
2014-04-11,25.621078035046473,25.628490296795388,24.212512922443892,24.553533554077148,5,0,0,2014-04-07,2014-04-11,0,True,True
2014-04-18,24.827846534995654,25.228166499549761,24.227344063435385,25.027997970581055,4,0,0,2014-04-14,2014-04-17,0,True,True
2014-04-25,24.968692847637591,25.810390763013142,24.686981398505544,25.035491943359375,5,0,0,2014-04-21,2014-04-25,0,True,True
2014-05-02,25.065290900727533,25.907256504038894,24.603327349366293,25.653921127319332,5,0,0,2014-04-28,2014-05-02,0,True,True
2014-05-09,25.415491540339161,25.773138918869137,25.020587428624726,25.408041000366211,5,0,0,2014-05-05,2014-05-09,0,True,True
2014-05-16,25.557059610521168,26.04137891508347,24.789598468127458,25.355886459350586,5,0,0,2014-05-12,2014-05-16,0,True,True
2014-05-23,25.251569868780386,25.832752819537244,25.221765031617643,25.773143768310547,5,0,0,2014-05-19,2014-05-23,0,True,True
2014-05-30,25.780588836518646,25.951965201767884,25.549615050060773,25.75079345703125,4,0,0,2014-05-27,2014-05-30,0,True,True
2014-06-06,25.750786846442715,26.294715489899055,25.53470607490695,26.220203399658203,5,0,0,2014-06-02,2014-06-06,0,True,True
2014-06-13,26.190399038187209,26.48843911896741,26.160594204785351,26.346870422363281,5,0,0,2014-06-09,2014-06-13,0,True,True
2014-06-20,26.21275245153338,26.838637016309356,25.825294892770078,26.831184387207035,5,0,0,2014-06-16,2014-06-20,0,True,True
2014-06-27,26.831196200883618,27.114329258525572,26.399028425829336,26.995113372802734,5,0,0,2014-06-23,2014-06-27,0,True,True
2014-07-04,28.023349334085719,28.544933424597399,27.486873784995232,28.261785507202148,4,0,0,2014-06-30,2014-07-03,0,True,True
2014-07-11,27.941384832149282,28.470408590339137,27.658244669993667,28.023359298706055,5,0,0,2014-07-07,2014-07-11,0,True,True
2014-07-18,28.27669475926486,28.686491594265505,27.963749630121548,28.634334564208984,5,0,0,2014-07-14,2014-07-18,0,True,True
2014-07-25,28.507680964432513,29.692390726658715,28.455523906011177,29.505575180053711,5,0,0,2014-07-21,2014-07-25,0,True,True
2014-08-01,29.468152993907882,29.97700293613546,28.944345465069595,28.981760025024414,5,0,0,2014-07-28,2014-08-01,0,True,True
2014-08-08,29.10897155796658,29.565436020019991,28.615092998974905,28.809650421142578,5,0,0,2014-08-04,2014-08-08,0,True,True
2014-08-15,28.936866449162416,28.996732040332187,28.360677789678348,28.615100860595703,5,0,0,2014-08-11,2014-08-15,0,True,True
2014-08-22,28.794680780607194,29.385846166851465,28.71985413558151,29.273599624633789,5,0,0,2014-08-18,2014-08-22,0,True,True
2014-08-29,29.602850733015391,29.700128011959883,29.049097460751323,29.318494796752933,5,0,0,2014-08-25,2014-08-29,0,True,True
2014-09-05,29.408285153272075,29.864755491016361,29.340937819874501,29.535503387451172,4,0,0,2014-09-02,2014-09-05,0,True,True
2014-09-12,29.505574030813399,29.879715538665003,28.99672622226182,29.857267379760742,5,0,0,2014-09-08,2014-09-12,0,True,True
2014-09-19,29.625296004552538,30.530725284947753,29.602847843071867,29.692647933959957,5,0,0,2014-09-15,2014-09-19,0,True,True
2014-09-26,29.59536957302393,29.71509788420305,28.847061325935545,29.138898849487305,5,0,0,2014-09-22,2014-09-26,0,True,True
2014-10-03,28.817133888119507,29.079040164545301,28.031415358522707,28.959306716918949,5,0,0,2014-09-29,2014-10-03,0,True,True
2014-10-10,29.138900965133967,29.251147492133239,27.604881286621094,27.604881286621094,5,0,0,2014-10-06,2014-10-10,0,True,True
2014-10-17,27.71712476213925,27.799438492313797,26.235485266571001,27.208280563354492,5,0,0,2014-10-13,2014-10-17,0,True,True
2014-10-24,27.268143281644569,27.914570756005226,27.036171323267528,27.907051086425785,5,0,0,2014-10-20,2014-10-24,0,True,True
2014-10-31,27.846901124500537,29.297893061603936,27.508594636124634,29.109941482543945,5,0,0,2014-10-27,2014-10-31,0,True,True
2014-11-07,29.139989950532282,29.327954654982534,28.801686735308277,29.252775192260742,5,0,0,2014-11-03,2014-11-07,0,True,True
2014-11-14,29.237736509162403,30.094791148562898,29.22270004417566,29.824140548706055,5,0,0,2014-11-10,2014-11-14,0,True,True
2014-11-21,29.681311128238111,30.36545102373233,29.523432500194819,30.139909744262695,5,0,0,2014-11-17,2014-11-21,0,True,True
2014-11-28,30.192531828608757,30.372957301736601,30.004571175604454,30.094795227050781,4,0,0,2014-11-24,2014-11-28,0,True,True
2014-12-05,30.034652422235983,31.207468523508126,29.538460541455329,30.906747817993164,5,0,0,2014-12-01,2014-12-05,0,True,True
2014-12-12,31.027039350167488,31.290170348679773,29.989537423315742,30.012090682983398,5,0,0,2014-12-08,2014-12-12,0,True,True
2014-12-19,30.222604776664237,31.064620993059428,29.553498193329695,30.711271286010746,5,0,0,2014-12-15,2014-12-19,0,True,True
2014-12-26,30.771428222901388,31.417979179652399,30.606029939946556,31.042076110839844,4,0,0,2014-12-22,2014-12-26,0,True,True
2015-01-02,30.981925428461082,31.350311640529675,30.132381847685497,30.418066024780273,4,0,0,2014-12-29,2015-01-02,0,True,True
2015-01-09,30.237633601850458,30.350402763813882,28.470888723029439,29.342988967895508,5,0,0,2015-01-05,2015-01-09,0,True,True
2015-01-16,29.342977849566878,29.395604023252361,27.741630279558034,28.162639617919925,5,0,0,2015-01-12,2015-01-16,0,True,True
2015-01-23,28.328045056835823,29.124977953018362,27.704051309468952,27.741643905639648,4,0,0,2015-01-20,2015-01-23,0,True,True
2015-01-30,27.546173895031082,28.185210774097733,26.786849203030226,27.191871643066406,5,0,0,2015-01-26,2015-01-30,0,True,True
2015-02-06,27.282502521068604,29.450301171213461,27.214522746359691,29.057529449462891,5,0,0,2015-02-02,2015-02-06,0,True,True
2015-02-13,28.823390549899933,29.903514546146642,28.800731573611895,29.608936309814453,5,0,0,2015-02-09,2015-02-13,0,True,True
2015-02-20,29.450315718828797,29.827966920846055,29.201052444292664,29.79020881652832,4,0,0,2015-02-17,2015-02-20,0,True,True
2015-02-27,29.616483264735848,30.235855186075671,29.404991824929205,29.563615798950199,5,0,0,2015-02-23,2015-02-27,0,True,True
2015-03-06,29.563606048886609,30.545530042784705,29.472963321638204,29.669347763061523,5,0,0,2015-03-02,2015-03-06,0,True,True
2015-03-13,30.047008613271743,30.960969401934676,29.367228956540213,30.923200607299805,5,0,0,2015-03-09,2015-03-13,0,True,True
2015-03-20,31.044056352835607,31.308416288095355,30.281162670298666,30.64372444152832,5,0,0,2015-03-16,2015-03-20,0,True,True
2015-03-27,30.64372280754618,30.772130342736293,29.608920125831759,30.02436637878418,5,0,0,2015-03-23,2015-03-27,0,True,True
2015-04-03,30.175419710087404,30.636178874244212,30.107439927197618,30.628623962402344,4,0,0,2015-03-30,2015-04-02,0,True,True
2015-04-10,30.318943868429809,30.953419458732522,30.182984246309534,30.862770080566406,5,0,0,2015-04-06,2015-04-10,0,True,True
2015-04-17,30.73437583635026,31.187575551363182,30.477557831154964,30.59085845947266,5,0,0,2015-04-13,2015-04-17,0,True,True
2015-04-24,30.719266153893631,32.403654499961085,30.673948203217336,31.7767219543457,5,0,0,2015-04-20,2015-04-24,0,True,True
2015-05-01,31.806944308711049,32.562272262732272,31.648308728489436,32.411350250244141,5,0,0,2015-04-27,2015-05-01,0,True,True
2015-05-08,32.434099469512212,33.093850886628502,32.343091704312705,32.91943359375,5,0,0,2015-05-04,2015-05-08,0,True,True
2015-05-15,32.987680071351157,33.116596053187557,32.494761421695991,32.676776885986328,5,0,0,2015-05-11,2015-05-15,0,True,True
2015-05-22,32.699530551785273,33.245517126578534,32.616112917091264,32.964950561523438,5,0,0,2015-05-18,2015-05-22,0,True,True
2015-05-29,32.964944311769699,33.442688329561456,32.699524352351936,32.881515502929688,4,0,0,2015-05-26,2015-05-29,0,True,True
2015-06-05,32.980098967138794,33.268266367318709,32.327921454154399,32.881515502929688,5,0,0,2015-06-01,2015-06-05,0,True,True
2015-06-12,32.843599066682948,33.389604926881873,32.752600691895758,33.124191284179688,5,0,0,2015-06-08,2015-06-12,0,True,True
2015-06-19,32.805685708384367,32.964934940727254,32.585773639926245,32.699516296386719,5,0,0,2015-06-15,2015-06-19,0,True,True
2015-06-26,33.010448985662272,33.200027587540447,32.472019357905296,32.593353271484375,5,0,0,2015-06-22,2015-06-26,0,True,True
2015-07-03,32.229350361360176,32.3127679663245,31.539263210512427,31.69093132019043,4,0,0,2015-06-29,2015-07-02,0,True,True
2015-07-10,31.334516679618147,31.706103610591057,30.735432198155213,31.630268096923828,5,0,0,2015-07-06,2015-07-10,0,True,True
2015-07-17,31.736426739016384,32.699522142936125,31.721262533022546,32.472026824951172,5,0,0,2015-07-13,2015-07-17,0,True,True
2015-07-24,32.593353271484375,34.117617851431142,32.434103052317212,33.154525756835938,5,0,0,2015-07-20,2015-07-24,0,True,True
2015-07-31,32.919434932538024,33.474086479608687,32.396183032622595,33.040149688720703,5,0,0,2015-07-27,2015-07-31,0,True,True
2015-08-07,33.047761348363068,34.36479302190255,32.796535922692776,34.067893981933594,5,0,0,2015-08-03,2015-08-07,0,True,True
2015-08-14,34.258222565089852,34.600805371561854,32.811765632279425,33.550216674804688,5,0,0,2015-08-10,2015-08-14,0,True,True
2015-08-21,33.428414922192701,33.847118222272542,31.532781316736049,31.555622100830078,5,0,0,2015-08-17,2015-08-21,0,True,True
2015-08-28,29.370723221779585,31.07600960921673,27.756777888859649,30.961816787719727,5,0,0,2015-08-24,2015-08-28,0,True,True
2015-09-04,30.718208681887017,30.741049474406527,29.005293651075974,29.302194595336914,5,0,0,2015-08-31,2015-09-04,0,True,True
2015-09-11,29.918846269754351,30.657297690251408,29.424006612498033,30.116777420043945,4,0,0,2015-09-08,2015-09-11,0,True,True
2015-09-18,30.071098756202378,31.304385206987234,29.446834954436596,29.583868026733398,5,0,0,2015-09-14,2015-09-18,0,True,True
2015-09-25,29.842713619036275,30.253819450832285,29.035744550562818,30.147235870361325,5,0,0,2015-09-21,2015-09-25,0,True,True
2015-10-02,29.819869925907977,30.002595062275589,28.533290285290573,29.819875717163089,5,0,0,2015-09-28,2015-10-02,0,True,True
2015-10-09,30.101547514387526,31.14453850351893,29.994966882573916,30.794343948364258,5,0,0,2015-10-05,2015-10-09,0,True,True
2015-10-16,30.725822226458767,31.106465031830055,29.827493311509262,30.824787139892578,5,0,0,2015-10-12,2015-10-16,0,True,True
2015-10-23,30.444135124969822,32.286468293086266,30.444135124969822,32.164661407470703,5,0,0,2015-10-19,2015-10-23,0,True,True
2015-10-30,32.103755801501208,32.987652000604271,31.441430704416451,31.833526611328125,5,0,0,2015-10-26,2015-10-30,0,True,True
2015-11-06,32.001686831882168,34.187611680640856,31.833540467649406,33.774883270263672,5,0,0,2015-11-02,2015-11-06,0,True,True
2015-11-13,33.874252189131781,33.889538753997527,32.521404607655263,32.613121032714844,5,0,0,2015-11-09,2015-11-13,0,True,True
2015-11-20,32.536691676944862,33.698457265783375,32.360900644639742,33.430946350097656,5,0,0,2015-11-16,2015-11-20,0,True,True
2015-11-27,33.484454989704744,33.629665060373149,32.964708294243628,33.537948608398438,4,0,0,2015-11-23,2015-11-27,0,True,True
2015-12-04,33.568520957859576,34.004180692676115,32.735433709519562,33.675525665283203,5,0,0,2015-11-30,2015-12-04,0,True,True
2015-12-11,33.591447876984816,33.706092705411621,30.962229173964257,31.160951614379883,5,0,0,2015-12-07,2015-12-11,0,True,True
2015-12-18,31.283230866316931,32.827140268668366,30.587708386408561,30.740564346313477,5,0,0,2015-12-14,2015-12-18,0,True,True
2015-12-25,30.992803332134262,31.665378677960927,30.687080751882615,31.512516021728512,4,0,0,2015-12-21,2015-12-24,0,True,True
2016-01-01,31.336734014526638,32.11633562371626,31.206802614448691,31.504884719848633,4,0,0,2015-12-28,2015-12-31,0,True,True
2016-01-08,30.794072933810231,30.794072933810231,28.332988285693524,28.394134521484375,5,0,0,2016-01-04,2016-01-08,0,True,True
2016-01-15,28.776296022581626,29.120234992398188,27.010729394437682,27.347024917602539,5,0,0,2016-01-11,2016-01-15,0,True,True
2016-01-22,27.805617872580591,27.889692497302548,26.169999689614244,26.86551666259766,4,0,0,2016-01-19,2016-01-22,0,True,True
2016-01-29,26.766154301908962,27.824702959366324,26.414572168476909,27.817024230957031,5,0,0,2016-01-25,2016-01-29,0,True,True
2016-02-05,27.540540134510465,27.686459395952703,25.466945451170428,26.465337753295898,5,0,0,2016-02-01,2016-02-05,0,True,True
2016-02-12,25.873973516858477,26.319431621826901,24.729668268032924,25.981504440307617,5,0,0,2016-02-08,2016-02-12,0,True,True
2016-02-19,26.465341694943358,27.148871077504957,26.250302125438616,26.826305389404297,4,0,0,2016-02-16,2016-02-19,0,True,True
2016-02-26,26.826301476267822,27.9552750279679,25.973816550665255,27.740232467651371,5,0,0,2016-02-22,2016-02-26,0,True,True
2016-03-04,27.601988800952803,29.514307895367232,27.171909587500117,29.253187179565433,5,0,0,2016-02-29,2016-03-04,0,True,True
2016-03-11,28.93062391930032,29.368387603086269,27.855434533341889,28.992071151733398,5,0,0,2016-03-07,2016-03-11,0,True,True
2016-03-18,28.730946735149789,29.422150803999905,28.185667162425755,29.299270629882812,5,0,0,2016-03-14,2016-03-18,0,True,True
2016-03-25,29.337680199599209,29.614161418636282,28.262472451272295,28.631113052368164,4,0,0,2016-03-21,2016-03-24,0,True,True
2016-04-01,28.661826578573624,28.922949493269375,27.939908071420717,28.362308502197266,5,0,0,2016-03-28,2016-04-01,0,True,True
2016-04-08,28.354626457884919,28.561987305746129,27.217990987221715,27.256393432617188,5,0,0,2016-04-04,2016-04-08,0,True,True
2016-04-15,27.463733063336377,29.506639968416231,27.371573701259891,29.068878173828125,5,0,0,2016-04-11,2016-04-15,0,True,True
2016-04-22,28.945984562079719,31.795279466855057,28.838464787096431,31.534158706665039,5,0,0,2016-04-18,2016-04-22,0,True,True
2016-04-29,31.380548963526003,31.948866210463883,30.656307261338508,31.034210205078125,5,0,0,2016-04-25,2016-04-29,0,True,True
2016-05-06,31.065063440113114,31.504663172416496,30.062468012860428,30.486642837524414,5,0,0,2016-05-02,2016-05-06,0,True,True
2016-05-13,30.44807864694911,31.157600252134397,30.255271662400041,30.417234420776367,5,0,0,2016-05-09,2016-05-13,0,True,True
2016-05-20,30.324672924099026,31.951979969908475,30.309248017061314,31.674337387084961,5,0,0,2016-05-16,2016-05-20,0,True,True
2016-05-27,31.566360106459268,32.815741581258045,31.350417222736972,32.599800109863281,5,0,0,2016-05-23,2016-05-27,0,True,True
2016-06-03,32.792618984815547,32.823468814726411,31.589504003444411,32.021392822265625,4,0,0,2016-05-31,2016-06-03,0,True,True
2016-06-10,32.13706348016958,32.86201955068605,31.628063477947659,31.805448532104492,5,0,0,2016-06-06,2016-06-10,0,True,True
2016-06-17,31.68975707135364,32.02909631546067,30.386375659439008,30.895389556884766,5,0,0,2016-06-13,2016-06-17,0,True,True
2016-06-24,31.527797929422306,32.036815643310547,29.275815168662632,29.298954010009766,5,0,0,2016-06-20,2016-06-24,0,True,True
2016-07-01,28.705105032809378,29.977623166179658,27.548263116177097,29.337516784667969,5,0,0,2016-06-27,2016-07-01,0,True,True
2016-07-08,29.036733389375151,29.723119669426033,28.149815737143957,29.684558868408203,4,0,0,2016-07-05,2016-07-08,0,True,True
2016-07-15,29.939070316966344,31.365832084323742,29.715413493931507,30.687171936035156,5,0,0,2016-07-11,2016-07-15,0,True,True
2016-07-22,30.741147867258604,30.872249784863463,29.746265650235717,30.224424362182617,5,0,0,2016-07-18,2016-07-22,0,True,True
2016-07-29,30.23984953456797,31.072776135245689,29.977631893760641,30.532011032104492,5,0,0,2016-07-25,2016-07-29,0,True,True
2016-08-05,30.648263254451674,31.407688164132086,29.857843825753708,31.384441375732425,5,0,0,2016-08-01,2016-08-05,0,True,True
2016-08-12,31.384451678386906,31.647926205782927,30.547524475741142,30.787752151489258,5,0,0,2016-08-08,2016-08-12,0,True,True
2016-08-19,30.981473623019642,31.291453285955818,30.896241718704516,31.190713882446289,5,0,0,2016-08-15,2016-08-19,0,True,True
2016-08-26,31.120971947880598,31.771908129386318,30.973737337461966,31.655668258666992,5,0,0,2016-08-22,2016-08-26,0,True,True
2016-09-02,31.70991418158361,32.56233932060821,31.647921748863613,32.275600433349609,5,0,0,2016-08-29,2016-09-02,0,True,True
2016-09-09,32.205866692863772,32.360849244385221,31.717660903930664,31.717660903930664,4,0,0,2016-09-06,2016-09-09,0,True,True
2016-09-16,31.531679914485451,32.229113214911628,30.996985284658205,31.043481826782227,5,0,0,2016-09-12,2016-09-16,0,True,True
2016-09-23,31.190716414702216,31.694418460231475,30.958239616496439,31.15196418762207,5,0,0,2016-09-19,2016-09-23,0,True,True
2016-09-30,30.865242884448023,31.05898295026639,30.051571904654363,30.903997421264648,5,0,0,2016-09-26,2016-09-30,0,True,True
2016-10-07,30.826501071684643,31.748657349764173,30.625021967025877,31.438686370849609,5,0,0,2016-10-03,2016-10-07,0,True,True
2016-10-14,31.686664952288243,31.733161490330033,29.974073061586168,30.586271286010742,5,0,0,2016-10-10,2016-10-14,0,True,True
2016-10-21,30.663760675075004,33.445727208962793,30.369288552284402,33.360485076904297,5,0,0,2016-10-17,2016-10-21,0,True,True
2016-10-28,33.654975622859233,34.074340192943644,33.414747932602488,33.856414794921875,5,0,0,2016-10-24,2016-10-28,0,True,True
2016-11-04,33.864194836779795,34.089904969740246,33.257114731456312,33.459480285644531,5,0,0,2016-10-31,2016-11-04,0,True,True
2016-11-11,34.019866213153307,37.055258568498722,33.973169600038979,36.370361328125,5,0,0,2016-11-07,2016-11-11,0,True,True
2016-11-18,36.564927202190397,37.327673407713057,36.37813909580796,36.922954559326172,5,0,0,2016-11-14,2016-11-18,0,True,True
2016-11-25,36.876256696963424,37.133100526944609,36.502667237137857,36.946308135986328,4,0,0,2016-11-21,2016-11-25,0,True,True
2016-12-02,36.588284790583856,37.880267940390127,36.455982599529918,37.086402893066406,5,0,0,2016-11-28,2016-12-02,0,True,True
2016-12-09,37.522250372466011,38.557408384782775,37.031922057168131,37.841358184814453,5,0,0,2016-12-05,2016-12-09,0,True,True
2016-12-16,37.818010240761147,38.113768302921116,36.946298107933529,37.016345977783203,5,0,0,2016-12-12,2016-12-16,0,True,True
2016-12-23,36.930745408621725,37.265411131293725,36.596072457288926,37.031909942626953,5,0,0,2016-12-19,2016-12-23,0,True,True
2016-12-30,37.1953583242504,37.763530487425299,36.557149986856416,36.876258850097656,4,0,0,2016-12-27,2016-12-30,0,True,True
2017-01-06,37.382152402817503,38.105979576185113,37.031916092989213,37.491115570068359,4,0,0,2017-01-03,2017-01-06,0,True,True
2017-01-13,37.242057339653371,37.483348047464105,36.596060093830765,37.156459808349609,5,0,0,2017-01-09,2017-01-13,0,True,True
2017-01-20,36.876272944531038,36.938536106618699,34.416805785092478,34.681430816650391,4,0,0,2017-01-17,2017-01-20,0,True,True
2017-01-27,34.564677372359974,35.195111236965673,34.128823581268136,35.000537872314453,5,0,0,2017-01-23,2017-01-27,0,True,True
2017-02-03,34.78950078254622,35.891565874056155,34.570650678776431,35.696163177490234,5,0,0,2017-01-30,2017-02-03,0,True,True
2017-02-10,35.438227872398436,35.91501085782388,35.102147412506469,35.610183715820312,5,0,0,2017-02-06,2017-02-10,0,True,True
2017-02-17,35.875929765826449,37.14996394150176,35.860297195147574,36.845134735107422,5,0,0,2017-02-13,2017-02-17,0,True,True
2017-02-24,36.931111727262795,37.235939473985987,36.509040218975066,36.806053161621094,4,0,0,2017-02-21,2017-02-24,0,True,True
2017-03-03,36.759147878511975,38.13479085925777,36.485594462199764,37.478248596191406,5,0,0,2017-02-27,2017-03-03,0,True,True
2017-03-10,37.314090375767982,37.884678912646116,37.149949888057563,37.650188446044922,5,0,0,2017-03-06,2017-03-10,0,True,True
2017-03-17,37.728362411944936,38.10353226509185,37.368827925877113,37.446979522705078,5,0,0,2017-03-13,2017-03-17,0,True,True
2017-03-24,37.267207005790482,37.329734325768726,35.735232170965602,36.149494171142578,5,0,0,2017-03-20,2017-03-24,0,True,True
2017-03-31,35.399148629338328,37.243755004933007,35.266273262489243,36.915477752685547,5,0,0,2017-03-27,2017-03-31,0,True,True
2017-04-07,36.915482131791784,37.478241051786874,36.188583762513254,36.852939605712891,5,0,0,2017-04-03,2017-04-07,0,True,True
2017-04-14,36.852953128675281,37.048355843076294,36.243295388319666,36.282375335693359,4,0,0,2017-04-10,2017-04-13,0,True,True
2017-04-21,36.469967731066525,37.126514778210314,35.868120852880949,36.540298461914062,5,0,0,2017-04-17,2017-04-21,0,True,True
2017-04-28,37.321922608254972,37.572030944420824,36.641917444697903,36.931205749511719,5,0,0,2017-04-24,2017-04-28,0,True,True
2017-05-05,37.080308917707811,37.543331355970892,36.719319294458636,37.394222259521484,5,0,0,2017-05-01,2017-05-05,0,True,True
2017-05-12,37.464857583608435,37.613962553035861,36.366172742309033,36.695774078369141,5,0,0,2017-05-08,2017-05-12,0,True,True
2017-05-19,36.758555875865959,37.119546741112146,36.14643841754399,36.52313232421875,5,0,0,2017-05-15,2017-05-19,0,True,True
2017-05-26,36.695773763673088,37.347133969757358,36.48388890296826,37.205875396728516,5,0,0,2017-05-22,2017-05-26,0,True,True
2017-06-02,37.056759799927413,37.433466944645119,36.570199264398788,37.284358978271484,4,0,0,2017-05-30,2017-06-02,0,True,True
2017-06-09,37.354979855032013,38.814639418901677,36.703616798088078,38.767555236816406,5,0,0,2017-06-05,2017-06-09,0,True,True
2017-06-16,38.657701686458211,39.191345072307314,38.453657866956519,39.152107238769531,5,0,0,2017-06-12,2017-06-16,0,True,True
2017-06-23,39.238426171797947,39.544485416953279,38.461503807070393,38.587066650390625,5,0,0,2017-06-19,2017-06-23,0,True,True
2017-06-30,38.728341499394048,40.486211220358548,38.594932232023183,40.038894653320312,5,0,0,2017-06-26,2017-06-30,0,True,True
2017-07-07,40.266476713407712,41.074781422723255,40.180143665888892,40.611766815185547,4,0,0,2017-07-03,2017-07-07,0,True,True
2017-07-14,40.548987232262952,41.20033644522092,40.133063443551649,41.090469360351562,5,0,0,2017-07-10,2017-07-14,0,True,True
2017-07-21,41.498565719754623,42.840520049328198,41.114027776375018,41.875247955322266,5,0,0,2017-07-17,2017-07-21,0,True,True
2017-07-28,41.867392562472943,42.699250225142094,41.114022218102946,41.514392852783203,5,0,0,2017-07-24,2017-07-28,0,True,True
2017-08-04,41.703596823135577,42.799413616405303,41.672062191649928,42.586559295654297,5,0,0,2017-07-31,2017-08-04,0,True,True
2017-08-11,42.586552006594687,42.649624393440547,40.923135317760106,41.143867492675781,5,0,0,2017-08-07,2017-08-11,0,True,True
2017-08-18,41.545928558490935,42.208143342478934,40.528970347799564,41.072929382324219,5,0,0,2017-08-14,2017-08-18,0,True,True
2017-08-25,41.025617135989556,41.96375183538148,40.915248933492556,41.506511688232422,5,0,0,2017-08-21,2017-08-25,0,True,True
2017-09-01,41.60899960231238,41.624766920584115,40.631449862187544,41.254245758056641,5,0,0,2017-08-28,2017-09-01,0,True,True
2017-09-08,40.978329062515797,41.001978540398191,39.535647129512469,39.756385803222656,4,0,0,2017-09-05,2017-09-08,0,True,True
2017-09-15,40.142676750902901,41.025611390637735,40.134794594504797,40.647212982177734,5,0,0,2017-09-11,2017-09-15,0,True,True
2017-09-22,40.741816300607489,41.514396298811484,40.631448085019791,41.285778045654297,5,0,0,2017-09-18,2017-09-22,0,True,True
2017-09-29,41.183290920777488,42.034706263358999,40.78911701574723,41.798202514648438,5,0,0,2017-09-25,2017-09-29,0,True,True
2017-10-06,41.711489666487054,43.209349287657432,41.672072870682904,42.941310882568359,5,0,0,2017-10-02,2017-10-06,0,True,True
2017-10-13,43.004370898924122,43.587750230927043,42.689033590565572,43.098976135253906,5,0,0,2017-10-09,2017-10-13,0,True,True
2017-10-20,43.185692529554821,43.335480539727911,41.183294886013179,41.877033233642578,5,0,0,2017-10-16,2017-10-20,0,True,True
2017-10-27,41.853391926764054,41.877041402439851,40.49743164923764,41.104457855224609,5,0,0,2017-10-23,2017-10-27,0,True,True
2017-11-03,40.985657938875924,41.247017207799793,40.431262559174655,40.653022766113281,5,0,0,2017-10-30,2017-11-03,0,True,True
2017-11-10,40.597566627623856,40.961902360710788,40.019417468273218,40.336215972900391,5,0,0,2017-11-06,2017-11-10,0,True,True
2017-11-17,40.074862441509374,41.81725302317264,40.051103607715135,41.555896759033203,5,0,0,2017-11-13,2017-11-17,0,True,True
2017-11-24,41.682605427803985,41.793483998969066,41.20741941577532,41.365814208984375,4,0,0,2017-11-20,2017-11-24,0,True,True
2017-12-01,41.476691487688072,43.781384217064264,41.215335249476034,43.124034881591797,5,0,0,2017-11-27,2017-12-01,0,True,True
2017-12-08,43.725953947811824,43.876434624150725,42.577571391935869,43.298267364501953,5,0,0,2017-12-04,2017-12-08,0,True,True
2017-12-15,43.314117324928183,43.741794178016704,42.696369438852983,42.926048278808594,5,0,0,2017-12-11,2017-12-15,0,True,True
2017-12-22,43.29827528585465,43.559642474190092,42.625080121258549,42.76763916015625,5,0,0,2017-12-18,2017-12-22,0,True,True
2017-12-29,42.846840394526183,43.10027935431134,42.545880383103153,42.656764984130859,4,0,0,2017-12-26,2017-12-29,0,True,True
2018-01-05,42.981489245559686,43.59923553556785,42.498365993989069,43.425014495849609,4,0,0,2018-01-02,2018-01-05,0,True,True
2018-01-12,43.456670374899495,46.474180967197576,43.361632027354965,46.268260955810547,5,0,0,2018-01-08,2018-01-12,0,True,True
2018-01-19,46.474172490192707,46.719691529381471,43.298270658693369,44.834743499755859,4,0,0,2018-01-16,2018-01-19,0,True,True
2018-01-26,44.826828524368764,46.196973478620158,44.723871550080673,45.761375427246094,5,0,0,2018-01-22,2018-01-26,0,True,True
2018-02-02,45.642090133809738,46.079502836692114,44.71158151368514,44.799064636230469,5,0,0,2018-01-29,2018-02-02,0,True,True
2018-02-09,44.345748839212746,45.109236083348208,41.442911885824842,43.009647369384766,5,0,0,2018-02-05,2018-02-09,0,True,True
2018-02-16,43.351624662872645,45.077418798476941,42.866496192041012,44.735443115234375,5,0,0,2018-02-12,2018-02-16,0,True,True
2018-02-23,44.695680384215393,45.657981281486883,44.377553169206934,45.252391815185547,4,0,0,2018-02-20,2018-02-23,0,True,True
2018-03-02,45.506882491884902,46.660057867933311,43.033507123032201,44.035579681396484,5,0,0,2018-02-26,2018-03-02,0,True,True
2018-03-09,43.725411647930805,45.777276507774715,43.590212666875559,45.514835357666016,5,0,0,2018-03-05,2018-03-09,0,True,True
2018-03-16,45.538694045382975,45.657989780513503,43.351623525903513,43.741321563720703,5,0,0,2018-03-12,2018-03-16,0,True,True
2018-03-23,43.757228898751606,44.035580355732655,40.249970813788174,40.345405578613281,5,0,0,2018-03-19,2018-03-23,0,True,True
2018-03-30,40.94983666272239,41.586073544059147,39.852321102684556,40.981636047363281,4,0,0,2018-03-26,2018-03-29,0,True,True
2018-04-06,40.766909210738909,41.466772846278744,39.27970516905831,40.043190002441406,5,0,0,2018-04-02,2018-04-06,0,True,True
2018-04-13,40.361312215827894,41.784893279699425,40.130675417907206,41.013454437255859,5,0,0,2018-04-09,2018-04-13,0,True,True
2018-04-20,41.275903942638244,44.47299630671165,41.172514512152603,44.075347900390625,5,0,0,2018-04-16,2018-04-20,0,True,True
2018-04-27,44.011715143682615,45.037660184533657,43.55044060949286,43.995819091796875,5,0,0,2018-04-23,2018-04-27,0,True,True
2018-05-04,44.091667500598092,44.363246730142649,42.06280668640062,43.524551391601562,5,0,0,2018-04-30,2018-05-04,0,True,True
2018-05-11,43.604424670442988,45.944804687953827,43.460647243702645,45.673225402832031,5,0,0,2018-05-07,2018-05-11,0,True,True
2018-05-18,45.864920274546797,46.120526614131194,45.162012379626731,45.497482299804688,5,0,0,2018-05-14,2018-05-18,0,True,True
2018-05-25,45.84894577960592,46.392085068234422,45.154026499267665,45.529441833496094,5,0,0,2018-05-21,2018-05-25,0,True,True
2018-06-01,44.946351508432699,45.122080175885422,43.436682396807562,44.211479187011719,4,0,0,2018-05-29,2018-06-01,0,True,True
2018-06-08,44.395202837482472,46.503931554312352,44.067705120023,45.976741790771484,5,0,0,2018-06-04,2018-06-08,0,True,True
2018-06-15,46.040646633214237,46.344177082253061,44.802565723885941,45.473526000976562,5,0,0,2018-06-11,2018-06-15,0,True,True
2018-06-22,45.209939079575705,46.224358899053627,44.962324748892492,45.329750061035156,5,0,0,2018-06-18,2018-06-22,0,True,True
2018-06-29,45.257862649878923,45.321765083542225,42.885534495352374,43.077232360839844,5,0,0,2018-06-25,2018-06-29,0,True,True
2018-07-06,42.709815895588527,43.644350401806669,42.214579665350719,42.494148254394531,4,0,0,2018-07-02,2018-07-06,0,True,True
2018-07-13,42.717791204544653,43.452660111584763,42.126710176924369,42.358348846435547,5,0,0,2018-07-09,2018-07-13,0,True,True
2018-07-20,42.43024070240817,44.491045868007078,41.615503850942353,41.903064727783203,5,0,0,2018-07-16,2018-07-20,0,True,True
2018-07-27,41.903057734660166,43.508567543561703,41.791231531655292,42.661888122558594,5,0,0,2018-07-23,2018-07-27,0,True,True
2018-08-03,42.726114113363607,43.480917117031865,42.011472757906354,42.372810363769531,5,0,0,2018-07-30,2018-08-03,0,True,True
2018-08-10,42.380838224453974,42.999128657848154,40.59824700294228,40.967613220214844,5,0,0,2018-08-06,2018-08-10,0,True,True
2018-08-17,41.031849815929888,41.5618024738815,40.244937971752719,41.505611419677734,5,0,0,2018-08-13,2018-08-17,0,True,True
2018-08-24,41.553781100267713,42.404939797465957,41.465461244368029,42.204189300537109,5,0,0,2018-08-20,2018-08-24,0,True,True
2018-08-31,42.429027316390531,42.910809140288379,41.513639219255879,41.874977111816406,5,0,0,2018-08-27,2018-08-31,0,True,True
2018-09-07,41.883003372000914,42.461141858806357,41.62605038165492,41.899051666259766,4,0,0,2018-09-04,2018-09-07,0,True,True
2018-09-14,41.939197499013709,42.147989493721518,40.935493620072769,41.473484039306641,5,0,0,2018-09-10,2018-09-14,0,True,True
2018-09-21,41.497574377676813,42.967018444794455,40.927465251477066,42.870662689208984,5,0,0,2018-09-17,2018-09-21,0,True,True
2018-09-28,42.846571463242036,42.846571463242036,40.871263456077635,40.943531036376953,5,0,0,2018-09-24,2018-09-28,0,True,True
2018-10-05,41.071996188367095,42.669912907790547,40.895341466400303,42.228279113769531,5,0,0,2018-10-01,2018-10-05,0,True,True
2018-10-12,42.083753029407852,42.437059528045708,38.743382451770493,39.425907135009766,5,0,0,2018-10-08,2018-10-12,0,True,True
2018-10-19,39.313486772846204,39.706951537995245,37.233796748989491,38.060859680175781,5,0,0,2018-10-15,2018-10-19,0,True,True
2018-10-26,38.092971087347728,38.261597449023782,36.262198366368132,36.511127471923828,5,0,0,2018-10-22,2018-10-26,0,True,True
2018-11-02,37.02013688250647,39.015757367663419,36.494970020390731,38.143173217773438,5,0,0,2018-10-29,2018-11-02,0,True,True
2018-11-09,38.272451139588341,39.783299548273583,38.272451139588341,39.185428619384766,5,0,0,2018-11-05,2018-11-09,0,True,True
2018-11-16,39.048072552023662,40.082248367822388,38.345162484699657,39.904499053955078,5,0,0,2018-11-12,2018-11-16,0,True,True
2018-11-23,39.864103198658128,40.777083046694692,39.565157630259826,40.284236907958984,4,0,0,2018-11-19,2018-11-23,0,True,True
2018-11-30,40.752835939141072,41.746614031203883,40.672046277793157,41.455757141113281,5,0,0,2018-11-26,2018-11-30,0,True,True
2018-12-07,41.851646950149068,41.997077632274369,37.706887687622071,38.547149658203125,4,0,0,2018-12-03,2018-12-07,0,True,True
2018-12-14,38.33707826563387,39.589404609364642,37.634165376141688,39.322780609130859,5,0,0,2018-12-10,2018-12-14,0,True,True
2018-12-21,39.096557121064045,40.308477691869861,35.646620579925347,36.066753387451172,5,0,0,2018-12-17,2018-12-21,0,True,True
2018-12-28,35.759726153273235,38.183572294691203,35.283030275233131,37.690727233886719,4,0,0,2018-12-24,2018-12-28,0,True,True
2019-01-04,37.884644328321357,38.757214343930244,37.4968247218805,38.708736419677734,4,0,0,2018-12-31,2019-01-04,0,True,True
2019-01-11,38.498671415774211,39.048075560019001,37.860388487816422,38.846084594726562,5,0,0,2019-01-07,2019-01-11,0,True,True
2019-01-18,38.490594713112472,42.853498917791882,38.482516599198192,42.546478271484375,5,0,0,2019-01-14,2019-01-18,0,True,True
2019-01-25,42.231386428018858,43.768438958110806,42.150587915042365,43.370471954345703,4,0,0,2019-01-22,2019-01-25,0,True,True
2019-02-01,43.061824409591182,43.61412111912157,42.030362332809887,42.736961364746094,5,0,0,2019-01-28,2019-02-01,0,True,True
2019-02-08,42.801943289509161,42.842545757338129,41.575546078396847,42.095344543457031,5,0,0,2019-02-04,2019-02-08,0,True,True
2019-02-15,42.233407111531818,43.134932547830971,41.413111581589476,43.037479400634766,5,0,0,2019-02-11,2019-02-15,0,True,True
2019-02-22,42.77757858891696,43.354220559439582,42.525804421722562,43.224285125732422,4,0,0,2019-02-19,2019-02-22,0,True,True
2019-03-01,43.337969387447188,43.581623015694433,42.525807252949313,42.793815612792969,5,0,0,2019-02-25,2019-03-01,0,True,True
2019-03-08,42.91564117789067,43.378584067821471,41.136972258483262,41.811080932617188,5,0,0,2019-03-04,2019-03-08,0,True,True
2019-03-15,42.038489020623686,43.216151377967265,41.819202867547624,43.143054962158203,5,0,0,2019-03-11,2019-03-15,0,True,True
2019-03-22,43.435439347692167,44.077064375471252,40.503465635527107,41.015140533447266,5,0,0,2019-03-18,2019-03-22,0,True,True
2019-03-29,41.007024310581016,41.437479293839104,40.519712192850761,40.958290100097656,5,0,0,2019-03-25,2019-03-29,0,True,True
2019-04-05,41.258791027161294,42.322754163583745,41.242547036615782,41.567424774169922,5,0,0,2019-04-01,2019-04-05,0,True,True
2019-04-12,41.323769112548611,42.988738160248502,41.071998775388003,42.891277313232422,5,0,0,2019-04-08,2019-04-12,0,True,True
2019-04-19,42.883147541315701,43.541011183507017,38.895349659373814,39.317684173583984,4,0,0,2019-04-15,2019-04-18,0,True,True
2019-04-26,39.187724273768772,39.764375263480751,38.47301963521533,39.562095642089844,5,0,0,2019-04-22,2019-04-26,0,True,True
2019-05-03,39.455889758215797,41.179533902787348,39.4313839911865,40.820095062255859,5,0,0,2019-04-29,2019-05-03,0,True,True
2019-05-10,40.084897100321101,40.444328520447492,38.540967965852715,39.292507171630859,5,0,0,2019-05-06,2019-05-10,0,True,True
2019-05-17,38.630843934304288,39.055628373736162,37.593380364466448,37.64239501953125,5,0,0,2019-05-13,2019-05-17,0,True,True
2019-05-24,37.65056220372005,37.903800077452587,36.743813027554225,36.890853881835938,5,0,0,2019-05-20,2019-05-24,0,True,True
2019-05-31,36.792822253794917,36.874510220251409,34.660740173700574,34.873130798339844,4,0,0,2019-05-28,2019-05-31,0,True,True
2019-06-07,34.873112794779303,36.539588528002724,34.717904461370495,36.270015716552734,5,0,0,2019-06-03,2019-06-07,0,True,True
2019-06-14,36.637623497940638,37.037902151670899,35.935092587374925,36.343528747558594,5,0,0,2019-06-10,2019-06-14,0,True,True
2019-06-21,36.359877773711048,36.400724884894764,34.415662923789263,35.461296081542969,5,0,0,2019-06-17,2019-06-21,0,True,True
2019-06-28,35.387763775029129,36.400713912894595,34.848623209704947,36.065788269042969,5,0,0,2019-06-24,2019-06-28,0,True,True
2019-07-05,36.694793181389393,36.85818351998131,35.910577551338996,36.376216888427734,4,0,0,2019-07-01,2019-07-05,0,True,True
2019-07-12,35.82072653625567,35.951429181168514,34.685244288391985,35.583824157714844,5,0,0,2019-07-08,2019-07-12,0,True,True
2019-07-19,35.616496527382715,37.389155162762108,35.101856716054741,36.980709075927734,5,0,0,2019-07-15,2019-07-19,0,True,True
2019-07-26,36.915364871816109,39.189989789623759,36.792832886720298,39.140651702880859,5,0,0,2019-07-22,2019-07-26,0,True,True
2019-08-02,39.009081865445935,39.115979472012214,36.427121763189582,37.84967041015625,5,0,0,2019-07-29,2019-08-02,0,True,True
2019-08-09,37.200058819049083,37.915457847097159,35.876183627622268,37.668773651123047,5,0,0,2019-08-05,2019-08-09,0,True,True
2019-08-16,37.21649946119998,37.422070057981763,34.058955645608229,34.807220458984375,5,0,0,2019-08-12,2019-08-16,0,True,True
2019-08-23,35.382816190270219,35.415708244225549,33.524448051124217,33.730018615722656,5,0,0,2019-08-19,2019-08-23,0,True,True
2019-08-30,33.984942181581694,34.741441464850958,33.318883407011022,34.585208892822266,5,0,0,2019-08-26,2019-08-30,0,True,True
2019-09-06,34.280952419271387,35.645948996904224,33.721800131559711,35.382820129394531,4,0,0,2019-09-03,2019-09-06,0,True,True
2019-09-13,35.613056021536323,38.787065555918097,35.497933837249512,38.565052032470703,5,0,0,2019-09-09,2019-09-13,0,True,True
2019-09-20,38.137460174044612,39.017306462872398,37.298735042892247,38.137470245361328,5,0,0,2019-09-16,2019-09-20,0,True,True
2019-09-27,37.890778977153282,38.639057680680644,36.246216811858396,36.616241455078125,5,0,0,2019-09-23,2019-09-27,0,True,True
2019-10-04,36.904036762266877,37.397404971252946,34.552306785695748,35.053901672363281,5,0,0,2019-09-30,2019-10-04,0,True,True
2019-10-11,35.029234406970737,36.747810818464451,34.25628954134158,36.279109954833984,5,0,0,2019-10-07,2019-10-11,0,True,True
2019-10-18,36.114647684247267,37.750992220820017,35.695284968636948,37.282291412353516,5,0,0,2019-10-14,2019-10-18,0,True,True
2019-10-25,37.438519415685221,38.700944869565404,37.274070015094765,38.394649505615234,5,0,0,2019-10-21,2019-10-25,0,True,True
2019-11-01,38.700938143816614,39.404594897014036,38.229070176400946,39.040351867675781,5,0,0,2019-10-28,2019-11-01,0,True,True
2019-11-08,39.52048602514607,41.416216804505417,39.404587523129138,40.729122161865234,5,0,0,2019-11-04,2019-11-08,0,True,True
2019-11-15,40.729123216245782,41.0354185791102,39.768838569905149,40.207584381103516,5,0,0,2019-11-11,2019-11-15,0,True,True
2019-11-22,40.257260610147391,40.654612021897435,40.050304297019217,40.398002624511719,5,0,0,2019-11-18,2019-11-22,0,True,True
2019-11-29,40.447651032301813,40.936069370058114,40.191024006451613,40.538719177246094,4,0,0,2019-11-25,2019-11-29,0,True,True
2019-12-06,40.654619976992883,41.333435495917506,39.661220893141575,41.093364715576172,5,0,0,2019-12-02,2019-12-06,0,True,True
2019-12-13,41.035417407204584,42.550346181064555,40.902965106134054,41.573509216308594,5,0,0,2019-12-09,2019-12-13,0,True,True
2019-12-20,41.995695729914864,42.434449219314367,41.474163433348188,41.912910461425781,5,0,0,2019-12-16,2019-12-20,0,True,True
2019-12-27,41.929463828578392,41.970854571690523,41.465879295153201,41.656284332275391,4,0,0,2019-12-23,2019-12-27,0,True,True
2020-01-03,41.838408461610726,42.152984619140625,41.225811095693942,41.614891052246094,4,0,0,2019-12-30,2020-01-03,0,True,True
2020-01-10,41.648012566956041,42.715904135009879,41.407941776961515,41.838413238525391,5,0,0,2020-01-06,2020-01-10,0,True,True
2020-01-17,41.946030633822218,42.393055642562821,37.964171823005003,38.229076385498047,5,0,0,2020-01-13,2020-01-17,0,True,True
2020-01-24,38.336688492960953,39.321801973987647,37.949460758709598,38.291122436523438,4,0,0,2020-01-21,2020-01-24,0,True,True
2020-01-31,37.64113539789782,38.132795272340971,36.749477492940777,37.316146850585938,5,0,0,2020-01-27,2020-01-31,0,True,True
2020-02-07,37.532809647520061,39.691122296312457,37.432808756021629,39.374454498291016,5,0,0,2020-02-03,2020-02-07,0,True,True
2020-02-14,39.149449009796463,39.332782902675774,38.074462178415928,38.249462127685547,5,0,0,2020-02-10,2020-02-14,0,True,True
2020-02-21,38.166131102927785,38.582790593835362,37.3578172136475,37.532814025878906,4,0,0,2020-02-18,2020-02-21,0,True,True
2020-02-28,36.682821730784617,36.766152629498578,32.116220356016335,33.249538421630859,5,0,0,2020-02-24,2020-02-28,0,True,True
2020-03-06,33.357861334772267,34.132850646972656,31.132903957197822,31.72456169128418,5,0,0,2020-03-02,2020-03-06,0,True,True
2020-03-13,28.99959610871209,31.199565008295256,24.499661554175603,28.441276550292969,5,0,0,2020-03-09,2020-03-13,0,True,True
2020-03-20,24.282996321704633,27.182955753882165,21.999690076192085,24.224664688110352,5,0,0,2020-03-16,2020-03-20,0,True,True
2020-03-27,24.007994735173561,27.941279780227752,22.441350834080417,27.116292953491211,5,0,0,2020-03-23,2020-03-27,0,True,True
2020-04-03,27.166289269708024,29.066263277372823,26.149636280299642,28.124605178833008,5,0,0,2020-03-30,2020-04-03,0,True,True
2020-04-10,29.691247795919207,31.566231149487251,28.707928109982198,30.94957160949707,4,0,0,2020-04-06,2020-04-09,0,True,True
2020-04-17,30.816237204874898,31.482892904588763,28.691262369938624,31.15789794921875,5,0,0,2020-04-13,2020-04-17,0,True,True
2020-04-24,30.624567480800529,30.724565178409481,29.057921915653001,29.79957389831543,5,0,0,2020-04-20,2020-04-24,0,True,True
2020-05-01,30.1358351739018,32.270983505739508,30.001337845179698,30.261926651000977,5,0,0,2020-04-27,2020-05-01,0,True,True
2020-05-08,29.967707815674363,30.413227790093892,28.992596681615925,29.707111358642578,5,0,0,2020-05-04,2020-05-08,0,True,True
2020-05-15,29.278409019949354,29.345656063318984,26.26061487934718,26.949918746948242,5,0,0,2020-05-11,2020-05-15,0,True,True
2020-05-22,27.790528602748029,29.614647437828836,27.538343392691662,29.001001358032227,5,0,0,2020-05-18,2020-05-22,0,True,True
2020-05-29,30.001324424484299,32.960275328119522,29.883639715330812,31.245426177978516,4,0,0,2020-05-26,2020-05-29,0,True,True
2020-06-05,31.413549858702741,36.13778444231292,31.321082377928526,35.557762145996094,5,0,0,2020-06-01,2020-06-05,0,True,True
2020-06-12,36.045310112043147,36.289084253149369,31.337893687622536,32.312999725341797,5,0,0,2020-06-08,2020-06-12,0,True,True
2020-06-19,31.161367483655003,33.498248045229275,30.976432524345036,32.977085113525391,5,0,0,2020-06-15,2020-06-19,0,True,True
2020-06-26,32.598804980514757,33.220848902703501,30.295537275476139,30.530906677246094,5,0,0,2020-06-22,2020-06-26,0,True,True
2020-07-03,30.976434475922147,32.69127732861871,30.791502711629153,31.892698287963867,4,0,0,2020-06-29,2020-07-02,0,True,True
2020-07-10,32.531549098726181,32.750105894483241,31.085711557820229,32.262569427490234,5,0,0,2020-07-06,2020-07-10,0,True,True
2020-07-17,32.708083564580079,33.027524252942627,30.261918186232567,30.36279296875,5,0,0,2020-07-13,2020-07-17,0,True,True
2020-07-24,30.14423785963395,31.156696431062691,29.850013162500733,30.715839385986328,5,0,0,2020-07-20,2020-07-24,0,True,True
2020-07-31,30.453027438901536,30.970189528899329,29.901958420447325,30.393684387207031,5,0,0,2020-07-27,2020-07-31,0,True,True
2020-08-07,30.461501070582425,32.072323181168393,30.113902665772962,32.004497528076172,5,0,0,2020-08-03,2020-08-07,0,True,True
2020-08-14,32.038408693019562,33.199897919999216,31.275398865396998,31.817985534667969,5,0,0,2020-08-10,2020-08-14,0,True,True
2020-08-21,31.851890472462369,31.970592856787079,30.181729413069604,30.29194450378418,5,0,0,2020-08-17,2020-08-21,0,True,True
2020-08-28,30.291941512812834,32.012979381497431,30.147816837275421,31.843421936035156,5,0,0,2020-08-24,2020-08-28,0,True,True
2020-09-04,31.843418514136115,32.597962045602827,30.936272201720197,31.792547225952148,5,0,0,2020-08-31,2020-09-04,0,True,True
2020-09-11,31.419519664606646,31.538211337922725,30.105422719426763,30.520854949951172,4,0,0,2020-09-08,2020-09-11,0,True,True
2020-09-18,30.800625405495069,31.122787598386545,29.232184214817334,30.012170791625977,5,0,0,2020-09-14,2020-09-18,0,True,True
2020-09-25,29.223711047971456,29.52044020122726,27.680717317425895,28.316568374633789,5,0,0,2020-09-21,2020-09-25,0,True,True
2020-10-02,28.799815481435665,29.630664730789388,28.51155447681904,29.452627182006836,5,0,0,2020-09-28,2020-10-02,0,True,True
2020-10-09,29.706959967659284,32.199499619445611,29.681523728063897,31.962116241455078,5,0,0,2020-10-05,2020-10-09,0,True,True
2020-10-16,31.894293594920146,32.852312296478829,30.707373876543841,32.233417510986328,5,0,0,2020-10-12,2020-10-16,0,True,True
2020-10-23,32.275793884162965,32.386008954108945,30.987140705887118,31.936681747436523,5,0,0,2020-10-19,2020-10-23,0,True,True
2020-10-30,31.512775241931362,31.682336162060526,28.378033141859678,29.378412246704102,5,0,0,2020-10-26,2020-10-30,0,True,True
2020-11-06,29.942718219857223,31.062795158143807,29.404064074263761,29.985481262207031,5,0,0,2020-11-02,2020-11-06,0,True,True
2020-11-13,32.866884286213804,34.252015522359706,31.917813890767121,33.097721099853516,5,0,0,2020-11-09,2020-11-13,0,True,True
2020-11-20,34.004053394459127,34.380272034024706,32.080269837111949,32.388076782226562,5,0,0,2020-11-16,2020-11-20,0,True,True
2020-11-27,32.772824411929967,34.918930102689991,32.593268246740429,34.157966613769531,4,0,0,2020-11-23,2020-11-27,0,True,True
2020-12-04,34.21780901937948,34.884728078132554,33.294388330401446,34.756477355957031,5,0,0,2020-11-30,2020-12-04,0,True,True
2020-12-11,34.440118499848587,35.491785490990807,34.089561306260727,34.405918121337891,5,0,0,2020-12-07,2020-12-11,0,True,True
2020-12-18,34.910361003333811,35.038611652664962,33.961306860486211,34.876174926757812,5,0,0,2020-12-14,2020-12-18,0,True,True
2020-12-25,35.508889366521892,36.030450763660255,34.414467391345525,35.089931488037109,4,0,0,2020-12-21,2020-12-24,0,True,True
2021-01-01,35.346430080921223,36.329706470204897,35.115574922069392,36.286952972412109,4,0,0,2020-12-28,2020-12-31,0,True,True
2021-01-08,36.338248732727145,39.365013763546692,35.252375967435533,38.304790496826172,5,0,0,2021-01-04,2021-01-08,0,True,True
2021-01-15,37.988441690048909,40.049034202853612,37.706284246192894,38.963161468505859,5,0,0,2021-01-11,2021-01-15,0,True,True
2021-01-22,39.117055613990601,39.612967392823002,35.457583768430062,35.85089111328125,4,0,0,2021-01-19,2021-01-22,0,True,True
2021-01-29,35.483233343004009,35.654237529513871,33.841603903221554,34.316791534423828,5,0,0,2021-01-25,2021-01-29,0,True,True
2021-02-05,34.575294647236674,36.686152870153123,34.480520079256337,36.2122802734375,5,0,0,2021-02-01,2021-02-05,0,True,True
2021-02-12,36.315677169436853,37.771750927161371,35.669486226886846,36.126121520996094,5,0,0,2021-02-08,2021-02-12,0,True,True
2021-02-19,36.35013929402799,37.349574169756742,36.100276564338543,36.462139129638672,4,0,0,2021-02-16,2021-02-19,0,True,True
2021-02-26,36.2725885193586,38.728104030539392,36.169210029313689,36.324295043945312,5,0,0,2021-02-22,2021-02-26,0,True,True
2021-03-05,36.927399012390197,39.391521136206201,36.780928387250938,38.797027587890625,5,0,0,2021-03-01,2021-03-05,0,True,True
2021-03-12,39.262284009169115,40.408189473263832,38.211152825673466,40.201408386230469,5,0,0,2021-03-08,2021-03-12,0,True,True
2021-03-19,40.227256774902344,41.149144957776286,39.296749796301825,39.934318542480469,5,0,0,2021-03-15,2021-03-19,0,True,True
2021-03-26,39.089967067830742,40.976825804891497,38.081922387861091,40.916515350341797,5,0,0,2021-03-22,2021-03-26,0,True,True
2021-04-02,40.175564020394177,41.485165298826637,40.029093391593435,40.899284362792969,4,0,0,2021-03-29,2021-04-01,0,True,True
2021-04-09,41.338695067932441,41.959026680835898,40.830357322140721,41.890098571777344,5,0,0,2021-04-05,2021-04-09,0,True,True
2021-04-16,41.890110846708502,42.329519454032472,39.460449584588375,39.693077087402344,5,0,0,2021-04-12,2021-04-16,0,True,True
2021-04-23,39.865399080779291,41.261154847397897,39.744778128019732,41.011295318603516,5,0,0,2021-04-19,2021-04-23,0,True,True
2021-04-30,41.218075177051439,43.58392862096489,41.14053268032314,43.254413604736328,5,0,0,2021-04-26,2021-04-30,0,True,True
2021-05-07,43.575262333536081,45.049450935156152,43.098319825314029,44.936717987060547,5,0,0,2021-05-03,2021-05-07,0,True,True
2021-05-14,45.257571116684517,45.80388878087431,43.896118775999689,44.902027130126953,5,0,0,2021-05-10,2021-05-14,0,True,True
2021-05-21,44.919372749662159,45.361635646213927,43.193709386339663,44.711257934570312,5,0,0,2021-05-17,2021-05-21,0,True,True
2021-05-28,44.75461476526494,45.69115739348905,44.208298066841479,45.162174224853516,5,0,0,2021-05-24,2021-05-28,0,True,True
2021-06-04,45.795224626742652,45.873270017710738,44.7806425844148,45.274929046630859,4,0,0,2021-06-01,2021-06-04,0,True,True
2021-06-11,45.378976232980143,45.378976232980143,43.21973258335403,43.714004516601562,5,0,0,2021-06-07,2021-06-11,0,True,True
2021-06-18,43.488545773333442,45.049449987741099,41.658820126948143,41.814910888671875,5,0,0,2021-06-14,2021-06-18,0,True,True
2021-06-25,42.153105742024394,44.347049611582726,42.066386815834811,44.216976165771484,5,0,0,2021-06-21,2021-06-25,0,True,True
2021-07-02,44.052205247447745,44.867342051533356,43.497217355824588,44.433761596679688,5,0,0,2021-06-28,2021-07-02,0,True,True
2021-07-09,44.216968056758603,44.312353909664857,41.65014071024008,43.297775268554688,4,0,0,2021-07-06,2021-07-09,0,True,True
2021-07-16,42.976920438861725,43.826746128727621,41.25124760056449,42.820819854736328,5,0,0,2021-07-12,2021-07-16,0,True,True
2021-07-23,41.927647313695431,43.826748676405508,41.034463716698816,43.332462310791016,5,0,0,2021-07-19,2021-07-23,0,True,True
2021-07-30,43.218954285578945,45.192180103398215,43.157837402968013,44.816749572753906,5,0,0,2021-07-26,2021-07-30,0,True,True
2021-08-06,45.165986773773987,46.728851869387796,44.362729663454395,46.414531707763672,5,0,0,2021-08-02,2021-08-06,0,True,True
2021-08-13,46.274841786184439,48.038527392779322,46.03910162646347,47.034442901611328,5,0,0,2021-08-09,2021-08-13,0,True,True
2021-08-20,46.720124278237179,47.628167535156862,45.785895676219191,46.554233551025391,5,0,0,2021-08-16,2021-08-20,0,True,True
2021-08-27,46.824902605340455,49.330723907277907,46.824902605340455,49.252143859863281,5,0,0,2021-08-23,2021-08-27,0,True,True
2021-09-03,49.418033668658389,49.452958874375689,46.903481608871857,47.086833953857422,5,0,0,2021-08-30,2021-09-03,0,True,True
2021-09-10,47.051911079294463,47.147953740187944,45.279495790620381,45.323150634765625,4,0,0,2021-09-07,2021-09-10,0,True,True
2021-09-17,45.654925741319651,45.925587727737501,44.065872660342805,44.659587860107422,5,0,0,2021-09-13,2021-09-17,0,True,True
2021-09-24,43.515820160440498,45.523970043828427,42.555400103657512,45.008834838867188,5,0,0,2021-09-20,2021-09-24,0,True,True
2021-10-01,45.436657824506874,47.401155415431994,45.253301918921871,46.205001831054688,5,0,0,2021-09-27,2021-10-01,0,True,True
2021-10-08,46.056557814860504,49.016403203613677,45.98670740808771,48.754470825195312,5,0,0,2021-10-04,2021-10-08,0,True,True
2021-10-15,48.798128423375566,50.378458911779234,47.540852564806251,49.906978607177734,5,0,0,2021-10-11,2021-10-15,0,True,True
2021-10-22,49.828394196502551,52.840631897872257,48.457623611076372,52.133411407470703,5,0,0,2021-10-18,2021-10-22,0,True,True
2021-10-29,52.22945187752974,52.468446106930728,50.97217341667853,51.9854736328125,5,0,0,2021-10-25,2021-10-29,0,True,True
2021-11-05,52.556270576549863,53.109488732674151,51.379569101371423,51.651790618896484,5,0,0,2021-11-01,2021-11-05,0,True,True
2021-11-12,51.950353959559969,53.074371755209171,51.072218597538026,52.758243560791016,5,0,0,2021-11-08,2021-11-12,0,True,True
2021-11-19,52.942639230952153,53.021671334731145,49.491581395453885,50.115055084228516,5,0,0,2021-11-15,2021-11-19,0,True,True
2021-11-26,50.756096364508508,52.090859559107976,49.149114061054668,49.834056854248047,4,0,0,2021-11-22,2021-11-26,0,True,True
2021-12-03,50.404845048742153,50.668284328477363,47.507007197556412,48.191947937011719,5,0,0,2021-11-29,2021-12-03,0,True,True
2021-12-10,48.499295635320813,50.598033523978437,48.069012248527365,49.816493988037109,5,0,0,2021-12-06,2021-12-10,0,True,True
2021-12-17,49.755028988668606,51.599102514916218,49.03496000355473,50.492656707763672,5,0,0,2021-12-13,2021-12-17,0,True,True
2021-12-24,49.772589282372699,51.651794074735662,48.595890678385864,51.0283203125,4,0,0,2021-12-20,2021-12-23,0,True,True
2021-12-31,51.107349105333576,51.792300176334777,50.808781844006447,51.001972198486328,5,0,0,2021-12-27,2021-12-31,0,True,True
2022-01-07,51.458605946727268,54.786725150277746,51.239072639190361,54.734039306640625,5,0,0,2022-01-03,2022-01-07,0,True,True
2022-01-14,55.436548404232155,56.665931802215376,54.400345786055105,55.849269866943359,5,0,0,2022-01-10,2022-01-14,0,True,True
2022-01-21,54.172032857156857,55.515578855510974,49.930656111505598,50.211658477783203,4,0,0,2022-01-18,2022-01-21,0,True,True
2022-01-28,49.21936431313825,53.285126614721186,48.446606172958369,51.654098510742188,5,0,0,2022-01-24,2022-01-28,0,True,True
2022-02-04,51.291967273588575,55.346217479717808,50.832662183145416,54.595432281494141,5,0,0,2022-01-31,2022-02-04,0,True,True
2022-02-11,54.727910734970223,57.086271487533331,54.436430711587647,55.054733276367188,5,0,0,2022-02-07,2022-02-11,0,True,True
2022-02-18,55.072391138828699,55.549369186841879,49.472409500121152,49.799224853515625,5,0,0,2022-02-14,2022-02-18,0,True,True
2022-02-25,49.463576222506276,50.020042398452318,44.702698384569068,48.023834228515625,4,0,0,2022-02-22,2022-02-25,0,True,True
2022-03-04,46.451606222043779,47.255389345288876,43.996095215793538,44.976528167724609,5,0,0,2022-02-28,2022-03-04,0,True,True
2022-03-11,44.50838759296267,47.131730950990864,43.139314789318597,44.163917541503906,5,0,0,2022-03-07,2022-03-11,0,True,True
2022-03-18,44.852865292772577,46.557593107954382,44.119746045294022,46.195449829101562,5,0,0,2022-03-14,2022-03-18,0,True,True
2022-03-25,46.495769492400072,47.220056943926863,45.444659390434168,46.584095001220703,5,0,0,2022-03-21,2022-03-25,0,True,True
2022-04-01,46.628255850135538,47.370212081215769,43.368958819765602,43.678108215332031,5,0,0,2022-03-28,2022-04-01,0,True,True
2022-04-08,43.722263062487762,44.01374643356808,41.469918110769058,42.697669982910156,5,0,0,2022-04-04,2022-04-08,0,True,True
2022-04-15,42.397357344050143,43.254125221647676,41.40808456943499,41.770217895507812,4,0,0,2022-04-11,2022-04-14,0,True,True
2022-04-22,40.277487711282703,42.194204098910291,38.987910615112973,39.049739837646484,5,0,0,2022-04-18,2022-04-22,0,True,True
2022-04-29,38.67875566118483,39.32354173802527,37.355958664246778,37.444988250732422,5,0,0,2022-04-25,2022-04-29,0,True,True
2022-05-06,37.720958990385412,39.928847651995568,37.186795232840829,38.958446502685547,5,0,0,2022-05-02,2022-05-06,0,True,True
2022-05-13,38.504407604251767,39.216627507480176,37.302535784066798,38.691371917724609,5,0,0,2022-05-09,2022-05-13,0,True,True
2022-05-20,38.566718902641156,39.848721423939857,37.783283450146996,38.967353820800781,5,0,0,2022-05-16,2022-05-20,0,True,True
2022-05-27,39.79530224948455,41.379989624023438,38.415381333356542,41.379989624023438,5,0,0,2022-05-23,2022-05-27,0,True,True
2022-06-03,41.11291271158094,41.825132256519211,40.080193132887345,40.587654113769531,4,0,0,2022-05-31,2022-06-03,0,True,True
2022-06-10,41.00607289557859,41.611460243639399,37.872314128034745,38.094882965087891,5,0,0,2022-06-06,2022-06-10,0,True,True
2022-06-17,37.347047595861689,37.801088058266373,35.842485977803804,36.617023468017578,5,0,0,2022-06-13,2022-06-17,0,True,True
2022-06-24,37.605232374524597,38.985152542035564,36.688241355171719,38.815998077392578,4,0,0,2022-06-21,2022-06-24,0,True,True
2022-07-01,38.913927689566556,39.216630163464075,36.590316187893286,37.765476226806641,5,0,0,2022-06-27,2022-07-01,0,True,True
2022-07-08,37.017646192476874,37.952437736582908,36.483479009598923,37.293632507324219,4,0,0,2022-07-05,2022-07-08,0,True,True
2022-07-15,36.901914603703787,38.949540478806462,35.41514977065367,38.646846771240234,5,0,0,2022-07-11,2022-07-15,0,True,True
2022-07-22,39.109795196707182,39.537126944054435,37.854507127583751,38.358985900878906,5,0,0,2022-07-18,2022-07-22,0,True,True
2022-07-29,38.745079351052759,39.131197561407205,37.658601256064507,39.023445129394531,5,0,0,2022-07-25,2022-07-29,0,True,True
2022-08-05,38.65529858494385,39.436477353194562,38.233274125867332,39.059356689453125,5,0,0,2022-08-01,2022-08-05,0,True,True
2022-08-12,39.328729243952679,40.343373156164432,38.430811470995572,40.316436767578125,5,0,0,2022-08-08,2022-08-12,0,True,True
2022-08-19,39.82258168509005,40.810293099441466,39.14914555961785,39.409542083740234,5,0,0,2022-08-15,2022-08-19,0,True,True
2022-08-26,38.789975936281742,39.373622159958664,37.703500983237369,37.712478637695312,5,0,0,2022-08-22,2022-08-26,0,True,True
2022-09-02,37.505963655473806,38.044708955544969,36.356631188934834,36.922313690185547,5,0,0,2022-08-29,2022-09-02,0,True,True
2022-09-09,37.164752343206693,39.78666929895023,36.419483650813547,39.634021759033203,4,0,0,2022-09-06,2022-09-09,0,True,True
2022-09-16,39.957277801631598,40.41520472731542,38.861822985294509,39.409542083740234,5,0,0,2022-09-12,2022-09-16,0,True,True
2022-09-23,39.023450589422673,39.975243320364562,35.315051352006165,36.069297790527344,5,0,0,2022-09-19,2022-09-23,0,True,True
2022-09-30,35.755019391915816,36.168059982363665,34.390185628723138,34.587734222412109,5,0,0,2022-09-26,2022-09-30,0,True,True
2022-10-07,34.919955231861536,37.326378976976294,34.506914663885645,35.449729919433594,5,0,0,2022-10-03,2022-10-07,0,True,True
2022-10-14,35.728087520282365,35.853795244108873,32.522526861592176,34.488967895507812,5,0,0,2022-10-10,2022-10-14,0,True,True
2022-10-21,35.449727728464318,37.281484110648371,34.219583913498866,36.123165130615234,5,0,0,2022-10-17,2022-10-21,0,True,True
2022-10-28,36.302760478360838,38.522019640724281,36.123176512551396,38.340824127197266,5,0,0,2022-10-24,2022-10-28,0,True,True
2022-11-04,37.987494301239657,39.201506113084811,37.262715433039233,38.494842529296875,5,0,0,2022-10-31,2022-11-04,0,True,True
2022-11-11,38.784752171941506,40.497044737846572,38.087157582337504,40.333969116210938,5,0,0,2022-11-07,2022-11-11,0,True,True
2022-11-18,40.161837670504298,40.741669547105772,38.929710239612788,40.370220184326172,5,0,0,2022-11-14,2022-11-18,0,True,True
2022-11-25,40.243366999765293,41.538907203176727,40.053113272290894,41.375831604003906,4,0,0,2022-11-21,2022-11-25,0,True,True
2022-12-02,40.995327889839714,41.674806049396494,40.080303717796951,40.968147277832031,5,0,0,2022-11-28,2022-12-02,0,True,True
2022-12-09,40.750723482103659,40.968152268618951,38.268357679455555,40.506103515625,5,0,0,2022-12-05,2022-12-09,0,True,True
2022-12-16,40.506106362446936,41.973783541479627,39.455173912309021,39.944400787353516,5,0,0,2022-12-12,2022-12-16,0,True,True
2022-12-23,39.899105873964814,40.832252361094795,39.563881701253244,40.451744079589844,5,0,0,2022-12-19,2022-12-23,0,True,True
2022-12-30,40.596704260534672,41.430201061614213,40.32490924165014,41.239944458007812,4,0,0,2022-12-27,2022-12-30,0,True,True
2023-01-06,41.656686631875878,43.550175582253125,41.466432909780416,43.441459655761719,4,0,0,2023-01-03,2023-01-06,0,True,True
2023-01-13,43.468645936687103,44.999729455909225,43.15154501837511,44.419906616210938,5,0,0,2023-01-09,2023-01-13,0,True,True
2023-01-20,44.36555586564333,45.380245960463817,43.713250474653783,44.950145721435547,4,0,0,2023-01-17,2023-01-20,0,True,True
2023-01-27,44.950144957585643,46.292073057806661,44.62151027170686,45.698699951171875,5,0,0,2023-01-23,2023-01-27,0,True,True
2023-02-03,45.360939440571649,46.794152726463977,45.242270157445795,45.853893280029297,5,0,0,2023-01-30,2023-02-03,0,True,True
2023-02-10,45.516132615744247,47.679652028945668,45.41571540139838,46.921955108642578,5,0,0,2023-02-06,2023-02-10,0,True,True
2023-02-17,46.894577268704232,47.707034780642807,46.529423894362921,47.013248443603516,5,0,0,2023-02-13,2023-02-17,0,True,True
2023-02-24,46.739381579353712,46.830668039698494,45.333544511337436,46.063846588134766,4,0,0,2023-02-21,2023-02-24,0,True,True
2023-03-03,46.529426543963105,47.104525410711972,45.269649421992021,46.858051300048828,5,0,0,2023-02-27,2023-03-03,0,True,True
2023-03-10,46.912835763515432,47.323631874353438,42.430587457508508,43.188278198242188,5,0,0,2023-03-06,2023-03-10,0,True,True
2023-03-17,41.864609498388212,42.193249387083327,38.614768183770991,38.870376586914062,5,0,0,2023-03-13,2023-03-17,0,True,True
2023-03-24,39.418100182044078,41.49946496125618,37.948361491416826,39.025558471679688,5,0,0,2023-03-20,2023-03-24,0,True,True
2023-03-31,39.856282130475151,41.800704352576091,39.244655100202294,41.481201171875,5,0,0,2023-03-27,2023-03-31,0,True,True
2023-04-07,41.481200949633262,41.618134128017587,40.239695135793511,40.942600250244141,4,0,0,2023-04-03,2023-04-06,0,True,True
2023-04-14,40.942594977925623,43.12438669619106,40.823923292841712,42.321052551269531,5,0,0,2023-04-10,2023-04-14,0,True,True
2023-04-21,39.883662183966194,41.490333432668862,38.742564008250518,40.212299346923828,5,0,0,2023-04-17,2023-04-21,0,True,True
2023-04-28,40.21230053256614,40.321844986507408,38.057902871939419,39.226802825927734,5,0,0,2023-04-24,2023-04-28,0,True,True
2023-05-05,39.447851083406739,39.595216245308379,36.620274718856088,37.918933868408203,5,0,0,2023-05-01,2023-05-05,0,True,True
2023-05-12,38.250507373918204,38.766289910407757,36.666329345710857,36.979480743408203,5,0,0,2023-05-08,2023-05-12,0,True,True
2023-05-19,37.126851066346511,38.489980216437822,36.518970274492354,37.661048889160156,5,0,0,2023-05-15,2023-05-19,0,True,True
2023-05-26,37.799206232080579,38.361036761899008,36.924221850208696,37.559734344482422,5,0,0,2023-05-22,2023-05-26,0,True,True
2023-06-02,37.578155190649262,39.751788114317904,36.749222538162172,39.364955902099609,4,0,0,2023-05-30,2023-06-02,0,True,True
2023-06-09,39.47548204432001,40.949138663071643,38.932072336014862,40.9215087890625,5,0,0,2023-06-05,2023-06-09,0,True,True
2023-06-16,40.838613934385727,41.55701728149581,39.917580695913756,41.124134063720703,5,0,0,2023-06-12,2023-06-16,0,True,True
2023-06-23,40.94913468928037,41.004400817095636,39.088650867443491,39.457065582275391,4,0,0,2023-06-20,2023-06-23,0,True,True
2023-06-30,39.558376361465889,41.207022940017112,39.355747934598298,41.00439453125,5,0,0,2023-06-26,2023-06-30,0,True,True
2023-07-07,41.096497823238273,41.741221725502861,39.807057821574233,40.875450134277344,4,0,0,2023-07-03,2023-07-07,0,True,True
2023-07-14,40.663619822546188,42.091220360017438,38.757080968305338,39.171543121337891,5,0,0,2023-07-10,2023-07-14,0,True,True
2023-07-21,39.29127360560102,42.883301794570734,39.217592781413316,41.446495056152344,5,0,0,2023-07-17,2023-07-21,0,True,True
2023-07-28,41.492543391177684,42.733316383910427,41.216236182046551,41.813026428222656,5,0,0,2023-07-24,2023-07-28,0,True,True
2023-08-04,42.036128966469924,42.854154122372691,41.283160627110171,42.194145202636719,5,0,0,2023-07-31,2023-08-04,0,True,True
2023-08-11,42.380074849142765,43.235297291136185,41.775839398551717,42.770500183105469,5,0,0,2023-08-07,2023-08-11,0,True,True
2023-08-18,42.631065818626674,42.668250328874294,40.558076050935007,40.920616149902344,5,0,0,2023-08-14,2023-08-18,0,True,True
2023-08-25,40.911318610944093,41.236678378412023,39.74003814522105,40.651031494140625,5,0,0,2023-08-21,2023-08-25,0,True,True
2023-09-01,40.883432181309352,42.538107162787284,40.864839926487001,42.2220458984375,5,0,0,2023-08-28,2023-09-01,0,True,True
2023-09-08,42.20344750786856,42.686831875541138,41.143710172623727,41.627098083496094,4,0,0,2023-09-05,2023-09-08,0,True,True
2023-09-15,42.064014817874529,43.002902509981844,41.599224157170909,42.026828765869141,5,0,0,2023-09-11,2023-09-15,0,True,True
2023-09-22,41.887390486677049,41.924571448278115,39.582007752224762,39.693557739257812,5,0,0,2023-09-18,2023-09-22,0,True,True
2023-09-29,39.451861345201188,40.316379067018893,38.959182083637586,39.647075653076172,5,0,0,2023-09-25,2023-09-29,0,True,True
2023-10-06,39.591301974621928,39.674965351144664,37.84366741772989,39.182277679443359,5,0,0,2023-10-02,2023-10-06,0,True,True
2023-10-13,38.70818937379434,39.609890925040169,37.908740575560792,38.280582427978516,5,0,0,2023-10-09,2023-10-13,0,True,True
2023-10-20,38.615234870069784,41.004280593022273,36.867599646871938,38.726776123046875,5,0,0,2023-10-16,2023-10-20,0,True,True
2023-10-27,38.624521688217264,39.936326765560878,38.37353358300188,39.091213226318359,5,0,0,2023-10-23,2023-10-27,0,True,True
2023-11-03,39.532546412840816,42.753371170891747,39.250842512775286,42.490447998046875,5,0,0,2023-10-30,2023-11-03,0,True,True
2023-11-10,42.556169085987577,43.204101259457019,41.617158599601382,42.875442504882812,5,0,0,2023-11-06,2023-11-10,0,True,True
2023-11-17,42.556171310275914,44.321521759033203,42.462271217069393,44.321521759033203,5,0,0,2023-11-13,2023-11-17,0,True,True
2023-11-24,44.35908333829861,44.575063886953586,43.861409274377529,44.462379455566406,4,0,0,2023-11-20,2023-11-24,0,True,True
2023-12-01,44.24640505872339,45.992967843242333,43.955312574519766,45.739433288574219,5,0,0,2023-11-27,2023-12-01,0,True,True
2023-12-08,45.354442528212232,46.331008983795009,44.584440181169199,46.068092346191406,5,0,0,2023-12-04,2023-12-08,0,True,True
2023-12-15,46.152605697047122,48.819411692503195,46.152605697047122,48.481365203857422,5,0,0,2023-12-11,2023-12-15,0,True,True
2023-12-22,48.875744684923568,48.903917579168279,47.767710282156635,48.331123352050781,5,0,0,2023-12-18,2023-12-22,0,True,True
2023-12-29,48.302951868883952,49.129285238624512,48.218440337882711,48.875740051269531,4,0,0,2023-12-26,2023-12-29,0,True,True
2024-01-05,48.828792559490665,49.542445797963836,48.631598820200793,49.195011138916016,4,0,0,2024-01-02,2024-01-05,0,True,True
2024-01-12,49.204402999846231,51.908762659502997,48.91330696820998,51.504985809326172,5,0,0,2024-01-08,2024-01-12,0,True,True
2024-01-19,51.645839066742809,52.225692874171223,50.697446208539517,52.083751678466797,4,0,0,2024-01-16,2024-01-19,0,True,True
2024-01-26,52.149992444464971,52.831321730986225,51.572760807212475,52.358177185058594,5,0,0,2024-01-22,2024-01-26,0,True,True
2024-02-02,52.197312152376156,53.399095140758995,51.743089984620497,52.642066955566406,5,0,0,2024-01-29,2024-02-02,0,True,True
2024-02-09,52.301399893155434,52.471739212767233,51.724169844921462,52.254085540771484,5,0,0,2024-02-05,2024-02-09,0,True,True
2024-02-16,52.159454325643352,53.039503479864045,50.531845664964251,52.187843322753906,5,0,0,2024-02-12,2024-02-16,0,True,True
2024-02-23,51.137464001548103,53.048970722441545,51.127999089024811,52.651527404785156,4,0,0,2024-02-20,2024-02-23,0,True,True
2024-03-01,52.358180840614551,53.228764364538698,52.206765804720106,52.509586334228516,5,0,0,2024-02-26,2024-03-01,0,True,True
2024-03-08,52.197309183136923,53.332852876366083,52.045903638748023,52.490653991699219,5,0,0,2024-03-04,2024-03-08,0,True,True
2024-03-15,52.083753919277498,52.888098225627161,50.97659379948508,51.487590789794922,5,0,0,2024-03-11,2024-03-15,0,True,True
2024-03-22,51.638998325384662,54.364309757828501,51.298333655803489,53.436946868896484,5,0,0,2024-03-18,2024-03-22,0,True,True
2024-03-29,53.522115302977504,54.780675492461185,53.3896317905334,54.525177001953125,4,0,0,2024-03-25,2024-03-28,0,True,True
2024-04-05,54.373775542020439,55.149727782300431,53.058428288608425,53.69244384765625,5,0,0,2024-04-01,2024-04-05,0,True,True
2024-04-12,53.910091357139734,54.335923935916789,51.724167546514273,52.093219757080078,5,0,0,2024-04-08,2024-04-12,0,True,True
2024-04-19,52.812394658868747,53.38017433073616,49.812655672430992,53.266620635986328,5,0,0,2024-04-15,2024-04-19,0,True,True
2024-04-26,53.673519800271862,54.999495572665516,53.295002710050717,54.637279510498047,5,0,0,2024-04-22,2024-04-26,0,True,True
2024-05-03,54.704001959748922,55.113877160780405,53.455326720949344,54.332260131835938,5,0,0,2024-04-29,2024-05-03,0,True,True
2024-05-10,54.808859309278304,55.990822846677993,54.313196145272578,55.704860687255859,5,0,0,2024-05-06,2024-05-10,0,True,True
2024-05-17,55.86690341547596,56.762911070940646,55.104351859896546,56.715251922607422,5,0,0,2024-05-13,2024-05-17,0,True,True
2024-05-24,56.734320407188335,56.905896262509124,55.390305312193142,56.324447631835938,5,0,0,2024-05-20,2024-05-24,0,True,True
2024-05-31,56.219596858972338,56.896360419502898,54.580091429568824,56.820106506347656,4,0,0,2024-05-28,2024-05-31,0,True,True
2024-06-07,56.801035362844431,57.830494719359393,55.666738090727812,57.487346649169922,5,0,0,2024-06-03,2024-06-07,0,True,True
2024-06-14,57.115595277672092,58.021133674661741,55.009027536317674,55.304515838623047,5,0,0,2024-06-10,2024-06-14,0,True,True
2024-06-21,55.113880642020725,56.362575486895551,54.503834807392202,56.06707763671875,4,0,0,2024-06-17,2024-06-21,0,True,True
2024-06-28,56.229125116768891,57.258573827612125,55.466560793631686,57.086997985839844,5,0,0,2024-06-24,2024-06-28,0,True,True
2024-07-05,57.658923252083717,58.059275395171916,56.867768053471828,57.077472686767578,4,0,0,2024-07-01,2024-07-05,0,True,True
2024-07-12,57.229986263554252,61.891118897604322,56.41976610080799,61.662353515625,5,0,0,2024-07-08,2024-07-12,0,True,True
2024-07-19,61.624225914482118,62.825256919326179,59.727352352973483,59.755947113037109,5,0,0,2024-07-15,2024-07-19,0,True,True
2024-07-26,59.890412476409928,63.251806016184602,59.62150224195112,62.762001037597656,5,0,0,2024-07-22,2024-07-26,0,True,True
2024-08-02,62.665951433036376,63.030903730546505,60.159321205114992,60.620311737060547,5,0,0,2024-07-29,2024-08-02,0,True,True
2024-08-09,59.160508479220482,61.282987705376556,58.517043652324368,61.254173278808594,5,0,0,2024-08-05,2024-08-09,0,True,True
2024-08-16,61.340603335094322,63.126950049286727,60.341795494645837,63.011699676513672,5,0,0,2024-08-12,2024-08-16,0,True,True
2024-08-23,63.040512586363199,63.895269159831649,62.435461795756254,63.770420074462891,5,0,0,2024-08-19,2024-08-23,0,True,True
2024-08-30,63.962496188795022,65.662409850418854,63.818435043942728,65.518348693847656,5,0,0,2024-08-26,2024-08-30,0,True,True
2024-09-06,65.163006843385489,65.88328787527125,63.597543740037153,63.780021667480469,4,0,0,2024-09-03,2024-09-06,0,True,True
2024-09-13,64.365848945113655,66.978146652937497,63.395870857635579,65.979331970214844,5,0,0,2024-09-09,2024-09-13,0,True,True
2024-09-20,66.267454579518997,69.110224147502024,66.267454579518997,68.97576904296875,5,0,0,2024-09-16,2024-09-20,0,True,True
2024-09-27,69.984197634096333,70.291524669108398,68.485949677132808,68.860504150390625,5,0,0,2024-09-23,2024-09-27,0,True,True
2024-10-04,68.524385714533437,69.177455803654027,67.62160634924372,69.129440307617188,5,0,0,2024-09-30,2024-10-04,0,True,True
2024-10-11,69.148658178702235,73.134296647799502,68.994990976778041,71.2135009765625,5,0,0,2024-10-07,2024-10-11,0,True,True
2024-10-18,71.808943970448254,74.939839166735823,71.501616951752666,73.633697509765625,5,0,0,2024-10-14,2024-10-18,0,True,True
2024-10-25,73.633700757219316,74.145864097883134,72.628727285083841,72.667373657226562,5,0,0,2024-10-21,2024-10-25,0,True,True
2024-11-01,73.169870757932856,74.493724250677445,72.503095497066056,72.773674011230469,5,0,0,2024-10-28,2024-11-01,0,True,True
2024-11-08,72.812324519366172,77.585961166961937,71.797691354334034,74.464736938476562,5,0,0,2024-11-04,2024-11-08,0,True,True
2024-11-15,75.363417638228142,76.465023644930085,74.812607980245033,75.6533203125,5,0,0,2024-11-11,2024-11-15,0,True,True
2024-11-22,75.479375672067704,77.527982295886488,74.532383735596355,77.441009521484375,5,0,0,2024-11-18,2024-11-22,0,True,True
2024-11-29,77.788889292809046,79.934119027500543,77.556964335346052,79.112747192382812,4,0,0,2024-11-25,2024-11-29,0,True,True
2024-12-06,79.334997947027077,79.479947654320981,77.2090923463889,77.798545837402344,5,0,0,2024-12-02,2024-12-06,0,True,True
2024-12-13,78.629586181517382,78.84217072696778,75.904563885706111,76.175132751464844,5,0,0,2024-12-09,2024-12-13,0,True,True
2024-12-20,76.387713806510234,76.870874532996837,73.227848632224195,75.005882263183594,5,0,0,2024-12-16,2024-12-20,0,True,True
2024-12-27,74.348777793654079,75.846580516097347,74.232816560782396,74.957557678222656,4,0,0,2024-12-23,2024-12-27,0,True,True
2025-01-03,74.155512273257273,75.3054395956311,73.575716478576865,74.339111328125,4,0,0,2024-12-30,2025-01-03,0,True,True
2025-01-10,75.160499550350835,76.039855823303029,72.850978270043612,72.879966735839844,4,0,0,2025-01-06,2025-01-10,0,True,True
2025-01-17,72.619054751941377,80.852123858315323,72.387139680011188,80.48492431640625,5,0,0,2025-01-13,2025-01-17,0,True,True
2025-01-24,80.533239327588007,83.432198745205284,80.533239327588007,82.900726318359375,4,0,0,2025-01-21,2025-01-24,0,True,True
2025-01-31,82.784123453574452,85.213237634255961,82.317738160275425,83.493431091308594,5,0,0,2025-01-27,2025-01-31,0,True,True
2025-02-07,82.210858359426155,84.513658338552958,81.375243327436877,83.707191467285156,5,0,0,2025-02-03,2025-02-07,0,True,True
2025-02-14,83.707186922392864,85.747636268600559,81.948511241298675,85.349258422851562,5,0,0,2025-02-10,2025-02-14,0,True,True
2025-02-21,86.350070899002588,86.903908105476347,83.580878644054039,84.776008605957031,4,0,0,2025-02-18,2025-02-21,0,True,True
2025-02-28,84.99948716412365,86.427803039550781,83.42542076644807,86.427803039550781,5,0,0,2025-02-24,2025-02-28,0,True,True
2025-03-07,87.049647876406652,87.778381424525932,81.511271190815037,83.405975341796875,5,0,0,2025-03-03,2025-03-07,0,True,True
2025-03-14,81.472408030402576,84.125001369317289,76.993127573505063,79.431953430175781,5,0,0,2025-03-10,2025-03-14,0,True,True
2025-03-21,79.373665488767955,82.045692827370928,79.130754290590133,81.180915832519531,5,0,0,2025-03-17,2025-03-21,0,True,True
2025-03-28,82.201138711075416,83.629445751488731,80.141256709202693,80.364730834960938,5,0,0,2025-03-24,2025-03-28,0,True,True
2025-04-04,79.490251041603784,82.152553675966132,70.862055112855003,71.231277465820312,5,0,0,2025-03-31,2025-04-04,0,True,True
2025-04-11,69.317128122883361,77.887051065217008,68.46208347059536,75.467636108398438,5,0,0,2025-04-07,2025-04-11,0,True,True
2025-04-18,75.807721799742382,76.81822661345835,73.077397461826706,74.17535400390625,4,0,0,2025-04-14,2025-04-17,0,True,True
2025-04-25,73.706067371664574,77.900261861043418,71.90716970430627,76.893257141113281,5,0,0,2025-04-21,2025-04-25,0,True,True
2025-05-02,77.18656092909174,81.449178096884935,76.032905868386948,80.305313110351562,5,0,0,2025-04-28,2025-05-02,0,True,True
2025-05-09,79.650273333883504,84.450592194378004,79.308093917734013,83.991096496582031,5,0,0,2025-05-05,2025-05-09,0,True,True
2025-05-16,85.99530961821911,88.478585178035445,84.587471315710744,88.058189392089844,5,0,0,2025-05-12,2025-05-16,0,True,True
2025-05-23,87.637787481966214,88.605672611187373,85.917094798033489,87.100067138671875,5,0,0,2025-05-19,2025-05-23,0,True,True
2025-05-30,87.549803133712246,88.253714859322898,85.995307742815541,86.630790710449219,4,0,0,2025-05-27,2025-05-30,0,True,True
2025-06-06,86.229946770269194,88.371033215808581,85.838887205692117,88.302597045898438,5,0,0,2025-06-02,2025-06-06,0,True,True
2025-06-13,88.292814008160832,88.47857251412573,86.220179147721311,86.621017456054688,5,0,0,2025-06-09,2025-06-13,0,True,True
2025-06-20,87.246716018039166,90.570776444850054,86.816549015216069,89.573562622070312,4,0,0,2025-06-16,2025-06-20,0,True,True
2025-06-27,88.95763712580758,89.720204910651631,85.457605995126698,89.143386840820312,5,0,0,2025-06-23,2025-06-27,0,True,True
2025-07-04,89.632226927634079,90.77609558137334,87.637793856034051,90.365478515625,4,0,0,2025-06-30,2025-07-03,0,True,True
2025-07-11,90.600105591628946,91.831966753950979,90.404575808670373,91.626663208007812,5,0,0,2025-07-07,2025-07-11,0,True,True
2025-07-18,91.597329071060486,96.827830951311995,91.284481620905993,96.632293701171875,5,0,0,2025-07-14,2025-07-18,0,True,True
2025-07-25,96.49541656308611,99.427606749309476,95.820833595810498,99.19171142578125,5,0,0,2025-07-21,2025-07-25,0,True,True
2025-08-01,99.191719457109443,101.39335324953866,96.714873812681248,98.100723266601562,5,0,0,2025-07-28,2025-08-01,0,True,True
2025-08-08,98.739589142652065,102.19931217500144,98.513520864029218,101.32454681396484,5,0,0,2025-08-04,2025-08-08,0,True,True
2025-08-15,101.40317887555622,102.68092041923038,98.366094408909603,99.270339965820312,5,0,0,2025-08-11,2025-08-15,0,True,True
2025-08-22,99.181885139806326,101.36385850023636,97.963116104400683,100.78396606445312,5,0,0,2025-08-18,2025-08-22,0,True,True
2025-08-29,100.54808509686873,104.74495458294611,99.968185122867126,103.79156494140625,5,0,0,2025-08-25,2025-08-29,0,True,True
2025-09-05,102.74971112712875,104.24368427326665,101.13780424006076,101.91427612304688,4,0,0,2025-09-02,2025-09-05,0,True,True
2025-09-12,102.06169920788105,104.69580252702495,100.87243018158915,104.656494140625,5,0,0,2025-09-08,2025-09-12,0,True,True
2025-09-19,105.17742653802756,107.33974208478934,102.97577023865533,106.84830474853516,5,0,0,2025-09-15,2025-09-19,0,True,True
2025-09-26,106.10131404687647,108.97131591026404,105.43295899387891,107.65425872802734,5,0,0,2025-09-22,2025-09-26,0,True,True
2025-10-03,108.18501061060601,108.85337124223783,103.90950995195199,104.77443695068359,5,0,0,2025-09-29,2025-10-03,0,True,True
2025-10-10,104.98084289186718,105.6885158124702,102.58262320314554,102.74971008300781,5,0,0,2025-10-06,2025-10-10,0,True,True
2025-10-17,103.74242013874664,108.30295586314971,101.34421634056768,104.16506958007812,5,0,0,2025-10-13,2025-10-17,0,True,True
2025-10-24,104.69581150020203,107.18249083184187,103.55567598844007,106.14063262939453,5,0,0,2025-10-20,2025-10-24,0,True,True
2025-10-31,106.84191542107838,107.58270753899332,105.17267101217394,106.60486602783203,5,0,0,2025-10-27,2025-10-31,0,True,True
2025-11-07,106.69375131515382,108.3234918494402,104.95536898639261,108.29386138916016,5,0,0,2025-11-03,2025-11-07,0,True,True
2025-11-14,108.20498690805711,112.34352727610364,108.10620864406636,109.12355804443359,5,0,0,2025-11-10,2025-11-14,0,True,True
2025-11-21,109.10379624341866,109.3704854645991,104.1256742086117,105.12327575683594,5,0,0,2025-11-17,2025-11-21,0,True,True
2025-11-28,105.29118828941743,111.34593317388138,104.19481601044157,110.72366333007812,4,0,0,2025-11-24,2025-11-28,0,True,True
2025-12-05,110.39771554644378,113.548547988444,110.06189358952676,112.62008666992188,5,0,0,2025-12-01,2025-12-05,0,True,True
2025-12-12,112.98554587151399,117.93403873162123,112.38303470523834,115.59313201904297,5,0,0,2025-12-08,2025-12-12,0,True,True
2025-12-19,116.11663396226824,116.5709853268816,112.05709091191716,114.41774749755859,5,0,0,2025-12-15,2025-12-19,0,True,True
2025-12-26,114.96099900721411,116.97594493559357,114.6152977060116,116.02773284912109,4,0,0,2025-12-22,2025-12-26,0,True,True
2026-01-02,116.16601335999511,116.5512244311045,113.89424929092301,115.60301208496094,4,0,0,2025-12-29,2026-01-02,0,True,True
2026-01-09,116.05737142021518,120.85770244947513,115.71167011887407,117.57846069335938,5,0,0,2026-01-05,2026-01-09,0,True,True
2026-01-16,117.58834013892438,124.34435430682397,117.04508987206444,119.84034729003906,5,0,0,2026-01-12,2026-01-16,0,True,True
2026-01-23,118.36862789340312,120.32432488099394,116.42263268626198,116.68058013916016,4,0,0,2026-01-20,2026-01-23,0,True,True
2026-01-30,117.20638663631867,120.61920756074201,116.75002273903074,118.97232818603516,5,0,0,2026-01-26,2026-01-30,0,True,True
2026-02-06,118.95247830348471,123.47644033140823,116.89883694896179,123.33754730224609,5,0,0,2026-02-02,2026-02-06,0,True,True
2026-02-13,123.24826824969482,127.74245669982044,111.9383530567047,116.80954742431641,5,0,0,2026-02-09,2026-02-13,0,True,True
2026-02-20,117.0675021581296,119.58742831842349,115.62895698899871,117.25600433349609,4,0,0,2026-02-17,2026-02-20,0,True,True
2026-02-27,116.75002575895125,122.16687172040386,113.20823948013005,118.15880584716797,5,0,0,2026-02-23,2026-02-27,0,True,True
2026-03-06,116.08532018342005,119.45845289472661,111.2637274648911,114.31938934326172,5,0,0,2026-03-02,2026-03-06,0,True,True
2026-03-13,112.25582743821187,117.11710108095993,110.82720469501082,115.251953125,5,0,0,2026-03-09,2026-03-13,0,True,True
2026-03-20,116.19445569072982,117.11710661899123,112.04748670134393,114.03167724609375,5,0,0,2026-03-16,2026-03-20,0,True,True
2026-03-27,116.01587854424565,118.72430310249641,113.39674292877444,113.75389862060547,5,0,0,2026-03-23,2026-03-27,0,True,True
2026-04-03,114.7955934502215,121.4624882125817,113.49594823073338,121.16485595703125,4,0,0,2026-03-30,2026-04-02,0,True,True
2026-04-10,121.21446920327658,127.70278922128931,121.20454610922644,126.55194854736328,5,0,0,2026-04-06,2026-04-10,0,True,True
2026-04-17,125.74835145405693,136.45308434956033,125.42095747984038,134.03237915039062,5,0,0,2026-04-13,2026-04-17,0,True,True
2026-04-24,133.6950518611639,138.05035374657029,132.67319110186165,132.99067687988281,5,0,0,2026-04-20,2026-04-24,0,True,True
2026-05-01,132.81136471412114,135.40107421054088,130.38104174851063,133.2496337890625,5,0,0,2026-04-27,2026-05-01,0,True,True
2026-05-08,132.81136574884241,134.16598739805741,129.64398706847822,129.98263549804688,5,0,0,2026-05-04,2026-05-08,0,True,True
2026-05-15,129.94280129709387,137.24373351848212,129.71370218353843,134.48472595214844,5,0,0,2026-05-11,2026-05-15,0,True,True
2026-05-22,134.53452033056467,140.22188573114357,133.85720829726628,138.59834289550781,5,0,0,2026-05-18,2026-05-22,0,True,True
2026-05-29,139.01668588364515,141.08842640657249,137.46285303308727,138.87722778320312,4,0,0,2026-05-26,2026-05-29,0,True,True
2026-06-05,138.05053190240383,144.4052212046804,136.95488672925134,141.82550048828125,5,0,0,2026-06-01,2026-06-05,0,True,True
2026-06-12,142.42312039854605,144.44508043448386,139.12623884398923,143.40919494628906,5,0,0,2026-06-08,2026-06-12,0,True,True
2026-06-19,145.42118283991226,147.54275268092653,141.48685531355696,143.06059265136719,4,0,0,2026-06-15,2026-06-18,0,True,True
2026-06-26,144.45502238086758,147.91127965293376,141.21791793636154,142.99085998535156,5,0,0,2026-06-22,2026-06-26,0,True,True
2026-07-03,143.91717108346691,147.41326072278082,142.931090493,146.03872680664062,4,0,0,2026-06-29,2026-07-02,0,True,True
2026-07-10,146.89531473364039,154.46518416212226,146.31761230628024,151.31771850585938,5,0,0,2026-07-06,2026-07-10,0,True,True
2026-07-17,151.42728489857811,163.1207417987554,149.3555291109725,156.50706481933594,5,0,0,2026-07-13,2026-07-17,0,True,True
2026-07-24,157.60269527845838,160.01309889352098,155.87956173116049,158.28001403808594,5,0,0,2026-07-20,2026-07-24,0,True,True
2026-07-31,158.85000610351562,160.25,151.67999267578125,156.33000183105469,5,0,0,2026-07-27,2026-07-31,0,True,True
2026-08-07,156.33000183105469,160.00999450683594,154.1199951171875,157.61000061035156,5,0,0,2026-08-03,2026-08-07,0,True,True
2026-08-14,157.69999694824219,163.66000366210938,157.5,163.24000549316406,5,0,0,2026-08-10,2026-08-14,0,True,True
2026-08-21,163.28999328613281,165.69000244140625,157.14999389648438,158.49000549316406,5,0,0,2026-08-17,2026-08-21,0,True,True
2026-08-28,158.5,164.1300048828125,158.5,162.5,5,0,0,2026-08-24,2026-08-28,0,True,True
2026-09-04,162.25999450683594,165.83999633789062,159.41000366210938,164.83999633789062,5,0,0,2026-08-31,2026-09-04,0,True,True
