week,open,high,low,close,source_rows,bad_hlc,bad_ohlc,first_date,last_date,null_rows,valid_hlc,valid_ohlc
1962-01-05,10.125,10.28125,9.875,9.875,4,0,0,1962-01-02,1962-01-05,0,False,False
1962-01-12,9.890625,10.03125,9.375,10,5,0,0,1962-01-08,1962-01-12,0,True,True
1962-01-19,10,10.03125,9.765625,9.859375,5,0,0,1962-01-15,1962-01-19,0,True,True
1962-01-26,9.859375,9.96875,9.5,9.53125,5,0,0,1962-01-22,1962-01-26,0,True,True
1962-02-02,9.53125,9.65625,9.53125,9.625,5,0,0,1962-01-29,1962-02-02,0,True,True
1962-02-09,9.625,9.65625,9.53125,9.625,5,0,0,1962-02-05,1962-02-09,0,True,True
1962-02-16,9.625,10.03125,9.578125,9.890625,5,0,0,1962-02-12,1962-02-16,0,True,True
1962-02-23,9.890625,9.96875,9.8125,9.8125,4,0,0,1962-02-19,1962-02-23,0,True,True
1962-03-02,9.8125,9.84375,9.703125,9.8125,5,0,0,1962-02-26,1962-03-02,0,True,True
1962-03-09,9.8125,10.0625,9.734375,10.0625,5,0,0,1962-03-05,1962-03-09,0,True,True
1962-03-16,10.09375,10.140625,10.0625,10.09375,5,0,0,1962-03-12,1962-03-16,0,True,True
1962-03-23,10.09375,10.1875,10.09375,10.1875,5,0,0,1962-03-19,1962-03-23,0,True,True
1962-03-30,10.1875,10.34375,10.125,10.125,5,0,0,1962-03-26,1962-03-30,0,True,True
1962-04-06,10.09375,10.09375,9.9375,10.03125,5,0,0,1962-04-02,1962-04-06,0,True,True
1962-04-13,10.03125,10.0625,9.875,9.9375,5,0,0,1962-04-09,1962-04-13,0,True,True
1962-04-20,9.9375,10.0625,9.890625,9.953125,4,0,0,1962-04-16,1962-04-19,0,True,True
1962-04-27,9.953125,10,9.828125,9.828125,5,0,0,1962-04-23,1962-04-27,0,True,True
1962-05-04,9.828125,10.03125,9.40625,9.625,5,0,0,1962-04-30,1962-05-04,0,True,True
1962-05-11,9.640625,9.75,9.390625,9.390625,5,0,0,1962-05-07,1962-05-11,0,True,True
1962-05-18,9.390625,9.6875,9.125,9.609375,5,0,0,1962-05-14,1962-05-18,0,True,True
1962-05-25,9.609375,9.609375,8.875,8.9375,5,0,0,1962-05-21,1962-05-25,0,True,True
1962-06-01,8.75,9.1875,8.15625,9.15625,4,0,0,1962-05-28,1962-06-01,0,True,True
1962-06-08,9.15625,9.21875,8.71875,8.9375,5,0,0,1962-06-04,1962-06-08,0,True,True
1962-06-15,8.9375,8.9375,8.46875,8.75,5,0,0,1962-06-11,1962-06-15,0,True,True
1962-06-22,8.765625,9,8.4375,8.4375,5,0,0,1962-06-18,1962-06-22,0,True,True
1962-06-29,8.4375,8.75,8.3125,8.734375,5,0,0,1962-06-25,1962-06-29,0,True,True
1962-07-06,8.734375,8.9375,8.71875,8.9375,4,0,0,1962-07-02,1962-07-06,0,True,True
1962-07-13,8.9375,9.296875,8.90625,9.171875,5,0,0,1962-07-09,1962-07-13,0,True,True
1962-07-20,9.171875,9.25,9.03125,9.125,5,0,0,1962-07-16,1962-07-20,0,True,True
1962-07-27,9.125,9.359375,9.0625,9.3125,5,0,0,1962-07-23,1962-07-27,0,True,True
1962-08-03,9.3125,9.359375,9.21875,9.25,5,0,0,1962-07-30,1962-08-03,0,True,True
1962-08-10,9.25,9.25,9.125,9.171875,5,0,0,1962-08-06,1962-08-10,0,True,True
1962-08-17,9.15625,9.359375,9.125,9.34375,5,0,0,1962-08-13,1962-08-17,0,True,True
1962-08-24,9.34375,9.859375,9.34375,9.796875,5,0,0,1962-08-20,1962-08-24,0,True,True
1962-08-31,9.796875,9.796875,9.453125,9.484375,5,0,0,1962-08-27,1962-08-31,0,True,True
1962-09-07,9.484375,9.5625,9.375,9.5,4,0,0,1962-09-04,1962-09-07,0,True,True
1962-09-14,9.546875,9.65625,9.4375,9.5,5,0,0,1962-09-10,1962-09-14,0,True,True
1962-09-21,9.5,9.640625,9.421875,9.421875,5,0,0,1962-09-17,1962-09-21,0,True,True
1962-09-28,9.421875,9.4375,9.125,9.296875,5,0,0,1962-09-24,1962-09-28,0,True,True
1962-10-05,9.234375,9.328125,9.140625,9.3125,5,0,0,1962-10-01,1962-10-05,0,True,True
1962-10-12,9.3125,9.40625,9.25,9.296875,5,0,0,1962-10-08,1962-10-12,0,True,True
1962-10-19,9.296875,9.359375,9.0625,9.0625,5,0,0,1962-10-15,1962-10-19,0,True,True
1962-10-26,8.96875,8.96875,8.5,8.796875,5,0,0,1962-10-22,1962-10-26,0,True,True
1962-11-02,8.9375,9.15625,8.875,9.15625,5,0,0,1962-10-29,1962-11-02,0,True,True
1962-11-09,9.15625,9.375,9.109375,9.375,4,0,0,1962-11-05,1962-11-09,0,True,True
1962-11-16,9.375,9.671875,9.375,9.625,5,0,0,1962-11-12,1962-11-16,0,True,True
1962-11-23,9.625,9.90625,9.609375,9.875,4,0,0,1962-11-19,1962-11-23,0,True,True
1962-11-30,9.875,10.03125,9.875,9.9375,5,0,0,1962-11-26,1962-11-30,0,True,True
1962-12-07,9.9375,9.984375,9.90625,9.96875,5,0,0,1962-12-03,1962-12-07,0,True,True
1962-12-14,9.96875,10.28125,9.953125,10.28125,5,0,0,1962-12-10,1962-12-14,0,True,True
1962-12-21,10.28125,10.40625,10.203125,10.375,5,0,0,1962-12-17,1962-12-21,0,True,True
1962-12-28,10.34375,10.484375,10.25,10.4375,4,0,0,1962-12-24,1962-12-28,0,True,True
1963-01-04,10.4375,10.484375,10.234375,10.4375,4,0,0,1962-12-31,1963-01-04,0,True,True
1963-01-11,10.4375,10.703125,10.4375,10.59375,5,0,0,1963-01-07,1963-01-11,0,True,True
1963-01-18,10.59375,10.703125,10.5,10.671875,5,0,0,1963-01-14,1963-01-18,0,True,True
1963-01-25,10.671875,10.984375,10.59375,10.9375,5,0,0,1963-01-21,1963-01-25,0,True,True
1963-02-01,10.9375,11.03125,10.734375,10.828125,5,0,0,1963-01-28,1963-02-01,0,True,True
1963-02-08,10.828125,10.890625,10.765625,10.875,5,0,0,1963-02-04,1963-02-08,0,True,True
1963-02-15,10.890625,11.1875,10.890625,11.15625,5,0,0,1963-02-11,1963-02-15,0,True,True
1963-02-22,11.15625,11.1875,10.875,10.953125,4,0,0,1963-02-18,1963-02-21,0,True,True
1963-03-01,10.953125,10.96875,10.4375,10.46875,5,0,0,1963-02-25,1963-03-01,0,True,True
1963-03-08,10.46875,10.734375,10.46875,10.640625,5,0,0,1963-03-04,1963-03-08,0,True,True
1963-03-15,10.640625,10.84375,10.609375,10.84375,5,0,0,1963-03-11,1963-03-15,0,True,True
1963-03-22,10.84375,10.921875,10.578125,10.578125,5,0,0,1963-03-18,1963-03-22,0,True,True
1963-03-29,10.59375,10.65625,10.578125,10.609375,5,0,0,1963-03-25,1963-03-29,0,True,True
1963-04-05,10.609375,10.765625,10.59375,10.6875,5,0,0,1963-04-01,1963-04-05,0,True,True
1963-04-12,10.703125,10.796875,10.6875,10.71875,4,0,0,1963-04-08,1963-04-11,0,True,True
1963-04-19,10.734375,10.984375,10.734375,10.921875,5,0,0,1963-04-15,1963-04-19,0,True,True
1963-04-26,10.921875,11,10.84375,10.875,5,0,0,1963-04-22,1963-04-26,0,True,True
1963-05-03,10.875,10.90625,10.734375,10.78125,5,0,0,1963-04-29,1963-05-03,0,True,True
1963-05-10,10.78125,10.828125,10.6875,10.828125,5,0,0,1963-05-06,1963-05-10,0,True,True
1963-05-17,10.828125,10.90625,10.78125,10.78125,5,0,0,1963-05-13,1963-05-17,0,True,True
1963-05-24,10.78125,10.859375,10.765625,10.859375,5,0,0,1963-05-20,1963-05-24,0,True,True
1963-05-31,10.859375,10.859375,10.796875,10.8125,4,0,0,1963-05-27,1963-05-31,0,True,True
1963-06-07,10.8125,10.8125,10.59375,10.625,5,0,0,1963-06-03,1963-06-07,0,True,True
1963-06-14,10.625,10.65625,10.375,10.59375,5,0,0,1963-06-10,1963-06-14,0,True,True
1963-06-21,10.59375,10.65625,10.5,10.5,5,0,0,1963-06-17,1963-06-21,0,True,True
1963-06-28,10.5,10.59375,10.453125,10.484375,5,0,0,1963-06-24,1963-06-28,0,True,True
1963-07-05,10.5,10.75,10.5,10.75,4,0,0,1963-07-01,1963-07-05,0,True,True
1963-07-12,10.75,10.765625,10.65625,10.71875,5,0,0,1963-07-08,1963-07-12,0,True,True
1963-07-19,10.71875,10.78125,10.6875,10.703125,5,0,0,1963-07-15,1963-07-19,0,True,True
1963-07-26,10.703125,10.84375,10.65625,10.796875,5,0,0,1963-07-22,1963-07-26,0,True,True
1963-08-02,10.828125,10.875,10.765625,10.8125,5,0,0,1963-07-29,1963-08-02,0,True,True
1963-08-09,10.8125,10.9375,10.8125,10.890625,5,0,0,1963-08-05,1963-08-09,0,True,True
1963-08-16,10.890625,11.03125,10.84375,11.03125,5,0,0,1963-08-12,1963-08-16,0,True,True
1963-08-23,11.03125,11.109375,10.9375,11.078125,5,0,0,1963-08-19,1963-08-23,0,True,True
1963-08-30,11.078125,11.171875,11,11.15625,5,0,0,1963-08-26,1963-08-30,0,True,True
1963-09-06,11.140625,11.171875,11,11.09375,4,0,0,1963-09-03,1963-09-06,0,True,True
1963-09-13,11.09375,11.125,11,11.046875,5,0,0,1963-09-09,1963-09-13,0,True,True
1963-09-20,11.03125,11.15625,11,11.15625,5,0,0,1963-09-16,1963-09-20,0,True,True
1963-09-27,11.140625,11.140625,10.8125,10.875,5,0,0,1963-09-23,1963-09-27,0,True,True
1963-10-04,10.875,10.9375,10.796875,10.9375,5,0,0,1963-09-30,1963-10-04,0,True,True
1963-10-11,10.9375,10.953125,10.78125,10.921875,5,0,0,1963-10-07,1963-10-11,0,True,True
1963-10-18,10.875,10.875,10.765625,10.78125,5,0,0,1963-10-14,1963-10-18,0,True,True
1963-10-25,10.78125,10.828125,10.625,10.671875,5,0,0,1963-10-21,1963-10-25,0,True,True
1963-11-01,10.671875,10.75,10.5,10.625,5,0,0,1963-10-28,1963-11-01,0,True,True
1963-11-08,10.640625,10.6875,10.515625,10.671875,4,0,0,1963-11-04,1963-11-08,0,True,True
1963-11-15,10.671875,10.875,10.625,10.8125,5,0,0,1963-11-11,1963-11-15,0,True,True
1963-11-22,10.8125,10.859375,10.5,10.5,5,0,0,1963-11-18,1963-11-22,0,True,True
1963-11-29,10.515625,10.734375,10.515625,10.671875,3,0,0,1963-11-26,1963-11-29,0,True,True
1963-12-06,10.671875,10.71875,10.5625,10.671875,5,0,0,1963-12-02,1963-12-06,0,True,True
1963-12-13,10.671875,10.71875,10.59375,10.671875,5,0,0,1963-12-09,1963-12-13,0,True,True
1963-12-20,10.65625,10.65625,10.515625,10.515625,5,0,0,1963-12-16,1963-12-20,0,True,True
1963-12-27,10.515625,10.5625,10.46875,10.5,4,0,0,1963-12-23,1963-12-27,0,True,True
1964-01-03,10.5,10.5625,10.453125,10.484375,4,0,0,1963-12-30,1964-01-03,0,True,True
1964-01-10,10.5,10.59375,10.5,10.578125,5,0,0,1964-01-06,1964-01-10,0,True,True
1964-01-17,10.515625,10.515625,10.40625,10.4375,5,0,0,1964-01-13,1964-01-17,0,True,True
1964-01-24,10.4375,10.703125,10.390625,10.5,5,0,0,1964-01-20,1964-01-24,0,True,True
1964-01-31,10.5,10.625,10.4375,10.515625,5,0,0,1964-01-27,1964-01-31,0,True,True
1964-02-07,10.515625,10.53125,10.390625,10.421875,5,0,0,1964-02-03,1964-02-07,0,True,True
1964-02-14,10.421875,10.453125,10.25,10.296875,5,0,0,1964-02-10,1964-02-14,0,True,True
1964-02-21,10.296875,10.34375,10.203125,10.265625,4,0,0,1964-02-17,1964-02-20,0,True,True
1964-02-28,10.265625,10.609375,10.265625,10.609375,5,0,0,1964-02-24,1964-02-28,0,True,True
1964-03-06,10.609375,10.625,10.4375,10.46875,5,0,0,1964-03-02,1964-03-06,0,True,True
1964-03-13,10.46875,10.53125,10.40625,10.5,5,0,0,1964-03-09,1964-03-13,0,True,True
1964-03-20,10.515625,10.6875,10.515625,10.671875,5,0,0,1964-03-16,1964-03-20,0,True,True
1964-03-27,10.671875,10.859375,10.671875,10.828125,4,0,0,1964-03-23,1964-03-26,0,True,True
1964-04-03,10.828125,10.90625,10.75,10.84375,5,0,0,1964-03-30,1964-04-03,0,True,True
1964-04-10,10.84375,10.859375,10.65625,10.703125,5,0,0,1964-04-06,1964-04-10,0,True,True
1964-04-17,10.703125,10.859375,10.65625,10.828125,5,0,0,1964-04-13,1964-04-17,0,True,True
1964-04-24,10.828125,10.90625,10.78125,10.78125,5,0,0,1964-04-20,1964-04-24,0,True,True
1964-05-01,10.75,10.75,10.59375,10.734375,5,0,0,1964-04-27,1964-05-01,0,True,True
1964-05-08,10.734375,10.75,10.59375,10.671875,5,0,0,1964-05-04,1964-05-08,0,True,True
1964-05-15,10.671875,10.71875,10.515625,10.5625,5,0,0,1964-05-11,1964-05-15,0,True,True
1964-05-22,10.5625,10.609375,10.515625,10.59375,5,0,0,1964-05-18,1964-05-22,0,True,True
1964-05-29,10.59375,10.65625,10.53125,10.546875,4,0,0,1964-05-25,1964-05-28,0,True,True
1964-06-05,10.546875,10.59375,10.421875,10.5,5,0,0,1964-06-01,1964-06-05,0,True,True
1964-06-12,10.6875,11.15625,10.6875,11.09375,5,0,0,1964-06-08,1964-06-12,0,True,True
1964-06-19,11.1875,11.265625,11.15625,11.15625,5,0,0,1964-06-15,1964-06-19,0,True,True
1964-06-26,11.15625,11.328125,11.15625,11.328125,5,0,0,1964-06-22,1964-06-26,0,True,True
1964-07-03,11.328125,11.34375,11.109375,11.3125,4,0,0,1964-06-29,1964-07-02,0,True,True
1964-07-10,11.3125,11.53125,11.25,11.5,5,0,0,1964-07-06,1964-07-10,0,True,True
1964-07-17,11.53125,11.6875,11.53125,11.65625,5,0,0,1964-07-13,1964-07-17,0,True,True
1964-07-24,11.65625,11.671875,11.625,11.625,5,0,0,1964-07-20,1964-07-24,0,True,True
1964-07-31,11.625,11.65625,11.484375,11.578125,5,0,0,1964-07-27,1964-07-31,0,True,True
1964-08-07,11.578125,11.59375,11.3125,11.3125,5,0,0,1964-08-03,1964-08-07,0,True,True
1964-08-14,11.3125,11.34375,11,11.078125,5,0,0,1964-08-10,1964-08-14,0,True,True
1964-08-21,11.078125,11.140625,11.0625,11.109375,5,0,0,1964-08-17,1964-08-21,0,True,True
1964-08-28,11.109375,11.296875,11.078125,11.171875,5,0,0,1964-08-24,1964-08-28,0,True,True
1964-09-04,11.171875,11.34375,11.140625,11.328125,5,0,0,1964-08-31,1964-09-04,0,True,True
1964-09-11,11.34375,11.5625,11.34375,11.5625,4,0,0,1964-09-08,1964-09-11,0,True,True
1964-09-18,11.5625,11.671875,11.53125,11.59375,5,0,0,1964-09-14,1964-09-18,0,True,True
1964-09-25,11.625,11.71875,11.625,11.71875,5,0,0,1964-09-21,1964-09-25,0,True,True
1964-10-02,11.71875,12.015625,11.703125,11.90625,5,0,0,1964-09-28,1964-10-02,0,True,True
1964-10-09,11.90625,12.125,11.90625,12.046875,5,0,0,1964-10-05,1964-10-09,0,True,True
1964-10-16,12.046875,12.046875,11.65625,11.828125,5,0,0,1964-10-12,1964-10-16,0,True,True
1964-10-23,11.875,11.96875,11.671875,11.796875,5,0,0,1964-10-19,1964-10-23,0,True,True
1964-10-30,11.8125,11.859375,11.671875,11.71875,5,0,0,1964-10-26,1964-10-30,0,True,True
1964-11-06,11.703125,11.703125,11.546875,11.578125,4,0,0,1964-11-02,1964-11-06,0,True,True
1964-11-13,11.625,11.65625,11.515625,11.5625,5,0,0,1964-11-09,1964-11-13,0,True,True
1964-11-20,11.5625,11.75,11.515625,11.71875,5,0,0,1964-11-16,1964-11-20,0,True,True
1964-11-27,11.71875,11.71875,11.578125,11.59375,4,0,0,1964-11-23,1964-11-27,0,True,True
1964-12-04,11.59375,11.625,11.40625,11.515625,5,0,0,1964-11-30,1964-12-04,0,True,True
1964-12-11,11.53125,11.90625,11.53125,11.84375,5,0,0,1964-12-07,1964-12-11,0,True,True
1964-12-18,11.875,12.046875,11.78125,11.796875,5,0,0,1964-12-14,1964-12-18,0,True,True
1964-12-25,11.796875,11.8125,11.65625,11.75,4,0,0,1964-12-21,1964-12-24,0,True,True
1965-01-01,11.75,12.078125,11.75,12.0625,4,0,0,1964-12-28,1964-12-31,0,True,True
1965-01-08,12.0625,12.0625,11.890625,11.921875,5,0,0,1965-01-04,1965-01-08,0,True,True
1965-01-15,11.921875,12.03125,11.890625,11.953125,5,0,0,1965-01-11,1965-01-15,0,True,True
1965-01-22,11.953125,12.125,11.921875,12.125,5,0,0,1965-01-18,1965-01-22,0,True,True
1965-01-29,12.125,12.296875,12.0625,12.234375,5,0,0,1965-01-25,1965-01-29,0,True,True
1965-02-05,12.234375,12.265625,12.109375,12.21875,5,0,0,1965-02-01,1965-02-05,0,True,True
1965-02-12,12.15625,12.15625,11.8125,11.90625,5,0,0,1965-02-08,1965-02-12,0,True,True
1965-02-19,11.90625,11.9375,11.65625,11.71875,5,0,0,1965-02-15,1965-02-19,0,True,True
1965-02-26,11.71875,11.8125,11.65625,11.78125,4,0,0,1965-02-23,1965-02-26,0,True,True
1965-03-05,11.78125,11.84375,11.5625,11.59375,5,0,0,1965-03-01,1965-03-05,0,True,True
1965-03-12,11.59375,11.59375,11.40625,11.46875,5,0,0,1965-03-08,1965-03-12,0,True,True
1965-03-19,11.46875,11.53125,11.3125,11.375,5,0,0,1965-03-15,1965-03-19,0,True,True
1965-03-26,11.375,11.46875,11.28125,11.3125,5,0,0,1965-03-22,1965-03-26,0,True,True
1965-04-02,11.34375,11.71875,11.34375,11.65625,5,0,0,1965-03-29,1965-04-02,0,True,True
1965-04-09,11.65625,11.6875,11.4375,11.59375,5,0,0,1965-04-05,1965-04-09,0,True,True
1965-04-16,11.59375,11.8125,11.5625,11.78125,4,0,0,1965-04-12,1965-04-15,0,True,True
1965-04-23,11.78125,11.84375,11.5625,11.625,5,0,0,1965-04-19,1965-04-23,0,True,True
1965-04-30,11.625,11.75,11.5625,11.65625,5,0,0,1965-04-26,1965-04-30,0,True,True
1965-05-07,11.65625,11.75,11.5,11.59375,5,0,0,1965-05-03,1965-05-07,0,True,True
1965-05-14,11.59375,11.625,11.4375,11.46875,5,0,0,1965-05-10,1965-05-14,0,True,True
1965-05-21,11.46875,11.5625,11.40625,11.4375,5,0,0,1965-05-17,1965-05-21,0,True,True
1965-05-28,11.4375,11.46875,11.25,11.34375,5,0,0,1965-05-24,1965-05-28,0,True,True
1965-06-04,11.34375,11.46875,11.21875,11.28125,4,0,0,1965-06-01,1965-06-04,0,True,True
1965-06-11,11.28125,11.46875,11.15625,11.21875,5,0,0,1965-06-07,1965-06-11,0,True,True
1965-06-18,11.21875,11.28125,11,11.1875,5,0,0,1965-06-14,1965-06-18,0,True,True
1965-06-25,11.1875,11.21875,10.96875,11,5,0,0,1965-06-21,1965-06-25,0,True,True
1965-07-02,11,11.125,10.8125,11.125,5,0,0,1965-06-28,1965-07-02,0,True,True
1965-07-09,11.125,11.125,11,11.03125,4,0,0,1965-07-06,1965-07-09,0,True,True
1965-07-16,11.03125,11.1875,10.96875,11,5,0,0,1965-07-12,1965-07-16,0,True,True
1965-07-23,11,11.03125,10.875,10.90625,5,0,0,1965-07-19,1965-07-23,0,True,True
1965-07-30,10.90625,11.03125,10.78125,10.96875,5,0,0,1965-07-26,1965-07-30,0,True,True
1965-08-06,10.96875,11.0625,10.84375,10.875,5,0,0,1965-08-02,1965-08-06,0,True,True
1965-08-13,10.875,10.96875,10.78125,10.875,5,0,0,1965-08-09,1965-08-13,0,True,True
1965-08-20,10.875,11.09375,10.875,11.03125,5,0,0,1965-08-16,1965-08-20,0,True,True
1965-08-27,11.03125,11.0625,10.9375,11.0625,5,0,0,1965-08-23,1965-08-27,0,True,True
1965-09-03,11.0625,11.34375,11.03125,11.28125,5,0,0,1965-08-30,1965-09-03,0,True,True
1965-09-10,11.28125,11.34375,11.1875,11.1875,4,0,0,1965-09-07,1965-09-10,0,True,True
1965-09-17,11.1875,11.25,11.125,11.125,5,0,0,1965-09-13,1965-09-17,0,True,True
1965-09-24,11.125,11.1875,11,11.03125,5,0,0,1965-09-20,1965-09-24,0,True,True
1965-10-01,11.03125,11.0625,10.9375,11.03125,5,0,0,1965-09-27,1965-10-01,0,True,True
1965-10-08,11.03125,11.03125,10.875,10.875,5,0,0,1965-10-04,1965-10-08,0,True,True
1965-10-15,10.875,10.96875,10.84375,10.84375,5,0,0,1965-10-11,1965-10-15,0,True,True
1965-10-22,10.84375,11,10.84375,10.90625,5,0,0,1965-10-18,1965-10-22,0,True,True
1965-10-29,10.90625,11.5625,10.90625,11.4375,5,0,0,1965-10-25,1965-10-29,0,True,True
1965-11-05,11.375,11.375,11.125,11.1875,4,0,0,1965-11-01,1965-11-05,0,True,True
1965-11-12,11.1875,11.21875,10.78125,10.8125,5,0,0,1965-11-08,1965-11-12,0,True,True
1965-11-19,10.8125,10.875,10.75,10.78125,5,0,0,1965-11-15,1965-11-19,0,True,True
1965-11-26,10.78125,10.8125,10.40625,10.46875,4,0,0,1965-11-22,1965-11-26,0,True,True
1965-12-03,10.46875,10.5,10.28125,10.4375,5,0,0,1965-11-29,1965-12-03,0,True,True
1965-12-10,10.4375,10.625,10.3125,10.4375,5,0,0,1965-12-06,1965-12-10,0,True,True
1965-12-17,10.4375,10.5,10.15625,10.1875,5,0,0,1965-12-13,1965-12-17,0,True,True
1965-12-24,10.1875,10.65625,10.125,10.5625,4,0,0,1965-12-20,1965-12-23,0,True,True
1965-12-31,10.5625,10.75,10.3125,10.5625,5,0,0,1965-12-27,1965-12-31,0,True,True
1966-01-07,10.5625,10.71875,10.4375,10.6875,5,0,0,1966-01-03,1966-01-07,0,True,True
1966-01-14,10.6875,10.84375,10.625,10.65625,5,0,0,1966-01-10,1966-01-14,0,True,True
1966-01-21,10.65625,10.71875,10.3125,10.375,5,0,0,1966-01-17,1966-01-21,0,True,True
1966-01-28,10.34375,10.46875,10.25,10.34375,5,0,0,1966-01-24,1966-01-28,0,True,True
1966-02-04,10.34375,10.375,10.0625,10.09375,5,0,0,1966-01-31,1966-02-04,0,True,True
1966-02-11,10.09375,10.3125,10.09375,10.28125,5,0,0,1966-02-07,1966-02-11,0,True,True
1966-02-18,10.28125,10.28125,10.09375,10.1875,5,0,0,1966-02-14,1966-02-18,0,True,True
1966-02-25,10.1875,10.1875,10,10.0625,4,0,0,1966-02-21,1966-02-25,0,True,True
1966-03-04,10.0625,10.0625,9.71875,9.9375,5,0,0,1966-02-28,1966-03-04,0,True,True
1966-03-11,9.9375,10.09375,9.875,9.96875,5,0,0,1966-03-07,1966-03-11,0,True,True
1966-03-18,9.9375,9.9375,9.625,9.75,5,0,0,1966-03-14,1966-03-18,0,True,True
1966-03-25,9.75,9.875,9.6875,9.71875,5,0,0,1966-03-21,1966-03-25,0,True,True
1966-04-01,9.71875,9.75,9.625,9.65625,5,0,0,1966-03-28,1966-04-01,0,True,True
1966-04-08,9.65625,9.75,9.5,9.53125,4,0,0,1966-04-04,1966-04-07,0,True,True
1966-04-15,9.53125,9.65625,9.5,9.53125,5,0,0,1966-04-11,1966-04-15,0,True,True
1966-04-22,9.53125,9.625,9.5,9.625,5,0,0,1966-04-18,1966-04-22,0,True,True
1966-04-29,9.625,9.625,9.5,9.59375,5,0,0,1966-04-25,1966-04-29,0,True,True
1966-05-06,9.59375,9.59375,9.15625,9.25,5,0,0,1966-05-02,1966-05-06,0,True,True
1966-05-13,9.25,9.3125,9.15625,9.21875,5,0,0,1966-05-09,1966-05-13,0,True,True
1966-05-20,9.1875,9.21875,9.09375,9.15625,5,0,0,1966-05-16,1966-05-20,0,True,True
1966-05-27,9.15625,9.21875,9,9.09375,5,0,0,1966-05-23,1966-05-27,0,True,True
1966-06-03,9.09375,9.15625,9,9.0625,4,0,0,1966-05-31,1966-06-03,0,True,True
1966-06-10,9.0625,9.09375,9,9.0625,5,0,0,1966-06-06,1966-06-10,0,True,True
1966-06-17,9.0625,9.09375,9,9.03125,5,0,0,1966-06-13,1966-06-17,0,True,True
1966-06-24,9.03125,9.09375,8.96875,8.96875,5,0,0,1966-06-20,1966-06-24,0,True,True
1966-07-01,8.96875,9.0625,8.90625,8.9375,5,0,0,1966-06-27,1966-07-01,0,True,True
1966-07-08,8.9375,9.09375,8.9375,9.0625,4,0,0,1966-07-05,1966-07-08,0,True,True
1966-07-15,9.0625,9.09375,8.9375,9.03125,5,0,0,1966-07-11,1966-07-15,0,True,True
1966-07-22,9.03125,9.0625,8.96875,9,5,0,0,1966-07-18,1966-07-22,0,True,True
1966-07-29,9,9,8.875,8.9375,5,0,0,1966-07-25,1966-07-29,0,True,True
1966-08-05,8.90625,8.90625,8.6875,8.8125,5,0,0,1966-08-01,1966-08-05,0,True,True
1966-08-12,8.8125,8.84375,8.5,8.5,5,0,0,1966-08-08,1966-08-12,0,True,True
1966-08-19,8.5,8.5625,8.28125,8.3125,5,0,0,1966-08-15,1966-08-19,0,True,True
1966-08-26,8.3125,8.4375,7.875,8,5,0,0,1966-08-22,1966-08-26,0,True,True
1966-09-02,8,8.34375,7.875,8.1875,5,0,0,1966-08-29,1966-09-02,0,True,True
1966-09-09,8.1875,8.28125,8,8,4,0,0,1966-09-06,1966-09-09,0,True,True
1966-09-16,8.125,8.40625,8.125,8.375,5,0,0,1966-09-12,1966-09-16,0,True,True
1966-09-23,8.375,8.375,8.21875,8.21875,5,0,0,1966-09-19,1966-09-23,0,True,True
1966-09-30,8.21875,8.28125,8.03125,8.15625,5,0,0,1966-09-26,1966-09-30,0,True,True
1966-10-07,8.15625,8.21875,8,8,5,0,0,1966-10-03,1966-10-07,0,True,True
1966-10-14,8.0625,8.375,8.0625,8.34375,5,0,0,1966-10-10,1966-10-14,0,True,True
1966-10-21,8.34375,8.625,8.34375,8.5,5,0,0,1966-10-17,1966-10-21,0,True,True
1966-10-28,8.5,8.59375,8.3125,8.46875,5,0,0,1966-10-24,1966-10-28,0,True,True
1966-11-04,8.46875,8.53125,8.1875,8.34375,5,0,0,1966-10-31,1966-11-04,0,True,True
1966-11-11,8.34375,8.34375,8.09375,8.15625,4,0,0,1966-11-07,1966-11-11,0,True,True
1966-11-18,8.15625,8.3125,8.09375,8.09375,5,0,0,1966-11-14,1966-11-18,0,True,True
1966-11-25,8.09375,8.46875,8,8.34375,4,0,0,1966-11-21,1966-11-25,0,True,True
1966-12-02,8.34375,8.40625,8.03125,8.09375,5,0,0,1966-11-28,1966-12-02,0,True,True
1966-12-09,8.09375,8.09375,7.90625,7.96875,5,0,0,1966-12-05,1966-12-09,0,True,True
1966-12-16,7.96875,8,7.84375,7.875,5,0,0,1966-12-12,1966-12-16,0,True,True
1966-12-23,7.875,7.9375,7.8125,7.90625,5,0,0,1966-12-19,1966-12-23,0,True,True
1966-12-30,7.90625,8,7.84375,7.90625,4,0,0,1966-12-27,1966-12-30,0,True,True
1967-01-06,8.03125,8.3125,8.03125,8.3125,4,0,0,1967-01-03,1967-01-06,0,True,True
1967-01-13,8.3125,8.78125,8.25,8.65625,5,0,0,1967-01-09,1967-01-13,0,True,True
1967-01-20,8.6875,8.78125,8.5,8.59375,5,0,0,1967-01-16,1967-01-20,0,True,True
1967-01-27,8.59375,8.6875,8.5,8.6875,5,0,0,1967-01-23,1967-01-27,0,True,True
1967-02-03,8.6875,8.875,8.53125,8.5625,5,0,0,1967-01-30,1967-02-03,0,True,True
1967-02-10,8.5625,8.59375,8.375,8.375,5,0,0,1967-02-06,1967-02-10,0,True,True
1967-02-17,8.375,8.59375,8.375,8.5,5,0,0,1967-02-13,1967-02-17,0,True,True
1967-02-24,8.5,8.59375,8.40625,8.5625,4,0,0,1967-02-20,1967-02-24,0,True,True
1967-03-03,8.5625,8.6875,8.4375,8.5625,5,0,0,1967-02-27,1967-03-03,0,True,True
1967-03-10,8.5625,8.6875,8.4375,8.5,5,0,0,1967-03-06,1967-03-10,0,True,True
1967-03-17,8.5,8.59375,8.40625,8.5625,5,0,0,1967-03-13,1967-03-17,0,True,True
1967-03-24,8.5625,8.65625,8.5,8.5625,4,0,0,1967-03-20,1967-03-23,0,True,True
1967-03-31,8.5625,9,8.53125,8.9375,5,0,0,1967-03-27,1967-03-31,0,True,True
1967-04-07,8.9375,9,8.71875,8.75,5,0,0,1967-04-03,1967-04-07,0,True,True
1967-04-14,8.75,8.8125,8.6875,8.78125,5,0,0,1967-04-10,1967-04-14,0,True,True
1967-04-21,8.78125,8.8125,8.71875,8.75,5,0,0,1967-04-17,1967-04-21,0,True,True
1967-04-28,8.75,9,8.75,8.90625,5,0,0,1967-04-24,1967-04-28,0,True,True
1967-05-05,8.90625,9,8.78125,8.9375,5,0,0,1967-05-01,1967-05-05,0,True,True
1967-05-12,8.9375,9.0625,8.90625,8.96875,5,0,0,1967-05-08,1967-05-12,0,True,True
1967-05-19,8.96875,9,8.75,8.75,5,0,0,1967-05-15,1967-05-19,0,True,True
1967-05-26,8.75,8.84375,8.53125,8.59375,5,0,0,1967-05-22,1967-05-26,0,True,True
1967-06-02,8.59375,8.59375,8.46875,8.46875,4,0,0,1967-05-29,1967-06-02,0,True,True
1967-06-09,8.46875,8.59375,8.34375,8.46875,5,0,0,1967-06-05,1967-06-09,0,True,True
1967-06-16,8.46875,8.5625,8.375,8.4375,5,0,0,1967-06-12,1967-06-16,0,True,True
1967-06-23,8.4375,8.5,8.34375,8.40625,5,0,0,1967-06-19,1967-06-23,0,True,True
1967-06-30,8.40625,8.4375,8.3125,8.40625,5,0,0,1967-06-26,1967-06-30,0,True,True
1967-07-07,8.40625,8.5,8.375,8.46875,4,0,0,1967-07-03,1967-07-07,0,True,True
1967-07-14,8.46875,8.53125,8.375,8.46875,5,0,0,1967-07-10,1967-07-14,0,True,True
1967-07-21,8.46875,8.53125,8.40625,8.46875,5,0,0,1967-07-17,1967-07-21,0,True,True
1967-07-28,8.46875,8.71875,8.4375,8.6875,5,0,0,1967-07-24,1967-07-28,0,True,True
1967-08-04,8.6875,8.71875,8.5,8.5625,5,0,0,1967-07-31,1967-08-04,0,True,True
1967-08-11,8.5625,8.625,8.5,8.59375,5,0,0,1967-08-07,1967-08-11,0,True,True
1967-08-18,8.59375,8.59375,8.4375,8.46875,5,0,0,1967-08-14,1967-08-18,0,True,True
1967-08-25,8.46875,8.5625,8.40625,8.40625,5,0,0,1967-08-21,1967-08-25,0,True,True
1967-09-01,8.40625,8.53125,8.375,8.46875,5,0,0,1967-08-28,1967-09-01,0,True,True
1967-09-08,8.46875,8.5625,8.46875,8.5625,4,0,0,1967-09-05,1967-09-08,0,True,True
1967-09-15,8.5625,8.5625,8.4375,8.5625,5,0,0,1967-09-11,1967-09-15,0,True,True
1967-09-22,8.5625,8.5625,8.46875,8.46875,5,0,0,1967-09-18,1967-09-22,0,True,True
1967-09-29,8.46875,8.46875,8.375,8.375,5,0,0,1967-09-25,1967-09-29,0,True,True
1967-10-06,8.40625,8.71875,8.375,8.46875,5,0,0,1967-10-02,1967-10-06,0,True,True
1967-10-13,8.46875,8.84375,8.3125,8.3125,5,0,0,1967-10-09,1967-10-13,0,True,True
1967-10-20,8.3125,8.375,8.25,8.28125,5,0,0,1967-10-16,1967-10-20,0,True,True
1967-10-27,8.28125,8.46875,8.25,8.3125,5,0,0,1967-10-23,1967-10-27,0,True,True
1967-11-03,8.3125,8.375,8.125,8.125,5,0,0,1967-10-30,1967-11-03,0,True,True
1967-11-10,8.125,8.1875,8.03125,8.125,4,0,0,1967-11-06,1967-11-10,0,True,True
1967-11-17,8.125,8.3125,8.03125,8.0625,5,0,0,1967-11-13,1967-11-17,0,True,True
1967-11-24,8.0625,8.0625,8,8.0625,4,0,0,1967-11-20,1967-11-24,0,True,True
1967-12-01,8.0625,8.09375,8,8,5,0,0,1967-11-27,1967-12-01,0,True,True
1967-12-08,8,8.0625,7.90625,7.9375,5,0,0,1967-12-04,1967-12-08,0,True,True
1967-12-15,7.9375,7.96875,7.8125,7.84375,5,0,0,1967-12-11,1967-12-15,0,True,True
1967-12-22,7.84375,7.84375,7.65625,7.78125,5,0,0,1967-12-18,1967-12-22,0,True,True
1967-12-29,7.78125,7.875,7.75,7.84375,4,0,0,1967-12-26,1967-12-29,0,True,True
1968-01-05,7.90625,8.59375,7.90625,8.53125,4,0,0,1968-01-02,1968-01-05,0,True,True
1968-01-12,8.53125,8.5625,8.375,8.46875,5,0,0,1968-01-08,1968-01-12,0,True,True
1968-01-19,8.46875,8.5,8.375,8.4375,5,0,0,1968-01-15,1968-01-19,0,True,True
1968-01-26,8.4375,8.625,8.40625,8.625,5,0,0,1968-01-22,1968-01-26,0,True,True
1968-02-02,8.625,8.65625,8.40625,8.40625,5,0,0,1968-01-29,1968-02-02,0,True,True
1968-02-09,8.4375,8.53125,8.375,8.375,5,0,0,1968-02-05,1968-02-09,0,True,True
1968-02-16,8.375,8.4375,8.28125,8.3125,4,0,0,1968-02-13,1968-02-16,0,True,True
1968-02-23,8.3125,8.5,8.3125,8.40625,4,0,0,1968-02-19,1968-02-23,0,True,True
1968-03-01,8.40625,8.46875,8.28125,8.375,5,0,0,1968-02-26,1968-03-01,0,True,True
1968-03-08,8.34375,8.34375,8.1875,8.25,5,0,0,1968-03-04,1968-03-08,0,True,True
1968-03-15,8.25,8.25,7.90625,8.1875,5,0,0,1968-03-11,1968-03-15,0,True,True
1968-03-22,8.1875,8.25,8.03125,8.09375,5,0,0,1968-03-18,1968-03-22,0,True,True
1968-03-29,8.09375,8.25,8,8.15625,5,0,0,1968-03-25,1968-03-29,0,True,True
1968-04-05,8.25,8.46875,8.25,8.28125,5,0,0,1968-04-01,1968-04-05,0,True,True
1968-04-12,8.28125,8.5,8.28125,8.34375,3,0,0,1968-04-08,1968-04-11,0,True,True
1968-04-19,8.34375,8.5,8.34375,8.4375,5,0,0,1968-04-15,1968-04-19,0,True,True
1968-04-26,8.4375,8.46875,8.34375,8.46875,5,0,0,1968-04-22,1968-04-26,0,True,True
1968-05-03,8.46875,8.46875,8.0625,8.09375,5,0,0,1968-04-29,1968-05-03,0,True,True
1968-05-10,8.09375,8.15625,8,8.03125,5,0,0,1968-05-06,1968-05-10,0,True,True
1968-05-17,8.03125,8.09375,8,8.0625,5,0,0,1968-05-13,1968-05-17,0,True,True
1968-05-24,8.0625,8.09375,8,8.0625,5,0,0,1968-05-20,1968-05-24,0,True,True
1968-05-31,8.0625,8.15625,8,8.0625,4,0,0,1968-05-27,1968-05-31,0,True,True
1968-06-07,8.0625,8.1875,8,8.03125,5,0,0,1968-06-03,1968-06-07,0,True,True
1968-06-14,8.03125,8.09375,8,8.0625,4,0,0,1968-06-10,1968-06-14,0,True,True
1968-06-21,8.0625,8.46875,8.0625,8.46875,4,0,0,1968-06-17,1968-06-21,0,True,True
1968-06-28,8.46875,8.59375,8.375,8.46875,4,0,0,1968-06-24,1968-06-28,0,True,True
1968-07-05,8.53125,8.84375,8.53125,8.84375,3,0,0,1968-07-01,1968-07-03,0,True,True
1968-07-12,8.84375,8.875,8.71875,8.8125,4,0,0,1968-07-08,1968-07-12,0,True,True
1968-07-19,8.8125,8.8125,8.59375,8.6875,4,0,0,1968-07-15,1968-07-19,0,True,True
1968-07-26,8.6875,8.78125,8.53125,8.75,4,0,0,1968-07-22,1968-07-26,0,True,True
1968-08-02,8.65625,8.65625,8.5,8.53125,4,0,0,1968-07-29,1968-08-02,0,True,True
1968-08-09,8.53125,8.59375,8.46875,8.5,4,0,0,1968-08-05,1968-08-09,0,True,True
1968-08-16,8.5,8.5625,8.4375,8.4375,4,0,0,1968-08-12,1968-08-16,0,True,True
1968-08-23,8.4375,8.5,8.40625,8.46875,4,0,0,1968-08-19,1968-08-23,0,True,True
1968-08-30,8.46875,8.46875,8.375,8.40625,4,0,0,1968-08-26,1968-08-30,0,True,True
1968-09-06,8.40625,8.46875,8.375,8.40625,4,0,0,1968-09-03,1968-09-06,0,True,True
1968-09-13,8.40625,8.4375,8.3125,8.34375,4,0,0,1968-09-09,1968-09-13,0,True,True
1968-09-20,8.34375,8.40625,8.3125,8.34375,4,0,0,1968-09-16,1968-09-20,0,True,True
1968-09-27,8.34375,8.40625,8.3125,8.40625,4,0,0,1968-09-23,1968-09-27,0,True,True
1968-10-04,8.40625,8.4375,8.34375,8.40625,4,0,0,1968-09-30,1968-10-04,0,True,True
1968-10-11,8.40625,8.4375,8.34375,8.34375,4,0,0,1968-10-07,1968-10-11,0,True,True
1968-10-18,8.34375,8.375,8.28125,8.375,4,0,0,1968-10-14,1968-10-18,0,True,True
1968-10-25,8.375,8.5,8.34375,8.375,4,0,0,1968-10-21,1968-10-25,0,True,True
1968-11-01,8.375,8.375,8.25,8.25,4,0,0,1968-10-28,1968-11-01,0,True,True
1968-11-08,8.25,8.375,8.25,8.34375,4,0,0,1968-11-04,1968-11-08,0,True,True
1968-11-15,8.34375,8.46875,8.3125,8.4375,4,0,0,1968-11-12,1968-11-15,0,True,True
1968-11-22,8.4375,8.6875,8.4375,8.59375,4,0,0,1968-11-18,1968-11-22,0,True,True
1968-11-29,8.59375,8.6875,8.4375,8.5,4,0,0,1968-11-25,1968-11-29,0,True,True
1968-12-06,8.5,8.5,8.25,8.3125,4,0,0,1968-12-02,1968-12-06,0,True,True
1968-12-13,8.3125,8.40625,8.21875,8.25,4,0,0,1968-12-09,1968-12-13,0,True,True
1968-12-20,8.25,8.34375,8.1875,8.25,4,0,0,1968-12-16,1968-12-20,0,True,True
1968-12-27,8.25,8.3125,8.21875,8.25,4,0,0,1968-12-23,1968-12-27,0,True,True
1969-01-03,8.25,8.40625,8.21875,8.375,4,0,0,1968-12-30,1969-01-03,0,True,True
1969-01-10,8.375,8.53125,8.34375,8.5,5,0,0,1969-01-06,1969-01-10,0,True,True
1969-01-17,8.5,8.625,8.46875,8.46875,5,0,0,1969-01-13,1969-01-17,0,True,True
1969-01-24,8.46875,8.5625,8.4375,8.53125,5,0,0,1969-01-20,1969-01-24,0,True,True
1969-01-31,8.53125,8.875,8.53125,8.84375,5,0,0,1969-01-27,1969-01-31,0,True,True
1969-02-07,8.8125,8.8125,8.65625,8.6875,5,0,0,1969-02-03,1969-02-07,0,True,True
1969-02-14,8.6875,8.75,8.65625,8.6875,4,0,0,1969-02-11,1969-02-14,0,True,True
1969-02-21,8.6875,8.71875,8.5,8.5625,4,0,0,1969-02-17,1969-02-20,0,True,True
1969-02-28,8.53125,8.53125,8.375,8.4375,5,0,0,1969-02-24,1969-02-28,0,True,True
1969-03-07,8.4375,8.53125,8.375,8.4375,5,0,0,1969-03-03,1969-03-07,0,True,True
1969-03-14,8.4375,8.53125,8.40625,8.40625,5,0,0,1969-03-10,1969-03-14,0,True,True
1969-03-21,8.40625,8.4375,8.28125,8.4375,5,0,0,1969-03-17,1969-03-21,0,True,True
1969-03-28,8.4375,8.46875,8.34375,8.40625,5,0,0,1969-03-24,1969-03-28,0,True,True
1969-04-04,8.40625,8.5,8.375,8.46875,3,0,0,1969-04-01,1969-04-03,0,True,True
1969-04-11,8.46875,8.46875,8.3125,8.375,5,0,0,1969-04-07,1969-04-11,0,True,True
1969-04-18,8.375,8.5,8.375,8.46875,5,0,0,1969-04-14,1969-04-18,0,True,True
1969-04-25,8.46875,8.5,8.4375,8.5,5,0,0,1969-04-21,1969-04-25,0,True,True
1969-05-02,8.5,8.5,8.375,8.40625,5,0,0,1969-04-28,1969-05-02,0,True,True
1969-05-09,8.40625,8.4375,8.25,8.3125,5,0,0,1969-05-05,1969-05-09,0,True,True
1969-05-16,8.3125,8.3125,8.25,8.25,5,0,0,1969-05-12,1969-05-16,0,True,True
1969-05-23,8.28125,8.3125,8.25,8.25,5,0,0,1969-05-19,1969-05-23,0,True,True
1969-05-30,8.25,8.3125,8.1875,8.21875,4,0,0,1969-05-26,1969-05-29,0,True,True
1969-06-06,8.21875,8.28125,8.125,8.15625,5,0,0,1969-06-02,1969-06-06,0,True,True
1969-06-13,8.15625,8.1875,8,8.03125,5,0,0,1969-06-09,1969-06-13,0,True,True
1969-06-20,8.03125,8.09375,8,8,5,0,0,1969-06-16,1969-06-20,0,True,True
1969-06-27,8,8.0625,7.875,8,5,0,0,1969-06-23,1969-06-27,0,True,True
1969-07-04,8,8.0625,7.9375,8,4,0,0,1969-06-30,1969-07-03,0,True,True
1969-07-11,8.03125,8.1875,8,8,5,0,0,1969-07-07,1969-07-11,0,True,True
1969-07-18,8,8.09375,8,8,5,0,0,1969-07-14,1969-07-18,0,True,True
1969-07-25,8,8.0625,7.9375,8,4,0,0,1969-07-22,1969-07-25,0,True,True
1969-08-01,7.875,7.875,7.5625,7.6875,5,0,0,1969-07-28,1969-08-01,0,True,True
1969-08-08,7.6875,7.71875,7.28125,7.3125,5,0,0,1969-08-04,1969-08-08,0,True,True
1969-08-15,7.3125,7.3125,7.125,7.1875,5,0,0,1969-08-11,1969-08-15,0,True,True
1969-08-22,7.1875,7.3125,7.03125,7.28125,5,0,0,1969-08-18,1969-08-22,0,True,True
1969-08-29,7.25,7.25,7.125,7.125,5,0,0,1969-08-25,1969-08-29,0,True,True
1969-09-05,7.125,7.1875,7,7,4,0,0,1969-09-02,1969-09-05,0,True,True
1969-09-12,7,7.03125,6.625,6.625,5,0,0,1969-09-08,1969-09-12,0,True,True
1969-09-19,6.625,6.71875,6.5,6.53125,5,0,0,1969-09-15,1969-09-19,0,True,True
1969-09-26,6.53125,6.5625,6.4375,6.5,5,0,0,1969-09-22,1969-09-26,0,True,True
1969-10-03,6.5,6.75,6.46875,6.75,5,0,0,1969-09-29,1969-10-03,0,True,True
1969-10-10,6.75,6.875,6.71875,6.75,5,0,0,1969-10-06,1969-10-10,0,True,True
1969-10-17,6.78125,7.15625,6.78125,7.09375,5,0,0,1969-10-13,1969-10-17,0,True,True
1969-10-24,7.09375,7.21875,7.03125,7.1875,5,0,0,1969-10-20,1969-10-24,0,True,True
1969-10-31,7.1875,7.21875,6.9375,6.9375,5,0,0,1969-10-27,1969-10-31,0,True,True
1969-11-07,6.9375,6.9375,6.75,6.75,5,0,0,1969-11-03,1969-11-07,0,True,True
1969-11-14,6.75,6.84375,6.71875,6.75,5,0,0,1969-11-10,1969-11-14,0,True,True
1969-11-21,6.75,6.75,6.625,6.625,5,0,0,1969-11-17,1969-11-21,0,True,True
1969-11-28,6.625,6.65625,6.5,6.5625,4,0,0,1969-11-24,1969-11-28,0,True,True
1969-12-05,6.5625,6.5625,6.28125,6.40625,5,0,0,1969-12-01,1969-12-05,0,True,True
1969-12-12,6.40625,6.40625,6.25,6.3125,5,0,0,1969-12-08,1969-12-12,0,True,True
1969-12-19,6.3125,6.40625,6.25,6.34375,5,0,0,1969-12-15,1969-12-19,0,True,True
1969-12-26,6.34375,6.4375,6.3125,6.375,4,0,0,1969-12-22,1969-12-26,0,True,True
1970-01-02,6.375,6.75,6.3125,6.75,4,0,0,1969-12-29,1970-01-02,0,True,True
1970-01-09,6.8125,7.15625,6.8125,6.90625,5,0,0,1970-01-05,1970-01-09,0,True,True
1970-01-16,6.90625,6.90625,6.5,6.53125,5,0,0,1970-01-12,1970-01-16,0,True,True
1970-01-23,6.5625,6.84375,6.5625,6.75,5,0,0,1970-01-19,1970-01-23,0,True,True
1970-01-30,6.75,6.90625,6.625,6.75,5,0,0,1970-01-26,1970-01-30,0,True,True
1970-02-06,6.75,6.8125,6.625,6.71875,5,0,0,1970-02-02,1970-02-06,0,True,True
1970-02-13,6.71875,6.71875,6.59375,6.59375,5,0,0,1970-02-09,1970-02-13,0,True,True
1970-02-20,6.59375,6.71875,6.5625,6.71875,5,0,0,1970-02-16,1970-02-20,0,True,True
1970-02-27,6.71875,6.875,6.65625,6.875,4,0,0,1970-02-24,1970-02-27,0,True,True
1970-03-06,6.875,7.09375,6.84375,6.96875,5,0,0,1970-03-02,1970-03-06,0,True,True
1970-03-13,6.96875,7.03125,6.9375,6.96875,5,0,0,1970-03-09,1970-03-13,0,True,True
1970-03-20,6.96875,6.96875,6.6875,6.78125,5,0,0,1970-03-16,1970-03-20,0,True,True
1970-03-27,6.78125,6.9375,6.65625,6.8125,4,0,0,1970-03-23,1970-03-26,0,True,True
1970-04-03,6.8125,7.03125,6.78125,7.03125,5,0,0,1970-03-30,1970-04-03,0,True,True
1970-04-10,7.03125,7.09375,6.96875,7.0625,5,0,0,1970-04-06,1970-04-10,0,True,True
1970-04-17,7.0625,7.0625,6.84375,6.9375,5,0,0,1970-04-13,1970-04-17,0,True,True
1970-04-24,6.9375,6.9375,6.75,6.84375,5,0,0,1970-04-20,1970-04-24,0,True,True
1970-05-01,6.84375,6.875,6.5625,6.6875,5,0,0,1970-04-27,1970-05-01,0,True,True
1970-05-08,6.5625,6.625,6.4375,6.46875,5,0,0,1970-05-04,1970-05-08,0,True,True
1970-05-15,6.46875,6.53125,6.3125,6.3125,5,0,0,1970-05-11,1970-05-15,0,True,True
1970-05-22,6.3125,6.375,5.875,5.9375,5,0,0,1970-05-18,1970-05-22,0,True,True
1970-05-29,5.90625,5.90625,5.75,5.78125,5,0,0,1970-05-25,1970-05-29,0,True,True
1970-06-05,5.78125,5.78125,5.75,5.78125,5,0,0,1970-06-01,1970-06-05,0,True,True
1970-06-12,5.78125,5.96875,5.75,5.84375,5,0,0,1970-06-08,1970-06-12,0,True,True
1970-06-19,5.84375,6.03125,5.84375,5.96875,5,0,0,1970-06-15,1970-06-19,0,True,True
1970-06-26,5.96875,5.96875,5.75,5.8125,5,0,0,1970-06-22,1970-06-26,0,True,True
1970-07-03,5.8125,5.84375,5.75,5.84375,4,0,0,1970-06-29,1970-07-02,0,True,True
1970-07-10,5.84375,6.21875,5.75,6.1875,5,0,0,1970-07-06,1970-07-10,0,True,True
1970-07-17,6.1875,6.34375,6.1875,6.3125,5,0,0,1970-07-13,1970-07-17,0,True,True
1970-07-24,6.3125,6.34375,5.8125,5.84375,5,0,0,1970-07-20,1970-07-24,0,True,True
1970-07-31,5.84375,6.03125,5.53125,5.84375,5,0,0,1970-07-27,1970-07-31,0,True,True
1970-08-07,5.75,5.75,5.625,5.6875,5,0,0,1970-08-03,1970-08-07,0,True,True
1970-08-14,5.6875,5.875,5.5,5.875,5,0,0,1970-08-10,1970-08-14,0,True,True
1970-08-21,5.875,5.9375,5.625,5.71875,5,0,0,1970-08-17,1970-08-21,0,True,True
1970-08-28,5.71875,5.875,5.71875,5.84375,5,0,0,1970-08-24,1970-08-28,0,True,True
1970-09-04,5.84375,5.875,5.75,5.84375,5,0,0,1970-08-31,1970-09-04,0,True,True
1970-09-11,5.8125,5.84375,5.71875,5.75,4,0,0,1970-09-08,1970-09-11,0,True,True
1970-09-18,5.75,5.875,5.6875,5.8125,5,0,0,1970-09-14,1970-09-18,0,True,True
1970-09-25,5.8125,5.875,5.71875,5.78125,5,0,0,1970-09-21,1970-09-25,0,True,True
1970-10-02,5.78125,5.875,5.75,5.875,5,0,0,1970-09-28,1970-10-02,0,True,True
1970-10-09,5.875,5.9375,5.8125,5.875,5,0,0,1970-10-05,1970-10-09,0,True,True
1970-10-16,5.875,5.9375,5.875,5.9375,5,0,0,1970-10-12,1970-10-16,0,True,True
1970-10-23,5.9375,5.9375,5.8125,5.8125,5,0,0,1970-10-19,1970-10-23,0,True,True
1970-10-30,5.8125,5.875,5.6875,5.71875,5,0,0,1970-10-26,1970-10-30,0,True,True
1970-11-06,5.71875,5.78125,5.625,5.6875,5,0,0,1970-11-02,1970-11-06,0,True,True
1970-11-13,5.6875,5.6875,5.625,5.625,5,0,0,1970-11-09,1970-11-13,0,True,True
1970-11-20,5.625,5.625,5.53125,5.53125,5,0,0,1970-11-16,1970-11-20,0,True,True
1970-11-27,5.5625,5.65625,5.53125,5.65625,4,0,0,1970-11-23,1970-11-27,0,True,True
1970-12-04,5.6875,6.21875,5.6875,6.1875,5,0,0,1970-11-30,1970-12-04,0,True,True
1970-12-11,6.25,6.3125,6.0625,6.125,5,0,0,1970-12-07,1970-12-11,0,True,True
1970-12-18,6.125,6.15625,6,6.09375,5,0,0,1970-12-14,1970-12-18,0,True,True
1970-12-25,6.09375,6.25,6,6.25,4,0,0,1970-12-21,1970-12-24,0,True,True
1971-01-01,6.25,6.6875,6.25,6.6875,4,0,0,1970-12-28,1970-12-31,0,True,True
1971-01-08,6.6875,7,6.59375,6.9375,5,0,0,1971-01-04,1971-01-08,0,True,True
1971-01-15,6.9375,7.03125,6.75,6.875,5,0,0,1971-01-11,1971-01-15,0,True,True
1971-01-22,6.875,7.25,6.84375,7.15625,5,0,0,1971-01-18,1971-01-22,0,True,True
1971-01-29,7.15625,7.25,7.03125,7.125,5,0,0,1971-01-25,1971-01-29,0,True,True
1971-02-05,7.09375,7.09375,6.6875,6.8125,5,0,0,1971-02-01,1971-02-05,0,True,True
1971-02-12,6.71875,6.875,6.59375,6.78125,5,0,0,1971-02-08,1971-02-12,0,True,True
1971-02-19,6.78125,6.84375,6.5625,6.5625,4,0,0,1971-02-16,1971-02-19,0,True,True
1971-02-26,6.53125,6.53125,6.375,6.4375,5,0,0,1971-02-22,1971-02-26,0,True,True
1971-03-05,6.4375,6.59375,6.375,6.59375,5,0,0,1971-03-01,1971-03-05,0,True,True
1971-03-12,6.59375,6.75,6.5625,6.65625,5,0,0,1971-03-08,1971-03-12,0,True,True
1971-03-19,6.65625,6.75,6.59375,6.6875,5,0,0,1971-03-15,1971-03-19,0,True,True
1971-03-26,6.6875,6.75,6.65625,6.65625,5,0,0,1971-03-22,1971-03-26,0,True,True
1971-04-02,6.65625,6.8125,6.65625,6.78125,5,0,0,1971-03-29,1971-04-02,0,True,True
1971-04-09,6.78125,6.84375,6.75,6.75,4,0,0,1971-04-05,1971-04-08,0,True,True
1971-04-16,6.75,6.78125,6.71875,6.75,5,0,0,1971-04-12,1971-04-16,0,True,True
1971-04-23,6.75,6.84375,6.75,6.8125,5,0,0,1971-04-19,1971-04-23,0,True,True
1971-04-30,6.78125,6.84375,6.71875,6.8125,5,0,0,1971-04-26,1971-04-30,0,True,True
1971-05-07,6.75,6.75,6.5,6.5,5,0,0,1971-05-03,1971-05-07,0,True,True
1971-05-14,6.5,6.53125,6.40625,6.4375,5,0,0,1971-05-10,1971-05-14,0,True,True
1971-05-21,6.4375,6.46875,6.3125,6.34375,5,0,0,1971-05-17,1971-05-21,0,True,True
1971-05-28,6.34375,6.40625,6.25,6.25,5,0,0,1971-05-24,1971-05-28,0,True,True
1971-06-04,6.25,6.40625,6.25,6.375,4,0,0,1971-06-01,1971-06-04,0,True,True
1971-06-11,6.375,6.375,6.25,6.28125,5,0,0,1971-06-07,1971-06-11,0,True,True
1971-06-18,6.28125,6.3125,6.25,6.25,5,0,0,1971-06-14,1971-06-18,0,True,True
1971-06-25,6.25,6.34375,6.21875,6.34375,5,0,0,1971-06-21,1971-06-25,0,True,True
1971-07-02,6.34375,6.59375,6.28125,6.5,5,0,0,1971-06-28,1971-07-02,0,True,True
1971-07-09,6.5,6.59375,6.4375,6.4375,4,0,0,1971-07-06,1971-07-09,0,True,True
1971-07-16,6.4375,6.5,6.40625,6.4375,5,0,0,1971-07-12,1971-07-16,0,True,True
1971-07-23,6.4375,6.5625,6.40625,6.5,5,0,0,1971-07-19,1971-07-23,0,True,True
1971-07-30,6.5,6.53125,6.375,6.5,5,0,0,1971-07-26,1971-07-30,0,True,True
1971-08-06,6.4375,6.4375,6.25,6.28125,5,0,0,1971-08-02,1971-08-06,0,True,True
1971-08-13,6.28125,6.375,6.25,6.34375,5,0,0,1971-08-09,1971-08-13,0,True,True
1971-08-20,6.375,6.46875,6.28125,6.34375,5,0,0,1971-08-16,1971-08-20,0,True,True
1971-08-27,6.34375,6.40625,6.28125,6.28125,5,0,0,1971-08-23,1971-08-27,0,True,True
1971-09-03,6.28125,6.375,6.28125,6.3125,5,0,0,1971-08-30,1971-09-03,0,True,True
1971-09-10,6.3125,6.375,6.25,6.3125,4,0,0,1971-09-07,1971-09-10,0,True,True
1971-09-17,6.3125,6.34375,6.25,6.3125,5,0,0,1971-09-13,1971-09-17,0,True,True
1971-09-24,6.3125,6.34375,6.1875,6.21875,5,0,0,1971-09-20,1971-09-24,0,True,True
1971-10-01,6.21875,6.21875,6.03125,6.21875,5,0,0,1971-09-27,1971-10-01,0,True,True
1971-10-08,6.21875,6.34375,6.15625,6.25,5,0,0,1971-10-04,1971-10-08,0,True,True
1971-10-15,6.25,6.375,6.25,6.3125,5,0,0,1971-10-11,1971-10-15,0,True,True
1971-10-22,6.3125,6.375,6.25,6.3125,5,0,0,1971-10-18,1971-10-22,0,True,True
1971-10-29,6.3125,6.5,6.25,6.40625,5,0,0,1971-10-25,1971-10-29,0,True,True
1971-11-05,6.40625,6.40625,6.25,6.3125,5,0,0,1971-11-01,1971-11-05,0,True,True
1971-11-12,6.3125,6.5625,6.25,6.5625,5,0,0,1971-11-08,1971-11-12,0,True,True
1971-11-19,6.5625,6.5625,6.375,6.4375,5,0,0,1971-11-15,1971-11-19,0,True,True
1971-11-26,6.4375,6.46875,6.28125,6.3125,4,0,0,1971-11-22,1971-11-26,0,True,True
1971-12-03,6.3125,6.34375,6.28125,6.34375,5,0,0,1971-11-29,1971-12-03,0,True,True
1971-12-10,6.34375,6.34375,6.28125,6.34375,5,0,0,1971-12-06,1971-12-10,0,True,True
1971-12-17,6.34375,6.34375,6.25,6.34375,5,0,0,1971-12-13,1971-12-17,0,True,True
1971-12-24,6.34375,6.375,6.28125,6.28125,4,0,0,1971-12-20,1971-12-23,0,True,True
1971-12-31,6.3125,6.46875,6.3125,6.46875,5,0,0,1971-12-27,1971-12-31,0,True,True
1972-01-07,6.46875,6.71875,6.46875,6.65625,5,0,0,1972-01-03,1972-01-07,0,True,True
1972-01-14,6.65625,6.875,6.65625,6.78125,5,0,0,1972-01-10,1972-01-14,0,True,True
1972-01-21,6.78125,6.875,6.75,6.8125,5,0,0,1972-01-17,1972-01-21,0,True,True
1972-01-28,6.78125,6.875,6.5,6.875,5,0,0,1972-01-24,1972-01-28,0,True,True
1972-02-04,6.75,6.75,6.53125,6.5625,5,0,0,1972-01-31,1972-02-04,0,True,True
1972-02-11,6.5625,6.5625,6.375,6.40625,5,0,0,1972-02-07,1972-02-11,0,True,True
1972-02-18,6.40625,6.5,6.375,6.5,5,0,0,1972-02-14,1972-02-18,0,True,True
1972-02-25,6.5,6.53125,6.4375,6.53125,4,0,0,1972-02-22,1972-02-25,0,True,True
1972-03-03,6.53125,6.53125,6.4375,6.46875,5,0,0,1972-02-28,1972-03-03,0,True,True
1972-03-10,6.46875,6.5625,6.46875,6.46875,5,0,0,1972-03-06,1972-03-10,0,True,True
1972-03-17,6.46875,6.53125,6.4375,6.5,5,0,0,1972-03-13,1972-03-17,0,True,True
1972-03-24,6.5,6.53125,6.375,6.375,5,0,0,1972-03-20,1972-03-24,0,True,True
1972-03-31,6.375,6.53125,6.375,6.53125,4,0,0,1972-03-27,1972-03-30,0,True,True
1972-04-07,6.53125,6.5625,6.4375,6.5,5,0,0,1972-04-03,1972-04-07,0,True,True
1972-04-14,6.5,6.53125,6.40625,6.4375,5,0,0,1972-04-10,1972-04-14,0,True,True
1972-04-21,6.4375,6.46875,6.40625,6.40625,5,0,0,1972-04-17,1972-04-21,0,True,True
1972-04-28,6.40625,6.46875,6.375,6.46875,5,0,0,1972-04-24,1972-04-28,0,True,True
1972-05-05,6.375,6.375,6.25,6.28125,5,0,0,1972-05-01,1972-05-05,0,True,True
1972-05-12,6.28125,6.3125,6.21875,6.28125,5,0,0,1972-05-08,1972-05-12,0,True,True
1972-05-19,6.28125,6.3125,6.21875,6.25,5,0,0,1972-05-15,1972-05-19,0,True,True
1972-05-26,6.25,6.28125,6,6.09375,5,0,0,1972-05-22,1972-05-26,0,True,True
1972-06-02,6.09375,6.15625,6.03125,6.0625,4,0,0,1972-05-30,1972-06-02,0,True,True
1972-06-09,6.0625,6.125,6,6.09375,5,0,0,1972-06-05,1972-06-09,0,True,True
1972-06-16,6.09375,6.21875,6.0625,6.1875,5,0,0,1972-06-12,1972-06-16,0,True,True
1972-06-23,6.21875,6.28125,6.21875,6.28125,5,0,0,1972-06-19,1972-06-23,0,True,True
1972-06-30,6.28125,6.28125,6.1875,6.21875,5,0,0,1972-06-26,1972-06-30,0,True,True
1972-07-07,6.21875,6.3125,6.21875,6.28125,4,0,0,1972-07-03,1972-07-07,0,True,True
1972-07-14,6.28125,6.34375,6.25,6.3125,5,0,0,1972-07-10,1972-07-14,0,True,True
1972-07-21,6.3125,6.3125,6.25,6.28125,5,0,0,1972-07-17,1972-07-21,0,True,True
1972-07-28,6.28125,6.375,6.28125,6.34375,5,0,0,1972-07-24,1972-07-28,0,True,True
1972-08-04,6.25,6.28125,6.1875,6.21875,5,0,0,1972-07-31,1972-08-04,0,True,True
1972-08-11,6.21875,6.28125,6.1875,6.1875,5,0,0,1972-08-07,1972-08-11,0,True,True
1972-08-18,6.1875,6.25,6.1875,6.1875,5,0,0,1972-08-14,1972-08-18,0,True,True
1972-08-25,6.1875,6.25,6.1875,6.1875,5,0,0,1972-08-21,1972-08-25,0,True,True
1972-09-01,6.1875,6.25,6.1875,6.25,5,0,0,1972-08-28,1972-09-01,0,True,True
1972-09-08,6.25,6.25,6.1875,6.1875,4,0,0,1972-09-05,1972-09-08,0,True,True
1972-09-15,6.1875,6.21875,6.15625,6.1875,5,0,0,1972-09-11,1972-09-15,0,True,True
1972-09-22,6.1875,6.25,6.15625,6.21875,5,0,0,1972-09-18,1972-09-22,0,True,True
1972-09-29,6.21875,6.25,6.1875,6.21875,5,0,0,1972-09-25,1972-09-29,0,True,True
1972-10-06,6.21875,6.25,6.1875,6.1875,5,0,0,1972-10-02,1972-10-06,0,True,True
1972-10-13,6.1875,6.25,6.1875,6.25,5,0,0,1972-10-09,1972-10-13,0,True,True
1972-10-20,6.25,6.28125,6.1875,6.25,5,0,0,1972-10-16,1972-10-20,0,True,True
1972-10-27,6.25,6.40625,6.25,6.40625,5,0,0,1972-10-23,1972-10-27,0,True,True
1972-11-03,6.3125,6.3125,6.1875,6.25,5,0,0,1972-10-30,1972-11-03,0,True,True
1972-11-10,6.25,6.28125,6.21875,6.25,4,0,0,1972-11-06,1972-11-10,0,True,True
1972-11-17,6.25,6.25,6.1875,6.25,5,0,0,1972-11-13,1972-11-17,0,True,True
1972-11-24,6.25,6.4375,6.21875,6.40625,4,0,0,1972-11-20,1972-11-24,0,True,True
1972-12-01,6.40625,6.4375,6.375,6.4375,5,0,0,1972-11-27,1972-12-01,0,True,True
1972-12-08,6.4375,6.46875,6.28125,6.34375,5,0,0,1972-12-04,1972-12-08,0,True,True
1972-12-15,6.34375,6.34375,6.25,6.25,5,0,0,1972-12-11,1972-12-15,0,True,True
1972-12-22,6.25,6.3125,6.21875,6.28125,5,0,0,1972-12-18,1972-12-22,0,True,True
1972-12-29,6.28125,6.28125,6.21875,6.25,3,0,0,1972-12-26,1972-12-29,0,True,True
1973-01-05,6.375,6.5,6.375,6.5,4,0,0,1973-01-02,1973-01-05,0,True,True
1973-01-12,6.5,6.5,6.3125,6.34375,5,0,0,1973-01-08,1973-01-12,0,True,True
1973-01-19,6.34375,6.4375,6.3125,6.3125,5,0,0,1973-01-15,1973-01-19,0,True,True
1973-01-26,6.34375,6.40625,6.28125,6.3125,4,0,0,1973-01-22,1973-01-26,0,True,True
1973-02-02,6.3125,6.40625,6.15625,6.1875,5,0,0,1973-01-29,1973-02-02,0,True,True
1973-02-09,6.1875,6.21875,6.15625,6.1875,5,0,0,1973-02-05,1973-02-09,0,True,True
1973-02-16,6.1875,6.21875,6.15625,6.1875,5,0,0,1973-02-12,1973-02-16,0,True,True
1973-02-23,6.1875,6.21875,6.125,6.125,4,0,0,1973-02-20,1973-02-23,0,True,True
1973-03-02,6.125,6.15625,6.09375,6.125,5,0,0,1973-02-26,1973-03-02,0,True,True
1973-03-09,6.125,6.1875,6.0625,6.125,5,0,0,1973-03-05,1973-03-09,0,True,True
1973-03-16,6.125,6.125,6.0625,6.09375,5,0,0,1973-03-12,1973-03-16,0,True,True
1973-03-23,6.09375,6.125,6,6,5,0,0,1973-03-19,1973-03-23,0,True,True
1973-03-30,6,6.09375,6,6,5,0,0,1973-03-26,1973-03-30,0,True,True
1973-04-06,6,6.125,6,6.0625,5,0,0,1973-04-02,1973-04-06,0,True,True
1973-04-13,6.0625,6.1875,6.0625,6.125,5,0,0,1973-04-09,1973-04-13,0,True,True
1973-04-20,6.125,6.15625,6.0625,6.125,4,0,0,1973-04-16,1973-04-19,0,True,True
1973-04-27,6.125,6.1875,6.0625,6.125,5,0,0,1973-04-23,1973-04-27,0,True,True
1973-05-04,6.125,6.21875,6,6,5,0,0,1973-04-30,1973-05-04,0,True,True
1973-05-11,6,6.0625,5.9375,5.96875,5,0,0,1973-05-07,1973-05-11,0,True,True
1973-05-18,5.96875,6,5.875,5.875,5,0,0,1973-05-14,1973-05-18,0,True,True
1973-05-25,5.875,5.9375,5.78125,5.90625,5,0,0,1973-05-21,1973-05-25,0,True,True
1973-06-01,5.90625,5.9375,5.78125,5.84375,4,0,0,1973-05-29,1973-06-01,0,True,True
1973-06-08,5.84375,5.875,5.78125,5.84375,5,0,0,1973-06-04,1973-06-08,0,True,True
1973-06-15,5.84375,5.84375,5.78125,5.8125,5,0,0,1973-06-11,1973-06-15,0,True,True
1973-06-22,5.8125,5.84375,5.6875,5.75,5,0,0,1973-06-18,1973-06-22,0,True,True
1973-06-29,5.75,5.78125,5.65625,5.78125,5,0,0,1973-06-25,1973-06-29,0,True,True
1973-07-06,5.78125,5.78125,5.71875,5.71875,4,0,0,1973-07-02,1973-07-06,0,True,True
1973-07-13,5.71875,5.8125,5.71875,5.71875,5,0,0,1973-07-09,1973-07-13,0,True,True
1973-07-20,5.71875,5.78125,5.71875,5.78125,5,0,0,1973-07-16,1973-07-20,0,True,True
1973-07-27,5.75,5.75,5.6875,5.75,5,0,0,1973-07-23,1973-07-27,0,True,True
1973-08-03,5.75,5.75,5.5,5.53125,5,0,0,1973-07-30,1973-08-03,0,True,True
1973-08-10,5.53125,5.5625,5.3125,5.3125,5,0,0,1973-08-06,1973-08-10,0,True,True
1973-08-17,5.3125,5.4375,5.28125,5.375,5,0,0,1973-08-13,1973-08-17,0,True,True
1973-08-24,5.375,5.4375,5.375,5.40625,5,0,0,1973-08-20,1973-08-24,0,True,True
1973-08-31,5.40625,5.4375,5.34375,5.4375,5,0,0,1973-08-27,1973-08-31,0,True,True
1973-09-07,5.4375,5.71875,5.40625,5.6875,4,0,0,1973-09-04,1973-09-07,0,True,True
1973-09-14,5.6875,5.6875,5.4375,5.46875,5,0,0,1973-09-10,1973-09-14,0,True,True
1973-09-21,5.46875,5.59375,5.4375,5.53125,5,0,0,1973-09-17,1973-09-21,0,True,True
1973-09-28,5.53125,5.71875,5.5,5.625,5,0,0,1973-09-24,1973-09-28,0,True,True
1973-10-05,5.625,5.75,5.625,5.71875,5,0,0,1973-10-01,1973-10-05,0,True,True
1973-10-12,5.71875,5.75,5.6875,5.71875,5,0,0,1973-10-08,1973-10-12,0,True,True
1973-10-19,5.71875,5.71875,5.625,5.625,5,0,0,1973-10-15,1973-10-19,0,True,True
1973-10-26,5.625,5.71875,5.625,5.71875,5,0,0,1973-10-22,1973-10-26,0,True,True
1973-11-02,5.71875,5.75,5.4375,5.46875,5,0,0,1973-10-29,1973-11-02,0,True,True
1973-11-09,5.46875,5.46875,5.3125,5.34375,5,0,0,1973-11-05,1973-11-09,0,True,True
1973-11-16,5.34375,5.34375,5.15625,5.1875,5,0,0,1973-11-12,1973-11-16,0,True,True
1973-11-23,5.1875,5.21875,5.03125,5.0625,4,0,0,1973-11-19,1973-11-23,0,True,True
1973-11-30,5.0625,5.0625,5,5,5,0,0,1973-11-26,1973-11-30,0,True,True
1973-12-07,5,5.0625,4.625,4.875,5,0,0,1973-12-03,1973-12-07,0,True,True
1973-12-14,4.875,4.96875,4.6875,4.75,5,0,0,1973-12-10,1973-12-14,0,True,True
1973-12-21,4.75,4.78125,4.59375,4.6875,5,0,0,1973-12-17,1973-12-21,0,True,True
1973-12-28,4.6875,4.75,4.625,4.6875,4,0,0,1973-12-24,1973-12-28,0,True,True
1974-01-04,4.6875,5.375,4.625,5.34375,4,0,0,1973-12-31,1974-01-04,0,True,True
1974-01-11,5.34375,5.375,4.71875,4.96875,5,0,0,1974-01-07,1974-01-11,0,True,True
1974-01-18,4.96875,5.09375,4.96875,5.0625,5,0,0,1974-01-14,1974-01-18,0,True,True
1974-01-25,5.0625,5.0625,4.96875,5,5,0,0,1974-01-21,1974-01-25,0,True,True
1974-02-01,5,5.25,5,5.03125,5,0,0,1974-01-28,1974-02-01,0,True,True
1974-02-08,5.03125,5.09375,5,5.03125,5,0,0,1974-02-04,1974-02-08,0,True,True
1974-02-15,5.03125,5.28125,5.03125,5.28125,5,0,0,1974-02-11,1974-02-15,0,True,True
1974-02-22,5.28125,5.375,5.25,5.34375,4,0,0,1974-02-19,1974-02-22,0,True,True
1974-03-01,5.34375,5.34375,5.25,5.28125,5,0,0,1974-02-25,1974-03-01,0,True,True
1974-03-08,5.28125,5.3125,5.1875,5.21875,5,0,0,1974-03-04,1974-03-08,0,True,True
1974-03-15,5.21875,5.25,5.0625,5.09375,5,0,0,1974-03-11,1974-03-15,0,True,True
1974-03-22,5.09375,5.125,5,5.03125,5,0,0,1974-03-18,1974-03-22,0,True,True
1974-03-29,5.03125,5.09375,5,5,5,0,0,1974-03-25,1974-03-29,0,True,True
1974-04-05,4.90625,4.90625,4.75,4.75,5,0,0,1974-04-01,1974-04-05,0,True,True
1974-04-12,4.71875,4.71875,4.5,4.5625,4,0,0,1974-04-08,1974-04-11,0,True,True
1974-04-19,4.5625,4.59375,4.5,4.53125,5,0,0,1974-04-15,1974-04-19,0,True,True
1974-04-26,4.53125,4.53125,3,3.09375,5,0,0,1974-04-22,1974-04-26,0,True,True
1974-05-03,3.0625,3.0625,2.375,2.40625,5,0,0,1974-04-29,1974-05-03,0,True,True
1974-05-10,2.40625,2.53125,1.90625,1.90625,5,0,0,1974-05-06,1974-05-10,0,True,True
1974-05-17,1.9375,2.125,1.75,2.125,5,0,0,1974-05-13,1974-05-17,0,True,True
1974-05-24,2.15625,2.28125,1.90625,2.03125,5,0,0,1974-05-20,1974-05-24,0,True,True
1974-05-31,2.03125,2.09375,1.875,1.875,4,0,0,1974-05-28,1974-05-31,0,True,True
1974-06-07,1.90625,1.96875,1.8125,1.8125,5,0,0,1974-06-03,1974-06-07,0,True,True
1974-06-14,1.8125,1.875,1.75,1.75,5,0,0,1974-06-10,1974-06-14,0,True,True
1974-06-21,1.75,1.78125,1.5,1.53125,5,0,0,1974-06-17,1974-06-21,0,True,True
1974-06-28,1.53125,1.6875,1.53125,1.5625,5,0,0,1974-06-24,1974-06-28,0,True,True
1974-07-05,1.5625,1.65625,1.53125,1.65625,4,0,0,1974-07-01,1974-07-05,0,True,True
1974-07-12,1.65625,1.6875,1.53125,1.59375,5,0,0,1974-07-08,1974-07-12,0,True,True
1974-07-19,1.59375,1.8125,1.5625,1.8125,5,0,0,1974-07-15,1974-07-19,0,True,True
1974-07-26,1.8125,2.25,1.8125,2.1875,5,0,0,1974-07-22,1974-07-26,0,True,True
1974-08-02,2.1875,2.21875,1.9375,1.96875,5,0,0,1974-07-29,1974-08-02,0,True,True
1974-08-09,1.96875,2.09375,1.96875,2.0625,5,0,0,1974-08-05,1974-08-09,0,True,True
1974-08-16,2.0625,2.0625,1.9375,1.9375,5,0,0,1974-08-12,1974-08-16,0,True,True
1974-08-23,1.9375,1.96875,1.78125,1.8125,5,0,0,1974-08-19,1974-08-23,0,True,True
1974-08-30,1.8125,1.84375,1.75,1.78125,5,0,0,1974-08-26,1974-08-30,0,True,True
1974-09-06,1.78125,1.8125,1.625,1.6875,4,0,0,1974-09-03,1974-09-06,0,True,True
1974-09-13,1.6875,1.75,1.5,1.53125,5,0,0,1974-09-09,1974-09-13,0,True,True
1974-09-20,1.53125,1.78125,1.53125,1.75,5,0,0,1974-09-16,1974-09-20,0,True,True
1974-09-27,1.75,1.78125,1.65625,1.6875,5,0,0,1974-09-23,1974-09-27,0,True,True
1974-10-04,1.6875,1.71875,1.625,1.65625,5,0,0,1974-09-30,1974-10-04,0,True,True
1974-10-11,1.65625,2.0625,1.65625,2,5,0,0,1974-10-07,1974-10-11,0,True,True
1974-10-18,2,2.03125,1.8125,1.9375,5,0,0,1974-10-14,1974-10-18,0,True,True
1974-10-25,1.9375,2.125,1.84375,1.875,5,0,0,1974-10-21,1974-10-25,0,True,True
1974-11-01,1.875,1.9375,1.75,1.75,5,0,0,1974-10-28,1974-11-01,0,True,True
1974-11-08,1.75,1.8125,1.71875,1.75,5,0,0,1974-11-04,1974-11-08,0,True,True
1974-11-15,1.75,1.96875,1.71875,1.84375,5,0,0,1974-11-11,1974-11-15,0,True,True
1974-11-22,1.84375,1.875,1.75,1.75,5,0,0,1974-11-18,1974-11-22,0,True,True
1974-11-29,1.75,1.75,1.6875,1.75,4,0,0,1974-11-25,1974-11-29,0,True,True
1974-12-06,1.75,1.75,1.625,1.625,5,0,0,1974-12-02,1974-12-06,0,True,True
1974-12-13,1.625,1.75,1.5625,1.75,5,0,0,1974-12-09,1974-12-13,0,True,True
1974-12-20,1.75,1.75,1.6875,1.6875,5,0,0,1974-12-16,1974-12-20,0,True,True
1974-12-27,1.6875,1.71875,1.65625,1.6875,4,0,0,1974-12-23,1974-12-27,0,True,True
1975-01-03,1.6875,2.21875,1.6875,2.21875,4,0,0,1974-12-30,1975-01-03,0,True,True
1975-01-10,2.21875,2.3125,2.125,2.28125,5,0,0,1975-01-06,1975-01-10,0,True,True
1975-01-17,2.28125,2.3125,2.1875,2.21875,5,0,0,1975-01-13,1975-01-17,0,True,True
1975-01-24,2.21875,2.5625,2.1875,2.5625,5,0,0,1975-01-20,1975-01-24,0,True,True
1975-01-31,2.5625,2.96875,2.5625,2.71875,5,0,0,1975-01-27,1975-01-31,0,True,True
1975-02-07,2.71875,2.84375,2.71875,2.75,5,0,0,1975-02-03,1975-02-07,0,True,True
1975-02-14,2.75,2.75,2.59375,2.625,5,0,0,1975-02-10,1975-02-14,0,True,True
1975-02-21,2.625,2.65625,2.5625,2.59375,4,0,0,1975-02-18,1975-02-21,0,True,True
1975-02-28,2.59375,2.6875,2.53125,2.65625,5,0,0,1975-02-24,1975-02-28,0,True,True
1975-03-07,2.6875,3.09375,2.6875,3.03125,5,0,0,1975-03-03,1975-03-07,0,True,True
1975-03-14,3.03125,3.03125,2.90625,3,5,0,0,1975-03-10,1975-03-14,0,True,True
1975-03-21,3,3.0625,2.9375,2.9375,5,0,0,1975-03-17,1975-03-21,0,True,True
1975-03-28,2.90625,2.90625,2.65625,2.78125,4,0,0,1975-03-24,1975-03-27,0,True,True
1975-04-04,2.78125,2.84375,2.75,2.75,5,0,0,1975-03-31,1975-04-04,0,True,True
1975-04-11,2.8125,2.9375,2.8125,2.90625,5,0,0,1975-04-07,1975-04-11,0,True,True
1975-04-18,2.90625,2.96875,2.875,2.96875,5,0,0,1975-04-14,1975-04-18,0,True,True
1975-04-25,2.96875,3.0625,2.875,3.0625,5,0,0,1975-04-21,1975-04-25,0,True,True
1975-05-02,3.0625,3.09375,3,3.03125,5,0,0,1975-04-28,1975-05-02,0,True,True
1975-05-09,3.03125,3.03125,2.8125,2.90625,5,0,0,1975-05-05,1975-05-09,0,True,True
1975-05-16,2.90625,3.03125,2.875,2.90625,5,0,0,1975-05-12,1975-05-16,0,True,True
1975-05-23,2.90625,3,2.875,2.90625,5,0,0,1975-05-19,1975-05-23,0,True,True
1975-05-30,2.90625,2.9375,2.8125,2.9375,4,0,0,1975-05-27,1975-05-30,0,True,True
1975-06-06,2.9375,3.4375,2.9375,3.21875,5,0,0,1975-06-02,1975-06-06,0,True,True
1975-06-13,3.21875,3.4375,3.125,3.4375,5,0,0,1975-06-09,1975-06-13,0,True,True
1975-06-20,3.4375,3.625,3.375,3.53125,5,0,0,1975-06-16,1975-06-20,0,True,True
1975-06-27,3.53125,3.625,3.5,3.5,5,0,0,1975-06-23,1975-06-27,0,True,True
1975-07-04,3.5,3.53125,3.21875,3.34375,4,0,0,1975-06-30,1975-07-03,0,True,True
1975-07-11,3.34375,3.4375,3.25,3.40625,5,0,0,1975-07-07,1975-07-11,0,True,True
1975-07-18,3.40625,3.4375,3.28125,3.34375,5,0,0,1975-07-14,1975-07-18,0,True,True
1975-07-25,3.34375,3.375,3.15625,3.25,5,0,0,1975-07-21,1975-07-25,0,True,True
1975-08-01,3.25,3.25,3.09375,3.09375,5,0,0,1975-07-28,1975-08-01,0,True,True
1975-08-08,3.09375,3.21875,3,3.09375,5,0,0,1975-08-04,1975-08-08,0,True,True
1975-08-15,3.09375,3.1875,3,3.15625,5,0,0,1975-08-11,1975-08-15,0,True,True
1975-08-22,3.15625,3.15625,2.9375,3,5,0,0,1975-08-18,1975-08-22,0,True,True
1975-08-29,3,3.125,2.9375,3.0625,5,0,0,1975-08-25,1975-08-29,0,True,True
1975-09-05,3.0625,3.09375,2.96875,3,4,0,0,1975-09-02,1975-09-05,0,True,True
1975-09-12,3,3.0625,2.9375,2.96875,5,0,0,1975-09-08,1975-09-12,0,True,True
1975-09-19,2.96875,3.03125,2.9375,3.03125,5,0,0,1975-09-15,1975-09-19,0,True,True
1975-09-26,3.03125,3.09375,3,3.0625,5,0,0,1975-09-22,1975-09-26,0,True,True
1975-10-03,3.0625,3.09375,3,3.03125,5,0,0,1975-09-29,1975-10-03,0,True,True
1975-10-10,3.03125,3.28125,3.03125,3.25,5,0,0,1975-10-06,1975-10-10,0,True,True
1975-10-17,3.25,3.46875,3.21875,3.34375,5,0,0,1975-10-13,1975-10-17,0,True,True
1975-10-24,3.34375,3.4375,3.28125,3.34375,5,0,0,1975-10-20,1975-10-24,0,True,True
1975-10-31,3.34375,3.4375,3.0625,3.21875,5,0,0,1975-10-27,1975-10-31,0,True,True
1975-11-07,3.21875,3.21875,3,3.03125,5,0,0,1975-11-03,1975-11-07,0,True,True
1975-11-14,3.03125,3.3125,3,3.28125,5,0,0,1975-11-10,1975-11-14,0,True,True
1975-11-21,3.28125,3.34375,3.25,3.3125,5,0,0,1975-11-17,1975-11-21,0,True,True
1975-11-28,3.3125,3.40625,3.28125,3.34375,4,0,0,1975-11-24,1975-11-28,0,True,True
1975-12-05,3.34375,3.40625,3.1875,3.1875,5,0,0,1975-12-01,1975-12-05,0,True,True
1975-12-12,3.1875,3.25,3.15625,3.21875,5,0,0,1975-12-08,1975-12-12,0,True,True
1975-12-19,3.21875,3.34375,3.1875,3.34375,5,0,0,1975-12-15,1975-12-19,0,True,True
1975-12-26,3.34375,3.5625,3.28125,3.5625,4,0,0,1975-12-22,1975-12-26,0,True,True
1976-01-02,3.5625,3.875,3.53125,3.875,4,0,0,1975-12-29,1976-01-02,0,True,True
1976-01-09,3.875,4,3.84375,3.84375,5,0,0,1976-01-05,1976-01-09,0,True,True
1976-01-16,3.84375,4.15625,3.84375,4.15625,5,0,0,1976-01-12,1976-01-16,0,True,True
1976-01-23,4.15625,4.25,4.09375,4.21875,5,0,0,1976-01-19,1976-01-23,0,True,True
1976-01-30,4.21875,4.5,4.15625,4.4375,5,0,0,1976-01-26,1976-01-30,0,True,True
1976-02-06,4.4375,4.46875,4.1875,4.21875,5,0,0,1976-02-02,1976-02-06,0,True,True
1976-02-13,4.21875,4.25,4.09375,4.125,5,0,0,1976-02-09,1976-02-13,0,True,True
1976-02-20,4.125,4.25,4.09375,4.21875,4,0,0,1976-02-17,1976-02-20,0,True,True
1976-02-27,4.1875,4.21875,4.125,4.1875,5,0,0,1976-02-23,1976-02-27,0,True,True
1976-03-05,4.1875,4.21875,4.125,4.1875,5,0,0,1976-03-01,1976-03-05,0,True,True
1976-03-12,4.1875,4.21875,4.125,4.15625,5,0,0,1976-03-08,1976-03-12,0,True,True
1976-03-19,4.15625,4.1875,4.0625,4.15625,5,0,0,1976-03-15,1976-03-19,0,True,True
1976-03-26,4.15625,4.1875,4.03125,4.125,5,0,0,1976-03-22,1976-03-26,0,True,True
1976-04-02,4.125,4.1875,4.09375,4.15625,5,0,0,1976-03-29,1976-04-02,0,True,True
1976-04-09,4.15625,4.21875,4.09375,4.1875,5,0,0,1976-04-05,1976-04-09,0,True,True
1976-04-16,4.1875,4.21875,4.125,4.1875,4,0,0,1976-04-12,1976-04-15,0,True,True
1976-04-23,4.1875,4.4375,4.15625,4.4375,5,0,0,1976-04-19,1976-04-23,0,True,True
1976-04-30,4.4375,4.53125,4.28125,4.3125,5,0,0,1976-04-26,1976-04-30,0,True,True
1976-05-07,4.3125,4.375,4.1875,4.21875,5,0,0,1976-05-03,1976-05-07,0,True,True
1976-05-14,4.21875,4.25,4.125,4.21875,5,0,0,1976-05-10,1976-05-14,0,True,True
1976-05-21,4.21875,4.25,4.15625,4.25,5,0,0,1976-05-17,1976-05-21,0,True,True
1976-05-28,4.25,4.25,4.15625,4.21875,5,0,0,1976-05-24,1976-05-28,0,True,True
1976-06-04,4.21875,4.25,4.1875,4.21875,4,0,0,1976-06-01,1976-06-04,0,True,True
1976-06-11,4.21875,4.28125,4.09375,4.28125,5,0,0,1976-06-07,1976-06-11,0,True,True
1976-06-18,4.28125,4.34375,4.21875,4.28125,5,0,0,1976-06-14,1976-06-18,0,True,True
1976-06-25,4.28125,4.34375,4.25,4.3125,5,0,0,1976-06-21,1976-06-25,0,True,True
1976-07-02,4.3125,4.5,4.28125,4.5,5,0,0,1976-06-28,1976-07-02,0,True,True
1976-07-09,4.5,4.65625,4.46875,4.65625,4,0,0,1976-07-06,1976-07-09,0,True,True
1976-07-16,4.65625,4.8125,4.625,4.65625,5,0,0,1976-07-12,1976-07-16,0,True,True
1976-07-23,4.65625,4.75,4.625,4.75,5,0,0,1976-07-19,1976-07-23,0,True,True
1976-07-30,4.75,4.75,4.5,4.625,5,0,0,1976-07-26,1976-07-30,0,True,True
1976-08-06,4.625,4.71875,4.5625,4.625,5,0,0,1976-08-02,1976-08-06,0,True,True
1976-08-13,4.625,4.75,4.5625,4.6875,5,0,0,1976-08-09,1976-08-13,0,True,True
1976-08-20,4.6875,4.78125,4.5625,4.65625,5,0,0,1976-08-16,1976-08-20,0,True,True
1976-08-27,4.625,4.75,4.5,4.75,5,0,0,1976-08-23,1976-08-27,0,True,True
1976-09-03,4.75,4.84375,4.71875,4.84375,5,0,0,1976-08-30,1976-09-03,0,True,True
1976-09-10,4.84375,5,4.78125,5,4,0,0,1976-09-07,1976-09-10,0,True,True
1976-09-17,5,5,4.9375,4.9375,5,0,0,1976-09-13,1976-09-17,0,True,True
1976-09-24,4.9375,5,4.875,4.9375,5,0,0,1976-09-20,1976-09-24,0,True,True
1976-10-01,4.9375,4.96875,4.75,4.84375,5,0,0,1976-09-27,1976-10-01,0,True,True
1976-10-08,4.875,4.9375,4.78125,4.78125,5,0,0,1976-10-04,1976-10-08,0,True,True
1976-10-15,4.78125,4.8125,4.75,4.78125,5,0,0,1976-10-11,1976-10-15,0,True,True
1976-10-22,4.78125,4.84375,4.59375,4.71875,5,0,0,1976-10-18,1976-10-22,0,True,True
1976-10-29,4.71875,4.78125,4.6875,4.75,5,0,0,1976-10-25,1976-10-29,0,True,True
1976-11-05,4.75,4.78125,4.65625,4.6875,4,0,0,1976-11-01,1976-11-05,0,True,True
1976-11-12,4.6875,4.71875,4.625,4.6875,5,0,0,1976-11-08,1976-11-12,0,True,True
1976-11-19,4.6875,4.6875,4.625,4.65625,5,0,0,1976-11-15,1976-11-19,0,True,True
1976-11-26,4.65625,4.71875,4.625,4.6875,4,0,0,1976-11-22,1976-11-26,0,True,True
1976-12-03,4.6875,5.03125,4.6875,5.03125,5,0,0,1976-11-29,1976-12-03,0,True,True
1976-12-10,5.03125,5.0625,4.90625,4.96875,5,0,0,1976-12-06,1976-12-10,0,True,True
1976-12-17,4.96875,5,4.90625,5,5,0,0,1976-12-13,1976-12-17,0,True,True
1976-12-24,5,5,4.90625,5,4,0,0,1976-12-20,1976-12-23,0,True,True
1976-12-31,5,5.25,4.96875,5.25,5,0,0,1976-12-27,1976-12-31,0,True,True
1977-01-07,5.25,5.34375,5.1875,5.3125,5,0,0,1977-01-03,1977-01-07,0,True,True
1977-01-14,5.3125,5.4375,5.28125,5.40625,5,0,0,1977-01-10,1977-01-14,0,True,True
1977-01-21,5.40625,5.46875,5.34375,5.40625,5,0,0,1977-01-17,1977-01-21,0,True,True
1977-01-28,5.40625,5.8125,5.34375,5.71875,5,0,0,1977-01-24,1977-01-28,0,True,True
1977-02-04,5.71875,5.75,5.375,5.4375,5,0,0,1977-01-31,1977-02-04,0,True,True
1977-02-11,5.4375,5.46875,5.375,5.40625,5,0,0,1977-02-07,1977-02-11,0,True,True
1977-02-18,5.40625,5.5,5.375,5.46875,5,0,0,1977-02-14,1977-02-18,0,True,True
1977-02-25,5.46875,5.5625,5.28125,5.5,4,0,0,1977-02-22,1977-02-25,0,True,True
1977-03-04,5.5,5.625,5.5,5.625,5,0,0,1977-02-28,1977-03-04,0,True,True
1977-03-11,5.625,5.65625,5.53125,5.59375,5,0,0,1977-03-07,1977-03-11,0,True,True
1977-03-18,5.59375,5.625,5.5,5.625,5,0,0,1977-03-14,1977-03-18,0,True,True
1977-03-25,5.625,5.625,5.5,5.53125,5,0,0,1977-03-21,1977-03-25,0,True,True
1977-04-01,5.53125,5.59375,5.5,5.5625,5,0,0,1977-03-28,1977-04-01,0,True,True
1977-04-08,5.5625,5.5625,5.5,5.5625,4,0,0,1977-04-04,1977-04-07,0,True,True
1977-04-15,5.5625,5.65625,5.5,5.625,5,0,0,1977-04-11,1977-04-15,0,True,True
1977-04-22,5.625,5.65625,5.59375,5.625,5,0,0,1977-04-18,1977-04-22,0,True,True
1977-04-29,5.625,5.6875,5.5625,5.65625,5,0,0,1977-04-25,1977-04-29,0,True,True
1977-05-06,5.65625,5.71875,5.5,5.5625,5,0,0,1977-05-02,1977-05-06,0,True,True
1977-05-13,5.5625,5.59375,5.53125,5.5625,5,0,0,1977-05-09,1977-05-13,0,True,True
1977-05-20,5.5625,5.625,5.53125,5.5625,5,0,0,1977-05-16,1977-05-20,0,True,True
1977-05-27,5.5625,5.625,5.5,5.53125,5,0,0,1977-05-23,1977-05-27,0,True,True
1977-06-03,5.53125,5.5625,5.5,5.5,4,0,0,1977-05-31,1977-06-03,0,True,True
1977-06-10,5.5,5.59375,5.5,5.59375,5,0,0,1977-06-06,1977-06-10,0,True,True
1977-06-17,5.59375,5.71875,5.53125,5.6875,5,0,0,1977-06-13,1977-06-17,0,True,True
1977-06-24,5.6875,6,5.6875,5.96875,5,0,0,1977-06-20,1977-06-24,0,True,True
1977-07-01,5.96875,6.09375,5.9375,6.0625,5,0,0,1977-06-27,1977-07-01,0,True,True
1977-07-08,6.0625,6.125,6.0625,6.09375,4,0,0,1977-07-05,1977-07-08,0,True,True
1977-07-15,6.09375,6.28125,5.8125,5.9375,4,0,0,1977-07-11,1977-07-15,0,True,True
1977-07-22,5.84375,6,5.65625,6,5,0,0,1977-07-18,1977-07-22,0,True,True
1977-07-29,5.96875,6,5.875,5.90625,5,0,0,1977-07-25,1977-07-29,0,True,True
1977-08-05,5.90625,5.96875,5.5,5.53125,5,0,0,1977-08-01,1977-08-05,0,True,True
1977-08-12,5.53125,5.875,5.53125,5.78125,5,0,0,1977-08-08,1977-08-12,0,True,True
1977-08-19,5.78125,5.78125,5.59375,5.59375,5,0,0,1977-08-15,1977-08-19,0,True,True
1977-08-26,5.59375,5.6875,5.53125,5.5625,5,0,0,1977-08-22,1977-08-26,0,True,True
1977-09-02,5.5625,5.65625,5.53125,5.59375,5,0,0,1977-08-29,1977-09-02,0,True,True
1977-09-09,5.59375,5.65625,5.5625,5.59375,4,0,0,1977-09-06,1977-09-09,0,True,True
1977-09-16,5.59375,5.90625,5.5625,5.875,5,0,0,1977-09-12,1977-09-16,0,True,True
1977-09-23,5.875,5.875,5.71875,5.8125,5,0,0,1977-09-19,1977-09-23,0,True,True
1977-09-30,5.8125,5.8125,5.6875,5.71875,5,0,0,1977-09-26,1977-09-30,0,True,True
1977-10-07,5.71875,6.0625,5.71875,6,5,0,0,1977-10-03,1977-10-07,0,True,True
1977-10-14,6,6.03125,5.6875,5.75,5,0,0,1977-10-10,1977-10-14,0,True,True
1977-10-21,5.75,5.96875,5.75,5.875,5,0,0,1977-10-17,1977-10-21,0,True,True
1977-10-28,5.875,5.9375,5.71875,5.90625,5,0,0,1977-10-24,1977-10-28,0,True,True
1977-11-04,5.90625,5.9375,5.75,5.84375,5,0,0,1977-10-31,1977-11-04,0,True,True
1977-11-11,5.84375,6.0625,5.8125,6.0625,5,0,0,1977-11-07,1977-11-11,0,True,True
1977-11-18,6.0625,6.34375,6,6.125,5,0,0,1977-11-14,1977-11-18,0,True,True
1977-11-25,6.125,6.25,6.0625,6.25,4,0,0,1977-11-21,1977-11-25,0,True,True
1977-12-02,6.25,6.4375,6.15625,6.375,5,0,0,1977-11-28,1977-12-02,0,True,True
1977-12-09,6.375,6.375,6.1875,6.21875,5,0,0,1977-12-05,1977-12-09,0,True,True
1977-12-16,6.21875,6.25,6.09375,6.21875,5,0,0,1977-12-12,1977-12-16,0,True,True
1977-12-23,6.21875,6.375,6.21875,6.3125,5,0,0,1977-12-19,1977-12-23,0,True,True
1977-12-30,6.3125,6.34375,6.25,6.34375,4,0,0,1977-12-27,1977-12-30,0,True,True
1978-01-06,6.34375,6.46875,6.125,6.15625,4,0,0,1978-01-03,1978-01-06,0,True,True
1978-01-13,6.125,6.125,5.75,6.03125,5,0,0,1978-01-09,1978-01-13,0,True,True
1978-01-20,6.03125,6.15625,6,6.125,5,0,0,1978-01-16,1978-01-20,0,True,True
1978-01-27,6.125,6.25,5.84375,5.90625,5,0,0,1978-01-23,1978-01-27,0,True,True
1978-02-03,5.90625,5.90625,5.71875,5.75,5,0,0,1978-01-30,1978-02-03,0,True,True
1978-02-10,5.75,5.75,5.65625,5.6875,5,0,0,1978-02-06,1978-02-10,0,True,True
1978-02-17,5.6875,5.75,5.6875,5.71875,5,0,0,1978-02-13,1978-02-17,0,True,True
1978-02-24,5.71875,5.75,5.625,5.65625,4,0,0,1978-02-21,1978-02-24,0,True,True
1978-03-03,5.65625,5.71875,5.65625,5.71875,5,0,0,1978-02-27,1978-03-03,0,True,True
1978-03-10,5.71875,5.8125,5.6875,5.75,5,0,0,1978-03-06,1978-03-10,0,True,True
1978-03-17,5.75,5.84375,5.65625,5.6875,5,0,0,1978-03-13,1978-03-17,0,True,True
1978-03-24,5.6875,5.78125,5.6875,5.75,4,0,0,1978-03-20,1978-03-23,0,True,True
1978-03-31,5.75,5.8125,5.6875,5.8125,5,0,0,1978-03-27,1978-03-31,0,True,True
1978-04-07,5.8125,5.84375,5.71875,5.78125,5,0,0,1978-04-03,1978-04-07,0,True,True
1978-04-14,5.78125,5.8125,5.6875,5.71875,5,0,0,1978-04-10,1978-04-14,0,True,True
1978-04-21,5.71875,5.78125,5.65625,5.75,5,0,0,1978-04-17,1978-04-21,0,True,True
1978-04-28,5.75,5.78125,5.6875,5.78125,5,0,0,1978-04-24,1978-04-28,0,True,True
1978-05-05,5.75,5.78125,5.53125,5.5625,5,0,0,1978-05-01,1978-05-05,0,True,True
1978-05-12,5.5625,5.5625,5.4375,5.46875,5,0,0,1978-05-08,1978-05-12,0,True,True
1978-05-19,5.46875,5.5625,5.46875,5.5625,5,0,0,1978-05-15,1978-05-19,0,True,True
1978-05-26,5.5625,5.59375,5.53125,5.5625,5,0,0,1978-05-22,1978-05-26,0,True,True
1978-06-02,5.5625,5.625,5.5,5.59375,4,0,0,1978-05-30,1978-06-02,0,True,True
1978-06-09,5.59375,5.71875,5.5,5.65625,5,0,0,1978-06-05,1978-06-09,0,True,True
1978-06-16,5.65625,5.71875,5.625,5.6875,5,0,0,1978-06-12,1978-06-16,0,True,True
1978-06-23,5.6875,5.78125,5.65625,5.71875,5,0,0,1978-06-19,1978-06-23,0,True,True
1978-06-30,5.71875,5.78125,5.65625,5.75,5,0,0,1978-06-26,1978-06-30,0,True,True
1978-07-07,5.75,5.8125,5.71875,5.8125,4,0,0,1978-07-03,1978-07-07,0,True,True
1978-07-14,5.8125,5.875,5.78125,5.84375,5,0,0,1978-07-10,1978-07-14,0,True,True
1978-07-21,5.84375,5.90625,5.8125,5.84375,5,0,0,1978-07-17,1978-07-21,0,True,True
1978-07-28,5.84375,5.875,5.625,5.8125,5,0,0,1978-07-24,1978-07-28,0,True,True
1978-08-04,5.8125,6,5.78125,5.875,5,0,0,1978-07-31,1978-08-04,0,True,True
1978-08-11,5.84375,5.90625,5.78125,5.90625,5,0,0,1978-08-07,1978-08-11,0,True,True
1978-08-18,5.90625,5.9375,5.84375,5.875,5,0,0,1978-08-14,1978-08-18,0,True,True
1978-08-25,5.875,5.875,5.78125,5.8125,5,0,0,1978-08-21,1978-08-25,0,True,True
1978-09-01,5.8125,5.84375,5.78125,5.8125,5,0,0,1978-08-28,1978-09-01,0,True,True
1978-09-08,5.8125,5.96875,5.78125,5.84375,4,0,0,1978-09-05,1978-09-08,0,True,True
1978-09-15,5.84375,5.96875,5.8125,5.84375,5,0,0,1978-09-11,1978-09-15,0,True,True
1978-09-22,5.84375,6.03125,5.84375,6.03125,5,0,0,1978-09-18,1978-09-22,0,True,True
1978-09-29,6.03125,6.1875,6,6.09375,5,0,0,1978-09-25,1978-09-29,0,True,True
1978-10-06,6.09375,6.15625,6.0625,6.125,5,0,0,1978-10-02,1978-10-06,0,True,True
1978-10-13,6.125,6.21875,6.0625,6.1875,5,0,0,1978-10-09,1978-10-13,0,True,True
1978-10-20,6.15625,6.15625,5.875,5.875,5,0,0,1978-10-16,1978-10-20,0,True,True
1978-10-27,5.875,5.9375,5.8125,5.84375,5,0,0,1978-10-23,1978-10-27,0,True,True
1978-11-03,5.8125,5.8125,5.5,5.5625,5,0,0,1978-10-30,1978-11-03,0,True,True
1978-11-10,5.5625,5.59375,5.46875,5.5625,5,0,0,1978-11-06,1978-11-10,0,True,True
1978-11-17,5.5625,5.6875,5.53125,5.59375,5,0,0,1978-11-13,1978-11-17,0,True,True
1978-11-24,5.59375,5.65625,5.5625,5.65625,4,0,0,1978-11-20,1978-11-24,0,True,True
1978-12-01,5.65625,5.8125,5.65625,5.78125,5,0,0,1978-11-27,1978-12-01,0,True,True
1978-12-08,5.78125,6.03125,5.75,6,5,0,0,1978-12-04,1978-12-08,0,True,True
1978-12-15,6,6.0625,5.84375,5.96875,5,0,0,1978-12-11,1978-12-15,0,True,True
1978-12-22,5.96875,6.03125,5.84375,5.875,5,0,0,1978-12-18,1978-12-22,0,True,True
1978-12-29,5.875,5.90625,5.78125,5.78125,4,0,0,1978-12-26,1978-12-29,0,True,True
1979-01-05,5.78125,5.875,5.78125,5.875,4,0,0,1979-01-02,1979-01-05,0,True,True
1979-01-12,5.875,6,5.8125,5.96875,5,0,0,1979-01-08,1979-01-12,0,True,True
1979-01-19,5.96875,6.0625,5.84375,6.03125,5,0,0,1979-01-15,1979-01-19,0,True,True
1979-01-26,6.03125,6.15625,6,6.15625,5,0,0,1979-01-22,1979-01-26,0,True,True
1979-02-02,6.15625,6.25,5.96875,6,5,0,0,1979-01-29,1979-02-02,0,True,True
1979-02-09,6,6.09375,5.96875,6.0625,5,0,0,1979-02-05,1979-02-09,0,True,True
1979-02-16,6.0625,6.09375,6.03125,6.09375,5,0,0,1979-02-12,1979-02-16,0,True,True
1979-02-23,6.09375,6.125,6.03125,6.09375,4,0,0,1979-02-20,1979-02-23,0,True,True
1979-03-02,6.09375,6.09375,5.96875,6.03125,5,0,0,1979-02-26,1979-03-02,0,True,True
1979-03-09,6.03125,6.0625,5.96875,6.03125,5,0,0,1979-03-05,1979-03-09,0,True,True
1979-03-16,6.03125,6.125,6,6.0625,5,0,0,1979-03-12,1979-03-16,0,True,True
1979-03-23,6.0625,6.125,5.96875,6,5,0,0,1979-03-19,1979-03-23,0,True,True
1979-03-30,6,6.09375,6,6,5,0,0,1979-03-26,1979-03-30,0,True,True
1979-04-06,6,6.03125,5.9375,6,5,0,0,1979-04-02,1979-04-06,0,True,True
1979-04-13,6,6,5.9375,6,4,0,0,1979-04-09,1979-04-12,0,True,True
1979-04-20,6,6.03125,5.90625,5.90625,5,0,0,1979-04-16,1979-04-20,0,True,True
1979-04-27,5.90625,5.9375,5.6875,5.6875,5,0,0,1979-04-23,1979-04-27,0,True,True
1979-05-04,5.6875,5.6875,5.53125,5.5625,5,0,0,1979-04-30,1979-05-04,0,True,True
1979-05-11,5.5625,5.59375,5.4375,5.4375,5,0,0,1979-05-07,1979-05-11,0,True,True
1979-05-18,5.4375,5.53125,5.25,5.53125,5,0,0,1979-05-14,1979-05-18,0,True,True
1979-05-25,5.53125,5.6875,5.5,5.6875,5,0,0,1979-05-21,1979-05-25,0,True,True
1979-06-01,5.6875,5.75,5.65625,5.6875,4,0,0,1979-05-29,1979-06-01,0,True,True
1979-06-08,5.6875,5.875,5.65625,5.875,5,0,0,1979-06-04,1979-06-08,0,True,True
1979-06-15,5.875,6.1875,5.84375,6.1875,5,0,0,1979-06-11,1979-06-15,0,True,True
1979-06-22,6.1875,6.21875,6.03125,6.125,5,0,0,1979-06-18,1979-06-22,0,True,True
1979-06-29,6.125,6.125,6,6.0625,5,0,0,1979-06-25,1979-06-29,0,True,True
1979-07-06,6.03125,6.125,6,6.09375,4,0,0,1979-07-02,1979-07-06,0,True,True
1979-07-13,6.09375,6.21875,6.09375,6.15625,5,0,0,1979-07-09,1979-07-13,0,True,True
1979-07-20,6.15625,6.1875,6.03125,6.0625,5,0,0,1979-07-16,1979-07-20,0,True,True
1979-07-27,6.0625,6.125,6,6.09375,5,0,0,1979-07-23,1979-07-27,0,True,True
1979-08-03,6.09375,6.1875,5.71875,5.9375,5,0,0,1979-07-30,1979-08-03,0,True,True
1979-08-10,5.9375,6,5.9375,5.9375,5,0,0,1979-08-06,1979-08-10,0,True,True
1979-08-17,5.9375,6,5.90625,5.96875,5,0,0,1979-08-13,1979-08-17,0,True,True
1979-08-24,5.96875,5.96875,5.75,5.84375,5,0,0,1979-08-20,1979-08-24,0,True,True
1979-08-31,5.84375,5.90625,5.8125,5.875,5,0,0,1979-08-27,1979-08-31,0,True,True
1979-09-07,5.875,5.90625,5.78125,5.84375,4,0,0,1979-09-04,1979-09-07,0,True,True
1979-09-14,5.84375,5.84375,5.78125,5.78125,5,0,0,1979-09-10,1979-09-14,0,True,True
1979-09-21,5.78125,5.9375,5.75,5.8125,5,0,0,1979-09-17,1979-09-21,0,True,True
1979-09-28,5.8125,5.9375,5.78125,5.875,5,0,0,1979-09-24,1979-09-28,0,True,True
1979-10-05,5.875,6.09375,5.8125,6.0625,5,0,0,1979-10-01,1979-10-05,0,True,True
1979-10-12,6.0625,6.0625,5.5,5.65625,5,0,0,1979-10-08,1979-10-12,0,True,True
1979-10-19,5.65625,5.6875,5.5,5.59375,5,0,0,1979-10-15,1979-10-19,0,True,True
1979-10-26,5.59375,5.84375,5.53125,5.5625,5,0,0,1979-10-22,1979-10-26,0,True,True
1979-11-02,5.5625,5.59375,5.4375,5.46875,5,0,0,1979-10-29,1979-11-02,0,True,True
1979-11-09,5.46875,5.53125,5.40625,5.5,5,0,0,1979-11-05,1979-11-09,0,True,True
1979-11-16,5.5,5.625,5.4375,5.59375,5,0,0,1979-11-12,1979-11-16,0,True,True
1979-11-23,5.59375,5.90625,5.5625,5.875,4,0,0,1979-11-19,1979-11-23,0,True,True
1979-11-30,5.875,6.0625,5.875,6.03125,5,0,0,1979-11-26,1979-11-30,0,True,True
1979-12-07,6.03125,6.0625,5.9375,5.9375,5,0,0,1979-12-03,1979-12-07,0,True,True
1979-12-14,5.9375,6.0625,5.90625,6.03125,5,0,0,1979-12-10,1979-12-14,0,True,True
1979-12-21,6.03125,6.15625,6.03125,6.0625,5,0,0,1979-12-17,1979-12-21,0,True,True
1979-12-28,6.0625,6.21875,6.03125,6.03125,4,0,0,1979-12-24,1979-12-28,0,True,True
1980-01-04,6.03125,6.09375,6,6.03125,4,0,0,1979-12-31,1980-01-04,0,True,True
1980-01-11,6.03125,6.1875,6,6.125,5,0,0,1980-01-07,1980-01-11,0,True,True
1980-01-18,6.125,6.15625,6.0625,6.125,5,0,0,1980-01-14,1980-01-18,0,True,True
1980-01-25,6.125,6.15625,6,6.03125,5,0,0,1980-01-21,1980-01-25,0,True,True
1980-02-01,6.03125,6.09375,5.59375,5.65625,5,0,0,1980-01-28,1980-02-01,0,True,True
1980-02-08,5.65625,5.65625,5.40625,5.4375,5,0,0,1980-02-04,1980-02-08,0,True,True
1980-02-15,5.4375,5.46875,5.28125,5.28125,5,0,0,1980-02-11,1980-02-15,0,True,True
1980-02-22,5.28125,5.28125,5,5.09375,4,0,0,1980-02-19,1980-02-22,0,True,True
1980-02-29,5.09375,5.3125,5.0625,5.3125,5,0,0,1980-02-25,1980-02-29,0,True,True
1980-03-07,5.3125,5.375,4.90625,5.03125,5,0,0,1980-03-03,1980-03-07,0,True,True
1980-03-14,5.03125,5.25,5,5.15625,5,0,0,1980-03-10,1980-03-14,0,True,True
1980-03-21,5.15625,5.4375,5.125,5.375,5,0,0,1980-03-17,1980-03-21,0,True,True
1980-03-28,5.375,5.40625,5.09375,5.28125,5,0,0,1980-03-24,1980-03-28,0,True,True
1980-04-04,5.28125,5.5625,5.25,5.5,4,0,0,1980-03-31,1980-04-03,0,True,True
1980-04-11,5.5,5.90625,5.46875,5.875,5,0,0,1980-04-07,1980-04-11,0,True,True
1980-04-18,5.875,6.09375,5.84375,6.03125,5,0,0,1980-04-14,1980-04-18,0,True,True
1980-04-25,6.03125,6.125,5.90625,6.0625,5,0,0,1980-04-21,1980-04-25,0,True,True
1980-05-02,6.09375,6.1875,5.875,5.90625,5,0,0,1980-04-28,1980-05-02,0,True,True
1980-05-09,5.9375,6.09375,5.9375,6.03125,5,0,0,1980-05-05,1980-05-09,0,True,True
1980-05-16,6.03125,6.15625,6,6.15625,5,0,0,1980-05-12,1980-05-16,0,True,True
1980-05-23,6.125,6.15625,6.0625,6.15625,5,0,0,1980-05-19,1980-05-23,0,True,True
1980-05-30,6.125,6.21875,6.0625,6.1875,4,0,0,1980-05-27,1980-05-30,0,True,True
1980-06-06,6.1875,6.21875,6,6.1875,5,0,0,1980-06-02,1980-06-06,0,True,True
1980-06-13,6.1875,6.375,6.1875,6.375,5,0,0,1980-06-09,1980-06-13,0,True,True
1980-06-20,6.375,6.625,6.34375,6.46875,5,0,0,1980-06-16,1980-06-20,0,True,True
1980-06-27,6.46875,6.5625,6.40625,6.5,5,0,0,1980-06-23,1980-06-27,0,True,True
1980-07-04,6.5,6.5,6.40625,6.46875,4,0,0,1980-06-30,1980-07-03,0,True,True
1980-07-11,6.46875,6.5,6.375,6.375,5,0,0,1980-07-07,1980-07-11,0,True,True
1980-07-18,6.375,6.46875,6.25,6.4375,5,0,0,1980-07-14,1980-07-18,0,True,True
1980-07-25,6.4375,6.46875,6.375,6.4375,5,0,0,1980-07-21,1980-07-25,0,True,True
1980-08-01,6.4375,6.4375,6,6.03125,5,0,0,1980-07-28,1980-08-01,0,True,True
1980-08-08,6.03125,6.21875,5.8125,5.875,5,0,0,1980-08-04,1980-08-08,0,True,True
1980-08-15,5.875,6.0625,5.84375,6,5,0,0,1980-08-11,1980-08-15,0,True,True
1980-08-22,5.9375,6,5.84375,5.90625,5,0,0,1980-08-18,1980-08-22,0,True,True
1980-08-29,5.90625,6.0625,5.90625,6.0625,5,0,0,1980-08-25,1980-08-29,0,True,True
1980-09-05,6.0625,6.21875,6.03125,6.0625,4,0,0,1980-09-02,1980-09-05,0,True,True
1980-09-12,6.0625,6.09375,5.96875,6.0625,5,0,0,1980-09-08,1980-09-12,0,True,True
1980-09-19,6.0625,6.21875,6.03125,6.1875,5,0,0,1980-09-15,1980-09-19,0,True,True
1980-09-26,6.1875,6.21875,5.96875,5.96875,5,0,0,1980-09-22,1980-09-26,0,True,True
1980-10-03,5.96875,6.03125,5.9375,6,5,0,0,1980-09-29,1980-10-03,0,True,True
1980-10-10,6,6.25,6,6.15625,5,0,0,1980-10-06,1980-10-10,0,True,True
1980-10-17,6.15625,6.3125,6.15625,6.21875,5,0,0,1980-10-13,1980-10-17,0,True,True
1980-10-24,6.21875,6.25,6.0625,6.125,5,0,0,1980-10-20,1980-10-24,0,True,True
1980-10-31,6.125,6.125,5.78125,5.875,5,0,0,1980-10-27,1980-10-31,0,True,True
1980-11-07,5.875,5.90625,5.3125,5.375,4,0,0,1980-11-03,1980-11-07,0,True,True
1980-11-14,5.375,5.75,5.28125,5.75,5,0,0,1980-11-10,1980-11-14,0,True,True
1980-11-21,5.6875,5.6875,5.59375,5.625,5,0,0,1980-11-17,1980-11-21,0,True,True
1980-11-28,5.625,5.65625,5.5,5.5,4,0,0,1980-11-24,1980-11-28,0,True,True
1980-12-05,5.5,5.5,5.28125,5.40625,5,0,0,1980-12-01,1980-12-05,0,True,True
1980-12-12,5.40625,5.46875,5.34375,5.4375,5,0,0,1980-12-08,1980-12-12,0,True,True
1980-12-19,5.4375,6.28125,5.40625,6.21875,5,0,0,1980-12-15,1980-12-19,0,True,True
1980-12-26,6.25,6.375,6.25,6.3125,4,0,0,1980-12-22,1980-12-26,0,True,True
1981-01-02,6.3125,6.375,6.21875,6.25,4,0,0,1980-12-29,1981-01-02,0,True,True
1981-01-09,6.28125,6.4375,6.125,6.15625,5,0,0,1981-01-05,1981-01-09,0,True,True
1981-01-16,6.15625,6.21875,6.03125,6.0625,5,0,0,1981-01-12,1981-01-16,0,True,True
1981-01-23,6.0625,6.1875,6.03125,6.03125,5,0,0,1981-01-19,1981-01-23,0,True,True
1981-01-30,6.03125,6.25,6.03125,6.125,5,0,0,1981-01-26,1981-01-30,0,True,True
1981-02-06,6.09375,6.09375,5.78125,5.8125,5,0,0,1981-02-02,1981-02-06,0,True,True
1981-02-13,5.8125,5.84375,5.65625,5.6875,5,0,0,1981-02-09,1981-02-13,0,True,True
1981-02-20,5.6875,5.71875,5.65625,5.71875,4,0,0,1981-02-17,1981-02-20,0,True,True
1981-02-27,5.71875,5.90625,5.6875,5.8125,5,0,0,1981-02-23,1981-02-27,0,True,True
1981-03-06,5.8125,5.9375,5.75,5.9375,5,0,0,1981-03-02,1981-03-06,0,True,True
1981-03-13,5.9375,6.53125,5.9375,6.5,5,0,0,1981-03-09,1981-03-13,0,True,True
1981-03-20,6.5,6.75,6.34375,6.6875,5,0,0,1981-03-16,1981-03-20,0,True,True
1981-03-27,6.6875,6.78125,6.5,6.59375,5,0,0,1981-03-23,1981-03-27,0,True,True
1981-04-03,6.59375,6.90625,6.5,6.875,5,0,0,1981-03-30,1981-04-03,0,True,True
1981-04-10,6.875,6.9375,6.8125,6.8125,5,0,0,1981-04-06,1981-04-10,0,True,True
1981-04-17,6.8125,7.0625,6.8125,7.03125,4,0,0,1981-04-13,1981-04-16,0,True,True
1981-04-24,7.03125,7.1875,6.9375,6.9375,5,0,0,1981-04-20,1981-04-24,0,True,True
1981-05-01,7,7.09375,6.9375,6.96875,5,0,0,1981-04-27,1981-05-01,0,True,True
1981-05-08,6.9375,6.9375,6.5625,6.6875,5,0,0,1981-05-04,1981-05-08,0,True,True
1981-05-15,6.75,7.21875,6.75,7.0625,5,0,0,1981-05-11,1981-05-15,0,True,True
1981-05-22,7.0625,7.09375,6.75,6.84375,5,0,0,1981-05-18,1981-05-22,0,True,True
1981-05-29,6.84375,7.03125,6.8125,7.03125,4,0,0,1981-05-26,1981-05-29,0,True,True
1981-06-05,7.0625,7.15625,6.90625,6.96875,5,0,0,1981-06-01,1981-06-05,0,True,True
1981-06-12,6.96875,7.5,6.96875,7.46875,5,0,0,1981-06-08,1981-06-12,0,True,True
1981-06-19,7.5,7.625,7.1875,7.3125,5,0,0,1981-06-15,1981-06-19,0,True,True
1981-06-26,7.3125,7.40625,7.15625,7.15625,5,0,0,1981-06-22,1981-06-26,0,True,True
1981-07-03,7.15625,7.25,7.09375,7.15625,4,0,0,1981-06-29,1981-07-02,0,True,True
1981-07-10,7.15625,7.3125,7.09375,7.25,5,0,0,1981-07-06,1981-07-10,0,True,True
1981-07-17,7.25,7.375,7.25,7.375,5,0,0,1981-07-13,1981-07-17,0,True,True
1981-07-24,7.34375,7.34375,7.03125,7.1875,5,0,0,1981-07-20,1981-07-24,0,True,True
1981-07-31,7.1875,7.46875,7.15625,7.375,5,0,0,1981-07-27,1981-07-31,0,True,True
1981-08-07,7.375,7.59375,7.21875,7.34375,5,0,0,1981-08-03,1981-08-07,0,True,True
1981-08-14,7.34375,7.59375,7.28125,7.53125,5,0,0,1981-08-10,1981-08-14,0,True,True
1981-08-21,7.53125,7.53125,7.40625,7.4375,5,0,0,1981-08-17,1981-08-21,0,True,True
1981-08-28,7.4375,7.4375,7.09375,7.34375,5,0,0,1981-08-24,1981-08-28,0,True,True
1981-09-04,7.34375,7.40625,6.65625,6.75,5,0,0,1981-08-31,1981-09-04,0,True,True
1981-09-11,6.75,7.03125,6.625,7,4,0,0,1981-09-08,1981-09-11,0,True,True
1981-09-18,7,7.09375,6.875,6.875,5,0,0,1981-09-14,1981-09-18,0,True,True
1981-09-25,6.875,7.21875,6.84375,6.9375,5,0,0,1981-09-21,1981-09-25,0,True,True
1981-10-02,6.9375,7.5,6.84375,7.4375,5,0,0,1981-09-28,1981-10-02,0,True,True
1981-10-09,7.46875,7.6875,7.46875,7.625,5,0,0,1981-10-05,1981-10-09,0,True,True
1981-10-16,7.625,7.65625,7.5625,7.59375,5,0,0,1981-10-12,1981-10-16,0,True,True
1981-10-23,7.59375,7.6875,7.53125,7.65625,5,0,0,1981-10-19,1981-10-23,0,True,True
1981-10-30,7.65625,8.09375,7.625,8.0625,5,0,0,1981-10-26,1981-10-30,0,True,True
1981-11-06,8.09375,8.21875,7.9375,8.03125,5,0,0,1981-11-02,1981-11-06,0,True,True
1981-11-13,8.0625,8.40625,8.0625,8.09375,5,0,0,1981-11-09,1981-11-13,0,True,True
1981-11-20,8.09375,8.15625,8,8.09375,5,0,0,1981-11-16,1981-11-20,0,True,True
1981-11-27,8.09375,8.1875,8,8.1875,4,0,0,1981-11-23,1981-11-27,0,True,True
1981-12-04,8.1875,8.25,8.09375,8.125,5,0,0,1981-11-30,1981-12-04,0,True,True
1981-12-11,8.125,8.21875,8.09375,8.125,5,0,0,1981-12-07,1981-12-11,0,True,True
1981-12-18,8.125,8.1875,8.0625,8.0625,5,0,0,1981-12-14,1981-12-18,0,True,True
1981-12-25,8.0625,8.09375,7.96875,8.09375,4,0,0,1981-12-21,1981-12-24,0,True,True
1982-01-01,8.09375,8.125,8.03125,8.125,4,0,0,1981-12-28,1981-12-31,0,True,True
1982-01-08,8.15625,8.1875,7.71875,7.9375,5,0,0,1982-01-04,1982-01-08,0,True,True
1982-01-15,7.90625,7.9375,7.8125,7.875,5,0,0,1982-01-11,1982-01-15,0,True,True
1982-01-22,7.96875,8.09375,7.875,8.0625,5,0,0,1982-01-18,1982-01-22,0,True,True
1982-01-29,8.03125,8.53125,7.96875,8.46875,5,0,0,1982-01-25,1982-01-29,0,True,True
1982-02-05,8.4375,8.46875,8.03125,8.375,5,0,0,1982-02-01,1982-02-05,0,True,True
1982-02-12,8.34375,8.375,8.03125,8.09375,5,0,0,1982-02-08,1982-02-12,0,True,True
1982-02-19,8.125,8.5,8,8.5,4,0,0,1982-02-16,1982-02-19,0,True,True
1982-02-26,8.5625,8.59375,8.5,8.5625,5,0,0,1982-02-22,1982-02-26,0,True,True
1982-03-05,8.625,8.84375,8.53125,8.75,5,0,0,1982-03-01,1982-03-05,0,True,True
1982-03-12,8.75,8.78125,8.65625,8.65625,5,0,0,1982-03-08,1982-03-12,0,True,True
1982-03-19,8.6875,8.75,8.625,8.6875,5,0,0,1982-03-15,1982-03-19,0,True,True
1982-03-26,8.71875,8.875,8.65625,8.875,5,0,0,1982-03-22,1982-03-26,0,True,True
1982-04-02,8.8125,8.96875,8.75,8.96875,5,0,0,1982-03-29,1982-04-02,0,True,True
1982-04-09,9.03125,9.0625,8.875,9,4,0,0,1982-04-05,1982-04-08,0,True,True
1982-04-16,9.0625,9.375,9,9.34375,5,0,0,1982-04-12,1982-04-16,0,True,True
1982-04-23,9.375,9.71875,9.25,9.53125,5,0,0,1982-04-19,1982-04-23,0,True,True
1982-04-30,9.59375,9.625,9.125,9.1875,5,0,0,1982-04-26,1982-04-30,0,True,True
1982-05-07,9.25,9.5,9.125,9.46875,5,0,0,1982-05-03,1982-05-07,0,True,True
1982-05-14,9.4375,9.5,9.34375,9.375,5,0,0,1982-05-10,1982-05-14,0,True,True
1982-05-21,9.25,9.375,9.0625,9.21875,5,0,0,1982-05-17,1982-05-21,0,True,True
1982-05-28,9.125,9.3125,9.0625,9.125,5,0,0,1982-05-24,1982-05-28,0,True,True
1982-06-04,9.15625,9.1875,8.71875,8.8125,4,0,0,1982-06-01,1982-06-04,0,True,True
1982-06-11,8.90625,9,8.84375,8.90625,5,0,0,1982-06-07,1982-06-11,0,True,True
1982-06-18,8.84375,8.875,8.53125,8.59375,5,0,0,1982-06-14,1982-06-18,0,True,True
1982-06-25,8.5625,8.75,8.53125,8.625,5,0,0,1982-06-21,1982-06-25,0,True,True
1982-07-02,8.71875,8.96875,8.5625,8.625,5,0,0,1982-06-28,1982-07-02,0,True,True
1982-07-09,8.6875,9.125,8.5625,9.0625,4,0,0,1982-07-06,1982-07-09,0,True,True
1982-07-16,9.3125,9.375,8.875,9.125,5,0,0,1982-07-12,1982-07-16,0,True,True
1982-07-23,9.125,9.125,8.5625,9,5,0,0,1982-07-19,1982-07-23,0,True,True
1982-07-30,8.9375,9,8.375,8.625,5,0,0,1982-07-26,1982-07-30,0,True,True
1982-08-06,8.6875,8.875,8.3125,8.4375,5,0,0,1982-08-02,1982-08-06,0,True,True
1982-08-13,8.3125,8.8125,8.1875,8.8125,5,0,0,1982-08-09,1982-08-13,0,True,True
1982-08-20,9.125,9.75,9,9.6875,5,0,0,1982-08-16,1982-08-20,0,True,True
1982-08-27,9.6875,9.8125,9.4375,9.5625,5,0,0,1982-08-23,1982-08-27,0,True,True
1982-09-03,9.4375,10.0625,9.3125,10.0625,5,0,0,1982-08-30,1982-09-03,0,True,True
1982-09-10,10.0625,10.125,9.6875,9.75,4,0,0,1982-09-07,1982-09-10,0,True,True
1982-09-17,9.8125,9.875,9.625,9.6875,5,0,0,1982-09-13,1982-09-17,0,True,True
1982-09-24,9.6875,10.125,9.625,10,5,0,0,1982-09-20,1982-09-24,0,True,True
1982-10-01,10,10,9.8125,9.9375,5,0,0,1982-09-27,1982-10-01,0,True,True
1982-10-08,9.875,10.25,9.8125,10.25,5,0,0,1982-10-04,1982-10-08,0,True,True
1982-10-15,10.375,10.5625,9.8125,10.0625,5,0,0,1982-10-11,1982-10-15,0,True,True
1982-10-22,10,10.0625,9.0625,9.5,5,0,0,1982-10-18,1982-10-22,0,True,True
1982-10-29,9.3125,9.625,9.1875,9.4375,5,0,0,1982-10-25,1982-10-29,0,True,True
1982-11-05,9.4375,9.8125,9.25,9.5,5,0,0,1982-11-01,1982-11-05,0,True,True
1982-11-12,9.5625,9.6875,9.25,9.25,5,0,0,1982-11-08,1982-11-12,0,True,True
1982-11-19,9.125,9.375,8.875,9.0625,5,0,0,1982-11-15,1982-11-19,0,True,True
1982-11-26,9,9.0625,8.6875,9,4,0,0,1982-11-22,1982-11-26,0,True,True
1982-12-03,9,9.1875,8.9375,9.1875,5,0,0,1982-11-29,1982-12-03,0,True,True
1982-12-10,9.1875,9.625,9.125,9.5,5,0,0,1982-12-06,1982-12-10,0,True,True
1982-12-17,9.625,9.875,9.5,9.8125,5,0,0,1982-12-13,1982-12-17,0,True,True
1982-12-24,9.9375,10,9.625,9.9375,4,0,0,1982-12-20,1982-12-23,0,True,True
1982-12-31,10.0625,10.25,9.8125,10.25,5,0,0,1982-12-27,1982-12-31,0,True,True
1983-01-07,10.125,10.3125,10,10.1875,5,0,0,1983-01-03,1983-01-07,0,True,True
1983-01-14,10.1875,10.25,9.8125,9.9375,5,0,0,1983-01-10,1983-01-14,0,True,True
1983-01-21,10.0625,10.125,9.75,9.875,5,0,0,1983-01-17,1983-01-21,0,True,True
1983-01-28,9.8125,10.1875,9.6875,9.9375,5,0,0,1983-01-24,1983-01-28,0,True,True
1983-02-04,10.0625,10.3125,9.875,9.875,5,0,0,1983-01-31,1983-02-04,0,True,True
1983-02-11,9.9375,10.0625,9.5,9.5625,5,0,0,1983-02-07,1983-02-11,0,True,True
1983-02-18,9.5625,9.875,9.5,9.8125,5,0,0,1983-02-14,1983-02-18,0,True,True
1983-02-25,9.8125,10.375,9.6875,10.375,4,0,0,1983-02-22,1983-02-25,0,True,True
1983-03-04,10.4375,11,10.3125,10.8125,5,0,0,1983-02-28,1983-03-04,0,True,True
1983-03-11,10.75,11.125,10.625,10.9375,5,0,0,1983-03-07,1983-03-11,0,True,True
1983-03-18,10.875,11.0625,10.8125,10.9375,5,0,0,1983-03-14,1983-03-18,0,True,True
1983-03-25,11.0625,11.3125,10.9375,11.125,5,0,0,1983-03-21,1983-03-25,0,True,True
1983-04-01,11.125,11.1875,10.9375,11,4,0,0,1983-03-28,1983-03-31,0,True,True
1983-04-08,11,11.0625,10.8125,10.875,5,0,0,1983-04-04,1983-04-08,0,True,True
1983-04-15,11,11.0625,10.9375,11,5,0,0,1983-04-11,1983-04-15,0,True,True
1983-04-22,11.0625,11.5625,11,11.4375,5,0,0,1983-04-18,1983-04-22,0,True,True
1983-04-29,11.4375,11.5,11.375,11.5,5,0,0,1983-04-25,1983-04-29,0,True,True
1983-05-06,11.5,11.5625,11.25,11.25,5,0,0,1983-05-02,1983-05-06,0,True,True
1983-05-13,11.1875,11.5,11.125,11.5,5,0,0,1983-05-09,1983-05-13,0,True,True
1983-05-20,11.4375,11.4375,11.1875,11.25,5,0,0,1983-05-16,1983-05-20,0,True,True
1983-05-27,11.125,11.375,11.0625,11.3125,5,0,0,1983-05-23,1983-05-27,0,True,True
1983-06-03,11.1875,11.25,11,11.0625,4,0,0,1983-05-31,1983-06-03,0,True,True
1983-06-10,11.125,11.1875,11.0625,11.0625,5,0,0,1983-06-06,1983-06-10,0,True,True
1983-06-17,11,11.125,10.9375,11.0625,5,0,0,1983-06-13,1983-06-17,0,True,True
1983-06-24,11.125,11.25,11.0625,11.0625,5,0,0,1983-06-20,1983-06-24,0,True,True
1983-07-01,11,11.25,10.875,11.1875,5,0,0,1983-06-27,1983-07-01,0,True,True
1983-07-08,11.0625,11.1875,10.9375,11.0625,4,0,0,1983-07-05,1983-07-08,0,True,True
1983-07-15,11.125,11.5,11.0625,11.5,5,0,0,1983-07-11,1983-07-15,0,True,True
1983-07-22,11.5,11.625,11.3125,11.375,5,0,0,1983-07-18,1983-07-22,0,True,True
1983-07-29,11.375,11.4375,11.3125,11.3125,5,0,0,1983-07-25,1983-07-29,0,True,True
1983-08-05,11.375,11.375,10.9375,11,5,0,0,1983-08-01,1983-08-05,0,True,True
1983-08-12,10.9375,11,10.4375,10.625,5,0,0,1983-08-08,1983-08-12,0,True,True
1983-08-19,10.625,11,10.625,10.8125,5,0,0,1983-08-15,1983-08-19,0,True,True
1983-08-26,10.875,11,10.8125,10.8125,5,0,0,1983-08-22,1983-08-26,0,True,True
1983-09-02,10.875,10.9375,10.75,10.875,5,0,0,1983-08-29,1983-09-02,0,True,True
1983-09-09,10.8125,11.125,10.8125,11.0625,4,0,0,1983-09-06,1983-09-09,0,True,True
1983-09-16,11.125,11.8125,11.125,11.375,5,0,0,1983-09-12,1983-09-16,0,True,True
1983-09-23,11.375,11.8125,11.3125,11.75,5,0,0,1983-09-19,1983-09-23,0,True,True
1983-09-30,11.9375,12,11.75,11.75,5,0,0,1983-09-26,1983-09-30,0,True,True
1983-10-07,11.8125,12.75,11.75,12.375,5,0,0,1983-10-03,1983-10-07,0,True,True
1983-10-14,12.3125,12.375,11.6875,11.75,5,0,0,1983-10-10,1983-10-14,0,True,True
1983-10-21,11.8125,12.3125,11.75,12.3125,5,0,0,1983-10-17,1983-10-21,0,True,True
1983-10-28,12.25,12.75,12.125,12.6875,5,0,0,1983-10-24,1983-10-28,0,True,True
1983-11-04,12.875,12.9375,12.25,12.25,5,0,0,1983-10-31,1983-11-04,0,True,True
1983-11-11,12.1875,12.375,12,12.25,5,0,0,1983-11-07,1983-11-11,0,True,True
1983-11-18,12.375,12.4375,12.1875,12.3125,5,0,0,1983-11-14,1983-11-18,0,True,True
1983-11-25,12.3125,12.4375,12.25,12.375,4,0,0,1983-11-21,1983-11-25,0,True,True
1983-12-02,12.375,12.4375,12.1875,12.25,5,0,0,1983-11-28,1983-12-02,0,True,True
1983-12-09,12.25,12.25,12,12.1875,5,0,0,1983-12-05,1983-12-09,0,True,True
1983-12-16,12.1875,12.25,11.8125,11.9375,5,0,0,1983-12-12,1983-12-16,0,True,True
1983-12-23,11.8125,12.25,11.8125,12.125,5,0,0,1983-12-19,1983-12-23,0,True,True
1983-12-30,12.25,12.4375,12.1875,12.375,4,0,0,1983-12-27,1983-12-30,0,True,True
1984-01-06,12.4375,12.6875,12.375,12.625,4,0,0,1984-01-03,1984-01-06,0,True,True
1984-01-13,12.5625,12.5625,12.4375,12.5,5,0,0,1984-01-09,1984-01-13,0,True,True
1984-01-20,12.375,12.5625,12.3125,12.5,5,0,0,1984-01-16,1984-01-20,0,True,True
1984-01-27,12.375,12.5625,12.3125,12.375,5,0,0,1984-01-23,1984-01-27,0,True,True
1984-02-03,12.375,12.5,12.0625,12.3125,5,0,0,1984-01-30,1984-02-03,0,True,True
1984-02-10,12.1875,12.3125,12,12.0625,5,0,0,1984-02-06,1984-02-10,0,True,True
1984-02-17,12.0625,12.0625,11.375,11.5,5,0,0,1984-02-13,1984-02-17,0,True,True
1984-02-24,11.5,11.5625,11.375,11.5,4,0,0,1984-02-21,1984-02-24,0,True,True
1984-03-02,11.5,11.75,11.3125,11.6875,5,0,0,1984-02-27,1984-03-02,0,True,True
1984-03-09,11.6875,12,11.4375,11.4375,5,0,0,1984-03-05,1984-03-09,0,True,True
1984-03-16,11.4375,11.9375,11.4375,11.875,5,0,0,1984-03-12,1984-03-16,0,True,True
1984-03-23,11.9375,12,11.8125,11.875,5,0,0,1984-03-19,1984-03-23,0,True,True
1984-03-30,11.875,12.3125,11.875,12,5,0,0,1984-03-26,1984-03-30,0,True,True
1984-04-06,11.9375,12.0625,11.75,11.75,5,0,0,1984-04-02,1984-04-06,0,True,True
1984-04-13,11.75,11.875,11.6875,11.875,5,0,0,1984-04-09,1984-04-13,0,True,True
1984-04-20,11.875,12.25,11.8125,12.1875,4,0,0,1984-04-16,1984-04-19,0,True,True
1984-04-27,12.25,12.5625,12.1875,12.375,5,0,0,1984-04-23,1984-04-27,0,True,True
1984-05-04,12.375,12.5,12.125,12.375,5,0,0,1984-04-30,1984-05-04,0,True,True
1984-05-11,12.3125,12.625,12.3125,12.625,5,0,0,1984-05-07,1984-05-11,0,True,True
1984-05-18,12.5625,12.625,12.125,12.5,5,0,0,1984-05-14,1984-05-18,0,True,True
1984-05-25,12.5,12.625,12.375,12.375,5,0,0,1984-05-21,1984-05-25,0,True,True
1984-06-01,12.375,12.5,12.1875,12.375,4,0,0,1984-05-29,1984-06-01,0,True,True
1984-06-08,12.375,12.4375,12.1875,12.375,5,0,0,1984-06-04,1984-06-08,0,True,True
1984-06-15,12.3125,12.4375,12.1875,12.375,5,0,0,1984-06-11,1984-06-15,0,True,True
1984-06-22,12.375,12.8125,12.3125,12.625,5,0,0,1984-06-18,1984-06-22,0,True,True
1984-06-29,12.625,12.6875,12.4375,12.625,5,0,0,1984-06-25,1984-06-29,0,True,True
1984-07-06,12.5625,12.75,12.5,12.75,4,0,0,1984-07-02,1984-07-06,0,True,True
1984-07-13,12.625,12.9375,12.625,12.875,5,0,0,1984-07-09,1984-07-13,0,True,True
1984-07-20,12.8125,13.1875,12.8125,13.0625,5,0,0,1984-07-16,1984-07-20,0,True,True
1984-07-27,13.125,13.4375,13.0625,13.375,5,0,0,1984-07-23,1984-07-27,0,True,True
1984-08-03,13.375,13.4375,13.0625,13.1875,5,0,0,1984-07-30,1984-08-03,0,True,True
1984-08-10,13.1875,13.8125,13.1875,13.375,5,0,0,1984-08-06,1984-08-10,0,True,True
1984-08-17,13.3125,13.5,13.125,13.375,5,0,0,1984-08-13,1984-08-17,0,True,True
1984-08-24,13.375,13.75,13.3125,13.5,5,0,0,1984-08-20,1984-08-24,0,True,True
1984-08-31,13.5,13.5,13.3125,13.4375,5,0,0,1984-08-27,1984-08-31,0,True,True
1984-09-07,13.375,13.75,13.3125,13.5625,4,0,0,1984-09-04,1984-09-07,0,True,True
1984-09-14,13.4375,13.75,13.3125,13.625,5,0,0,1984-09-10,1984-09-14,0,True,True
1984-09-21,13.5,13.875,13.5,13.625,5,0,0,1984-09-17,1984-09-21,0,True,True
1984-09-28,13.6875,14.1875,13.625,14.125,5,0,0,1984-09-24,1984-09-28,0,True,True
1984-10-05,14.125,14.5,14.0625,14.4375,5,0,0,1984-10-01,1984-10-05,0,True,True
1984-10-12,14.5,14.5,14.3125,14.4375,5,0,0,1984-10-08,1984-10-12,0,True,True
1984-10-19,14.4375,15.125,14.375,14.75,5,0,0,1984-10-15,1984-10-19,0,True,True
1984-10-26,14.8125,14.8125,14.1875,14.25,5,0,0,1984-10-22,1984-10-26,0,True,True
1984-11-02,14.25,14.5625,13.875,14,5,0,0,1984-10-29,1984-11-02,0,True,True
1984-11-09,13.9375,14.3125,13.9375,14.125,5,0,0,1984-11-05,1984-11-09,0,True,True
1984-11-16,14.125,14.125,13.75,13.875,5,0,0,1984-11-12,1984-11-16,0,True,True
1984-11-23,13.8125,14.0625,13.625,14.0625,4,0,0,1984-11-19,1984-11-23,0,True,True
1984-11-30,14.1875,14.25,14,14.1875,5,0,0,1984-11-26,1984-11-30,0,True,True
1984-12-07,14.125,14.375,14.0625,14.3125,5,0,0,1984-12-03,1984-12-07,0,True,True
1984-12-14,14.375,14.875,14.3125,14.875,5,0,0,1984-12-10,1984-12-14,0,True,True
1984-12-21,15,15.625,14.9375,15.125,5,0,0,1984-12-17,1984-12-21,0,True,True
1984-12-28,15.25,15.25,15,15.0625,4,0,0,1984-12-24,1984-12-28,0,True,True
1985-01-04,15.0625,15.375,14.9375,14.9375,4,0,0,1984-12-31,1985-01-04,0,True,True
1985-01-11,14.9375,15.3125,14.9375,15.125,5,0,0,1985-01-07,1985-01-11,0,True,True
1985-01-18,15.1875,15.25,14.9375,15.0625,5,0,0,1985-01-14,1985-01-18,0,True,True
1985-01-25,15,15.3125,14.9375,15.0625,5,0,0,1985-01-21,1985-01-25,0,True,True
1985-02-01,15.0625,15.1875,14.6875,14.8125,5,0,0,1985-01-28,1985-02-01,0,True,True
1985-02-08,14.8125,15.25,14.8125,15.1875,5,0,0,1985-02-04,1985-02-08,0,True,True
1985-02-15,15.125,15.4375,15.0625,15.4375,5,0,0,1985-02-11,1985-02-15,0,True,True
1985-02-22,15.4375,15.4375,15.1875,15.25,4,0,0,1985-02-19,1985-02-22,0,True,True
1985-03-01,15.1875,15.375,15.0625,15.375,5,0,0,1985-02-25,1985-03-01,0,True,True
1985-03-08,15.375,15.375,15.1875,15.375,5,0,0,1985-03-04,1985-03-08,0,True,True
1985-03-15,15.3125,15.4375,15.3125,15.3125,5,0,0,1985-03-11,1985-03-15,0,True,True
1985-03-22,15.4375,15.4375,15.3125,15.4375,5,0,0,1985-03-18,1985-03-22,0,True,True
1985-03-29,15.375,16.125,15.375,16.125,5,0,0,1985-03-25,1985-03-29,0,True,True
1985-04-05,16.0625,16.25,15.875,15.9375,4,0,0,1985-04-01,1985-04-04,0,True,True
1985-04-12,16.1875,16.25,16,16.25,5,0,0,1985-04-08,1985-04-12,0,True,True
1985-04-19,16.375,16.625,16.3125,16.4375,5,0,0,1985-04-15,1985-04-19,0,True,True
1985-04-26,16.4375,16.8125,16.4375,16.625,5,0,0,1985-04-22,1985-04-26,0,True,True
1985-05-03,16.5625,16.625,16,16.125,5,0,0,1985-04-29,1985-05-03,0,True,True
1985-05-10,16.0625,16.4375,16,16.4375,5,0,0,1985-05-06,1985-05-10,0,True,True
1985-05-17,16.375,17.75,16.375,17.5,5,0,0,1985-05-13,1985-05-17,0,True,True
1985-05-24,17.4375,17.5625,16.9375,17.4375,5,0,0,1985-05-20,1985-05-24,0,True,True
1985-05-31,17.4375,17.75,17.3125,17.75,4,0,0,1985-05-28,1985-05-31,0,True,True
1985-06-07,17.875,18,17.8125,18,5,0,0,1985-06-03,1985-06-07,0,True,True
1985-06-14,18,18.6875,17.875,18.6875,5,0,0,1985-06-10,1985-06-14,0,True,True
1985-06-21,18.625,18.875,18.4375,18.875,5,0,0,1985-06-17,1985-06-21,0,True,True
1985-06-28,18.8125,18.8125,18.25,18.5625,5,0,0,1985-06-24,1985-06-28,0,True,True
1985-07-05,18.5,19,18.4375,19,4,0,0,1985-07-01,1985-07-05,0,True,True
1985-07-12,18.875,18.9375,18.5,18.6875,5,0,0,1985-07-08,1985-07-12,0,True,True
1985-07-19,18.625,18.75,18.5,18.625,5,0,0,1985-07-15,1985-07-19,0,True,True
1985-07-26,18.5,18.5,16.8125,17.25,5,0,0,1985-07-22,1985-07-26,0,True,True
1985-08-02,17,17.0625,16.375,16.75,5,0,0,1985-07-29,1985-08-02,0,True,True
1985-08-09,16.75,16.9375,16.5,16.8125,5,0,0,1985-08-05,1985-08-09,0,True,True
1985-08-16,16.9375,17.0625,16.625,16.625,5,0,0,1985-08-12,1985-08-16,0,True,True
1985-08-23,16.625,17.5,16.625,17.375,5,0,0,1985-08-19,1985-08-23,0,True,True
1985-08-30,17.375,17.4375,17.125,17.4375,5,0,0,1985-08-26,1985-08-30,0,True,True
1985-09-06,17.375,17.375,17,17.125,4,0,0,1985-09-03,1985-09-06,0,True,True
1985-09-13,17.0625,17.1875,16.0625,16.1875,5,0,0,1985-09-09,1985-09-13,0,True,True
1985-09-20,16.1875,17,16.1875,16.875,5,0,0,1985-09-16,1985-09-20,0,True,True
1985-09-27,16.9375,17,16.6875,16.75,4,0,0,1985-09-23,1985-09-26,0,True,True
1985-10-04,16.8125,17.25,16.75,17.25,5,0,0,1985-09-30,1985-10-04,0,True,True
1985-10-11,17.125,17.3125,16.75,17.25,5,0,0,1985-10-07,1985-10-11,0,True,True
1985-10-18,17.25,17.375,17,17.125,5,0,0,1985-10-14,1985-10-18,0,True,True
1985-10-25,17.1875,17.8125,17.125,17.75,5,0,0,1985-10-21,1985-10-25,0,True,True
1985-11-01,17.875,18.125,17.5625,17.625,5,0,0,1985-10-28,1985-11-01,0,True,True
1985-11-08,17.625,17.6875,17.125,17.375,5,0,0,1985-11-04,1985-11-08,0,True,True
1985-11-15,17.375,18,17.375,17.8125,5,0,0,1985-11-11,1985-11-15,0,True,True
1985-11-22,17.6875,18.25,17.5,18.25,5,0,0,1985-11-18,1985-11-22,0,True,True
1985-11-29,18.1875,18.3125,18.0625,18.25,4,0,0,1985-11-25,1985-11-29,0,True,True
1985-12-06,18.25,18.3125,18.0625,18.1875,5,0,0,1985-12-02,1985-12-06,0,True,True
1985-12-13,18.25,18.75,18.1875,18.6875,5,0,0,1985-12-09,1985-12-13,0,True,True
1985-12-20,18.875,19.375,18.6875,19.3125,5,0,0,1985-12-16,1985-12-20,0,True,True
1985-12-27,19.25,19.4375,19,19.375,4,0,0,1985-12-23,1985-12-27,0,True,True
1986-01-03,19.375,19.875,19.25,19.8125,4,0,0,1985-12-30,1986-01-03,0,True,True
1986-01-10,19.875,20.4375,19.1875,19.4375,5,0,0,1986-01-06,1986-01-10,0,True,True
1986-01-17,19.375,19.4375,18.8125,19,5,0,0,1986-01-13,1986-01-17,0,True,True
1986-01-24,19.0625,19.375,18.9375,19.375,5,0,0,1986-01-20,1986-01-24,0,True,True
1986-01-31,19.5,20.3125,19.375,20.1875,5,0,0,1986-01-27,1986-01-31,0,True,True
1986-02-07,20.1875,20.5,20.125,20.4375,5,0,0,1986-02-03,1986-02-07,0,True,True
1986-02-14,20.5,20.5625,19.875,20.4375,5,0,0,1986-02-10,1986-02-14,0,True,True
1986-02-21,20.4375,21.1875,20.4375,20.9375,4,0,0,1986-02-18,1986-02-21,0,True,True
1986-02-28,21,21.1875,20.6875,20.8125,5,0,0,1986-02-24,1986-02-28,0,True,True
1986-03-07,20.6875,21,20,20.3125,5,0,0,1986-03-03,1986-03-07,0,True,True
1986-03-14,20.3125,21,20.3125,21,5,0,0,1986-03-10,1986-03-14,0,True,True
1986-03-21,21,21,20.25,20.375,5,0,0,1986-03-17,1986-03-21,0,True,True
1986-03-28,20.4375,21.25,20.375,21.125,4,0,0,1986-03-24,1986-03-27,0,True,True
1986-04-04,21,21.625,21,21,5,0,0,1986-03-31,1986-04-04,0,True,True
1986-04-11,20.9375,21.4375,20.5,21.25,5,0,0,1986-04-07,1986-04-11,0,True,True
1986-04-18,21.4375,22.4375,21.3125,22.4375,5,0,0,1986-04-14,1986-04-18,0,True,True
1986-04-25,22.375,22.625,21.8125,22,5,0,0,1986-04-21,1986-04-25,0,True,True
1986-05-02,22,22.125,21,21.1875,5,0,0,1986-04-28,1986-05-02,0,True,True
1986-05-09,21.1875,21.8125,21,21.1875,5,0,0,1986-05-05,1986-05-09,0,True,True
1986-05-16,21.125,21.3125,21,21.0625,5,0,0,1986-05-12,1986-05-16,0,True,True
1986-05-23,21.0625,21.625,21,21.375,5,0,0,1986-05-19,1986-05-23,0,True,True
1986-05-30,21.5,21.875,21.4375,21.6875,4,0,0,1986-05-27,1986-05-30,0,True,True
1986-06-06,21.6875,21.8125,20.5,20.9375,5,0,0,1986-06-02,1986-06-06,0,True,True
1986-06-13,20.8125,20.9375,20,20.875,5,0,0,1986-06-09,1986-06-13,0,True,True
1986-06-20,20.875,21.1875,20.75,21.125,5,0,0,1986-06-16,1986-06-20,0,True,True
1986-06-27,21.125,22,21,21.8125,5,0,0,1986-06-23,1986-06-27,0,True,True
1986-07-04,21.875,22.25,21.75,22.0625,4,0,0,1986-06-30,1986-07-03,0,True,True
1986-07-11,21.9375,22.4375,21.5,22.4375,5,0,0,1986-07-07,1986-07-11,0,True,True
1986-07-18,22.5,23.6875,22.375,23.5625,5,0,0,1986-07-14,1986-07-18,0,True,True
1986-07-25,24,25.25,23.9375,25.1875,5,0,0,1986-07-21,1986-07-25,0,True,True
1986-08-01,25.0625,25.125,24.4375,24.75,5,0,0,1986-07-28,1986-08-01,0,True,True
1986-08-08,24.6875,24.6875,24.125,24.5,5,0,0,1986-08-04,1986-08-08,0,True,True
1986-08-15,24.5625,25.3125,24.5625,25.0625,5,0,0,1986-08-11,1986-08-15,0,True,True
1986-08-22,25.0625,26.4375,24.875,26,5,0,0,1986-08-18,1986-08-22,0,True,True
1986-08-29,26,26.375,25.5,26,5,0,0,1986-08-25,1986-08-29,0,True,True
1986-09-05,26,26.125,24.125,24.375,4,0,0,1986-09-02,1986-09-05,0,True,True
1986-09-12,24.25,24.5625,22,22.5625,5,0,0,1986-09-08,1986-09-12,0,True,True
1986-09-19,22.8125,23.125,22.3125,22.5625,5,0,0,1986-09-15,1986-09-19,0,True,True
1986-09-26,22.5625,22.9375,22.3125,22.4375,5,0,0,1986-09-22,1986-09-26,0,True,True
1986-10-03,22.5,22.5625,22,22.5,5,0,0,1986-09-29,1986-10-03,0,True,True
1986-10-10,22.5625,22.8125,22.3125,22.4375,5,0,0,1986-10-06,1986-10-10,0,True,True
1986-10-17,22.5,22.75,22.3125,22.5625,5,0,0,1986-10-13,1986-10-17,0,True,True
1986-10-24,22.5,22.625,22.25,22.5,5,0,0,1986-10-20,1986-10-24,0,True,True
1986-10-31,22.5,23.5,22.4375,23.375,5,0,0,1986-10-27,1986-10-31,0,True,True
1986-11-07,23.4375,24.1875,23.4375,23.75,5,0,0,1986-11-03,1986-11-07,0,True,True
1986-11-14,23.75,24.25,23.625,24,5,0,0,1986-11-10,1986-11-14,0,True,True
1986-11-21,23.875,24.4375,23.5,24.375,5,0,0,1986-11-17,1986-11-21,0,True,True
1986-11-28,24.25,24.875,24.25,24.6875,4,0,0,1986-11-24,1986-11-28,0,True,True
1986-12-05,24.5,24.6875,23.875,23.9375,5,0,0,1986-12-01,1986-12-05,0,True,True
1986-12-12,23.9375,24.25,23.75,23.9375,5,0,0,1986-12-08,1986-12-12,0,True,True
1986-12-19,23.875,24.4375,23.8125,24.25,5,0,0,1986-12-15,1986-12-19,0,True,True
1986-12-26,24.125,24.1875,23.5625,23.625,4,0,0,1986-12-22,1986-12-26,0,True,True
1987-01-02,23.625,24.25,23.25,24.25,4,0,0,1986-12-29,1987-01-02,0,True,True
1987-01-09,24.25,24.8125,24.125,24.75,5,0,0,1987-01-05,1987-01-09,0,True,True
1987-01-16,24.75,25,24.5,24.8125,5,0,0,1987-01-12,1987-01-16,0,True,True
1987-01-23,24.8125,25.9375,24.5625,25.3125,5,0,0,1987-01-19,1987-01-23,0,True,True
1987-01-30,25.1875,26,24.25,24.5,5,0,0,1987-01-26,1987-01-30,0,True,True
1987-02-06,24.5625,25,24.375,24.9375,5,0,0,1987-02-02,1987-02-06,0,True,True
1987-02-13,24.8125,24.875,22.8125,23.1875,5,0,0,1987-02-09,1987-02-13,0,True,True
1987-02-20,23.0625,23.4375,22.75,22.8125,4,0,0,1987-02-17,1987-02-20,0,True,True
1987-02-27,22.8125,22.9375,22.3125,22.5,5,0,0,1987-02-23,1987-02-27,0,True,True
1987-03-06,22.5625,23.1875,22.25,22.75,5,0,0,1987-03-02,1987-03-06,0,True,True
1987-03-13,22.5,22.75,22.25,22.25,5,0,0,1987-03-09,1987-03-13,0,True,True
1987-03-20,22.125,22.625,22,22.625,5,0,0,1987-03-16,1987-03-20,0,True,True
1987-03-27,22.5,22.6875,21.8125,21.9375,5,0,0,1987-03-23,1987-03-27,0,True,True
1987-04-03,21.4375,21.6875,21.125,21.5625,5,0,0,1987-03-30,1987-04-03,0,True,True
1987-04-10,21.625,21.9375,21.25,21.25,5,0,0,1987-04-06,1987-04-10,0,True,True
1987-04-17,21.25,21.875,20.125,21.6875,4,0,0,1987-04-13,1987-04-16,0,True,True
1987-04-24,21.625,22.3125,20.9375,21,5,0,0,1987-04-20,1987-04-24,0,True,True
1987-05-01,20.75,21.875,20.5625,21.375,5,0,0,1987-04-27,1987-05-01,0,True,True
1987-05-08,21.4375,21.875,20.875,21.0625,5,0,0,1987-05-04,1987-05-08,0,True,True
1987-05-15,21.1875,21.75,21,21,5,0,0,1987-05-11,1987-05-15,0,True,True
1987-05-22,20.9375,21.125,20,20.6875,5,0,0,1987-05-18,1987-05-22,0,True,True
1987-05-29,20.6875,21.5625,20.6875,21.1875,4,0,0,1987-05-26,1987-05-29,0,True,True
1987-06-05,21.3125,21.6875,21.0625,21.625,5,0,0,1987-06-01,1987-06-05,0,True,True
1987-06-12,21.625,22.25,21.4375,22.0625,5,0,0,1987-06-08,1987-06-12,0,True,True
1987-06-19,22.1875,22.3125,21.9375,22.25,5,0,0,1987-06-15,1987-06-19,0,True,True
1987-06-26,22.1875,22.6875,22.1875,22.5,5,0,0,1987-06-22,1987-06-26,0,True,True
1987-07-03,22.5,22.5,22,22.0625,4,0,0,1987-06-29,1987-07-02,0,True,True
1987-07-10,22.0625,22.1875,22,22.125,5,0,0,1987-07-06,1987-07-10,0,True,True
1987-07-17,22.0625,22.1875,21.8125,21.9375,5,0,0,1987-07-13,1987-07-17,0,True,True
1987-07-24,21.9375,21.9375,21,21.1875,5,0,0,1987-07-20,1987-07-24,0,True,True
1987-07-31,21.3125,21.75,21.1875,21.5625,5,0,0,1987-07-27,1987-07-31,0,True,True
1987-08-07,21.625,22.125,21.5,22.125,5,0,0,1987-08-03,1987-08-07,0,True,True
1987-08-14,22.1875,23,22.125,22.625,5,0,0,1987-08-10,1987-08-14,0,True,True
1987-08-21,22.75,22.8125,22.125,22.5,5,0,0,1987-08-17,1987-08-21,0,True,True
1987-08-28,22.375,22.5,22,22.0625,5,0,0,1987-08-24,1987-08-28,0,True,True
1987-09-04,22.0625,22.25,21.4375,21.625,5,0,0,1987-08-31,1987-09-04,0,True,True
1987-09-11,21.5,22,21.375,21.875,4,0,0,1987-09-08,1987-09-11,0,True,True
1987-09-18,21.8125,22,21.625,21.625,5,0,0,1987-09-14,1987-09-18,0,True,True
1987-09-25,21.6875,21.875,21.5,21.6875,5,0,0,1987-09-21,1987-09-25,0,True,True
1987-10-02,21.9375,22.375,21.75,22.25,5,0,0,1987-09-28,1987-10-02,0,True,True
1987-10-09,22.25,22.4375,22.125,22.25,5,0,0,1987-10-05,1987-10-09,0,True,True
1987-10-16,22.3125,23.0625,21.75,22.4375,5,0,0,1987-10-12,1987-10-16,0,True,True
1987-10-23,22,22,18.75,21.9375,5,0,0,1987-10-19,1987-10-23,0,True,True
1987-10-30,21.75,22,21.1875,21.625,5,0,0,1987-10-26,1987-10-30,0,True,True
1987-11-06,21.75,22.8125,21.5,22.5,5,0,0,1987-11-02,1987-11-06,0,True,True
1987-11-13,22.5,22.625,21.8125,21.8125,5,0,0,1987-11-09,1987-11-13,0,True,True
1987-11-20,22.0625,22.0625,21.5625,21.75,5,0,0,1987-11-16,1987-11-20,0,True,True
1987-11-27,21.625,21.9375,21.25,21.4375,4,0,0,1987-11-23,1987-11-27,0,True,True
1987-12-04,21.3125,21.3125,20.6875,21.125,5,0,0,1987-11-30,1987-12-04,0,True,True
1987-12-11,21.25,21.6875,20.875,21.0625,5,0,0,1987-12-07,1987-12-11,0,True,True
1987-12-18,21.1875,21.9375,21.125,21.5,5,0,0,1987-12-14,1987-12-18,0,True,True
1987-12-25,21.5,21.5,21.0625,21.125,4,0,0,1987-12-21,1987-12-24,0,True,True
1988-01-01,21.1875,21.1875,20.8125,20.875,4,0,0,1987-12-28,1987-12-31,0,True,True
1988-01-08,21,21.9375,21,21.5,5,0,0,1988-01-04,1988-01-08,0,True,True
1988-01-15,21.625,22.1875,21.0625,21.9375,5,0,0,1988-01-11,1988-01-15,0,True,True
1988-01-22,22,23,22,22.75,5,0,0,1988-01-18,1988-01-22,0,True,True
1988-01-29,22.9375,23.625,22.75,23.625,5,0,0,1988-01-25,1988-01-29,0,True,True
1988-02-05,23.6875,23.75,22.75,22.75,5,0,0,1988-02-01,1988-02-05,0,True,True
1988-02-12,22.6875,22.9375,22.25,22.6875,5,0,0,1988-02-08,1988-02-12,0,True,True
1988-02-19,22.625,22.6875,22.125,22.6875,4,0,0,1988-02-16,1988-02-19,0,True,True
1988-02-26,22.6875,23.375,22.3125,22.375,5,0,0,1988-02-22,1988-02-26,0,True,True
1988-03-04,22.4375,22.8125,22.25,22.4375,5,0,0,1988-02-29,1988-03-04,0,True,True
1988-03-11,22.4375,22.4375,21.4375,21.625,5,0,0,1988-03-07,1988-03-11,0,True,True
1988-03-18,21.5,22.4375,21.5,22.375,5,0,0,1988-03-14,1988-03-18,0,True,True
1988-03-25,22.4375,22.4375,21.5625,21.625,5,0,0,1988-03-21,1988-03-25,0,True,True
1988-04-01,21.5625,21.9375,21.5,21.5,4,0,0,1988-03-28,1988-03-31,0,True,True
1988-04-08,21.5625,22.125,21.375,22.125,5,0,0,1988-04-04,1988-04-08,0,True,True
1988-04-15,22.1875,22.1875,21.5,21.5625,5,0,0,1988-04-11,1988-04-15,0,True,True
1988-04-22,21.6875,21.6875,21,21.5,5,0,0,1988-04-18,1988-04-22,0,True,True
1988-04-29,21.3125,21.6875,21.3125,21.5,5,0,0,1988-04-25,1988-04-29,0,True,True
1988-05-06,21.5,21.625,21.25,21.25,5,0,0,1988-05-02,1988-05-06,0,True,True
1988-05-13,21.25,21.375,20.4375,20.5625,5,0,0,1988-05-09,1988-05-13,0,True,True
1988-05-20,20.6875,20.9375,20.4375,20.875,5,0,0,1988-05-16,1988-05-20,0,True,True
1988-05-27,20.8125,21.4375,20.8125,21.4375,5,0,0,1988-05-23,1988-05-27,0,True,True
1988-06-03,21.5625,22.625,21.5,22.5625,4,0,0,1988-05-31,1988-06-03,0,True,True
1988-06-10,22.375,22.4375,21.6875,22.125,5,0,0,1988-06-06,1988-06-10,0,True,True
1988-06-17,22.1875,22.4375,21.875,22.3125,5,0,0,1988-06-13,1988-06-17,0,True,True
1988-06-24,22.25,22.6875,22.125,22.375,5,0,0,1988-06-20,1988-06-24,0,True,True
1988-07-01,22.375,22.375,21.75,22.0625,5,0,0,1988-06-27,1988-07-01,0,True,True
1988-07-08,21.875,22.1875,21.6875,21.75,4,0,0,1988-07-05,1988-07-08,0,True,True
1988-07-15,21.875,21.875,21.5,21.8125,5,0,0,1988-07-11,1988-07-15,0,True,True
1988-07-22,21.875,21.875,21.5,21.5625,5,0,0,1988-07-18,1988-07-22,0,True,True
1988-07-29,21.5625,22.0625,21.5625,22.0625,5,0,0,1988-07-25,1988-07-29,0,True,True
1988-08-05,22,22.5625,22,22.3125,5,0,0,1988-08-01,1988-08-05,0,True,True
1988-08-12,22.3125,22.375,21.375,21.5625,5,0,0,1988-08-08,1988-08-12,0,True,True
1988-08-19,21.4375,21.5625,21.0625,21.5,5,0,0,1988-08-15,1988-08-19,0,True,True
1988-08-26,21.5,21.625,21.375,21.5,5,0,0,1988-08-22,1988-08-26,0,True,True
1988-09-02,21.5625,21.625,21.1875,21.625,5,0,0,1988-08-29,1988-09-02,0,True,True
1988-09-09,21.75,22.125,21.5625,21.8125,4,0,0,1988-09-06,1988-09-09,0,True,True
1988-09-16,21.8125,21.9375,21.375,21.8125,5,0,0,1988-09-12,1988-09-16,0,True,True
1988-09-23,21.75,22.0625,21.6875,22,5,0,0,1988-09-19,1988-09-23,0,True,True
1988-09-30,22.125,22.4375,21.8125,22.3125,5,0,0,1988-09-26,1988-09-30,0,True,True
1988-10-07,22.3125,22.9375,22.25,22.8125,5,0,0,1988-10-03,1988-10-07,0,True,True
1988-10-14,22.75,22.75,22.3125,22.3125,5,0,0,1988-10-10,1988-10-14,0,True,True
1988-10-21,22.3125,22.75,22.25,22.75,5,0,0,1988-10-17,1988-10-21,0,True,True
1988-10-28,22.75,22.875,22.5,22.6875,5,0,0,1988-10-24,1988-10-28,0,True,True
1988-11-04,22.625,23.375,22.5625,23.0625,5,0,0,1988-10-31,1988-11-04,0,True,True
1988-11-11,23,23.1875,22,22.25,5,0,0,1988-11-07,1988-11-11,0,True,True
1988-11-18,22.375,22.75,22.125,22.375,5,0,0,1988-11-14,1988-11-18,0,True,True
1988-11-25,22.375,22.5625,22.125,22.25,4,0,0,1988-11-21,1988-11-25,0,True,True
1988-12-02,22.25,22.5625,22.0625,22.375,5,0,0,1988-11-28,1988-12-02,0,True,True
1988-12-09,22.3125,22.8125,22.25,22.8125,5,0,0,1988-12-05,1988-12-09,0,True,True
1988-12-16,22.9375,23.1875,22.9375,23.0625,5,0,0,1988-12-12,1988-12-16,0,True,True
1988-12-23,23,23.3125,23,23.3125,5,0,0,1988-12-19,1988-12-23,0,True,True
1988-12-30,23.25,23.3125,23.0625,23.25,4,0,0,1988-12-27,1988-12-30,0,True,True
1989-01-06,23.375,23.375,23,23.0625,4,0,0,1989-01-03,1989-01-06,0,True,True
1989-01-13,23.25,23.375,23,23.1875,5,0,0,1989-01-09,1989-01-13,0,True,True
1989-01-20,23.1875,23.4375,23.1875,23.4375,5,0,0,1989-01-16,1989-01-20,0,True,True
1989-01-27,23.4375,23.625,23.25,23.4375,5,0,0,1989-01-23,1989-01-27,0,True,True
1989-02-03,23.4375,23.625,23.1875,23.4375,5,0,0,1989-01-30,1989-02-03,0,True,True
1989-02-10,23.5,23.5,22.625,22.875,5,0,0,1989-02-06,1989-02-10,0,True,True
1989-02-17,22.875,23,22.5625,22.625,5,0,0,1989-02-13,1989-02-17,0,True,True
1989-02-24,22.625,22.6875,22.1875,22.25,4,0,0,1989-02-21,1989-02-24,0,True,True
1989-03-03,22.1875,22.625,22.1875,22.5,5,0,0,1989-02-27,1989-03-03,0,True,True
1989-03-10,22.5625,22.625,22.375,22.375,5,0,0,1989-03-06,1989-03-10,0,True,True
1989-03-17,22.375,22.9375,22.375,22.6875,5,0,0,1989-03-13,1989-03-17,0,True,True
1989-03-24,22.6875,22.75,22.5,22.5,4,0,0,1989-03-20,1989-03-23,0,True,True
1989-03-31,22.5,22.875,22.5,22.875,5,0,0,1989-03-27,1989-03-31,0,True,True
1989-04-07,22.9375,23,22.75,23,5,0,0,1989-04-03,1989-04-07,0,True,True
1989-04-14,22.9375,23.3125,22.875,23.25,5,0,0,1989-04-10,1989-04-14,0,True,True
1989-04-21,23.1875,23.5625,23.125,23.4375,5,0,0,1989-04-17,1989-04-21,0,True,True
1989-04-28,23.3125,23.625,23,23.625,5,0,0,1989-04-24,1989-04-28,0,True,True
1989-05-05,23.625,23.8125,23.5,23.75,5,0,0,1989-05-01,1989-05-05,0,True,True
1989-05-12,23.5625,24,23.125,23.9375,5,0,0,1989-05-08,1989-05-12,0,True,True
1989-05-19,23.9375,24.75,23.8125,24.5625,5,0,0,1989-05-15,1989-05-19,0,True,True
1989-05-26,24.625,24.9375,24.5625,24.8125,5,0,0,1989-05-22,1989-05-26,0,True,True
1989-06-02,24.9375,25,24.375,24.9375,4,0,0,1989-05-30,1989-06-02,0,True,True
1989-06-09,25.0625,25.375,24.875,25.1875,5,0,0,1989-06-05,1989-06-09,0,True,True
1989-06-16,25.1875,25.5,25.125,25.375,5,0,0,1989-06-12,1989-06-16,0,True,True
1989-06-23,25.4375,26,25.375,26,5,0,0,1989-06-19,1989-06-23,0,True,True
1989-06-30,26,26,25.25,25.375,5,0,0,1989-06-26,1989-06-30,0,True,True
1989-07-07,25.375,26,25.125,25.875,4,0,0,1989-07-03,1989-07-07,0,True,True
1989-07-14,26,26.875,26,26.75,5,0,0,1989-07-10,1989-07-14,0,True,True
1989-07-21,26.5,26.875,26.125,26.375,5,0,0,1989-07-17,1989-07-21,0,True,True
1989-07-28,26.25,26.625,26.125,26.5,5,0,0,1989-07-24,1989-07-28,0,True,True
1989-08-04,26.5,27.375,26.25,27,5,0,0,1989-07-31,1989-08-04,0,True,True
1989-08-11,27.125,28.25,26.5,26.625,5,0,0,1989-08-07,1989-08-11,0,True,True
1989-08-18,26.625,26.875,26,26.25,5,0,0,1989-08-14,1989-08-18,0,True,True
1989-08-25,26.375,26.5,25.5,26.125,5,0,0,1989-08-21,1989-08-25,0,True,True
1989-09-01,25.75,26.125,25.375,25.5,5,0,0,1989-08-28,1989-09-01,0,True,True
1989-09-08,25.75,25.75,24.5,25.125,4,0,0,1989-09-05,1989-09-08,0,True,True
1989-09-15,25,25.375,24.75,25,5,0,0,1989-09-11,1989-09-15,0,True,True
1989-09-22,24.875,25.25,24.875,25.125,5,0,0,1989-09-18,1989-09-22,0,True,True
1989-09-29,25.25,25.25,24.625,24.875,5,0,0,1989-09-25,1989-09-29,0,True,True
1989-10-06,24.75,25.25,24.5,24.875,5,0,0,1989-10-02,1989-10-06,0,True,True
1989-10-13,25,25.125,24.25,24.375,5,0,0,1989-10-09,1989-10-13,0,True,True
1989-10-20,24.375,25.25,24.25,25,5,0,0,1989-10-16,1989-10-20,0,True,True
1989-10-27,25,25.25,24.625,24.75,5,0,0,1989-10-23,1989-10-27,0,True,True
1989-11-03,24.75,26.25,24.75,26.125,5,0,0,1989-10-30,1989-11-03,0,True,True
1989-11-10,26,26.5,25.625,26,5,0,0,1989-11-06,1989-11-10,0,True,True
1989-11-17,26,26.25,25.625,26,5,0,0,1989-11-13,1989-11-17,0,True,True
1989-11-24,26,26.25,25.5,26.25,4,0,0,1989-11-20,1989-11-24,0,True,True
1989-12-01,26.125,27.5,26.125,27.25,5,0,0,1989-11-27,1989-12-01,0,True,True
1989-12-08,27.25,27.25,26.625,26.875,5,0,0,1989-12-04,1989-12-08,0,True,True
1989-12-15,26.875,28.125,26.75,28.125,5,0,0,1989-12-11,1989-12-15,0,True,True
1989-12-22,28.375,29.625,28,29.375,5,0,0,1989-12-18,1989-12-22,0,True,True
1989-12-29,29.25,29.875,28.875,29.125,4,0,0,1989-12-26,1989-12-29,0,True,True
1990-01-05,29.125,29.25,27.75,28,4,0,0,1990-01-02,1990-01-05,0,True,True
1990-01-12,27.625,28,26.75,26.75,5,0,0,1990-01-08,1990-01-12,0,True,True
1990-01-19,26.625,27.125,26.125,26.375,5,0,0,1990-01-15,1990-01-19,0,True,True
1990-01-26,26.5,27,25.25,26.875,5,0,0,1990-01-22,1990-01-26,0,True,True
1990-02-02,26.75,27.625,26.25,27.375,5,0,0,1990-01-29,1990-02-02,0,True,True
1990-02-09,27.375,27.875,26.375,26.75,5,0,0,1990-02-05,1990-02-09,0,True,True
1990-02-16,26.625,26.75,25.875,26.125,5,0,0,1990-02-12,1990-02-16,0,True,True
1990-02-23,26.125,26.125,25.125,25.375,4,0,0,1990-02-20,1990-02-23,0,True,True
1990-03-02,25.25,26.5,25.25,26.125,5,0,0,1990-02-26,1990-03-02,0,True,True
1990-03-09,25.875,26.375,25.5,26.125,5,0,0,1990-03-05,1990-03-09,0,True,True
1990-03-16,26.25,26.875,25.625,26.625,5,0,0,1990-03-12,1990-03-16,0,True,True
1990-03-23,26.625,26.75,26.125,26.25,5,0,0,1990-03-19,1990-03-23,0,True,True
1990-03-30,26.25,26.5,25.25,26,5,0,0,1990-03-26,1990-03-30,0,True,True
1990-04-06,26,26.5,25.875,26.125,5,0,0,1990-04-02,1990-04-06,0,True,True
1990-04-13,26.125,26.25,25.75,25.75,4,0,0,1990-04-09,1990-04-12,0,True,True
1990-04-20,25.875,26.25,24.375,24.625,5,0,0,1990-04-16,1990-04-20,0,True,True
1990-04-27,24.5,24.625,23.75,24,5,0,0,1990-04-23,1990-04-27,0,True,True
1990-05-04,23.875,24.5,23.625,24.375,5,0,0,1990-04-30,1990-05-04,0,True,True
1990-05-11,24.5,25.75,24.375,25.625,5,0,0,1990-05-07,1990-05-11,0,True,True
1990-05-18,25.5,25.875,25,25.25,5,0,0,1990-05-14,1990-05-18,0,True,True
1990-05-25,24.875,25.375,24,24.375,5,0,0,1990-05-21,1990-05-25,0,True,True
1990-06-01,24.375,24.875,23.25,23.5,4,0,0,1990-05-29,1990-06-01,0,True,True
1990-06-08,23.5,24.5,23.5,23.875,5,0,0,1990-06-04,1990-06-08,0,True,True
1990-06-15,24,24.625,23.875,24.5,5,0,0,1990-06-11,1990-06-15,0,True,True
1990-06-22,24.625,24.625,23.5,23.5,5,0,0,1990-06-18,1990-06-22,0,True,True
1990-06-29,23.625,23.875,23.25,23.5,5,0,0,1990-06-25,1990-06-29,0,True,True
1990-07-06,23.5,23.625,23,23.375,4,0,0,1990-07-02,1990-07-06,0,True,True
1990-07-13,23.375,23.875,23,23.875,5,0,0,1990-07-09,1990-07-13,0,True,True
1990-07-20,23.875,23.875,22.875,23.25,5,0,0,1990-07-16,1990-07-20,0,True,True
1990-07-27,23.125,23.25,22.5,23,5,0,0,1990-07-23,1990-07-27,0,True,True
1990-08-03,22.875,25.25,22.875,23.75,5,0,0,1990-07-30,1990-08-03,0,True,True
1990-08-10,23,23.75,22.5,22.625,5,0,0,1990-08-06,1990-08-10,0,True,True
1990-08-17,22.625,22.75,21.625,22,5,0,0,1990-08-13,1990-08-17,0,True,True
1990-08-24,22,22,19.75,20.375,5,0,0,1990-08-20,1990-08-24,0,True,True
1990-08-31,20.75,21.75,20.75,21.75,5,0,0,1990-08-27,1990-08-31,0,True,True
1990-09-07,21.5,22.375,21.5,21.875,4,0,0,1990-09-04,1990-09-07,0,True,True
1990-09-14,22,22.125,21.125,21.375,5,0,0,1990-09-10,1990-09-14,0,True,True
1990-09-21,21.25,21.5,21,21.25,5,0,0,1990-09-17,1990-09-21,0,True,True
1990-09-28,21.25,21.25,20.5,21,5,0,0,1990-09-24,1990-09-28,0,True,True
1990-10-05,21.25,22,21,21.75,5,0,0,1990-10-01,1990-10-05,0,True,True
1990-10-12,22,22.125,21.375,22,5,0,0,1990-10-08,1990-10-12,0,True,True
1990-10-19,22,23.25,21.625,22.875,5,0,0,1990-10-15,1990-10-19,0,True,True
1990-10-26,22.875,23.5,22.5,22.5,5,0,0,1990-10-22,1990-10-26,0,True,True
1990-11-02,22.5,24,22.25,24,5,0,0,1990-10-29,1990-11-02,0,True,True
1990-11-09,24,24.125,21.625,23.125,5,0,0,1990-11-05,1990-11-09,0,True,True
1990-11-16,23.25,23.625,22.5,22.5,5,0,0,1990-11-12,1990-11-16,0,True,True
1990-11-23,22.875,23.125,22.5,22.875,4,0,0,1990-11-19,1990-11-23,0,True,True
1990-11-30,22.625,23.125,22,23,5,0,0,1990-11-26,1990-11-30,0,True,True
1990-12-07,23,23.125,22.5,22.875,5,0,0,1990-12-03,1990-12-07,0,True,True
1990-12-14,22.875,23.625,22.75,23.25,5,0,0,1990-12-10,1990-12-14,0,True,True
1990-12-21,23.5,24,23.125,23.875,5,0,0,1990-12-17,1990-12-21,0,True,True
1990-12-28,23.875,24.125,23.25,23.5,4,0,0,1990-12-24,1990-12-28,0,True,True
1991-01-04,23.75,23.875,23.375,23.5,4,0,0,1990-12-31,1991-01-04,0,True,True
1991-01-11,23.375,23.75,22.625,22.875,5,0,0,1991-01-07,1991-01-11,0,True,True
1991-01-18,22.75,23.875,22.5,23.875,5,0,0,1991-01-14,1991-01-18,0,True,True
1991-01-25,23.625,24,23.25,23.625,5,0,0,1991-01-21,1991-01-25,0,True,True
1991-02-01,23.5,23.75,23,23.625,5,0,0,1991-01-28,1991-02-01,0,True,True
1991-02-08,23.625,23.875,23.125,23.875,5,0,0,1991-02-04,1991-02-08,0,True,True
1991-02-15,24,24.875,23.625,23.875,5,0,0,1991-02-11,1991-02-15,0,True,True
1991-02-22,23.75,24.625,23.75,23.875,4,0,0,1991-02-19,1991-02-22,0,True,True
1991-03-01,24.25,24.375,23.5,24.25,5,0,0,1991-02-25,1991-03-01,0,True,True
1991-03-08,24.375,24.5,23.375,23.625,5,0,0,1991-03-04,1991-03-08,0,True,True
1991-03-15,23.75,24.375,23.625,24.375,5,0,0,1991-03-11,1991-03-15,0,True,True
1991-03-22,24.5,25.25,24.375,25.125,5,0,0,1991-03-18,1991-03-22,0,True,True
1991-03-29,25.25,25.875,25.125,25.75,4,0,0,1991-03-25,1991-03-28,0,True,True
1991-04-05,25.625,25.75,25.375,25.5,5,0,0,1991-04-01,1991-04-05,0,True,True
1991-04-12,25.5,25.875,25,25.625,5,0,0,1991-04-08,1991-04-12,0,True,True
1991-04-19,25.5,25.875,24.875,24.875,5,0,0,1991-04-15,1991-04-19,0,True,True
1991-04-26,25,25,24.25,24.5,5,0,0,1991-04-22,1991-04-26,0,True,True
1991-05-03,24.5,25.375,24.25,24.5,5,0,0,1991-04-29,1991-05-03,0,True,True
1991-05-10,24.625,25.625,23.75,23.875,5,0,0,1991-05-06,1991-05-10,0,True,True
1991-05-17,24,24.25,23,24,5,0,0,1991-05-13,1991-05-17,0,True,True
1991-05-24,24.125,24.375,23.875,24.125,5,0,0,1991-05-20,1991-05-24,0,True,True
1991-05-31,24.125,24.5,24,24.25,4,0,0,1991-05-28,1991-05-31,0,True,True
1991-06-07,24.25,24.375,23.625,23.75,5,0,0,1991-06-03,1991-06-07,0,True,True
1991-06-14,23.625,24.875,23.625,24.875,5,0,0,1991-06-10,1991-06-14,0,True,True
1991-06-21,24.875,24.875,24.125,24.5,5,0,0,1991-06-17,1991-06-21,0,True,True
1991-06-28,24.625,24.875,24.25,24.625,5,0,0,1991-06-24,1991-06-28,0,True,True
1991-07-05,24.75,25,24.5,24.5,4,0,0,1991-07-01,1991-07-05,0,True,True
1991-07-12,24.5,24.875,24.375,24.75,5,0,0,1991-07-08,1991-07-12,0,True,True
1991-07-19,24.875,25,24.375,24.625,5,0,0,1991-07-15,1991-07-19,0,True,True
1991-07-26,24.625,25.25,24.5,25.125,5,0,0,1991-07-22,1991-07-26,0,True,True
1991-08-02,25,25.625,25,25.5,5,0,0,1991-07-29,1991-08-02,0,True,True
1991-08-09,25.5,26.25,25.375,25.75,5,0,0,1991-08-05,1991-08-09,0,True,True
1991-08-16,25.625,25.875,25,25,5,0,0,1991-08-12,1991-08-16,0,True,True
1991-08-23,24.5,26,24.375,25.75,5,0,0,1991-08-19,1991-08-23,0,True,True
1991-08-30,25.625,25.875,25.375,25.375,5,0,0,1991-08-26,1991-08-30,0,True,True
1991-09-06,25.5,25.75,24.375,24.625,4,0,0,1991-09-03,1991-09-06,0,True,True
1991-09-13,24.5,24.875,24.25,24.75,5,0,0,1991-09-09,1991-09-13,0,True,True
1991-09-20,24.625,24.875,24.5,24.75,5,0,0,1991-09-16,1991-09-20,0,True,True
1991-09-27,24.625,25,24.5,24.875,5,0,0,1991-09-23,1991-09-27,0,True,True
1991-10-04,24.75,25.75,24.75,25.5,5,0,0,1991-09-30,1991-10-04,0,True,True
1991-10-11,25.5,25.625,24.875,25.375,5,0,0,1991-10-07,1991-10-11,0,True,True
1991-10-18,25.375,26,25.25,26,5,0,0,1991-10-14,1991-10-18,0,True,True
1991-10-25,25.875,26,25.5,25.625,5,0,0,1991-10-21,1991-10-25,0,True,True
1991-11-01,25.625,25.875,25.5,25.625,5,0,0,1991-10-28,1991-11-01,0,True,True
1991-11-08,25.625,25.875,24.375,25.625,5,0,0,1991-11-04,1991-11-08,0,True,True
1991-11-15,25.5,25.75,25.125,25.125,5,0,0,1991-11-11,1991-11-15,0,True,True
1991-11-22,25.125,25.375,24.625,25.125,5,0,0,1991-11-18,1991-11-22,0,True,True
1991-11-29,25.125,26.375,25,26,4,0,0,1991-11-25,1991-11-29,0,True,True
1991-12-06,25.75,26.375,25.75,26.25,5,0,0,1991-12-02,1991-12-06,0,True,True
1991-12-13,26.25,27.125,26.125,26.75,5,0,0,1991-12-09,1991-12-13,0,True,True
1991-12-20,26.625,28,26.25,27.5,5,0,0,1991-12-16,1991-12-20,0,True,True
1991-12-27,27.625,28.625,27.375,28.125,4,0,0,1991-12-23,1991-12-27,0,True,True
1992-01-03,28.25,28.75,28,28.5,4,0,0,1991-12-30,1992-01-03,0,True,True
1992-01-10,28.375,28.5,27.5,27.75,5,0,0,1992-01-06,1992-01-10,0,True,True
1992-01-17,27.75,27.875,26,26.625,5,0,0,1992-01-13,1992-01-17,0,True,True
1992-01-24,27.75,28.125,27,28.125,5,0,0,1992-01-20,1992-01-24,0,True,True
1992-01-31,28,28.625,28,28.5,5,0,0,1992-01-27,1992-01-31,0,True,True
1992-02-07,28.375,28.5,27.75,28.125,5,0,0,1992-02-03,1992-02-07,0,True,True
1992-02-14,28,28.375,27.25,27.375,5,0,0,1992-02-10,1992-02-14,0,True,True
1992-02-21,27.5,27.5,25.625,25.75,4,0,0,1992-02-18,1992-02-21,0,True,True
1992-02-28,25.75,26.5,25.125,25.875,5,0,0,1992-02-24,1992-02-28,0,True,True
1992-03-06,25.75,26,25,25.125,5,0,0,1992-03-02,1992-03-06,0,True,True
1992-03-13,25.375,27.25,25.25,27.125,5,0,0,1992-03-09,1992-03-13,0,True,True
1992-03-20,27,27.375,26.75,27,5,0,0,1992-03-16,1992-03-20,0,True,True
1992-03-27,26.875,27.625,26.5,26.625,5,0,0,1992-03-23,1992-03-27,0,True,True
1992-04-03,26.875,27,26.375,26.75,5,0,0,1992-03-30,1992-04-03,0,True,True
1992-04-10,26.625,27,26.25,26.625,5,0,0,1992-04-06,1992-04-10,0,True,True
1992-04-17,26.875,27.5,26.75,27.375,4,0,0,1992-04-13,1992-04-16,0,True,True
1992-04-24,27.25,27.5,26.75,27.25,5,0,0,1992-04-20,1992-04-24,0,True,True
1992-05-01,27.375,28.125,27.25,27.875,5,0,0,1992-04-27,1992-05-01,0,True,True
1992-05-08,28,28.5,27.125,27.5,5,0,0,1992-05-04,1992-05-08,0,True,True
1992-05-15,27.5,27.875,27.25,27.75,5,0,0,1992-05-11,1992-05-15,0,True,True
1992-05-22,27.75,28.625,27.625,28.125,5,0,0,1992-05-18,1992-05-22,0,True,True
1992-05-29,28,28.75,28,28.375,4,0,0,1992-05-26,1992-05-29,0,True,True
1992-06-05,28.25,28.5,28,28.5,5,0,0,1992-06-01,1992-06-05,0,True,True
1992-06-12,28.375,28.75,28.375,28.75,5,0,0,1992-06-08,1992-06-12,0,True,True
1992-06-19,28.625,28.75,27.75,28.25,5,0,0,1992-06-15,1992-06-19,0,True,True
1992-06-26,28.375,28.375,27.625,27.75,5,0,0,1992-06-22,1992-06-26,0,True,True
1992-07-03,27.625,28.5,27.625,28.375,4,0,0,1992-06-29,1992-07-02,0,True,True
1992-07-10,28.5,29.75,28.375,29.625,5,0,0,1992-07-06,1992-07-10,0,True,True
1992-07-17,29.75,30.25,29.5,29.875,5,0,0,1992-07-13,1992-07-17,0,True,True
1992-07-24,29.75,30.25,29.625,30,5,0,0,1992-07-20,1992-07-24,0,True,True
1992-07-31,30,31.375,29.875,31.25,5,0,0,1992-07-27,1992-07-31,0,True,True
1992-08-07,31.125,31.375,30.625,31,5,0,0,1992-08-03,1992-08-07,0,True,True
1992-08-14,30.875,31.25,30.125,30.375,5,0,0,1992-08-10,1992-08-14,0,True,True
1992-08-21,30.25,31.25,30,30.75,5,0,0,1992-08-17,1992-08-21,0,True,True
1992-08-28,30.5,31,30,30.875,5,0,0,1992-08-24,1992-08-28,0,True,True
1992-09-04,31,31,30.625,30.75,5,0,0,1992-08-31,1992-09-04,0,True,True
1992-09-11,30.875,31,30.625,30.875,4,0,0,1992-09-08,1992-09-11,0,True,True
1992-09-18,31,31.125,29.875,30.625,5,0,0,1992-09-14,1992-09-18,0,True,True
1992-09-25,30.625,31,30.25,31,5,0,0,1992-09-21,1992-09-25,0,True,True
1992-10-02,31,31.625,30.75,30.875,5,0,0,1992-09-28,1992-10-02,0,True,True
1992-10-09,30.875,31,30.25,30.75,5,0,0,1992-10-05,1992-10-09,0,True,True
1992-10-16,30.75,31,30.5,30.625,5,0,0,1992-10-12,1992-10-16,0,True,True
1992-10-23,30.5,31.25,30.5,30.625,5,0,0,1992-10-19,1992-10-23,0,True,True
1992-10-30,30.625,31.625,30.625,31.25,5,0,0,1992-10-26,1992-10-30,0,True,True
1992-11-06,31.375,31.5,31.125,31.5,5,0,0,1992-11-02,1992-11-06,0,True,True
1992-11-13,31.375,31.5,30.75,31,5,0,0,1992-11-09,1992-11-13,0,True,True
1992-11-20,30.875,31.625,30.875,31.5,5,0,0,1992-11-16,1992-11-20,0,True,True
1992-11-27,31.5,31.875,31.25,31.375,4,0,0,1992-11-23,1992-11-27,0,True,True
1992-12-04,31.375,31.75,31.25,31.25,5,0,0,1992-11-30,1992-12-04,0,True,True
1992-12-11,31.125,31.5,31,31.5,5,0,0,1992-12-07,1992-12-11,0,True,True
1992-12-18,31.5,32.25,31.375,32.25,5,0,0,1992-12-14,1992-12-18,0,True,True
1992-12-25,32.125,32.875,32.125,32.625,4,0,0,1992-12-21,1992-12-24,0,True,True
1993-01-01,32.625,32.875,32.5,32.625,4,0,0,1992-12-28,1992-12-31,0,True,True
1993-01-08,32.75,32.75,31.625,31.75,5,0,0,1993-01-04,1993-01-08,0,True,True
1993-01-15,31.75,32.875,31.5,32.625,5,0,0,1993-01-11,1993-01-15,0,True,True
1993-01-22,32.625,33.125,32.25,32.875,5,0,0,1993-01-18,1993-01-22,0,True,True
1993-01-29,32.875,33.625,32.75,33.625,5,0,0,1993-01-25,1993-01-29,0,True,True
1993-02-05,33.5,35.25,33.5,34.875,5,0,0,1993-02-01,1993-02-05,0,True,True
1993-02-12,34.875,34.875,34,34.25,5,0,0,1993-02-08,1993-02-12,0,True,True
1993-02-19,34.5,34.625,33.75,34.375,4,0,0,1993-02-16,1993-02-19,0,True,True
1993-02-26,34.375,35.625,34.375,35.25,5,0,0,1993-02-22,1993-02-26,0,True,True
1993-03-05,35.125,35.75,34.875,35.125,5,0,0,1993-03-01,1993-03-05,0,True,True
1993-03-12,35.375,35.875,35,35.125,5,0,0,1993-03-08,1993-03-12,0,True,True
1993-03-19,35.125,35.375,34.75,35,5,0,0,1993-03-15,1993-03-19,0,True,True
1993-03-26,35,35.375,34.75,35.125,5,0,0,1993-03-22,1993-03-26,0,True,True
1993-04-02,35.25,35.625,35.125,35.25,5,0,0,1993-03-29,1993-04-02,0,True,True
1993-04-09,35.25,35.75,35.125,35.75,4,0,0,1993-04-05,1993-04-08,0,True,True
1993-04-16,36,37.375,36,37.125,5,0,0,1993-04-12,1993-04-16,0,True,True
1993-04-23,37.125,37.25,35.125,35.25,5,0,0,1993-04-19,1993-04-23,0,True,True
1993-04-30,35,35.75,35,35.375,5,0,0,1993-04-26,1993-04-30,0,True,True
1993-05-07,35.375,36.125,35.125,35.75,5,0,0,1993-05-03,1993-05-07,0,True,True
1993-05-14,35.875,36.125,33.125,33.25,5,0,0,1993-05-10,1993-05-14,0,True,True
1993-05-21,33.25,34,32.5,33.375,5,0,0,1993-05-17,1993-05-21,0,True,True
1993-05-28,33.25,34.5,33.125,34.125,5,0,0,1993-05-24,1993-05-28,0,True,True
1993-06-04,34.375,35,34.375,34.5,4,0,0,1993-06-01,1993-06-04,0,True,True
1993-06-11,34.625,35,34.125,35,5,0,0,1993-06-07,1993-06-11,0,True,True
1993-06-18,35,35,34.375,34.625,5,0,0,1993-06-14,1993-06-18,0,True,True
1993-06-25,34.75,35.375,34.375,35.375,5,0,0,1993-06-21,1993-06-25,0,True,True
1993-07-02,35.375,36,35.125,35.625,5,0,0,1993-06-28,1993-07-02,0,True,True
1993-07-09,35.75,36.25,35.625,36.25,4,0,0,1993-07-06,1993-07-09,0,True,True
1993-07-16,36.125,36.25,35.75,35.75,5,0,0,1993-07-12,1993-07-16,0,True,True
1993-07-23,35.875,36.125,35.75,36,5,0,0,1993-07-19,1993-07-23,0,True,True
1993-07-30,36,36.625,35.75,36.375,5,0,0,1993-07-26,1993-07-30,0,True,True
1993-08-06,36.375,37,36.375,36.75,5,0,0,1993-08-02,1993-08-06,0,True,True
1993-08-13,36.75,37.125,36,36.375,5,0,0,1993-08-09,1993-08-13,0,True,True
1993-08-20,36.25,36.5,35.875,36.375,5,0,0,1993-08-16,1993-08-20,0,True,True
1993-08-27,36.25,36.75,36.25,36.625,5,0,0,1993-08-23,1993-08-27,0,True,True
1993-09-03,36.5,36.875,36.375,36.75,5,0,0,1993-08-30,1993-09-03,0,True,True
1993-09-10,36.625,37.75,36.5,37.75,4,0,0,1993-09-07,1993-09-10,0,True,True
1993-09-17,37.75,37.75,36.625,37.5,5,0,0,1993-09-13,1993-09-17,0,True,True
1993-09-24,37.5,37.625,36.375,36.5,5,0,0,1993-09-20,1993-09-24,0,True,True
1993-10-01,36.75,37,35.875,36.25,5,0,0,1993-09-27,1993-10-01,0,True,True
1993-10-08,36.25,36.25,35,35.375,5,0,0,1993-10-04,1993-10-08,0,True,True
1993-10-15,35.375,36.375,34.625,36,5,0,0,1993-10-11,1993-10-15,0,True,True
1993-10-22,35.875,36,35,35.125,5,0,0,1993-10-18,1993-10-22,0,True,True
1993-10-29,35.25,35.25,34,34.75,5,0,0,1993-10-25,1993-10-29,0,True,True
1993-11-05,34.75,34.75,31.375,32.125,5,0,0,1993-11-01,1993-11-05,0,True,True
1993-11-12,32.25,32.75,31.375,31.75,5,0,0,1993-11-08,1993-11-12,0,True,True
1993-11-19,31.75,32.125,30.375,30.625,5,0,0,1993-11-15,1993-11-19,0,True,True
1993-11-26,30.75,32,30.25,31.75,4,0,0,1993-11-22,1993-11-26,0,True,True
1993-12-03,31.875,32.125,30.625,31.375,5,0,0,1993-11-29,1993-12-03,0,True,True
1993-12-10,31.25,32.25,31,31.25,5,0,0,1993-12-06,1993-12-10,0,True,True
1993-12-17,31.375,31.875,31.25,31.625,5,0,0,1993-12-13,1993-12-17,0,True,True
1993-12-24,31.5,33.125,31.5,32.75,4,0,0,1993-12-20,1993-12-23,0,True,True
1993-12-31,32.75,33.375,32,32.125,5,0,0,1993-12-27,1993-12-31,0,True,True
1994-01-07,32.125,32.375,30.75,31.375,5,0,0,1994-01-03,1994-01-07,0,True,True
1994-01-14,31.375,31.75,30.375,30.875,5,0,0,1994-01-10,1994-01-14,0,True,True
1994-01-21,30.625,30.875,29.625,29.75,5,0,0,1994-01-17,1994-01-21,0,True,True
1994-01-28,29.75,31.375,29.75,31,5,0,0,1994-01-24,1994-01-28,0,True,True
1994-02-04,31,31.375,30.375,30.375,5,0,0,1994-01-31,1994-02-04,0,True,True
1994-02-11,30.125,30.875,29.375,29.75,5,0,0,1994-02-07,1994-02-11,0,True,True
1994-02-18,29.75,30,28.75,28.875,5,0,0,1994-02-14,1994-02-18,0,True,True
1994-02-25,29.125,29.875,28.875,29.25,4,0,0,1994-02-22,1994-02-25,0,True,True
1994-03-04,29.25,30.75,29.25,30.625,5,0,0,1994-02-28,1994-03-04,0,True,True
1994-03-11,30.75,30.875,30.25,30.875,5,0,0,1994-03-07,1994-03-11,0,True,True
1994-03-18,30.75,31,30.25,30.25,5,0,0,1994-03-14,1994-03-18,0,True,True
1994-03-25,30.375,30.75,29.375,29.5,5,0,0,1994-03-21,1994-03-25,0,True,True
1994-04-01,29.625,30.25,28.875,29.125,4,0,0,1994-03-28,1994-03-31,0,True,True
1994-04-08,28.5,29.75,28.375,29,5,0,0,1994-04-04,1994-04-08,0,True,True
1994-04-15,29,29.5,28.75,29.125,5,0,0,1994-04-11,1994-04-15,0,True,True
1994-04-22,29.375,31.375,29,30.375,5,0,0,1994-04-18,1994-04-22,0,True,True
1994-04-29,30.5,31.25,30.25,30.625,4,0,0,1994-04-25,1994-04-29,0,True,True
1994-05-06,30.875,31.375,29.375,29.625,5,0,0,1994-05-02,1994-05-06,0,True,True
1994-05-13,29.5,29.625,26.875,27.125,5,0,0,1994-05-09,1994-05-13,0,True,True
1994-05-20,27,27.75,26.125,27.25,5,0,0,1994-05-16,1994-05-20,0,True,True
1994-05-27,27.375,28.25,27.125,28,5,0,0,1994-05-23,1994-05-27,0,True,True
1994-06-03,27.875,28.25,27.25,27.875,4,0,0,1994-05-31,1994-06-03,0,True,True
1994-06-10,28.125,28.375,27.875,28.25,5,0,0,1994-06-06,1994-06-10,0,True,True
1994-06-17,28.125,28.625,27.875,28,5,0,0,1994-06-13,1994-06-17,0,True,True
1994-06-24,27.875,28,26.25,26.25,5,0,0,1994-06-20,1994-06-24,0,True,True
1994-07-01,26.25,27.25,25.75,27,5,0,0,1994-06-27,1994-07-01,0,True,True
1994-07-08,27,27.75,26.5,27.5,4,0,0,1994-07-05,1994-07-08,0,True,True
1994-07-15,27.375,28.375,27,28.375,5,0,0,1994-07-11,1994-07-15,0,True,True
1994-07-22,28.375,28.375,27.625,27.75,5,0,0,1994-07-18,1994-07-22,0,True,True
1994-07-29,27.75,28.875,27.625,28.75,5,0,0,1994-07-25,1994-07-29,0,True,True
1994-08-05,28.75,29.875,28.625,28.875,5,0,0,1994-08-01,1994-08-05,0,True,True
1994-08-12,28.75,29,27.5,27.875,5,0,0,1994-08-08,1994-08-12,0,True,True
1994-08-19,27.75,28.125,27,27.5,5,0,0,1994-08-15,1994-08-19,0,True,True
1994-08-26,27.375,28.125,27.375,28,5,0,0,1994-08-22,1994-08-26,0,True,True
1994-09-02,28,28.125,26,26.25,5,0,0,1994-08-29,1994-09-02,0,True,True
1994-09-09,26,26.125,23.75,23.75,4,0,0,1994-09-06,1994-09-09,0,True,True
1994-09-16,23.625,24,23,23.25,5,0,0,1994-09-12,1994-09-16,0,True,True
1994-09-23,23.25,24,23.25,23.875,5,0,0,1994-09-19,1994-09-23,0,True,True
1994-09-30,23.875,25.25,23.75,24.875,5,0,0,1994-09-26,1994-09-30,0,True,True
1994-10-07,25,25.375,24.625,25,5,0,0,1994-10-03,1994-10-07,0,True,True
1994-10-14,25,25.75,25,25.5,5,0,0,1994-10-10,1994-10-14,0,True,True
1994-10-21,25.625,25.75,24.75,24.75,5,0,0,1994-10-17,1994-10-21,0,True,True
1994-10-28,24.625,25.125,24.125,25.125,5,0,0,1994-10-24,1994-10-28,0,True,True
1994-11-04,25.25,25.625,24.5,25.5,5,0,0,1994-10-31,1994-11-04,0,True,True
1994-11-11,25.5,25.875,24.375,24.5,5,0,0,1994-11-07,1994-11-11,0,True,True
1994-11-18,24.5,24.875,24.375,24.5,5,0,0,1994-11-14,1994-11-18,0,True,True
1994-11-25,24.625,25.75,24.5,25.75,4,0,0,1994-11-21,1994-11-25,0,True,True
1994-12-02,25.625,26.125,25.25,25.875,5,0,0,1994-11-28,1994-12-02,0,True,True
1994-12-09,25.75,26.25,25.75,26.125,5,0,0,1994-12-05,1994-12-09,0,True,True
1994-12-16,26.125,27.125,25.75,25.875,5,0,0,1994-12-12,1994-12-16,0,True,True
1994-12-23,26,26.375,25.5,25.5,5,0,0,1994-12-19,1994-12-23,0,True,True
1994-12-30,25.75,26.125,25.125,25.75,4,0,0,1994-12-27,1994-12-30,0,True,True
1995-01-06,25.875,26.375,25.5,25.875,4,0,0,1995-01-03,1995-01-06,0,True,True
1995-01-13,25.875,27.125,25.875,27.125,5,0,0,1995-01-09,1995-01-13,0,True,True
1995-01-20,27,28,26.875,27.875,5,0,0,1995-01-16,1995-01-20,0,True,True
1995-01-27,27.75,28.5,27.375,28.375,5,0,0,1995-01-23,1995-01-27,0,True,True
1995-02-03,28.375,28.75,27.875,28.75,5,0,0,1995-01-30,1995-02-03,0,True,True
1995-02-10,28.75,28.875,27.5,27.75,5,0,0,1995-02-06,1995-02-10,0,True,True
1995-02-17,27.625,27.875,27.5,27.75,5,0,0,1995-02-13,1995-02-17,0,True,True
1995-02-24,27.875,28.125,27.625,28,4,0,0,1995-02-21,1995-02-24,0,True,True
1995-03-03,27.875,27.875,26.375,26.75,5,0,0,1995-02-27,1995-03-03,0,True,True
1995-03-10,26.625,27.125,26,27.125,5,0,0,1995-03-06,1995-03-10,0,True,True
1995-03-17,27.125,27.875,26.75,27.625,5,0,0,1995-03-13,1995-03-17,0,True,True
1995-03-24,27.5,27.625,26.75,27.375,5,0,0,1995-03-20,1995-03-24,0,True,True
1995-03-31,27.625,27.75,26.875,27.25,5,0,0,1995-03-27,1995-03-31,0,True,True
1995-04-07,27.125,28.125,27,27.875,5,0,0,1995-04-03,1995-04-07,0,True,True
1995-04-14,27.875,28,27.5,27.625,4,0,0,1995-04-10,1995-04-13,0,True,True
1995-04-21,28,28,27,27.375,5,0,0,1995-04-17,1995-04-21,0,True,True
1995-04-28,27.375,27.75,27.125,27.75,5,0,0,1995-04-24,1995-04-28,0,True,True
1995-05-05,27.75,28.375,27.5,28.375,5,0,0,1995-05-01,1995-05-05,0,True,True
1995-05-12,28.125,28.875,27.5,27.625,5,0,0,1995-05-08,1995-05-12,0,True,True
1995-05-19,28,28.625,27.875,27.875,5,0,0,1995-05-15,1995-05-19,0,True,True
1995-05-26,28,28.75,27.75,28.5,5,0,0,1995-05-22,1995-05-26,0,True,True
1995-06-02,28.5,30.5,28.5,30,4,0,0,1995-05-30,1995-06-02,0,True,True
1995-06-09,30.125,30.875,28.875,29.125,5,0,0,1995-06-05,1995-06-09,0,True,True
1995-06-16,29.125,30.125,29.125,29.5,5,0,0,1995-06-12,1995-06-16,0,True,True
1995-06-23,29.625,30.125,29,29.875,5,0,0,1995-06-19,1995-06-23,0,True,True
1995-06-30,29.625,30,29.25,29.5,5,0,0,1995-06-26,1995-06-30,0,True,True
1995-07-07,29.625,29.875,29.125,29.375,4,0,0,1995-07-03,1995-07-07,0,True,True
1995-07-14,29.375,29.5,28.75,29,5,0,0,1995-07-10,1995-07-14,0,True,True
1995-07-21,28.875,29.875,28.375,28.625,5,0,0,1995-07-17,1995-07-21,0,True,True
1995-07-28,28.75,29.375,28.625,29.125,5,0,0,1995-07-24,1995-07-28,0,True,True
1995-08-04,29,29.25,28.75,28.875,5,0,0,1995-07-31,1995-08-04,0,True,True
1995-08-11,29,29.25,28.625,28.875,5,0,0,1995-08-07,1995-08-11,0,True,True
1995-08-18,28.25,28.75,28,28.75,5,0,0,1995-08-14,1995-08-18,0,True,True
1995-08-25,28.75,28.875,28.25,28.75,5,0,0,1995-08-21,1995-08-25,0,True,True
1995-09-01,28.875,28.875,28.125,28.25,5,0,0,1995-08-28,1995-09-01,0,True,True
1995-09-08,28.25,28.375,27.875,28.25,4,0,0,1995-09-05,1995-09-08,0,True,True
1995-09-15,28.25,29.25,28,28.875,5,0,0,1995-09-11,1995-09-15,0,True,True
1995-09-22,29,29.625,28.875,29.625,5,0,0,1995-09-18,1995-09-22,0,True,True
1995-09-29,29.625,30.625,29.375,30.375,5,0,0,1995-09-25,1995-09-29,0,True,True
1995-10-06,30.375,30.875,30.125,30.125,5,0,0,1995-10-02,1995-10-06,0,True,True
1995-10-13,30.125,31,30.125,30.125,5,0,0,1995-10-09,1995-10-13,0,True,True
1995-10-20,30.25,30.875,30,30.75,5,0,0,1995-10-16,1995-10-20,0,True,True
1995-10-27,30.5,31.125,30.25,30.625,5,0,0,1995-10-23,1995-10-27,0,True,True
1995-11-03,30.625,31,30.25,30.375,5,0,0,1995-10-30,1995-11-03,0,True,True
1995-11-10,30.375,30.5,29.5,29.75,5,0,0,1995-11-06,1995-11-10,0,True,True
1995-11-17,29.25,29.25,28.75,29.25,5,0,0,1995-11-13,1995-11-17,0,True,True
1995-11-24,29.125,29.25,28.75,28.875,4,0,0,1995-11-20,1995-11-24,0,True,True
1995-12-01,28.875,29.375,28.375,28.75,5,0,0,1995-11-27,1995-12-01,0,True,True
1995-12-08,28.875,30,28.875,29.375,5,0,0,1995-12-04,1995-12-08,0,True,True
1995-12-15,29.375,30.625,29.125,30.375,5,0,0,1995-12-11,1995-12-15,0,True,True
1995-12-22,30.5,31.25,30.25,31.125,5,0,0,1995-12-18,1995-12-22,0,True,True
1995-12-29,31.125,32.25,31,31.75,4,0,0,1995-12-26,1995-12-29,0,True,True
1996-01-05,32,32.75,31.875,32.75,4,0,0,1996-01-02,1996-01-05,0,True,True
1996-01-12,32.875,33.25,32.375,32.5,5,0,0,1996-01-08,1996-01-12,0,True,True
1996-01-19,32.5,33.875,32.5,33.5,5,0,0,1996-01-15,1996-01-19,0,True,True
1996-01-26,33.5,34,33.25,33.625,5,0,0,1996-01-22,1996-01-26,0,True,True
1996-02-02,33.625,33.875,33.125,33.375,5,0,0,1996-01-29,1996-02-02,0,True,True
1996-02-09,33.375,34.75,33.25,34.375,5,0,0,1996-02-05,1996-02-09,0,True,True
1996-02-16,33.875,34.625,33.125,33.125,5,0,0,1996-02-12,1996-02-16,0,True,True
1996-02-23,32.875,33.875,32.625,33.25,4,0,0,1996-02-20,1996-02-23,0,True,True
1996-03-01,33.25,33.75,32.25,33,5,0,0,1996-02-26,1996-03-01,0,True,True
1996-03-08,33,33.5,31.875,32,5,0,0,1996-03-04,1996-03-08,0,True,True
1996-03-15,31.75,32,30.875,31.125,5,0,0,1996-03-11,1996-03-15,0,True,True
1996-03-22,31.375,32,31.125,31.25,5,0,0,1996-03-18,1996-03-22,0,True,True
1996-03-29,31.375,32.125,31.375,31.875,5,0,0,1996-03-25,1996-03-29,0,True,True
1996-04-05,32,32.375,31.625,31.75,4,0,0,1996-04-01,1996-04-04,0,True,True
1996-04-12,31.25,31.25,29.75,30,5,0,0,1996-04-08,1996-04-12,0,True,True
1996-04-19,30.125,30.125,29.5,29.5,5,0,0,1996-04-15,1996-04-19,0,True,True
1996-04-26,29.75,29.875,29.25,29.375,5,0,0,1996-04-22,1996-04-26,0,True,True
1996-05-03,29.25,29.5,28.75,28.875,5,0,0,1996-04-29,1996-05-03,0,True,True
1996-05-10,29,29.75,28.125,29.625,5,0,0,1996-05-06,1996-05-10,0,True,True
1996-05-17,29.125,29.25,27.625,28,5,0,0,1996-05-13,1996-05-17,0,True,True
1996-05-24,28,28.25,27.625,28,5,0,0,1996-05-20,1996-05-24,0,True,True
1996-05-31,28,28.25,27.75,27.875,4,0,0,1996-05-28,1996-05-31,0,True,True
1996-06-07,27.75,28.5,27.625,27.75,5,0,0,1996-06-03,1996-06-07,0,True,True
1996-06-14,27.875,28.375,27.75,27.875,5,0,0,1996-06-10,1996-06-14,0,True,True
1996-06-21,28,28.25,27.375,28,5,0,0,1996-06-17,1996-06-21,0,True,True
1996-06-28,28.125,29.375,28.125,29.25,5,0,0,1996-06-24,1996-06-28,0,True,True
1996-07-05,29.375,29.625,28.375,28.5,4,0,0,1996-07-01,1996-07-05,0,True,True
1996-07-12,28.375,28.75,27.375,28.125,5,0,0,1996-07-08,1996-07-12,0,True,True
1996-07-19,28.125,28.25,27.125,27.25,5,0,0,1996-07-15,1996-07-19,0,True,True
1996-07-26,27.25,27.5,26.875,27.25,5,0,0,1996-07-22,1996-07-26,0,True,True
1996-08-02,27.125,27.75,26.875,27.75,5,0,0,1996-07-29,1996-08-02,0,True,True
1996-08-09,27.75,27.875,27.25,27.5,5,0,0,1996-08-05,1996-08-09,0,True,True
1996-08-16,27.125,27.375,27,27.25,5,0,0,1996-08-12,1996-08-16,0,True,True
1996-08-23,27.375,27.375,27.125,27.125,5,0,0,1996-08-19,1996-08-23,0,True,True
1996-08-30,27.25,27.25,26.125,26.125,5,0,0,1996-08-26,1996-08-30,0,True,True
1996-09-06,26,26.875,25.875,26.875,4,0,0,1996-09-03,1996-09-06,0,True,True
1996-09-13,27,28.125,26.625,28,5,0,0,1996-09-09,1996-09-13,0,True,True
1996-09-20,28.25,28.5,28,28,5,0,0,1996-09-16,1996-09-20,0,True,True
1996-09-27,27.875,28.375,27.75,28,5,0,0,1996-09-23,1996-09-27,0,True,True
1996-10-04,28,28.25,27.5,28.25,5,0,0,1996-09-30,1996-10-04,0,True,True
1996-10-11,28.125,29,28.125,28.875,5,0,0,1996-10-07,1996-10-11,0,True,True
1996-10-18,28.875,29,28.125,28.375,5,0,0,1996-10-14,1996-10-18,0,True,True
1996-10-25,28.375,28.75,28.125,28.75,5,0,0,1996-10-21,1996-10-25,0,True,True
1996-11-01,28.875,29.375,28.5,29.125,5,0,0,1996-10-28,1996-11-01,0,True,True
1996-11-08,29,30.875,29,29.75,5,0,0,1996-11-04,1996-11-08,0,True,True
1996-11-15,29.75,30,29.5,29.75,5,0,0,1996-11-11,1996-11-15,0,True,True
1996-11-22,29.875,30,29.5,29.625,5,0,0,1996-11-18,1996-11-22,0,True,True
1996-11-29,29.375,29.75,29,29,4,0,0,1996-11-25,1996-11-29,0,True,True
1996-12-06,28.875,29.375,28.5,28.75,5,0,0,1996-12-02,1996-12-06,0,True,True
1996-12-13,28.75,29,28.25,29,5,0,0,1996-12-09,1996-12-13,0,True,True
1996-12-20,29,29.75,28.25,29.375,5,0,0,1996-12-16,1996-12-20,0,True,True
1996-12-27,29.5,29.625,29.125,29.5,4,0,0,1996-12-23,1996-12-27,0,True,True
1997-01-03,29.5,29.625,28.5,29,4,0,0,1996-12-30,1997-01-03,0,True,True
1997-01-10,29,30.25,28.75,30,5,0,0,1997-01-06,1997-01-10,0,True,True
1997-01-17,30.125,31,29.875,31,5,0,0,1997-01-13,1997-01-17,0,True,True
1997-01-24,30.75,32.125,30.625,30.625,5,0,0,1997-01-20,1997-01-24,0,True,True
1997-01-31,30.625,31.375,30.625,31,5,0,0,1997-01-27,1997-01-31,0,True,True
1997-02-07,31,31.375,30.625,31.25,5,0,0,1997-02-03,1997-02-07,0,True,True
1997-02-14,31.25,31.75,30.875,31.125,5,0,0,1997-02-10,1997-02-14,0,True,True
1997-02-21,31,31.75,30.75,31.5,4,0,0,1997-02-18,1997-02-21,0,True,True
1997-02-28,31.5,32.125,30.375,30.875,5,0,0,1997-02-24,1997-02-28,0,True,True
1997-03-07,30.875,31.375,30.625,30.625,5,0,0,1997-03-03,1997-03-07,0,True,True
1997-03-14,30.625,31.125,29.875,30.875,5,0,0,1997-03-10,1997-03-14,0,True,True
1997-03-21,30.875,31,30,30.125,5,0,0,1997-03-17,1997-03-21,0,True,True
1997-03-28,30.125,31.125,29.75,29.875,4,0,0,1997-03-24,1997-03-27,0,True,True
1997-04-04,29.75,30.25,29,29,5,0,0,1997-03-31,1997-04-04,0,True,True
1997-04-11,29.125,29.125,28.125,28.125,5,0,0,1997-04-07,1997-04-11,0,True,True
1997-04-18,28.125,28.75,27.875,28.125,5,0,0,1997-04-14,1997-04-18,0,True,True
1997-04-25,28.125,28.25,27.125,27.25,5,0,0,1997-04-21,1997-04-25,0,True,True
1997-05-02,27.125,28.75,27,28.75,5,0,0,1997-04-28,1997-05-02,0,True,True
1997-05-09,28.75,30.25,28.75,29.5,5,0,0,1997-05-05,1997-05-09,0,True,True
1997-05-16,29.125,29.25,28,29,5,0,0,1997-05-12,1997-05-16,0,True,True
1997-05-23,29,29.5,28.625,29,5,0,0,1997-05-19,1997-05-23,0,True,True
1997-05-30,28.625,29.125,28.5,29.125,4,0,0,1997-05-27,1997-05-30,0,True,True
1997-06-06,29.125,29.75,28.5,29.625,5,0,0,1997-06-02,1997-06-06,0,True,True
1997-06-13,29.625,30.625,29.125,30.375,5,0,0,1997-06-09,1997-06-13,0,True,True
1997-06-20,30.25,30.75,29.625,29.75,5,0,0,1997-06-16,1997-06-20,0,True,True
1997-06-27,29.625,29.75,28.6875,29.125,5,0,0,1997-06-23,1997-06-27,0,True,True
1997-07-04,29.25,29.9375,29.125,29.5,4,0,0,1997-06-30,1997-07-03,0,True,True
1997-07-11,29.5,30.5,29.375,30.1875,5,0,0,1997-07-07,1997-07-11,0,True,True
1997-07-18,30.25,30.9375,30.1875,30.5625,5,0,0,1997-07-14,1997-07-18,0,True,True
1997-07-25,30.5625,30.8125,30.4375,30.625,5,0,0,1997-07-21,1997-07-25,0,True,True
1997-08-01,30.625,31.8125,30.5625,31.3125,5,0,0,1997-07-28,1997-08-01,0,True,True
1997-08-08,31.3125,32.0625,31.125,31.1875,5,0,0,1997-08-04,1997-08-08,0,True,True
1997-08-15,30.75,31.375,30.5625,31,5,0,0,1997-08-11,1997-08-15,0,True,True
1997-08-22,31,31.6875,30.25,31.125,5,0,0,1997-08-18,1997-08-22,0,True,True
1997-08-29,31.125,31.1875,30.5625,30.625,5,0,0,1997-08-25,1997-08-29,0,True,True
1997-09-05,30.625,32.125,30.625,31.8125,4,0,0,1997-09-02,1997-09-05,0,True,True
1997-09-12,32.125,33.1875,32.125,33.125,5,0,0,1997-09-08,1997-09-12,0,True,True
1997-09-19,33.125,34.3125,33.125,33.625,5,0,0,1997-09-15,1997-09-19,0,True,True
1997-09-26,33.75,34.5625,33.5625,33.9375,5,0,0,1997-09-22,1997-09-26,0,True,True
1997-10-03,33.875,35.125,33.625,34.25,5,0,0,1997-09-29,1997-10-03,0,True,True
1997-10-10,34.5,34.5,33.25,34,5,0,0,1997-10-06,1997-10-10,0,True,True
1997-10-17,34.125,34.6875,33.4375,34,5,0,0,1997-10-13,1997-10-17,0,True,True
1997-10-24,33.875,34.9375,33.6875,34.5625,5,0,0,1997-10-20,1997-10-24,0,True,True
1997-10-31,34.125,34.75,32.25,34.25,5,0,0,1997-10-27,1997-10-31,0,True,True
1997-11-07,34.25,35.4375,34,34.625,5,0,0,1997-11-03,1997-11-07,0,True,True
1997-11-14,34.625,36.5625,34.625,36,5,0,0,1997-11-10,1997-11-14,0,True,True
1997-11-21,35.4375,37.4375,35.4375,37.3125,5,0,0,1997-11-17,1997-11-21,0,True,True
1997-11-28,37.1875,38.0625,37.1875,37.9375,4,0,0,1997-11-24,1997-11-28,0,True,True
1997-12-05,37.75,38.125,37,37.4375,5,0,0,1997-12-01,1997-12-05,0,True,True
1997-12-12,37.5,41.5,37.125,40,5,0,0,1997-12-08,1997-12-12,0,True,True
1997-12-19,40,40.625,39.5625,40.0625,5,0,0,1997-12-15,1997-12-19,0,True,True
1997-12-26,40.125,41.0625,40,40.8125,4,0,0,1997-12-22,1997-12-26,0,True,True
1998-01-02,40.8125,41.375,40.6875,41,4,0,0,1997-12-29,1998-01-02,0,True,True
1998-01-09,41.25,41.375,39.375,39.5625,5,0,0,1998-01-05,1998-01-09,0,True,True
1998-01-16,39.0625,40.25,39.0625,39.875,5,0,0,1998-01-12,1998-01-16,0,True,True
1998-01-23,39.875,41,39.6875,40.875,4,0,0,1998-01-20,1998-01-23,0,True,True
1998-01-30,41,41.875,40.875,41.3125,5,0,0,1998-01-26,1998-01-30,0,True,True
1998-02-06,41.625,42.9375,41.625,42.8125,5,0,0,1998-02-02,1998-02-06,0,True,True
1998-02-13,42.75,43.6875,42.1875,42.3125,5,0,0,1998-02-09,1998-02-13,0,True,True
1998-02-20,42.0625,43.4375,42.0625,42.8125,4,0,0,1998-02-17,1998-02-20,0,True,True
1998-02-27,42.625,42.9375,42.375,42.5,5,0,0,1998-02-23,1998-02-27,0,True,True
1998-03-06,42.25,43.6875,42.125,43.625,5,0,0,1998-03-02,1998-03-06,0,True,True
1998-03-13,43.5625,45.5,43.4375,44.9375,5,0,0,1998-03-09,1998-03-13,0,True,True
1998-03-20,45,47.875,45,47.5625,5,0,0,1998-03-16,1998-03-20,0,True,True
1998-03-27,47.375,47.4375,45.5,45.625,5,0,0,1998-03-23,1998-03-27,0,True,True
1998-04-03,45.625,47.125,45.3125,46.4375,5,0,0,1998-03-30,1998-04-03,0,True,True
1998-04-10,46.5,46.8125,45.125,45.25,4,0,0,1998-04-06,1998-04-09,0,True,True
1998-04-17,44.625,45.5,44.5,45.5,5,0,0,1998-04-13,1998-04-17,0,True,True
1998-04-24,45.375,45.75,44.0625,44.4375,5,0,0,1998-04-20,1998-04-24,0,True,True
1998-05-01,44.125,45.375,43.1875,44.75,5,0,0,1998-04-27,1998-05-01,0,True,True
1998-05-08,44.75,45.25,43.6875,44.875,5,0,0,1998-05-04,1998-05-08,0,True,True
1998-05-15,44.0625,44.8125,43.5,43.6875,5,0,0,1998-05-11,1998-05-15,0,True,True
1998-05-22,43.5625,44,42.25,42.5,5,0,0,1998-05-18,1998-05-22,0,True,True
1998-05-29,42.5,42.9375,41.125,42.8125,4,0,0,1998-05-26,1998-05-29,0,True,True
1998-06-05,42.8125,45.8125,42.8125,45.0625,5,0,0,1998-06-01,1998-06-05,0,True,True
1998-06-12,45.125,46.5,44.625,46.1875,5,0,0,1998-06-08,1998-06-12,0,True,True
1998-06-19,46.1875,47.125,44.875,45,5,0,0,1998-06-15,1998-06-19,0,True,True
1998-06-26,44.9375,46,44.6875,45.0625,5,0,0,1998-06-22,1998-06-26,0,True,True
1998-07-03,45,46.0625,45,45.6875,4,0,0,1998-06-29,1998-07-02,0,True,True
1998-07-10,45.6875,46.1875,45.0625,45.5625,5,0,0,1998-07-06,1998-07-10,0,True,True
1998-07-17,45.5,45.75,44.25,44.5,5,0,0,1998-07-13,1998-07-17,0,True,True
1998-07-24,44.25,44.5,43.25,43.375,5,0,0,1998-07-20,1998-07-24,0,True,True
1998-07-31,43.4375,44,42.1875,42.3125,5,0,0,1998-07-27,1998-07-31,0,True,True
1998-08-07,42.375,43.8125,42,43.4375,5,0,0,1998-08-03,1998-08-07,0,True,True
1998-08-14,43.6875,45.5,43,45,5,0,0,1998-08-10,1998-08-14,0,True,True
1998-08-21,44.25,46.5,44.25,46.25,5,0,0,1998-08-17,1998-08-21,0,True,True
1998-08-28,46,48.125,45.9375,47.8125,5,0,0,1998-08-24,1998-08-28,0,True,True
1998-09-04,47.5,48.8125,44.75,46.125,5,0,0,1998-08-31,1998-09-04,0,True,True
1998-09-11,45.875,47.5,45.3125,47.25,4,0,0,1998-09-08,1998-09-11,0,True,True
1998-09-18,47.25,49.5,47,48.9375,5,0,0,1998-09-14,1998-09-18,0,True,True
1998-09-25,48.6875,50.75,48.375,49.8125,5,0,0,1998-09-21,1998-09-25,0,True,True
1998-10-02,50.25,54.125,49.875,53.9375,5,0,0,1998-09-28,1998-10-02,0,True,True
1998-10-09,54.5,56.125,52.375,52.4375,5,0,0,1998-10-05,1998-10-09,0,True,True
1998-10-16,52.25,55.125,49.8125,53,5,0,0,1998-10-12,1998-10-16,0,True,True
1998-10-23,53,53,48.5,49.5625,5,0,0,1998-10-19,1998-10-23,0,True,True
1998-10-30,49.125,51,48.875,50.125,5,0,0,1998-10-26,1998-10-30,0,True,True
1998-11-06,50,51.25,49.75,50.375,5,0,0,1998-11-02,1998-11-06,0,True,True
1998-11-13,51,52.125,50.5,52.0625,5,0,0,1998-11-09,1998-11-13,0,True,True
1998-11-20,51.5,52.875,51.5,51.9375,5,0,0,1998-11-16,1998-11-20,0,True,True
1998-11-27,51.875,52.4375,51.375,51.625,4,0,0,1998-11-23,1998-11-27,0,True,True
1998-12-04,51.5625,52.375,50.625,52.25,5,0,0,1998-11-30,1998-12-04,0,True,True
1998-12-11,52,52.4375,51.3125,51.8125,5,0,0,1998-12-07,1998-12-11,0,True,True
1998-12-18,51.5625,54,51.4375,54,5,0,0,1998-12-14,1998-12-18,0,True,True
1998-12-25,53.8125,54.4375,52.625,53.0625,4,0,0,1998-12-21,1998-12-24,0,True,True
1999-01-01,53.0625,53.1875,52.4375,52.875,4,0,0,1998-12-28,1998-12-31,0,True,True
1999-01-08,52.75,53.4375,51.125,51.25,5,0,0,1999-01-04,1999-01-08,0,True,True
1999-01-15,51,52.125,50.0625,51,5,0,0,1999-01-11,1999-01-15,0,True,True
1999-01-22,50.75,51.0625,49.8125,50.4375,4,0,0,1999-01-19,1999-01-22,0,True,True
1999-01-29,50.4375,50.875,49,49.4375,5,0,0,1999-01-25,1999-01-29,0,True,True
1999-02-05,49.1875,49.1875,47.1875,47.6875,5,0,0,1999-02-01,1999-02-05,0,True,True
1999-02-12,47.5,48.5625,45.5,45.75,5,0,0,1999-02-08,1999-02-12,0,True,True
1999-02-19,46,48.625,46,47.9375,4,0,0,1999-02-16,1999-02-19,0,True,True
1999-02-26,47.4375,48.4375,46.4375,46.75,5,0,0,1999-02-22,1999-02-26,0,True,True
1999-03-05,46.5,48.75,46.1875,48.5,5,0,0,1999-03-01,1999-03-05,0,True,True
1999-03-12,48.25,48.5625,46.1875,48,5,0,0,1999-03-08,1999-03-12,0,True,True
1999-03-19,48.1875,48.625,46.75,47,5,0,0,1999-03-15,1999-03-19,0,True,True
1999-03-26,46.9375,48.0625,46.3125,47,5,0,0,1999-03-22,1999-03-26,0,True,True
1999-04-02,46.875,47,44.8125,45.4375,4,0,0,1999-03-29,1999-04-01,0,True,True
1999-04-09,45.75,46.0625,44.25,45.1875,5,0,0,1999-04-05,1999-04-09,0,True,True
1999-04-16,44.875,45.9375,43.875,44.3125,5,0,0,1999-04-12,1999-04-16,0,True,True
1999-04-23,44.1875,46.5,44.1875,44.9375,5,0,0,1999-04-19,1999-04-23,0,True,True
1999-04-30,44.9375,45.625,44.8125,45.4375,5,0,0,1999-04-26,1999-04-30,0,True,True
1999-05-07,45.25,45.9375,45.1875,45.75,5,0,0,1999-05-03,1999-05-07,0,True,True
1999-05-14,45.625,47.375,45.5625,46.6875,5,0,0,1999-05-10,1999-05-14,0,True,True
1999-05-21,45.875,48.1875,45.5625,48.0625,5,0,0,1999-05-17,1999-05-21,0,True,True
1999-05-28,48,49.875,47.875,48.5625,5,0,0,1999-05-24,1999-05-28,0,True,True
1999-06-04,48.5625,48.5625,47.125,47.5625,4,0,0,1999-06-01,1999-06-04,0,True,True
1999-06-11,47.4375,48,46.375,46.6875,5,0,0,1999-06-07,1999-06-11,0,True,True
1999-06-18,46.875,49,46.8125,47.125,5,0,0,1999-06-14,1999-06-18,0,True,True
1999-06-25,47,47.4375,46.25,46.8125,5,0,0,1999-06-21,1999-06-25,0,True,True
1999-07-02,47.125,47.25,45.1875,46.375,5,0,0,1999-06-28,1999-07-02,0,True,True
1999-07-09,46.25,46.25,44.5625,44.875,4,0,0,1999-07-06,1999-07-09,0,True,True
1999-07-16,44.875,44.9375,43.6875,43.875,5,0,0,1999-07-12,1999-07-16,0,True,True
1999-07-23,43.75,43.9375,42.6875,42.9375,5,0,0,1999-07-19,1999-07-23,0,True,True
1999-07-30,43,43.875,42.75,43.5,5,0,0,1999-07-26,1999-07-30,0,True,True
1999-08-06,43.5,45.1875,43.5,45.125,5,0,0,1999-08-02,1999-08-06,0,True,True
1999-08-13,44.875,45.375,43.625,43.875,5,0,0,1999-08-09,1999-08-13,0,True,True
1999-08-20,43.25,44.5625,42.5625,44.5625,5,0,0,1999-08-16,1999-08-20,0,True,True
1999-08-27,44.5,45.5,43.9375,44.9375,5,0,0,1999-08-23,1999-08-27,0,True,True
1999-09-03,44.875,45,43.625,44.4375,5,0,0,1999-08-30,1999-09-03,0,True,True
1999-09-10,44.375,44.375,43,43.75,4,0,0,1999-09-07,1999-09-10,0,True,True
1999-09-17,43.625,43.75,42.625,43.6875,5,0,0,1999-09-13,1999-09-17,0,True,True
1999-09-24,43.1875,43.5625,41.25,41.3125,5,0,0,1999-09-20,1999-09-24,0,True,True
1999-10-01,41.125,42.125,40,42,5,0,0,1999-09-27,1999-10-01,0,True,True
1999-10-08,42,43.0625,39,39.0625,5,0,0,1999-10-04,1999-10-08,0,True,True
1999-10-15,39,39.25,36.25,36.8125,5,0,0,1999-10-11,1999-10-15,0,True,True
1999-10-22,36.8125,38,36.4375,36.6875,5,0,0,1999-10-18,1999-10-22,0,True,True
1999-10-29,36.5,38.9375,36.5,38.1875,5,0,0,1999-10-25,1999-10-29,0,True,True
1999-11-05,37.875,38.875,37.0625,37.875,5,0,0,1999-11-01,1999-11-05,0,True,True
1999-11-12,38,38.375,36.1875,36.75,5,0,0,1999-11-08,1999-11-12,0,True,True
1999-11-19,36.125,36.625,35.875,36.0625,5,0,0,1999-11-15,1999-11-19,0,True,True
1999-11-26,36,36,34.8125,34.875,4,0,0,1999-11-22,1999-11-26,0,True,True
1999-12-03,34.75,35.1875,33.625,35,5,0,0,1999-11-29,1999-12-03,0,True,True
1999-12-10,35,35.25,34,34.375,5,0,0,1999-12-06,1999-12-10,0,True,True
1999-12-17,34.125,34.75,33.5625,33.75,5,0,0,1999-12-13,1999-12-17,0,True,True
1999-12-24,33.75,35.25,33.75,35.125,4,0,0,1999-12-20,1999-12-23,0,True,True
1999-12-31,35.1875,35.4375,34.5,34.5,5,0,0,1999-12-27,1999-12-31,0,True,True
2000-01-07,34.375,36.1875,33.5625,36.0625,5,0,0,2000-01-03,2000-01-07,0,True,True
2000-01-14,36.125,36.125,33.5625,33.6875,5,0,0,2000-01-10,2000-01-14,0,True,True
2000-01-21,33.25,34.25,32.5,33.5625,4,0,0,2000-01-18,2000-01-21,0,True,True
2000-01-28,34.375,34.5,32.5,32.5625,5,0,0,2000-01-24,2000-01-28,0,True,True
2000-02-04,32.625,33.125,31.625,32.25,5,0,0,2000-01-31,2000-02-04,0,True,True
2000-02-11,32.3125,32.375,31.1875,32.125,5,0,0,2000-02-07,2000-02-11,0,True,True
2000-02-18,31.75,31.875,28,28.125,5,0,0,2000-02-14,2000-02-18,0,True,True
2000-02-25,28.25,28.25,26.1875,26.1875,4,0,0,2000-02-22,2000-02-25,0,True,True
2000-03-03,26.75,27.875,26.5,27.375,5,0,0,2000-02-28,2000-03-03,0,True,True
2000-03-10,27.375,27.9375,26.9375,27.4375,5,0,0,2000-03-06,2000-03-10,0,True,True
2000-03-17,27.25,31.25,27.25,30.6875,5,0,0,2000-03-13,2000-03-17,0,True,True
2000-03-24,30.5,31.0625,29,29.25,5,0,0,2000-03-20,2000-03-24,0,True,True
2000-03-31,28.75,29.5625,28.4375,29.125,5,0,0,2000-03-27,2000-03-31,0,True,True
2000-04-07,29.125,30.6875,28.875,29.6875,5,0,0,2000-04-03,2000-04-07,0,True,True
2000-04-14,29.6875,32.375,29.6875,31.3125,5,0,0,2000-04-10,2000-04-14,0,True,True
2000-04-21,31.125,33.0625,30.8125,33.0625,4,0,0,2000-04-17,2000-04-20,0,True,True
2000-04-28,33.125,36.8125,33.125,35.1875,5,0,0,2000-04-24,2000-04-28,0,True,True
2000-05-05,35.0625,35.125,32.9375,34,5,0,0,2000-05-01,2000-05-05,0,True,True
2000-05-12,33.875,35.6875,33.6875,34.5625,5,0,0,2000-05-08,2000-05-12,0,True,True
2000-05-19,34,34.9375,32.1875,33.375,5,0,0,2000-05-15,2000-05-19,0,True,True
2000-05-26,33.375,34.0625,32,32.5,5,0,0,2000-05-22,2000-05-26,0,True,True
2000-06-02,32.625,32.9375,31.625,32.25,4,0,0,2000-05-30,2000-06-02,0,True,True
2000-06-09,32.0625,32.9375,31.25,32.4375,5,0,0,2000-06-05,2000-06-09,0,True,True
2000-06-16,32.625,33.9375,31.875,32.4375,5,0,0,2000-06-12,2000-06-16,0,True,True
2000-06-23,32.4375,32.875,31.25,31.5625,5,0,0,2000-06-19,2000-06-23,0,True,True
2000-06-30,31.8125,32.375,29.609375,29.625,5,0,0,2000-06-26,2000-06-30,0,True,True
2000-07-07,29.8125,31.75,29.8125,31.625,4,0,0,2000-07-03,2000-07-07,0,True,True
2000-07-14,31.75,32.4375,31.25,31.5625,5,0,0,2000-07-10,2000-07-14,0,True,True
2000-07-21,31.375,32.5,31.34375,31.5625,5,0,0,2000-07-17,2000-07-21,0,True,True
2000-07-28,31.5625,31.6875,30.125,30.375,5,0,0,2000-07-24,2000-07-28,0,True,True
2000-08-04,30.8125,32.375,30.1875,32.375,5,0,0,2000-07-31,2000-08-04,0,True,True
2000-08-11,32.25,33.875,32.0625,33.703125,5,0,0,2000-08-07,2000-08-11,0,True,True
2000-08-18,33.125,33.625,31.625,32.3125,5,0,0,2000-08-14,2000-08-18,0,True,True
2000-08-25,32.25,32.25,30.125,30.4375,5,0,0,2000-08-21,2000-08-25,0,True,True
2000-09-01,30.5,31.75,30.375,31.203125,5,0,0,2000-08-28,2000-09-01,0,True,True
2000-09-08,31.1875,34.4375,31.1875,34.34375,4,0,0,2000-09-05,2000-09-08,0,True,True
2000-09-15,34.25,35.5625,33.625,34.453125,5,0,0,2000-09-11,2000-09-15,0,True,True
2000-09-22,34.9375,34.9375,31.8125,32.8125,5,0,0,2000-09-18,2000-09-22,0,True,True
2000-09-29,32.8125,34.9375,32.5,34.140625,5,0,0,2000-09-25,2000-09-29,0,True,True
2000-10-06,34.0625,34.6875,32.125,32.3125,5,0,0,2000-10-02,2000-10-06,0,True,True
2000-10-13,32.375,33.625,32.0625,32.9375,5,0,0,2000-10-09,2000-10-13,0,True,True
2000-10-20,33.0625,34,32.0625,32.8125,5,0,0,2000-10-16,2000-10-20,0,True,True
2000-10-27,32.75,34.5,32.75,34.4375,5,0,0,2000-10-23,2000-10-27,0,True,True
2000-11-03,34.5625,36.125,34.5625,34.875,5,0,0,2000-10-30,2000-11-03,0,True,True
2000-11-10,34.875,35.75,34.0625,35.5,5,0,0,2000-11-06,2000-11-10,0,True,True
2000-11-17,35.125,35.75,34.0625,35.75,5,0,0,2000-11-13,2000-11-17,0,True,True
2000-11-24,35.875,37.5,35.5625,37.25,4,0,0,2000-11-20,2000-11-24,0,True,True
2000-12-01,36.75,37.9375,36.25,37.3125,5,0,0,2000-11-27,2000-12-01,0,True,True
2000-12-08,37.25,38.3125,35.8125,36,5,0,0,2000-12-04,2000-12-08,0,True,True
2000-12-15,36.25,36.4375,35.0625,35.125,5,0,0,2000-12-11,2000-12-15,0,True,True
2000-12-22,35.625,38.875,35.4375,38.375,5,0,0,2000-12-18,2000-12-22,0,True,True
2000-12-29,38.4375,39.5,38,38.5,4,0,0,2000-12-26,2000-12-29,0,True,True
2001-01-05,38.3125,38.375,33.875,34.1875,4,0,0,2001-01-02,2001-01-05,0,True,True
2001-01-12,34.375,34.9375,32.625,33.125,5,0,0,2001-01-08,2001-01-12,0,True,True
2001-01-19,33.125,34.5,31.4375,33.9375,4,0,0,2001-01-16,2001-01-19,0,True,True
2001-01-26,34.5,35.875,34.25,35,5,0,0,2001-01-22,2001-01-26,0,True,True
2001-02-02,35,35.669998168945312,34.299999237060547,34.700000762939453,5,0,0,2001-01-29,2001-02-02,0,True,True
2001-02-09,34.709999084472656,36.799999237060547,34.700000762939453,36.759998321533203,5,0,0,2001-02-05,2001-02-09,0,True,True
2001-02-16,36.419998168945312,36.900001525878906,35.310001373291016,36.099998474121094,5,0,0,2001-02-12,2001-02-16,0,True,True
2001-02-23,36.020000457763672,37,35.200000762939453,35.849998474121094,4,0,0,2001-02-20,2001-02-23,0,True,True
2001-03-02,35.930000305175781,37.060001373291016,35.599998474121094,35.889999389648438,5,0,0,2001-02-26,2001-03-02,0,True,True
2001-03-09,36,36.779998779296875,35.169998168945312,36.439998626708984,5,0,0,2001-03-05,2001-03-09,0,True,True
2001-03-16,36.450000762939453,36.700000762939453,35,35.630001068115234,5,0,0,2001-03-12,2001-03-16,0,True,True
2001-03-23,35.450000762939453,36.689998626708984,34.509998321533203,35.490001678466797,5,0,0,2001-03-19,2001-03-23,0,True,True
2001-03-30,35.650001525878906,37.490001678466797,35.330001831054688,37.099998474121094,5,0,0,2001-03-26,2001-03-30,0,True,True
2001-04-06,37.099998474121094,38.610000610351562,36.110000610351562,37.169998168945312,5,0,0,2001-04-02,2001-04-06,0,True,True
2001-04-13,37.5,39.200000762939453,37.279998779296875,37.900001525878906,4,0,0,2001-04-09,2001-04-12,0,True,True
2001-04-20,37.799999237060547,38.900001525878906,36.5,37.009998321533203,5,0,0,2001-04-16,2001-04-20,0,True,True
2001-04-27,37.349998474121094,38.5,36.799999237060547,37.5,5,0,0,2001-04-23,2001-04-27,0,True,True
2001-05-04,37.75,37.990001678466797,35.759998321533203,36.680000305175781,5,0,0,2001-04-30,2001-05-04,0,True,True
2001-05-11,37.060001373291016,37.400001525878906,36.400001525878906,37.240001678466797,5,0,0,2001-05-07,2001-05-11,0,True,True
2001-05-18,37.110000610351562,37.700000762939453,36.5,37.200000762939453,5,0,0,2001-05-14,2001-05-18,0,True,True
2001-05-25,37.400001525878906,39.310001373291016,37.099998474121094,38.369998931884766,5,0,0,2001-05-21,2001-05-25,0,True,True
2001-06-01,38.369998931884766,39.299999237060547,38.009998321533203,39.200000762939453,4,0,0,2001-05-29,2001-06-01,0,True,True
2001-06-08,39.209999084472656,39.450000762939453,37.759998321533203,38.279998779296875,5,0,0,2001-06-04,2001-06-08,0,True,True
2001-06-15,38.200000762939453,39.470001220703125,37.310001373291016,38.560001373291016,5,0,0,2001-06-11,2001-06-15,0,True,True
2001-06-22,39,39.950000762939453,38.389999389648438,39.639999389648438,5,0,0,2001-06-18,2001-06-22,0,True,True
2001-06-29,39.400001525878906,40,39,39.799999237060547,5,0,0,2001-06-25,2001-06-29,0,True,True
2001-07-06,39.599998474121094,40.799999237060547,39.400001525878906,40.5,4,0,0,2001-07-02,2001-07-06,0,True,True
2001-07-13,40.5,40.979999542236328,39.090000152587891,39.299999237060547,5,0,0,2001-07-09,2001-07-13,0,True,True
2001-07-20,39.200000762939453,39.900001525878906,38.619998931884766,38.930000305175781,5,0,0,2001-07-16,2001-07-20,0,True,True
2001-07-27,38.919998168945312,39.549999237060547,36.900001525878906,39.240001678466797,5,0,0,2001-07-23,2001-07-27,0,True,True
2001-08-03,39.240001678466797,41.599998474121094,38.430000305175781,41.25,5,0,0,2001-07-30,2001-08-03,0,True,True
2001-08-10,41,41.799999237060547,40.349998474121094,41.790000915527344,5,0,0,2001-08-06,2001-08-10,0,True,True
2001-08-17,41.479999542236328,41.479999542236328,39.700000762939453,40.220001220703125,5,0,0,2001-08-13,2001-08-17,0,True,True
2001-08-24,40,41.979999542236328,40,41.580001831054688,5,0,0,2001-08-20,2001-08-24,0,True,True
2001-08-31,41.450000762939453,41.950000762939453,40.830001831054688,40.900001525878906,5,0,0,2001-08-27,2001-08-31,0,True,True
2001-09-07,40.900001525878906,42.159999847412109,40.889999389648438,41.520000457763672,4,0,0,2001-09-04,2001-09-07,0,True,True
2001-09-14,41.599998474121094,41.880001068115234,41.299999237060547,41.729999542236328,1,0,0,2001-09-10,2001-09-10,0,True,True
2001-09-21,41.25,43.369998931884766,40,41,5,0,0,2001-09-17,2001-09-21,0,True,True
2001-09-28,41,41.069999694824219,39.400001525878906,40.720001220703125,5,0,0,2001-09-24,2001-09-28,0,True,True
2001-10-05,40.720001220703125,42.200000762939453,40.330001831054688,41.799999237060547,5,0,0,2001-10-01,2001-10-05,0,True,True
2001-10-12,41.700000762939453,41.770000457763672,39.950000762939453,40.439998626708984,5,0,0,2001-10-08,2001-10-12,0,True,True
2001-10-19,40.299999237060547,41.25,39.799999237060547,40.270000457763672,5,0,0,2001-10-15,2001-10-19,0,True,True
2001-10-26,40.450000762939453,40.479999542236328,39.330001831054688,40.009998321533203,5,0,0,2001-10-22,2001-10-26,0,True,True
2001-11-02,39.849998474121094,40.240001678466797,38.5,39.770000457763672,5,0,0,2001-10-29,2001-11-02,0,True,True
2001-11-09,39.900001525878906,41.549999237060547,39.900001525878906,40.869998931884766,5,0,0,2001-11-05,2001-11-09,0,True,True
2001-11-16,40.869998931884766,40.869998931884766,38.25,38.729999542236328,5,0,0,2001-11-12,2001-11-16,0,True,True
2001-11-23,38.849998474121094,39.669998168945312,38.099998474121094,39.159999847412109,4,0,0,2001-11-19,2001-11-23,0,True,True
2001-11-30,39.200000762939453,39.299999237060547,38,38.619998931884766,5,0,0,2001-11-26,2001-11-30,0,True,True
2001-12-07,38.619998931884766,39.099998474121094,38.099998474121094,38.799999237060547,5,0,0,2001-12-03,2001-12-07,0,True,True
2001-12-14,38.799999237060547,38.799999237060547,36.5,37.409999847412109,5,0,0,2001-12-10,2001-12-14,0,True,True
2001-12-21,37.479999542236328,39.25,37,38.700000762939453,5,0,0,2001-12-17,2001-12-21,0,True,True
2001-12-28,38.779998779296875,40.450000762939453,38.779998779296875,40.279998779296875,4,0,0,2001-12-24,2001-12-28,0,True,True
2002-01-04,40.299999237060547,40.979999542236328,39.729999542236328,40.869998931884766,4,0,0,2001-12-31,2002-01-04,0,True,True
2002-01-11,40.720001220703125,41.080001831054688,40.299999237060547,40.509998321533203,5,0,0,2002-01-07,2002-01-11,0,True,True
2002-01-18,40.709999084472656,42.090000152587891,40.549999237060547,41.599998474121094,5,0,0,2002-01-14,2002-01-18,0,True,True
2002-01-25,41.349998474121094,41.860000610351562,41.209999084472656,41.540000915527344,4,0,0,2002-01-22,2002-01-25,0,True,True
2002-02-01,41.400001525878906,41.619998931884766,40.029998779296875,41.090000152587891,5,0,0,2002-01-28,2002-02-01,0,True,True
2002-02-08,40.840000152587891,41.5,40.610000610351562,41.439998626708984,5,0,0,2002-02-04,2002-02-08,0,True,True
2002-02-15,41.099998474121094,41.360000610351562,40.25,40.700000762939453,5,0,0,2002-02-11,2002-02-15,0,True,True
2002-02-22,40.5,40.799999237060547,39.299999237060547,40.659999847412109,4,0,0,2002-02-19,2002-02-22,0,True,True
2002-03-01,40.950000762939453,41.369998931884766,40.029998779296875,41.369998931884766,5,0,0,2002-02-25,2002-03-01,0,True,True
2002-03-08,41.450000762939453,42.659999847412109,41.259998321533203,42.25,5,0,0,2002-03-04,2002-03-08,0,True,True
2002-03-15,42.25,42.450000762939453,41.25,41.5,5,0,0,2002-03-11,2002-03-15,0,True,True
2002-03-22,41.25,42.400001525878906,40.849998474121094,41.75,5,0,0,2002-03-18,2002-03-22,0,True,True
2002-03-29,41.650001525878906,42.490001678466797,41.330001831054688,41.909999847412109,4,0,0,2002-03-25,2002-03-28,0,True,True
2002-04-05,41.909999847412109,42.950000762939453,41.520000457763672,42.270000457763672,5,0,0,2002-04-01,2002-04-05,0,True,True
2002-04-12,42.150001525878906,42.650001525878906,41.709999084472656,42.090000152587891,5,0,0,2002-04-08,2002-04-12,0,True,True
2002-04-19,41.849998474121094,42.889999389648438,41.569999694824219,42.849998474121094,5,0,0,2002-04-15,2002-04-19,0,True,True
2002-04-26,42.950000762939453,43.919998168945312,42.439998626708984,42.919998168945312,5,0,0,2002-04-22,2002-04-26,0,True,True
2002-05-03,42.669998168945312,44.220001220703125,42.610000610351562,44.080001831054688,5,0,0,2002-04-29,2002-05-03,0,True,True
2002-05-10,44.099998474121094,45.049999237060547,43.849998474121094,44.130001068115234,5,0,0,2002-05-06,2002-05-10,0,True,True
2002-05-17,43.799999237060547,44.319999694824219,42.450000762939453,43.380001068115234,5,0,0,2002-05-13,2002-05-17,0,True,True
2002-05-24,43.299999237060547,45.400001525878906,42.400001525878906,45.080001831054688,5,0,0,2002-05-20,2002-05-24,0,True,True
2002-05-31,45.080001831054688,45.229999542236328,43.759998321533203,43.770000457763672,4,0,0,2002-05-28,2002-05-31,0,True,True
2002-06-07,43.779998779296875,43.799999237060547,40.860000610351562,41.159999847412109,5,0,0,2002-06-03,2002-06-07,0,True,True
2002-06-14,41.200000762939453,41.549999237060547,40.630001068115234,41.200000762939453,5,0,0,2002-06-10,2002-06-14,0,True,True
2002-06-21,41.349998474121094,41.900001525878906,40.509998321533203,41.310001373291016,5,0,0,2002-06-17,2002-06-21,0,True,True
2002-06-28,41.310001373291016,41.919998168945312,40.099998474121094,41.75,5,0,0,2002-06-24,2002-06-28,0,True,True
2002-07-05,41.75,41.799999237060547,39.479999542236328,40.049999237060547,4,0,0,2002-07-01,2002-07-05,0,True,True
2002-07-12,39.900001525878906,40.099998474121094,37.049999237060547,37.599998474121094,5,0,0,2002-07-08,2002-07-12,0,True,True
2002-07-19,37.610000610351562,38.099998474121094,34.549999237060547,34.869998931884766,5,0,0,2002-07-15,2002-07-19,0,True,True
2002-07-26,34.799999237060547,39.75,32.650001525878906,39.159999847412109,5,0,0,2002-07-22,2002-07-26,0,True,True
2002-08-02,39.299999237060547,42.950000762939453,39.110000610351562,41.139999389648438,5,0,0,2002-07-29,2002-08-02,0,True,True
2002-08-09,41.389999389648438,43.799999237060547,41.040000915527344,43.110000610351562,5,0,0,2002-08-05,2002-08-09,0,True,True
2002-08-16,42.299999237060547,43.200000762939453,41.729999542236328,41.979999542236328,5,0,0,2002-08-12,2002-08-16,0,True,True
2002-08-23,41.900001525878906,43.069999694824219,41.400001525878906,42.099998474121094,5,0,0,2002-08-19,2002-08-23,0,True,True
2002-08-30,42.110000610351562,42.689998626708984,40.5,40.689998626708984,5,0,0,2002-08-26,2002-08-30,0,True,True
2002-09-06,40.75,40.799999237060547,39.279998779296875,40.110000610351562,4,0,0,2002-09-03,2002-09-06,0,True,True
2002-09-13,40,40.439998626708984,38.959999084472656,39.650001525878906,5,0,0,2002-09-09,2002-09-13,0,True,True
2002-09-20,39.200000762939453,40.630001068115234,38.240001678466797,39.680000305175781,5,0,0,2002-09-16,2002-09-20,0,True,True
2002-09-27,39.299999237060547,40.919998168945312,38.060001373291016,40.509998321533203,5,0,0,2002-09-23,2002-09-27,0,True,True
2002-10-04,40.509998321533203,42.349998474121094,39.529998779296875,41.930000305175781,5,0,0,2002-09-30,2002-10-04,0,True,True
2002-10-11,42.299999237060547,44.450000762939453,39.939998626708984,42,5,0,0,2002-10-07,2002-10-11,0,True,True
2002-10-18,41,42.5,39.509998321533203,42.099998474121094,5,0,0,2002-10-14,2002-10-18,0,True,True
2002-10-25,41.950000762939453,44.5,41.900001525878906,43.849998474121094,5,0,0,2002-10-21,2002-10-25,0,True,True
2002-11-01,44.349998474121094,45.159999847412109,42.349998474121094,42.689998626708984,5,0,0,2002-10-28,2002-11-01,0,True,True
2002-11-08,43,44.060001373291016,40.5,40.580001831054688,5,0,0,2002-11-04,2002-11-08,0,True,True
2002-11-15,40.590000152587891,41.310001373291016,39.349998474121094,41.270000457763672,5,0,0,2002-11-11,2002-11-15,0,True,True
2002-11-22,41.700000762939453,41.779998779296875,39.549999237060547,40.680000305175781,5,0,0,2002-11-18,2002-11-22,0,True,True
2002-11-29,40.689998626708984,40.689998626708984,39.450000762939453,39.75,4,0,0,2002-11-25,2002-11-29,0,True,True
2002-12-06,39.5,40.580001831054688,39.020000457763672,39.819999694824219,5,0,0,2002-12-02,2002-12-06,0,True,True
2002-12-13,40,42.459999084472656,40,42.330001831054688,5,0,0,2002-12-09,2002-12-13,0,True,True
2002-12-20,42.700000762939453,43.349998474121094,41.860000610351562,43.229999542236328,5,0,0,2002-12-16,2002-12-20,0,True,True
2002-12-27,43.299999237060547,43.349998474121094,42.299999237060547,42.509998321533203,4,0,0,2002-12-23,2002-12-27,0,True,True
2003-01-03,42.509998321533203,43.840000152587891,42.419998168945312,43.840000152587891,4,0,0,2002-12-30,2003-01-03,0,True,True
2003-01-10,43.970001220703125,46.020000457763672,43.25,43.869998931884766,5,0,0,2003-01-06,2003-01-10,0,True,True
2003-01-17,43.880001068115234,43.880001068115234,40.349998474121094,41.610000610351562,5,0,0,2003-01-13,2003-01-17,0,True,True
2003-01-24,41.5,41.970001220703125,40.279998779296875,40.439998626708984,4,0,0,2003-01-21,2003-01-24,0,True,True
2003-01-31,40.029998779296875,40.180000305175781,39.090000152587891,39.919998168945312,5,0,0,2003-01-27,2003-01-31,0,True,True
2003-02-07,39.909999847412109,40.180000305175781,39.169998168945312,39.209999084472656,5,0,0,2003-02-03,2003-02-07,0,True,True
2003-02-14,38.75,39.049999237060547,36.549999237060547,39.029998779296875,5,0,0,2003-02-10,2003-02-14,0,True,True
2003-02-21,39.200000762939453,39.509998321533203,38.639999389648438,39.310001373291016,4,0,0,2003-02-18,2003-02-21,0,True,True
2003-02-28,39.319999694824219,39.740001678466797,38.509998321533203,39,5,0,0,2003-02-24,2003-02-28,0,True,True
2003-03-07,39.25,39.709999084472656,38.650001525878906,39.229999542236328,5,0,0,2003-03-03,2003-03-07,0,True,True
2003-03-14,39,39,37.630001068115234,38,5,0,0,2003-03-10,2003-03-14,0,True,True
2003-03-21,37.990001678466797,39.5,37.860000610351562,39.5,5,0,0,2003-03-17,2003-03-21,0,True,True
2003-03-28,39.5,39.5,38.150001525878906,38.459999084472656,5,0,0,2003-03-24,2003-03-28,0,True,True
2003-04-04,38.459999084472656,39.349998474121094,38.130001068115234,39.340000152587891,5,0,0,2003-03-31,2003-04-04,0,True,True
2003-04-11,39.509998321533203,39.919998168945312,38.880001068115234,39.5,5,0,0,2003-04-07,2003-04-11,0,True,True
2003-04-18,39.509998321533203,39.950000762939453,39,39.090000152587891,4,0,0,2003-04-14,2003-04-17,0,True,True
2003-04-25,39.099998474121094,39.479999542236328,38.200000762939453,38.909999847412109,5,0,0,2003-04-21,2003-04-25,0,True,True
2003-05-02,38.950000762939453,39.419998168945312,38.409999847412109,38.669998168945312,5,0,0,2003-04-28,2003-05-02,0,True,True
2003-05-09,38.849998474121094,39.5,38.630001068115234,39.490001678466797,5,0,0,2003-05-05,2003-05-09,0,True,True
2003-05-16,39.150001525878906,40.590000152587891,38.720001220703125,40.549999237060547,5,0,0,2003-05-12,2003-05-16,0,True,True
2003-05-23,39.880001068115234,43.560001373291016,39.880001068115234,43.020000457763672,5,0,0,2003-05-19,2003-05-23,0,True,True
2003-05-30,43.049999237060547,44.259998321533203,42.400001525878906,42.990001678466797,4,0,0,2003-05-27,2003-05-30,0,True,True
2003-06-06,42.979999542236328,43.75,42.430000305175781,42.720001220703125,5,0,0,2003-06-02,2003-06-06,0,True,True
2003-06-13,42.599998474121094,43.299999237060547,41.970001220703125,42.340000152587891,5,0,0,2003-06-09,2003-06-13,0,True,True
2003-06-20,42.799999237060547,44.200000762939453,42.450000762939453,43.590000152587891,5,0,0,2003-06-16,2003-06-20,0,True,True
2003-06-27,43.200000762939453,44.150001525878906,43.029998779296875,43.159999847412109,5,0,0,2003-06-23,2003-06-27,0,True,True
2003-07-04,43,43.779998779296875,42.680000305175781,43.299999237060547,4,0,0,2003-06-30,2003-07-03,0,True,True
2003-07-11,43.200000762939453,43.450000762939453,40.509998321533203,40.950000762939453,5,0,0,2003-07-07,2003-07-11,0,True,True
2003-07-18,41.299999237060547,41.470001220703125,39.520000457763672,40.770000457763672,5,0,0,2003-07-14,2003-07-18,0,True,True
2003-07-25,40.75,40.810001373291016,39.880001068115234,40.439998626708984,5,0,0,2003-07-21,2003-07-25,0,True,True
2003-08-01,40.380001068115234,40.409999847412109,39.25,39.259998321533203,5,0,0,2003-07-28,2003-08-01,0,True,True
2003-08-08,39.259998321533203,40.689998626708984,38.549999237060547,40.680000305175781,5,0,0,2003-08-04,2003-08-08,0,True,True
2003-08-15,40.189998626708984,40.310001373291016,39.060001373291016,39.310001373291016,5,0,0,2003-08-11,2003-08-15,0,True,True
2003-08-22,39.310001373291016,40.090000152587891,39.259998321533203,39.540000915527344,5,0,0,2003-08-18,2003-08-22,0,True,True
2003-08-29,39.459999084472656,39.979999542236328,39.139999389648438,39.529998779296875,5,0,0,2003-08-25,2003-08-29,0,True,True
2003-09-05,39.25,39.970001220703125,39.049999237060547,39.430000305175781,4,0,0,2003-09-02,2003-09-05,0,True,True
2003-09-12,39.5,40.639999389648438,39.369998931884766,40.340000152587891,5,0,0,2003-09-08,2003-09-12,0,True,True
2003-09-19,40.520000457763672,41.029998779296875,39.860000610351562,41.020000457763672,5,0,0,2003-09-15,2003-09-19,0,True,True
2003-09-26,40.799999237060547,41.080001831054688,40.200000762939453,41.069999694824219,5,0,0,2003-09-22,2003-09-26,0,True,True
2003-10-03,41.020000457763672,41.430000305175781,40.5,41.080001831054688,5,0,0,2003-09-29,2003-10-03,0,True,True
2003-10-10,41.080001831054688,41.229999542236328,40.340000152587891,40.619998931884766,5,0,0,2003-10-06,2003-10-10,0,True,True
2003-10-17,40.720001220703125,40.900001525878906,40.049999237060547,40.470001220703125,5,0,0,2003-10-13,2003-10-17,0,True,True
2003-10-24,40.650001525878906,40.830001831054688,40.200000762939453,40.790000915527344,5,0,0,2003-10-20,2003-10-24,0,True,True
2003-10-31,40.790000915527344,41.119998931884766,40.450000762939453,40.470001220703125,5,0,0,2003-10-27,2003-10-31,0,True,True
2003-11-07,40.669998168945312,41.310001373291016,40.400001525878906,40.400001525878906,5,0,0,2003-11-03,2003-11-07,0,True,True
2003-11-14,40.400001525878906,40.599998474121094,39.5,39.5,5,0,0,2003-11-10,2003-11-14,0,True,True
2003-11-21,39.490001678466797,39.740001678466797,38.799999237060547,39.400001525878906,5,0,0,2003-11-17,2003-11-21,0,True,True
2003-11-28,39.650001525878906,40.310001373291016,39.5,40.299999237060547,4,0,0,2003-11-24,2003-11-28,0,True,True
2003-12-05,40.049999237060547,41.310001373291016,40.049999237060547,41.049999237060547,5,0,0,2003-12-01,2003-12-05,0,True,True
2003-12-12,41.049999237060547,41.450000762939453,40.779998779296875,41.450000762939453,5,0,0,2003-12-08,2003-12-12,0,True,True
2003-12-19,41.75,42.450000762939453,41.159999847412109,42.380001068115234,5,0,0,2003-12-15,2003-12-19,0,True,True
2003-12-26,42.240001678466797,43.020000457763672,42.029998779296875,42.849998474121094,4,0,0,2003-12-22,2003-12-26,0,True,True
2004-01-02,42.919998168945312,43.479999542236328,42.869998931884766,42.979999542236328,4,0,0,2003-12-29,2004-01-02,0,True,True
2004-01-09,42.979999542236328,43.150001525878906,42.290000915527344,42.880001068115234,5,0,0,2004-01-05,2004-01-09,0,True,True
2004-01-16,42.779998779296875,43.189998626708984,42.520000457763672,42.840000152587891,5,0,0,2004-01-12,2004-01-16,0,True,True
2004-01-23,42.799999237060547,44.099998474121094,42.700000762939453,43.25,4,0,0,2004-01-20,2004-01-23,0,True,True
2004-01-30,43.25,43.950000762939453,42.209999084472656,43.830001831054688,5,0,0,2004-01-26,2004-01-30,0,True,True
2004-02-06,43.840000152587891,44.490001678466797,43.400001525878906,43.430000305175781,5,0,0,2004-02-02,2004-02-06,0,True,True
2004-02-13,42.5,43.770000457763672,42.450000762939453,43.340000152587891,5,0,0,2004-02-09,2004-02-13,0,True,True
2004-02-20,43.369998931884766,44.200000762939453,43.180000305175781,43.569999694824219,4,0,0,2004-02-17,2004-02-20,0,True,True
2004-02-27,43.569999694824219,44.220001220703125,42.939998626708984,44.169998168945312,5,0,0,2004-02-23,2004-02-27,0,True,True
2004-03-05,44.169998168945312,44.990001678466797,44.020000457763672,44.900001525878906,5,0,0,2004-03-01,2004-03-05,0,True,True
2004-03-12,44.909999847412109,45.009998321533203,43.419998168945312,43.799999237060547,5,0,0,2004-03-08,2004-03-12,0,True,True
2004-03-19,43.849998474121094,44.939998626708984,43.599998474121094,44.119998931884766,5,0,0,2004-03-15,2004-03-19,0,True,True
2004-03-26,44.099998474121094,44.299999237060547,43.599998474121094,43.909999847412109,5,0,0,2004-03-22,2004-03-26,0,True,True
2004-04-02,44.099998474121094,44.369998931884766,43.709999084472656,43.869998931884766,5,0,0,2004-03-29,2004-04-02,0,True,True
2004-04-09,43.869998931884766,44.200000762939453,43.049999237060547,43.400001525878906,4,0,0,2004-04-05,2004-04-08,0,True,True
2004-04-16,43.229999542236328,43.479999542236328,41.639999389648438,42.330001831054688,5,0,0,2004-04-12,2004-04-16,0,True,True
2004-04-23,42.150001525878906,42.709999084472656,41.400001525878906,42.139999389648438,5,0,0,2004-04-19,2004-04-23,0,True,True
2004-04-30,42.150001525878906,42.319999694824219,40.900001525878906,41.209999084472656,5,0,0,2004-04-26,2004-04-30,0,True,True
2004-05-07,41.099998474121094,41.580001831054688,39.939998626708984,39.979999542236328,5,0,0,2004-05-03,2004-05-07,0,True,True
2004-05-14,39.200000762939453,39.409999847412109,37.229999542236328,38.180000305175781,5,0,0,2004-05-10,2004-05-14,0,True,True
2004-05-21,38.080001831054688,38.080001831054688,37.25,37.790000915527344,5,0,0,2004-05-17,2004-05-21,0,True,True
2004-05-28,37.860000610351562,39.279998779296875,37.759998321533203,39.259998321533203,5,0,0,2004-05-24,2004-05-28,0,True,True
2004-06-04,39.419998168945312,39.459999084472656,38.770000457763672,39.200000762939453,4,0,0,2004-06-01,2004-06-04,0,True,True
2004-06-11,39.200000762939453,39.409999847412109,38.680000305175781,39.060001373291016,4,0,0,2004-06-07,2004-06-10,0,True,True
2004-06-18,38.849998474121094,39.560001373291016,38.610000610351562,39.529998779296875,5,0,0,2004-06-14,2004-06-18,0,True,True
2004-06-25,39.529998779296875,40.509998321533203,39.360000610351562,40.279998779296875,5,0,0,2004-06-21,2004-06-25,0,True,True
2004-07-02,40.380001068115234,40.529998779296875,39.119998931884766,39.630001068115234,5,0,0,2004-06-28,2004-07-02,0,True,True
2004-07-09,39.599998474121094,39.659999847412109,39.169998168945312,39.439998626708984,4,0,0,2004-07-06,2004-07-09,0,True,True
2004-07-16,39.479999542236328,40.270000457763672,39.299999237060547,39.909999847412109,5,0,0,2004-07-12,2004-07-16,0,True,True
2004-07-23,40.049999237060547,40.549999237060547,39.619998931884766,40.049999237060547,5,0,0,2004-07-19,2004-07-23,0,True,True
2004-07-30,40.049999237060547,40.970001220703125,39.419998168945312,40.970001220703125,5,0,0,2004-07-26,2004-07-30,0,True,True
2004-08-06,40.970001220703125,41.950000762939453,40.799999237060547,41.619998931884766,5,0,0,2004-08-02,2004-08-06,0,True,True
2004-08-13,41.180000305175781,41.360000610351562,40.400001525878906,40.900001525878906,5,0,0,2004-08-09,2004-08-13,0,True,True
2004-08-20,41.029998779296875,41.470001220703125,40.75,40.869998931884766,5,0,0,2004-08-16,2004-08-20,0,True,True
2004-08-27,40.880001068115234,41.349998474121094,40.770000457763672,41.270000457763672,5,0,0,2004-08-23,2004-08-27,0,True,True
2004-09-03,41.299999237060547,42.740001678466797,41.200000762939453,42.659999847412109,5,0,0,2004-08-30,2004-09-03,0,True,True
2004-09-10,42.849998474121094,42.900001525878906,41.430000305175781,41.930000305175781,4,0,0,2004-09-07,2004-09-10,0,True,True
2004-09-17,41.930000305175781,42.549999237060547,41.360000610351562,42.509998321533203,5,0,0,2004-09-13,2004-09-17,0,True,True
2004-09-24,42.400001525878906,42.509998321533203,41.369998931884766,41.659999847412109,5,0,0,2004-09-20,2004-09-24,0,True,True
2004-10-01,41.599998474121094,42.349998474121094,41.540000915527344,42.310001373291016,5,0,0,2004-09-27,2004-10-01,0,True,True
2004-10-08,42.430000305175781,43.080001831054688,42.270000457763672,42.490001678466797,5,0,0,2004-10-04,2004-10-08,0,True,True
2004-10-15,42.490001678466797,43.349998474121094,42.400001525878906,43.25,5,0,0,2004-10-11,2004-10-15,0,True,True
2004-10-22,43.069999694824219,43.479999542236328,42.209999084472656,43.349998474121094,5,0,0,2004-10-18,2004-10-22,0,True,True
2004-10-29,43.450000762939453,44,43.25,43.450000762939453,5,0,0,2004-10-25,2004-10-29,0,True,True
2004-11-05,43.380001068115234,45.180000305175781,42.909999847412109,45.040000915527344,5,0,0,2004-11-01,2004-11-05,0,True,True
2004-11-12,44.470001220703125,45.590000152587891,44.099998474121094,45.590000152587891,5,0,0,2004-11-08,2004-11-12,0,True,True
2004-11-19,45.450000762939453,45.569999694824219,44.259998321533203,44.549999237060547,5,0,0,2004-11-15,2004-11-19,0,True,True
2004-11-26,44.700000762939453,45.5,44.569999694824219,45.400001525878906,4,0,0,2004-11-22,2004-11-26,0,True,True
2004-12-03,45.400001525878906,45.400001525878906,43.130001068115234,43.590000152587891,5,0,0,2004-11-29,2004-12-03,0,True,True
2004-12-10,43.650001525878906,44.139999389648438,43.159999847412109,43.450000762939453,5,0,0,2004-12-06,2004-12-10,0,True,True
2004-12-17,43.75,44.75,43.580001831054688,44.080001831054688,5,0,0,2004-12-13,2004-12-17,0,True,True
2004-12-24,44.330001831054688,44.700000762939453,44.029998779296875,44.599998474121094,4,0,0,2004-12-20,2004-12-23,0,True,True
2004-12-31,44.590000152587891,44.700000762939453,43.75,43.75,5,0,0,2004-12-27,2004-12-31,0,True,True
2005-01-07,43.759998321533203,43.909999847412109,42.540000915527344,42.869998931884766,5,0,0,2005-01-03,2005-01-07,0,True,True
2005-01-14,42.970001220703125,43.860000610351562,42.919998168945312,43.430000305175781,5,0,0,2005-01-10,2005-01-14,0,True,True
2005-01-21,43.349998474121094,44.139999389648438,43.220001220703125,43.400001525878906,4,0,0,2005-01-18,2005-01-21,0,True,True
2005-01-28,43.450000762939453,43.979999542236328,43.020000457763672,43.299999237060547,5,0,0,2005-01-24,2005-01-28,0,True,True
2005-02-04,43.799999237060547,44.189998626708984,43.259998321533203,44.189998626708984,5,0,0,2005-01-31,2005-02-04,0,True,True
2005-02-11,44.180000305175781,44.709999084472656,43.909999847412109,44.599998474121094,5,0,0,2005-02-07,2005-02-11,0,True,True
2005-02-18,44.189998626708984,44.450000762939453,43.259998321533203,43.459999084472656,5,0,0,2005-02-14,2005-02-18,0,True,True
2005-02-25,43.400001525878906,43.409999847412109,42.319999694824219,43.099998474121094,4,0,0,2005-02-22,2005-02-25,0,True,True
2005-03-04,43.229999542236328,43.299999237060547,42.349998474121094,42.909999847412109,5,0,0,2005-02-28,2005-03-04,0,True,True
2005-03-11,43.130001068115234,43.180000305175781,41.650001525878906,41.900001525878906,5,0,0,2005-03-07,2005-03-11,0,True,True
2005-03-18,42.279998779296875,42.939998626708984,41.470001220703125,41.849998474121094,5,0,0,2005-03-14,2005-03-18,0,True,True
2005-03-25,42,42.119998931884766,41.099998474121094,41.759998321533203,4,0,0,2005-03-21,2005-03-24,0,True,True
2005-04-01,41.930000305175781,42.599998474121094,41.240001678466797,41.840000152587891,5,0,0,2005-03-28,2005-04-01,0,True,True
2005-04-08,41.849998474121094,42.590000152587891,41.5,42.200000762939453,5,0,0,2005-04-04,2005-04-08,0,True,True
2005-04-15,42.270000457763672,43.180000305175781,42.060001373291016,42.209999084472656,5,0,0,2005-04-11,2005-04-15,0,True,True
2005-04-22,42.209999084472656,43.450000762939453,42,43.169998168945312,5,0,0,2005-04-18,2005-04-22,0,True,True
2005-04-29,43.299999237060547,43.650001525878906,42.740001678466797,43.279998779296875,5,0,0,2005-04-25,2005-04-29,0,True,True
2005-05-06,43.5,44.430000305175781,43.380001068115234,44.279998779296875,5,0,0,2005-05-02,2005-05-06,0,True,True
2005-05-13,44.419998168945312,45.819999694824219,44.209999084472656,45.389999389648438,5,0,0,2005-05-09,2005-05-13,0,True,True
2005-05-20,44.819999694824219,46.099998474121094,44.75,45.720001220703125,5,0,0,2005-05-16,2005-05-20,0,True,True
2005-05-27,45.740001678466797,45.75,44.919998168945312,45.330001831054688,5,0,0,2005-05-23,2005-05-27,0,True,True
2005-06-03,45.5,46.270000457763672,45.299999237060547,45.990001678466797,4,0,0,2005-05-31,2005-06-03,0,True,True
2005-06-10,45.970001220703125,46.150001525878906,45.25,45.580001831054688,5,0,0,2005-06-06,2005-06-10,0,True,True
2005-06-17,45.520000457763672,46.150001525878906,45.299999237060547,45.909999847412109,5,0,0,2005-06-13,2005-06-17,0,True,True
2005-06-24,45.740001678466797,46.919998168945312,45.650001525878906,46.009998321533203,5,0,0,2005-06-20,2005-06-24,0,True,True
2005-07-01,46.130001068115234,47.229999542236328,45.939998626708984,47.080001831054688,5,0,0,2005-06-27,2005-07-01,0,True,True
2005-07-08,47,47.880001068115234,46.180000305175781,47.849998474121094,4,0,0,2005-07-05,2005-07-08,0,True,True
2005-07-15,47.979999542236328,48.740001678466797,47.720001220703125,48.069999694824219,5,0,0,2005-07-11,2005-07-15,0,True,True
2005-07-22,48.139999389648438,48.299999237060547,47.229999542236328,47.869998931884766,5,0,0,2005-07-18,2005-07-22,0,True,True
2005-07-29,47.849998474121094,48.680000305175781,47.810001373291016,48.159999847412109,5,0,0,2005-07-25,2005-07-29,0,True,True
2005-08-05,48.209999084472656,49.229999542236328,47.180000305175781,47.619998931884766,5,0,0,2005-08-01,2005-08-05,0,True,True
2005-08-12,47.650001525878906,47.75,46.450000762939453,47.5,5,0,0,2005-08-08,2005-08-12,0,True,True
2005-08-19,46.979999542236328,47.110000610351562,45.599998474121094,46.180000305175781,5,0,0,2005-08-15,2005-08-19,0,True,True
2005-08-26,46.200000762939453,46.860000610351562,46.009998321533203,46.200000762939453,5,0,0,2005-08-22,2005-08-26,0,True,True
2005-09-02,46,47.930000305175781,45.869998931884766,47.650001525878906,5,0,0,2005-08-29,2005-09-02,0,True,True
2005-09-09,47.900001525878906,48.470001220703125,47.419998168945312,48.150001525878906,4,0,0,2005-09-06,2005-09-09,0,True,True
2005-09-16,48,49.290000915527344,47.799999237060547,49.240001678466797,5,0,0,2005-09-12,2005-09-16,0,True,True
2005-09-23,49.060001373291016,49.290000915527344,47.700000762939453,48.220001220703125,5,0,0,2005-09-19,2005-09-23,0,True,True
2005-09-30,48.169998168945312,49.25,47.990001678466797,48.549999237060547,5,0,0,2005-09-26,2005-09-30,0,True,True
2005-10-07,48.740001678466797,49.099998474121094,45.869998931884766,47.029998779296875,5,0,0,2005-10-03,2005-10-07,0,True,True
2005-10-14,47.020000457763672,47.029998779296875,44.150001525878906,44.540000915527344,5,0,0,2005-10-10,2005-10-14,0,True,True
2005-10-21,44.639999389648438,45.229999542236328,43.700000762939453,44.880001068115234,5,0,0,2005-10-17,2005-10-21,0,True,True
2005-10-28,44.880001068115234,46.099998474121094,44.189998626708984,45.209999084472656,5,0,0,2005-10-24,2005-10-28,0,True,True
2005-11-04,45.220001220703125,46.060001373291016,44.900001525878906,45.439998626708984,5,0,0,2005-10-31,2005-11-04,0,True,True
2005-11-11,45.520000457763672,46.310001373291016,45.099998474121094,45.900001525878906,5,0,0,2005-11-07,2005-11-11,0,True,True
2005-11-18,45.229999542236328,45.689998626708984,44.540000915527344,45.529998779296875,5,0,0,2005-11-14,2005-11-18,0,True,True
2005-11-25,45.529998779296875,46.099998474121094,45.240001678466797,46.009998321533203,4,0,0,2005-11-21,2005-11-25,0,True,True
2005-12-02,46.150001525878906,46.409999847412109,45.319999694824219,45.810001373291016,5,0,0,2005-11-28,2005-12-02,0,True,True
2005-12-09,45.889999389648438,45.950000762939453,44.409999847412109,45.459999084472656,5,0,0,2005-12-05,2005-12-09,0,True,True
2005-12-16,45.540000915527344,47.25,45.099998474121094,46.849998474121094,5,0,0,2005-12-12,2005-12-16,0,True,True
2005-12-23,46.759998321533203,47.119998931884766,46.290000915527344,46.939998626708984,5,0,0,2005-12-19,2005-12-23,0,True,True
2005-12-30,47,47.229999542236328,46.279998779296875,46.330001831054688,4,0,0,2005-12-27,2005-12-30,0,True,True
2006-01-06,46.430000305175781,46.900001525878906,46.060001373291016,46.810001373291016,4,0,0,2006-01-03,2006-01-06,0,True,True
2006-01-13,46.900001525878906,47.090000152587891,46.159999847412109,46.299999237060547,5,0,0,2006-01-09,2006-01-13,0,True,True
2006-01-20,46.299999237060547,47.139999389648438,46.200000762939453,46.729999542236328,4,0,0,2006-01-17,2006-01-20,0,True,True
2006-01-27,46.700000762939453,47.520000457763672,46.509998321533203,47.290000915527344,5,0,0,2006-01-23,2006-01-27,0,True,True
2006-02-03,47.220001220703125,47.259998321533203,45.849998474121094,46.099998474121094,5,0,0,2006-01-30,2006-02-03,0,True,True
2006-02-10,46.020000457763672,46.400001525878906,45.709999084472656,46.139999389648438,5,0,0,2006-02-06,2006-02-10,0,True,True
2006-02-17,45.540000915527344,45.650001525878906,44.930000305175781,45.450000762939453,5,0,0,2006-02-13,2006-02-17,0,True,True
2006-02-24,45.470001220703125,46.490001678466797,45.430000305175781,46.490001678466797,4,0,0,2006-02-21,2006-02-24,0,True,True
2006-03-03,46.610000610351562,46.680000305175781,45.009998321533203,45.090000152587891,5,0,0,2006-02-27,2006-03-03,0,True,True
2006-03-10,45.049999237060547,45.090000152587891,44.049999237060547,44.650001525878906,5,0,0,2006-03-06,2006-03-10,0,True,True
2006-03-17,44.790000915527344,45.790000915527344,44.560001373291016,45.090000152587891,5,0,0,2006-03-13,2006-03-17,0,True,True
2006-03-24,45.150001525878906,45.400001525878906,44.560001373291016,44.599998474121094,5,0,0,2006-03-20,2006-03-24,0,True,True
2006-03-31,44.470001220703125,44.599998474121094,43.349998474121094,43.5,5,0,0,2006-03-27,2006-03-31,0,True,True
2006-04-07,43.860000610351562,43.880001068115234,42.229999542236328,42.389999389648438,5,0,0,2006-04-03,2006-04-07,0,True,True
2006-04-14,42.360000610351562,42.659999847412109,41.75,41.880001068115234,4,0,0,2006-04-10,2006-04-13,0,True,True
2006-04-21,41.860000610351562,43.209999084472656,41.619998931884766,42.669998168945312,5,0,0,2006-04-17,2006-04-21,0,True,True
2006-04-28,42.680000305175781,43.310001373291016,41.900001525878906,43.119998931884766,5,0,0,2006-04-24,2006-04-28,0,True,True
2006-05-05,43.5,43.5,42.310001373291016,43.119998931884766,5,0,0,2006-05-01,2006-05-05,0,True,True
2006-05-12,43,43.689998626708984,41.779998779296875,41.810001373291016,5,0,0,2006-05-08,2006-05-12,0,True,True
2006-05-19,41.919998168945312,42.520000457763672,41.169998168945312,42.150001525878906,5,0,0,2006-05-15,2006-05-19,0,True,True
2006-05-26,41.950000762939453,44.069999694824219,41.950000762939453,44.060001373291016,5,0,0,2006-05-22,2006-05-26,0,True,True
2006-06-02,43.75,44.479999542236328,43.450000762939453,44.450000762939453,4,0,0,2006-05-30,2006-06-02,0,True,True
2006-06-09,44.25,44.779998779296875,43.529998779296875,44.610000610351562,5,0,0,2006-06-05,2006-06-09,0,True,True
2006-06-16,44.889999389648438,45,43.569999694824219,44.229999542236328,5,0,0,2006-06-12,2006-06-16,0,True,True
2006-06-23,44.229999542236328,44.360000610351562,43.049999237060547,43.490001678466797,5,0,0,2006-06-19,2006-06-23,0,True,True
2006-06-30,43.400001525878906,44.709999084472656,43.189998626708984,44.439998626708984,5,0,0,2006-06-26,2006-06-30,0,True,True
2006-07-07,44.639999389648438,45.310001373291016,44.25,45.099998474121094,4,0,0,2006-07-03,2006-07-07,0,True,True
2006-07-14,45.049999237060547,45.689998626708984,44.900001525878906,45.209999084472656,5,0,0,2006-07-10,2006-07-14,0,True,True
2006-07-21,45.229999542236328,46.990001678466797,45.229999542236328,46.799999237060547,5,0,0,2006-07-17,2006-07-21,0,True,True
2006-07-28,46.700000762939453,47.450000762939453,46.549999237060547,46.990001678466797,5,0,0,2006-07-24,2006-07-28,0,True,True
2006-08-04,47.220001220703125,47.220001220703125,46.009998321533203,46.650001525878906,5,0,0,2006-07-31,2006-08-04,0,True,True
2006-08-11,46.150001525878906,46.689998626708984,45.340000152587891,45.799999237060547,5,0,0,2006-08-07,2006-08-11,0,True,True
2006-08-18,45.139999389648438,45.799999237060547,44.700000762939453,45.340000152587891,5,0,0,2006-08-14,2006-08-18,0,True,True
2006-08-25,45.200000762939453,45.799999237060547,45.009998321533203,45.389999389648438,5,0,0,2006-08-21,2006-08-25,0,True,True
2006-09-01,45.470001220703125,46.270000457763672,45.369998931884766,45.900001525878906,5,0,0,2006-08-28,2006-09-01,0,True,True
2006-09-08,45.799999237060547,45.799999237060547,45.099998474121094,45.290000915527344,4,0,0,2006-09-05,2006-09-08,0,True,True
2006-09-15,45.340000152587891,46.080001831054688,44.930000305175781,45.729999542236328,5,0,0,2006-09-11,2006-09-15,0,True,True
2006-09-22,45.779998779296875,46.529998779296875,45.5,46.020000457763672,5,0,0,2006-09-18,2006-09-22,0,True,True
2006-09-29,46.130001068115234,46.959999084472656,46.080001831054688,46.200000762939453,5,0,0,2006-09-25,2006-09-29,0,True,True
2006-10-06,46.270000457763672,47.119998931884766,46.040000915527344,46.430000305175781,5,0,0,2006-10-02,2006-10-06,0,True,True
2006-10-13,46.299999237060547,47.029998779296875,46.209999084472656,46.740001678466797,5,0,0,2006-10-09,2006-10-13,0,True,True
2006-10-20,46.650001525878906,47.889999389648438,46.5,47.889999389648438,5,0,0,2006-10-16,2006-10-20,0,True,True
2006-10-27,47.689998626708984,48.700000762939453,47.5,48.229999542236328,5,0,0,2006-10-23,2006-10-27,0,True,True
2006-11-03,48.360000610351562,48.880001068115234,47.479999542236328,48.020000457763672,5,0,0,2006-10-30,2006-11-03,0,True,True
2006-11-10,48,48.369998931884766,47.650001525878906,48.299999237060547,5,0,0,2006-11-06,2006-11-10,0,True,True
2006-11-17,47.869998931884766,48.200000762939453,47.479999542236328,47.990001678466797,5,0,0,2006-11-13,2006-11-17,0,True,True
2006-11-24,48.270000457763672,48.270000457763672,47.650001525878906,47.849998474121094,4,0,0,2006-11-20,2006-11-24,0,True,True
2006-12-01,47.909999847412109,48.450000762939453,47.330001831054688,48.220001220703125,5,0,0,2006-11-27,2006-12-01,0,True,True
2006-12-08,48.279998779296875,48.470001220703125,47.75,47.830001831054688,5,0,0,2006-12-04,2006-12-08,0,True,True
2006-12-15,47.790000915527344,49.279998779296875,47.790000915527344,48.669998168945312,5,0,0,2006-12-11,2006-12-15,0,True,True
2006-12-22,48.900001525878906,48.950000762939453,47.549999237060547,47.759998321533203,5,0,0,2006-12-18,2006-12-22,0,True,True
2006-12-29,47.770000457763672,48.299999237060547,47.590000152587891,48.069999694824219,4,0,0,2006-12-26,2006-12-29,0,True,True
2007-01-05,48.119998931884766,48.700000762939453,47.319999694824219,47.630001068115234,3,0,0,2007-01-03,2007-01-05,0,True,True
2007-01-12,47.659999847412109,48.189998626708984,47.189998626708984,47.360000610351562,5,0,0,2007-01-08,2007-01-12,0,True,True
2007-01-19,47.529998779296875,47.990001678466797,47.069999694824219,47.740001678466797,4,0,0,2007-01-16,2007-01-19,0,True,True
2007-01-26,47.900001525878906,48.680000305175781,47.680000305175781,48.099998474121094,5,0,0,2007-01-22,2007-01-26,0,True,True
2007-02-02,48,48.599998474121094,47.569999694824219,48.459999084472656,5,0,0,2007-01-29,2007-02-02,0,True,True
2007-02-09,48.479999542236328,49.25,48.299999237060547,49.029998779296875,5,0,0,2007-02-05,2007-02-09,0,True,True
2007-02-16,48.450000762939453,48.970001220703125,48.200000762939453,48.720001220703125,5,0,0,2007-02-12,2007-02-16,0,True,True
2007-02-23,48.669998168945312,49.889999389648438,48.630001068115234,49.330001831054688,4,0,0,2007-02-20,2007-02-23,0,True,True
2007-03-02,49.700000762939453,50.049999237060547,48,48.080001831054688,5,0,0,2007-02-26,2007-03-02,0,True,True
2007-03-09,47.939998626708984,48.590000152587891,47.459999084472656,48.400001525878906,5,0,0,2007-03-05,2007-03-09,0,True,True
2007-03-16,48.389999389648438,48.950000762939453,47.810001373291016,48.610000610351562,5,0,0,2007-03-12,2007-03-16,0,True,True
2007-03-23,48.950000762939453,50.450000762939453,48.610000610351562,50.419998168945312,5,0,0,2007-03-19,2007-03-23,0,True,True
2007-03-30,50.419998168945312,51.400001525878906,50.139999389648438,51.060001373291016,5,0,0,2007-03-26,2007-03-30,0,True,True
2007-04-06,50.939998626708984,52.220001220703125,50.840000152587891,52.049999237060547,4,0,0,2007-04-02,2007-04-05,0,True,True
2007-04-13,51.939998626708984,52.299999237060547,51.459999084472656,51.790000915527344,5,0,0,2007-04-09,2007-04-13,0,True,True
2007-04-20,51.919998168945312,52.630001068115234,51.700000762939453,52,5,0,0,2007-04-16,2007-04-20,0,True,True
2007-04-27,51.979999542236328,52.900001525878906,51.639999389648438,51.799999237060547,5,0,0,2007-04-23,2007-04-27,0,True,True
2007-05-04,51.520000457763672,51.860000610351562,51.049999237060547,51.419998168945312,5,0,0,2007-04-30,2007-05-04,0,True,True
2007-05-11,51.540000915527344,52,49.919998168945312,50.970001220703125,5,0,0,2007-05-07,2007-05-11,0,True,True
2007-05-18,50.450000762939453,51.450000762939453,50.380001068115234,50.950000762939453,5,0,0,2007-05-14,2007-05-18,0,True,True
2007-05-25,51.029998779296875,51.099998474121094,47.529998779296875,48.119998931884766,5,0,0,2007-05-21,2007-05-25,0,True,True
2007-06-01,48.25,49.090000152587891,47.979999542236328,48.479999542236328,4,0,0,2007-05-29,2007-06-01,0,True,True
2007-06-08,48.479999542236328,48.889999389648438,46.130001068115234,46.590000152587891,5,0,0,2007-06-04,2007-06-08,0,True,True
2007-06-15,46.770000457763672,47.659999847412109,46,47.369998931884766,5,0,0,2007-06-11,2007-06-15,0,True,True
2007-06-22,47.369998931884766,47.509998321533203,44.919998168945312,45.200000762939453,5,0,0,2007-06-18,2007-06-22,0,True,True
2007-06-29,45.560001373291016,46.099998474121094,44.680000305175781,45.119998931884766,5,0,0,2007-06-25,2007-06-29,0,True,True
2007-07-06,45.349998474121094,46.209999084472656,44.869998931884766,45.209999084472656,4,0,0,2007-07-02,2007-07-06,0,True,True
2007-07-13,45.419998168945312,46.25,44.770000457763672,46.090000152587891,5,0,0,2007-07-09,2007-07-13,0,True,True
2007-07-20,45.919998168945312,46.259998321533203,45.349998474121094,45.369998931884766,5,0,0,2007-07-16,2007-07-20,0,True,True
2007-07-27,45.479999542236328,45.849998474121094,43.650001525878906,43.650001525878906,5,0,0,2007-07-23,2007-07-27,0,True,True
2007-08-03,43.830001831054688,45.569999694824219,43.099998474121094,43.869998931884766,5,0,0,2007-07-30,2007-08-03,0,True,True
2007-08-10,44.200000762939453,48.569999694824219,43.770000457763672,47.430000305175781,5,0,0,2007-08-06,2007-08-10,0,True,True
2007-08-17,46.270000457763672,47.020000457763672,44.169998168945312,45.959999084472656,5,0,0,2007-08-13,2007-08-17,0,True,True
2007-08-24,46.130001068115234,47.200000762939453,45.459999084472656,46.799999237060547,5,0,0,2007-08-20,2007-08-24,0,True,True
2007-08-31,46.770000457763672,46.770000457763672,45.049999237060547,45.939998626708984,5,0,0,2007-08-27,2007-08-31,0,True,True
2007-09-07,46.009998321533203,46.610000610351562,45.360000610351562,45.540000915527344,4,0,0,2007-09-04,2007-09-07,0,True,True
2007-09-14,45.400001525878906,46.389999389648438,44.75,46.259998321533203,5,0,0,2007-09-10,2007-09-14,0,True,True
2007-09-21,46.220001220703125,47.529998779296875,45.880001068115234,46.979999542236328,5,0,0,2007-09-17,2007-09-21,0,True,True
2007-09-28,47.049999237060547,47.450000762939453,46.200000762939453,46.299999237060547,5,0,0,2007-09-24,2007-09-28,0,True,True
2007-10-05,46.569999694824219,47.659999847412109,46.380001068115234,47.270000457763672,5,0,0,2007-10-01,2007-10-05,0,True,True
2007-10-12,47.270000457763672,47.830001831054688,46.509998321533203,46.770000457763672,5,0,0,2007-10-08,2007-10-12,0,True,True
2007-10-19,46.810001373291016,46.970001220703125,45,45.119998931884766,5,0,0,2007-10-15,2007-10-19,0,True,True
2007-10-26,45,46.740001678466797,44.569999694824219,46.669998168945312,5,0,0,2007-10-22,2007-10-26,0,True,True
2007-11-02,46.729999542236328,47.450000762939453,46.209999084472656,46.900001525878906,5,0,0,2007-10-29,2007-11-02,0,True,True
2007-11-09,47.389999389648438,47.470001220703125,46.150001525878906,46.330001831054688,5,0,0,2007-11-05,2007-11-09,0,True,True
2007-11-16,45.950000762939453,47.060001373291016,45.950000762939453,46.830001831054688,5,0,0,2007-11-12,2007-11-16,0,True,True
2007-11-23,46.630001068115234,48.729999542236328,46.630001068115234,48.450000762939453,4,0,0,2007-11-19,2007-11-23,0,True,True
2007-11-30,48.040000915527344,49.150001525878906,48.040000915527344,48.450000762939453,5,0,0,2007-11-26,2007-11-30,0,True,True
2007-12-07,48.25,49.860000610351562,48.169998168945312,49.490001678466797,5,0,0,2007-12-03,2007-12-07,0,True,True
2007-12-14,49.349998474121094,50.549999237060547,49.259998321533203,49.259998321533203,5,0,0,2007-12-10,2007-12-14,0,True,True
2007-12-21,49,49.799999237060547,48.090000152587891,48.639999389648438,5,0,0,2007-12-17,2007-12-21,0,True,True
2007-12-28,48.689998626708984,49.310001373291016,48.020000457763672,48.930000305175781,4,0,0,2007-12-24,2007-12-28,0,True,True
2008-01-04,48.880001068115234,49,47.880001068115234,47.919998168945312,4,0,0,2007-12-31,2008-01-04,0,True,True
2008-01-11,48.119998931884766,49.299999237060547,46.090000152587891,46.919998168945312,5,0,0,2008-01-07,2008-01-11,0,True,True
2008-01-18,47.200000762939453,47.799999237060547,43.869998931884766,44.599998474121094,5,0,0,2008-01-14,2008-01-18,0,True,True
2008-01-25,43.119998931884766,45.270000457763672,42.740001678466797,43.270000457763672,4,0,0,2008-01-22,2008-01-25,0,True,True
2008-02-01,43.409999847412109,44.479999542236328,42.459999084472656,44.380001068115234,5,0,0,2008-01-28,2008-02-01,0,True,True
2008-02-08,44.450000762939453,45.099998474121094,43.279998779296875,43.369998931884766,5,0,0,2008-02-04,2008-02-08,0,True,True
2008-02-15,43,43.479999542236328,41.959999084472656,42.400001525878906,5,0,0,2008-02-11,2008-02-15,0,True,True
2008-02-22,42.959999084472656,42.959999084472656,41.439998626708984,42.139999389648438,4,0,0,2008-02-19,2008-02-22,0,True,True
2008-02-29,42.25,42.459999084472656,40.569999694824219,40.889999389648438,5,0,0,2008-02-25,2008-02-29,0,True,True
2008-03-07,40.900001525878906,41.5,40.529998779296875,40.849998474121094,5,0,0,2008-03-03,2008-03-07,0,True,True
2008-03-14,41.200000762939453,42.110000610351562,40.25,40.669998168945312,5,0,0,2008-03-10,2008-03-14,0,True,True
2008-03-21,40.150001525878906,42.150001525878906,40.099998474121094,40.810001373291016,4,0,0,2008-03-17,2008-03-20,0,True,True
2008-03-28,41.060001373291016,41.060001373291016,39.299999237060547,39.450000762939453,5,0,0,2008-03-24,2008-03-28,0,True,True
2008-04-04,39.439998626708984,41.909999847412109,39.299999237060547,41.590000152587891,5,0,0,2008-03-31,2008-04-04,0,True,True
2008-04-11,41.810001373291016,41.889999389648438,41,41.270000457763672,5,0,0,2008-04-07,2008-04-11,0,True,True
2008-04-18,41.400001525878906,42,40.700000762939453,41.520000457763672,5,0,0,2008-04-14,2008-04-18,0,True,True
2008-04-25,41.419998168945312,41.650001525878906,40.979999542236328,41.450000762939453,5,0,0,2008-04-21,2008-04-25,0,True,True
2008-05-02,41.479999542236328,42.729999542236328,41.369998931884766,42.490001678466797,5,0,0,2008-04-28,2008-05-02,0,True,True
2008-05-09,42.479999542236328,42.5,41.049999237060547,41.950000762939453,5,0,0,2008-05-05,2008-05-09,0,True,True
2008-05-16,41.569999694824219,41.799999237060547,41.110000610351562,41.650001525878906,5,0,0,2008-05-12,2008-05-16,0,True,True
2008-05-23,41.700000762939453,42.080001831054688,41.080001831054688,41.090000152587891,5,0,0,2008-05-19,2008-05-23,0,True,True
2008-05-30,41.189998626708984,41.540000915527344,41.060001373291016,41.299999237060547,4,0,0,2008-05-27,2008-05-30,0,True,True
2008-06-06,41.229999542236328,41.369998931884766,40.040000915527344,40.040000915527344,5,0,0,2008-06-02,2008-06-06,0,True,True
2008-06-13,40.330001831054688,40.630001068115234,39.650001525878906,40.360000610351562,5,0,0,2008-06-09,2008-06-13,0,True,True
2008-06-20,40.150001525878906,40.490001678466797,39.659999847412109,39.689998626708984,5,0,0,2008-06-16,2008-06-20,0,True,True
2008-06-27,39.779998779296875,40.220001220703125,38.409999847412109,38.419998168945312,5,0,0,2008-06-23,2008-06-27,0,True,True
2008-07-04,38.450000762939453,39.299999237060547,38.119998931884766,38.169998168945312,4,0,0,2008-06-30,2008-07-03,0,True,True
2008-07-11,38.299999237060547,39.380001068115234,37.75,38.770000457763672,5,0,0,2008-07-07,2008-07-11,0,True,True
2008-07-18,38.930000305175781,38.979999542236328,37.380001068115234,38.479999542236328,5,0,0,2008-07-14,2008-07-18,0,True,True
2008-07-25,38.639999389648438,39.310001373291016,38.220001220703125,38.279998779296875,5,0,0,2008-07-21,2008-07-25,0,True,True
2008-08-01,38.299999237060547,39.840000152587891,38.209999084472656,38.799999237060547,5,0,0,2008-07-28,2008-08-01,0,True,True
2008-08-08,38.930000305175781,41.580001831054688,38.840000152587891,41.5,5,0,0,2008-08-04,2008-08-08,0,True,True
2008-08-15,40.759998321533203,41.299999237060547,39.689998626708984,40.759998321533203,5,0,0,2008-08-11,2008-08-15,0,True,True
2008-08-22,40.840000152587891,41.340000152587891,40.349998474121094,41.259998321533203,5,0,0,2008-08-18,2008-08-22,0,True,True
2008-08-29,41.150001525878906,41.590000152587891,40.549999237060547,40.900001525878906,5,0,0,2008-08-25,2008-08-29,0,True,True
2008-09-05,41.25,41.779998779296875,40.150001525878906,40.560001373291016,4,0,0,2008-09-02,2008-09-05,0,True,True
2008-09-12,40.889999389648438,43.599998474121094,40.729999542236328,43.580001831054688,5,0,0,2008-09-08,2008-09-12,0,True,True
2008-09-19,42.970001220703125,46.389999389648438,42.619998931884766,44.310001373291016,5,0,0,2008-09-15,2008-09-19,0,True,True
2008-09-26,43.979999542236328,44.150001525878906,42.319999694824219,43.659999847412109,5,0,0,2008-09-22,2008-09-26,0,True,True
2008-10-03,43.299999237060547,44.450000762939453,42.509998321533203,43.159999847412109,5,0,0,2008-09-29,2008-10-03,0,True,True
2008-10-10,42.529998779296875,43.470001220703125,34.110000610351562,37.610000610351562,5,0,0,2008-10-06,2008-10-10,0,True,True
2008-10-17,39.169998168945312,42.5,37.279998779296875,39.150001525878906,5,0,0,2008-10-13,2008-10-17,0,True,True
2008-10-24,40.080001831054688,42.200000762939453,38.610000610351562,40.209999084472656,5,0,0,2008-10-20,2008-10-24,0,True,True
2008-10-31,40.220001220703125,44.080001831054688,39.279998779296875,43.319999694824219,5,0,0,2008-10-27,2008-10-31,0,True,True
2008-11-07,43.419998168945312,44.860000610351562,41.209999084472656,42.130001068115234,5,0,0,2008-11-03,2008-11-07,0,True,True
2008-11-14,41.279998779296875,41.479999542236328,37.650001525878906,39.189998626708984,5,0,0,2008-11-10,2008-11-14,0,True,True
2008-11-21,38.779998779296875,40.150001525878906,37.130001068115234,40,5,0,0,2008-11-17,2008-11-21,0,True,True
2008-11-28,40.200000762939453,41,39.020000457763672,40.389999389648438,4,0,0,2008-11-24,2008-11-28,0,True,True
2008-12-05,40,40.040000915527344,37.299999237060547,38.970001220703125,5,0,0,2008-12-01,2008-12-05,0,True,True
2008-12-12,39.520000457763672,39.75,37.900001525878906,38.880001068115234,5,0,0,2008-12-08,2008-12-12,0,True,True
2008-12-19,38.900001525878906,39.740001678466797,38,38.639999389648438,5,0,0,2008-12-15,2008-12-19,0,True,True
2008-12-26,38.889999389648438,39.290000915527344,38.069999694824219,38.310001373291016,4,0,0,2008-12-22,2008-12-26,0,True,True
2009-01-02,38.409999847412109,39.430000305175781,37.970001220703125,39.259998321533203,4,0,0,2008-12-29,2009-01-02,0,True,True
2009-01-09,39.200000762939453,40.259998321533203,38.590000152587891,39.659999847412109,5,0,0,2009-01-05,2009-01-09,0,True,True
2009-01-16,39.740001678466797,40.950000762939453,38.939998626708984,40.069999694824219,5,0,0,2009-01-12,2009-01-16,0,True,True
2009-01-23,39.959999084472656,40.819999694824219,39.049999237060547,40.049999237060547,4,0,0,2009-01-20,2009-01-23,0,True,True
2009-01-30,40.279998779296875,41.790000915527344,40.080001831054688,40.75,5,0,0,2009-01-26,2009-01-30,0,True,True
2009-02-06,40.409999847412109,41.630001068115234,40,41.279998779296875,5,0,0,2009-02-02,2009-02-06,0,True,True
2009-02-13,41.270000457763672,41.340000152587891,39.25,39.369998931884766,5,0,0,2009-02-09,2009-02-13,0,True,True
2009-02-20,39.319999694824219,39.319999694824219,37.189998626708984,37.540000915527344,4,0,0,2009-02-17,2009-02-20,0,True,True
2009-02-27,37.950000762939453,38.150001525878906,35.880001068115234,36.209999084472656,5,0,0,2009-02-23,2009-02-27,0,True,True
2009-03-06,36.009998321533203,36.340000152587891,33.299999237060547,33.939998626708984,5,0,0,2009-03-02,2009-03-06,0,True,True
2009-03-13,33.669998168945312,35.290000915527344,32.560001373291016,35.060001373291016,5,0,0,2009-03-09,2009-03-13,0,True,True
2009-03-20,35.400001525878906,38.779998779296875,35.400001525878906,37.790000915527344,5,0,0,2009-03-16,2009-03-20,0,True,True
2009-03-27,38.189998626708984,38.990001678466797,37.659999847412109,38.380001068115234,5,0,0,2009-03-23,2009-03-27,0,True,True
2009-04-03,37.779998779296875,40,37.779998779296875,39.25,5,0,0,2009-03-30,2009-04-03,0,True,True
2009-04-10,38.990001678466797,39.479999542236328,38.110000610351562,38.889999389648438,4,0,0,2009-04-06,2009-04-09,0,True,True
2009-04-17,38.869998931884766,39.060001373291016,38.009998321533203,38.759998321533203,5,0,0,2009-04-13,2009-04-17,0,True,True
2009-04-24,38.490001678466797,39,37.119998931884766,37.450000762939453,5,0,0,2009-04-20,2009-04-24,0,True,True
2009-05-01,37.130001068115234,37.930000305175781,36.889999389648438,37.369998931884766,5,0,0,2009-04-27,2009-05-01,0,True,True
2009-05-08,37.759998321533203,38.169998168945312,36.900001525878906,37.580001831054688,5,0,0,2009-05-04,2009-05-08,0,True,True
2009-05-15,37.130001068115234,37.380001068115234,34.490001678466797,34.860000610351562,5,0,0,2009-05-11,2009-05-15,0,True,True
2009-05-22,35.189998626708984,35.689998626708984,34.360000610351562,34.599998474121094,5,0,0,2009-05-18,2009-05-22,0,True,True
2009-05-29,34.709999084472656,35.75,34.509998321533203,35.459999084472656,4,0,0,2009-05-26,2009-05-29,0,True,True
2009-06-05,35.520000457763672,36.330001831054688,35.330001831054688,35.779998779296875,5,0,0,2009-06-01,2009-06-05,0,True,True
2009-06-12,35.790000915527344,37.150001525878906,35.349998474121094,37.080001831054688,5,0,0,2009-06-08,2009-06-12,0,True,True
2009-06-19,36.849998474121094,37.450000762939453,36.130001068115234,36.790000915527344,5,0,0,2009-06-15,2009-06-19,0,True,True
2009-06-26,36.419998168945312,37.299999237060547,36,37.040000915527344,5,0,0,2009-06-22,2009-06-26,0,True,True
2009-07-03,37.080001831054688,37.900001525878906,36.790000915527344,37.279998779296875,4,0,0,2009-06-29,2009-07-02,0,True,True
2009-07-10,37,37.950000762939453,36.5,36.630001068115234,5,0,0,2009-07-06,2009-07-10,0,True,True
2009-07-17,36.790000915527344,37.849998474121094,36.459999084472656,37.389999389648438,5,0,0,2009-07-13,2009-07-17,0,True,True
2009-07-24,37.509998321533203,39.099998474121094,37.259998321533203,39.009998321533203,5,0,0,2009-07-20,2009-07-24,0,True,True
2009-07-31,39.099998474121094,39.75,38.75,39.360000610351562,5,0,0,2009-07-27,2009-07-31,0,True,True
2009-08-07,39.479999542236328,40.029998779296875,39.270000457763672,39.860000610351562,5,0,0,2009-08-03,2009-08-07,0,True,True
2009-08-14,39.790000915527344,40.75,39.75,40.639999389648438,5,0,0,2009-08-10,2009-08-14,0,True,True
2009-08-21,39.5,40.619998931884766,39.020000457763672,40.5,5,0,0,2009-08-17,2009-08-21,0,True,True
2009-08-28,40.549999237060547,40.729999542236328,39.990001678466797,40.389999389648438,5,0,0,2009-08-24,2009-08-28,0,True,True
2009-09-04,40.369998931884766,40.5,39.290000915527344,39.869998931884766,5,0,0,2009-08-31,2009-09-04,0,True,True
2009-09-11,40.009998321533203,40.090000152587891,39.590000152587891,39.630001068115234,4,0,0,2009-09-08,2009-09-11,0,True,True
2009-09-18,39.630001068115234,41.5,39.630001068115234,41.479999542236328,5,0,0,2009-09-14,2009-09-18,0,True,True
2009-09-25,41.270000457763672,41.770000457763672,40.889999389648438,41.069999694824219,5,0,0,2009-09-21,2009-09-25,0,True,True
2009-10-02,41.139999389648438,41.729999542236328,40.150001525878906,40.349998474121094,5,0,0,2009-09-28,2009-10-02,0,True,True
2009-10-09,40.549999237060547,41.200000762939453,40.180000305175781,41.090000152587891,5,0,0,2009-10-05,2009-10-09,0,True,True
2009-10-16,41.220001220703125,41.490001678466797,40.479999542236328,41.330001831054688,5,0,0,2009-10-12,2009-10-16,0,True,True
2009-10-23,41.319999694824219,41.979999542236328,41.069999694824219,41.810001373291016,5,0,0,2009-10-19,2009-10-23,0,True,True
2009-10-30,41.909999847412109,42.25,40.549999237060547,40.680000305175781,5,0,0,2009-10-26,2009-10-30,0,True,True
2009-11-06,40.819999694824219,41.75,40.610000610351562,41.529998779296875,5,0,0,2009-11-02,2009-11-06,0,True,True
2009-11-13,41.630001068115234,42.599998474121094,41.599998474121094,42.459999084472656,5,0,0,2009-11-09,2009-11-13,0,True,True
2009-11-20,42.180000305175781,42.240001678466797,41.669998168945312,41.900001525878906,5,0,0,2009-11-16,2009-11-20,0,True,True
2009-11-27,42.25,42.990001678466797,42.139999389648438,42.439998626708984,4,0,0,2009-11-23,2009-11-27,0,True,True
2009-12-04,42.540000915527344,44.799999237060547,42.430000305175781,44.049999237060547,5,0,0,2009-11-30,2009-12-04,0,True,True
2009-12-11,44.189998626708984,45.25,43.799999237060547,45.180000305175781,5,0,0,2009-12-07,2009-12-11,0,True,True
2009-12-18,45.470001220703125,45.650001525878906,44.689998626708984,45.369998931884766,5,0,0,2009-12-14,2009-12-18,0,True,True
2009-12-25,45.409999847412109,46.069999694824219,45.369998931884766,45.860000610351562,4,0,0,2009-12-21,2009-12-24,0,True,True
2010-01-01,45.959999084472656,46.349998474121094,45.409999847412109,45.430000305175781,4,0,0,2009-12-28,2009-12-31,0,True,True
2010-01-08,45.729999542236328,45.950000762939453,44.509998321533203,45.25,5,0,0,2010-01-04,2010-01-08,0,True,True
2010-01-15,45.470001220703125,46.299999237060547,45.270000457763672,45.720001220703125,5,0,0,2010-01-11,2010-01-15,0,True,True
2010-01-22,45.779998779296875,46.450000762939453,43.389999389648438,43.509998321533203,4,0,0,2010-01-19,2010-01-22,0,True,True
2010-01-29,43.759998321533203,44.240001678466797,43.069999694824219,43.740001678466797,5,0,0,2010-01-25,2010-01-29,0,True,True
2010-02-05,43.840000152587891,44.159999847412109,42.509998321533203,43.180000305175781,5,0,0,2010-02-01,2010-02-05,0,True,True
2010-02-12,43.229999542236328,43.799999237060547,42.090000152587891,42.220001220703125,5,0,0,2010-02-08,2010-02-12,0,True,True
2010-02-19,42.400001525878906,43.340000152587891,42.389999389648438,43.130001068115234,4,0,0,2010-02-16,2010-02-19,0,True,True
2010-02-26,43.139999389648438,43.330001831054688,42.159999847412109,42.75,5,0,0,2010-02-22,2010-02-26,0,True,True
2010-03-05,42.810001373291016,44.200000762939453,42.810001373291016,43.619998931884766,5,0,0,2010-03-01,2010-03-05,0,True,True
2010-03-12,43.650001525878906,44,43.459999084472656,43.700000762939453,5,0,0,2010-03-08,2010-03-12,0,True,True
2010-03-19,43.889999389648438,44.630001068115234,43.740001678466797,44.299999237060547,5,0,0,2010-03-15,2010-03-19,0,True,True
2010-03-26,44.150001525878906,44.450000762939453,43.680000305175781,44.180000305175781,5,0,0,2010-03-22,2010-03-26,0,True,True
2010-04-02,44.340000152587891,45.139999389648438,44.259998321533203,44.900001525878906,4,0,0,2010-03-29,2010-04-01,0,True,True
2010-04-09,45.040000915527344,45.369998931884766,44.200000762939453,44.849998474121094,5,0,0,2010-04-05,2010-04-09,0,True,True
2010-04-16,45.009998321533203,45.110000610351562,44.409999847412109,44.540000915527344,5,0,0,2010-04-12,2010-04-16,0,True,True
2010-04-23,44.360000610351562,45.419998168945312,44.360000610351562,45.409999847412109,5,0,0,2010-04-19,2010-04-23,0,True,True
2010-04-30,45.389999389648438,45.790000915527344,44.580001831054688,45.200000762939453,5,0,0,2010-04-26,2010-04-30,0,True,True
2010-05-07,45.450000762939453,45.830001831054688,42.200000762939453,44.340000152587891,5,0,0,2010-05-03,2010-05-07,0,True,True
2010-05-14,44.759998321533203,45.340000152587891,44,44.439998626708984,5,0,0,2010-05-10,2010-05-14,0,True,True
2010-05-21,44.610000610351562,44.919998168945312,42.310001373291016,43.290000915527344,5,0,0,2010-05-17,2010-05-21,0,True,True
2010-05-28,42.939998626708984,43.330001831054688,41.779998779296875,42.590000152587891,5,0,0,2010-05-24,2010-05-28,0,True,True
2010-06-04,42.349998474121094,43.150001525878906,41.520000457763672,41.659999847412109,4,0,0,2010-06-01,2010-06-04,0,True,True
2010-06-11,41.830001831054688,43.139999389648438,41.700000762939453,43.130001068115234,5,0,0,2010-06-07,2010-06-11,0,True,True
2010-06-18,43.349998474121094,44.930000305175781,43.25,44.889999389648438,5,0,0,2010-06-14,2010-06-18,0,True,True
2010-06-25,45,45.080001831054688,43.419998168945312,43.840000152587891,5,0,0,2010-06-21,2010-06-25,0,True,True
2010-07-02,44.069999694824219,44.279998779296875,42.5,43.189998626708984,5,0,0,2010-06-28,2010-07-02,0,True,True
2010-07-09,43.389999389648438,45.349998474121094,43.200000762939453,45.270000457763672,4,0,0,2010-07-06,2010-07-09,0,True,True
2010-07-16,45.189998626708984,45.849998474121094,44.950000762939453,45.060001373291016,5,0,0,2010-07-12,2010-07-16,0,True,True
2010-07-23,45.240001678466797,46.299999237060547,44.979999542236328,46.299999237060547,5,0,0,2010-07-19,2010-07-23,0,True,True
2010-07-30,46.380001068115234,47.25,45.900001525878906,46.119998931884766,5,0,0,2010-07-26,2010-07-30,0,True,True
2010-08-06,46.400001525878906,47.590000152587891,46.400001525878906,47.569999694824219,5,0,0,2010-08-02,2010-08-06,0,True,True
2010-08-13,47.580001831054688,48.529998779296875,47.25,47.549999237060547,5,0,0,2010-08-09,2010-08-13,0,True,True
2010-08-20,46.650001525878906,47.639999389648438,46.119998931884766,46.700000762939453,5,0,0,2010-08-16,2010-08-20,0,True,True
2010-08-27,46.779998779296875,47.900001525878906,46.639999389648438,47.880001068115234,5,0,0,2010-08-23,2010-08-27,0,True,True
2010-09-03,47.700000762939453,48.450000762939453,46.840000152587891,48.439998626708984,5,0,0,2010-08-30,2010-09-03,0,True,True
2010-09-10,48.270000457763672,48.720001220703125,47.439998626708984,47.689998626708984,4,0,0,2010-09-07,2010-09-10,0,True,True
2010-09-17,47.819999694824219,48.330001831054688,47.450000762939453,47.919998168945312,5,0,0,2010-09-13,2010-09-17,0,True,True
2010-09-24,47.950000762939453,48.939998626708984,47.950000762939453,48.790000915527344,5,0,0,2010-09-20,2010-09-24,0,True,True
2010-10-01,48.689998626708984,48.930000305175781,47.909999847412109,48.330001831054688,5,0,0,2010-09-27,2010-10-01,0,True,True
2010-10-08,48.139999389648438,48.479999542236328,47.909999847412109,48.270000457763672,5,0,0,2010-10-04,2010-10-08,0,True,True
2010-10-15,48.240001678466797,48.650001525878906,48.009998321533203,48.599998474121094,5,0,0,2010-10-11,2010-10-15,0,True,True
2010-10-22,48.590000152587891,49.360000610351562,48.560001373291016,49.119998931884766,5,0,0,2010-10-18,2010-10-22,0,True,True
2010-10-29,49.25,49.959999084472656,48.810001373291016,49.720001220703125,5,0,0,2010-10-25,2010-10-29,0,True,True
2010-11-05,49.880001068115234,51.029998779296875,49.430000305175781,51,5,0,0,2010-11-01,2010-11-05,0,True,True
2010-11-12,50.930000305175781,51.020000457763672,49.520000457763672,49.740001678466797,5,0,0,2010-11-08,2010-11-12,0,True,True
2010-11-19,49.25,49.590000152587891,48.400001525878906,48.630001068115234,5,0,0,2010-11-15,2010-11-19,0,True,True
2010-11-26,48.700000762939453,48.729999542236328,48,48.180000305175781,4,0,0,2010-11-22,2010-11-26,0,True,True
2010-12-03,48,49.060001373291016,47.509998321533203,49.020000457763672,5,0,0,2010-11-29,2010-12-03,0,True,True
2010-12-10,49,49.159999847412109,48.040000915527344,48.880001068115234,5,0,0,2010-12-06,2010-12-10,0,True,True
2010-12-17,49.080001831054688,49.650001525878906,48.770000457763672,49.340000152587891,5,0,0,2010-12-13,2010-12-17,0,True,True
2010-12-24,49.5,49.900001525878906,49.200000762939453,49.599998474121094,4,0,0,2010-12-20,2010-12-23,0,True,True
2010-12-31,49.459999084472656,49.810001373291016,49.380001068115234,49.569999694824219,5,0,0,2010-12-27,2010-12-31,0,True,True
2011-01-07,49.759998321533203,49.900001525878906,48.970001220703125,49.540000915527344,5,0,0,2011-01-03,2011-01-07,0,True,True
2011-01-14,49.290000915527344,49.979999542236328,48.799999237060547,49.830001831054688,5,0,0,2011-01-10,2011-01-14,0,True,True
2011-01-21,49.869998931884766,50.869998931884766,49.759998321533203,49.869998931884766,4,0,0,2011-01-18,2011-01-21,0,True,True
2011-01-28,49.790000915527344,50.790000915527344,49.790000915527344,50.069999694824219,5,0,0,2011-01-24,2011-01-28,0,True,True
2011-02-04,50.150001525878906,50.470001220703125,49.400001525878906,49.590000152587891,5,0,0,2011-01-31,2011-02-04,0,True,True
2011-02-11,49.650001525878906,50.299999237060547,49.470001220703125,50.099998474121094,5,0,0,2011-02-07,2011-02-11,0,True,True
2011-02-18,49.590000152587891,49.650001525878906,48.709999084472656,49.020000457763672,5,0,0,2011-02-14,2011-02-18,0,True,True
2011-02-25,48.630001068115234,49.479999542236328,48.549999237060547,49.409999847412109,4,0,0,2011-02-22,2011-02-25,0,True,True
2011-03-04,49.619998931884766,50.220001220703125,49.330001831054688,49.709999084472656,5,0,0,2011-02-28,2011-03-04,0,True,True
2011-03-11,49.790000915527344,50.779998779296875,49.709999084472656,50.270000457763672,5,0,0,2011-03-07,2011-03-11,0,True,True
2011-03-18,50.020000457763672,50.060001373291016,48.849998474121094,49.509998321533203,5,0,0,2011-03-14,2011-03-18,0,True,True
2011-03-25,49.900001525878906,50.240001678466797,49.360000610351562,50.009998321533203,5,0,0,2011-03-21,2011-03-25,0,True,True
2011-04-01,50.029998779296875,51.119998931884766,49.970001220703125,51.049999237060547,5,0,0,2011-03-28,2011-04-01,0,True,True
2011-04-08,51.029998779296875,51.349998474121094,50.509998321533203,50.900001525878906,5,0,0,2011-04-04,2011-04-08,0,True,True
2011-04-15,50.819999694824219,50.889999389648438,49.799999237060547,50.709999084472656,5,0,0,2011-04-11,2011-04-15,0,True,True
2011-04-22,50.319999694824219,50.810001373291016,49.900001525878906,50.680000305175781,4,0,0,2011-04-18,2011-04-21,0,True,True
2011-04-29,50.669998168945312,52.139999389648438,50.549999237060547,52.119998931884766,5,0,0,2011-04-25,2011-04-29,0,True,True
2011-05-06,52.130001068115234,53.340000152587891,52.119998931884766,53.099998474121094,5,0,0,2011-05-02,2011-05-06,0,True,True
2011-05-13,53.119998931884766,54.360000610351562,52.770000457763672,54.119998931884766,5,0,0,2011-05-09,2011-05-13,0,True,True
2011-05-20,53.509998321533203,54.209999084472656,53.220001220703125,53.909999847412109,5,0,0,2011-05-16,2011-05-20,0,True,True
2011-05-27,52.810001373291016,53.700000762939453,52.229999542236328,52.729999542236328,5,0,0,2011-05-23,2011-05-27,0,True,True
2011-06-03,53.009998321533203,53.099998474121094,52.029998779296875,52.319999694824219,4,0,0,2011-05-31,2011-06-03,0,True,True
2011-06-10,52.180000305175781,52.650001525878906,51.770000457763672,51.830001831054688,5,0,0,2011-06-06,2011-06-10,0,True,True
2011-06-17,51.959999084472656,53.220001220703125,51.669998168945312,52.779998779296875,5,0,0,2011-06-13,2011-06-17,0,True,True
2011-06-24,52.630001068115234,53.25,51.840000152587891,52.400001525878906,5,0,0,2011-06-20,2011-06-24,0,True,True
2011-07-01,52.529998779296875,54.119998931884766,52.529998779296875,54.060001373291016,5,0,0,2011-06-27,2011-07-01,0,True,True
2011-07-08,53.900001525878906,54.130001068115234,53.290000915527344,53.560001373291016,4,0,0,2011-07-05,2011-07-08,0,True,True
2011-07-15,53.139999389648438,54.020000457763672,52.849998474121094,53.25,5,0,0,2011-07-11,2011-07-15,0,True,True
2011-07-22,53.080001831054688,54.080001831054688,52.330001831054688,53.580001831054688,5,0,0,2011-07-18,2011-07-22,0,True,True
2011-07-29,53.270000457763672,53.549999237060547,52.389999389648438,52.599998474121094,5,0,0,2011-07-25,2011-07-29,0,True,True
2011-08-05,53.150001525878906,53.880001068115234,51.689998626708984,53.270000457763672,5,0,0,2011-08-01,2011-08-05,0,True,True
2011-08-12,51.930000305175781,54.869998931884766,49.180000305175781,53.729999542236328,5,0,0,2011-08-08,2011-08-12,0,True,True
2011-08-19,53.560001373291016,55.209999084472656,53.330001831054688,54.360000610351562,5,0,0,2011-08-15,2011-08-19,0,True,True
2011-08-26,55,56.959999084472656,54.189998626708984,55.590000152587891,5,0,0,2011-08-22,2011-08-26,0,True,True
2011-09-02,56.099998474121094,56.569999694824219,55.360000610351562,56.069999694824219,5,0,0,2011-08-29,2011-09-02,0,True,True
2011-09-09,55.040000915527344,56.599998474121094,54.630001068115234,55.119998931884766,4,0,0,2011-09-06,2011-09-09,0,True,True
2011-09-16,54.939998626708984,57.799999237060547,54.819999694824219,57.419998168945312,5,0,0,2011-09-12,2011-09-16,0,True,True
2011-09-23,56.849998474121094,58.790000915527344,56.029998779296875,56.740001678466797,5,0,0,2011-09-19,2011-09-23,0,True,True
2011-09-30,57.240001678466797,57.740001678466797,56,57.020000457763672,5,0,0,2011-09-26,2011-09-30,0,True,True
2011-10-07,56.75,57.610000610351562,54.720001220703125,56.110000610351562,5,0,0,2011-10-03,2011-10-07,0,True,True
2011-10-14,56.479999542236328,57.599998474121094,56.130001068115234,57.549999237060547,5,0,0,2011-10-10,2011-10-14,0,True,True
2011-10-21,57.549999237060547,59.770000457763672,57.419998168945312,59.759998321533203,5,0,0,2011-10-17,2011-10-21,0,True,True
2011-10-28,59.5,59.889999389648438,57.709999084472656,58.040000915527344,5,0,0,2011-10-24,2011-10-28,0,True,True
2011-11-04,57.979999542236328,58.900001525878906,56.700000762939453,58.560001373291016,5,0,0,2011-10-31,2011-11-04,0,True,True
2011-11-11,58.779998779296875,59.729999542236328,58.090000152587891,59.639999389648438,5,0,0,2011-11-07,2011-11-11,0,True,True
2011-11-18,58.810001373291016,59.119998931884766,57.340000152587891,58.139999389648438,5,0,0,2011-11-14,2011-11-18,0,True,True
2011-11-25,57.799999237060547,57.869998931884766,56.069999694824219,57.159999847412109,4,0,0,2011-11-21,2011-11-25,0,True,True
2011-12-02,57.880001068115234,59.799999237060547,57,58.610000610351562,5,0,0,2011-11-28,2011-12-02,0,True,True
2011-12-09,59.150001525878906,59.459999084472656,58.259998321533203,59.240001678466797,5,0,0,2011-12-05,2011-12-09,0,True,True
2011-12-16,59.180000305175781,60.150001525878906,58.450000762939453,59.779998779296875,5,0,0,2011-12-12,2011-12-16,0,True,True
2011-12-23,59.810001373291016,62.189998626708984,59.369998931884766,61.979999542236328,5,0,0,2011-12-19,2011-12-23,0,True,True
2011-12-30,61.979999542236328,62.740001678466797,61.840000152587891,62.029998779296875,4,0,0,2011-12-27,2011-12-30,0,True,True
2012-01-06,62.099998474121094,62.259998321533203,58.950000762939453,59.099998474121094,4,0,0,2012-01-03,2012-01-06,0,True,True
2012-01-13,59.319999694824219,59.790000915527344,58.340000152587891,59.180000305175781,5,0,0,2012-01-09,2012-01-13,0,True,True
2012-01-20,59.549999237060547,59.909999847412109,58.319999694824219,58.759998321533203,4,0,0,2012-01-17,2012-01-20,0,True,True
2012-01-27,58.75,59.900001525878906,57.590000152587891,58.889999389648438,5,0,0,2012-01-23,2012-01-27,0,True,True
2012-02-03,58.709999084472656,59.389999389648438,58.279998779296875,58.819999694824219,5,0,0,2012-01-30,2012-02-03,0,True,True
2012-02-10,58.700000762939453,59.509998321533203,58.549999237060547,59.130001068115234,5,0,0,2012-02-06,2012-02-10,0,True,True
2012-02-17,58.770000457763672,58.810001373291016,57.459999084472656,57.869998931884766,5,0,0,2012-02-13,2012-02-17,0,True,True
2012-02-24,57.970001220703125,58.860000610351562,57.700000762939453,58.840000152587891,4,0,0,2012-02-21,2012-02-24,0,True,True
2012-03-02,58.569999694824219,58.950000762939453,57.799999237060547,58.310001373291016,5,0,0,2012-02-27,2012-03-02,0,True,True
2012-03-09,58.150001525878906,58.5,57.810001373291016,58.389999389648438,5,0,0,2012-03-05,2012-03-09,0,True,True
2012-03-16,58.470001220703125,59.5,57.409999847412109,57.619998931884766,5,0,0,2012-03-12,2012-03-16,0,True,True
2012-03-23,57.540000915527344,57.900001525878906,56.990001678466797,57.130001068115234,5,0,0,2012-03-19,2012-03-23,0,True,True
2012-03-30,57.259998321533203,58.439998626708984,57.240001678466797,58.419998168945312,5,0,0,2012-03-26,2012-03-30,0,True,True
2012-04-06,58.259998321533203,58.770000457763672,57.830001831054688,58.180000305175781,4,0,0,2012-04-02,2012-04-05,0,True,True
2012-04-13,57.639999389648438,58.409999847412109,57.009998321533203,57.75,5,0,0,2012-04-09,2012-04-13,0,True,True
2012-04-20,57.909999847412109,58.650001525878906,57.650001525878906,58.610000610351562,5,0,0,2012-04-16,2012-04-20,0,True,True
2012-04-27,58.409999847412109,59.400001525878906,58.169998168945312,59.310001373291016,5,0,0,2012-04-23,2012-04-27,0,True,True
2012-05-04,59.229999542236328,59.790000915527344,58.970001220703125,59.380001068115234,5,0,0,2012-04-30,2012-05-04,0,True,True
2012-05-11,59.150001525878906,60.25,58.889999389648438,59.810001373291016,5,0,0,2012-05-07,2012-05-11,0,True,True
2012-05-18,58.819999694824219,59.229999542236328,58.389999389648438,58.669998168945312,5,0,0,2012-05-14,2012-05-18,0,True,True
2012-05-25,58.759998321533203,59.990001678466797,58.349998474121094,59.610000610351562,5,0,0,2012-05-21,2012-05-25,0,True,True
2012-06-01,59.849998474121094,60.779998779296875,59.659999847412109,60.290000915527344,4,0,0,2012-05-29,2012-06-01,0,True,True
2012-06-08,60.340000152587891,62.240001678466797,60.169998168945312,62.240001678466797,5,0,0,2012-06-04,2012-06-08,0,True,True
2012-06-15,62.479999542236328,63.279998779296875,61.619998931884766,63.099998474121094,5,0,0,2012-06-11,2012-06-15,0,True,True
2012-06-22,63.189998626708984,63.639999389648438,61.139999389648438,61.5,5,0,0,2012-06-18,2012-06-22,0,True,True
2012-06-29,61.25,62.639999389648438,60.930000305175781,62.189998626708984,5,0,0,2012-06-25,2012-06-29,0,True,True
2012-07-06,62.240001678466797,62.790000915527344,61.590000152587891,62.139999389648438,4,0,0,2012-07-02,2012-07-06,0,True,True
2012-07-13,62.099998474121094,63.439998626708984,61.990001678466797,63.419998168945312,5,0,0,2012-07-09,2012-07-13,0,True,True
2012-07-20,63.220001220703125,64,62.790000915527344,63.770000457763672,5,0,0,2012-07-16,2012-07-20,0,True,True
2012-07-27,63.409999847412109,65.349998474121094,63.200000762939453,64.900001525878906,5,0,0,2012-07-23,2012-07-27,0,True,True
2012-08-03,64.779998779296875,65.980003356933594,63.610000610351562,64.660003662109375,5,0,0,2012-07-30,2012-08-03,0,True,True
2012-08-10,64.80999755859375,65.010002136230469,63.419998168945312,63.869998931884766,5,0,0,2012-08-06,2012-08-10,0,True,True
2012-08-17,63.459999084472656,63.540000915527344,61.639999389648438,61.680000305175781,5,0,0,2012-08-13,2012-08-17,0,True,True
2012-08-24,61.560001373291016,62.060001373291016,60.880001068115234,61.419998168945312,5,0,0,2012-08-20,2012-08-24,0,True,True
2012-08-31,61.360000610351562,61.549999237060547,60.409999847412109,60.619998931884766,5,0,0,2012-08-27,2012-08-31,0,True,True
2012-09-07,60.639999389648438,61.090000152587891,60.299999237060547,60.630001068115234,4,0,0,2012-09-04,2012-09-07,0,True,True
2012-09-14,60.880001068115234,60.990001678466797,59.610000610351562,59.810001373291016,5,0,0,2012-09-10,2012-09-14,0,True,True
2012-09-21,59.880001068115234,60.310001373291016,59.069999694824219,59.099998474121094,5,0,0,2012-09-17,2012-09-21,0,True,True
2012-09-28,59.049999237060547,60.369998931884766,59.009998321533203,59.889999389648438,5,0,0,2012-09-24,2012-09-28,0,True,True
2012-10-05,59.959999084472656,60.720001220703125,59.150001525878906,60.220001220703125,5,0,0,2012-10-01,2012-10-05,0,True,True
2012-10-12,60.169998168945312,60.569999694824219,59.689998626708984,59.830001831054688,5,0,0,2012-10-08,2012-10-12,0,True,True
2012-10-19,59.930000305175781,60.830001831054688,59.400001525878906,60.470001220703125,5,0,0,2012-10-15,2012-10-19,0,True,True
2012-10-26,60.310001373291016,60.430000305175781,59.349998474121094,59.970001220703125,5,0,0,2012-10-22,2012-10-26,0,True,True
2012-11-02,59.669998168945312,60.560001373291016,59.009998321533203,59.200000762939453,3,0,0,2012-10-31,2012-11-02,0,True,True
2012-11-09,59.099998474121094,59.169998168945312,55.529998779296875,55.740001678466797,5,0,0,2012-11-05,2012-11-09,0,True,True
2012-11-16,55.520000457763672,55.75,54.200000762939453,54.979999542236328,5,0,0,2012-11-12,2012-11-16,0,True,True
2012-11-23,55.180000305175781,55.270000457763672,53.630001068115234,54.099998474121094,4,0,0,2012-11-19,2012-11-23,0,True,True
2012-11-30,54,55.790000915527344,53.979999542236328,55.790000915527344,5,0,0,2012-11-26,2012-11-30,0,True,True
2012-12-07,55.799999237060547,56.349998474121094,54.979999542236328,56.029998779296875,5,0,0,2012-12-03,2012-12-07,0,True,True
2012-12-14,56.009998321533203,56.840000152587891,55.610000610351562,56.119998931884766,5,0,0,2012-12-10,2012-12-14,0,True,True
2012-12-21,56.419998168945312,57.560001373291016,55.680000305175781,56.049999237060547,5,0,0,2012-12-17,2012-12-21,0,True,True
2012-12-28,56.009998321533203,56.189998626708984,54.909999847412109,54.930000305175781,4,0,0,2012-12-24,2012-12-28,0,True,True
2013-01-04,54.799999237060547,56.939998626708984,54.509998321533203,56.900001525878906,4,0,0,2012-12-31,2013-01-04,0,True,True
2013-01-11,56.75,56.860000610351562,55.720001220703125,55.909999847412109,5,0,0,2013-01-07,2013-01-11,0,True,True
2013-01-18,56,56.060001373291016,54.950000762939453,55.779998779296875,5,0,0,2013-01-14,2013-01-18,0,True,True
2013-01-25,55.740001678466797,56.560001373291016,55.599998474121094,56.509998321533203,4,0,0,2013-01-22,2013-01-25,0,True,True
2013-02-01,56.389999389648438,57.110000610351562,56,57.049999237060547,5,0,0,2013-01-28,2013-02-01,0,True,True
2013-02-08,56.849998474121094,57.290000915527344,56.439998626708984,57.150001525878906,5,0,0,2013-02-04,2013-02-08,0,True,True
2013-02-15,56.560001373291016,56.790000915527344,56.259998321533203,56.580001831054688,5,0,0,2013-02-11,2013-02-15,0,True,True
2013-02-22,56.650001525878906,58.490001678466797,56.599998474121094,58.479999542236328,4,0,0,2013-02-19,2013-02-22,0,True,True
2013-03-01,58.590000152587891,59.200000762939453,57.919998168945312,59.020000457763672,5,0,0,2013-02-25,2013-03-01,0,True,True
2013-03-08,58.990001678466797,59.900001525878906,58.330001831054688,58.950000762939453,5,0,0,2013-03-04,2013-03-08,0,True,True
2013-03-15,58.919998168945312,59.169998168945312,58.509998321533203,59.169998168945312,5,0,0,2013-03-11,2013-03-15,0,True,True
2013-03-22,58.770000457763672,59.349998474121094,58.599998474121094,59.090000152587891,5,0,0,2013-03-18,2013-03-22,0,True,True
2013-03-29,59.240001678466797,61.130001068115234,58.849998474121094,61.029998779296875,4,0,0,2013-03-25,2013-03-28,0,True,True
2013-04-05,60.930000305175781,61.330001831054688,60.439998626708984,61.310001373291016,5,0,0,2013-04-01,2013-04-05,0,True,True
2013-04-12,61.200000762939453,62.119998931884766,60.909999847412109,61.909999847412109,5,0,0,2013-04-08,2013-04-12,0,True,True
2013-04-19,61.840000152587891,62.549999237060547,60.849998474121094,62.479999542236328,5,0,0,2013-04-15,2013-04-19,0,True,True
2013-04-26,62.450000762939453,63.229999542236328,61.990001678466797,62.840000152587891,5,0,0,2013-04-22,2013-04-26,0,True,True
2013-05-03,63.040000915527344,64.029998779296875,62.880001068115234,63.659999847412109,5,0,0,2013-04-29,2013-05-03,0,True,True
2013-05-10,63.529998779296875,63.669998168945312,61.130001068115234,61.569999694824219,5,0,0,2013-05-06,2013-05-10,0,True,True
2013-05-17,60.75,61.25,60.080001831054688,60.790000915527344,5,0,0,2013-05-13,2013-05-17,0,True,True
2013-05-24,60.790000915527344,61.189998626708984,58.349998474121094,58.659999847412109,5,0,0,2013-05-20,2013-05-24,0,True,True
2013-05-31,58.669998168945312,58.880001068115234,56.849998474121094,57.069999694824219,4,0,0,2013-05-28,2013-05-31,0,True,True
2013-06-07,57.009998321533203,57.75,55.830001831054688,57.430000305175781,5,0,0,2013-06-03,2013-06-07,0,True,True
2013-06-14,57.5,58.119998931884766,56.5,57.819999694824219,5,0,0,2013-06-10,2013-06-14,0,True,True
2013-06-21,58.259998321533203,58.950000762939453,55.599998474121094,56.389999389648438,5,0,0,2013-06-17,2013-06-21,0,True,True
2013-06-28,55.979999542236328,58.720001220703125,55.419998168945312,58.310001373291016,5,0,0,2013-06-24,2013-06-28,0,True,True
2013-07-05,58.520000457763672,58.680000305175781,56.560001373291016,57.159999847412109,4,0,0,2013-07-01,2013-07-05,0,True,True
2013-07-12,57.419998168945312,59.279998779296875,57.159999847412109,59.200000762939453,5,0,0,2013-07-08,2013-07-12,0,True,True
2013-07-19,59.069999694824219,60.599998474121094,59.009998321533203,60.479999542236328,5,0,0,2013-07-15,2013-07-19,0,True,True
2013-07-26,60.180000305175781,60.580001831054688,59.049999237060547,59.930000305175781,5,0,0,2013-07-22,2013-07-26,0,True,True
2013-08-02,59.759998321533203,60.709999084472656,59.580001831054688,60.369998931884766,5,0,0,2013-07-29,2013-08-02,0,True,True
2013-08-09,60.189998626708984,60.849998474121094,59.5,60.299999237060547,5,0,0,2013-08-05,2013-08-09,0,True,True
2013-08-16,59.509998321533203,59.689998626708984,56.409999847412109,56.639999389648438,5,0,0,2013-08-12,2013-08-16,0,True,True
2013-08-23,56.610000610351562,57.060001373291016,55.639999389648438,56.590000152587891,5,0,0,2013-08-19,2013-08-23,0,True,True
2013-08-30,56.549999237060547,56.759998321533203,55.799999237060547,56.229999542236328,5,0,0,2013-08-26,2013-08-30,0,True,True
2013-09-06,56.509998321533203,56.619998931884766,55.130001068115234,55.590000152587891,4,0,0,2013-09-03,2013-09-06,0,True,True
2013-09-13,55.590000152587891,56.060001373291016,54.509998321533203,54.880001068115234,5,0,0,2013-09-09,2013-09-13,0,True,True
2013-09-20,55.659999847412109,57.330001831054688,55,55.970001220703125,5,0,0,2013-09-16,2013-09-20,0,True,True
2013-09-27,55.840000152587891,56.729999542236328,55.029998779296875,55.150001525878906,5,0,0,2013-09-23,2013-09-27,0,True,True
2013-10-04,55,55.430000305175781,54.380001068115234,54.509998321533203,5,0,0,2013-09-30,2013-10-04,0,True,True
2013-10-11,54.319999694824219,56.520000457763672,54.319999694824219,56.259998321533203,5,0,0,2013-10-07,2013-10-11,0,True,True
2013-10-18,56,57.060001373291016,55.25,56.860000610351562,5,0,0,2013-10-14,2013-10-18,0,True,True
2013-10-25,56.639999389648438,59.240001678466797,56.340000152587891,58.590000152587891,5,0,0,2013-10-21,2013-10-25,0,True,True
2013-11-01,58.439998626708984,58.880001068115234,57.409999847412109,58.409999847412109,5,0,0,2013-10-28,2013-11-01,0,True,True
2013-11-08,58.659999847412109,59.200000762939453,56.240001678466797,57.270000457763672,5,0,0,2013-11-04,2013-11-08,0,True,True
2013-11-15,57.25,58.200000762939453,56.310001373291016,58.069999694824219,5,0,0,2013-11-11,2013-11-15,0,True,True
2013-11-22,58,58.279998779296875,55.889999389648438,55.919998168945312,5,0,0,2013-11-18,2013-11-22,0,True,True
2013-11-29,56.009998321533203,56.270000457763672,55,55.209999084472656,4,0,0,2013-11-25,2013-11-29,0,True,True
2013-12-06,55.209999084472656,55.869998931884766,54.700000762939453,55.849998474121094,5,0,0,2013-12-02,2013-12-06,0,True,True
2013-12-13,55.75,55.849998474121094,54.169998168945312,54.330001831054688,5,0,0,2013-12-09,2013-12-13,0,True,True
2013-12-20,54.819999694824219,55.5,54.279998779296875,54.770000457763672,5,0,0,2013-12-16,2013-12-20,0,True,True
2013-12-27,54.979999542236328,55.560001373291016,54.610000610351562,55.049999237060547,4,0,0,2013-12-23,2013-12-27,0,True,True
2014-01-03,55.099998474121094,55.599998474121094,52.849998474121094,53.450000762939453,4,0,0,2013-12-30,2014-01-03,0,True,True
2014-01-10,53.400001525878906,54.759998321533203,53.110000610351562,54.330001831054688,5,0,0,2014-01-06,2014-01-10,0,True,True
2014-01-17,54.200000762939453,54.330001831054688,53.540000915527344,53.959999084472656,5,0,0,2014-01-13,2014-01-17,0,True,True
2014-01-24,54,54.619998931884766,53.599998474121094,53.650001525878906,4,0,0,2014-01-21,2014-01-24,0,True,True
2014-01-31,53.970001220703125,54.5,53.009998321533203,54.409999847412109,5,0,0,2014-01-27,2014-01-31,0,True,True
2014-02-07,54.450000762939453,55.220001220703125,53.25,54.020000457763672,5,0,0,2014-02-03,2014-02-07,0,True,True
2014-02-14,53.270000457763672,55.159999847412109,53,55.159999847412109,5,0,0,2014-02-10,2014-02-14,0,True,True
2014-02-21,55.400001525878906,56.680000305175781,54.680000305175781,55.290000915527344,4,0,0,2014-02-18,2014-02-21,0,True,True
2014-02-28,55.860000610351562,56.590000152587891,55.400001525878906,56.049999237060547,5,0,0,2014-02-24,2014-02-28,0,True,True
2014-03-07,55.740001678466797,56,54.810001373291016,55.439998626708984,5,0,0,2014-03-03,2014-03-07,0,True,True
2014-03-14,55.419998168945312,55.529998779296875,53.119998931884766,54.659999847412109,5,0,0,2014-03-10,2014-03-14,0,True,True
2014-03-21,54.700000762939453,55.139999389648438,52.229999542236328,52.459999084472656,5,0,0,2014-03-17,2014-03-21,0,True,True
2014-03-28,52.520000457763672,53.729999542236328,52.430000305175781,53.169998168945312,5,0,0,2014-03-24,2014-03-28,0,True,True
2014-04-04,53.430000305175781,54.720001220703125,52.869998931884766,54.360000610351562,5,0,0,2014-03-31,2014-04-04,0,True,True
2014-04-11,54.360000610351562,55.819999694824219,54.360000610351562,55.599998474121094,5,0,0,2014-04-07,2014-04-11,0,True,True
2014-04-18,55.740001678466797,57.599998474121094,55.360000610351562,56.5,4,0,0,2014-04-14,2014-04-17,0,True,True
2014-04-25,56.549999237060547,57.759998321533203,56.240001678466797,57.740001678466797,5,0,0,2014-04-21,2014-04-25,0,True,True
2014-05-02,57.650001525878906,58.569999694824219,56.349998474121094,56.819999694824219,5,0,0,2014-04-28,2014-05-02,0,True,True
2014-05-09,56.799999237060547,58.330001831054688,56.110000610351562,56.200000762939453,5,0,0,2014-05-05,2014-05-09,0,True,True
2014-05-16,55.590000152587891,55.759998321533203,54.450000762939453,55.180000305175781,5,0,0,2014-05-12,2014-05-16,0,True,True
2014-05-23,55.110000610351562,55.159999847412109,53.610000610351562,54.130001068115234,5,0,0,2014-05-19,2014-05-23,0,True,True
2014-05-30,54.450000762939453,55.049999237060547,54.200000762939453,55.009998321533203,4,0,0,2014-05-27,2014-05-30,0,True,True
2014-06-06,55,55.810001373291016,54.659999847412109,55.229999542236328,5,0,0,2014-06-02,2014-06-06,0,True,True
2014-06-13,55.139999389648438,55.349998474121094,54.119998931884766,55.220001220703125,5,0,0,2014-06-09,2014-06-13,0,True,True
2014-06-20,55.369998931884766,57.200000762939453,55.200000762939453,56.740001678466797,5,0,0,2014-06-16,2014-06-20,0,True,True
2014-06-27,56.849998474121094,57.700000762939453,56.360000610351562,57.549999237060547,5,0,0,2014-06-23,2014-06-27,0,True,True
2014-07-04,57.5,57.840000152587891,55.279998779296875,56,4,0,0,2014-06-30,2014-07-03,0,True,True
2014-07-11,56,56.950000762939453,55.990001678466797,56.169998168945312,5,0,0,2014-07-07,2014-07-11,0,True,True
2014-07-18,56.270000457763672,56.970001220703125,55.880001068115234,56.919998168945312,5,0,0,2014-07-14,2014-07-18,0,True,True
2014-07-25,56.880001068115234,57.459999084472656,56.790000915527344,56.979999542236328,5,0,0,2014-07-21,2014-07-25,0,True,True
2014-08-01,57.020000457763672,57.849998474121094,55.889999389648438,56.090000152587891,5,0,0,2014-07-28,2014-08-01,0,True,True
2014-08-08,56.180000305175781,56.970001220703125,54.580001831054688,56.900001525878906,5,0,0,2014-08-04,2014-08-08,0,True,True
2014-08-15,56.279998779296875,57.189998626708984,55.909999847412109,56.959999084472656,5,0,0,2014-08-11,2014-08-15,0,True,True
2014-08-22,57.150001525878906,57.830001831054688,56.740001678466797,57.180000305175781,5,0,0,2014-08-18,2014-08-22,0,True,True
2014-08-29,57.290000915527344,57.900001525878906,56.639999389648438,57.889999389648438,5,0,0,2014-08-25,2014-08-29,0,True,True
2014-09-05,57.880001068115234,58.119998931884766,56.919998168945312,58.119998931884766,4,0,0,2014-09-02,2014-09-05,0,True,True
2014-09-12,58.020000457763672,58.099998474121094,56.279998779296875,56.430000305175781,5,0,0,2014-09-08,2014-09-12,0,True,True
2014-09-19,56.709999084472656,57.380001068115234,56.349998474121094,57.130001068115234,5,0,0,2014-09-15,2014-09-19,0,True,True
2014-09-26,56.909999847412109,57.189998626708984,55.799999237060547,56.349998474121094,5,0,0,2014-09-22,2014-09-26,0,True,True
2014-10-03,56.279998779296875,57.349998474121094,56.049999237060547,57.029998779296875,5,0,0,2014-09-29,2014-10-03,0,True,True
2014-10-10,57.200000762939453,59.389999389648438,56.919998168945312,59.130001068115234,5,0,0,2014-10-06,2014-10-10,0,True,True
2014-10-17,59.150001525878906,62.130001068115234,59.099998474121094,60.700000762939453,5,0,0,2014-10-13,2014-10-17,0,True,True
2014-10-24,60.75,62.569999694824219,60.720001220703125,62.5,5,0,0,2014-10-20,2014-10-24,0,True,True
2014-10-31,62.5,64,61.680000305175781,63.360000610351562,5,0,0,2014-10-27,2014-10-31,0,True,True
2014-11-07,63.330001831054688,64.730003356933594,62.610000610351562,63.569999694824219,5,0,0,2014-11-03,2014-11-07,0,True,True
2014-11-14,63.389999389648438,63.930000305175781,61.799999237060547,62.029998779296875,5,0,0,2014-11-10,2014-11-14,0,True,True
2014-11-21,61.930000305175781,63.259998321533203,61.580001831054688,62.369998931884766,5,0,0,2014-11-17,2014-11-21,0,True,True
2014-11-28,62.25,63.330001831054688,61.450000762939453,63.150001525878906,4,0,0,2014-11-24,2014-11-28,0,True,True
2014-12-05,62.930000305175781,64.540000915527344,62.619998931884766,63.259998321533203,5,0,0,2014-12-01,2014-12-05,0,True,True
2014-12-12,63.259998321533203,64.980003356933594,63.169998168945312,64.110000610351562,5,0,0,2014-12-08,2014-12-12,0,True,True
2014-12-19,64.400001525878906,66.05999755859375,63.590000152587891,65.69000244140625,5,0,0,2014-12-15,2014-12-19,0,True,True
2014-12-26,66.050003051757812,68.150001525878906,65.389999389648438,67.760002136230469,4,0,0,2014-12-22,2014-12-26,0,True,True
2015-01-02,67.669998168945312,68.919998168945312,65.480003356933594,66.339996337890625,4,0,0,2014-12-29,2015-01-02,0,True,True
2015-01-09,66.239997863769531,67.769996643066406,65.360000610351562,67.129997253417969,5,0,0,2015-01-05,2015-01-09,0,True,True
2015-01-16,67.279998779296875,69.150001525878906,66.199996948242188,69.099998474121094,5,0,0,2015-01-12,2015-01-16,0,True,True
2015-01-23,69.25,70.949996948242188,69.139999389648438,70.370002746582031,4,0,0,2015-01-20,2015-01-23,0,True,True
2015-01-30,70.360000610351562,72.25,69.220001220703125,69.279998779296875,5,0,0,2015-01-26,2015-01-30,0,True,True
2015-02-06,69.279998779296875,69.69000244140625,66.550003051757812,66.769996643066406,5,0,0,2015-02-02,2015-02-06,0,True,True
2015-02-13,66.769996643066406,67.169998168945312,63.349998474121094,63.919998168945312,5,0,0,2015-02-09,2015-02-13,0,True,True
2015-02-20,63.720001220703125,65.599998474121094,62.369998931884766,63.75,4,0,0,2015-02-17,2015-02-20,0,True,True
2015-02-27,64.05999755859375,66,62.790000915527344,63.139999389648438,5,0,0,2015-02-23,2015-02-27,0,True,True
2015-03-06,63.060001373291016,63.069999694824219,59.669998168945312,59.979999542236328,5,0,0,2015-03-02,2015-03-06,0,True,True
2015-03-13,60,61.659999847412109,59.509998321533203,60.840000152587891,5,0,0,2015-03-09,2015-03-13,0,True,True
2015-03-20,61.270000457763672,62.669998168945312,60.650001525878906,61.470001220703125,5,0,0,2015-03-16,2015-03-20,0,True,True
2015-03-27,61.470001220703125,62.049999237060547,58.650001525878906,59.799999237060547,5,0,0,2015-03-23,2015-03-27,0,True,True
2015-04-03,59.849998474121094,61.549999237060547,59.770000457763672,60.950000762939453,4,0,0,2015-03-30,2015-04-02,0,True,True
2015-04-10,61.040000915527344,61.959999084472656,59.909999847412109,60.860000610351562,5,0,0,2015-04-06,2015-04-10,0,True,True
2015-04-17,60.909999847412109,61.479999542236328,60.150001525878906,60.939998626708984,5,0,0,2015-04-13,2015-04-17,0,True,True
2015-04-24,61.150001525878906,63.029998779296875,61.020000457763672,62.5,5,0,0,2015-04-20,2015-04-24,0,True,True
2015-05-01,62.639999389648438,62.639999389648438,60.919998168945312,61.659999847412109,5,0,0,2015-04-27,2015-05-01,0,True,True
2015-05-08,61.639999389648438,62.540000915527344,60.349998474121094,61.080001831054688,5,0,0,2015-05-04,2015-05-08,0,True,True
2015-05-15,61.029998779296875,61.819999694824219,60.029998779296875,61.470001220703125,5,0,0,2015-05-11,2015-05-15,0,True,True
2015-05-22,60.659999847412109,61.720001220703125,60.520000457763672,61.139999389648438,5,0,0,2015-05-18,2015-05-22,0,True,True
2015-05-29,61.150001525878906,62.169998168945312,60.540000915527344,61.840000152587891,4,0,0,2015-05-26,2015-05-29,0,True,True
2015-06-05,61.869998931884766,62.180000305175781,58.520000457763672,58.610000610351562,5,0,0,2015-06-01,2015-06-05,0,True,True
2015-06-12,58.889999389648438,59.279998779296875,57.369998931884766,57.540000915527344,5,0,0,2015-06-08,2015-06-12,0,True,True
2015-06-19,57.880001068115234,59.569999694824219,56.860000610351562,58.990001678466797,5,0,0,2015-06-15,2015-06-19,0,True,True
2015-06-26,58.959999084472656,59.150001525878906,57.169998168945312,58.099998474121094,5,0,0,2015-06-22,2015-06-26,0,True,True
2015-07-03,58.310001373291016,59.290000915527344,57.619998931884766,59.139999389648438,4,0,0,2015-06-29,2015-07-02,0,True,True
2015-07-10,59.110000610351562,61.610000610351562,58.939998626708984,60.810001373291016,5,0,0,2015-07-06,2015-07-10,0,True,True
2015-07-17,60.990001678466797,61.810001373291016,60.080001831054688,61.299999237060547,5,0,0,2015-07-13,2015-07-17,0,True,True
2015-07-24,61.200000762939453,62.310001373291016,60.479999542236328,60.900001525878906,5,0,0,2015-07-20,2015-07-24,0,True,True
2015-07-31,61,64.160003662109375,60.900001525878906,63.590000152587891,5,0,0,2015-07-27,2015-07-31,0,True,True
2015-08-07,63.709999084472656,65.349998474121094,62.639999389648438,65.150001525878906,5,0,0,2015-08-03,2015-08-07,0,True,True
2015-08-14,65.260002136230469,67.370002746582031,64.900001525878906,67.319999694824219,5,0,0,2015-08-10,2015-08-14,0,True,True
2015-08-21,66.900001525878906,67.30999755859375,65.94000244140625,66.05999755859375,5,0,0,2015-08-17,2015-08-21,0,True,True
2015-08-28,64.419998168945312,65.480003356933594,62.150001525878906,63.599998474121094,5,0,0,2015-08-24,2015-08-28,0,True,True
2015-09-04,63.400001525878906,63.509998321533203,60.490001678466797,60.860000610351562,5,0,0,2015-08-31,2015-09-04,0,True,True
2015-09-11,61.419998168945312,62.75,61.200000762939453,62.389999389648438,4,0,0,2015-09-08,2015-09-11,0,True,True
2015-09-18,62.409999847412109,66,61.959999084472656,65.050003051757812,5,0,0,2015-09-14,2015-09-18,0,True,True
2015-09-25,65.199996948242188,66.819999694824219,64.55999755859375,66.260002136230469,5,0,0,2015-09-21,2015-09-25,0,True,True
2015-10-02,66.25,66.989997863769531,65.260002136230469,66.639999389648438,5,0,0,2015-09-28,2015-10-02,0,True,True
2015-10-09,66.830001831054688,67.199996948242188,64.870002746582031,65.430000305175781,5,0,0,2015-10-05,2015-10-09,0,True,True
2015-10-16,65.449996948242188,67.449996948242188,65.330001831054688,67.019996643066406,5,0,0,2015-10-12,2015-10-16,0,True,True
2015-10-23,66.610000610351562,67.94000244140625,65.900001525878906,67.040000915527344,5,0,0,2015-10-19,2015-10-23,0,True,True
2015-10-30,67.169998168945312,67.449996948242188,64.830001831054688,65.75,5,0,0,2015-10-26,2015-10-30,0,True,True
2015-11-06,65.779998779296875,66.30999755859375,61.529998779296875,61.950000762939453,5,0,0,2015-11-02,2015-11-06,0,True,True
2015-11-13,61.560001373291016,63.419998168945312,61.189998626708984,61.909999847412109,5,0,0,2015-11-09,2015-11-13,0,True,True
2015-11-20,61.259998321533203,63.819999694824219,61.229999542236328,63.310001373291016,5,0,0,2015-11-16,2015-11-20,0,True,True
2015-11-27,63.369998931884766,63.669998168945312,61.860000610351562,62.209999084472656,4,0,0,2015-11-23,2015-11-27,0,True,True
2015-12-04,62.270000457763672,62.659999847412109,60.299999237060547,62.150001525878906,5,0,0,2015-11-30,2015-12-04,0,True,True
2015-12-11,62.150001525878906,63.939998626708984,60.319999694824219,60.810001373291016,5,0,0,2015-12-07,2015-12-11,0,True,True
2015-12-18,61.220001220703125,64.720001220703125,61.069999694824219,63.290000915527344,5,0,0,2015-12-14,2015-12-18,0,True,True
2015-12-25,63.529998779296875,64.919998168945312,62.830001831054688,64.75,4,0,0,2015-12-21,2015-12-24,0,True,True
2016-01-01,64.430000305175781,65.660003662109375,63.799999237060547,64.269996643066406,4,0,0,2015-12-28,2015-12-31,0,True,True
2016-01-08,63.849998474121094,66.800003051757812,63.470001220703125,66.430000305175781,5,0,0,2016-01-04,2016-01-08,0,True,True
2016-01-15,66.589996337890625,67.989997863769531,65.110000610351562,67.680000305175781,5,0,0,2016-01-11,2016-01-15,0,True,True
2016-01-22,68,69.260002136230469,66.199996948242188,67.970001220703125,4,0,0,2016-01-19,2016-01-22,0,True,True
2016-01-29,68.169998168945312,70.199996948242188,67.480003356933594,69.389999389648438,5,0,0,2016-01-25,2016-01-29,0,True,True
2016-02-05,69.410003662109375,72.30999755859375,69.080001831054688,72.040000915527344,5,0,0,2016-02-01,2016-02-05,0,True,True
2016-02-12,72.139999389648438,73.900001525878906,69.75,70.720001220703125,5,0,0,2016-02-08,2016-02-12,0,True,True
2016-02-19,70.910003662109375,71.980003356933594,69.339996337890625,70.870002746582031,4,0,0,2016-02-16,2016-02-19,0,True,True
2016-02-26,71,72.489997863769531,70.169998168945312,70.349998474121094,5,0,0,2016-02-22,2016-02-26,0,True,True
2016-03-04,70.19000244140625,71.470001220703125,68.44000244140625,71.389999389648438,5,0,0,2016-02-29,2016-03-04,0,True,True
2016-03-11,71.30999755859375,73.75,70.980003356933594,73.269996643066406,5,0,0,2016-03-07,2016-03-11,0,True,True
2016-03-18,73.139999389648438,76.129997253417969,72.55999755859375,75.25,5,0,0,2016-03-14,2016-03-18,0,True,True
2016-03-25,74.860000610351562,75.919998168945312,74.120002746582031,75.55999755859375,4,0,0,2016-03-21,2016-03-24,0,True,True
2016-04-01,75.55999755859375,77.230003356933594,75.209999084472656,76.989997863769531,5,0,0,2016-03-28,2016-04-01,0,True,True
2016-04-08,77,77.160003662109375,74.949996948242188,76.040000915527344,5,0,0,2016-04-04,2016-04-08,0,True,True
2016-04-15,76.069999694824219,76.529998779296875,74.709999084472656,75.849998474121094,5,0,0,2016-04-11,2016-04-15,0,True,True
2016-04-22,75.849998474121094,76.099998474121094,70.730003356933594,71.580001831054688,5,0,0,2016-04-18,2016-04-22,0,True,True
2016-04-29,71.459999084472656,74.629997253417969,71.30999755859375,74.599998474121094,5,0,0,2016-04-25,2016-04-29,0,True,True
2016-05-06,74.660003662109375,76.760002136230469,72.860000610351562,74.160003662109375,5,0,0,2016-05-02,2016-05-06,0,True,True
2016-05-13,74.300003051757812,75.220001220703125,73.160003662109375,74.620002746582031,5,0,0,2016-05-09,2016-05-13,0,True,True
2016-05-20,73.769996643066406,74.019996643066406,70.30999755859375,72.160003662109375,5,0,0,2016-05-16,2016-05-20,0,True,True
2016-05-27,72.339996337890625,73.099998474121094,71.400001525878906,72.739997863769531,5,0,0,2016-05-23,2016-05-27,0,True,True
2016-06-03,72.459999084472656,75.730003356933594,72.30999755859375,75.349998474121094,4,0,0,2016-05-31,2016-06-03,0,True,True
2016-06-10,75.160003662109375,77.290000915527344,74.470001220703125,77.139999389648438,5,0,0,2016-06-06,2016-06-10,0,True,True
2016-06-17,77.139999389648438,78.400001525878906,76.779998779296875,77.839996337890625,5,0,0,2016-06-13,2016-06-17,0,True,True
2016-06-24,77.949996948242188,78.870002746582031,76.300003051757812,78.410003662109375,5,0,0,2016-06-20,2016-06-24,0,True,True
2016-07-01,78.470001220703125,80.980003356933594,78.239997863769531,80.510002136230469,5,0,0,2016-06-27,2016-07-01,0,True,True
2016-07-08,80.720001220703125,81.879997253417969,79.050003051757812,80.379997253417969,4,0,0,2016-07-05,2016-07-08,0,True,True
2016-07-15,79.930000305175781,80.480003356933594,78.599998474121094,79.150001525878906,5,0,0,2016-07-11,2016-07-15,0,True,True
2016-07-22,79.44000244140625,81.269996643066406,78.339996337890625,81.180000305175781,5,0,0,2016-07-18,2016-07-22,0,True,True
2016-07-29,81.160003662109375,81.269996643066406,78.30999755859375,80.080001831054688,5,0,0,2016-07-25,2016-07-29,0,True,True
2016-08-05,79.709999084472656,80.610000610351562,77.660003662109375,77.75,5,0,0,2016-08-01,2016-08-05,0,True,True
2016-08-12,77.830001831054688,79.019996643066406,77.400001525878906,78.790000915527344,5,0,0,2016-08-08,2016-08-12,0,True,True
2016-08-19,78,78.269996643066406,74.089996337890625,76.5,5,0,0,2016-08-15,2016-08-19,0,True,True
2016-08-26,76.769996643066406,77.19000244140625,74.69000244140625,74.769996643066406,5,0,0,2016-08-22,2016-08-26,0,True,True
2016-09-02,75.110000610351562,75.900001525878906,74.30999755859375,75.550003051757812,5,0,0,2016-08-29,2016-09-02,0,True,True
2016-09-09,75.580001831054688,76.449996948242188,72.930000305175781,72.949996948242188,4,0,0,2016-09-06,2016-09-09,0,True,True
2016-09-16,73,75.370002746582031,73,75.30999755859375,5,0,0,2016-09-12,2016-09-16,0,True,True
2016-09-23,75.300003051757812,79.019996643066406,75.300003051757812,78.680000305175781,5,0,0,2016-09-19,2016-09-23,0,True,True
2016-09-30,78.709999084472656,79.540000915527344,74.790000915527344,75.300003051757812,5,0,0,2016-09-26,2016-09-30,0,True,True
2016-10-07,75.150001525878906,75.209999084472656,71.779998779296875,72.029998779296875,5,0,0,2016-10-03,2016-10-07,0,True,True
2016-10-14,71.989997863769531,73.599998474121094,71.349998474121094,72.489997863769531,5,0,0,2016-10-10,2016-10-14,0,True,True
2016-10-21,72.730003356933594,74.25,72.389999389648438,73.169998168945312,5,0,0,2016-10-17,2016-10-21,0,True,True
2016-10-28,73.610000610351562,74.25,72.720001220703125,73.989997863769531,5,0,0,2016-10-24,2016-10-28,0,True,True
2016-11-04,74.220001220703125,76.029998779296875,72.959999084472656,73.75,5,0,0,2016-10-31,2016-11-04,0,True,True
2016-11-11,73.94000244140625,75.620002746582031,68.989997863769531,70.489997863769531,5,0,0,2016-11-07,2016-11-11,0,True,True
2016-11-18,69.349998474121094,71.029998779296875,68.760002136230469,69.529998779296875,5,0,0,2016-11-14,2016-11-18,0,True,True
2016-11-25,69.760002136230469,70.900001525878906,69.419998168945312,70.660003662109375,4,0,0,2016-11-21,2016-11-25,0,True,True
2016-12-02,70.779998779296875,73.220001220703125,69.110000610351562,69.69000244140625,5,0,0,2016-11-28,2016-12-02,0,True,True
2016-12-09,69.30999755859375,71.519996643066406,68.849998474121094,71.44000244140625,5,0,0,2016-12-05,2016-12-09,0,True,True
2016-12-16,71.370002746582031,73.910003662109375,70.75,72.680000305175781,5,0,0,2016-12-12,2016-12-16,0,True,True
2016-12-23,73.029998779296875,73.870002746582031,72.550003051757812,73.629997253417969,5,0,0,2016-12-19,2016-12-23,0,True,True
2016-12-30,73.510002136230469,74.300003051757812,72.94000244140625,73.680000305175781,4,0,0,2016-12-27,2016-12-30,0,True,True
2017-01-06,73.720001220703125,74.199996948242188,72.739997863769531,73.94000244140625,4,0,0,2017-01-03,2017-01-06,0,True,True
2017-01-13,74.099998474121094,74.099998474121094,72.139999389648438,73.599998474121094,5,0,0,2017-01-09,2017-01-13,0,True,True
2017-01-20,73.889999389648438,74.830001831054688,72.790000915527344,73.080001831054688,4,0,0,2017-01-17,2017-01-20,0,True,True
2017-01-27,73.269996643066406,73.529998779296875,72.129997253417969,73.120002746582031,5,0,0,2017-01-23,2017-01-27,0,True,True
2017-02-03,73.339996337890625,74.699996948242188,72.80999755859375,74.199996948242188,5,0,0,2017-01-30,2017-02-03,0,True,True
2017-02-10,74.550003051757812,75.44000244140625,74.050003051757812,74.75,5,0,0,2017-02-06,2017-02-10,0,True,True
2017-02-17,74.290000915527344,74.489997863769531,72.629997253417969,73.5,5,0,0,2017-02-13,2017-02-17,0,True,True
2017-02-24,73.5,76.760002136230469,73.220001220703125,76.610000610351562,4,0,0,2017-02-21,2017-02-24,0,True,True
2017-03-03,76.610000610351562,77.5,75.589996337890625,76.669998168945312,5,0,0,2017-02-27,2017-03-03,0,True,True
2017-03-10,76.669998168945312,77.019996643066406,75.110000610351562,75.980003356933594,5,0,0,2017-03-06,2017-03-10,0,True,True
2017-03-17,75.980003356933594,78.110000610351562,75.790000915527344,76.680000305175781,5,0,0,2017-03-13,2017-03-17,0,True,True
2017-03-24,76.889999389648438,78.680000305175781,75.94000244140625,78.410003662109375,5,0,0,2017-03-20,2017-03-24,0,True,True
2017-03-31,78.519996643066406,78.980003356933594,77.290000915527344,77.660003662109375,5,0,0,2017-03-27,2017-03-31,0,True,True
2017-04-07,77.75,78.760002136230469,77.139999389648438,77.819999694824219,5,0,0,2017-04-03,2017-04-07,0,True,True
2017-04-14,77.870002746582031,78.819999694824219,77.30999755859375,78.529998779296875,4,0,0,2017-04-10,2017-04-13,0,True,True
2017-04-21,78.610000610351562,79.290000915527344,77.800003051757812,79.089996337890625,5,0,0,2017-04-17,2017-04-21,0,True,True
2017-04-28,79.139999389648438,80.099998474121094,78.569999694824219,79.279998779296875,5,0,0,2017-04-24,2017-04-28,0,True,True
2017-05-05,79.300003051757812,80.209999084472656,78.419998168945312,79.80999755859375,5,0,0,2017-05-01,2017-05-05,0,True,True
2017-05-12,79.279998779296875,80.080001831054688,78.69000244140625,79.900001525878906,5,0,0,2017-05-08,2017-05-12,0,True,True
2017-05-19,79.360000610351562,80.379997253417969,78.959999084472656,80.370002746582031,5,0,0,2017-05-15,2017-05-19,0,True,True
2017-05-26,80.099998474121094,82.400001525878906,80.099998474121094,82.099998474121094,5,0,0,2017-05-22,2017-05-26,0,True,True
2017-06-02,82.040000915527344,83.989997863769531,81.870002746582031,83.529998779296875,4,0,0,2017-05-30,2017-06-02,0,True,True
2017-06-09,83.389999389648438,83.949996948242188,82.480003356933594,83.25,5,0,0,2017-06-05,2017-06-09,0,True,True
2017-06-16,83.25,85.040000915527344,82.510002136230469,84.849998474121094,5,0,0,2017-06-12,2017-06-16,0,True,True
2017-06-23,84.720001220703125,85.129997253417969,83.730003356933594,83.839996337890625,5,0,0,2017-06-19,2017-06-23,0,True,True
2017-06-30,83.910003662109375,84.580001831054688,80.669998168945312,80.819999694824219,5,0,0,2017-06-26,2017-06-30,0,True,True
2017-07-07,81.139999389648438,81.279998779296875,80.040000915527344,80.529998779296875,4,0,0,2017-07-03,2017-07-07,0,True,True
2017-07-14,80.610000610351562,81.220001220703125,80.040000915527344,80.730003356933594,5,0,0,2017-07-10,2017-07-14,0,True,True
2017-07-21,80.80999755859375,82.980003356933594,80.489997863769531,82.930000305175781,5,0,0,2017-07-17,2017-07-21,0,True,True
2017-07-28,82.910003662109375,82.980003356933594,81.239997863769531,82.379997253417969,5,0,0,2017-07-24,2017-07-28,0,True,True
2017-08-04,82.410003662109375,83.620002746582031,82.150001525878906,82.800003051757812,5,0,0,2017-07-31,2017-08-04,0,True,True
2017-08-11,82.80999755859375,84.160003662109375,82.510002136230469,82.870002746582031,5,0,0,2017-08-07,2017-08-11,0,True,True
2017-08-18,82.339996337890625,84.069999694824219,82.040000915527344,83.529998779296875,5,0,0,2017-08-14,2017-08-18,0,True,True
2017-08-25,83.69000244140625,84.870002746582031,83.30999755859375,84.480003356933594,5,0,0,2017-08-21,2017-08-25,0,True,True
2017-09-01,84.660003662109375,84.919998168945312,83.760002136230469,83.989997863769531,5,0,0,2017-08-28,2017-09-01,0,True,True
2017-09-08,84.129997253417969,85.680000305175781,83.819999694824219,85.529998779296875,4,0,0,2017-09-05,2017-09-08,0,True,True
2017-09-15,85.449996948242188,86.160003662109375,83.44000244140625,84.44000244140625,5,0,0,2017-09-11,2017-09-15,0,True,True
2017-09-22,84.540000915527344,84.550003051757812,81.580001831054688,81.589996337890625,5,0,0,2017-09-18,2017-09-22,0,True,True
2017-09-29,81.720001220703125,82.349998474121094,80.019996643066406,80.680000305175781,5,0,0,2017-09-25,2017-09-29,0,True,True
2017-10-06,80.889999389648438,81.930000305175781,80.260002136230469,81.55999755859375,5,0,0,2017-10-02,2017-10-06,0,True,True
2017-10-13,81.660003662109375,84.089996337890625,81.400001525878906,83.080001831054688,5,0,0,2017-10-09,2017-10-13,0,True,True
2017-10-20,83.019996643066406,85.080001831054688,82.279998779296875,84.860000610351562,5,0,0,2017-10-16,2017-10-20,0,True,True
2017-10-27,84.870002746582031,86.330001831054688,84.239997863769531,85.919998168945312,5,0,0,2017-10-23,2017-10-27,0,True,True
2017-11-03,85.800003051757812,87.580001831054688,85.269996643066406,87.040000915527344,5,0,0,2017-10-30,2017-11-03,0,True,True
2017-11-10,87.099998474121094,88.080001831054688,86.120002746582031,87.19000244140625,5,0,0,2017-11-06,2017-11-10,0,True,True
2017-11-17,87.44000244140625,89.580001831054688,86.220001220703125,86.529998779296875,5,0,0,2017-11-13,2017-11-17,0,True,True
2017-11-24,86.660003662109375,87.25,85.860000610351562,86.900001525878906,4,0,0,2017-11-20,2017-11-24,0,True,True
2017-12-01,87,89.569999694824219,86.819999694824219,88.819999694824219,5,0,0,2017-11-27,2017-12-01,0,True,True
2017-12-08,88.680000305175781,89.260002136230469,87.300003051757812,88.919998168945312,5,0,0,2017-12-04,2017-12-08,0,True,True
2017-12-15,88.779998779296875,89.699996948242188,86.930000305175781,88.239997863769531,5,0,0,2017-12-11,2017-12-15,0,True,True
2017-12-22,88.209999084472656,88.269996643066406,84.349998474121094,84.75,5,0,0,2017-12-18,2017-12-22,0,True,True
2017-12-29,84.769996643066406,85.449996948242188,84.180000305175781,84.949996948242188,4,0,0,2017-12-26,2017-12-29,0,True,True
2018-01-05,84.75,84.94000244140625,81.029998779296875,81.739997863769531,4,0,0,2018-01-02,2018-01-05,0,True,True
2018-01-12,81.870002746582031,82.910003662109375,79.180000305175781,79.489997863769531,5,0,0,2018-01-08,2018-01-12,0,True,True
2018-01-19,79.660003662109375,79.860000610351562,77.769996643066406,78.269996643066406,4,0,0,2018-01-16,2018-01-19,0,True,True
2018-01-26,78.580001831054688,80.610000610351562,78.370002746582031,80.400001525878906,5,0,0,2018-01-22,2018-01-26,0,True,True
2018-02-02,79.290000915527344,80.650001525878906,77.889999389648438,77.959999084472656,5,0,0,2018-01-29,2018-02-02,0,True,True
2018-02-09,77.879997253417969,78.720001220703125,74.569999694824219,76.889999389648438,5,0,0,2018-02-05,2018-02-09,0,True,True
2018-02-16,77.019996643066406,77.980003356933594,75.660003662109375,77.769996643066406,5,0,0,2018-02-12,2018-02-16,0,True,True
2018-02-23,77.569999694824219,77.930000305175781,75.459999084472656,77.629997253417969,4,0,0,2018-02-20,2018-02-23,0,True,True
2018-03-02,77.69000244140625,78.040000915527344,73.730003356933594,74.349998474121094,5,0,0,2018-02-26,2018-03-02,0,True,True
2018-03-09,74.25,76.339996337890625,73.980003356933594,75.239997863769531,5,0,0,2018-03-05,2018-03-09,0,True,True
2018-03-16,75.300003051757812,77.580001831054688,75.180000305175781,77.449996948242188,5,0,0,2018-03-12,2018-03-16,0,True,True
2018-03-23,77.449996948242188,78.220001220703125,75.410003662109375,75.580001831054688,5,0,0,2018-03-19,2018-03-23,0,True,True
2018-03-30,75.75,78.400001525878906,75.620002746582031,77.94000244140625,4,0,0,2018-03-26,2018-03-29,0,True,True
2018-04-06,78.169998168945312,79.389999389648438,76.669998168945312,78.55999755859375,5,0,0,2018-04-02,2018-04-06,0,True,True
2018-04-13,78.69000244140625,79.120002746582031,76.069999694824219,76.69000244140625,5,0,0,2018-04-09,2018-04-13,0,True,True
2018-04-20,77.050003051757812,79.19000244140625,76.949996948242188,77.599998474121094,5,0,0,2018-04-16,2018-04-20,0,True,True
2018-04-27,77.819999694824219,80.779998779296875,77.400001525878906,80.430000305175781,5,0,0,2018-04-23,2018-04-27,0,True,True
2018-05-04,80.699996948242188,80.819999694824219,78.010002136230469,79.25,5,0,0,2018-04-30,2018-05-04,0,True,True
2018-05-11,79.180000305175781,79.389999389648438,74.879997253417969,76.830001831054688,5,0,0,2018-05-07,2018-05-11,0,True,True
2018-05-18,77.040000915527344,77.180000305175781,73.349998474121094,73.970001220703125,5,0,0,2018-05-14,2018-05-18,0,True,True
2018-05-25,74.110000610351562,76.389999389648438,73.379997253417969,75.910003662109375,5,0,0,2018-05-21,2018-05-25,0,True,True
2018-06-01,75.849998474121094,76.989997863769531,75.220001220703125,75.540000915527344,4,0,0,2018-05-29,2018-06-01,0,True,True
2018-06-08,75.80999755859375,76.05999755859375,72.010002136230469,72.75,5,0,0,2018-06-04,2018-06-08,0,True,True
2018-06-15,72.80999755859375,73.779998779296875,71.120002746582031,73.730003356933594,5,0,0,2018-06-11,2018-06-15,0,True,True
2018-06-22,73.75,75.980003356933594,73.410003662109375,75.760002136230469,5,0,0,2018-06-18,2018-06-22,0,True,True
2018-06-29,76,78.910003662109375,75.970001220703125,77.980003356933594,5,0,0,2018-06-25,2018-06-29,0,True,True
2018-07-06,77.989997863769531,79.569999694824219,77.550003051757812,79.5,4,0,0,2018-07-02,2018-07-06,0,True,True
2018-07-13,79.5,79.660003662109375,75.930000305175781,79.459999084472656,5,0,0,2018-07-09,2018-07-13,0,True,True
2018-07-20,79.279998779296875,79.480003356933594,77.459999084472656,78.050003051757812,5,0,0,2018-07-16,2018-07-20,0,True,True
2018-07-27,78.129997253417969,78.980003356933594,76.010002136230469,78.550003051757812,5,0,0,2018-07-23,2018-07-27,0,True,True
2018-08-03,78.279998779296875,79.580001831054688,77.089996337890625,79.110000610351562,5,0,0,2018-07-30,2018-08-03,0,True,True
2018-08-10,79.040000915527344,79.610000610351562,77.860000610351562,78.669998168945312,5,0,0,2018-08-06,2018-08-10,0,True,True
2018-08-17,78.55999755859375,81.269996643066406,78.120002746582031,81.169998168945312,5,0,0,2018-08-13,2018-08-17,0,True,True
2018-08-24,81.349998474121094,81.529998779296875,78.629997253417969,79.449996948242188,5,0,0,2018-08-20,2018-08-24,0,True,True
2018-08-31,79.599998474121094,79.779998779296875,78.290000915527344,78.930000305175781,5,0,0,2018-08-27,2018-08-31,0,True,True
2018-09-07,79.19000244140625,81.550003051757812,79.05999755859375,80.080001831054688,4,0,0,2018-09-04,2018-09-07,0,True,True
2018-09-14,80.389999389648438,80.930000305175781,79.220001220703125,80.290000915527344,5,0,0,2018-09-10,2018-09-14,0,True,True
2018-09-21,80.330001831054688,80.589996337890625,76.970001220703125,77.889999389648438,5,0,0,2018-09-17,2018-09-21,0,True,True
2018-09-28,77.769996643066406,77.769996643066406,74.30999755859375,76.19000244140625,5,0,0,2018-09-24,2018-09-28,0,True,True
2018-10-05,76.040000915527344,77.879997253417969,75.349998474121094,77.660003662109375,5,0,0,2018-10-01,2018-10-05,0,True,True
2018-10-12,77.760002136230469,79.180000305175781,74.790000915527344,75.230003356933594,5,0,0,2018-10-08,2018-10-12,0,True,True
2018-10-19,75.319999694824219,77.919998168945312,74.639999389648438,77.379997253417969,5,0,0,2018-10-15,2018-10-19,0,True,True
2018-10-26,77.30999755859375,78.620002746582031,75.620002746582031,76.330001831054688,5,0,0,2018-10-22,2018-10-26,0,True,True
2018-11-02,76.330001831054688,78.139999389648438,73.930000305175781,74.540000915527344,5,0,0,2018-10-29,2018-11-02,0,True,True
2018-11-09,74.80999755859375,79.260002136230469,74.80999755859375,79,5,0,0,2018-11-05,2018-11-09,0,True,True
2018-11-16,78.930000305175781,80.169998168945312,76.300003051757812,77,5,0,0,2018-11-12,2018-11-16,0,True,True
2018-11-23,76.970001220703125,78.610000610351562,76.69000244140625,77.339996337890625,4,0,0,2018-11-19,2018-11-23,0,True,True
2018-11-30,77.230003356933594,80.389999389648438,77.129997253417969,80.349998474121094,5,0,0,2018-11-26,2018-11-30,0,True,True
2018-12-07,79.860000610351562,83,79.569999694824219,82.459999084472656,4,0,0,2018-12-03,2018-12-07,0,True,True
2018-12-14,82.669998168945312,84.319999694824219,81.300003051757812,83.830001831054688,5,0,0,2018-12-10,2018-12-14,0,True,True
2018-12-21,83.94000244140625,84.209999084472656,79.150001525878906,79.959999084472656,5,0,0,2018-12-17,2018-12-21,0,True,True
2018-12-28,79.94000244140625,80.519996643066406,73.849998474121094,76.480003356933594,4,0,0,2018-12-24,2018-12-28,0,True,True
2019-01-04,76.480003356933594,76.870002746582031,74.790000915527344,76.550003051757812,4,0,0,2018-12-31,2019-01-04,0,True,True
2019-01-11,76.099998474121094,76.680000305175781,74.849998474121094,75.930000305175781,5,0,0,2019-01-07,2019-01-11,0,True,True
2019-01-18,75.550003051757812,77.099998474121094,73.300003051757812,76.510002136230469,5,0,0,2019-01-14,2019-01-18,0,True,True
2019-01-25,76.639999389648438,77.989997863769531,75.849998474121094,75.949996948242188,4,0,0,2019-01-22,2019-01-25,0,True,True
2019-02-01,76.110000610351562,77.879997253417969,75.25,76.680000305175781,5,0,0,2019-01-28,2019-02-01,0,True,True
2019-02-08,76.349998474121094,78.949996948242188,76.029998779296875,78.930000305175781,5,0,0,2019-02-04,2019-02-08,0,True,True
2019-02-15,78.870002746582031,79.370002746582031,77.209999084472656,78.510002136230469,5,0,0,2019-02-11,2019-02-15,0,True,True
2019-02-22,78.410003662109375,82.19000244140625,78.180000305175781,82.099998474121094,4,0,0,2019-02-19,2019-02-22,0,True,True
2019-03-01,82,82.839996337890625,80.980003356933594,82.660003662109375,5,0,0,2019-02-25,2019-03-01,0,True,True
2019-03-08,83.099998474121094,84.349998474121094,82.44000244140625,83.819999694824219,5,0,0,2019-03-04,2019-03-08,0,True,True
2019-03-15,83.760002136230469,85.569999694824219,83.660003662109375,84.839996337890625,5,0,0,2019-03-11,2019-03-15,0,True,True
2019-03-22,84.94000244140625,85.589996337890625,83.339996337890625,84.910003662109375,5,0,0,2019-03-18,2019-03-22,0,True,True
2019-03-29,85.120002746582031,85.870002746582031,83.800003051757812,84.80999755859375,5,0,0,2019-03-25,2019-03-29,0,True,True
2019-04-05,84.669998168945312,84.839996337890625,83.550003051757812,84.80999755859375,5,0,0,2019-04-01,2019-04-05,0,True,True
2019-04-12,84.449996948242188,84.980003356933594,83.610000610351562,84.550003051757812,5,0,0,2019-04-08,2019-04-12,0,True,True
2019-04-19,84.660003662109375,85.029998779296875,83.319999694824219,83.610000610351562,4,0,0,2019-04-15,2019-04-18,0,True,True
2019-04-26,83.610000610351562,85.900001525878906,83.480003356933594,84.970001220703125,5,0,0,2019-04-22,2019-04-26,0,True,True
2019-05-03,84.730003356933594,86.5,84.110000610351562,86.029998779296875,5,0,0,2019-04-29,2019-05-03,0,True,True
2019-05-10,86.349998474121094,86.349998474121094,83.610000610351562,85.300003051757812,5,0,0,2019-05-06,2019-05-10,0,True,True
2019-05-17,85.040000915527344,87.330001831054688,84.730003356933594,86.94000244140625,5,0,0,2019-05-13,2019-05-17,0,True,True
2019-05-24,87.169998168945312,88.919998168945312,86.5,88.139999389648438,5,0,0,2019-05-20,2019-05-24,0,True,True
2019-05-31,88.480003356933594,88.480003356933594,85.040000915527344,86.300003051757812,4,0,0,2019-05-28,2019-05-31,0,True,True
2019-06-07,86.30999755859375,90.510002136230469,85.550003051757812,88.30999755859375,5,0,0,2019-06-03,2019-06-07,0,True,True
2019-06-14,87.959999084472656,88.949996948242188,86.120002746582031,88.540000915527344,5,0,0,2019-06-10,2019-06-14,0,True,True
2019-06-21,88.44000244140625,89.419998168945312,87.120002746582031,89.209999084472656,5,0,0,2019-06-17,2019-06-21,0,True,True
2019-06-28,89.260002136230469,90.449996948242188,86.879997253417969,87.680000305175781,5,0,0,2019-06-24,2019-06-28,0,True,True
2019-07-05,87.580001831054688,89.769996643066406,86.529998779296875,88.80999755859375,4,0,0,2019-07-01,2019-07-05,0,True,True
2019-07-12,89.129997253417969,89.599998474121094,88.089996337890625,88.959999084472656,5,0,0,2019-07-08,2019-07-12,0,True,True
2019-07-19,88.349998474121094,88.94000244140625,87.050003051757812,87.239997863769531,5,0,0,2019-07-15,2019-07-19,0,True,True
2019-07-26,87.480003356933594,87.580001831054688,85.69000244140625,86.339996337890625,5,0,0,2019-07-22,2019-07-26,0,True,True
2019-08-02,86.529998779296875,87.389999389648438,84.419998168945312,86.129997253417969,5,0,0,2019-07-29,2019-08-02,0,True,True
2019-08-09,86.279998779296875,87.879997253417969,84.449996948242188,87.260002136230469,5,0,0,2019-08-05,2019-08-09,0,True,True
2019-08-16,87.30999755859375,87.680000305175781,85.680000305175781,87.199996948242188,5,0,0,2019-08-12,2019-08-16,0,True,True
2019-08-23,87.209999084472656,88.790000915527344,86.510002136230469,86.910003662109375,5,0,0,2019-08-19,2019-08-23,0,True,True
2019-08-30,87.269996643066406,89.110000610351562,86.819999694824219,88.900001525878906,5,0,0,2019-08-26,2019-08-30,0,True,True
2019-09-06,88.900001525878906,91.580001831054688,88.669998168945312,91.139999389648438,4,0,0,2019-09-03,2019-09-06,0,True,True
2019-09-13,90.69000244140625,90.870002746582031,88.580001831054688,89.80999755859375,5,0,0,2019-09-09,2019-09-13,0,True,True
2019-09-20,89.889999389648438,92.529998779296875,89.480003356933594,92.400001525878906,5,0,0,2019-09-16,2019-09-20,0,True,True
2019-09-27,93.269996643066406,94.959999084472656,92.489997863769531,94.620002746582031,5,0,0,2019-09-23,2019-09-27,0,True,True
2019-10-04,94.709999084472656,94.970001220703125,92.410003662109375,94.139999389648438,5,0,0,2019-09-30,2019-10-04,0,True,True
2019-10-11,93.849998474121094,94.110000610351562,91.930000305175781,92.220001220703125,5,0,0,2019-10-07,2019-10-11,0,True,True
2019-10-18,92.339996337890625,92.339996337890625,90.260002136230469,91.489997863769531,5,0,0,2019-10-14,2019-10-18,0,True,True
2019-10-25,91.650001525878906,94.930000305175781,91.5,93.319999694824219,5,0,0,2019-10-21,2019-10-25,0,True,True
2019-11-01,92.919998168945312,93.220001220703125,90.660003662109375,91.120002746582031,5,0,0,2019-10-28,2019-11-01,0,True,True
2019-11-08,90.819999694824219,91.05999755859375,86.589996337890625,87.919998168945312,5,0,0,2019-11-04,2019-11-08,0,True,True
2019-11-15,87.910003662109375,88,86.099998474121094,87.730003356933594,5,0,0,2019-11-11,2019-11-15,0,True,True
2019-11-22,87.989997863769531,88.660003662109375,85.69000244140625,86.19000244140625,5,0,0,2019-11-18,2019-11-22,0,True,True
2019-11-29,86.099998474121094,87.779998779296875,85.669998168945312,86.889999389648438,4,0,0,2019-11-25,2019-11-29,0,True,True
2019-12-06,86.5,87.19000244140625,85.470001220703125,86.790000915527344,5,0,0,2019-12-02,2019-12-06,0,True,True
2019-12-13,86.800003051757812,88.099998474121094,86.319999694824219,87.830001831054688,5,0,0,2019-12-09,2019-12-13,0,True,True
2019-12-20,88.050003051757812,91.139999389648438,87.489997863769531,90.629997253417969,5,0,0,2019-12-16,2019-12-20,0,True,True
2019-12-27,90.839996337890625,91.099998474121094,89.160003662109375,89.94000244140625,4,0,0,2019-12-23,2019-12-27,0,True,True
2020-01-03,89.699996948242188,90.650001525878906,88.459999084472656,88.629997253417969,4,0,0,2019-12-30,2020-01-03,0,True,True
2020-01-10,88.669998168945312,89.05999755859375,86.69000244140625,87.489997863769531,5,0,0,2020-01-06,2020-01-10,0,True,True
2020-01-17,87.470001220703125,90.419998168945312,87.129997253417969,90.239997863769531,5,0,0,2020-01-13,2020-01-17,0,True,True
2020-01-24,90.370002746582031,93.720001220703125,89.879997253417969,93.610000610351562,4,0,0,2020-01-21,2020-01-24,0,True,True
2020-01-31,93.709999084472656,95.099998474121094,93.129997253417969,94,5,0,0,2020-01-27,2020-01-31,0,True,True
2020-02-07,94.160003662109375,94.319999694824219,92.180000305175781,92.779998779296875,5,0,0,2020-02-03,2020-02-07,0,True,True
2020-02-14,92.80999755859375,94.480003356933594,92.230003356933594,94.300003051757812,5,0,0,2020-02-10,2020-02-14,0,True,True
2020-02-21,93.720001220703125,94.650001525878906,89.269996643066406,90.180000305175781,4,0,0,2020-02-18,2020-02-21,0,True,True
2020-02-28,89.459999084472656,90.129997253417969,77.800003051757812,78.819999694824219,5,0,0,2020-02-24,2020-02-28,0,True,True
2020-03-06,79.589996337890625,88.5,79.279998779296875,87.900001525878906,5,0,0,2020-03-02,2020-03-06,0,True,True
2020-03-13,85.550003051757812,91.529998779296875,78.430000305175781,88.069999694824219,5,0,0,2020-03-09,2020-03-13,0,True,True
2020-03-20,82.650001525878906,94.629997253417969,71.069999694824219,72.589996337890625,5,0,0,2020-03-16,2020-03-20,0,True,True
2020-03-27,72.5,79.720001220703125,62.029998779296875,77.900001525878906,5,0,0,2020-03-23,2020-03-27,0,True,True
2020-04-03,79.720001220703125,81.089996337890625,75.25,77.900001525878906,5,0,0,2020-03-30,2020-04-03,0,True,True
2020-04-10,80.709999084472656,89.370002746582031,79.519996643066406,87.94000244140625,4,0,0,2020-04-06,2020-04-09,0,True,True
2020-04-17,86.180000305175781,90,84.069999694824219,89.55999755859375,5,0,0,2020-04-13,2020-04-17,0,True,True
2020-04-24,88.959999084472656,89.430000305175781,80.910003662109375,82.639999389648438,5,0,0,2020-04-20,2020-04-24,0,True,True
2020-05-01,82.860000610351562,85.949996948242188,76.639999389648438,77.25,5,0,0,2020-04-27,2020-05-01,0,True,True
2020-05-08,76.819999694824219,78.569999694824219,72.879997253417969,74.180000305175781,5,0,0,2020-05-04,2020-05-08,0,True,True
2020-05-15,73.779998779296875,74.139999389648438,69.160003662109375,70.360000610351562,5,0,0,2020-05-11,2020-05-15,0,True,True
2020-05-22,72.010002136230469,73.779998779296875,69.449996948242188,70.180000305175781,5,0,0,2020-05-18,2020-05-22,0,True,True
2020-05-29,71.010002136230469,75.209999084472656,70.55999755859375,75.05999755859375,4,0,0,2020-05-26,2020-05-29,0,True,True
2020-06-05,74.970001220703125,76.290000915527344,73.849998474121094,75.330001831054688,5,0,0,2020-06-01,2020-06-05,0,True,True
2020-06-12,75.400001525878906,77.769996643066406,73.80999755859375,75.379997253417969,5,0,0,2020-06-08,2020-06-12,0,True,True
2020-06-19,74.370002746582031,78.169998168945312,71.44000244140625,71.44000244140625,5,0,0,2020-06-15,2020-06-19,0,True,True
2020-06-26,71.44000244140625,72.680000305175781,69.80999755859375,71.279998779296875,5,0,0,2020-06-22,2020-06-26,0,True,True
2020-07-03,71.760002136230469,74.360000610351562,70.69000244140625,73.80999755859375,4,0,0,2020-06-29,2020-07-02,0,True,True
2020-07-10,74.470001220703125,75.120002746582031,70.010002136230469,72.480003356933594,5,0,0,2020-07-06,2020-07-10,0,True,True
2020-07-17,72.489997863769531,74.120002746582031,71.379997253417969,74.069999694824219,5,0,0,2020-07-13,2020-07-17,0,True,True
2020-07-24,73.620002746582031,77.650001525878906,72.879997253417969,75.580001831054688,5,0,0,2020-07-20,2020-07-24,0,True,True
2020-07-31,75.379997253417969,77.139999389648438,74.089996337890625,76.830001831054688,5,0,0,2020-07-27,2020-07-31,0,True,True
2020-08-07,76.550003051757812,76.69000244140625,73.150001525878906,75.110000610351562,5,0,0,2020-08-03,2020-08-07,0,True,True
2020-08-14,75.94000244140625,76.339996337890625,72.790000915527344,73.529998779296875,5,0,0,2020-08-10,2020-08-14,0,True,True
2020-08-21,73.80999755859375,75.019996643066406,71.180000305175781,72.199996948242188,5,0,0,2020-08-17,2020-08-21,0,True,True
2020-08-28,72.319999694824219,74.480003356933594,70.099998474121094,70.919998168945312,5,0,0,2020-08-24,2020-08-28,0,True,True
2020-09-04,70.610000610351562,73.569999694824219,69.300003051757812,73.040000915527344,5,0,0,2020-08-31,2020-09-04,0,True,True
2020-09-11,72.989997863769531,74.550003051757812,71.680000305175781,72.739997863769531,4,0,0,2020-09-08,2020-09-11,0,True,True
2020-09-18,73.44000244140625,76.550003051757812,72.819999694824219,73.879997253417969,5,0,0,2020-09-14,2020-09-18,0,True,True
2020-09-25,73.330001831054688,75.879997253417969,71.730003356933594,75.769996643066406,5,0,0,2020-09-21,2020-09-25,0,True,True
2020-10-02,75.980003356933594,80.209999084472656,75.510002136230469,79.769996643066406,5,0,0,2020-09-28,2020-10-02,0,True,True
2020-10-09,79.599998474121094,82.919998168945312,79.110000610351562,82.550003051757812,5,0,0,2020-10-05,2020-10-09,0,True,True
2020-10-16,82.449996948242188,83.129997253417969,80.839996337890625,81.699996948242188,5,0,0,2020-10-12,2020-10-16,0,True,True
2020-10-23,81.69000244140625,82.339996337890625,79.819999694824219,81.599998474121094,5,0,0,2020-10-19,2020-10-23,0,True,True
2020-10-30,81.230003356933594,83.919998168945312,77.639999389648438,78.489997863769531,5,0,0,2020-10-26,2020-10-30,0,True,True
2020-11-06,79.389999389648438,82.279998779296875,77.279998779296875,77.800003051757812,5,0,0,2020-11-02,2020-11-06,0,True,True
2020-11-13,80.279998779296875,82.730003356933594,78.849998474121094,81.629997253417969,5,0,0,2020-11-09,2020-11-13,0,True,True
2020-11-20,82.489997863769531,82.75,76.480003356933594,77.389999389648438,5,0,0,2020-11-16,2020-11-20,0,True,True
2020-11-27,77.580001831054688,78.900001525878906,77.010002136230469,77.769996643066406,4,0,0,2020-11-23,2020-11-27,0,True,True
2020-12-04,77.5,77.769996643066406,75.010002136230469,75.30999755859375,5,0,0,2020-11-30,2020-12-04,0,True,True
2020-12-11,75.169998168945312,75.660003662109375,72.889999389648438,73.160003662109375,5,0,0,2020-12-07,2020-12-11,0,True,True
2020-12-18,73.650001525878906,74.269996643066406,70.680000305175781,71.150001525878906,5,0,0,2020-12-14,2020-12-18,0,True,True
2020-12-25,70.680000305175781,71.25,69.279998779296875,70.44000244140625,4,0,0,2020-12-21,2020-12-24,0,True,True
2021-01-01,70.709999084472656,72.319999694824219,70.589996337890625,72.269996643066406,4,0,0,2020-12-28,2020-12-31,0,True,True
2021-01-08,72.269996643066406,72.360000610351562,69.519996643066406,69.930000305175781,5,0,0,2021-01-04,2021-01-08,0,True,True
2021-01-15,69.699996948242188,70.099998474121094,66.919998168945312,69.599998474121094,5,0,0,2021-01-11,2021-01-15,0,True,True
2021-01-22,69.819999694824219,70.180000305175781,67.860000610351562,68.830001831054688,4,0,0,2021-01-19,2021-01-22,0,True,True
2021-01-29,68.699996948242188,73.089996337890625,68.629997253417969,70.779998779296875,5,0,0,2021-01-25,2021-01-29,0,True,True
2021-02-05,70.779998779296875,72.040000915527344,69.519996643066406,71.5,5,0,0,2021-02-01,2021-02-05,0,True,True
2021-02-12,71.779998779296875,72.419998168945312,70.470001220703125,71.05999755859375,5,0,0,2021-02-08,2021-02-12,0,True,True
2021-02-19,70.260002136230469,70.519996643066406,67.94000244140625,68.180000305175781,4,0,0,2021-02-16,2021-02-19,0,True,True
2021-02-26,67.75,68.699996948242188,65.55999755859375,65.650001525878906,5,0,0,2021-02-22,2021-02-26,0,True,True
2021-03-05,66.129997253417969,69.029998779296875,66.05999755859375,68.300003051757812,5,0,0,2021-03-01,2021-03-05,0,True,True
2021-03-12,68.819999694824219,71.370002746582031,68.330001831054688,70.94000244140625,5,0,0,2021-03-08,2021-03-12,0,True,True
2021-03-19,71.260002136230469,72.930000305175781,71.220001220703125,72.300003051757812,5,0,0,2021-03-15,2021-03-19,0,True,True
2021-03-26,71.80999755859375,74.739997863769531,71.410003662109375,74.44000244140625,5,0,0,2021-03-22,2021-03-26,0,True,True
2021-04-02,74.44000244140625,76.050003051757812,73.819999694824219,74.290000915527344,4,0,0,2021-03-29,2021-04-01,0,True,True
2021-04-09,74.400001525878906,76.069999694824219,74.360000610351562,75.169998168945312,5,0,0,2021-04-05,2021-04-09,0,True,True
2021-04-16,75.349998474121094,78.480003356933594,74.819999694824219,78.209999084472656,5,0,0,2021-04-12,2021-04-16,0,True,True
2021-04-23,78.480003356933594,79.800003051757812,77.389999389648438,77.449996948242188,5,0,0,2021-04-19,2021-04-23,0,True,True
2021-04-30,77.449996948242188,77.629997253417969,75.819999694824219,77.410003662109375,5,0,0,2021-04-26,2021-04-30,0,True,True
2021-05-07,77.5,80.129997253417969,76.089996337890625,78.089996337890625,5,0,0,2021-05-03,2021-05-07,0,True,True
2021-05-14,78.400001525878906,80.430000305175781,77.629997253417969,78.970001220703125,5,0,0,2021-05-10,2021-05-14,0,True,True
2021-05-21,79.080001831054688,79.910003662109375,77.120002746582031,78.959999084472656,5,0,0,2021-05-17,2021-05-21,0,True,True
2021-05-28,79.169998168945312,79.349998474121094,76.510002136230469,77.239997863769531,5,0,0,2021-05-24,2021-05-28,0,True,True
2021-06-04,77.459999084472656,77.779998779296875,76.279998779296875,77.239997863769531,4,0,0,2021-06-01,2021-06-04,0,True,True
2021-06-11,77.410003662109375,77.550003051757812,76.209999084472656,77.230003356933594,5,0,0,2021-06-07,2021-06-11,0,True,True
2021-06-18,77.19000244140625,78.489997863769531,74.379997253417969,74.489997863769531,5,0,0,2021-06-14,2021-06-18,0,True,True
2021-06-25,74.620002746582031,75.379997253417969,73.040000915527344,73.870002746582031,5,0,0,2021-06-21,2021-06-25,0,True,True
2021-07-02,73.870002746582031,74.330001831054688,71.169998168945312,72.470001220703125,5,0,0,2021-06-28,2021-07-02,0,True,True
2021-07-09,72.379997253417969,74.150001525878906,71.569999694824219,73.300003051757812,4,0,0,2021-07-06,2021-07-09,0,True,True
2021-07-16,73.230003356933594,75.260002136230469,72.069999694824219,74.930000305175781,5,0,0,2021-07-12,2021-07-16,0,True,True
2021-07-23,74.830001831054688,75.650001525878906,72.44000244140625,74.180000305175781,5,0,0,2021-07-19,2021-07-23,0,True,True
2021-07-30,74.239997863769531,75.699996948242188,73.430000305175781,73.769996643066406,5,0,0,2021-07-26,2021-07-30,0,True,True
2021-08-06,73.970001220703125,76.30999755859375,73.930000305175781,75.519996643066406,5,0,0,2021-08-02,2021-08-06,0,True,True
2021-08-13,75.790000915527344,78.010002136230469,75.360000610351562,77.739997863769531,5,0,0,2021-08-09,2021-08-13,0,True,True
2021-08-20,77.919998168945312,78.760002136230469,76.069999694824219,76.949996948242188,5,0,0,2021-08-16,2021-08-20,0,True,True
2021-08-27,76.949996948242188,76.949996948242188,74.470001220703125,75.639999389648438,5,0,0,2021-08-23,2021-08-27,0,True,True
2021-09-03,75.720001220703125,77.19000244140625,75.239997863769531,76.300003051757812,5,0,0,2021-08-30,2021-09-03,0,True,True
2021-09-10,76.330001831054688,77.050003051757812,74.660003662109375,74.69000244140625,4,0,0,2021-09-07,2021-09-10,0,True,True
2021-09-17,75.349998474121094,75.730003356933594,72.930000305175781,73.069999694824219,5,0,0,2021-09-13,2021-09-17,0,True,True
2021-09-24,73.089996337890625,74.370002746582031,72.669998168945312,73,5,0,0,2021-09-20,2021-09-24,0,True,True
2021-10-01,73.290000915527344,74.169998168945312,71.540000915527344,71.599998474121094,5,0,0,2021-09-27,2021-10-01,0,True,True
2021-10-08,71.550003051757812,75.300003051757812,71.519996643066406,73.470001220703125,5,0,0,2021-10-04,2021-10-08,0,True,True
2021-10-15,75.680000305175781,76.550003051757812,73.75,74.470001220703125,5,0,0,2021-10-11,2021-10-15,0,True,True
2021-10-22,72.989997863769531,76.330001831054688,72.050003051757812,76.089996337890625,5,0,0,2021-10-18,2021-10-22,0,True,True
2021-10-29,75.900001525878906,76.790000915527344,75.169998168945312,75.400001525878906,5,0,0,2021-10-25,2021-10-29,0,True,True
2021-11-05,75.400001525878906,78.790000915527344,75.129997253417969,78.209999084472656,5,0,0,2021-11-01,2021-11-05,0,True,True
2021-11-12,78,78.639999389648438,76.75,77.150001525878906,5,0,0,2021-11-08,2021-11-12,0,True,True
2021-11-19,77.699996948242188,78.80999755859375,76.419998168945312,78.029998779296875,5,0,0,2021-11-15,2021-11-19,0,True,True
2021-11-26,77.910003662109375,79.889999389648438,77.599998474121094,78.669998168945312,4,0,0,2021-11-22,2021-11-26,0,True,True
2021-12-03,79.029998779296875,80.55999755859375,77.5,80.529998779296875,5,0,0,2021-11-29,2021-12-03,0,True,True
2021-12-10,81,82.790000915527344,80.449996948242188,82.610000610351562,5,0,0,2021-12-06,2021-12-10,0,True,True
2021-12-17,82.519996643066406,85.220001220703125,82.400001525878906,83.819999694824219,5,0,0,2021-12-13,2021-12-17,0,True,True
2021-12-24,83.230003356933594,84.629997253417969,82.660003662109375,83.769996643066406,4,0,0,2021-12-20,2021-12-23,0,True,True
2021-12-31,83.550003051757812,85.599998474121094,83.30999755859375,85.319999694824219,5,0,0,2021-12-27,2021-12-31,0,True,True
2022-01-07,85.349998474121094,86.25,84.019996643066406,85.669998168945312,5,0,0,2022-01-03,2022-01-07,0,True,True
2022-01-14,85.75,86.180000305175781,82.099998474121094,83.519996643066406,5,0,0,2022-01-10,2022-01-14,0,True,True
2022-01-21,82.80999755859375,83.720001220703125,81.349998474121094,82.660003662109375,4,0,0,2022-01-18,2022-01-21,0,True,True
2022-01-28,82.5,84.739997863769531,80.110000610351562,84.629997253417969,5,0,0,2022-01-24,2022-01-28,0,True,True
2022-02-04,85,87.669998168945312,84.419998168945312,86.089996337890625,5,0,0,2022-01-31,2022-02-04,0,True,True
2022-02-11,86.209999084472656,87.180000305175781,83.75,84.260002136230469,5,0,0,2022-02-07,2022-02-11,0,True,True
2022-02-18,84.370002746582031,84.800003051757812,80.110000610351562,84.610000610351562,5,0,0,2022-02-14,2022-02-18,0,True,True
2022-02-25,84.720001220703125,86.330001831054688,81.540000915527344,85.94000244140625,4,0,0,2022-02-22,2022-02-25,0,True,True
2022-03-04,85.089996337890625,89.900001525878906,84.30999755859375,89.879997253417969,5,0,0,2022-02-28,2022-03-04,0,True,True
2022-03-11,89.919998168945312,90.980003356933594,88.019996643066406,89.339996337890625,5,0,0,2022-03-07,2022-03-11,0,True,True
2022-03-18,90.040000915527344,90.80999755859375,88.099998474121094,88.699996948242188,5,0,0,2022-03-14,2022-03-18,0,True,True
2022-03-25,89.199996948242188,92.949996948242188,88.449996948242188,92.680000305175781,5,0,0,2022-03-21,2022-03-25,0,True,True
2022-04-01,92.830001831054688,96.110000610351562,91.75,96.110000610351562,5,0,0,2022-03-28,2022-04-01,0,True,True
2022-04-08,95.720001220703125,98.650001525878906,93.989997863769531,97.910003662109375,5,0,0,2022-04-04,2022-04-08,0,True,True
2022-04-15,97.129997253417969,98.589996337890625,95.699996948242188,98.029998779296875,4,0,0,2022-04-11,2022-04-14,0,True,True
2022-04-22,98.400001525878906,99.220001220703125,96.330001831054688,96.489997863769531,5,0,0,2022-04-18,2022-04-22,0,True,True
2022-04-29,97.010002136230469,97.319999694824219,92.620002746582031,92.739997863769531,5,0,0,2022-04-25,2022-04-29,0,True,True
2022-05-06,93.610000610351562,94.470001220703125,90.949996948242188,93.980003356933594,5,0,0,2022-05-02,2022-05-06,0,True,True
2022-05-13,93.389999389648438,96.019996643066406,91.989997863769531,95.400001525878906,5,0,0,2022-05-09,2022-05-13,0,True,True
2022-05-20,95.699996948242188,96.400001525878906,93.05999755859375,95.80999755859375,5,0,0,2022-05-16,2022-05-20,0,True,True
2022-05-27,97.449996948242188,101.12000274658203,96.5,100.58000183105469,5,0,0,2022-05-23,2022-05-27,0,True,True
2022-06-03,99.779998779296875,100.36000061035156,96.779998779296875,97.910003662109375,4,0,0,2022-05-31,2022-06-03,0,True,True
2022-06-10,98.400001525878906,99.239997863769531,93.019996643066406,95.150001525878906,5,0,0,2022-06-06,2022-06-10,0,True,True
2022-06-17,94.239997863769531,94.800003051757812,86.089996337890625,86.879997253417969,5,0,0,2022-06-13,2022-06-17,0,True,True
2022-06-24,86.879997253417969,93.180000305175781,86.650001525878906,92.930000305175781,4,0,0,2022-06-21,2022-06-24,0,True,True
2022-07-01,92.589996337890625,97.510002136230469,92.25,97.239997863769531,5,0,0,2022-06-27,2022-07-01,0,True,True
2022-07-08,97.199996948242188,97.300003051757812,90.860000610351562,91.970001220703125,4,0,0,2022-07-05,2022-07-08,0,True,True
2022-07-15,91.489997863769531,93.919998168945312,90.709999084472656,93.400001525878906,5,0,0,2022-07-11,2022-07-15,0,True,True
2022-07-22,93,93.319999694824219,89.790000915527344,92.44000244140625,5,0,0,2022-07-18,2022-07-22,0,True,True
2022-07-29,92.120002746582031,99.760002136230469,91.949996948242188,99.269996643066406,5,0,0,2022-07-25,2022-07-29,0,True,True
2022-08-05,99.029998779296875,99.489997863769531,95.419998168945312,97.19000244140625,5,0,0,2022-08-01,2022-08-05,0,True,True
2022-08-12,97.75,99.720001220703125,97.699996948242188,99.110000610351562,5,0,0,2022-08-08,2022-08-12,0,True,True
2022-08-19,99.209999084472656,101.56999969482422,98.889999389648438,100.55000305175781,5,0,0,2022-08-15,2022-08-19,0,True,True
2022-08-26,100.25,100.59999847412109,97.94000244140625,98.529998779296875,5,0,0,2022-08-22,2022-08-26,0,True,True
2022-09-02,98.19000244140625,100.59999847412109,97.44000244140625,98.480003356933594,5,0,0,2022-08-29,2022-09-02,0,True,True
2022-09-09,98.580001831054688,101.5,97.5,100.84999847412109,4,0,0,2022-09-06,2022-09-09,0,True,True
2022-09-16,100.97000122070312,102.20999908447266,97.239997863769531,97.410003662109375,5,0,0,2022-09-12,2022-09-16,0,True,True
2022-09-23,97.150001525878906,99.069999694824219,94.269996643066406,95.470001220703125,5,0,0,2022-09-19,2022-09-23,0,True,True
2022-09-30,95.110000610351562,95.279998779296875,85.449996948242188,85.760002136230469,5,0,0,2022-09-26,2022-09-30,0,True,True
2022-10-07,87.260002136230469,89.419998168945312,81.180000305175781,81.580001831054688,5,0,0,2022-10-03,2022-10-07,0,True,True
2022-10-14,81.580001831054688,83.260002136230469,78.099998474121094,81.910003662109375,5,0,0,2022-10-10,2022-10-14,0,True,True
2022-10-21,83.029998779296875,85.410003662109375,82.709999084472656,84.870002746582031,5,0,0,2022-10-17,2022-10-21,0,True,True
2022-10-28,85.470001220703125,88.489997863769531,84.339996337890625,88.449996948242188,5,0,0,2022-10-24,2022-10-28,0,True,True
2022-11-04,88.449996948242188,90.129997253417969,86.949996948242188,90.040000915527344,5,0,0,2022-10-31,2022-11-04,0,True,True
2022-11-11,89.949996948242188,91.169998168945312,86.989997863769531,89.120002746582031,5,0,0,2022-11-07,2022-11-11,0,True,True
2022-11-18,89.419998168945312,93.569999694824219,88.830001831054688,93.529998779296875,5,0,0,2022-11-14,2022-11-18,0,True,True
2022-11-25,93.730003356933594,97.639999389648438,93.529998779296875,97.5,4,0,0,2022-11-21,2022-11-25,0,True,True
2022-12-02,97.010002136230469,99.589996337890625,95.419998168945312,97.349998474121094,5,0,0,2022-11-28,2022-12-02,0,True,True
2022-12-09,96.529998779296875,98.389999389648438,96.30999755859375,96.529998779296875,5,0,0,2022-12-05,2022-12-09,0,True,True
2022-12-16,97.180000305175781,99.970001220703125,94.239997863769531,95.169998168945312,5,0,0,2022-12-12,2022-12-16,0,True,True
2022-12-23,95.110000610351562,96.330001831054688,93.769996643066406,95.849998474121094,5,0,0,2022-12-19,2022-12-23,0,True,True
2022-12-30,96.040000915527344,97.260002136230469,94.550003051757812,95.30999755859375,4,0,0,2022-12-27,2022-12-30,0,True,True
2023-01-06,95.459999084472656,98.069999694824219,93.930000305175781,97.830001831054688,4,0,0,2023-01-03,2023-01-06,0,True,True
2023-01-13,96.80999755859375,99.05999755859375,96.099998474121094,96.489997863769531,5,0,0,2023-01-09,2023-01-13,0,True,True
2023-01-20,96.569999694824219,96.870002746582031,91.400001525878906,93.790000915527344,4,0,0,2023-01-17,2023-01-20,0,True,True
2023-01-27,93.629997253417969,95.370002746582031,92.730003356933594,94.910003662109375,5,0,0,2023-01-23,2023-01-27,0,True,True
2023-02-03,94.910003662109375,96.160003662109375,91.889999389648438,92.930000305175781,5,0,0,2023-01-30,2023-02-03,0,True,True
2023-02-10,92.660003662109375,93.660003662109375,90.080001831054688,92.360000610351562,5,0,0,2023-02-06,2023-02-10,0,True,True
2023-02-17,92.389999389648438,93.319999694824219,89.540000915527344,93.25,5,0,0,2023-02-13,2023-02-17,0,True,True
2023-02-24,92.900001525878906,93.550003051757812,90.209999084472656,91.260002136230469,4,0,0,2023-02-21,2023-02-24,0,True,True
2023-03-03,91.919998168945312,92.650001525878906,87.029998779296875,90.69000244140625,5,0,0,2023-02-27,2023-03-03,0,True,True
2023-03-10,90.75,93.069999694824219,90.230003356933594,90.620002746582031,5,0,0,2023-03-06,2023-03-10,0,True,True
2023-03-17,90.669998168945312,97.230003356933594,90.55999755859375,95.629997253417969,5,0,0,2023-03-13,2023-03-17,0,True,True
2023-03-24,95.930000305175781,97.330001831054688,91.05999755859375,95.069999694824219,5,0,0,2023-03-20,2023-03-24,0,True,True
2023-03-31,95.419998168945312,95.80999755859375,94.069999694824219,95.669998168945312,5,0,0,2023-03-27,2023-03-31,0,True,True
2023-04-07,95.239997863769531,99.349998474121094,94.410003662109375,98.970001220703125,4,0,0,2023-04-03,2023-04-06,0,True,True
2023-04-14,98.75,99.730003356933594,96.489997863769531,96.680000305175781,5,0,0,2023-04-10,2023-04-14,0,True,True
2023-04-21,97.099998474121094,99.75,96.849998474121094,99.040000915527344,5,0,0,2023-04-17,2023-04-21,0,True,True
2023-04-28,99.199996948242188,100.91999816894531,97.889999389648438,98.470001220703125,5,0,0,2023-04-24,2023-04-28,0,True,True
2023-05-05,98.430000305175781,100.44000244140625,97.720001220703125,99.489997863769531,5,0,0,2023-05-01,2023-05-05,0,True,True
2023-05-12,99.339996337890625,100.31999969482422,98.25,99.519996643066406,5,0,0,2023-05-08,2023-05-12,0,True,True
2023-05-19,99.839996337890625,100,94.80999755859375,95.19000244140625,5,0,0,2023-05-15,2023-05-19,0,True,True
2023-05-26,95.349998474121094,95.970001220703125,92.220001220703125,92.69000244140625,5,0,0,2023-05-22,2023-05-26,0,True,True
2023-06-02,92.580001831054688,93.739997863769531,90.519996643066406,91.760002136230469,4,0,0,2023-05-30,2023-06-02,0,True,True
2023-06-09,91.819999694824219,94.25,91.150001525878906,93.489997863769531,5,0,0,2023-06-05,2023-06-09,0,True,True
2023-06-16,93.699996948242188,94.150001525878906,91.510002136230469,92.970001220703125,5,0,0,2023-06-12,2023-06-16,0,True,True
2023-06-23,93.099998474121094,93.55999755859375,90.410003662109375,90.739997863769531,4,0,0,2023-06-20,2023-06-23,0,True,True
2023-06-30,91.029998779296875,92.339996337890625,89.319999694824219,90.400001525878906,5,0,0,2023-06-26,2023-06-30,0,True,True
2023-07-07,90.199996948242188,93.449996948242188,89.839996337890625,92.029998779296875,4,0,0,2023-07-03,2023-07-07,0,True,True
2023-07-14,91.80999755859375,93.800003051757812,90.959999084472656,93.080001831054688,5,0,0,2023-07-10,2023-07-14,0,True,True
2023-07-21,92.910003662109375,97.839996337890625,91.220001220703125,97.129997253417969,5,0,0,2023-07-17,2023-07-21,0,True,True
2023-07-28,97.30999755859375,98.849998474121094,94.94000244140625,95.639999389648438,5,0,0,2023-07-24,2023-07-28,0,True,True
2023-08-04,95.930000305175781,96.019996643066406,88.699996948242188,89.30999755859375,5,0,0,2023-07-31,2023-08-04,0,True,True
2023-08-11,89.930000305175781,91.930000305175781,89.860000610351562,90.830001831054688,5,0,0,2023-08-07,2023-08-11,0,True,True
2023-08-18,90.55999755859375,90.760002136230469,87.360000610351562,89.319999694824219,5,0,0,2023-08-14,2023-08-18,0,True,True
2023-08-25,89.050003051757812,91.209999084472656,88,89.879997253417969,5,0,0,2023-08-21,2023-08-25,0,True,True
2023-09-01,89.819999694824219,90.720001220703125,87.279998779296875,88.349998474121094,5,0,0,2023-08-28,2023-09-01,0,True,True
2023-09-08,88.120002746582031,89.519996643066406,86.209999084472656,89.25,4,0,0,2023-09-05,2023-09-08,0,True,True
2023-09-15,88.639999389648438,93.080001831054688,88.639999389648438,91.489997863769531,5,0,0,2023-09-11,2023-09-15,0,True,True
2023-09-22,91.370002746582031,92.330001831054688,90.050003051757812,90.830001831054688,5,0,0,2023-09-18,2023-09-22,0,True,True
2023-09-29,90.050003051757812,90.580001831054688,84.860000610351562,85.529998779296875,5,0,0,2023-09-25,2023-09-29,0,True,True
2023-10-06,85.019996643066406,86.55999755859375,80.459999084472656,86.349998474121094,5,0,0,2023-10-02,2023-10-06,0,True,True
2023-10-13,86.339996337890625,88.80999755859375,86.339996337890625,88.019996643066406,5,0,0,2023-10-09,2023-10-13,0,True,True
2023-10-20,85.150001525878906,89.489997863769531,85.150001525878906,87.05999755859375,5,0,0,2023-10-16,2023-10-20,0,True,True
2023-10-27,86.349998474121094,90.099998474121094,85.870002746582031,87.470001220703125,5,0,0,2023-10-23,2023-10-27,0,True,True
2023-11-03,87.769996643066406,93.269996643066406,86.790000915527344,90.069999694824219,5,0,0,2023-10-30,2023-11-03,0,True,True
2023-11-10,90.839996337890625,91.050003051757812,87.959999084472656,89.349998474121094,5,0,0,2023-11-06,2023-11-10,0,True,True
2023-11-17,89.25,92.05999755859375,87.989997863769531,91.360000610351562,5,0,0,2023-11-13,2023-11-17,0,True,True
2023-11-24,91,91.260002136230469,89.910003662109375,90.959999084472656,4,0,0,2023-11-20,2023-11-24,0,True,True
2023-12-01,91.010002136230469,91.680000305175781,89.349998474121094,91.680000305175781,5,0,0,2023-11-27,2023-12-01,0,True,True
2023-12-08,91.05999755859375,93.160003662109375,90.699996948242188,91.550003051757812,5,0,0,2023-12-04,2023-12-08,0,True,True
2023-12-15,91.25,94.599998474121094,89.220001220703125,89.849998474121094,5,0,0,2023-12-11,2023-12-15,0,True,True
2023-12-22,90.110000610351562,90.769996643066406,88.599998474121094,89.680000305175781,5,0,0,2023-12-18,2023-12-22,0,True,True
2023-12-29,89.410003662109375,91,89.330001831054688,90.970001220703125,4,0,0,2023-12-26,2023-12-29,0,True,True
2024-01-05,90.699996948242188,94.010002136230469,90.55999755859375,93.519996643066406,4,0,0,2024-01-02,2024-01-05,0,True,True
2024-01-12,93.410003662109375,94.779998779296875,91.069999694824219,91.620002746582031,5,0,0,2024-01-08,2024-01-12,0,True,True
2024-01-19,91.410003662109375,92.510002136230469,88.830001831054688,89.860000610351562,4,0,0,2024-01-16,2024-01-19,0,True,True
2024-01-26,89.860000610351562,90.389999389648438,88.080001831054688,90.019996643066406,5,0,0,2024-01-22,2024-01-26,0,True,True
2024-02-02,90,92.819999694824219,89.580001831054688,91.099998474121094,5,0,0,2024-01-29,2024-02-02,0,True,True
2024-02-09,90.319999694824219,90.910003662109375,88.110000610351562,89.05999755859375,5,0,0,2024-02-05,2024-02-09,0,True,True
2024-02-16,89.080001831054688,89.55999755859375,85.930000305175781,87.319999694824219,5,0,0,2024-02-12,2024-02-16,0,True,True
2024-02-23,87.430000305175781,88.849998474121094,86.730003356933594,87.930000305175781,4,0,0,2024-02-20,2024-02-23,0,True,True
2024-03-01,87.709999084472656,87.760002136230469,85.849998474121094,87.010002136230469,5,0,0,2024-02-26,2024-03-01,0,True,True
2024-03-08,86.55999755859375,90.919998168945312,86.55999755859375,90.120002746582031,5,0,0,2024-03-04,2024-03-08,0,True,True
2024-03-15,90.169998168945312,91.099998474121094,88.040000915527344,88.94000244140625,5,0,0,2024-03-11,2024-03-15,0,True,True
2024-03-22,88.800003051757812,90.209999084472656,88.379997253417969,88.599998474121094,5,0,0,2024-03-18,2024-03-22,0,True,True
2024-03-29,88.75,90.900001525878906,87.160003662109375,90.80999755859375,4,0,0,2024-03-25,2024-03-28,0,True,True
2024-04-05,90.790000915527344,91.730003356933594,88.889999389648438,89.650001525878906,5,0,0,2024-04-01,2024-04-05,0,True,True
2024-04-12,89.69000244140625,91.160003662109375,88.019996643066406,88.629997253417969,5,0,0,2024-04-08,2024-04-12,0,True,True
2024-04-19,89.779998779296875,92.529998779296875,87.400001525878906,91.769996643066406,5,0,0,2024-04-15,2024-04-19,0,True,True
2024-04-26,91.459999084472656,94.379997253417969,91.25,92.930000305175781,5,0,0,2024-04-22,2024-04-26,0,True,True
2024-05-03,93.30999755859375,96.760002136230469,92.779998779296875,95.55999755859375,5,0,0,2024-04-29,2024-05-03,0,True,True
2024-05-10,95.639999389648438,98.550003051757812,95.069999694824219,97.699996948242188,5,0,0,2024-05-06,2024-05-10,0,True,True
2024-05-17,97.699996948242188,98.470001220703125,96.019996643066406,97.099998474121094,5,0,0,2024-05-13,2024-05-17,0,True,True
2024-05-24,97.220001220703125,98.110000610351562,93.720001220703125,94.430000305175781,5,0,0,2024-05-20,2024-05-24,0,True,True
2024-05-31,94.230003356933594,95.319999694824219,91.870002746582031,94.550003051757812,4,0,0,2024-05-28,2024-05-31,0,True,True
2024-06-07,94.550003051757812,95.209999084472656,90.989997863769531,91.610000610351562,5,0,0,2024-06-03,2024-06-07,0,True,True
2024-06-14,91.370002746582031,92.699996948242188,90.050003051757812,90.870002746582031,5,0,0,2024-06-10,2024-06-14,0,True,True
2024-06-21,90.389999389648438,91.449996948242188,89.75,90.339996337890625,4,0,0,2024-06-17,2024-06-21,0,True,True
2024-06-28,90.470001220703125,91.819999694824219,88.519996643066406,89.419998168945312,5,0,0,2024-06-24,2024-06-28,0,True,True
2024-07-05,89.760002136230469,90.080001831054688,88.480003356933594,89.269996643066406,4,0,0,2024-07-01,2024-07-05,0,True,True
2024-07-12,89.279998779296875,92.55999755859375,88.209999084472656,92.19000244140625,5,0,0,2024-07-08,2024-07-12,0,True,True
2024-07-19,91.660003662109375,95.080001831054688,90.180000305175781,94.040000915527344,5,0,0,2024-07-15,2024-07-19,0,True,True
2024-07-26,93.099998474121094,97.819999694824219,93.019996643066406,96.44000244140625,5,0,0,2024-07-22,2024-07-26,0,True,True
2024-08-02,96.629997253417969,105.98999786376953,96,101.83000183105469,5,0,0,2024-07-29,2024-08-02,0,True,True
2024-08-09,102.84999847412109,103.37999725341797,99.209999084472656,101.01999664306641,5,0,0,2024-08-05,2024-08-09,0,True,True
2024-08-16,100.73999786376953,102.62999725341797,98.639999389648438,100.09999847412109,5,0,0,2024-08-12,2024-08-16,0,True,True
2024-08-23,100.30000305175781,101.16999816894531,99.989997863769531,100.59999847412109,5,0,0,2024-08-19,2024-08-23,0,True,True
2024-08-30,100.93000030517578,101.83000183105469,99.430000305175781,101.55999755859375,5,0,0,2024-08-26,2024-08-30,0,True,True
2024-09-06,101.73999786376953,105.29000091552734,101.55000305175781,103.27999877929688,4,0,0,2024-09-03,2024-09-06,0,True,True
2024-09-13,103.38999938964844,105.62000274658203,103.02999877929688,104.55999755859375,5,0,0,2024-09-09,2024-09-13,0,True,True
2024-09-20,105.04000091552734,105.81999969482422,100.94999694824219,103.34999847412109,5,0,0,2024-09-16,2024-09-20,0,True,True
2024-09-27,103.68000030517578,104.58999633789062,102.26000213623047,104.05000305175781,5,0,0,2024-09-23,2024-09-27,0,True,True
2024-10-04,104.43000030517578,105.58999633789062,102.26999664306641,103.15000152587891,5,0,0,2024-09-30,2024-10-04,0,True,True
2024-10-11,102.69999694824219,103.16000366210938,100.94000244140625,102.31999969482422,5,0,0,2024-10-07,2024-10-11,0,True,True
2024-10-18,101.75,106.76999664306641,101.31999969482422,106.76000213623047,5,0,0,2024-10-14,2024-10-18,0,True,True
2024-10-25,106.79000091552734,107.75,104.5,104.59999847412109,5,0,0,2024-10-21,2024-10-25,0,True,True
2024-11-01,104.98000335693359,105.37999725341797,99.569999694824219,100,5,0,0,2024-10-28,2024-11-01,0,True,True
2024-11-08,99.489997863769531,100.54000091552734,97.239997863769531,98.129997253417969,5,0,0,2024-11-04,2024-11-08,0,True,True
2024-11-15,97.629997253417969,98.970001220703125,94.889999389648438,96.44000244140625,5,0,0,2024-11-11,2024-11-15,0,True,True
2024-11-22,96.040000915527344,99.25,95.319999694824219,98.360000610351562,5,0,0,2024-11-18,2024-11-22,0,True,True
2024-11-29,98.459999084472656,102.65000152587891,98.180000305175781,100.58999633789062,4,0,0,2024-11-25,2024-11-29,0,True,True
2024-12-06,100.83999633789062,100.83999633789062,94.319999694824219,94.819999694824219,5,0,0,2024-12-02,2024-12-06,0,True,True
2024-12-13,94.639999389648438,95.419998168945312,92.099998474121094,92.69000244140625,5,0,0,2024-12-09,2024-12-13,0,True,True
2024-12-20,92.569999694824219,92.879997253417969,88.370002746582031,90.029998779296875,5,0,0,2024-12-16,2024-12-20,0,True,True
2024-12-27,89.889999389648438,90.129997253417969,88.790000915527344,89.55999755859375,4,0,0,2024-12-23,2024-12-27,0,True,True
2025-01-03,89.470001220703125,90.089996337890625,88.410003662109375,89.239997863769531,4,0,0,2024-12-30,2025-01-03,0,True,True
2025-01-10,88.44000244140625,89.169998168945312,87.519996643066406,88.150001525878906,4,0,0,2025-01-06,2025-01-10,0,True,True
2025-01-17,88.370002746582031,93.830001831054688,87.279998779296875,93.650001525878906,5,0,0,2025-01-13,2025-01-17,0,True,True
2025-01-24,93.870002746582031,94.959999084472656,90.349998474121094,90.599998474121094,4,0,0,2025-01-21,2025-01-24,0,True,True
2025-01-31,91.959999084472656,96.069999694824219,91.769996643066406,93.739997863769531,5,0,0,2025-01-27,2025-01-31,0,True,True
2025-02-07,93.739997863769531,96.44000244140625,93.639999389648438,96.080001831054688,5,0,0,2025-02-03,2025-02-07,0,True,True
2025-02-14,96,96.830001831054688,93.519996643066406,94.919998168945312,5,0,0,2025-02-10,2025-02-14,0,True,True
2025-02-21,94.790000915527344,99.339996337890625,94.5,98.260002136230469,4,0,0,2025-02-18,2025-02-21,0,True,True
2025-02-28,98.80999755859375,101.94999694824219,98.300003051757812,101.51999664306641,5,0,0,2025-02-24,2025-02-28,0,True,True
2025-03-07,100.87999725341797,105.86000061035156,98.970001220703125,103.63999938964844,5,0,0,2025-03-03,2025-03-07,0,True,True
2025-03-14,104.27999877929688,107.97000122070312,101.91999816894531,106.41000366210938,5,0,0,2025-03-10,2025-03-14,0,True,True
2025-03-21,106.41000366210938,109.36000061035156,105.95999908447266,107.80000305175781,5,0,0,2025-03-17,2025-03-21,0,True,True
2025-03-28,107.22000122070312,109.44000244140625,104.61000061035156,108.76999664306641,5,0,0,2025-03-24,2025-03-28,0,True,True
2025-04-04,109.61000061035156,114.87000274658203,108.12000274658203,109.31999969482422,5,0,0,2025-03-31,2025-04-04,0,True,True
2025-04-11,107.04000091552734,110.63999938964844,103.27999877929688,109.83999633789062,5,0,0,2025-04-07,2025-04-11,0,True,True
2025-04-18,109.27999877929688,113.41000366210938,108.90000152587891,112.09999847412109,4,0,0,2025-04-14,2025-04-17,0,True,True
2025-04-25,111.88999938964844,113.55999755859375,109.75,110.44999694824219,5,0,0,2025-04-21,2025-04-25,0,True,True
2025-05-02,110.26000213623047,113.45999908447266,108.86000061035156,110.02999877929688,5,0,0,2025-04-28,2025-05-02,0,True,True
2025-05-09,110.33999633789062,111.76000213623047,107.04000091552734,107.68000030517578,5,0,0,2025-05-05,2025-05-09,0,True,True
2025-05-16,105.62999725341797,106.59999847412109,97.779998779296875,104.29000091552734,5,0,0,2025-05-12,2025-05-16,0,True,True
2025-05-23,104.34999847412109,106.08000183105469,102.44999694824219,104.09999847412109,5,0,0,2025-05-19,2025-05-23,0,True,True
2025-05-30,104.26999664306641,105.09999847412109,101.48000335693359,104.48999786376953,4,0,0,2025-05-27,2025-05-30,0,True,True
2025-06-06,103.63999938964844,104.80999755859375,101.08000183105469,101.61000061035156,5,0,0,2025-06-02,2025-06-06,0,True,True
2025-06-13,101.36000061035156,105.27999877929688,100.58000183105469,103.95999908447266,5,0,0,2025-06-09,2025-06-13,0,True,True
2025-06-20,104,104.51999664306641,100.5,100.97000122070312,4,0,0,2025-06-16,2025-06-20,0,True,True
2025-06-27,101.80999755859375,102.47000122070312,97.339996337890625,98.150001525878906,5,0,0,2025-06-23,2025-06-27,0,True,True
2025-07-04,98.830001831054688,101.61000061035156,98.599998474121094,100.30999755859375,4,0,0,2025-06-30,2025-07-03,0,True,True
2025-07-11,100.30000305175781,101.37999725341797,97.900001525878906,100.58999633789062,5,0,0,2025-07-07,2025-07-11,0,True,True
2025-07-18,100.55999755859375,101.97000122070312,99.489997863769531,101.08000183105469,5,0,0,2025-07-14,2025-07-18,0,True,True
2025-07-25,101.04000091552734,104.33000183105469,101.01000213623047,102.26000213623047,5,0,0,2025-07-21,2025-07-25,0,True,True
2025-08-01,101.87999725341797,105.09999847412109,100.47000122070312,104.44000244140625,5,0,0,2025-07-28,2025-08-01,0,True,True
2025-08-08,104.44999694824219,106.16000366210938,103.5,104.48000335693359,5,0,0,2025-08-04,2025-08-08,0,True,True
2025-08-15,104.44999694824219,104.66999816894531,100.12999725341797,100.76999664306641,5,0,0,2025-08-11,2025-08-15,0,True,True
2025-08-22,100.84999847412109,103.08000183105469,99.589996337890625,101.65000152587891,5,0,0,2025-08-18,2025-08-22,0,True,True
2025-08-29,101.16000366210938,101.47000122070312,97.879997253417969,98.230003356933594,5,0,0,2025-08-25,2025-08-29,0,True,True
2025-09-05,98.290000915527344,98.80999755859375,96.550003051757812,98.050003051757812,4,0,0,2025-09-02,2025-09-05,0,True,True
2025-09-12,97.910003662109375,98.55999755859375,96.150001525878906,97.550003051757812,5,0,0,2025-09-08,2025-09-12,0,True,True
2025-09-19,97.599998474121094,97.629997253417969,95.260002136230469,96.330001831054688,5,0,0,2025-09-15,2025-09-19,0,True,True
2025-09-26,96.379997253417969,99.919998168945312,95.970001220703125,99.620002746582031,5,0,0,2025-09-22,2025-09-26,0,True,True
2025-10-03,99.569999694824219,100.76000213623047,97.30999755859375,98.80999755859375,5,0,0,2025-09-29,2025-10-03,0,True,True
2025-10-10,98.669998168945312,102.70999908447266,98.389999389648438,102.38999938964844,5,0,0,2025-10-06,2025-10-10,0,True,True
2025-10-17,102.09999847412109,103.13999938964844,100.15000152587891,101.19000244140625,5,0,0,2025-10-13,2025-10-17,0,True,True
2025-10-24,101.72000122070312,103.09999847412109,99.839996337890625,100.04000091552734,5,0,0,2025-10-20,2025-10-24,0,True,True
2025-10-31,99.30999755859375,100.47000122070312,96.110000610351562,97.410003662109375,5,0,0,2025-10-27,2025-10-31,0,True,True
2025-11-07,96.800003051757812,99.879997253417969,95.5,98.519996643066406,5,0,0,2025-11-03,2025-11-07,0,True,True
2025-11-14,98.05999755859375,102.55000305175781,97.410003662109375,101.66000366210938,5,0,0,2025-11-10,2025-11-14,0,True,True
2025-11-21,102.22000122070312,104.08000183105469,99.550003051757812,100.16000366210938,5,0,0,2025-11-17,2025-11-21,0,True,True
2025-11-28,100.33000183105469,100.88999938964844,98.629997253417969,100.36000061035156,4,0,0,2025-11-24,2025-11-28,0,True,True
2025-12-05,99.739997863769531,100.23999786376953,95.889999389648438,96.599998474121094,5,0,0,2025-12-01,2025-12-05,0,True,True
2025-12-12,96.569999694824219,98,94.959999084472656,97.529998779296875,5,0,0,2025-12-08,2025-12-12,0,True,True
2025-12-19,97.669998168945312,100.33000183105469,97.489997863769531,98.05999755859375,5,0,0,2025-12-15,2025-12-19,0,True,True
2025-12-26,97.5,99.769996643066406,97.110000610351562,99.300003051757812,4,0,0,2025-12-22,2025-12-26,0,True,True
2026-01-02,99.480003356933594,100.59999847412109,98.519996643066406,99.989997863769531,4,0,0,2025-12-29,2026-01-02,0,True,True
2026-01-09,99.480003356933594,101.26999664306641,96.959999084472656,99.209999084472656,5,0,0,2026-01-05,2026-01-09,0,True,True
2026-01-16,99.580001831054688,103.94999694824219,98.239997863769531,103.80999755859375,5,0,0,2026-01-12,2026-01-16,0,True,True
2026-01-23,104.01000213623047,105.62000274658203,101.25,103.87000274658203,4,0,0,2026-01-20,2026-01-23,0,True,True
2026-01-30,104.43000030517578,106.84999847412109,104.06999969482422,106.62999725341797,5,0,0,2026-01-26,2026-01-30,0,True,True
2026-02-06,107.23999786376953,110.59999847412109,104.48000335693359,107.33999633789062,5,0,0,2026-02-02,2026-02-06,0,True,True
2026-02-13,107.29000091552734,114.01999664306641,106.09999847412109,113.72000122070312,5,0,0,2026-02-09,2026-02-13,0,True,True
2026-02-20,114.61000061035156,115.25,109.05999755859375,109.80999755859375,4,0,0,2026-02-17,2026-02-20,0,True,True
2026-02-27,111.01000213623047,113.01000213623047,109.90000152587891,112.51999664306641,5,0,0,2026-02-23,2026-02-27,0,True,True
2026-03-06,112.48000335693359,113.75,109.88999938964844,112.27999877929688,5,0,0,2026-03-02,2026-03-06,0,True,True
2026-03-13,112.54000091552734,115.37000274658203,110.65000152587891,114.87999725341797,5,0,0,2026-03-09,2026-03-13,0,True,True
2026-03-20,115.62000274658203,116.23000335693359,108.81999969482422,109.44999694824219,5,0,0,2026-03-16,2026-03-20,0,True,True
2026-03-27,110.83000183105469,112.08999633789062,108.48000335693359,111.68000030517578,5,0,0,2026-03-23,2026-03-27,0,True,True
2026-04-03,112.86000061035156,115.86000061035156,111.41000366210938,115.43000030517578,4,0,0,2026-03-30,2026-04-02,0,True,True
2026-04-10,114.69999694824219,115.66999816894531,111.05999755859375,113.55999755859375,5,0,0,2026-04-06,2026-04-10,0,True,True
2026-04-17,113.54000091552734,113.73000335693359,108.20999908447266,110.15000152587891,5,0,0,2026-04-13,2026-04-17,0,True,True
2026-04-24,109.65000152587891,111.33999633789062,107.65000152587891,109.05999755859375,5,0,0,2026-04-20,2026-04-24,0,True,True
2026-05-01,109.36000061035156,112.43000030517578,108.05999755859375,110.48999786376953,5,0,0,2026-04-27,2026-05-01,0,True,True
2026-05-08,110.04000091552734,111.33000183105469,104.62000274658203,106.30999755859375,5,0,0,2026-05-04,2026-05-08,0,True,True
2026-05-15,106.94999694824219,107.66999816894531,104.70999908447266,105.36000061035156,5,0,0,2026-05-11,2026-05-15,0,True,True
2026-05-22,106.16000366210938,108.80999755859375,105.59999847412109,108.54000091552734,5,0,0,2026-05-18,2026-05-22,0,True,True
2026-05-29,108.25,109.23999786376953,105.08000183105469,105.62999725341797,4,0,0,2026-05-26,2026-05-29,0,True,True
2026-06-05,105,107.44999694824219,102.81999969482422,106.26000213623047,5,0,0,2026-06-01,2026-06-05,0,True,True
2026-06-12,105.83000183105469,109.41999816894531,104.05000305175781,107.73999786376953,5,0,0,2026-06-08,2026-06-12,0,True,True
2026-06-19,107.11000061035156,109.23000335693359,105.69000244140625,106.36000061035156,4,0,0,2026-06-15,2026-06-18,0,True,True
2026-06-26,106.47000122070312,112.16000366210938,105.91999816894531,112.05999755859375,5,0,0,2026-06-22,2026-06-26,0,True,True
2026-07-03,111.65000152587891,114.08999633789062,110.34999847412109,113.98999786376953,4,0,0,2026-06-29,2026-07-02,0,True,True
2026-07-10,113.62999725341797,115.26000213623047,110.18000030517578,111.12000274658203,5,0,0,2026-07-06,2026-07-10,0,True,True
2026-07-17,111.61000061035156,115.19999694824219,110.19999694824219,112.37000274658203,5,0,0,2026-07-13,2026-07-17,0,True,True
2026-07-24,112.83999633789062,114.47000122070312,109.41000366210938,113.01000213623047,5,0,0,2026-07-20,2026-07-24,0,True,True
2026-07-31,112.37000274658203,114.58000183105469,108.22000122070312,108.84999847412109,5,0,0,2026-07-27,2026-07-31,0,True,True
2026-08-07,108.30000305175781,109.87000274658203,106.12000274658203,107.98000335693359,5,0,0,2026-08-03,2026-08-07,0,True,True
2026-08-14,107.38999938964844,109.33999633789062,105.90000152587891,108.80000305175781,5,0,0,2026-08-10,2026-08-14,0,True,True
2026-08-21,108.48000335693359,110.37999725341797,106.18000030517578,106.34999847412109,5,0,0,2026-08-17,2026-08-21,0,True,True
2026-08-28,107.51999664306641,108.27999877929688,105.51000213623047,107.48999786376953,5,0,0,2026-08-24,2026-08-28,0,True,True
2026-09-04,106.79000091552734,108.80000305175781,106.37000274658203,107.29000091552734,5,0,0,2026-08-31,2026-09-04,0,True,True
