week,open,high,low,close,source_rows,bad_hlc,bad_ohlc,first_date,last_date,null_rows,valid_hlc,valid_ohlc
1962-01-05,0.23686622083187106,0.24052156374594313,0.23101770877838135,0.23101770877838135,4,0,0,1962-01-02,1962-01-05,0,False,False
1962-01-12,0.23138323146996537,0.2346730404482113,0.21932060959972913,0.23394185304641724,5,0,0,1962-01-08,1962-01-12,0,True,True
1962-01-19,0.23394214772732458,0.23467321693897247,0.22845882951929905,0.23065203428268433,5,0,0,1962-01-15,1962-01-19,0,True,True
1962-01-26,0.23065220711250153,0.23321094792040567,0.22224494511963891,0.22297601401805878,5,0,0,1962-01-22,1962-01-26,0,True,True
1962-02-02,0.22297570551783577,0.22813329352186873,0.22297570551783577,0.22739499807357788,5,0,0,1962-01-29,1962-02-02,0,True,True
1962-02-09,0.22739499807357788,0.22813296318054199,0.22517987649615218,0.22739499807357788,5,0,0,1962-02-05,1962-02-09,0,True,True
1962-02-16,0.22739499807357788,0.23699288070201874,0.22628755490114164,0.23367021977901459,5,0,0,1962-02-12,1962-02-16,0,True,True
1962-02-23,0.23367036672558372,0.23551607131958008,0.23182469606399536,0.23182469606399536,4,0,0,1962-02-19,1962-02-23,0,True,True
1962-03-02,0.23182465350285125,0.23256299127439026,0.22924056355483258,0.23182469606399536,5,0,0,1962-02-26,1962-03-02,0,True,True
1962-03-09,0.23182447176479953,0.23773111402988434,0.22997882776260375,0.23773111402988434,5,0,0,1962-03-05,1962-03-09,0,True,True
1962-03-16,0.23846918256979269,0.23957662459411061,0.23773087390436107,0.23846916854381561,5,0,0,1962-03-12,1962-03-16,0,True,True
1962-03-23,0.23846930053866941,0.24068424220092469,0.23846919565979616,0.2406838983297348,5,0,0,1962-03-19,1962-03-23,0,True,True
1962-03-30,0.24068416043617805,0.24437572292306209,0.23920757049485178,0.23920759558677673,5,0,0,1962-03-26,1962-03-30,0,True,True
1962-04-06,0.23846924793143726,0.23846924793143726,0.23477774485945702,0.23699288070201874,5,0,0,1962-04-02,1962-04-06,0,True,True
1962-04-13,0.23699275790890562,0.23773105310488352,0.23330115897100678,0.23477774858474731,5,0,0,1962-04-09,1962-04-13,0,True,True
1962-04-20,0.23477788154895488,0.23773106244894174,0.23367043871145982,0.23514702916145325,4,0,0,1962-04-16,1962-04-19,0,True,True
1962-04-27,0.23514702916145325,0.23625446970287434,0.23219361901283264,0.23219361901283264,5,0,0,1962-04-23,1962-04-27,0,True,True
1962-05-04,0.23219361901283264,0.23699253323726321,0.22436693887556752,0.22958491742610931,5,0,0,1962-04-30,1962-05-04,0,True,True
1962-05-11,0.22995747721964313,0.23256639511354507,0.22399422526359558,0.22399422526359558,5,0,0,1962-05-07,1962-05-11,0,True,True
1962-05-18,0.22399450799092552,0.2310756183252102,0.21765855684975124,0.22921210527420044,5,0,0,1962-05-14,1962-05-18,0,True,True
1962-05-25,0.22921209391511854,0.22921209391511854,0.21169503668805101,0.21318584680557251,5,0,0,1962-05-21,1962-05-25,0,True,True
1962-06-01,0.20871351291606952,0.21914911707513568,0.19455081025390766,0.21840371191501617,4,0,0,1962-05-28,1962-06-01,0,True,True
1962-06-08,0.2184037870062249,0.2198945978390319,0.20796812686397836,0.21318584680557251,5,0,0,1962-06-04,1962-06-08,0,True,True
1962-06-15,0.21318597545925999,0.21318597545925999,0.2020047543489415,0.20871351659297943,5,0,0,1962-06-11,1962-06-15,0,True,True
1962-06-22,0.20908634782564348,0.21467689188515265,0.20125947892665863,0.20125947892665863,5,0,0,1962-06-18,1962-06-22,0,True,True
1962-06-29,0.20125954848373948,0.20871342188130551,0.19827792554323961,0.20834071934223175,5,0,0,1962-06-25,1962-06-29,0,True,True
1962-07-06,0.20834076118111822,0.21318584680557251,0.20796805856719849,0.21318584680557251,4,0,0,1962-07-02,1962-07-06,0,True,True
1962-07-13,0.21318588355662293,0.22175813587302837,0.212440478369362,0.21877646446228027,5,0,0,1962-07-09,1962-07-13,0,True,True
1962-07-20,0.21877649013657829,0.22064002162444962,0.2154220661071882,0.21765828132629395,5,0,0,1962-07-16,1962-07-20,0,True,True
1962-07-27,0.21765840524660354,0.22324897807956945,0.21616754580600095,0.22213068604469299,5,0,0,1962-07-23,1962-07-27,0,True,True
1962-08-03,0.22213071684208457,0.22475477216624409,0.2217580142970475,0.22287237644195557,5,0,0,1962-07-30,1962-08-03,0,True,True
1962-08-10,0.22287231876004127,0.22287231876004127,0.21986043757321885,0.22099016606807706,5,0,0,1962-08-06,1962-08-10,0,True,True
1962-08-17,0.22061364352703094,0.22550776189685268,0.21986069593820148,0.22513128817081451,5,0,0,1962-08-13,1962-08-17,0,True,True
1962-08-24,0.22513127900277008,0.23755490615892638,0.22513127900277008,0.23604901134967804,5,0,0,1962-08-20,1962-08-24,0,True,True
1962-08-31,0.23604888288141457,0.23604888288141457,0.22776653717043371,0.22851948440074921,5,0,0,1962-08-27,1962-08-31,0,True,True
1962-09-07,0.22851962142235394,0.23040170673477023,0.22588416934013367,0.22889581322669983,4,0,0,1962-09-04,1962-09-07,0,True,True
1962-09-14,0.23002548644213172,0.23266080298074862,0.22738991971862943,0.22889581322669983,5,0,0,1962-09-10,1962-09-14,0,True,True
1962-09-21,0.22889613009047233,0.2322842635092188,0.22701364755630493,0.22701364755630493,5,0,0,1962-09-17,1962-09-21,0,True,True
1962-09-28,0.22701378199845959,0.22739025593212206,0.21986077725887296,0.22400182485580442,5,0,0,1962-09-24,1962-09-28,0,True,True
1962-10-05,0.22249575103728139,0.22475485098641992,0.22023706117997299,0.22437837719917297,5,0,0,1962-10-01,1962-10-05,0,True,True
1962-10-12,0.22437841894232569,0.22663711657126745,0.2228724038901449,0.22400182485580442,5,0,0,1962-10-08,1962-10-12,0,True,True
1962-10-19,0.22400190341192605,0.22550779856091377,0.21835483610630035,0.21835483610630035,5,0,0,1962-10-15,1962-10-19,0,True,True
1962-10-26,0.21609593109859454,0.21609593109859454,0.20480173284357245,0.21195457875728607,5,0,0,1962-10-22,1962-10-26,0,True,True
1962-11-02,0.21534289626611602,0.22293579578399658,0.21534289626611602,0.22293579578399658,5,0,0,1962-10-29,1962-11-02,0,True,True
1962-11-09,0.22293581568605855,0.22826200723648071,0.22179450604944048,0.22826200723648071,4,0,0,1962-11-05,1962-11-09,0,True,True
1962-11-16,0.22826201177590733,0.23549039736873917,0.22826201177590733,0.2343490868806839,5,0,0,1962-11-12,1962-11-16,0,True,True
1962-11-23,0.2343490868806839,0.24119687603810167,0.23396858008157823,0.24043600261211395,4,0,0,1962-11-19,1962-11-23,0,True,True
1962-11-30,0.24043577009776854,0.24424038440223753,0.24043577009776854,0.24195751547813416,5,0,0,1962-11-26,1962-11-30,0,True,True
1962-12-07,0.24195751547813416,0.24309907419475044,0.24119674697728224,0.24271853268146515,5,0,0,1962-12-03,1962-12-07,0,True,True
1962-12-14,0.24271863217069364,0.25032708048820496,0.24233819544315338,0.25032708048820496,5,0,0,1962-12-10,1962-12-14,0,True,True
1962-12-21,0.25032738382678205,0.25337087147566212,0.24842520005910135,0.25260999798774719,5,0,0,1962-12-17,1962-12-21,0,True,True
1962-12-28,0.25184908509254456,0.25527290479354059,0.24956646498596557,0.25413143634796143,4,0,0,1962-12-24,1962-12-28,0,True,True
1963-01-04,0.25413165483901751,0.25527296466613886,0.24918587505817411,0.25413143634796143,4,0,0,1962-12-31,1963-01-04,0,True,True
1963-01-11,0.25413143634796143,0.26059897682246042,0.25413143634796143,0.25793591141700745,5,0,0,1963-01-07,1963-01-11,0,True,True
1963-01-18,0.25793617885018233,0.26059903695328518,0.25565334184635319,0.25983816385269165,5,0,0,1963-01-14,1963-01-18,0,True,True
1963-01-25,0.25983812420340313,0.26744696519204547,0.25793624521166908,0.26630565524101257,5,0,0,1963-01-21,1963-01-25,0,True,True
1963-02-01,0.26630558573060298,0.26858820503686531,0.26361615670763927,0.26591849327087402,5,0,0,1963-01-28,1963-02-01,0,True,True
1963-02-08,0.26591849327087402,0.26745347789991863,0.26438361019283146,0.26706975698471069,5,0,0,1963-02-04,1963-02-08,0,True,True
1963-02-15,0.26745343957604334,0.27474418507904563,0.26745343957604334,0.27397674322128296,5,0,0,1963-02-11,1963-02-15,0,True,True
1963-02-22,0.27397685136473127,0.27474429352541679,0.26706975036197239,0.26898843050003052,4,0,0,1963-02-18,1963-02-21,0,True,True
1963-03-01,0.26898835489043482,0.26937207579612732,0.25632560021841705,0.25709304213523865,5,0,0,1963-02-25,1963-03-01,0,True,True
1963-03-08,0.25709308705721434,0.26361619236699319,0.25709308705721434,0.26131394505500793,5,0,0,1963-03-04,1963-03-08,0,True,True
1963-03-15,0.26131400225975848,0.26630237698554993,0.26054656025605877,0.26630237698554993,5,0,0,1963-03-11,1963-03-15,0,True,True
1963-03-22,0.26630228973192976,0.26822089412481109,0.25977909564971924,0.25977909564971924,5,0,0,1963-03-18,1963-03-22,0,True,True
1963-03-29,0.26016268134117126,0.26169773936271667,0.25977896057223149,0.26054638624191284,5,0,0,1963-03-25,1963-03-29,0,True,True
1963-04-05,0.26054638624191284,0.26438371239779807,0.26016266549634298,0.26246502995491028,5,0,0,1963-04-01,1963-04-05,0,True,True
1963-04-12,0.26284871520339581,0.26515103971612625,0.26246527917520446,0.26323267817497253,4,0,0,1963-04-08,1963-04-11,0,True,True
1963-04-19,0.26361628909704482,0.26975587252713473,0.26361628909704482,0.26822105050086975,5,0,0,1963-04-15,1963-04-19,0,True,True
1963-04-26,0.2682208279654768,0.27013965601232087,0.26630231515429487,0.26706975698471069,5,0,0,1963-04-22,1963-04-26,0,True,True
1963-05-03,0.26706966561369366,0.26884428978310343,0.26613255402316222,0.26729470491409302,5,0,0,1963-04-29,1963-05-03,0,True,True
1963-05-10,0.26729493725056552,0.26845690608024597,0.26497048139572144,0.26845690608024597,5,0,0,1963-05-06,1963-05-10,0,True,True
1963-05-17,0.26845699878905316,0.27039391797223539,0.26729470491409302,0.26729470491409302,5,0,0,1963-05-13,1963-05-17,0,True,True
1963-05-24,0.26729487044421357,0.26923176646232605,0.26690746344250738,0.26923176646232605,5,0,0,1963-05-20,1963-05-24,0,True,True
1963-05-31,0.2692317764538561,0.269231809576925,0.26768224104980515,0.26806962490081787,4,0,0,1963-05-27,1963-05-31,0,True,True
1963-06-07,0.26806947217471361,0.26806970518462508,0.26264626112054373,0.26342102885246277,5,0,0,1963-06-03,1963-06-07,0,True,True
1963-06-14,0.26342099570946709,0.26419576334390665,0.25722270125097624,0.26264622807502747,5,0,0,1963-06-10,1963-06-14,0,True,True
1963-06-21,0.26264631439595532,0.26419585017410258,0.26032194495201111,0.26032194495201111,5,0,0,1963-06-17,1963-06-21,0,True,True
1963-06-28,0.26032194495201111,0.26264624803193981,0.25915974720579676,0.25993451476097107,5,0,0,1963-06-24,1963-06-28,0,True,True
1963-07-05,0.26032192517170866,0.26652002334594727,0.26032192517170866,0.26652002334594727,4,0,0,1963-07-01,1963-07-05,0,True,True
1963-07-12,0.26652012289005478,0.26690740710081057,0.26419582962989807,0.26574540138244629,5,0,0,1963-07-08,1963-07-12,0,True,True
1963-07-19,0.26574535509095576,0.26729478386410499,0.26497048139572144,0.26535797119140625,5,0,0,1963-07-15,1963-07-19,0,True,True
1963-07-26,0.26535793811650088,0.2688444059250496,0.26419581949275778,0.26768225431442261,5,0,0,1963-07-22,1963-07-26,0,True,True
1963-08-02,0.26845699878905316,0.2722042522842078,0.26845699878905316,0.27063974738121033,5,0,0,1963-07-29,1963-08-02,0,True,True
1963-08-09,0.27063974738121033,0.27376872993781198,0.27063974738121033,0.27259543538093567,5,0,0,1963-08-05,1963-08-09,0,True,True
1963-08-16,0.27259543538093567,0.27611517906188965,0.27142190539288791,0.27611517906188965,5,0,0,1963-08-12,1963-08-16,0,True,True
1963-08-23,0.27611509964571529,0.27807086706161499,0.27376848068672027,0.27728849649429321,5,0,0,1963-08-19,1963-08-23,0,True,True
1963-08-30,0.27728847302390902,0.27963507388319292,0.27533292770385742,0.27924397587776184,5,0,0,1963-08-26,1963-08-30,0,True,True
1963-09-06,0.27885246276855469,0.2796350867818978,0.27533285651408451,0.277679443359375,4,0,0,1963-09-03,1963-09-06,0,True,True
1963-09-13,0.2776795988204287,0.27846163897447185,0.27533301066138283,0.27650630474090576,5,0,0,1963-09-09,1963-09-13,0,True,True
1963-09-20,0.27611517906188965,0.27924397587776184,0.2753329830872101,0.27924397587776184,5,0,0,1963-09-16,1963-09-20,0,True,True
1963-09-27,0.27885273678202022,0.27885273678202022,0.27063970970011303,0.27220410108566284,5,0,0,1963-09-23,1963-09-27,0,True,True
1963-10-04,0.27220410108566284,0.27376845479011536,0.27024852859681475,0.27376845479011536,5,0,0,1963-09-30,1963-10-04,0,True,True
1963-10-11,0.27376855656461685,0.2741596545025663,0.26985755157953056,0.27337759733200073,5,0,0,1963-10-07,1963-10-11,0,True,True
1963-10-18,0.2722042655391167,0.2722042655391167,0.26946645367869065,0.26985770463943481,5,0,0,1963-10-14,1963-10-18,0,True,True
1963-10-25,0.2698574308709149,0.2710307240486145,0.26594653136559149,0.26711982488632202,5,0,0,1963-10-21,1963-10-25,0,True,True
1963-11-01,0.267119712875237,0.27171659469604492,0.26539743689471962,0.26855704188346863,5,0,0,1963-10-28,1963-11-01,0,True,True
1963-11-08,0.26895198225975037,0.2701367927542867,0.26579232913906242,0.26974180340766907,4,0,0,1963-11-04,1963-11-08,0,True,True
1963-11-15,0.26974177726528098,0.27487592407733719,0.26855696711623878,0.27329617738723755,5,0,0,1963-11-11,1963-11-15,0,True,True
1963-11-22,0.27329612156701466,0.27448093134259421,0.26539751887321472,0.26539751887321472,5,0,0,1963-11-18,1963-11-22,0,True,True
1963-11-29,0.26579246996246148,0.27132158523656913,0.26579246996246148,0.26974180340766907,3,0,0,1963-11-26,1963-11-29,0,True,True
1963-12-06,0.26974174008865859,0.27092661367153875,0.26697713892720087,0.26974180340766907,5,0,0,1963-12-02,1963-12-06,0,True,True
1963-12-13,0.26974181062983771,0.27092662092542996,0.26776717176521403,0.26974180340766907,5,0,0,1963-12-09,1963-12-13,0,True,True
1963-12-20,0.26934670243242176,0.26934690121010213,0.2657923698425293,0.2657923698425293,5,0,0,1963-12-16,1963-12-20,0,True,True
1963-12-27,0.26579225840391935,0.26697722869132884,0.26460760831832886,0.26539751887321472,4,0,0,1963-12-23,1963-12-27,0,True,True
1964-01-03,0.26539748177599554,0.26697726600936478,0.26421270852110212,0.26500248908996582,4,0,0,1963-12-30,1964-01-03,0,True,True
1964-01-10,0.26539732191297744,0.26776715398892847,0.26539732191297744,0.26737210154533386,5,0,0,1964-01-06,1964-01-10,0,True,True
1964-01-17,0.26579236238084503,0.26579236238084503,0.26302770556447036,0.26381757855415344,5,0,0,1964-01-13,1964-01-17,0,True,True
1964-01-24,0.26381766420790459,0.27053168416023254,0.26263285433870742,0.26539751887321472,5,0,0,1964-01-20,1964-01-24,0,True,True
1964-01-31,0.26539732191297744,0.26855691144878441,0.26381767915364707,0.2657923698425293,5,0,0,1964-01-27,1964-01-31,0,True,True
1964-02-07,0.2657923698425293,0.26802598678313933,0.26342274990336856,0.26603171229362488,5,0,0,1964-02-03,1964-02-07,0,True,True
1964-02-14,0.26603160358696099,0.2668292995497405,0.26164453054957759,0.26284107565879822,5,0,0,1964-02-10,1964-02-14,0,True,True
1964-02-21,0.26284093031586125,0.26403729828525352,0.26044784142072441,0.2620430588722229,4,0,0,1964-02-17,1964-02-20,0,True,True
1964-02-28,0.26204334538091312,0.27081814408302307,0.26204334538091312,0.27081814408302307,5,0,0,1964-02-24,1964-02-28,0,True,True
1964-03-06,0.27081814408302307,0.2712169926015548,0.26643069804604375,0.2672283947467804,5,0,0,1964-03-02,1964-03-06,0,True,True
1964-03-13,0.26722815281943307,0.26882363093041234,0.2656330013453071,0.26802593469619751,5,0,0,1964-03-09,1964-03-13,0,True,True
1964-03-20,0.2684247351115352,0.27281225111613688,0.2684247351115352,0.27241340279579163,5,0,0,1964-03-16,1964-03-20,0,True,True
1964-03-27,0.27241329132905029,0.27719957786316124,0.27241329132905029,0.27640160918235779,4,0,0,1964-03-23,1964-03-26,0,True,True
1964-04-03,0.27640160918235779,0.27839611509347856,0.27440753211476809,0.2768007218837738,5,0,0,1964-03-30,1964-04-03,0,True,True
1964-04-10,0.2768007218837738,0.27719957786316124,0.27201442814221349,0.27321097254753113,5,0,0,1964-04-06,1964-04-10,0,True,True
1964-04-17,0.27321109943648209,0.27719947695732117,0.27201455447544642,0.27640160918235779,5,0,0,1964-04-13,1964-04-17,0,True,True
1964-04-24,0.2764018735813476,0.27839604020118713,0.2752051055431366,0.2752051055431366,5,0,0,1964-04-20,1964-04-24,0,True,True
1964-05-01,0.27440772251207002,0.27440772251207002,0.27041905382100273,0.27400863170623779,5,0,0,1964-04-27,1964-05-01,0,True,True
1964-05-08,0.27400887407818619,0.27586503787075772,0.27304605622591771,0.27505967020988464,5,0,0,1964-05-04,1964-05-08,0,True,True
1964-05-15,0.27505970407616009,0.27626792760290336,0.27103252955795037,0.27224069833755493,5,0,0,1964-05-11,1964-05-15,0,True,True
1964-05-22,0.27224061294838237,0.27344864989276479,0.27103244454772385,0.27304592728614807,5,0,0,1964-05-18,1964-05-22,0,True,True
1964-05-29,0.27304597908959671,0.27465686982168874,0.27143516734794337,0.27183789014816284,4,0,0,1964-05-25,1964-05-28,0,True,True
1964-06-05,0.27183790225535631,0.27304607070982456,0.26861607631344991,0.27062973380088806,5,0,0,1964-06-01,1964-06-05,0,True,True
1964-06-12,0.27546241071411892,0.28754419925507535,0.27546241071411892,0.28593319654464722,5,0,0,1964-06-08,1964-06-12,0,True,True
1964-06-19,0.28834953098908106,0.29036314503230093,0.28754377365112305,0.28754377365112305,5,0,0,1964-06-15,1964-06-19,0,True,True
1964-06-26,0.28754415786167259,0.29197388887405396,0.28754415786167259,0.29197388887405396,5,0,0,1964-06-22,1964-06-26,0,True,True
1964-07-03,0.2919741006077084,0.29237682350509836,0.28633563983323362,0.29157134890556335,4,0,0,1964-06-29,1964-07-02,0,True,True
1964-07-10,0.29157134890556335,0.29720924057714315,0.28996045747514587,0.29640379548072815,5,0,0,1964-07-06,1964-07-10,0,True,True
1964-07-17,0.2972094714641571,0.30123667547138788,0.2972094714641571,0.30043125152587891,5,0,0,1964-07-13,1964-07-17,0,True,True
1964-07-24,0.30043125152587891,0.30083397438315224,0.29962578415870667,0.29962578415870667,5,0,0,1964-07-20,1964-07-24,0,True,True
1964-07-31,0.29962578415870667,0.30043122981504727,0.29600130288096943,0.29841771721839905,5,0,0,1964-07-27,1964-07-31,0,True,True
1964-08-07,0.29841772140683354,0.29882044437769295,0.29419511556625366,0.29419511556625366,5,0,0,1964-08-03,1964-08-07,0,True,True
1964-08-14,0.29419527976637699,0.29500797390937805,0.28606827695604781,0.28809988498687744,5,0,0,1964-08-10,1964-08-14,0,True,True
1964-08-21,0.28810016812989814,0.2897253998148609,0.28769376873970032,0.28891286253929138,5,0,0,1964-08-17,1964-08-21,0,True,True
1964-08-28,0.28891286253929138,0.29378858516669137,0.28810016812989814,0.29053798317909241,5,0,0,1964-08-24,1964-08-28,0,True,True
1964-09-04,0.29053800517604467,0.29500784693093135,0.28972531145527247,0.29460150003433228,5,0,0,1964-08-31,1964-09-04,0,True,True
1964-09-11,0.29500797390937805,0.30069684982299805,0.29500797390937805,0.30069684982299805,4,0,0,1964-09-08,1964-09-11,0,True,True
1964-09-18,0.30069673173530126,0.30354116027874328,0.29988396320381577,0.30150935053825378,5,0,0,1964-09-14,1964-09-18,0,True,True
1964-09-25,0.30232199416103134,0.30476018786430359,0.30232199416103134,0.30476018786430359,5,0,0,1964-09-21,1964-09-25,0,True,True
1964-10-02,0.30476024070109031,0.31248057464395429,0.30435389371348881,0.30963647365570068,5,0,0,1964-09-28,1964-10-02,0,True,True
1964-10-09,0.30963634016938235,0.31532504953868645,0.30963634016938235,0.31329357624053955,5,0,0,1964-10-05,1964-10-09,0,True,True
1964-10-16,0.31329353109137753,0.31329353109137753,0.30313480019569394,0.30760458111763,5,0,0,1964-10-12,1964-10-16,0,True,True
1964-10-23,0.30882358551025391,0.31126166644849274,0.30354115595880726,0.30679193139076233,5,0,0,1964-10-19,1964-10-23,0,True,True
1964-10-30,0.30719845008724284,0.30841749155584303,0.30354114711284635,0.30476018786430359,5,0,0,1964-10-26,1964-10-30,0,True,True
1964-11-06,0.30705617705606064,0.30705617705606064,0.30295662863074607,0.30377626419067383,4,0,0,1964-11-02,1964-11-06,0,True,True
1964-11-13,0.30500605702400208,0.30582603655363383,0.30213644630030578,0.30336636304855347,5,0,0,1964-11-09,1964-11-13,0,True,True
1964-11-20,0.30336636304855347,0.30828567059834799,0.30213649941457282,0.30746576189994812,5,0,0,1964-11-16,1964-11-20,0,True,True
1964-11-27,0.30746576189994812,0.30746576189994812,0.30377653831580897,0.30418649315834045,4,0,0,1964-11-23,1964-11-27,0,True,True
1964-12-04,0.30418636117662701,0.30500622261492499,0.29926669167237968,0.30213654041290283,5,0,0,1964-11-30,1964-12-04,0,True,True
1964-12-11,0.30254642226651746,0.31238526554095086,0.30254642226651746,0.31074544787406921,5,0,0,1964-12-07,1964-12-11,0,True,True
1964-12-18,0.31156542413521809,0.31607496511293931,0.30910567076790413,0.30951562523841858,5,0,0,1964-12-14,1964-12-18,0,True,True
1964-12-25,0.30951582182292758,0.30992577627380902,0.30582594871520996,0.30828580260276794,4,0,0,1964-12-21,1964-12-24,0,True,True
1965-01-01,0.30828582848888503,0.31689509158770651,0.30828582848888503,0.31648513674736023,4,0,0,1964-12-28,1964-12-31,0,True,True
1965-01-08,0.3164849270431439,0.3164849270431439,0.31197540213989866,0.31279531121253967,5,0,0,1965-01-04,1965-01-08,0,True,True
1965-01-15,0.31279524531107872,0.31566510156925287,0.31197533641118075,0.31361529231071472,5,0,0,1965-01-11,1965-01-15,0,True,True
1965-01-22,0.31361525121610612,0.31812465190887451,0.31279554318424335,0.31812465190887451,5,0,0,1965-01-18,1965-01-22,0,True,True
1965-01-29,0.31812465190887451,0.32263426125353695,0.31648502359106501,0.32099440693855286,5,0,0,1965-01-25,1965-01-29,0,True,True
1965-02-05,0.32099444289900819,0.32329886389510404,0.31918049586462788,0.32206332683563232,5,0,0,1965-02-01,1965-02-05,0,True,True
1965-02-12,0.32041583916882876,0.32041583916882876,0.31135526299476624,0.31382632255554199,5,0,0,1965-02-08,1965-02-12,0,True,True
1965-02-19,0.31382632255554199,0.31465001369085838,0.30723673208554586,0.30888411402702332,5,0,0,1965-02-15,1965-02-19,0,True,True
1965-02-26,0.30888438937198592,0.31135526299476624,0.30723700596200199,0.31053158640861511,4,0,0,1965-02-23,1965-02-26,0,True,True
1965-03-05,0.31053157182282243,0.312178968829881,0.30476565814849199,0.3055897057056427,5,0,0,1965-03-01,1965-03-05,0,True,True
1965-03-12,0.30558934596643783,0.30558934596643783,0.30064721551278362,0.30229458212852478,5,0,0,1965-03-08,1965-03-12,0,True,True
1965-03-19,0.30229452113582661,0.30394190272239791,0.29817614057561853,0.29982352256774902,5,0,0,1965-03-15,1965-03-19,0,True,True
1965-03-26,0.29982344875596972,0.30229459555594473,0.29735250803976426,0.29817619919776917,5,0,0,1965-03-22,1965-03-26,0,True,True
1965-04-02,0.29899981829061173,0.30888424733200587,0.29899981829061173,0.30723673105239868,5,0,0,1965-03-29,1965-04-02,0,True,True
1965-04-09,0.30723703020633397,0.30806072197632417,0.30147090651418851,0.3055897057056427,5,0,0,1965-04-05,1965-04-09,0,True,True
1965-04-16,0.30558936345961785,0.31135527761924803,0.30476567245298819,0.31053158640861511,4,0,0,1965-04-12,1965-04-15,0,True,True
1965-04-23,0.31053157182282243,0.312178968829881,0.30476567245298819,0.30641305446624756,5,0,0,1965-04-19,1965-04-23,0,True,True
1965-04-30,0.30641305446624756,0.30970781849276635,0.30476567245298819,0.30723673105239868,5,0,0,1965-04-26,1965-04-30,0,True,True
1965-05-07,0.30723673208554586,0.31104653416782296,0.30605648281753706,0.30855181813240051,5,0,0,1965-05-03,1965-05-07,0,True,True
1965-05-14,0.30855150849268004,0.30938349419205657,0.30439307140719335,0.30522474646568298,5,0,0,1965-05-10,1965-05-14,0,True,True
1965-05-21,0.30522476476819616,0.30771979009327682,0.30356149693004419,0.30439317226409912,5,0,0,1965-05-17,1965-05-21,0,True,True
1965-05-28,0.30439332792581603,0.30522500368517619,0.2994031076273207,0.3018983006477356,5,0,0,1965-05-24,1965-05-28,0,True,True
1965-06-04,0.3018983006477356,0.30522500368517619,0.2985714143167903,0.30023476481437683,4,0,0,1965-06-01,1965-06-04,0,True,True
1965-06-11,0.30023469611474535,0.30522474646568298,0.29690799806111373,0.29857134819030762,5,0,0,1965-06-07,1965-06-11,0,True,True
1965-06-18,0.29857180359658231,0.30023515626285852,0.29274998845864963,0.29773992300033569,5,0,0,1965-06-14,1965-06-18,0,True,True
1965-06-25,0.29773980949966,0.29857148494518976,0.29191820594397461,0.29274988174438477,5,0,0,1965-06-21,1965-06-25,0,True,True
1965-07-02,0.29274964810784021,0.29607677459716797,0.28775957456001872,0.29607677459716797,5,0,0,1965-06-28,1965-07-02,0,True,True
1965-07-09,0.2960764105710606,0.2960764105710606,0.29274988174438477,0.29358166456222534,4,0,0,1965-07-06,1965-07-09,0,True,True
1965-07-16,0.29358174559775363,0.29774012726344423,0.29191820594397461,0.29274988174438477,5,0,0,1965-07-12,1965-07-16,0,True,True
1965-07-23,0.29274988174438477,0.29358155754479498,0.28942294756116022,0.2902546226978302,5,0,0,1965-07-19,1965-07-23,0,True,True
1965-07-30,0.29025471770349953,0.2935813000568977,0.28692785618284594,0.29191794991493225,5,0,0,1965-07-26,1965-07-30,0,True,True
1965-08-06,0.29191831235507393,0.29576620101928708,0.29108663625149822,0.29240515828132629,5,0,0,1965-08-02,1965-08-06,0,True,True
1965-08-13,0.29240522146224973,0.29492595613002776,0.28988442415821142,0.29240515828132629,5,0,0,1965-08-09,1965-08-13,0,True,True
1965-08-20,0.29240525446154852,0.29828670131248386,0.29240525446154852,0.29660621285438538,5,0,0,1965-08-16,1965-08-20,0,True,True
1965-08-27,0.2966064793819731,0.29744672436605801,0.294085445567074,0.29744642972946167,5,0,0,1965-08-23,1965-08-27,0,True,True
1965-09-03,0.29744652140308436,0.30500882467734847,0.29660627699234116,0.30332833528518677,5,0,0,1965-08-30,1965-09-03,0,True,True
1965-09-10,0.30332833528518677,0.30500888643343804,0.3008076548576355,0.3008076548576355,4,0,0,1965-09-07,1965-09-10,0,True,True
1965-09-17,0.30080750808742385,0.30248799695942064,0.29912713170051575,0.29912713170051575,5,0,0,1965-09-13,1965-09-17,0,True,True
1965-09-24,0.29912716516569338,0.3008076548576355,0.2957659414259054,0.29660621285438538,5,0,0,1965-09-20,1965-09-24,0,True,True
1965-10-01,0.2966064793819731,0.29744672436605801,0.29408571124076843,0.29660621285438538,5,0,0,1965-09-27,1965-10-01,0,True,True
1965-10-08,0.29660617795764893,0.29660617795764893,0.29240501166073163,0.29240515828132629,5,0,0,1965-10-04,1965-10-08,0,True,True
1965-10-15,0.29240522146224973,0.29492595613002776,0.29156485199928284,0.29156485199928284,5,0,0,1965-10-11,1965-10-15,0,True,True
1965-10-22,0.29156497657299041,0.29576598880625726,0.29156497657299041,0.29324525594711304,5,0,0,1965-10-18,1965-10-22,0,True,True
1965-10-29,0.29324546635150905,0.31089051743674145,0.29324546635150905,0.30752953886985779,5,0,0,1965-10-25,1965-10-29,0,True,True
1965-11-05,0.3088873030397189,0.3088873030397189,0.30209863119285202,0.30379581451416016,4,0,0,1965-11-01,1965-11-05,0,True,True
1965-11-12,0.30379566525069762,0.30464425649441462,0.29276406747757355,0.29361265897750854,5,0,0,1965-11-08,1965-11-12,0,True,True
1965-11-19,0.29361286915318913,0.29531005336794741,0.29191538717286392,0.29276400804519653,5,0,0,1965-11-15,1965-11-19,0,True,True
1965-11-26,0.29276415836392788,0.29361275012730159,0.28258097136198584,0.28427815437316895,4,0,0,1965-11-22,1965-11-26,0,True,True
1965-12-03,0.28427806487697327,0.28512665611541199,0.27918651744634093,0.28342947363853455,5,0,0,1965-11-29,1965-12-03,0,True,True
1965-12-10,0.28342953333267579,0.28852102106916694,0.28003516766402098,0.28342947363853455,5,0,0,1965-12-06,1965-12-10,0,True,True
1965-12-17,0.28342953333267579,0.28512671616700319,0.27579203293733073,0.2766406238079071,5,0,0,1965-12-13,1965-12-17,0,True,True
1965-12-24,0.27664083206072082,0.28936946233348737,0.27494364904194341,0.28682368993759155,4,0,0,1965-12-20,1965-12-23,0,True,True
1965-12-31,0.28682396032593466,0.29191556660055418,0.28003499307463653,0.28682368993759155,5,0,0,1965-12-27,1965-12-31,0,True,True
1966-01-07,0.28682380897001269,0.29106697483718047,0.28342944436681727,0.29021838307380676,5,0,0,1966-01-03,1966-01-07,0,True,True
1966-01-14,0.2902185007236725,0.29446116089820862,0.28852102160453796,0.28936967253684998,5,0,0,1966-01-10,1966-01-14,0,True,True
1966-01-21,0.28936967253684998,0.29106685536697813,0.28003516766402098,0.28173255920410156,5,0,0,1966-01-17,1966-01-21,0,True,True
1966-01-28,0.2808837890625,0.28427812474983949,0.27833801453927492,0.2808837890625,5,0,0,1966-01-24,1966-01-28,0,True,True
1966-02-04,0.2808839671583061,0.28396268527200613,0.27624165642741294,0.27709954977035522,5,0,0,1966-01-31,1966-02-04,0,True,True
1966-02-11,0.27709970358294922,0.28310504555702209,0.27709970358294922,0.28224706649780273,5,0,0,1966-02-07,1966-02-11,0,True,True
1966-02-18,0.28224689865404839,0.28224689865404839,0.27709953880017518,0.27967321872711182,5,0,0,1966-02-14,1966-02-18,0,True,True
1966-02-25,0.27967331604457196,0.27967331604457196,0.27452602564731488,0.27624192833900452,4,0,0,1966-02-21,1966-02-25,0,True,True
1966-03-04,0.27624181330761061,0.27624181330761061,0.26680487684858667,0.27281013131141663,5,0,0,1966-02-28,1966-03-04,0,True,True
1966-03-11,0.2728102379870192,0.2770998061263823,0.27109445032672347,0.27366822957992554,5,0,0,1966-03-07,1966-03-11,0,True,True
1966-03-18,0.27281012443395763,0.27281012443395763,0.26423118970333004,0.26766276359558105,5,0,0,1966-03-14,1966-03-18,0,True,True
1966-03-25,0.2676629632901234,0.27109433748783213,0.26594697664945555,0.26680493354797363,5,0,0,1966-03-21,1966-03-25,0,True,True
1966-04-01,0.26680490768724874,0.26766295571929044,0.26423137936391494,0.26508927345275879,5,0,0,1966-03-28,1966-04-01,0,True,True
1966-04-08,0.26508931238022226,0.26766295571929044,0.26079964246906218,0.26165753602981567,4,0,0,1966-04-04,1966-04-07,0,True,True
1966-04-15,0.2616574727242289,0.26508924800467182,0.26079957937103471,0.26165753602981567,5,0,0,1966-04-11,1966-04-15,0,True,True
1966-04-22,0.2616574727242289,0.2642313539981842,0.26079957937103471,0.2642313539981842,5,0,0,1966-04-18,1966-04-22,0,True,True
1966-04-29,0.26423141816539952,0.26423141816539952,0.26079957937103471,0.26337352395057678,5,0,0,1966-04-25,1966-04-29,0,True,True
1966-05-06,0.26337332315132267,0.26337332315132267,0.2543650907841889,0.25696951150894165,5,0,0,1966-05-02,1966-05-06,0,True,True
1966-05-13,0.25696983963552145,0.25870612233576146,0.25436532618635793,0.25610160827636719,5,0,0,1966-05-09,1966-05-13,0,True,True
1966-05-20,0.2552332253488776,0.25610154539449109,0.25262898206710815,0.25436532497406006,5,0,0,1966-05-16,1966-05-20,0,True,True
1966-05-27,0.25436532497406006,0.25610160705579427,0.25002455957157094,0.25262898206710815,5,0,0,1966-05-23,1966-05-27,0,True,True
1966-06-03,0.25262886162461906,0.2543651424605271,0.250024440370757,0.25176072120666504,4,0,0,1966-05-31,1966-06-03,0,True,True
1966-06-10,0.25176074987464298,0.25262889039145209,0.250024440370757,0.25176072120666504,5,0,0,1966-06-06,1966-06-10,0,True,True
1966-06-17,0.25176084123526243,0.25262898206710815,0.25002446884102475,0.25089260935783386,5,0,0,1966-06-13,1966-06-17,0,True,True
1966-06-24,0.25089260935783386,0.25262889039145209,0.24915629625320435,0.24915629625320435,5,0,0,1966-06-20,1966-06-24,0,True,True
1966-07-01,0.24915629625320435,0.25176083708142899,0.24742001544307748,0.24828827381134033,5,0,0,1966-06-27,1966-07-01,0,True,True
1966-07-08,0.24828821627630127,0.25262886162461906,0.24828821627630127,0.25176072120666504,4,0,0,1966-07-05,1966-07-08,0,True,True
1966-07-15,0.25176072120666504,0.25262886162461906,0.24828818780740652,0.25089260935783386,5,0,0,1966-07-11,1966-07-15,0,True,True
1966-07-22,0.25089260935783386,0.25176072120666504,0.24915632832421564,0.25002449750900269,5,0,0,1966-07-18,1966-07-22,0,True,True
1966-07-29,0.25002455544638469,0.25002455544638469,0.246551992176296,0.24828827381134033,5,0,0,1966-07-25,1966-07-29,0,True,True
1966-08-05,0.24742010046231031,0.24884934110421661,0.24445265531539917,0.24797001481056213,5,0,0,1966-08-01,1966-08-05,0,True,True
1966-08-12,0.24797001747148376,0.24884934377457413,0.23917698860168457,0.23917698860168457,5,0,0,1966-08-08,1966-08-12,0,True,True
1966-08-19,0.23917663273987946,0.2409352844512021,0.23302174124278519,0.23390106856822968,5,0,0,1966-08-15,1966-08-19,0,True,True
1966-08-26,0.23390082997837286,0.23741822231274384,0.22159030381590128,0.22510761022567749,5,0,0,1966-08-22,1966-08-26,0,True,True
1966-09-02,0.22510761022567749,0.23478023032116338,0.22159030381590128,0.23038350045681,5,0,0,1966-08-29,1966-09-02,0,True,True
1966-09-09,0.23038350045681,0.23302147946967425,0.22510761022567749,0.22510761022567749,4,0,0,1966-09-06,1966-09-09,0,True,True
1966-09-16,0.22862487140743212,0.23653881251811981,0.22862487140743212,0.23565945029258728,5,0,0,1966-09-12,1966-09-16,0,True,True
1966-09-23,0.2356597232191186,0.2356597232191186,0.23126272857189178,0.23126272857189178,5,0,0,1966-09-19,1966-09-23,0,True,True
1966-09-30,0.23126282679443141,0.23302147946967425,0.22598689212196174,0.22950419783592224,5,0,0,1966-09-26,1966-09-30,0,True,True
1966-10-07,0.22950427008922711,0.23126292349987254,0.22510761022567749,0.22510761022567749,5,0,0,1966-10-03,1966-10-07,0,True,True
1966-10-14,0.22686610506339508,0.23565961257466728,0.22686610506339508,0.23478022217750549,5,0,0,1966-10-10,1966-10-14,0,True,True
1966-10-21,0.23478027419410508,0.24269410371780395,0.23478027419410508,0.23917698860168457,5,0,0,1966-10-17,1966-10-21,0,True,True
1966-10-28,0.23917698860168457,0.24181497009361491,0.23390067760591154,0.23829758167266846,5,0,0,1966-10-24,1966-10-28,0,True,True
1966-11-04,0.23829766143770781,0.24060240387916565,0.23347359225991066,0.23792919516563416,5,0,0,1966-10-31,1966-11-04,0,True,True
1966-11-11,0.23792939304180866,0.23792939304180866,0.23080029923182266,0.23258252441883087,4,0,0,1966-11-07,1966-11-11,0,True,True
1966-11-18,0.23258237252858552,0.23703797353488026,0.23080021142959595,0.23080021142959595,5,0,0,1966-11-14,1966-11-18,0,True,True
1966-11-25,0.23080022899789104,0.24149367749021294,0.22812686727204676,0.23792919516563416,4,0,0,1966-11-21,1966-11-25,0,True,True
1966-12-02,0.23792923836788132,0.23971147985378308,0.2290179704146956,0.23080021142959595,5,0,0,1966-11-28,1966-12-02,0,True,True
1966-12-09,0.23080022899789104,0.23080022899789104,0.22545352297670701,0.22723576426506042,5,0,0,1966-12-05,1966-12-09,0,True,True
1966-12-16,0.22723576426506042,0.2281268112302765,0.22367138977325152,0.22456251084804535,5,0,0,1966-12-12,1966-12-16,0,True,True
1966-12-23,0.22456231927871703,0.22634469131707205,0.22278006273911768,0.22545357048511505,5,0,0,1966-12-19,1966-12-23,0,True,True
1966-12-30,0.22545345016117171,0.2281268112302765,0.22367118299007416,0.22545357048511505,4,0,0,1966-12-27,1966-12-30,0,True,True
1967-01-06,0.22901809042276339,0.2370382696390152,0.22901805753891283,0.2370382696390152,4,0,0,1967-01-03,1967-01-06,0,True,True
1967-01-13,0.23703816034536823,0.25040483948125736,0.23525591853826019,0.24684035778045654,5,0,0,1967-01-09,1967-01-13,0,True,True
1967-01-20,0.24773156493368115,0.25040492714519569,0.24238483168862082,0.24505819380283356,5,0,0,1967-01-16,1967-01-20,0,True,True
1967-01-27,0.24505819380283356,0.24773149820037813,0.24238465563224182,0.24773144721984863,5,0,0,1967-01-23,1967-01-27,0,True,True
1967-02-03,0.2477315883333186,0.25307831326137581,0.24641039967536926,0.24731311202049255,5,0,0,1967-01-30,1967-02-03,0,True,True
1967-02-10,0.24731317682699724,0.24821577966213226,0.24189753830432892,0.24189753830432892,5,0,0,1967-02-06,1967-02-10,0,True,True
1967-02-17,0.24189749642880293,0.24821585427750559,0.24189749642880293,0.24550804495811462,5,0,0,1967-02-13,1967-02-17,0,True,True
1967-02-24,0.24550792036021329,0.24821585427750559,0.24280011241506388,0.24731311202049255,4,0,0,1967-02-20,1967-02-24,0,True,True
1967-03-03,0.24731325117104191,0.2509235224149523,0.2437027016260328,0.24731311202049255,5,0,0,1967-02-27,1967-03-03,0,True,True
1967-03-10,0.24731325117104191,0.25092366359689655,0.2437027016260328,0.24550804495811462,5,0,0,1967-03-06,1967-03-10,0,True,True
1967-03-17,0.24550792036021329,0.2482157283053627,0.24279981012697574,0.24731311202049255,5,0,0,1967-03-13,1967-03-17,0,True,True
1967-03-24,0.24731325117104191,0.25002086162567139,0.24550790682326268,0.24731311202049255,4,0,0,1967-03-20,1967-03-23,0,True,True
1967-03-31,0.24731308562414986,0.25994958410729896,0.24641048312187194,0.25814437866210938,5,0,0,1967-03-27,1967-03-31,0,True,True
1967-04-07,0.25814437866210938,0.25994958410729896,0.2518260998144588,0.25272870063781738,5,0,0,1967-04-03,1967-04-07,0,True,True
1967-04-14,0.25272878039349861,0.25453398596773791,0.25092349563326155,0.25363138318061829,5,0,0,1967-04-10,1967-04-14,0,True,True
1967-04-21,0.25363138318061829,0.25453390564237321,0.25182609813553947,0.25272870063781738,5,0,0,1967-04-17,1967-04-21,0,True,True
1967-04-28,0.25272874121970318,0.25994952238911873,0.25272862534773977,0.2572416365146637,5,0,0,1967-04-24,1967-04-28,0,True,True
1967-05-05,0.25724163899819058,0.2632399701905998,0.25543643451399273,0.26141208410263062,5,0,0,1967-05-01,1967-05-05,0,True,True
1967-05-12,0.26141186576140557,0.26506802553914566,0.26049783825874329,0.2623259425163269,5,0,0,1967-05-08,1967-05-12,0,True,True
1967-05-19,0.2623258932640678,0.26323992076673008,0.25592786073684692,0.25592786073684692,5,0,0,1967-05-15,1967-05-19,0,True,True
1967-05-26,0.25592791136874948,0.25866999613341463,0.24952970754016529,0.25135776400566101,5,0,0,1967-05-22,1967-05-26,0,True,True
1967-06-02,0.25135774588410237,0.25135774588410237,0.24770152568817139,0.24770152568817139,4,0,0,1967-05-29,1967-06-02,0,True,True
1967-06-09,0.24770149162046085,0.25135741465621525,0.24404538104303708,0.24770152568817139,5,0,0,1967-06-05,1967-06-09,0,True,True
1967-06-16,0.2477016390356071,0.25044372360057693,0.24495940868739302,0.24678727984428406,5,0,0,1967-06-12,1967-06-16,0,True,True
1967-06-23,0.24678749791810434,0.24861555345823844,0.24404519895712537,0.24587343633174896,5,0,0,1967-06-19,1967-06-23,0,True,True
1967-06-30,0.24587369357284747,0.24678772217349002,0.24313124523180701,0.24587343633174896,5,0,0,1967-06-26,1967-06-30,0,True,True
1967-07-07,0.24587347014803729,0.24861555345823844,0.24495929479598999,0.24770152568817139,4,0,0,1967-07-03,1967-07-07,0,True,True
1967-07-14,0.2477013068066703,0.24952936073144277,0.24495940868739302,0.24770152568817139,5,0,0,1967-07-10,1967-07-14,0,True,True
1967-07-21,0.24770149162046085,0.24952969541225364,0.24587325288189782,0.24770152568817139,5,0,0,1967-07-17,1967-07-21,0,True,True
1967-07-28,0.24770152568817139,0.25501380500380316,0.24678749791810434,0.25409948825836182,5,0,0,1967-07-24,1967-07-28,0,True,True
1967-08-04,0.25409977702887909,0.25501380500380316,0.24861542383829754,0.25044354796409607,5,0,0,1967-07-31,1967-08-04,0,True,True
1967-08-11,0.25044354796409607,0.25227177405095363,0.24861566138354851,0.25135776400566101,5,0,0,1967-08-07,1967-08-11,0,True,True
1967-08-18,0.25135774588410237,0.25135774588410237,0.24678749791810434,0.24770152568817139,5,0,0,1967-08-14,1967-08-18,0,True,True
1967-08-25,0.24770152568817139,0.25044360899837254,0.24587343633174896,0.24587343633174896,5,0,0,1967-08-21,1967-08-25,0,True,True
1967-09-01,0.24587325288189782,0.24952958122830549,0.24495922591951158,0.24770152568817139,5,0,0,1967-08-28,1967-09-01,0,True,True
1967-09-08,0.2477014653221534,0.25044372360057693,0.2477014653221534,0.25044354796409607,4,0,0,1967-09-05,1967-09-08,0,True,True
1967-09-15,0.25044360899837254,0.25044360899837254,0.24678761084728382,0.25044354796409607,5,0,0,1967-09-11,1967-09-15,0,True,True
1967-09-22,0.25044372360057693,0.25044372360057693,0.24770152568817139,0.24770152568817139,5,0,0,1967-09-18,1967-09-22,0,True,True
1967-09-29,0.2477013068066703,0.24770137645415408,0.24495922591951158,0.24495929479598999,5,0,0,1967-09-25,1967-09-29,0,True,True
1967-10-06,0.24587325288189782,0.25501374784870778,0.24495944237797024,0.24770152568817139,5,0,0,1967-10-02,1967-10-06,0,True,True
1967-10-13,0.2477013068066703,0.25867009398184326,0.2431316077709198,0.2431316077709198,5,0,0,1967-10-09,1967-10-13,0,True,True
1967-10-20,0.24313124523180701,0.24495929970723412,0.24130330445631495,0.24221733212471008,5,0,0,1967-10-16,1967-10-20,0,True,True
1967-10-27,0.24221757917027725,0.24770149162046085,0.24130355056963471,0.2431316077709198,5,0,0,1967-10-23,1967-10-27,0,True,True
1967-11-03,0.2431316077709198,0.24739355898716231,0.24090771377086639,0.24090771377086639,5,0,0,1967-10-30,1967-11-03,0,True,True
1967-11-10,0.24090771377086639,0.24276085003064227,0.23812800938120254,0.24090771377086639,4,0,0,1967-11-06,1967-11-10,0,True,True
1967-11-17,0.24090765174045117,0.24646701442228783,0.23812790491175928,0.23905451595783234,5,0,0,1967-11-13,1967-11-17,0,True,True
1967-11-24,0.23905429035309225,0.23905451595783234,0.23720115631934735,0.23905451595783234,4,0,0,1967-11-20,1967-11-24,0,True,True
1967-12-01,0.23905458860099316,0.23998085736996469,0.23720115631934735,0.23720145225524902,5,0,0,1967-11-27,1967-12-01,0,True,True
1967-12-08,0.23720115631934735,0.23905458860099316,0.23442152324389287,0.23534809052944183,5,0,0,1967-12-04,1967-12-08,0,True,True
1967-12-15,0.23534840227119508,0.23627497078407378,0.23164180111125171,0.23256836831569672,5,0,0,1967-12-11,1967-12-15,0,True,True
1967-12-22,0.23256852971502096,0.23256852971502096,0.22700919403962277,0.23071539402008057,5,0,0,1967-12-18,1967-12-22,0,True,True
1967-12-29,0.23071539402008057,0.23349493552014172,0.2297886667023617,0.23256836831569672,4,0,0,1967-12-26,1967-12-29,0,True,True
1968-01-05,0.23442173686165074,0.25480621845730933,0.23442173686165074,0.25295308232307434,4,0,0,1968-01-02,1968-01-05,0,True,True
1968-01-12,0.2529530502113469,0.25387961816083904,0.24832004485963446,0.25109991431236267,5,0,0,1968-01-08,1968-01-12,0,True,True
1968-01-19,0.25109974685433184,0.25202648226185481,0.24832004485963446,0.2501731812953949,5,0,0,1968-01-15,1968-01-19,0,True,True
1968-01-26,0.25017334636287059,0.25573259592056274,0.24924676718503019,0.25573259592056274,5,0,0,1968-01-22,1968-01-26,0,True,True
1968-02-02,0.25573259592056274,0.2591126403387855,0.25254061818122864,0.25254061818122864,5,0,0,1968-01-29,1968-02-02,0,True,True
1968-02-09,0.25347975685315977,0.25629579888449772,0.25160190463066101,0.25160190463066101,5,0,0,1968-02-05,1968-02-09,0,True,True
1968-02-16,0.2516020901669237,0.25347971770548283,0.24878541628519693,0.24972446262836456,4,0,0,1968-02-13,1968-02-16,0,True,True
1968-02-23,0.24972427847670084,0.2553570563022089,0.24972422917683917,0.25254061818122864,4,0,0,1968-02-19,1968-02-23,0,True,True
1968-03-01,0.25254061818122864,0.25441824359521548,0.24878546539972077,0.25160190463066101,5,0,0,1968-02-26,1968-03-01,0,True,True
1968-03-08,0.25066301192749629,0.25066301192749629,0.24596894803372296,0.2478465735912323,5,0,0,1968-03-04,1968-03-08,0,True,True
1968-03-15,0.2478465735912323,0.24784671350289847,0.23751976710694436,0.24596908688545227,5,0,0,1968-03-11,1968-03-15,0,True,True
1968-03-22,0.24596912719280783,0.2478467541179438,0.24127478897571564,0.24315266311168671,5,0,0,1968-03-18,1968-03-22,0,True,True
1968-03-29,0.24315277148897832,0.24784684043664199,0.24033633012038011,0.24503031373023987,5,0,0,1968-03-25,1968-03-29,0,True,True
1968-04-05,0.24784683508980543,0.25441845110002553,0.24784660339355469,0.24878557026386261,5,0,0,1968-04-01,1968-04-05,0,True,True
1968-04-12,0.24878546539972077,0.25535698643437138,0.24878546539972077,0.25066304206848145,3,0,0,1968-04-08,1968-04-11,0,True,True
1968-04-19,0.25066292418373953,0.25535698643437138,0.25066292418373953,0.25347936153411865,5,0,0,1968-04-15,1968-04-19,0,True,True
1968-04-26,0.25347953078462115,0.25441849231719971,0.25066309155368094,0.25441849231719971,5,0,0,1968-04-22,1968-04-26,0,True,True
1968-05-03,0.25790542364120483,0.25790542364120483,0.24553353802577868,0.24648521840572357,5,0,0,1968-04-29,1968-05-03,0,True,True
1968-05-10,0.24648520075357877,0.24838857916561333,0.24363001960724709,0.24458169937133789,5,0,0,1968-05-06,1968-05-10,0,True,True
1968-05-17,0.24458186613628641,0.24648513148228327,0.24363001960724709,0.24553345143795013,5,0,0,1968-05-13,1968-05-17,0,True,True
1968-05-24,0.24553345143795013,0.24648513148228327,0.24363001960724709,0.24553345143795013,5,0,0,1968-05-20,1968-05-24,0,True,True
1968-05-31,0.24553337913542872,0.24838849157094955,0.24363001960724709,0.24553345143795013,4,0,0,1968-05-27,1968-05-31,0,True,True
1968-06-07,0.24553353802577868,0.24934017161528269,0.24363001960724709,0.24458169937133789,5,0,0,1968-06-03,1968-06-07,0,True,True
1968-06-14,0.24458177139361698,0.24648513148228327,0.24363009134928384,0.24553345143795013,4,0,0,1968-06-10,1968-06-14,0,True,True
1968-06-21,0.24553357664195971,0.25790542364120483,0.24553357664195971,0.25790542364120483,4,0,0,1968-06-17,1968-06-21,0,True,True
1968-06-28,0.25790542364120483,0.2617121457613702,0.25505038205108077,0.25790542364120483,4,0,0,1968-06-24,1968-06-28,0,True,True
1968-07-05,0.25980850471102673,0.2693256139755249,0.25980850471102673,0.2693256139755249,3,0,0,1968-07-01,1968-07-03,0,True,True
1968-07-12,0.26932559011245538,0.27027727064288809,0.26551868814103147,0.26837372779846191,4,0,0,1968-07-08,1968-07-12,0,True,True
1968-07-19,0.26837390958202267,0.26837390958202267,0.26171200727816107,0.2645670473575592,4,0,0,1968-07-15,1968-07-19,0,True,True
1968-07-26,0.2645670573641784,0.26742223203182219,0.25980865705187306,0.26647055149078369,4,0,0,1968-07-22,1968-07-26,0,True,True
1968-08-02,0.26704892603468983,0.26704892603468983,0.2622285483084319,0.26319262385368347,4,0,0,1968-07-29,1968-08-02,0,True,True
1968-08-09,0.26319265332970304,0.26512080463614779,0.26126447276318032,0.26222863793373108,4,0,0,1968-08-05,1968-08-09,0,True,True
1968-08-16,0.26222857767648072,0.2641567896832438,0.26030012965202332,0.26030012965202332,4,0,0,1968-08-12,1968-08-16,0,True,True
1968-08-23,0.26030012965202332,0.26222854919149974,0.25933605509775659,0.2612643837928772,4,0,0,1968-08-19,1968-08-23,0,True,True
1968-08-30,0.2612642042062901,0.26126447386706053,0.2583722469975071,0.25933632254600525,4,0,0,1968-08-26,1968-08-30,0,True,True
1968-09-06,0.25933605509775659,0.2612642042062901,0.2583722469975071,0.25933632254600525,4,0,0,1968-09-03,1968-09-06,0,True,True
1968-09-13,0.25933605509775659,0.2603003983177356,0.256443918197789,0.25740799307823181,4,0,0,1968-09-09,1968-09-13,0,True,True
1968-09-20,0.25740817166976077,0.25933614283911743,0.256443918197789,0.25740799307823181,4,0,0,1968-09-16,1968-09-20,0,True,True
1968-09-27,0.2574082618593273,0.25933632276841062,0.25644418597221375,0.25933632254600525,4,0,0,1968-09-23,1968-09-27,0,True,True
1968-10-04,0.25933614283911743,0.26030039809450339,0.25740799307823181,0.25933632254600525,4,0,0,1968-09-30,1968-10-04,0,True,True
1968-10-11,0.25933632254600525,0.2603003983177356,0.25740799307823181,0.25740799307823181,4,0,0,1968-10-07,1968-10-11,0,True,True
1968-10-18,0.25740799307823181,0.25837233774644092,0.25547984331734619,0.25837224721908569,4,0,0,1968-10-14,1968-10-18,0,True,True
1968-10-25,0.2583722469975071,0.26222827876055682,0.2574081714490089,0.25837224721908569,4,0,0,1968-10-21,1968-10-25,0,True,True
1968-11-01,0.26189035087599788,0.26189035087599788,0.25798118114471436,0.25798118114471436,4,0,0,1968-10-28,1968-11-01,0,True,True
1968-11-08,0.25798128963856215,0.26189009705732824,0.25798128963856215,0.26091289520263672,4,0,0,1968-11-04,1968-11-08,0,True,True
1968-11-15,0.26091308958494841,0.26482167540872853,0.25993588700223325,0.26384434103965759,4,0,0,1968-11-12,1968-11-15,0,True,True
1968-11-22,0.26384455444168869,0.27166224739768291,0.26384455444168869,0.26873064041137695,4,0,0,1968-11-18,1968-11-22,0,True,True
1968-11-29,0.26873056470912737,0.27166217086959055,0.26384469998233456,0.26579910516738892,4,0,0,1968-11-25,1968-11-29,0,True,True
1968-12-06,0.26579910249852423,0.26579910249852423,0.25798143530791662,0.25993594527244568,4,0,0,1968-12-02,1968-12-06,0,True,True
1968-12-13,0.25993566663734979,0.26286727190017706,0.25700397970098438,0.25798118114471436,4,0,0,1968-12-09,1968-12-13,0,True,True
1968-12-20,0.25798143530791662,0.26091304252732472,0.25602693974745139,0.25798118114471436,4,0,0,1968-12-16,1968-12-20,0,True,True
1968-12-27,0.25798118114471436,0.25993558403217432,0.25700397970098438,0.25798118114471436,4,0,0,1968-12-23,1968-12-27,0,True,True
1969-01-03,0.25798143530791662,0.26286749475037874,0.25700433686711732,0.26189029216766357,4,0,0,1968-12-30,1969-01-03,0,True,True
1969-01-10,0.26189029216766357,0.26677630775991606,0.26091308958494841,0.26579910516738892,5,0,0,1969-01-06,1969-01-10,0,True,True
1969-01-17,0.26579910516738892,0.26970791553749757,0.26482188701629639,0.26482188701629639,5,0,0,1969-01-13,1969-01-17,0,True,True
1969-01-24,0.26482190257486171,0.26775346614502288,0.26384468448118092,0.26677626371383667,5,0,0,1969-01-20,1969-01-24,0,True,True
1969-01-31,0.26677616060215187,0.27752543885800524,0.26677616060215187,0.27654823660850525,5,0,0,1969-01-27,1969-01-31,0,True,True
1969-02-07,0.27912175399916511,0.27912175399916511,0.27417278672967638,0.27516251802444458,5,0,0,1969-02-03,1969-02-07,0,True,True
1969-02-14,0.27516248982439756,0.27714210448505211,0.27417269669553285,0.27516251802444458,4,0,0,1969-02-11,1969-02-14,0,True,True
1969-02-21,0.27516239492789557,0.27615218771540601,0.26922363820283307,0.27120327949523926,4,0,0,1969-02-17,1969-02-20,0,True,True
1969-02-28,0.27021323570974698,0.2702135999997457,0.26526427534876262,0.26724421977996826,5,0,0,1969-02-24,1969-02-28,0,True,True
1969-03-07,0.26724421977996826,0.2702135999997457,0.26526463296678332,0.26724421977996826,5,0,0,1969-03-03,1969-03-07,0,True,True
1969-03-14,0.26724392417612108,0.2702136325704701,0.26625406742095947,0.26625406742095947,5,0,0,1969-03-10,1969-03-14,0,True,True
1969-03-21,0.26625415449267004,0.26724421977996826,0.26229518964496001,0.26724421977996826,5,0,0,1969-03-17,1969-03-21,0,True,True
1969-03-28,0.26724421977996826,0.26823401318656076,0.26427448327656572,0.26625406742095947,5,0,0,1969-03-24,1969-03-28,0,True,True
1969-04-04,0.26625406742095947,0.2692235087996479,0.26526427534876262,0.26823371648788452,3,0,0,1969-04-01,1969-04-03,0,True,True
1969-04-11,0.26823401318656076,0.26823401318656076,0.26328469120436887,0.2652643620967865,5,0,0,1969-04-07,1969-04-11,0,True,True
1969-04-18,0.26526463296678332,0.26922383904457092,0.26526463296678332,0.26823371648788452,5,0,0,1969-04-14,1969-04-18,0,True,True
1969-04-25,0.2682340455186718,0.26922383904457092,0.26724421977996826,0.26922383904457092,5,0,0,1969-04-21,1969-04-25,0,True,True
1969-05-02,0.2728348626030816,0.2728348626030816,0.26882234215736389,0.26982548832893372,5,0,0,1969-04-28,1969-05-02,0,True,True
1969-05-09,0.2698254105982496,0.27082847903913526,0.26481020988378312,0.26681634783744812,5,0,0,1969-05-05,1969-05-09,0,True,True
1969-05-16,0.26681646253123426,0.26681646253123426,0.26481020988378312,0.26481032371520996,5,0,0,1969-05-12,1969-05-16,0,True,True
1969-05-23,0.26581327886061562,0.26681646253123426,0.26481020988378312,0.26481032371520996,5,0,0,1969-05-19,1969-05-23,0,True,True
1969-05-30,0.26481032371520996,0.26681646253123426,0.26280390060446562,0.26380696892738342,4,0,0,1969-05-26,1969-05-29,0,True,True
1969-06-06,0.26380725430719776,0.26581339312322211,0.26079793542737706,0.26180100440979004,5,0,0,1969-06-02,1969-06-06,0,True,True
1969-06-13,0.26180100440979004,0.26280407339220302,0.2567855003742856,0.25778856873512268,5,0,0,1969-06-09,1969-06-13,0,True,True
1969-06-20,0.25778881972655654,0.25979495840147138,0.2567855003742856,0.25678575038909912,5,0,0,1969-06-16,1969-06-20,0,True,True
1969-06-27,0.25678561982654391,0.25879178117303286,0.25277334451675415,0.25678575038909912,5,0,0,1969-06-23,1969-06-27,0,True,True
1969-07-04,0.25678575038909912,0.25879188906401396,0.2547793636526115,0.25678575038909912,4,0,0,1969-06-30,1969-07-03,0,True,True
1969-07-11,0.25778864624426345,0.26280411573556756,0.25678575038909912,0.25678575038909912,5,0,0,1969-07-07,1969-07-11,0,True,True
1969-07-18,0.2567855775818344,0.2597947835691215,0.2567855003742856,0.25678575038909912,5,0,0,1969-07-14,1969-07-18,0,True,True
1969-07-25,0.25678564333448223,0.25879188906401396,0.25477948784828186,0.25678575038909912,4,0,0,1969-07-22,1969-07-25,0,True,True
1969-08-01,0.25637869435952482,0.25637869435952482,0.24620485574495599,0.25027450919151306,5,0,0,1969-07-28,1969-08-01,0,True,True
1969-08-08,0.25027435749280652,0.25129173292976914,0.23704855245912176,0.2380659282207489,5,0,0,1969-08-04,1969-08-08,0,True,True
1969-08-15,0.23806594216260787,0.23806594216260787,0.23196161052455072,0.2339963614940643,5,0,0,1969-08-11,1969-08-15,0,True,True
1969-08-22,0.23399631378420613,0.23806594216260787,0.22890959680080414,0.23704856634140015,5,0,0,1969-08-18,1969-08-22,0,True,True
1969-08-29,0.23603108095810404,0.23603108095810404,0.23196156322956088,0.23196156322956088,5,0,0,1969-08-25,1969-08-29,0,True,True
1969-09-05,0.23196156322956088,0.23399631378420613,0.22789214551448822,0.22789214551448822,4,0,0,1969-09-02,1969-09-05,0,True,True
1969-09-12,0.22789214437852523,0.22890952002307222,0.2156836986541748,0.2156836986541748,5,0,0,1969-09-08,1969-09-12,0,True,True
1969-09-19,0.2156836986541748,0.21873581409454348,0.21161419238770407,0.21263156831264496,5,0,0,1969-09-15,1969-09-19,0,True,True
1969-09-26,0.21263149135930529,0.21364894423758585,0.20957936468907601,0.21161407232284546,5,0,0,1969-09-22,1969-09-26,0,True,True
1969-10-03,0.2116140161241804,0.21975311636924746,0.21059664104666029,0.21975311636924746,5,0,0,1969-09-29,1969-10-03,0,True,True
1969-10-10,0.21975297118545672,0.22382274064050842,0.21873559631885739,0.21975311636924746,5,0,0,1969-10-06,1969-10-10,0,True,True
1969-10-17,0.22077049559926334,0.23297895491123202,0.22077049559926334,0.23094402253627777,5,0,0,1969-10-13,1969-10-17,0,True,True
1969-10-24,0.23094420421331732,0.23501370560914669,0.22890945351540265,0.2339963614940643,5,0,0,1969-10-20,1969-10-24,0,True,True
1969-10-31,0.23399633026018937,0.23501370560914669,0.22890927343904183,0.22948077321052551,5,0,0,1969-10-27,1969-10-31,0,True,True
1969-11-07,0.2294808816316441,0.2294808816316441,0.22327857852531466,0.22327864170074463,5,0,0,1969-11-03,1969-11-07,0,True,True
1969-11-14,0.22327857852531466,0.22637979686260223,0.2222449442854634,0.22327864170074463,5,0,0,1969-11-10,1969-11-14,0,True,True
1969-11-21,0.2232785557591638,0.2232785557591638,0.21914385259151456,0.21914385259151456,5,0,0,1969-11-17,1969-11-21,0,True,True
1969-11-28,0.21914374005226864,0.22017743693930764,0.215008869767189,0.21707634627819061,4,0,0,1969-11-24,1969-11-28,0,True,True
1969-12-05,0.21707626274571967,0.21707626274571967,0.20777314532511304,0.21190792322158811,5,0,0,1969-12-01,1969-12-05,0,True,True
1969-12-12,0.21190796844401763,0.21190796844401763,0.20673944808468958,0.2088068425655365,5,0,0,1969-12-08,1969-12-12,0,True,True
1969-12-19,0.2088068425655365,0.211907825226267,0.20673934168416291,0.20984043180942535,5,0,0,1969-12-15,1969-12-19,0,True,True
1969-12-26,0.20984043180942535,0.21294162040803488,0.20880673510100456,0.21087421476840973,4,0,0,1969-12-22,1969-12-26,0,True,True
1970-01-02,0.21087421476840973,0.22327864170074463,0.20880682050597435,0.22327864170074463,4,0,0,1969-12-29,1970-01-02,0,True,True
1970-01-09,0.22534613278177049,0.23671665344689341,0.22534598450402954,0.22844718396663669,5,0,0,1970-01-05,1970-01-09,0,True,True
1970-01-16,0.22844705337827853,0.22844705337827853,0.21500908929195128,0.21604278683662412,5,0,0,1970-01-12,1970-01-16,0,True,True
1970-01-23,0.21707650865906866,0.22637979686260223,0.21707650865906866,0.22327864170074463,5,0,0,1970-01-19,1970-01-23,0,True,True
1970-01-30,0.22327848640056924,0.22844706413932658,0.21914369961537353,0.22327864170074463,5,0,0,1970-01-26,1970-01-30,0,True,True
1970-02-06,0.2242171913385391,0.22629327644352557,0.22006481022478261,0.22317904233932495,5,0,0,1970-02-02,1970-02-06,0,True,True
1970-02-13,0.22317904233932495,0.2231790520635569,0.21902692317962649,0.21902692317962649,5,0,0,1970-02-09,1970-02-13,0,True,True
1970-02-20,0.21902692317962649,0.22317904233932495,0.21798882422582161,0.22317904233932495,5,0,0,1970-02-16,1970-02-20,0,True,True
1970-02-27,0.22317893489777482,0.22836907207965854,0.22110285178244668,0.22836907207965854,4,0,0,1970-02-24,1970-02-27,0,True,True
1970-03-06,0.2283693573593554,0.23563538983996427,0.22733131482590377,0.2314832657575607,5,0,0,1970-03-02,1970-03-06,0,True,True
1970-03-13,0.23148322438022922,0.23355934885852539,0.23044518301529546,0.2314832657575607,5,0,0,1970-03-09,1970-03-13,0,True,True
1970-03-20,0.2314831957898357,0.2314831957898357,0.22214094669588152,0.22525507211685183,5,0,0,1970-03-16,1970-03-20,0,True,True
1970-03-27,0.22525513626879928,0.23044516269220125,0.22110295822454054,0.22629299759864807,4,0,0,1970-03-23,1970-03-26,0,True,True
1970-04-03,0.22629308999945585,0.23355931043624878,0.22525504830221063,0.23355931043624878,5,0,0,1970-03-30,1970-04-03,0,True,True
1970-04-10,0.23355930711009673,0.23563550129137206,0.23148322438022922,0.23459745943546292,5,0,0,1970-04-06,1970-04-10,0,True,True
1970-04-17,0.23459745943546292,0.23459761256006509,0.22733118465623339,0.23044531047344205,5,0,0,1970-04-13,1970-04-17,0,True,True
1970-04-24,0.23044525678843669,0.23044525678843669,0.22421700660496544,0.22733113169670105,5,0,0,1970-04-20,1970-04-24,0,True,True
1970-05-01,0.22733103887203637,0.22836908014542467,0.21798884155045092,0.22214089334011075,5,0,0,1970-04-27,1970-05-01,0,True,True
1970-05-08,0.22171849012374878,0.22383025288581848,0.21749532654665518,0.21855112910270691,5,0,0,1970-05-04,1970-05-08,0,True,True
1970-05-15,0.21855112910270691,0.22066273421481036,0.21327208430309014,0.21327225863933563,5,0,0,1970-05-11,1970-05-15,0,True,True
1970-05-22,0.21327225863933563,0.21538386516051716,0.19849091109476591,0.20060251653194427,5,0,0,1970-05-18,1970-05-22,0,True,True
1970-05-29,0.19954681805064603,0.19954681805064603,0.19426771998405457,0.19532358646392822,5,0,0,1970-05-25,1970-05-29,0,True,True
1970-06-05,0.19532352281005486,0.19532358646392822,0.19426771998405457,0.19532358646392822,5,0,0,1970-06-01,1970-06-05,0,True,True
1970-06-12,0.19532352281005486,0.20165832173378073,0.19426770261264742,0.19743511080741882,5,0,0,1970-06-08,1970-06-12,0,True,True
1970-06-19,0.19743514849395349,0.20376985360190508,0.19743514849395349,0.20165824890136719,5,0,0,1970-06-15,1970-06-19,0,True,True
1970-06-26,0.20165831925053346,0.20165831925053346,0.19426780170009983,0.19637940824031833,5,0,0,1970-06-22,1970-06-26,0,True,True
1970-07-03,0.19637938963400353,0.19743519280407881,0.19426770261264742,0.19743511080741882,4,0,0,1970-06-29,1970-07-02,0,True,True
1970-07-10,0.19743519280407881,0.21010471451463122,0.19426780170009983,0.20904891192913058,5,0,0,1970-07-06,1970-07-10,0,True,True
1970-07-17,0.20904891619730234,0.21432811506092547,0.20904891619730234,0.21327225863933563,5,0,0,1970-07-13,1970-07-17,0,True,True
1970-07-24,0.21327209027845467,0.21432789270557573,0.19637930807582835,0.19743511080741882,5,0,0,1970-07-20,1970-07-24,0,True,True
1970-07-31,0.19743514849395349,0.203770031131083,0.18687714636325839,0.19743511080741882,5,0,0,1970-07-27,1970-07-31,0,True,True
1970-08-07,0.19808097940976502,0.19808118290953586,0.19377498995533307,0.19592812657356265,5,0,0,1970-08-03,1970-08-07,0,True,True
1970-08-14,0.1959278729226854,0.2023870795965195,0.18946895626305188,0.2023870795965195,5,0,0,1970-08-10,1970-08-14,0,True,True
1970-08-21,0.2023870795965195,0.20454013363478032,0.19377498995533307,0.1970044523477554,5,0,0,1970-08-17,1970-08-21,0,True,True
1970-08-28,0.19700461424685814,0.20238717705170739,0.19700461424685814,0.2013106495141983,5,0,0,1970-08-24,1970-08-28,0,True,True
1970-09-04,0.20131072603367473,0.20238725398037888,0.19808111908615278,0.2013106495141983,5,0,0,1970-08-31,1970-09-04,0,True,True
1970-09-11,0.20023419808697057,0.20131058318783407,0.19700447445654351,0.19808100163936615,4,0,0,1970-09-08,1970-09-11,0,True,True
1970-09-18,0.19808097151999779,0.20238723037063436,0.19592791748173696,0.20023417472839355,5,0,0,1970-09-14,1970-09-18,0,True,True
1970-09-25,0.20023419808697057,0.20238725398037888,0.19700447445654351,0.19915767014026645,5,0,0,1970-09-21,1970-09-25,0,True,True
1970-10-02,0.19915764690727317,0.2023870795965195,0.19808111908615278,0.2023870795965195,5,0,0,1970-09-28,1970-10-02,0,True,True
1970-10-09,0.20238717705170739,0.20454013363478032,0.20023402555825864,0.2023870795965195,5,0,0,1970-10-05,1970-10-09,0,True,True
1970-10-16,0.2023870795965195,0.20454024590512435,0.20238706469535828,0.20454011857509613,5,0,0,1970-10-12,1970-10-16,0,True,True
1970-10-23,0.20454011857509613,0.20454011857509613,0.20023402555825864,0.20023417472839355,5,0,0,1970-10-19,1970-10-23,0,True,True
1970-10-30,0.20023417472839355,0.20238723037063436,0.19592792528574582,0.1970044523477554,5,0,0,1970-10-26,1970-10-30,0,True,True
1970-11-06,0.1970044523477554,0.20093593361613513,0.19485159840557603,0.19983792304992676,5,0,0,1970-11-02,1970-11-06,0,True,True
1970-11-13,0.19983792304992676,0.1998379906018575,0.19764190191750997,0.19764196872711182,5,0,0,1970-11-09,1970-11-13,0,True,True
1970-11-20,0.19764197676369313,0.19764197676369313,0.19434782196689587,0.19434794783592224,5,0,0,1970-11-16,1970-11-20,0,True,True
1970-11-27,0.19544583226049414,0.19873993098735809,0.19434794381763157,0.19873993098735809,4,0,0,1970-11-23,1970-11-27,0,True,True
1970-12-04,0.19983768009621164,0.21850413460322099,0.19983768009621164,0.21740612387657166,5,0,0,1970-11-30,1970-12-04,0,True,True
1970-12-11,0.21960218250751495,0.22179820433259009,0.21301398517525927,0.21521000564098358,5,0,0,1970-12-07,1970-12-11,0,True,True
1970-12-18,0.21521001224665298,0.21630802251321754,0.21081797118039475,0.21411195397377014,5,0,0,1970-12-14,1970-12-18,0,True,True
1970-12-25,0.21411200198008842,0.21960218250751495,0.21081797118039475,0.21960218250751495,4,0,0,1970-12-21,1970-12-24,0,True,True
1971-01-01,0.21960196530290424,0.23497423529624936,0.21960196530290424,0.23497423529624936,4,0,0,1970-12-28,1970-12-31,0,True,True
1971-01-08,0.23497427268712606,0.24595446608185229,0.23168024082702618,0.24375818669795993,5,0,0,1971-01-04,1971-01-08,0,True,True
1971-01-15,0.24375818669795993,0.2470522743026051,0.23717018333050088,0.24156233668327332,5,0,0,1971-01-11,1971-01-15,0,True,True
1971-01-22,0.24156225729832609,0.25473847985267639,0.24046424703787916,0.25144422054290771,5,0,0,1971-01-18,1971-01-22,0,True,True
1971-01-29,0.25144457389479097,0.25473860761393674,0.24705250796518827,0.25034654140472412,5,0,0,1971-01-25,1971-01-29,0,True,True
1971-02-05,0.25324719436298132,0.25324719436298132,0.23874382086850085,0.24320632219314572,5,0,0,1971-02-01,1971-02-05,0,True,True
1971-02-12,0.23985968299315011,0.24543769897953158,0.23539717726304499,0.24209082126617432,5,0,0,1971-02-08,1971-02-12,0,True,True
1971-02-19,0.24209084203121842,0.24432209403150615,0.23428130149841306,0.23428130149841306,4,0,0,1971-02-16,1971-02-19,0,True,True
1971-02-26,0.23316575586795804,0.23316575586795804,0.22758754075152204,0.22981879115104678,5,0,0,1971-02-22,1971-02-26,0,True,True
1971-03-05,0.22981884116079748,0.23539705574512482,0.22758759027574119,0.23539705574512482,5,0,0,1971-03-01,1971-03-05,0,True,True
1971-03-12,0.23539713903699283,0.24097530942567638,0.23428151278563267,0.23762843012809753,5,0,0,1971-03-08,1971-03-12,0,True,True
1971-03-19,0.23762843012809753,0.2409751977875968,0.23539717726304499,0.23874394595623016,5,0,0,1971-03-15,1971-03-19,0,True,True
1971-03-26,0.23874385121256808,0.2409751977875968,0.23762822573961215,0.23762843012809753,5,0,0,1971-03-22,1971-03-26,0,True,True
1971-04-02,0.23762832004054685,0.24320644717062675,0.23762822573961215,0.24209082126617432,5,0,0,1971-03-29,1971-04-02,0,True,True
1971-04-09,0.24209069686198451,0.24432209403150615,0.24097507153082329,0.24097521603107455,4,0,0,1971-04-05,1971-04-08,0,True,True
1971-04-16,0.24097519536172191,0.24209084203121842,0.23985956945726949,0.24097521603107455,5,0,0,1971-04-12,1971-04-16,0,True,True
1971-04-23,0.24097521603107455,0.24432209403150615,0.24097507153082329,0.24320632219314572,5,0,0,1971-04-19,1971-04-23,0,True,True
1971-04-30,0.24209084203121842,0.24432194752430694,0.23985956945726949,0.24320632219314572,5,0,0,1971-04-26,1971-04-30,0,True,True
1971-05-07,0.24502134267414841,0.24502134267414841,0.23594634234905243,0.23594634234905243,5,0,0,1971-05-03,1971-05-07,0,True,True
1971-05-14,0.23594634234905243,0.23708076652697319,0.23254333558865792,0.23367772996425631,5,0,0,1971-05-10,1971-05-14,0,True,True
1971-05-21,0.23367769332323673,0.23481205105781555,0.22914028960495747,0.23027464747428894,5,0,0,1971-05-17,1971-05-21,0,True,True
1971-05-28,0.23027471467560415,0.23254343107634901,0.22687160257083266,0.22687177360057831,5,0,0,1971-05-24,1971-05-28,0,True,True
1971-06-04,0.22687177360057831,0.23254343107634901,0.22687160257083266,0.23140907287597656,4,0,0,1971-06-01,1971-06-04,0,True,True
1971-06-11,0.23140899733741682,0.23140899733741682,0.22687160257083266,0.22800596058368683,5,0,0,1971-06-07,1971-06-11,0,True,True
1971-06-18,0.2280061324685812,0.2291404913365841,0.22687160257083266,0.22687177360057831,5,0,0,1971-06-14,1971-06-18,0,True,True
1971-06-25,0.22687177360057831,0.23027464747428894,0.2257372445579785,0.23027464747428894,5,0,0,1971-06-21,1971-06-25,0,True,True
1971-07-02,0.23027463950733146,0.23934941459447145,0.2280059238471607,0.23594634234905243,5,0,0,1971-06-28,1971-07-02,0,True,True
1971-07-09,0.235946445789152,0.23934951952649552,0.23367769332323673,0.23367772996425631,4,0,0,1971-07-06,1971-07-09,0,True,True
1971-07-16,0.23367772996425631,0.235946445789152,0.23254333558865792,0.23367772996425631,5,0,0,1971-07-12,1971-07-16,0,True,True
1971-07-23,0.23367769332323673,0.23821505717933178,0.23254334926605222,0.23594634234905243,5,0,0,1971-07-19,1971-07-23,0,True,True
1971-07-30,0.23594634234905243,0.23708080370159984,0.23140907287597656,0.23594634234905243,5,0,0,1971-07-26,1971-07-30,0,True,True
1971-08-06,0.23779343439311515,0.23779343439311515,0.23086726665496826,0.23202164471149445,5,0,0,1971-08-02,1971-08-06,0,True,True
1971-08-13,0.23202164471149445,0.23548470782528957,0.23086730817064122,0.23433037102222443,5,0,0,1971-08-09,1971-08-13,0,True,True
1971-08-20,0.23548474907875061,0.2389477600946146,0.23202164471149445,0.23433037102222443,5,0,0,1971-08-16,1971-08-20,0,True,True
1971-08-27,0.23433041941411423,0.2366390934970119,0.23202164471149445,0.23202164471149445,5,0,0,1971-08-23,1971-08-27,0,True,True
1971-09-03,0.23202174533121656,0.23548475645556308,0.23202169741609413,0.23317608237266541,5,0,0,1971-08-30,1971-09-03,0,True,True
1971-09-10,0.23317598125234765,0.23548465433405405,0.23086730817064122,0.23317608237266541,4,0,0,1971-09-07,1971-09-10,0,True,True
1971-09-17,0.23317598125234765,0.23433041941411423,0.23086726665496826,0.23317608237266541,5,0,0,1971-09-13,1971-09-17,0,True,True
1971-09-24,0.23317598125234765,0.23433031779320085,0.22855873039020363,0.2297130674123764,5,0,0,1971-09-20,1971-09-24,0,True,True
1971-10-01,0.2297130898775788,0.2297130898775788,0.22278703030867453,0.2297130674123764,5,0,0,1971-09-27,1971-10-01,0,True,True
1971-10-08,0.2297129303216934,0.23433041941411423,0.22740425765514372,0.23086726665496826,5,0,0,1971-10-04,1971-10-08,0,True,True
1971-10-15,0.23086740828976771,0.23548475645556308,0.23086740828976771,0.23317608237266541,5,0,0,1971-10-11,1971-10-15,0,True,True
1971-10-22,0.23317598125234765,0.23548475645556308,0.23086726665496826,0.23317608237266541,5,0,0,1971-10-18,1971-10-22,0,True,True
1971-10-29,0.23317608237266541,0.24010213100967778,0.23086740828976771,0.23663909733295441,5,0,0,1971-10-25,1971-10-29,0,True,True
1971-11-05,0.23768715597320314,0.23768715597320314,0.23188985402311257,0.23420880734920504,5,0,0,1971-11-01,1971-11-05,0,True,True
1971-11-12,0.23420890793204308,0.2434842437505722,0.231890007853508,0.2434842437505722,5,0,0,1971-11-08,1971-11-12,0,True,True
1971-11-19,0.24348456521057388,0.24348456521057388,0.2365278633474146,0.23884676396846768,5,0,0,1971-11-15,1971-11-19,0,True,True
1971-11-26,0.23884678483009336,0.24000623524188994,0.23304930329322812,0.23420880734920504,4,0,0,1971-11-22,1971-11-26,0,True,True
1971-12-03,0.23420880734920504,0.23536825689053772,0.2330493527680195,0.23536825180053708,5,0,0,1971-11-29,1971-12-03,0,True,True
1971-12-10,0.23536820183345925,0.23536825180053708,0.23304930329322812,0.23536825180053708,5,0,0,1971-12-06,1971-12-10,0,True,True
1971-12-17,0.23536825180053708,0.23536825689053772,0.23188990325176068,0.23536825180053708,5,0,0,1971-12-13,1971-12-17,0,True,True
1971-12-24,0.23536825180053708,0.2365277013167959,0.23304930329322812,0.23304930329322812,4,0,0,1971-12-20,1971-12-23,0,True,True
1971-12-31,0.23420880228427829,0.24000613391399384,0.23420880228427829,0.24000613391399384,5,0,0,1971-12-27,1971-12-31,0,True,True
1972-01-07,0.24000630642359075,0.24928177536373408,0.24000630642359075,0.24696287512779236,5,0,0,1972-01-03,1972-01-07,0,True,True
1972-01-14,0.24696281428138414,0.25507895224684968,0.24696281428138414,0.25160065293312073,5,0,0,1972-01-10,1972-01-14,0,True,True
1972-01-21,0.25160060289802899,0.25507884210647513,0.25044115311508874,0.25276005268096924,5,0,0,1972-01-17,1972-01-21,0,True,True
1972-01-28,0.25160058896208914,0.25507894158363342,0.24116554149361541,0.25507894158363342,5,0,0,1972-01-24,1972-01-28,0,True,True
1972-02-04,0.25460745918918665,0.25460745918918665,0.24635614454746246,0.24753513932228088,5,0,0,1972-01-31,1972-02-04,0,True,True
1972-02-11,0.24753508874430108,0.24753508874430108,0.24046245609841696,0.24164119362831116,5,0,0,1972-02-07,1972-02-11,0,True,True
1972-02-18,0.24164119362831116,0.24517761170864108,0.24046245609841696,0.24517761170864108,5,0,0,1972-02-14,1972-02-18,0,True,True
1972-02-25,0.24517740701374255,0.24635643753164632,0.24281993194630272,0.24635614454746246,4,0,0,1972-02-22,1972-02-25,0,True,True
1972-03-03,0.24635614454746246,0.24635643753164632,0.24282022072497197,0.24399895966053009,5,0,0,1972-02-28,1972-03-03,0,True,True
1972-03-10,0.24399866948002263,0.24753517646720444,0.24399866948002263,0.24399895966053009,5,0,0,1972-03-06,1972-03-10,0,True,True
1972-03-17,0.24399895966053009,0.24635643753164632,0.2428199499845505,0.24517761170864108,5,0,0,1972-03-13,1972-03-17,0,True,True
1972-03-24,0.24517761170864108,0.24635635022647107,0.240462601184845,0.240462601184845,5,0,0,1972-03-20,1972-03-24,0,True,True
1972-03-31,0.240462601184845,0.24635614454746246,0.240462601184845,0.24635614454746246,4,0,0,1972-03-27,1972-03-30,0,True,True
1972-04-07,0.24635635022647107,0.24753508874430108,0.2428199499845505,0.24517761170864108,5,0,0,1972-04-03,1972-04-07,0,True,True
1972-04-14,0.24517761170864108,0.24635635022647107,0.24164119362831116,0.2428199499845505,5,0,0,1972-04-10,1972-04-14,0,True,True
1972-04-21,0.24281993115820535,0.24399868760583471,0.24164119362831116,0.24164119362831116,5,0,0,1972-04-17,1972-04-21,0,True,True
1972-04-28,0.24164119362831116,0.24399895966053009,0.24046245609841696,0.24399895966053009,5,0,0,1972-04-24,1972-04-28,0,True,True
1972-05-05,0.24471863913418623,0.24471863913418623,0.23992024547425075,0.24111984670162201,5,0,0,1972-05-01,1972-05-05,0,True,True
1972-05-12,0.24111975498497487,0.24231944792899326,0.2387205534428358,0.24111984670162201,5,0,0,1972-05-08,1972-05-12,0,True,True
1972-05-19,0.24111984670162201,0.24231944792899326,0.23872049152851108,0.23992015421390533,5,0,0,1972-05-15,1972-05-19,0,True,True
1972-05-26,0.23992009198845332,0.2411196924483956,0.23032333667461691,0.23392213881015778,5,0,0,1972-05-22,1972-05-26,0,True,True
1972-06-02,0.23392216638498697,0.23632136809149967,0.2315229646784743,0.23272256553173065,4,0,0,1972-05-30,1972-06-02,0,True,True
1972-06-09,0.23272256553173065,0.23512173952200474,0.23032333667461691,0.23392213881015778,5,0,0,1972-06-05,1972-06-09,0,True,True
1972-06-16,0.23392225976805298,0.23872062368224367,0.23272265843590911,0.23752102255821231,5,0,0,1972-06-12,1972-06-16,0,True,True
1972-06-23,0.2387205534428358,0.24111984670162201,0.23872049152851108,0.24111984670162201,5,0,0,1972-06-19,1972-06-23,0,True,True
1972-06-30,0.24111984670162201,0.24111984670162201,0.2375208910685688,0.23872049152851108,5,0,0,1972-06-26,1972-06-30,0,True,True
1972-07-07,0.2387205534428358,0.24231944792899326,0.2387205534428358,0.24111984670162201,4,0,0,1972-07-03,1972-07-07,0,True,True
1972-07-14,0.24111984670162201,0.24351904915636452,0.23992012928027917,0.24231933057308197,5,0,0,1972-07-10,1972-07-14,0,True,True
1972-07-21,0.24231933057308197,0.24231944792899326,0.23992015421390533,0.24111984670162201,5,0,0,1972-07-17,1972-07-21,0,True,True
1972-07-28,0.24111972992668057,0.24471863913418623,0.24111972992668057,0.24351903796195981,5,0,0,1972-07-24,1972-07-28,0,True,True
1972-08-04,0.24425176659015696,0.24547312637070315,0.24180915176868437,0.24303060770034787,5,0,0,1972-07-31,1972-08-04,0,True,True
1972-08-11,0.24303041011095045,0.24547292679548263,0.24180924892425537,0.24180924892425537,5,0,0,1972-08-07,1972-08-11,0,True,True
1972-08-18,0.24180924892425537,0.24425186703552551,0.24180915176868437,0.24180924892425537,5,0,0,1972-08-14,1972-08-18,0,True,True
1972-08-25,0.24180924892425537,0.24425186703552551,0.24180924892425537,0.24180924892425537,5,0,0,1972-08-21,1972-08-25,0,True,True
1972-09-01,0.24180934836517026,0.24425186703552551,0.24180924892425537,0.24425166845321652,5,0,0,1972-08-28,1972-09-01,0,True,True
1972-09-08,0.24425176659015696,0.24425176659015696,0.24180924892425537,0.24180924892425537,4,0,0,1972-09-05,1972-09-08,0,True,True
1972-09-15,0.24180934836517026,0.24303060770034787,0.2405879900913046,0.24180924892425537,5,0,0,1972-09-11,1972-09-15,0,True,True
1972-09-22,0.24180924892425537,0.24425176659015696,0.24058784544467926,0.24303060770034787,5,0,0,1972-09-18,1972-09-22,0,True,True
1972-09-29,0.24303060770034787,0.24425186703552551,0.24180924892425537,0.24303060770034787,5,0,0,1972-09-25,1972-09-29,0,True,True
1972-10-06,0.24303060770034787,0.24425186703552551,0.24180915176868437,0.24180924892425537,5,0,0,1972-10-02,1972-10-06,0,True,True
1972-10-13,0.24180915176868437,0.24425186703552551,0.24180915176868437,0.24425166845321652,5,0,0,1972-10-09,1972-10-13,0,True,True
1972-10-20,0.24425186703552551,0.24547312637070315,0.24180934836517026,0.24425166845321652,5,0,0,1972-10-16,1972-10-20,0,True,True
1972-10-27,0.24425185734952859,0.25035789608955383,0.24425177444965382,0.25035789608955383,5,0,0,1972-10-23,1972-10-27,0,True,True
1972-11-03,0.25110390082001688,0.25110390082001688,0.24613154634833337,0.24861772358417511,5,0,0,1972-10-30,1972-11-03,0,True,True
1972-11-10,0.24861780243303311,0.24986089144519827,0.24737463496625423,0.24861772358417511,4,0,0,1972-11-06,1972-11-10,0,True,True
1972-11-17,0.24861780243303311,0.24861780243303311,0.24613162440870279,0.24861772358417511,5,0,0,1972-11-13,1972-11-17,0,True,True
1972-11-24,0.24861780243303311,0.25607628037289876,0.24737465919517893,0.25483319163322449,4,0,0,1972-11-20,1972-11-24,0,True,True
1972-12-01,0.25483297997886695,0.25607628448336728,0.25358989227165296,0.25607606768608093,5,0,0,1972-11-27,1972-12-01,0,True,True
1972-12-08,0.25607606768608093,0.25731915539329492,0.24986072670062776,0.25234690308570862,5,0,0,1972-12-04,1972-12-08,0,True,True
1972-12-15,0.25234714622544774,0.25234714622544774,0.24861772358417511,0.24861772358417511,5,0,0,1972-12-11,1972-12-15,0,True,True
1972-12-22,0.24861788275229987,0.2511040615798229,0.24737479333853837,0.24986097216606137,5,0,0,1972-12-18,1972-12-22,0,True,True
1972-12-29,0.24986097216606137,0.24986097216606137,0.24737463496625423,0.24861772358417511,3,0,0,1972-12-26,1972-12-29,0,True,True
1973-01-05,0.25359003612960596,0.25856250524520874,0.25359003612960596,0.25856250524520874,4,0,0,1973-01-02,1973-01-05,0,True,True
1973-01-12,0.25856238977920604,0.25856238977920604,0.25110392541420173,0.25234690308570862,5,0,0,1973-01-08,1973-01-12,0,True,True
1973-01-19,0.25234690308570862,0.25607616766332991,0.25110381489316819,0.25110405683517456,5,0,0,1973-01-15,1973-01-19,0,True,True
1973-01-26,0.252347014153876,0.25483319163322449,0.24986072670062776,0.25110405683517456,4,0,0,1973-01-22,1973-01-26,0,True,True
1973-02-02,0.25110381489316819,0.2548331957237393,0.24928766863429969,0.25055289268493652,5,0,0,1973-01-29,1973-02-02,0,True,True
1973-02-09,0.25055289268493652,0.25181844391798613,0.24928747403501261,0.25055289268493652,5,0,0,1973-02-05,1973-02-09,0,True,True
1973-02-16,0.25055289268493652,0.25181850790977478,0.24928747403501261,0.25055289268493652,5,0,0,1973-02-12,1973-02-16,0,True,True
1973-02-23,0.25055302460181533,0.25181844391798613,0.24802234768867493,0.24802234768867493,4,0,0,1973-02-20,1973-02-23,0,True,True
1973-03-02,0.24802234768867493,0.24928776782994369,0.24675692617893219,0.24802234768867493,5,0,0,1973-02-26,1973-03-02,0,True,True
1973-03-09,0.24802234768867493,0.25055318797121245,0.24549150604468126,0.24802234768867493,5,0,0,1973-03-05,1973-03-09,0,True,True
1973-03-16,0.24802234768867493,0.24802234768867493,0.24549134075641632,0.24675692617893219,5,0,0,1973-03-12,1973-03-16,0,True,True
1973-03-23,0.24675676003866587,0.24802217932091544,0.24296055734157562,0.24296055734157562,5,0,0,1973-03-19,1973-03-23,0,True,True
1973-03-30,0.24296044068015304,0.24675669756578042,0.24296044068015304,0.24296055734157562,5,0,0,1973-03-26,1973-03-30,0,True,True
1973-04-06,0.24296050219191717,0.24802217932091544,0.24296050219191717,0.24549134075641632,5,0,0,1973-04-02,1973-04-06,0,True,True
1973-04-13,0.24549150740613743,0.25055302460181533,0.24549150740613743,0.24802234768867493,5,0,0,1973-04-09,1973-04-13,0,True,True
1973-04-20,0.24802234768867493,0.24928776782994369,0.24549150740613743,0.24802234768867493,4,0,0,1973-04-16,1973-04-19,0,True,True
1973-04-27,0.24802217932091544,0.25055318797121245,0.24549134075641632,0.24802234768867493,5,0,0,1973-04-23,1973-04-27,0,True,True
1973-05-04,0.2480220553850887,0.25181831133486043,0.24748304486274719,0.24748304486274719,5,0,0,1973-04-30,1973-05-04,0,True,True
1973-05-11,0.24748305684512423,0.25006100535392761,0.24490492045879364,0.24619409441947937,5,0,0,1973-05-07,1973-05-11,0,True,True
1973-05-18,0.24619409441947937,0.24748306873581172,0.2423271714704823,0.24232719838619232,5,0,0,1973-05-14,1973-05-18,0,True,True
1973-05-25,0.24232719838619232,0.244905257981921,0.23846031350885483,0.24361628293991092,5,0,0,1973-05-21,1973-05-25,0,True,True
1973-06-01,0.24361628293991092,0.244905257981921,0.23846027500768924,0.24103826284408569,4,0,0,1973-05-29,1973-06-01,0,True,True
1973-06-08,0.24103826284408569,0.24232723751170113,0.23846011528725264,0.24103826284408569,5,0,0,1973-06-04,1973-06-08,0,True,True
1973-06-15,0.24103806247954726,0.24103826284408569,0.23846011528725264,0.23974908888339994,5,0,0,1973-06-11,1973-06-15,0,True,True
1973-06-22,0.2397490072894741,0.24103798044694438,0.23459321082286211,0.2371711581945419,5,0,0,1973-06-18,1973-06-22,0,True,True
1973-06-29,0.23717135583961402,0.23846027588909438,0.23330443155962033,0.23846003413200381,5,0,0,1973-06-25,1973-06-29,0,True,True
1973-07-06,0.23846013188038181,0.23846027588909438,0.23588218450870202,0.23588232696056363,4,0,0,1973-07-02,1973-07-06,0,True,True
1973-07-13,0.23588208781706321,0.23974910556622173,0.23588208781706321,0.23588232696056363,5,0,0,1973-07-09,1973-07-13,0,True,True
1973-07-20,0.23588232696056363,0.23846027588909438,0.23588208781706321,0.23846003413200381,5,0,0,1973-07-16,1973-07-20,0,True,True
1973-07-27,0.23717135583961402,0.23717135583961402,0.23459335249629826,0.2371711581945419,5,0,0,1973-07-23,1973-07-27,0,True,True
1973-08-03,0.23717135583961402,0.23717135583961402,0.23143753089473748,0.23275251686573031,5,0,0,1973-07-30,1973-08-03,0,True,True
1973-08-10,0.23275233397996703,0.23406731891770693,0.22354730963706973,0.22354730963706973,5,0,0,1973-08-06,1973-08-10,0,True,True
1973-08-17,0.22354735268486869,0.22880737916674723,0.22223236825731066,0.2261774092912674,5,0,0,1973-08-13,1973-08-17,0,True,True
1973-08-24,0.2261774092912674,0.22880737916674723,0.22617730343272921,0.22749228775501251,5,0,0,1973-08-20,1973-08-24,0,True,True
1973-08-31,0.22749230596754286,0.22880733013153076,0.22486231911044591,0.22880733013153076,5,0,0,1973-08-27,1973-08-31,0,True,True
1973-09-07,0.22880733013153076,0.24064231172695266,0.2274923454756024,0.2393273264169693,4,0,0,1973-09-04,1973-09-07,0,True,True
1973-09-14,0.23932745536612399,0.23932745536612399,0.22880732825824193,0.23012231290340426,5,0,0,1973-09-10,1973-09-14,0,True,True
1973-09-21,0.23012231478745909,0.23538248880771595,0.22880731167441065,0.23275251686573031,5,0,0,1973-09-17,1973-09-21,0,True,True
1973-09-28,0.23275239514500906,0.24064226448535919,0.23143740986170391,0.23669722676277163,5,0,0,1973-09-24,1973-09-28,0,True,True
1973-10-05,0.23669730932986149,0.241957297036936,0.23669730932986149,0.24064226448535919,5,0,0,1973-10-01,1973-10-05,0,True,True
1973-10-12,0.24064231172695266,0.241957297036936,0.23932727943352664,0.24064226448535919,5,0,0,1973-10-08,1973-10-12,0,True,True
1973-10-19,0.24064219376658866,0.24064231172695266,0.23669722676277163,0.23669722676277163,5,0,0,1973-10-15,1973-10-19,0,True,True
1973-10-26,0.23669723977041507,0.24064226448535919,0.23669723977041507,0.24064226448535919,5,0,0,1973-10-22,1973-10-26,0,True,True
1973-11-02,0.24064231172695266,0.24412985179531441,0.23339876583644323,0.23474013805389404,5,0,0,1973-10-29,1973-11-02,0,True,True
1973-11-09,0.23474013702028751,0.23474013702028751,0.22803328974902282,0.22937466204166412,5,0,0,1973-11-05,1973-11-09,0,True,True
1973-11-16,0.22937475162497639,0.22937475162497639,0.22132645600927089,0.22266784310340881,5,0,0,1973-11-12,1973-11-16,0,True,True
1973-11-23,0.22266788789720246,0.2240092607158603,0.21596099436283112,0.21730241179466248,4,0,0,1973-11-19,1973-11-23,0,True,True
1973-11-30,0.21730233673006297,0.21730241179466248,0.21461959183216095,0.21461959183216095,5,0,0,1973-11-26,1973-11-30,0,True,True
1973-12-07,0.21461969689477847,0.21730244310596319,0.19852310419082642,0.209254115819931,5,0,0,1973-12-03,1973-12-07,0,True,True
1973-12-14,0.209254204472409,0.21327814072757573,0.20120590925216675,0.20388868451118469,5,0,0,1973-12-10,1973-12-14,0,True,True
1973-12-21,0.2038886547088623,0.20523002743721008,0.19718173186521273,0.20120592415332794,5,0,0,1973-12-17,1973-12-21,0,True,True
1973-12-28,0.20120592415332794,0.20388868451118469,0.19852317849795023,0.20120592415332794,4,0,0,1973-12-24,1973-12-28,0,True,True
1974-01-04,0.20120592415332794,0.23071603433430543,0.19852317849795023,0.22937466204166412,4,0,0,1973-12-31,1974-01-04,0,True,True
1974-01-11,0.22937469077324438,0.23071606323390664,0.20254713866361387,0.21327821910381317,5,0,0,1974-01-07,1974-01-11,0,True,True
1974-01-18,0.21327821938320993,0.21864378470697521,0.21327821938320993,0.21730241179466248,5,0,0,1974-01-14,1974-01-18,0,True,True
1974-01-25,0.21730233673006297,0.2173023669986251,0.21327821910381317,0.21461959183216095,5,0,0,1974-01-21,1974-01-25,0,True,True
1974-02-01,0.21461959183216095,0.22535058820104023,0.21461959183216095,0.22074823081493375,5,0,0,1974-01-28,1974-02-01,0,True,True
1974-02-08,0.22074832804041145,0.22349044486232425,0.21937712379123853,0.22074823081493375,5,0,0,1974-02-04,1974-02-08,0,True,True
1974-02-15,0.22074832804041145,0.23171713948249817,0.22074832804041145,0.23171713948249817,5,0,0,1974-02-11,1974-02-15,0,True,True
1974-02-22,0.23171708635276272,0.23583055274528367,0.23034596653545605,0.23445944488048551,4,0,0,1974-02-19,1974-02-22,0,True,True
1974-03-01,0.23445928736644633,0.23445944488048551,0.23034596653545605,0.23171713948249817,5,0,0,1974-02-25,1974-03-01,0,True,True
1974-03-08,0.23171713948249817,0.23308824681671414,0.22760381616518169,0.22897492349147797,5,0,0,1974-03-04,1974-03-08,0,True,True
1974-03-15,0.22897487231308505,0.23034603768084422,0.22211933977033463,0.22349044680595398,5,0,0,1974-03-11,1974-03-15,0,True,True
1974-03-22,0.22349044486232425,0.22486155188601947,0.21937712379123853,0.22074823081493375,5,0,0,1974-03-18,1974-03-22,0,True,True
1974-03-29,0.22074823081493375,0.22349054329557186,0.21937712379123853,0.21937716007232666,5,0,0,1974-03-25,1974-03-29,0,True,True
1974-04-05,0.21526403225174076,0.21526403225174076,0.20840836350434744,0.20840848982334137,5,0,0,1974-04-01,1974-04-05,0,True,True
1974-04-12,0.20703724481993252,0.20703724481993252,0.19743940438309762,0.20018161833286285,4,0,0,1974-04-08,1974-04-11,0,True,True
1974-04-19,0.20018169982679959,0.20155280735985986,0.19743940438309762,0.19881059229373932,5,0,0,1974-04-15,1974-04-19,0,True,True
1974-04-26,0.19881059933039877,0.19881059933039877,0.13162636756896973,0.13573969900608063,5,0,0,1974-04-22,1974-04-26,0,True,True
1974-05-03,0.13436848794420561,0.13436848794420561,0.10420407529001113,0.10557518154382707,5,0,0,1974-04-29,1974-05-03,0,True,True
1974-05-10,0.10557522003849348,0.11105971783399582,0.083637550473213196,0.083637550473213196,5,0,0,1974-05-06,1974-05-10,0,True,True
1974-05-17,0.085008673369884491,0.09323536604642868,0.076782025396823883,0.09323536604642868,5,0,0,1974-05-13,1974-05-17,0,True,True
1974-05-24,0.094606451690196991,0.1000908836722374,0.083637550473213196,0.089121982455253601,5,0,0,1974-05-20,1974-05-24,0,True,True
1974-05-31,0.089121996274878892,0.091864211544875174,0.082266458099888209,0.082266479730606079,4,0,0,1974-05-28,1974-05-31,0,True,True
1974-06-07,0.083637530013682349,0.086379803717136383,0.079524226486682892,0.079524226486682892,5,0,0,1974-06-03,1974-06-07,0,True,True
1974-06-14,0.079524212469488889,0.082266426692574723,0.076782025396823883,0.076782025396823883,5,0,0,1974-06-10,1974-06-14,0,True,True
1974-06-21,0.07678200223229148,0.078153109415010968,0.065813183784484863,0.067184291779994965,5,0,0,1974-06-17,1974-06-21,0,True,True
1974-06-28,0.067184306096796889,0.074039775431156155,0.067184222897268692,0.068555347621440887,5,0,0,1974-06-24,1974-06-28,0,True,True
1974-07-05,0.068555356791386246,0.072668649256229401,0.067184306096796889,0.072668649256229401,4,0,0,1974-07-01,1974-07-05,0,True,True
1974-07-12,0.072668678198869421,0.074039847535245562,0.067184291779994965,0.069926522672176361,5,0,0,1974-07-08,1974-07-12,0,True,True
1974-07-19,0.069926436076749046,0.079524240589567585,0.068555356791386246,0.079524226486682892,5,0,0,1974-07-15,1974-07-19,0,True,True
1974-07-26,0.079524263739585876,0.098719775676727295,0.079524263739585876,0.095977559685707092,5,0,0,1974-07-22,1974-07-26,0,True,True
1974-08-02,0.095977484100106841,0.097348591015822647,0.0870883609094317,0.088493011891841888,5,0,0,1974-07-29,1974-08-02,0,True,True
1974-08-09,0.088493011891841888,0.094111662125214934,0.088493011891841888,0.092707015573978424,5,0,0,1974-08-05,1974-08-09,0,True,True
1974-08-16,0.09270700170443609,0.092707010451704264,0.087088353931903839,0.087088353931903839,5,0,0,1974-08-12,1974-08-16,0,True,True
1974-08-23,0.08708838547269504,0.088493036851286885,0.080065152254597899,0.081469804048538208,5,0,0,1974-08-19,1974-08-23,0,True,True
1974-08-30,0.081469804048538208,0.082874455842478517,0.078660450875759125,0.080065153539180756,5,0,0,1974-08-26,1974-08-30,0,True,True
1974-09-06,0.080065101784254827,0.08146975269275053,0.073041893541812897,0.075851194560527802,4,0,0,1974-09-03,1974-09-06,0,True,True
1974-09-13,0.075851150278775203,0.078660452140952061,0.067423319330020826,0.068827971816062927,5,0,0,1974-09-09,1974-09-13,0,True,True
1974-09-20,0.068827895623333052,0.080065101784254827,0.068827895623333052,0.078660450875759125,5,0,0,1974-09-16,1974-09-20,0,True,True
1974-09-27,0.078660481626337223,0.080065133083950385,0.074446499347686768,0.075851194560527802,5,0,0,1974-09-23,1974-09-27,0,True,True
1974-10-04,0.075851150278775203,0.07725583016872406,0.073041848416598332,0.074446499347686768,5,0,0,1974-09-30,1974-10-04,0,True,True
1974-10-11,0.074446527253497721,0.092707010451704264,0.074446527253497721,0.089897707104682922,5,0,0,1974-10-07,1974-10-11,0,True,True
1974-10-18,0.08989769862248348,0.091302350163459778,0.081469766164230087,0.087088353931903839,5,0,0,1974-10-14,1974-10-18,0,True,True
1974-10-25,0.087088403757661581,0.095516293744246167,0.082874431336919463,0.084279082715511322,5,0,0,1974-10-21,1974-10-25,0,True,True
1974-11-01,0.084279052192165013,0.087088392161932149,0.080779239535331726,0.080779239535331726,5,0,0,1974-10-28,1974-11-01,0,True,True
1974-11-08,0.080779239535331726,0.083664237911050959,0.079336753115057945,0.080779239535331726,5,0,0,1974-11-04,1974-11-08,0,True,True
1974-11-15,0.080779239535331726,0.090876667946577061,0.079336753115057945,0.085106730461120605,5,0,0,1974-11-11,1974-11-15,0,True,True
1974-11-22,0.085106773988196716,0.086549261682911924,0.080779239535331726,0.080779239535331726,5,0,0,1974-11-18,1974-11-22,0,True,True
1974-11-29,0.080779239535331726,0.080779264189980243,0.077894266694784164,0.080779239535331726,4,0,0,1974-11-25,1974-11-29,0,True,True
1974-12-06,0.080779264189980243,0.080779264189980243,0.075009306646742907,0.075009360909461975,5,0,0,1974-12-02,1974-12-06,0,True,True
1974-12-13,0.075009328722953794,0.080779239535331726,0.072124354541301727,0.080779239535331726,5,0,0,1974-12-09,1974-12-13,0,True,True
1974-12-20,0.080779264189980243,0.080779264189980243,0.077894266694784164,0.077894344925880432,5,0,0,1974-12-16,1974-12-20,0,True,True
1974-12-27,0.077894290468909527,0.079336832794878215,0.076451803608374155,0.077894344925880432,4,0,0,1974-12-23,1974-12-27,0,True,True
1975-01-03,0.077894290468909527,0.10241661220788956,0.077894290468909527,0.10241661220788956,4,0,0,1974-12-30,1975-01-03,0,True,True
1975-01-10,0.10241661220788956,0.10674407469554685,0.098089089428169143,0.10530159622430801,5,0,0,1975-01-06,1975-01-10,0,True,True
1975-01-17,0.10530159622430801,0.10674408384381907,0.10097412471200379,0.10241661220788956,5,0,0,1975-01-13,1975-01-17,0,True,True
1975-01-24,0.10241656522783968,0.11828398704528809,0.10097407839364476,0.11828398704528809,5,0,0,1975-01-20,1975-01-24,0,True,True
1975-01-31,0.11828386464289256,0.13703621589065937,0.11828386464289256,0.12549637258052826,5,0,0,1975-01-27,1975-01-31,0,True,True
1975-02-07,0.12549637749113821,0.13482203677798926,0.12549637749113821,0.1303773820400238,5,0,0,1975-02-03,1975-02-07,0,True,True
1975-02-14,0.13037738032724666,0.13037738032724666,0.12296954010214124,0.12445110082626343,5,0,0,1975-02-10,1975-02-14,0,True,True
1975-02-21,0.1244510534297989,0.12593261358967747,0.12148793311004179,0.12296949326992035,4,0,0,1975-02-18,1975-02-21,0,True,True
1975-02-28,0.12296954010214124,0.12741422442828909,0.12000637295016323,0.12593266367912292,5,0,0,1975-02-24,1975-02-28,0,True,True
1975-03-07,0.12741422426441443,0.14667455514067226,0.12741422426441443,0.14371143281459808,5,0,0,1975-03-03,1975-03-07,0,True,True
1975-03-14,0.14371149022328225,0.14371149022328225,0.13778524320376548,0.14222986996173859,5,0,0,1975-03-10,1975-03-14,0,True,True
1975-03-21,0.14222987165156098,0.14519299397763516,0.13926678895950317,0.13926678895950317,5,0,0,1975-03-17,1975-03-21,0,True,True
1975-03-28,0.13778523871531853,0.13778523871531853,0.12593269690699962,0.13185891509056091,4,0,0,1975-03-24,1975-03-27,0,True,True
1975-04-04,0.13185897601975335,0.13482209907637702,0.13037735424684674,0.1303773820400238,5,0,0,1975-03-31,1975-04-04,0,True,True
1975-04-11,0.13334053754806519,0.13926675755490539,0.13334053754806519,0.13778519630432129,5,0,0,1975-04-07,1975-04-11,0,True,True
1975-04-18,0.13778519630432129,0.14074836671352386,0.13630358874797821,0.14074836671352386,5,0,0,1975-04-14,1975-04-18,0,True,True
1975-04-25,0.14074832657162023,0.14519301056861877,0.13630363505373719,0.14519301056861877,5,0,0,1975-04-21,1975-04-25,0,True,True
1975-05-02,0.14519302682443097,0.148800328373909,0.14371143281459808,0.1472819447517395,5,0,0,1975-04-28,1975-05-02,0,True,True
1975-05-09,0.14728185819818618,0.14728185819818618,0.13665330150853033,0.14120849967002869,5,0,0,1975-05-05,1975-05-09,0,True,True
1975-05-16,0.14120849967002869,0.14728188765676398,0.13969012870583483,0.14120849967002869,5,0,0,1975-05-12,1975-05-16,0,True,True
1975-05-23,0.14120840775339227,0.14576351768092105,0.13969000983745494,0.14120849967002869,5,0,0,1975-05-19,1975-05-23,0,True,True
1975-05-30,0.14120841155881467,0.14272678157557611,0.13665325939655304,0.14272674918174744,4,0,0,1975-05-27,1975-05-30,0,True,True
1975-06-06,0.14272683305838674,0.16702068419683547,0.14272683305838674,0.15639214217662811,5,0,0,1975-06-02,1975-06-06,0,True,True
1975-06-13,0.15639214217662811,0.1670207679271698,0.15183691592777476,0.1670207679271698,5,0,0,1975-06-09,1975-06-13,0,True,True
1975-06-20,0.1670207679271698,0.17613087871433358,0.16398393998452282,0.17157576978206635,5,0,0,1975-06-16,1975-06-20,0,True,True
1975-06-27,0.17157581317843051,0.17613093697506449,0.17005735635757446,0.17005735635757446,5,0,0,1975-06-23,1975-06-27,0,True,True
1975-07-04,0.17005740200077091,0.17157577166149207,0.15639209520249139,0.16246569156646729,4,0,0,1975-06-30,1975-07-03,0,True,True
1975-07-11,0.16246557462783087,0.16702067961386585,0.15791046505882628,0.16550230979919434,5,0,0,1975-07-07,1975-07-11,0,True,True
1975-07-18,0.16550231090298406,0.16702071394560472,0.15942894966802865,0.16246569156646729,5,0,0,1975-07-14,1975-07-18,0,True,True
1975-07-25,0.16246560356527004,0.16398397369204826,0.15335540155183922,0.15791060030460358,5,0,0,1975-07-21,1975-07-25,0,True,True
1975-08-01,0.15791039256488576,0.15791039256488576,0.15335528508705251,0.15394079685211182,5,0,0,1975-07-28,1975-08-01,0,True,True
1975-08-08,0.15394089370965958,0.16016062702795472,0.14927592422022964,0.15394079685211182,5,0,0,1975-08-04,1975-08-08,0,True,True
1975-08-15,0.15394089370965958,0.15860568650878301,0.14927598127384778,0.1570507287979126,5,0,0,1975-08-11,1975-08-15,0,True,True
1975-08-22,0.15705081075429916,0.15705081075429916,0.14616595208644867,0.14927588403224945,5,0,0,1975-08-18,1975-08-22,0,True,True
1975-08-29,0.14927590520758377,0.15549585223197937,0.14616595208644867,0.15238593518733978,5,0,0,1975-08-25,1975-08-29,0,True,True
1975-09-05,0.15238589755038626,0.15394085568865551,0.14772092690691352,0.14927588403224945,4,0,0,1975-09-02,1975-09-05,0,True,True
1975-09-12,0.14927590520758377,0.15238579828292131,0.14616595208644867,0.14772094786167145,5,0,0,1975-09-08,1975-09-12,0,True,True
1975-09-19,0.14772092690691352,0.150830939412117,0.14616596978157759,0.150830939412117,5,0,0,1975-09-15,1975-09-19,0,True,True
1975-09-26,0.15083097666501999,0.15394089370965958,0.14927588403224945,0.15238593518733978,5,0,0,1975-09-22,1975-09-26,0,True,True
1975-10-03,0.15238593518733978,0.15394089370965958,0.14927588403224945,0.150830939412117,5,0,0,1975-09-29,1975-10-03,0,True,True
1975-10-10,0.150830939412117,0.16327052448804563,0.15083092754905664,0.16171556711196899,5,0,0,1975-10-06,1975-10-10,0,True,True
1975-10-17,0.16171556086767286,0.17260020971298218,0.16016055495889336,0.16638042032718658,5,0,0,1975-10-13,1975-10-17,0,True,True
1975-10-24,0.16638038472996819,0.17104529192514509,0.16327047099669775,0.16638042032718658,5,0,0,1975-10-20,1975-10-24,0,True,True
1975-10-31,0.16638048941438849,0.17104536294937134,0.15238580375909805,0.16016067564487457,5,0,0,1975-10-27,1975-10-31,0,True,True
1975-11-07,0.16016064421965345,0.16016064421965345,0.15083088176419038,0.15457828342914581,5,0,0,1975-11-03,1975-11-07,0,True,True
1975-11-14,0.15457807341590524,0.16892060809410533,0.15298448503017426,0.16732698678970337,5,0,0,1975-11-10,1975-11-14,0,True,True
1975-11-21,0.16732691242447439,0.17051416749045961,0.16573332278233655,0.16892050206661224,5,0,0,1975-11-17,1975-11-21,0,True,True
1975-11-28,0.16892050206661224,0.17370122559716769,0.16732686869451935,0.17051404714584351,4,0,0,1975-11-24,1975-11-28,0,True,True
1975-12-05,0.17051404714584351,0.17370122559716769,0.16254609823226929,0.16254609823226929,5,0,0,1975-12-01,1975-12-05,0,True,True
1975-12-12,0.16254609823226929,0.16573342680931091,0.1609525090339137,0.16413985192775726,5,0,0,1975-12-08,1975-12-12,0,True,True
1975-12-19,0.16413985192775726,0.17051404714584351,0.16254624552451646,0.17051404714584351,5,0,0,1975-12-15,1975-12-19,0,True,True
1975-12-26,0.17051409170875009,0.18166917562484741,0.16732676782541805,0.18166917562484741,4,0,0,1975-12-22,1975-12-26,0,True,True
1976-01-02,0.18166920594100294,0.19760513305664062,0.1800757030136565,0.19760513305664062,4,0,0,1975-12-29,1976-01-02,0,True,True
1976-01-09,0.197605075314641,0.2039794921875,0.19601154327392578,0.19601154327392578,5,0,0,1976-01-05,1976-01-09,0,True,True
1976-01-16,0.19601154327392578,0.21194733679294586,0.19601154327392578,0.21194733679294586,5,0,0,1976-01-12,1976-01-16,0,True,True
1976-01-23,0.21194747046188073,0.21672824047229908,0.20876015879605947,0.21513465046882629,5,0,0,1976-01-19,1976-01-23,0,True,True
1976-01-30,0.21513462066650391,0.22947698831558228,0.21194744110107422,0.22628971934318542,5,0,0,1976-01-26,1976-01-30,0,True,True
1976-02-06,0.22628971891743796,0.22788330848727906,0.21853601115721244,0.220166876912117,5,0,0,1976-02-02,1976-02-06,0,True,True
1976-02-13,0.220166876912117,0.2217977426670216,0.2136434382109931,0.21527430415153503,5,0,0,1976-02-09,1976-02-13,0,True,True
1976-02-20,0.21527443268826901,0.2217977426670216,0.21364354739959976,0.220166876912117,4,0,0,1976-02-17,1976-02-20,0,True,True
1976-02-27,0.2185360360326189,0.2201669902276637,0.21527430415153503,0.2185361236333847,5,0,0,1976-02-23,1976-02-27,0,True,True
1976-03-05,0.218536147721728,0.2201669902276637,0.21527430415153503,0.2185361236333847,5,0,0,1976-03-01,1976-03-05,0,True,True
1976-03-12,0.218536147721728,0.22016701449577075,0.21527441417364251,0.21690528094768524,5,0,0,1976-03-08,1976-03-12,0,True,True
1976-03-19,0.21690528094768524,0.21853616651687913,0.21201269885965887,0.21690528094768524,5,0,0,1976-03-15,1976-03-19,0,True,True
1976-03-26,0.21690528094768524,0.218536147721728,0.21038170632990924,0.21527430415153503,5,0,0,1976-03-22,1976-03-26,0,True,True
1976-04-02,0.21527430415153503,0.2185360360326189,0.2136434382109931,0.21690528094768524,5,0,0,1976-03-29,1976-04-02,0,True,True
1976-04-09,0.21690517009207697,0.22016701449577075,0.21364352385054772,0.2185361236333847,5,0,0,1976-04-05,1976-04-09,0,True,True
1976-04-16,0.218536147721728,0.2201669902276637,0.21527441417364251,0.2185361236333847,4,0,0,1976-04-12,1976-04-15,0,True,True
1976-04-23,0.21853609120144563,0.23158305883407593,0.21690522484919603,0.23158305883407593,5,0,0,1976-04-19,1976-04-23,0,True,True
1976-04-30,0.2315830851180686,0.23647568550788695,0.22342868764763293,0.22505955398082733,5,0,0,1976-04-26,1976-04-30,0,True,True
1976-05-07,0.22505955398082733,0.22832129284632291,0.2234286937139017,0.22535498440265656,5,0,0,1976-05-03,1976-05-07,0,True,True
1976-05-14,0.22535508303944743,0.22702437995085076,0.22034700920707304,0.22535498440265656,5,0,0,1976-05-10,1976-05-14,0,True,True
1976-05-21,0.22535508303944743,0.22702437995085076,0.22201639204113574,0.22702436149120331,5,0,0,1976-05-17,1976-05-21,0,True,True
1976-05-28,0.22702428058341698,0.22702436149120331,0.22201639204113574,0.22535498440265656,5,0,0,1976-05-24,1976-05-28,0,True,True
1976-06-04,0.22535498440265656,0.22702437995085076,0.22368568822189616,0.22535498440265656,4,0,0,1976-06-01,1976-06-04,0,True,True
1976-06-11,0.22535506471553271,0.22869369387626645,0.21867789539383417,0.22869369387626645,5,0,0,1976-06-07,1976-06-11,0,True,True
1976-06-18,0.22869365826687393,0.23203228794745284,0.22535506471553271,0.22869369387626645,5,0,0,1976-06-14,1976-06-18,0,True,True
1976-06-25,0.22869369387626645,0.23203212843425031,0.22702424077020175,0.23036283254623413,5,0,0,1976-06-21,1976-06-25,0,True,True
1976-07-02,0.23036304630821555,0.24037876725196838,0.2286937488711995,0.24037876725196838,5,0,0,1976-06-28,1976-07-02,0,True,True
1976-07-09,0.24037876725196838,0.24872528973060687,0.23870947025716305,0.24872522056102755,4,0,0,1976-07-06,1976-07-09,0,True,True
1976-07-16,0.24872527611966166,0.25707157113050161,0.24705597896449613,0.24872522056102755,5,0,0,1976-07-12,1976-07-16,0,True,True
1976-07-23,0.24872527611966166,0.25373316758515818,0.24705579563191063,0.25373297929763794,5,0,0,1976-07-19,1976-07-23,0,True,True
1976-07-30,0.25373311678568522,0.25373311678568522,0.24037879297178086,0.24705599248409271,5,0,0,1976-07-26,1976-07-30,0,True,True
1976-08-06,0.24705592710144667,0.25240496005097479,0.24538662699645,0.25240492820739746,5,0,0,1976-08-02,1976-08-06,0,True,True
1976-08-13,0.25240492820739746,0.25922671159108479,0.24899405079918938,0.25581583380699158,5,0,0,1976-08-09,1976-08-13,0,True,True
1976-08-20,0.25581583380699158,0.26093193888664246,0.24899405000993871,0.25411036610603333,5,0,0,1976-08-16,1976-08-20,0,True,True
1976-08-27,0.25240492820739746,0.2592264711856842,0.24558317339098132,0.2592264711856842,5,0,0,1976-08-23,1976-08-27,0,True,True
1976-09-03,0.2592264711856842,0.26434284448623657,0.25752103387525205,0.26434284448623657,5,0,0,1976-08-30,1976-09-03,0,True,True
1976-09-10,0.26434290352501444,0.27287024259567261,0.26093202735049814,0.27287024259567261,4,0,0,1976-09-07,1976-09-10,0,True,True
1976-09-17,0.27287024259567261,0.27287024259567261,0.26945906952492099,0.26945921778678894,5,0,0,1976-09-13,1976-09-17,0,True,True
1976-09-24,0.26945906952492099,0.2728699438227048,0.26604834161227264,0.26945921778678894,5,0,0,1976-09-20,1976-09-24,0,True,True
1976-10-01,0.26945921778678894,0.27116468624704204,0.25922653136714813,0.26434284448623657,5,0,0,1976-09-27,1976-10-01,0,True,True
1976-10-08,0.26604837141219218,0.26945915780006308,0.26093193888664246,0.26093193888664246,5,0,0,1976-10-04,1976-10-08,0,True,True
1976-10-15,0.26093193888664246,0.26263752579689026,0.25922650137757941,0.26093193888664246,5,0,0,1976-10-11,1976-10-15,0,True,True
1976-10-22,0.26093208731768963,0.26434296427609083,0.2506994887086369,0.25752127170562744,5,0,0,1976-10-18,1976-10-22,0,True,True
1976-10-29,0.25752127170562744,0.2609319084961163,0.25581559656481995,0.2592264711856842,5,0,0,1976-10-25,1976-10-29,0,True,True
1976-11-05,0.2592264711856842,0.26302234689394632,0.25581559656481995,0.26128047704696655,4,0,0,1976-11-01,1976-11-05,0,True,True
1976-11-12,0.26128047704696655,0.26302234689394632,0.25779673735300701,0.26128047704696655,5,0,0,1976-11-08,1976-11-12,0,True,True
1976-11-19,0.26128047704696655,0.26128050443288442,0.25779673735300701,0.25953856110572815,5,0,0,1976-11-15,1976-11-19,0,True,True
1976-11-26,0.25953860719998678,0.26302239298820496,0.25779669156810581,0.26128047704696655,4,0,0,1976-11-22,1976-11-26,0,True,True
1976-12-03,0.26128024451042475,0.2804410457611084,0.26128024451042475,0.2804410457611084,5,0,0,1976-11-29,1976-12-03,0,True,True
1976-12-10,0.2804410457611084,0.28218291561055625,0.27347350476672816,0.27695724368095398,5,0,0,1976-12-06,1976-12-10,0,True,True
1976-12-17,0.27695724368095398,0.27869911313806689,0.27347350476672816,0.27869910001754761,5,0,0,1976-12-13,1976-12-17,0,True,True
1976-12-24,0.27869911313806689,0.27869911313806689,0.27347349189221859,0.27869910001754761,4,0,0,1976-12-20,1976-12-23,0,True,True
1976-12-31,0.27869923714479783,0.29263408312540568,0.27695736691264289,0.29263389110565186,5,0,0,1976-12-27,1976-12-31,0,True,True
1977-01-07,0.29263389110565186,0.29785968187977285,0.28915034404057943,0.29611781239509583,5,0,0,1977-01-03,1977-01-07,0,True,True
1977-01-14,0.29611782895194161,0.30308540053450306,0.29437595936987138,0.30134353041648865,5,0,0,1977-01-10,1977-01-14,0,True,True
1977-01-21,0.30134330929695874,0.30482727065251741,0.29785971499459685,0.30134353041648865,5,0,0,1977-01-17,1977-01-21,0,True,True
1977-01-28,0.30134347370692666,0.3239877489597901,0.29785973412649974,0.31876221299171448,5,0,0,1977-01-24,1977-01-28,0,True,True
1977-02-04,0.31876221299171448,0.32050408300806266,0.30637217869703798,0.30993464589118958,5,0,0,1977-01-31,1977-02-04,0,True,True
1977-02-11,0.30993469681058611,0.31171593070030212,0.30637222528457642,0.30815351009368896,5,0,0,1977-02-07,1977-02-11,0,True,True
1977-02-18,0.30815341229411375,0.31349721550941467,0.30637217869703798,0.31171593070030212,5,0,0,1977-02-14,1977-02-18,0,True,True
1977-02-25,0.31171591352608241,0.31705968386747624,0.30102853091915005,0.31349721550941467,4,0,0,1977-02-22,1977-02-25,0,True,True
1977-03-04,0.31349716829449942,0.32062214612960815,0.31349716829449942,0.32062214612960815,5,0,0,1977-02-28,1977-03-04,0,True,True
1977-03-11,0.32062214612960815,0.32240360026253001,0.31527844369411467,0.31884112954139709,5,0,0,1977-03-07,1977-03-11,0,True,True
1977-03-18,0.31884084869239288,0.32062214612960815,0.31349716829449942,0.32062214612960815,5,0,0,1977-03-14,1977-03-18,0,True,True
1977-03-25,0.32062236490196355,0.32062236490196355,0.31349714731766004,0.31527838110923767,5,0,0,1977-03-21,1977-03-25,0,True,True
1977-04-01,0.31527844968844543,0.31884091804650699,0.31349714731766004,0.31705963611602783,5,0,0,1977-03-28,1977-04-01,0,True,True
1977-04-08,0.31705963611602783,0.31705963611602783,0.31349714731766004,0.31705963611602783,4,0,0,1977-04-04,1977-04-07,0,True,True
1977-04-15,0.31705963611602783,0.32240338027477267,0.31349716829449942,0.32062214612960815,5,0,0,1977-04-11,1977-04-15,0,True,True
1977-04-22,0.32062214612960815,0.32240360026253001,0.3188409119844437,0.32062214612960815,5,0,0,1977-04-18,1977-04-22,0,True,True
1977-04-29,0.32062214612960815,0.3241845454958921,0.31705967783927919,0.32240331172943115,5,0,0,1977-04-25,1977-04-29,0,True,True
1977-05-06,0.32240338027477267,0.32604625754142075,0.32058179512452545,0.32422477006912231,5,0,0,1977-05-02,1977-05-06,0,True,True
1977-05-13,0.32422521527253051,0.32604670524597168,0.32240328259682388,0.32422477006912231,5,0,0,1977-05-09,1977-05-13,0,True,True
1977-05-20,0.32422477006912231,0.32786819521941285,0.32240328259682388,0.32422477006912231,5,0,0,1977-05-16,1977-05-20,0,True,True
1977-05-27,0.32422477006912231,0.32786774501371918,0.32058182409254171,0.32240331172943115,5,0,0,1977-05-23,1977-05-27,0,True,True
1977-06-03,0.32240331172943115,0.32422491941939702,0.32058182409254171,0.32058194279670715,4,0,0,1977-05-31,1977-06-03,0,True,True
1977-06-10,0.32058194279670715,0.32604670524597168,0.32058179512452545,0.32604670524597168,5,0,0,1977-06-06,1977-06-10,0,True,True
1977-06-17,0.32604670524597168,0.33333230002240821,0.32240372529908934,0.33151081204414368,5,0,0,1977-06-13,1977-06-17,0,True,True
1977-06-24,0.33151087100787829,0.34972563339153506,0.33151087100787829,0.34790414571762085,5,0,0,1977-06-20,1977-06-24,0,True,True
1977-07-01,0.34790429441879189,0.35519018769264221,0.3460828059663375,0.35336855053901672,5,0,0,1977-06-27,1977-07-01,0,True,True
1977-07-08,0.35336869955062866,0.35701167583465576,0.35336855053901672,0.35519018769264221,4,0,0,1977-07-05,1977-07-08,0,True,True
1977-07-15,0.35519018769264221,0.36611914649605748,0.33879679441452026,0.34608274698257446,4,0,0,1977-07-11,1977-07-15,0,True,True
1977-07-22,0.34061804156045655,0.34972578287124634,0.32968912044086973,0.34972578287124634,5,0,0,1977-07-18,1977-07-22,0,True,True
1977-07-29,0.34790414571762085,0.34972572326660156,0.34243965211999478,0.34426113963127136,5,0,0,1977-07-25,1977-07-29,0,True,True
1977-08-05,0.34426125884056091,0.34790423512458801,0.32747607311959998,0.3293367326259613,5,0,0,1977-08-01,1977-08-05,0,True,True
1977-08-12,0.32933661192655561,0.34980427770204442,0.32933661192655561,0.34422212839126587,5,0,0,1977-08-08,1977-08-12,0,True,True
1977-08-19,0.34422199039355567,0.34422212839126587,0.33305814862251282,0.33305814862251282,5,0,0,1977-08-15,1977-08-19,0,True,True
1977-08-26,0.33305817285736838,0.33864015340805054,0.3293364252267259,0.33119708299636841,5,0,0,1977-08-22,1977-08-26,0,True,True
1977-09-02,0.33119708299636841,0.33677946871885373,0.3293364252267259,0.33305814862251282,5,0,0,1977-08-29,1977-09-02,0,True,True
1977-09-09,0.33305792957544328,0.33677946871885373,0.33119727075099942,0.33305814862251282,4,0,0,1977-09-06,1977-09-09,0,True,True
1977-09-16,0.33305792957544328,0.35166488334219509,0.33119727075099942,0.34980422258377075,5,0,0,1977-09-12,1977-09-16,0,True,True
1977-09-23,0.34980414512960667,0.34980427770204442,0.34050097244401129,0.34608295559883118,5,0,0,1977-09-19,1977-09-23,0,True,True
1977-09-30,0.34608264980108844,0.34608264980108844,0.33863993420626948,0.3405005931854248,5,0,0,1977-09-26,1977-09-30,0,True,True
1977-10-07,0.34050067157849023,0.36096798659612739,0.34050067157849023,0.35724666714668274,5,0,0,1977-10-03,1977-10-07,0,True,True
1977-10-14,0.35724666714668274,0.35910732687140506,0.33864001217095746,0.34236133098602295,5,0,0,1977-10-10,1977-10-14,0,True,True
1977-10-21,0.34236163349561793,0.35538583095111548,0.34236163349561793,0.34980422258377075,5,0,0,1977-10-17,1977-10-21,0,True,True
1977-10-28,0.34980422258377075,0.35352517215032425,0.34050067157849023,0.35166451334953308,5,0,0,1977-10-24,1977-10-28,0,True,True
1977-11-04,0.35166488334219509,0.35352554410061937,0.34236146823779956,0.34983453154563904,5,0,0,1977-10-31,1977-11-04,0,True,True
1977-11-11,0.34983453154563904,0.36292970180511475,0.34796354174613953,0.36292970180511475,5,0,0,1977-11-07,1977-11-11,0,True,True
1977-11-18,0.36292970180511475,0.37976674972436364,0.35918815848753627,0.36667153239250183,5,0,0,1977-11-14,1977-11-18,0,True,True
1977-11-25,0.36667124512269322,0.37415438890457153,0.36292970180511475,0.37415438890457153,4,0,0,1977-11-21,1977-11-25,0,True,True
1977-12-02,0.37415438890457153,0.38537911807789527,0.36854207307100295,0.3816375732421875,5,0,0,1977-11-28,1977-12-02,0,True,True
1977-12-09,0.3816375732421875,0.3816375732421875,0.37041253929761186,0.37228330969810486,5,0,0,1977-12-05,1977-12-09,0,True,True
1977-12-16,0.37228355885762249,0.37415408009859785,0.36480059903679474,0.37228330969810486,5,0,0,1977-12-12,1977-12-16,0,True,True
1977-12-23,0.37228350808371358,0.38163743514825804,0.37228350808371358,0.37789589166641235,5,0,0,1977-12-19,1977-12-23,0,True,True
1977-12-30,0.37789589166641235,0.37976666340733523,0.37415426940166302,0.37976658344268799,4,0,0,1977-12-27,1977-12-30,0,True,True
1978-01-06,0.37976659367333598,0.38724973207802937,0.36667124389996986,0.36854201555252075,4,0,0,1978-01-03,1978-01-06,0,True,True
1978-01-13,0.36667124512269322,0.36667136871377837,0.34422186173890768,0.36105924844741821,5,0,0,1978-01-09,1978-01-13,0,True,True
1978-01-20,0.36105893014632551,0.36854230551695338,0.35918815848753627,0.36667153239250183,5,0,0,1978-01-16,1978-01-20,0,True,True
1978-01-27,0.36667130112648011,0.37415445787120238,0.34983441810957422,0.35357597470283508,5,0,0,1978-01-23,1978-01-27,0,True,True
1978-02-03,0.35357597470283508,0.35357607733757096,0.34796347199602329,0.35247144103050232,5,0,0,1978-01-30,1978-02-03,0,True,True
1978-02-10,0.35247141450316039,0.35247144103050232,0.346724597962348,0.34864020347595215,5,0,0,1978-02-06,1978-02-10,0,True,True
1978-02-17,0.34864020347595215,0.35247111320495605,0.34863990545272827,0.35055550932884216,5,0,0,1978-02-13,1978-02-17,0,True,True
1978-02-24,0.35055584077677016,0.35247144646407491,0.34480869770050049,0.34672462940216064,4,0,0,1978-02-21,1978-02-24,0,True,True
1978-03-03,0.34672430157661438,0.35055580898955629,0.34672430157661438,0.35055550932884216,5,0,0,1978-02-27,1978-03-03,0,True,True
1978-03-10,0.35055550932884216,0.35630265234605124,0.34863990545272827,0.35247144103050232,5,0,0,1978-03-06,1978-03-10,0,True,True
1978-03-17,0.3524713206935573,0.35821837186813354,0.346724597962348,0.34864020347595215,5,0,0,1978-03-13,1978-03-17,0,True,True
1978-03-24,0.3486402297149534,0.35438704668827681,0.3486402297149534,0.35247144103050232,4,0,0,1978-03-20,1978-03-23,0,True,True
1978-03-31,0.35247111320495605,0.35630252957344055,0.3486402297149534,0.35630252957344055,5,0,0,1978-03-27,1978-03-31,0,True,True
1978-04-07,0.35630253070109597,0.35821813570486533,0.35055571568978799,0.35438692569732666,5,0,0,1978-04-03,1978-04-07,0,True,True
1978-04-14,0.35438692569732666,0.35630253070109597,0.34863990545272827,0.35055550932884216,5,0,0,1978-04-10,1978-04-14,0,True,True
1978-04-21,0.35055550932884216,0.35438704668827681,0.34672430157661438,0.35247144103050232,5,0,0,1978-04-17,1978-04-21,0,True,True
1978-04-28,0.35247111320495605,0.35438704668827681,0.34864011068601863,0.35438692569732666,5,0,0,1978-04-24,1978-04-28,0,True,True
1978-05-05,0.35247144103050232,0.35438704668827681,0.3473686356557889,0.34933117032051086,5,0,0,1978-05-01,1978-05-05,0,True,True
1978-05-12,0.34933130510828714,0.34933130510828714,0.34148112671715869,0.34344366192817688,5,0,0,1978-05-08,1978-05-12,0,True,True
1978-05-19,0.34344373533954731,0.34933134223108242,0.34344366192817688,0.34933117032051086,5,0,0,1978-05-15,1978-05-19,0,True,True
1978-05-26,0.34933117032051086,0.35129387786159411,0.3473686356557889,0.34933117032051086,5,0,0,1978-05-22,1978-05-26,0,True,True
1978-06-02,0.34933134223108242,0.353256577220043,0.34540610099106694,0.3512940406799317,4,0,0,1978-05-30,1978-06-02,0,True,True
1978-06-09,0.35129380954636469,0.35914402512403637,0.34540627552912789,0.35521882772445679,5,0,0,1978-06-05,1978-06-09,0,True,True
1978-06-16,0.35521895381120538,0.35914402512403637,0.35325629276465315,0.35718148946762085,5,0,0,1978-06-12,1978-06-16,0,True,True
1978-06-23,0.35718140738909365,0.3630690130053974,0.35521887218365905,0.3591439425945282,5,0,0,1978-06-19,1978-06-23,0,True,True
1978-06-30,0.3591439425945282,0.36306896044508269,0.35521895381120538,0.36110642552375793,5,0,0,1978-06-26,1978-06-30,0,True,True
1978-07-07,0.36110642552375793,0.36503165960311895,0.35914389060243318,0.36503165960311895,4,0,0,1978-07-03,1978-07-07,0,True,True
1978-07-14,0.36503165960311895,0.36895671486854553,0.36306910771638784,0.36699414253234863,5,0,0,1978-07-10,1978-07-14,0,True,True
1978-07-21,0.36699414253234863,0.37091921357547536,0.36503160701078524,0.36699414253234863,5,0,0,1978-07-17,1978-07-21,0,True,True
1978-07-28,0.36699417915115962,0.3689567312117546,0.35325642912945848,0.36503165960311895,5,0,0,1978-07-24,1978-07-28,0,True,True
1978-08-04,0.36503165960311895,0.3836360004815188,0.36306907148922191,0.37761017680168152,5,0,0,1978-07-31,1978-08-04,0,True,True
1978-08-11,0.3756017386913299,0.37961897253990173,0.37158460779623548,0.37961897253990173,5,0,0,1978-08-07,1978-08-11,0,True,True
1978-08-18,0.37961874157190323,0.38162767887115479,0.37560161203145981,0.37761017680168152,5,0,0,1978-08-14,1978-08-18,0,True,True
1978-08-25,0.37761030413887714,0.37761034247695757,0.37158460779623548,0.37359321117401123,5,0,0,1978-08-21,1978-08-25,0,True,True
1978-09-01,0.37359321117401123,0.3756017768254844,0.3715844452381134,0.37359321117401123,5,0,0,1978-08-28,1978-09-01,0,True,True
1978-09-08,0.37359317324378272,0.3836360004815188,0.37158460779623548,0.3756017386913299,4,0,0,1978-09-05,1978-09-08,0,True,True
1978-09-15,0.3756017386913299,0.3836360004815188,0.3735930472612381,0.3756017386913299,5,0,0,1978-09-11,1978-09-15,0,True,True
1978-09-22,0.37560161203145981,0.38765323162078852,0.37560161203145981,0.38765323162078852,5,0,0,1978-09-18,1978-09-22,0,True,True
1978-09-29,0.38765307477454547,0.397696061455524,0.38564450962027319,0.3916701078414917,5,0,0,1978-09-25,1978-09-29,0,True,True
1978-10-06,0.3916701078414917,0.39568743945992724,0.3896615431858943,0.39367887377738953,5,0,0,1978-10-02,1978-10-06,0,True,True
1978-10-13,0.39367887377738953,0.39970437429770078,0.38966155082288417,0.39769580960273743,5,0,0,1978-10-09,1978-10-13,0,True,True
1978-10-20,0.39568743109703064,0.39568743109703064,0.37761017680168152,0.37761017680168152,5,0,0,1978-10-16,1978-10-20,0,True,True
1978-10-27,0.37761054540935313,0.38162767887115479,0.37359317324378272,0.3756017386913299,5,0,0,1978-10-23,1978-10-27,0,True,True
1978-11-03,0.3735930472612381,0.3735930472612381,0.36226535111330871,0.36638200283050537,5,0,0,1978-10-30,1978-11-03,0,True,True
1978-11-10,0.36638244869988723,0.36844077706336975,0.36020702525471038,0.36638200283050537,5,0,0,1978-11-06,1978-11-10,0,True,True
1978-11-17,0.36638200283050537,0.37461530626489881,0.36432367697190704,0.36844077706336975,5,0,0,1978-11-13,1978-11-17,0,True,True
1978-11-24,0.36844047953685127,0.372557133436203,0.36638215283552805,0.372557133436203,4,0,0,1978-11-20,1978-11-24,0,True,True
1978-12-01,0.37255704501172998,0.38284876894306491,0.37255704501172998,0.38079044222831726,5,0,0,1978-11-27,1978-12-01,0,True,True
1978-12-08,0.38079038181382679,0.39725696947425604,0.37873205542564392,0.39519864320755005,5,0,0,1978-12-04,1978-12-08,0,True,True
1978-12-15,0.39519885166939062,0.39931550637428009,0.3849070118740201,0.3931406438350678,5,0,0,1978-12-11,1978-12-15,0,True,True
1978-12-22,0.39314076445604629,0.39725696947425604,0.38490697852474576,0.3869653046131134,5,0,0,1978-12-18,1978-12-22,0,True,True
1978-12-29,0.38696536342090465,0.38902368982207969,0.38079044222831726,0.38079044222831726,4,0,0,1978-12-26,1978-12-29,0,True,True
1979-01-05,0.38079053163528442,0.3869653046131134,0.38079053163528442,0.3869653046131134,4,0,0,1979-01-02,1979-01-05,0,True,True
1979-01-12,0.3869653046131134,0.39519897181326186,0.38284891749185229,0.3931406438350678,5,0,0,1979-01-08,1979-01-12,0,True,True
1979-01-19,0.39314031694084406,0.39931550637428009,0.3849070118740201,0.39725717902183533,5,0,0,1979-01-15,1979-01-19,0,True,True
1979-01-26,0.39725717902183533,0.40549039840698242,0.39519885166939062,0.40549039840698242,5,0,0,1979-01-22,1979-01-26,0,True,True
1979-02-02,0.40549039840698242,0.41166519998905043,0.39725709082511479,0.40513360500335693,5,0,0,1979-01-29,1979-02-02,0,True,True
1979-02-09,0.40513360500335693,0.41146398358738295,0.40302353414396447,0.40935391187667847,5,0,0,1979-02-05,1979-02-09,0,True,True
1979-02-16,0.40935391187667847,0.41146398358738295,0.40724384016597392,0.41146370768547058,5,0,0,1979-02-12,1979-02-16,0,True,True
1979-02-23,0.41146370768547058,0.41357421875,0.4072435670938247,0.41146370768547058,4,0,0,1979-02-20,1979-02-23,0,True,True
1979-03-02,0.41146398358738295,0.41146398358738295,0.40302353414396447,0.4072437584400177,5,0,0,1979-02-26,1979-03-02,0,True,True
1979-03-09,0.4072437584400177,0.40935382972727169,0.40302361586550978,0.4072437584400177,5,0,0,1979-03-05,1979-03-09,0,True,True
1979-03-16,0.40724367586274945,0.4135740552980875,0.40513360500335693,0.40935391187667847,5,0,0,1979-03-12,1979-03-16,0,True,True
1979-03-23,0.40935407366071425,0.41357421875,0.40302353414396447,0.40513360500335693,5,0,0,1979-03-19,1979-03-23,0,True,True
1979-03-30,0.40513360500335693,0.41146398358738295,0.40513360500335693,0.40513360500335693,5,0,0,1979-03-26,1979-03-30,0,True,True
1979-04-06,0.40513395008287933,0.40724402273956101,0.400913463284572,0.40513360500335693,5,0,0,1979-04-02,1979-04-06,0,True,True
1979-04-13,0.4051339713690793,0.4051339713690793,0.40091382583398472,0.40513360500335693,4,0,0,1979-04-09,1979-04-12,0,True,True
1979-04-20,0.40513395008287933,0.40724402273956101,0.39880362153053284,0.39880362153053284,5,0,0,1979-04-16,1979-04-20,0,True,True
1979-04-27,0.39880362153053284,0.40091380476951599,0.38403299450874329,0.38403299450874329,5,0,0,1979-04-23,1979-04-27,0,True,True
1979-05-04,0.38403309181908879,0.39027708300044023,0.37770287601987307,0.385940670967102,5,0,0,1979-04-30,1979-05-04,0,True,True
1979-05-11,0.385940670967102,0.38810887698377111,0.37726813554763794,0.37726813554763794,5,0,0,1979-05-07,1979-05-11,0,True,True
1979-05-18,0.37726837465528812,0.38377275995232846,0.364258655281954,0.38377264142036438,5,0,0,1979-05-14,1979-05-18,0,True,True
1979-05-25,0.38377264142036438,0.39461386203765869,0.38160425893376382,0.39461386203765869,5,0,0,1979-05-21,1979-05-25,0,True,True
1979-06-01,0.39461374380549447,0.39895015857258781,0.39244553642194779,0.39461386203765869,4,0,0,1979-05-29,1979-06-01,0,True,True
1979-06-08,0.39461386203765869,0.40762308239936829,0.39244553642194779,0.40762308239936829,5,0,0,1979-06-04,1979-06-08,0,True,True
1979-06-15,0.40762311251705918,0.42930513620376587,0.40545490447175564,0.42930513620376587,5,0,0,1979-06-11,1979-06-15,0,True,True
1979-06-22,0.42930528536665863,0.43147349387861145,0.41846391864311999,0.4249691367149353,5,0,0,1979-06-18,1979-06-22,0,True,True
1979-06-29,0.4249685391401633,0.4249687483630229,0.41629591676377753,0.42063233256340021,5,0,0,1979-06-25,1979-06-29,0,True,True
1979-07-06,0.41846403479576111,0.4249685391401633,0.41629582736158616,0.42280033230781555,4,0,0,1979-07-02,1979-07-06,0,True,True
1979-07-13,0.42280065983080017,0.43147349387861145,0.42280051292795123,0.42713707685470581,5,0,0,1979-07-09,1979-07-13,0,True,True
1979-07-20,0.42713707685470581,0.42930528536665863,0.4184641246635889,0.42063233256340021,5,0,0,1979-07-16,1979-07-20,0,True,True
1979-07-27,0.420632242229936,0.4249685391401633,0.41629591676377753,0.42280033230781555,5,0,0,1979-07-23,1979-07-27,0,True,True
1979-08-03,0.42280033230781555,0.42930513620376587,0.40680861410341762,0.42236959934234614,5,0,0,1979-07-30,1979-08-03,0,True,True
1979-08-10,0.42236964584021042,0.42681564211221262,0.42236959934234614,0.42236959934234614,5,0,0,1979-08-06,1979-08-10,0,True,True
1979-08-17,0.42236964584021042,0.42681564211221262,0.42014664770420929,0.42459264397621149,5,0,0,1979-08-13,1979-08-17,0,True,True
1979-08-24,0.42459259723362164,0.42459264397621149,0.40903161199469312,0.41570070385932922,5,0,0,1979-08-20,1979-08-24,0,True,True
1979-08-31,0.41570070385932922,0.42014626778186637,0.41347770544296913,0.41792327165603638,5,0,0,1979-08-27,1979-08-31,0,True,True
1979-09-07,0.41792327165603638,0.42014626778186637,0.41125437617301935,0.41570070385932922,4,0,0,1979-09-04,1979-09-07,0,True,True
1979-09-14,0.41570070385932922,0.41570070385932922,0.4112541867840675,0.41125437617301935,5,0,0,1979-09-10,1979-09-14,0,True,True
1979-09-21,0.4112547070266091,0.42236935931283071,0.40903119117982928,0.41347718238830566,5,0,0,1979-09-17,1979-09-21,0,True,True
1979-09-28,0.41347718238830566,0.42236916480525849,0.4112541867840675,0.41792327165603638,5,0,0,1979-09-24,1979-09-28,0,True,True
1979-10-05,0.41792370227568926,0.43348447717342181,0.41347750311806086,0.43126147985458374,5,0,0,1979-10-01,1979-10-05,0,True,True
1979-10-12,0.43126163838421483,0.43126163838421483,0.39124752150641551,0.40236258506774902,5,0,0,1979-10-08,1979-10-12,0,True,True
1979-10-19,0.40236258506774902,0.40458560855694986,0.39124752150641551,0.39791661500930786,5,0,0,1979-10-15,1979-10-19,0,True,True
1979-10-26,0.39791611841555397,0.41570059780301993,0.39347012826565947,0.39569312334060669,5,0,0,1979-10-22,1979-10-26,0,True,True
1979-11-02,0.39569331326727136,0.40221294589426326,0.39347031712532043,0.39992731809616089,5,0,0,1979-10-29,1979-11-02,0,True,True
1979-11-09,0.39992743933742697,0.40449803864414047,0.3953567201750619,0.40221273899078369,5,0,0,1979-11-05,1979-11-09,0,True,True
1979-11-16,0.40221273899078369,0.41135391376537989,0.39764213968407025,0.40906861424446112,5,0,0,1979-11-12,1979-11-16,0,True,True
1979-11-23,0.40906891325560724,0.43192153915445858,0.40678361206423513,0.42963624000549316,4,0,0,1979-11-19,1979-11-23,0,True,True
1979-11-30,0.42963639584680396,0.44334831725748092,0.42963639584680396,0.44106301665306091,5,0,0,1979-11-26,1979-11-30,0,True,True
1979-12-07,0.44106289573634661,0.44334831725748092,0.43420735001564031,0.43420735001564031,5,0,0,1979-12-03,1979-12-07,0,True,True
1979-12-14,0.43420735001564031,0.44334831725748092,0.43192181423538084,0.44106301665306091,5,0,0,1979-12-10,1979-12-14,0,True,True
1979-12-21,0.44106287130942712,0.45020407071480384,0.44106287130942712,0.44334819912910461,5,0,0,1979-12-17,1979-12-21,0,True,True
1979-12-28,0.44334819912910461,0.45477469910665885,0.44106287130942712,0.44106301665306091,4,0,0,1979-12-24,1979-12-28,0,True,True
1980-01-04,0.44106289913359376,0.44563361786190092,0.43877759575843811,0.44106301665306091,4,0,0,1979-12-31,1980-01-04,0,True,True
1980-01-11,0.44106289913359376,0.45248940420634853,0.4387775991380829,0.4479187428951264,5,0,0,1980-01-07,1980-01-11,0,True,True
1980-01-18,0.4479187428951264,0.45020410418510431,0.44334814347782919,0.4479187428951264,5,0,0,1980-01-14,1980-01-18,0,True,True
1980-01-25,0.44791880416386015,0.45020410418510431,0.43877760407888344,0.44106301665306091,5,0,0,1980-01-21,1980-01-25,0,True,True
1980-02-01,0.44106301665306091,0.44563361786190092,0.4208165033416853,0.42551836371421808,5,0,0,1980-01-28,1980-02-01,0,True,True
1980-02-08,0.42551813282993406,0.42551813282993406,0.4067110078430724,0.40906193852424622,5,0,0,1980-02-04,1980-02-08,0,True,True
1980-02-15,0.40906173614568492,0.41141285185228316,0.39730718731880188,0.39730718731880188,5,0,0,1980-02-11,1980-02-15,0,True,True
1980-02-22,0.39730708039168156,0.39730708039168156,0.37614884199919529,0.38320139050483704,4,0,0,1980-02-19,1980-02-22,0,True,True
1980-02-29,0.38320163278668018,0.39965793490409846,0.38085050267331738,0.39965793490409846,5,0,0,1980-02-25,1980-02-29,0,True,True
1980-03-07,0.39965821597390544,0.40436007733830437,0.36909611728042363,0.37849950790405279,5,0,0,1980-03-03,1980-03-07,0,True,True
1980-03-14,0.37849977226169024,0.39495633724259166,0.37614884199919529,0.3879033625125885,5,0,0,1980-03-10,1980-03-14,0,True,True
1980-03-21,0.38790354550611683,0.40906197280553036,0.38555261492729187,0.40435987710952759,5,0,0,1980-03-17,1980-03-21,0,True,True
1980-03-28,0.40436007733830437,0.40671100802050381,0.38320139050483704,0.39730718731880188,5,0,0,1980-03-24,1980-03-28,0,True,True
1980-04-04,0.39730726836020486,0.41846562244675378,0.39495633777819183,0.41376376152038574,4,0,0,1980-03-31,1980-04-03,0,True,True
1980-04-11,0.4137636982114975,0.44432571863240383,0.41141276810802307,0.44197478890419006,5,0,0,1980-04-07,1980-04-11,0,True,True
1980-04-18,0.44197500198282663,0.45843159603445155,0.43962400331699025,0.45372948050498962,5,0,0,1980-04-14,1980-04-18,0,True,True
1980-04-25,0.45372958631111832,0.46078226321782823,0.44432586431503296,0.45608028769493103,5,0,0,1980-04-21,1980-04-25,0,True,True
1980-05-02,0.4584311815548916,0.46548412304658154,0.45446697681669207,0.45688435435295105,5,0,0,1980-04-28,1980-05-02,0,True,True
1980-05-09,0.45930172627170884,0.47138836979866028,0.45930172627170884,0.46655362844467163,5,0,0,1980-05-05,1980-05-09,0,True,True
1980-05-16,0.46655362844467163,0.47622326016426092,0.46413619177682053,0.47622326016426092,5,0,0,1980-05-12,1980-05-16,0,True,True
1980-05-23,0.47380574605403802,0.47622326016426092,0.46897099354328253,0.47622326016426092,5,0,0,1980-05-19,1980-05-23,0,True,True
1980-05-30,0.47380569577217096,0.48105775316556298,0.46897094377449577,0.47864037752151495,4,0,0,1980-05-27,1980-05-30,0,True,True
1980-06-06,0.47864037752151495,0.48105801407455795,0.46413612365722656,0.47864037752151495,5,0,0,1980-06-02,1980-06-06,0,True,True
1980-06-13,0.47864037752151495,0.49314489960670466,0.47864037752151495,0.49314489960670466,5,0,0,1980-06-09,1980-06-13,0,True,True
1980-06-20,0.49314502894022821,0.51248353719711304,0.49072765134738394,0.5003969669342041,5,0,0,1980-06-16,1980-06-20,0,True,True
1980-06-27,0.50039701785856072,0.50764929449729379,0.49556226406282589,0.5028146505355835,5,0,0,1980-06-23,1980-06-27,0,True,True
1980-07-04,0.5028143947564282,0.5028143947564282,0.49556221363049197,0.5003969669342041,4,0,0,1980-06-30,1980-07-03,0,True,True
1980-07-11,0.50039727240800858,0.5028146505355835,0.49314489960670466,0.49314489960670466,5,0,0,1980-07-07,1980-07-11,0,True,True
1980-07-18,0.49314489960670466,0.50039701785856072,0.48347537957348868,0.4979796409606933,5,0,0,1980-07-14,1980-07-18,0,True,True
1980-07-25,0.49797965352441748,0.50039673825589626,0.49314461161450646,0.4979796409606933,5,0,0,1980-07-21,1980-07-25,0,True,True
1980-08-01,0.49797955404948713,0.49797965352441748,0.47666026891204361,0.47914287447929382,5,0,0,1980-07-28,1980-08-01,0,True,True
1980-08-08,0.47914310816734551,0.49403841635014151,0.46176459158168121,0.46672976016998291,5,0,0,1980-08-04,1980-08-08,0,True,True
1980-08-15,0.46672990059977426,0.48162570347388584,0.46424729474552018,0.47666049003601074,5,0,0,1980-08-11,1980-08-15,0,True,True
1980-08-22,0.47169528783313808,0.47666032401679076,0.46424746749893064,0.46921268105506891,5,0,0,1980-08-18,1980-08-22,0,True,True
1980-08-29,0.46921268105506891,0.48162570347388584,0.4692125064540284,0.48162558674812311,5,0,0,1980-08-25,1980-08-29,0,True,True
1980-09-05,0.48162558674812311,0.49403843952684989,0.47914298063086475,0.48162558674812311,4,0,0,1980-09-02,1980-09-05,0,True,True
1980-09-12,0.48162570347388584,0.48410831019282335,0.47417788331707317,0.48162558674812311,5,0,0,1980-09-08,1980-09-12,0,True,True
1980-09-19,0.48162558674812311,0.49403835516987421,0.47914298063086475,0.49155575037002563,5,0,0,1980-09-15,1980-09-19,0,True,True
1980-09-26,0.49155601121715659,0.49403861733441495,0.47417771816253662,0.47417771816253662,5,0,0,1980-09-22,1980-09-26,0,True,True
1980-10-03,0.47417791077965182,0.47914309675494826,0.47169527659813559,0.47666049003601074,5,0,0,1980-09-29,1980-10-03,0,True,True
1980-10-10,0.47666020296057876,0.49652124419430188,0.47666020296057876,0.48907342553138733,5,0,0,1980-10-06,1980-10-10,0,True,True
1980-10-17,0.489073145570177,0.50148616956942005,0.489073145570177,0.49403864145278925,5,0,0,1980-10-13,1980-10-17,0,True,True
1980-10-24,0.49403835516987421,0.49652095996972284,0.48162533117063117,0.48659062385559082,5,0,0,1980-10-20,1980-10-24,0,True,True
1980-10-31,0.48659091691176093,0.48659091691176093,0.45928226960332769,0.46672976016998291,5,0,0,1980-10-27,1980-10-31,0,True,True
1980-11-07,0.46672976016998291,0.47020523869589476,0.43442871508210201,0.43953964114189148,4,0,0,1980-11-03,1980-11-07,0,True,True
1980-11-14,0.43953973826240089,0.47020534088051386,0.43187334747875439,0.47020533680915833,5,0,0,1980-11-10,1980-11-14,0,True,True
1980-11-21,0.4650944904242148,0.46509454131785016,0.45742800434430442,0.4599834680557251,5,0,0,1980-11-17,1980-11-21,0,True,True
1980-11-28,0.45998338568076658,0.46253884893454861,0.44976174831390381,0.44976174831390381,4,0,0,1980-11-24,1980-11-28,0,True,True
1980-12-05,0.4497614932614703,0.4497614932614703,0.43187325205220728,0.44209524989128113,5,0,0,1980-12-01,1980-12-05,0,True,True
1980-12-12,0.44209528840773288,0.44720626339830205,0.43698417811199675,0.444650799036026,5,0,0,1980-12-08,1980-12-12,0,True,True
1980-12-19,0.44465076480592997,0.5136482544017561,0.44209530064037866,0.5085371732711792,5,0,0,1980-12-15,1980-12-19,0,True,True
1980-12-26,0.51109296083450317,0.5213147846620475,0.51109250543152762,0.51620370149612427,4,0,0,1980-12-22,1980-12-26,0,True,True
1981-01-02,0.51620385540065483,0.5213147846620475,0.5085371732711792,0.51109296083450317,4,0,0,1980-12-29,1981-01-02,0,True,True
1981-01-09,0.51364827966227111,0.52642560005187988,0.50087102778671966,0.50342649221420288,5,0,0,1981-01-05,1981-01-09,0,True,True
1981-01-16,0.50342649221420288,0.50853742106916944,0.49320462346076971,0.49576020240783691,5,0,0,1981-01-12,1981-01-16,0,True,True
1981-01-23,0.4957600989317531,0.50598195664168621,0.49320462346076971,0.49320462346076971,5,0,0,1981-01-19,1981-01-23,0,True,True
1981-01-30,0.49320462346076971,0.51109288549665266,0.49320460977602981,0.50087100267410278,5,0,0,1981-01-26,1981-01-30,0,True,True
1981-02-06,0.49831543583422905,0.49831543583422905,0.4764333888087221,0.47900870442390442,5,0,0,1981-02-02,1981-02-06,0,True,True
1981-02-13,0.47900862210505718,0.48158393727766496,0.46613204479217529,0.4687073826789856,5,0,0,1981-02-09,1981-02-13,0,True,True
1981-02-20,0.46870735995677293,0.47128267512137062,0.46613197183348443,0.47128260135650635,4,0,0,1981-02-17,1981-02-20,0,True,True
1981-02-27,0.47128267658723366,0.48673457620625804,0.46870736141462582,0.47900870442390442,5,0,0,1981-02-23,1981-02-27,0,True,True
1981-03-06,0.47900845978986772,0.48931008577346802,0.47385807319353984,0.48931008577346802,5,0,0,1981-03-02,1981-03-06,0,True,True
1981-03-13,0.48931017057182863,0.538240946829319,0.48931017057182863,0.53566563129425049,5,0,0,1981-03-09,1981-03-13,0,True,True
1981-03-20,0.53566544230391344,0.55626812521016822,0.52278886917160783,0.5511176586151123,5,0,0,1981-03-16,1981-03-20,0,True,True
1981-03-27,0.55111729025275791,0.55884341122927494,0.5356656096702398,0.54339134693145752,5,0,0,1981-03-23,1981-03-27,0,True,True
1981-04-03,0.54339134693145752,0.56914470331235367,0.53566607204052286,0.56656938791275024,5,0,0,1981-03-30,1981-04-03,0,True,True
1981-04-10,0.56656948507648619,0.57172051919709643,0.56141885339397268,0.56141924858093262,5,0,0,1981-04-06,1981-04-10,0,True,True
1981-04-17,0.56141924858093262,0.58202103402879501,0.56141851954989963,0.57944571971893311,4,0,0,1981-04-13,1981-04-16,0,True,True
1981-04-24,0.57944584833948232,0.5923224227470264,0.5717201828956604,0.5717201828956604,5,0,0,1981-04-20,1981-04-24,0,True,True
1981-05-01,0.57687048785454409,0.58459675312042236,0.5717202045457781,0.5742955207824707,5,0,0,1981-04-27,1981-05-01,0,True,True
1981-05-08,0.5717201167589997,0.5717201167589997,0.5558417990522565,0.56642943620681763,5,0,0,1981-05-04,1981-05-08,0,True,True
1981-05-15,0.57172268384123504,0.61142588396954645,0.57172268384123504,0.59819149971008301,5,0,0,1981-05-11,1981-05-15,0,True,True
1981-05-22,0.59819156683243069,0.60083843217239719,0.5717228634566206,0.57966327667236328,5,0,0,1981-05-18,1981-05-22,0,True,True
1981-05-29,0.57966380664126371,0.59554469585418701,0.57701693994427161,0.59554469585418701,4,0,0,1981-05-26,1981-05-29,0,True,True
1981-06-05,0.59819155747669917,0.60613215337240756,0.58495741548025015,0.59025114774703979,5,0,0,1981-06-01,1981-06-05,0,True,True
1981-06-12,0.59025096522437193,0.63524770936207797,0.59025096522437193,0.63260084390640259,5,0,0,1981-06-08,1981-06-12,0,True,True
1981-06-19,0.63524728915730455,0.64583510855833692,0.60877888885318721,0.6193663477897644,5,0,0,1981-06-15,1981-06-19,0,True,True
1981-06-26,0.6193663477897644,0.62730694199219728,0.60613220930099487,0.60613220930099487,5,0,0,1981-06-22,1981-06-26,0,True,True
1981-07-03,0.60613209166024862,0.61407280592939217,0.6008383585059125,0.60613220930099487,4,0,0,1981-06-29,1981-07-02,0,True,True
1981-07-10,0.60613208853680156,0.61936641047740804,0.6008383585059125,0.61407268047332764,5,0,0,1981-07-06,1981-07-10,0,True,True
1981-07-17,0.61407268047332764,0.62466031312942505,0.61407261832147586,0.62466031312942505,5,0,0,1981-07-13,1981-07-17,0,True,True
1981-07-24,0.62201364086819932,0.62201364086819932,0.59554463154391235,0.60877895355224609,5,0,0,1981-07-20,1981-07-24,0,True,True
1981-07-31,0.60877895046924724,0.63260091033022281,0.60613208546720698,0.62466031312942505,5,0,0,1981-07-27,1981-07-31,0,True,True
1981-08-07,0.62466007220644915,0.65117717791004337,0.61142608523368835,0.63761091232299805,5,0,0,1981-08-03,1981-08-07,0,True,True
1981-08-14,0.637611234087055,0.65931670144200327,0.63218475549908004,0.65389043092727661,5,0,0,1981-08-10,1981-08-14,0,True,True
1981-08-21,0.65389022653301554,0.65389062146262644,0.64303746318616783,0.64575070142745972,5,0,0,1981-08-17,1981-08-21,0,True,True
1981-08-28,0.64575089107860217,0.64575089107860217,0.61590526165900283,0.63761091232299805,5,0,0,1981-08-24,1981-08-28,0,True,True
1981-09-04,0.63761091232299805,0.64303738817255551,0.57792014794217206,0.58605986833572388,5,0,0,1981-08-31,1981-09-04,0,True,True
1981-09-11,0.58605953207555805,0.61047867472682671,0.57520657777786255,0.60776543617248535,4,0,0,1981-09-08,1981-09-11,0,True,True
1981-09-18,0.60776504516601559,0.61590502140796288,0.59691256284713745,0.59691256284713745,5,0,0,1981-09-14,1981-09-18,0,True,True
1981-09-25,0.59691248195511948,0.62675834977470635,0.59419924340077801,0.60233879089355469,5,0,0,1981-09-21,1981-09-25,0,True,True
1981-10-02,0.60233883150910916,0.65117717791004337,0.59419911756979682,0.64575070142745972,5,0,0,1981-09-28,1981-10-02,0,True,True
1981-10-09,0.64846375162402781,0.66745668649673462,0.64846375162402781,0.66202998161315918,5,0,0,1981-10-05,1981-10-09,0,True,True
1981-10-16,0.66202998161315918,0.66474331381880214,0.65660350635403497,0.65931683778762817,5,0,0,1981-10-12,1981-10-16,0,True,True
1981-10-23,0.65931690753248229,0.6674566020770949,0.65389043092727661,0.66474336385726929,5,0,0,1981-10-19,1981-10-23,0,True,True
1981-10-30,0.66474336385726929,0.70272878343744805,0.66203012563744368,0.70001554489135742,5,0,0,1981-10-26,1981-10-30,0,True,True
1981-11-06,0.70272918847890997,0.7163253535556422,0.70272918847890997,0.71354889869689941,5,0,0,1981-11-02,1981-11-06,0,True,True
1981-11-13,0.71632554746211918,0.74686655917562039,0.71632554746211918,0.71910238265991211,5,0,0,1981-11-09,1981-11-13,0,True,True
1981-11-20,0.71910180841438498,0.72465529681172602,0.71077301143219107,0.71910238265991211,5,0,0,1981-11-16,1981-11-20,0,True,True
1981-11-27,0.71910231021734383,0.72743189334869385,0.71077301143219107,0.72743189334869385,4,0,0,1981-11-23,1981-11-27,0,True,True
1981-12-04,0.72743189334869385,0.73298480856509607,0.71910231021734383,0.7218787670135498,5,0,0,1981-11-30,1981-12-04,0,True,True
1981-12-11,0.7218787670135498,0.73020835095689496,0.71910231021734383,0.7218787670135498,5,0,0,1981-12-07,1981-12-11,0,True,True
1981-12-18,0.7218787670135498,0.7274319070509111,0.71632570028305054,0.71632570028305054,5,0,0,1981-12-14,1981-12-18,0,True,True
1981-12-25,0.71632609928355495,0.71910238265991211,0.70799641543999314,0.71910238265991211,4,0,0,1981-12-21,1981-12-24,0,True,True
1982-01-01,0.71910215648569797,0.7218787670135498,0.71354924408040299,0.7218787670135498,4,0,0,1981-12-28,1981-12-31,0,True,True
1982-01-08,0.72465544939041138,0.7274319070509111,0.68578477883338929,0.70522016286849976,5,0,0,1982-01-04,1982-01-08,0,True,True
1982-01-15,0.70244284478791685,0.70521929871988487,0.6941134829920127,0.69966751337051392,5,0,0,1982-01-11,1982-01-15,0,True,True
1982-01-22,0.70799633167510811,0.71910255703271597,0.69966696306716558,0.71632570028305054,5,0,0,1982-01-18,1982-01-22,0,True,True
1982-01-29,0.71354924408040299,0.75797273021410494,0.70799633167510811,0.75241959095001221,5,0,0,1982-01-25,1982-01-29,0,True,True
1982-02-05,0.74964351813589325,0.75241997561047069,0.71354916095733634,0.74409002065658569,5,0,0,1982-02-01,1982-02-05,0,True,True
1982-02-12,0.74131356535562831,0.74409002065658569,0.73190173219069554,0.73759746551513672,5,0,0,1982-02-08,1982-02-12,0,True,True
1982-02-19,0.74044518087102074,0.7746196985244751,0.72905371654992812,0.7746196985244751,4,0,0,1982-02-16,1982-02-19,0,True,True
1982-02-26,0.78031563758850098,0.78316350487897002,0.77461923772638497,0.78031563758850098,5,0,0,1982-02-22,1982-02-26,0,True,True
1982-03-05,0.78601090572370946,0.80594579811607092,0.77746739566967049,0.79740220308303833,5,0,0,1982-03-01,1982-03-05,0,True,True
1982-03-12,0.79740220308303833,0.80025032301530186,0.78885877132415771,0.78885877132415771,5,0,0,1982-03-08,1982-03-12,0,True,True
1982-03-19,0.79170672526069008,0.79740247280477627,0.78601090572370946,0.79170674085617077,5,0,0,1982-03-15,1982-03-19,0,True,True
1982-03-26,0.79455433807202747,0.80879399370639882,0.78885860805000585,0.80879372358322144,5,0,0,1982-03-22,1982-03-26,0,True,True
1982-04-02,0.80309815763154491,0.81733798980712891,0.79740220308303833,0.81733798980712891,5,0,0,1982-03-29,1982-04-02,0,True,True
1982-04-09,0.82303298989103901,0.82588085490796304,0.80879438712621821,0.82018512487411499,4,0,0,1982-04-05,1982-04-08,0,True,True
1982-04-16,0.82588107940647426,0.85435982133233823,0.8201853478243607,0.85151195526123047,5,0,0,1982-04-12,1982-04-16,0,True,True
1982-04-23,0.85435982133233823,0.88568643409697745,0.84296825428137045,0.86859923601150513,5,0,0,1982-04-19,1982-04-23,0,True,True
1982-04-30,0.87429475784301758,0.87714262350374406,0.83157661577471254,0.83727234601974487,5,0,0,1982-04-26,1982-04-30,0,True,True
1982-05-07,0.84296835704790707,0.8824087381362915,0.83157689276347591,0.8824087381362915,5,0,0,1982-05-03,1982-05-07,0,True,True
1982-05-14,0.87949675321578979,0.88532097819614719,0.87076018432776137,0.87367242574691784,5,0,0,1982-05-10,1982-05-14,0,True,True
1982-05-21,0.86202386810197862,0.87367283929254591,0.84455013682004132,0.8591112494468689,5,0,0,1982-05-17,1982-05-21,0,True,True
1982-05-28,0.85037462052224844,0.86784789570280019,0.84455013682004132,0.85037446022033691,5,0,0,1982-05-24,1982-05-28,0,True,True
1982-06-04,0.85328713970905312,0.85619938250669492,0.81251514718887652,0.82125186920166005,4,0,0,1982-06-01,1982-06-04,0,True,True
1982-06-11,0.82998907566070557,0.83872580277292352,0.82416413472571837,0.82998907566070557,5,0,0,1982-06-07,1982-06-11,0,True,True
1982-06-18,0.82416410987258792,0.8270763505435158,0.79504200111735945,0.80086648464202881,5,0,0,1982-06-14,1982-06-18,0,True,True
1982-06-25,0.79795416021521715,0.81542785616888525,0.79504191875457764,0.80377888679504395,5,0,0,1982-06-21,1982-06-25,0,True,True
1982-07-02,0.81251563784066472,0.83581356040218424,0.79795440210812341,0.80377888679504395,5,0,0,1982-06-28,1982-07-02,0,True,True
1982-07-09,0.8096033714819646,0.85037437636276769,0.79795440210812341,0.84454989433288574,4,0,0,1982-07-06,1982-07-09,0,True,True
1982-07-16,0.86784787161820598,0.87367235397805976,0.82707665943437159,0.85037446022033691,5,0,0,1982-07-12,1982-07-16,0,True,True
1982-07-23,0.85037446022033691,0.85037459350294542,0.79795454088732487,0.83872562646865845,5,0,0,1982-07-19,1982-07-23,0,True,True
1982-07-30,0.83290064334869385,0.83872512337211136,0.78048035127145277,0.80377888679504395,5,0,0,1982-07-26,1982-07-30,0,True,True
1982-08-06,0.8096033551863262,0.82707696938686226,0.79398790686218823,0.805927574634552,5,0,0,1982-08-02,1982-08-06,0,True,True
1982-08-13,0.79398763179779053,0.84174692630767822,0.7820479681617335,0.84174692630767822,5,0,0,1982-08-09,1982-08-13,0,True,True
1982-08-20,0.87159612609280479,0.93129463503437659,0.85965645313262939,0.92532479763031006,5,0,0,1982-08-16,1982-08-20,0,True,True
1982-08-27,0.92532478272914886,0.93726447243844313,0.90144553644205228,0.91338521242141724,5,0,0,1982-08-23,1982-08-27,0,True,True
1982-09-03,0.90144515037536621,0.9611433744430542,0.88950586046268743,0.9611433744430542,5,0,0,1982-08-30,1982-09-03,0,True,True
1982-09-10,0.9611439423741035,0.96711378052549546,0.92532478272914886,0.93129462003707886,4,0,0,1982-09-07,1982-09-10,0,True,True
1982-09-17,0.93726426362991333,0.94323430984250967,0.91935496022624363,0.92532479763031006,5,0,0,1982-09-13,1982-09-17,0,True,True
1982-09-24,0.92532439278317735,0.96711344400029275,0.91935455799102783,0.9551735520362854,5,0,0,1982-09-20,1982-09-24,0,True,True
1982-10-01,0.9551735520362854,0.95517410422271154,0.93726365777510634,0.94920426607131969,5,0,0,1982-09-27,1982-10-01,0,True,True
1982-10-08,0.94323442791992773,0.97905248403549183,0.93726458976853577,0.97905248403549183,5,0,0,1982-10-04,1982-10-08,0,True,True
1982-10-15,0.99099254608154297,1.0089020499263901,0.93726403594757468,0.9611433744430542,5,0,0,1982-10-11,1982-10-15,0,True,True
1982-10-22,0.95517353981918429,0.9611433744430542,0.86562620798746748,0.90741461515426636,5,0,0,1982-10-18,1982-10-22,0,True,True
1982-10-29,0.88950563886681111,0.91935473124186196,0.87756580864356848,0.90144515037536621,5,0,0,1982-10-25,1982-10-29,0,True,True
1982-11-05,0.90144478215983037,0.93959253947985799,0.89547494916539438,0.92739003896713257,5,0,0,1982-11-01,1982-11-05,0,True,True
1982-11-12,0.93349128922349522,0.94569337058376957,0.90298432111740112,0.90298432111740112,5,0,0,1982-11-08,1982-11-12,0,True,True
1982-11-19,0.89078150689601898,0.91518692366064402,0.86637695439874307,0.88468062877655029,5,0,0,1982-11-15,1982-11-19,0,True,True
1982-11-26,0.87857902050018311,0.88468026369810104,0.84807284826963725,0.87857902050018311,4,0,0,1982-11-22,1982-11-26,0,True,True
1982-12-03,0.87857967323356567,0.89688360691070557,0.8724784255027771,0.89688360691070557,5,0,0,1982-11-29,1982-12-03,0,True,True
1982-12-10,0.8968830757044457,0.93959253947985799,0.89078183029149027,0.92739003896713257,5,0,0,1982-12-06,1982-12-10,0,True,True
1982-12-17,0.93959253947985799,0.96399682266697007,0.92739003896713257,0.95789557695388794,5,0,0,1982-12-13,1982-12-17,0,True,True
1982-12-24,0.97009825706481934,0.97619950396459809,0.93959202256592567,0.97009825706481934,4,0,0,1982-12-20,1982-12-23,0,True,True
1982-12-31,0.98230034112930298,1.0006042718887329,0.95789558185806756,1.0006042718887329,5,0,0,1982-12-27,1982-12-31,0,True,True
1983-01-07,0.98840212225914004,1.00670551744903,0.97619905062248369,0.99450278282165527,5,0,0,1983-01-03,1983-01-07,0,True,True
1983-01-14,0.99450319600693982,1.0006044426082092,0.95789557695388794,0.97009825706481934,5,0,0,1983-01-10,1983-01-14,0,True,True
1983-01-21,0.98230087459087367,0.98840212225914004,0.95179433611374864,0.96399682760238647,5,0,0,1983-01-17,1983-01-21,0,True,True
1983-01-28,0.95789557695388794,0.99450336992740629,0.9456930855277238,0.97009825706481934,5,0,0,1983-01-24,1983-01-28,0,True,True
1983-02-04,0.98230070280440063,1.00670551744903,0.97009820960186144,0.98675918579101562,5,0,0,1983-01-31,1983-02-04,0,True,True
1983-02-11,0.99300456047058105,1.0054951838727266,0.94928658008575439,0.95553231239318837,5,0,0,1983-02-07,1983-02-11,0,True,True
1983-02-18,0.95553231239318837,0.98675984182175547,0.94928658008575439,0.98051452636718739,5,0,0,1983-02-14,1983-02-18,0,True,True
1983-02-25,0.98051452636718739,1.03672194480896,0.96802377739013779,1.03672194480896,4,0,0,1983-02-22,1983-02-25,0,True,True
1983-03-04,1.0429667880137763,1.099175033569336,1.0304761677980423,1.0804392099380493,5,0,0,1983-02-28,1983-03-04,0,True,True
1983-03-11,1.074193653307463,1.1116656010801143,1.0617022666820259,1.0929297208786011,5,0,0,1983-03-07,1983-03-11,0,True,True
1983-03-18,1.0866843461990356,1.1054203462600709,1.0804390338645584,1.0929297208786011,5,0,0,1983-03-14,1983-03-18,0,True,True
1983-03-25,1.1054199384839347,1.1304008298450046,1.0929293177101049,1.1116652488708496,5,0,0,1983-03-21,1983-03-25,0,True,True
1983-04-01,1.1116650757176916,1.1179109134457328,1.0929296639832584,1.099174976348877,4,0,0,1983-03-28,1983-03-31,0,True,True
1983-04-08,1.099174976348877,1.1054203462600709,1.0804390338645584,1.0866843461990356,5,0,0,1983-04-04,1983-04-08,0,True,True
1983-04-15,1.099174976348877,1.1054202887144955,1.092929372006217,1.099174976348877,5,0,0,1983-04-11,1983-04-15,0,True,True
1983-04-22,1.1054202887144955,1.1553823850193961,1.0991746280970198,1.1428917646408081,5,0,0,1983-04-18,1983-04-22,0,True,True
1983-04-29,1.1428918196604803,1.1491371301504283,1.1366460465866586,1.1491366624832153,5,0,0,1983-04-25,1983-04-29,0,True,True
1983-05-06,1.1491366624832153,1.1666022539138794,1.1304011986805842,1.1474772691726685,5,0,0,1983-05-02,1983-05-06,0,True,True
1983-05-13,1.1411027908325195,1.1729764938354492,1.1347279149060809,1.1729764938354492,5,0,0,1983-05-09,1983-05-13,0,True,True
1983-05-20,1.1666022938686413,1.1666022938686413,1.1411023954550426,1.1474772691726685,5,0,0,1983-05-16,1983-05-20,0,True,True
1983-05-27,1.134727954864502,1.1602279375929858,1.1283530787135778,1.1538530588150024,5,0,0,1983-05-23,1983-05-27,0,True,True
1983-06-03,1.1411028310154261,1.1474777071663502,1.1219782025626535,1.1283531188964844,4,0,0,1983-05-31,1983-06-03,0,True,True
1983-06-10,1.134727954864502,1.1411028310154261,1.1283530787135778,1.1283531188964844,5,0,0,1983-06-06,1983-06-10,0,True,True
1983-06-17,1.1219782425185381,1.134728036143563,1.1156034063209188,1.1283531188964844,5,0,0,1983-06-13,1983-06-17,0,True,True
1983-06-24,1.1347279952744307,1.1474777480303231,1.1283530389796423,1.1283531188964844,5,0,0,1983-06-20,1983-06-24,0,True,True
1983-07-01,1.1219782829284668,1.1474776667589583,1.1092285297133706,1.1411027908325195,5,0,0,1983-06-27,1983-07-01,0,True,True
1983-07-08,1.128353159536015,1.1411029127511112,1.115603366140592,1.1283531188964844,4,0,0,1983-07-05,1983-07-08,0,True,True
1983-07-15,1.1347279149060809,1.1729764938354492,1.1283526480197907,1.1729764938354492,5,0,0,1983-07-11,1983-07-15,0,True,True
1983-07-22,1.1729772877048803,1.1857270408321072,1.1538525025049846,1.1602274179458618,5,0,0,1983-07-18,1983-07-22,0,True,True
1983-07-29,1.1602273782094321,1.1666028163709692,1.1538525025049846,1.1538530588150024,5,0,0,1983-07-25,1983-07-29,0,True,True
1983-08-05,1.1602279375929858,1.1781933497298847,1.1391372165896676,1.1456465721130371,5,0,0,1983-08-01,1983-08-05,0,True,True
1983-08-12,1.1391365770683732,1.1456459289373353,1.0870620216843645,1.1065899133682251,5,0,0,1983-08-08,1983-08-12,0,True,True
1983-08-19,1.1065899133682251,1.1456467292212338,1.1065899133682251,1.1261186599731445,5,0,0,1983-08-15,1983-08-19,0,True,True
1983-08-26,1.1326278448104858,1.1456467292212338,1.1261185564313616,1.1261186599731445,5,0,0,1983-08-22,1983-08-26,0,True,True
1983-09-02,1.1326278448104858,1.1391373728052041,1.1196091339505951,1.1326278448104858,5,0,0,1983-08-29,1983-09-02,0,True,True
1983-09-09,1.1261185564313616,1.1586652313922086,1.1261185564313616,1.152155876159668,4,0,0,1983-09-06,1983-09-09,0,True,True
1983-09-16,1.1586646080017091,1.2302679969714239,1.1586646080017091,1.1847025156021118,5,0,0,1983-09-12,1983-09-16,0,True,True
1983-09-23,1.1847030457870737,1.2302684650064153,1.1781936883926392,1.2237584590911865,5,0,0,1983-09-19,1983-09-23,0,True,True
1983-09-30,1.2432860136032104,1.2497958936189351,1.2237584590911865,1.2237584590911865,5,0,0,1983-09-26,1983-09-30,0,True,True
1983-10-07,1.2302678327811392,1.3279091013540136,1.2237584791685405,1.2888522148132324,5,0,0,1983-10-03,1983-10-07,0,True,True
1983-10-14,1.2823428601929636,1.2888522148132324,1.2172491255559419,1.2237584590911865,5,0,0,1983-10-10,1983-10-14,0,True,True
1983-10-21,1.2302678327811392,1.2823425531387329,1.2237584791685405,1.2823425531387329,5,0,0,1983-10-17,1983-10-21,0,True,True
1983-10-28,1.2758332000771151,1.3279086351394653,1.2628144939538792,1.3213992118835449,5,0,0,1983-10-24,1983-10-28,0,True,True
1983-11-04,1.34092742924529,1.347436785697937,1.2997907400131226,1.2997907400131226,5,0,0,1983-10-31,1983-11-04,0,True,True
1983-11-11,1.2931584737022517,1.313053219451517,1.2732636051474457,1.2997907400131226,5,0,0,1983-11-07,1983-11-11,0,True,True
1983-11-18,1.3130530436434338,1.3196851918191621,1.2931584737022517,1.3064216375350952,5,0,0,1983-11-14,1983-11-18,0,True,True
1983-11-25,1.3064216375350952,1.3196851918191621,1.2997900556186734,1.3130536079406738,4,0,0,1983-11-21,1983-11-25,0,True,True
1983-12-02,1.313053219451517,1.3196854962378131,1.2931591546048922,1.2997907400131226,5,0,0,1983-11-28,1983-12-02,0,True,True
1983-12-09,1.2997904728620482,1.2997904728620482,1.2732636051474457,1.2931588888168335,5,0,0,1983-12-05,1983-12-09,0,True,True
1983-12-16,1.2931588888168335,1.2997904728620482,1.2533687989749209,1.2666319608688354,5,0,0,1983-12-12,1983-12-16,0,True,True
1983-12-23,1.2533687989749209,1.2997904728620482,1.2533687989749209,1.2865277528762817,5,0,0,1983-12-19,1983-12-23,0,True,True
1983-12-30,1.2997904728620482,1.3196851918191621,1.2931588888168335,1.3130536079406738,4,0,0,1983-12-27,1983-12-30,0,True,True
1984-01-06,1.319684624671936,1.3462121227000019,1.3130530436434338,1.3395805358886719,4,0,0,1984-01-03,1984-01-06,0,True,True
1984-01-13,1.3329481780529022,1.3329481780529022,1.319684624671936,1.3263165950775146,5,0,0,1984-01-09,1984-01-13,0,True,True
1984-01-20,1.3130536079406738,1.3329481780529022,1.3064214626149317,1.3263165950775146,5,0,0,1984-01-16,1984-01-20,0,True,True
1984-01-27,1.3130536079406738,1.3329477867289403,1.3064216375350952,1.3130536079406738,5,0,0,1984-01-23,1984-01-27,0,True,True
1984-02-03,1.3130536079406738,1.3348633050918579,1.3064218461513519,1.3348633050918579,5,0,0,1984-01-30,1984-02-03,0,True,True
1984-02-10,1.3213120857063605,1.334864004534118,1.3009840416784733,1.3077600002288818,5,0,0,1984-02-06,1984-02-10,0,True,True
1984-02-17,1.3077593642379601,1.3077593642379601,1.2332231285779374,1.2467750310897827,5,0,0,1984-02-13,1984-02-17,0,True,True
1984-02-24,1.2467758460123031,1.2535518407821655,1.2332231285779374,1.2467750310897827,4,0,0,1984-02-21,1984-02-24,0,True,True
1984-03-02,1.2467758848860457,1.2738797473397485,1.226448078076918,1.2671037912368774,5,0,0,1984-02-27,1984-03-02,0,True,True
1984-03-09,1.267103730377398,1.3009835092644944,1.2399998903274536,1.2399998903274536,5,0,0,1984-03-05,1984-03-09,0,True,True
1984-03-16,1.2399999668253934,1.2942075534870749,1.2399999668253934,1.2874315977096558,5,0,0,1984-03-12,1984-03-16,0,True,True
1984-03-23,1.2942074537277222,1.3009835092644944,1.2806555432174842,1.2874315977096558,5,0,0,1984-03-19,1984-03-23,0,True,True
1984-03-30,1.2874315977096558,1.3348633050918579,1.2874315977096558,1.3009836673736572,5,0,0,1984-03-26,1984-03-30,0,True,True
1984-04-06,1.2942074537277222,1.3077600002288818,1.2738794088363647,1.2738794088363647,5,0,0,1984-04-02,1984-04-06,0,True,True
1984-04-13,1.2738797473397485,1.2874318178368624,1.2671037912368774,1.2874315977096558,5,0,0,1984-04-09,1984-04-13,0,True,True
1984-04-20,1.2874317541718483,1.3280874301225711,1.2806557975709438,1.3213114738464355,4,0,0,1984-04-16,1984-04-19,0,True,True
1984-04-27,1.3280880451202393,1.3619670271873474,1.3213120857063605,1.3416391611099243,5,0,0,1984-04-23,1984-04-27,0,True,True
1984-05-04,1.3416391611099243,1.3706974983215332,1.3213112950325012,1.3706974983215332,5,0,0,1984-04-30,1984-05-04,0,True,True
1984-05-11,1.3637747836835457,1.3983883857727051,1.3637747836835457,1.3983883857727051,5,0,0,1984-05-07,1984-05-11,0,True,True
1984-05-18,1.3914656709916522,1.3983888530731201,1.3430066675242811,1.3845434188842773,5,0,0,1984-05-14,1984-05-18,0,True,True
1984-05-25,1.3845434188842773,1.3983883857727051,1.3706974983215332,1.3706974983215332,5,0,0,1984-05-21,1984-05-25,0,True,True
1984-06-01,1.3706974983215332,1.3845432942836129,1.3499293544075706,1.3706974983215332,4,0,0,1984-05-29,1984-06-01,0,True,True
1984-06-08,1.3706978613407768,1.3776205778121948,1.3499300516381556,1.3706974983215332,5,0,0,1984-06-04,1984-06-08,0,True,True
1984-06-15,1.3637754880652135,1.3776202129595208,1.3499294652551563,1.3706974983215332,5,0,0,1984-06-11,1984-06-15,0,True,True
1984-06-22,1.3706974983215332,1.4191576242446899,1.3637747836835457,1.3983883857727051,5,0,0,1984-06-18,1984-06-22,0,True,True
1984-06-29,1.3983883786557325,1.4053111005537582,1.3776202414295462,1.3983883857727051,5,0,0,1984-06-25,1984-06-29,0,True,True
1984-07-06,1.3914656639099121,1.412234902381897,1.3845429491640917,1.412234902381897,4,0,0,1984-07-02,1984-07-06,0,True,True
1984-07-13,1.3983894638898897,1.4330042641139726,1.3983894638898897,1.4260815382003784,5,0,0,1984-07-09,1984-07-13,0,True,True
1984-07-20,1.419156695667066,1.4606929891987852,1.419156695667066,1.4468475580215454,5,0,0,1984-07-16,1984-07-20,0,True,True
1984-07-27,1.4537702736101652,1.4883842423697498,1.4468475580215454,1.4814615249633789,5,0,0,1984-07-23,1984-07-27,0,True,True
1984-08-03,1.4814615204860349,1.5112654869025353,1.4676160857151372,1.4900795221328735,5,0,0,1984-07-30,1984-08-03,0,True,True
1984-08-10,1.4900792913349796,1.560698942603352,1.4900792913349796,1.5112650394439697,5,0,0,1984-08-06,1984-08-10,0,True,True
1984-08-17,1.5042032290179774,1.5253890117752218,1.4830162525177002,1.5112650394439697,5,0,0,1984-08-13,1984-08-17,0,True,True
1984-08-24,1.5112650394439697,1.5536366033991542,1.5042030532783437,1.5253887176513672,5,0,0,1984-08-20,1984-08-24,0,True,True
1984-08-31,1.5253890117752218,1.5253890117752218,1.5042026713837024,1.5183266401290894,5,0,0,1984-08-27,1984-08-31,0,True,True
1984-09-07,1.5112650394439697,1.5536371134393228,1.5042027632395425,1.5324511528015137,4,0,0,1984-09-04,1984-09-07,0,True,True
1984-09-14,1.5183267328474257,1.5536366033991542,1.5042030532783437,1.5395126342773438,5,0,0,1984-09-10,1984-09-14,0,True,True
1984-09-21,1.5253891659222441,1.5677608251571655,1.5253886651555333,1.5395126342773438,5,0,0,1984-09-17,1984-09-21,0,True,True
1984-09-28,1.546574618838249,1.6030717212541969,1.5395126342773438,1.5960097312927246,5,0,0,1984-09-24,1984-09-28,0,True,True
1984-10-05,1.5960092250471072,1.6383810332327178,1.5889472373256599,1.6313190460205078,5,0,0,1984-10-01,1984-10-05,0,True,True
1984-10-12,1.6383800506591797,1.638380942137345,1.6171944141387939,1.6313190460205078,5,0,0,1984-10-08,1984-10-12,0,True,True
1984-10-19,1.6313186341600867,1.7090002682249426,1.6242566487308223,1.666628360748291,5,0,0,1984-10-15,1984-10-19,0,True,True
1984-10-26,1.6736910022222078,1.6736910022222078,1.6030702339975456,1.6101322174072266,5,0,0,1984-10-22,1984-10-26,0,True,True
1984-11-02,1.6101322174072266,1.6473016959455045,1.5969461059570313,1.6113336086273193,5,0,0,1984-10-29,1984-11-02,0,True,True
1984-11-09,1.6041411989558059,1.6473016959455045,1.6041411989558059,1.6257215738296509,5,0,0,1984-11-05,1984-11-09,0,True,True
1984-11-16,1.6257199096679689,1.6257199096679689,1.5825595726837982,1.5969464778900146,5,0,0,1984-11-12,1984-11-16,0,True,True
1984-11-23,1.5897543430328369,1.6185264587402344,1.5681726867205477,1.6185264587402344,4,0,0,1984-11-19,1984-11-23,0,True,True
1984-11-30,1.6329150321209325,1.6401084904122141,1.6113330078125001,1.6329147815704346,5,0,0,1984-11-26,1984-11-30,0,True,True
1984-12-07,1.6257213243828996,1.6544951531330394,1.6185278671953647,1.6473003625869751,5,0,0,1984-12-03,1984-12-07,0,True,True
1984-12-14,1.6544938087463379,1.7120423316955566,1.6473003574039626,1.7120423316955566,5,0,0,1984-12-10,1984-12-14,0,True,True
1984-12-21,1.7264284853075371,1.7983630055286846,1.7192350332854225,1.7408150434494019,5,0,0,1984-12-17,1984-12-21,0,True,True
1984-12-28,1.7552026583824629,1.7552026583824629,1.7264282653935223,1.7336217164993286,4,0,0,1984-12-24,1984-12-28,0,True,True
1985-01-04,1.7336228601331634,1.7695901393890381,1.7192348192135491,1.7192357778549194,4,0,0,1984-12-31,1985-01-04,0,True,True
1985-01-11,1.7192348192135491,1.7623961119004239,1.7192348192135491,1.7408150434494019,5,0,0,1985-01-07,1985-01-11,0,True,True
1985-01-18,1.748009204864502,1.7552019446349341,1.7192348142877159,1.7336217164993286,5,0,0,1985-01-14,1985-01-18,0,True,True
1985-01-25,1.7264282703399658,1.7623955259720483,1.7192348192135491,1.7336217164993286,5,0,0,1985-01-21,1985-01-25,0,True,True
1985-02-01,1.7336217214663823,1.7480084940421678,1.724669794409962,1.739348292350769,5,0,0,1985-01-28,1985-02-01,0,True,True
1985-02-08,1.7393481521045462,1.7907205820083618,1.7393481521045462,1.7833821773529053,5,0,0,1985-02-04,1985-02-08,0,True,True
1985-02-15,1.7760427186103283,1.8127372264862061,1.7687036991119385,1.8127372264862061,5,0,0,1985-02-11,1985-02-15,0,True,True
1985-02-22,1.8127385595949685,1.8127396632213981,1.783381563229639,1.7907205820083618,4,0,0,1985-02-19,1985-02-22,0,True,True
1985-03-01,1.7833812404270013,1.8053995370864868,1.7687032055263676,1.8053995370864868,5,0,0,1985-02-25,1985-03-01,0,True,True
1985-03-08,1.8054006362447934,1.8054006362447934,1.783381563229639,1.8053995370864868,5,0,0,1985-03-04,1985-03-08,0,True,True
1985-03-15,1.7980616092681885,1.8127396632213981,1.7980605145780053,1.7980616092681885,5,0,0,1985-03-11,1985-03-15,0,True,True
1985-03-22,1.8127385595949685,1.8127385595949685,1.7980591922636455,1.8127372264862061,5,0,0,1985-03-18,1985-03-22,0,True,True
1985-03-29,1.8053991390812782,1.8934673070907593,1.8053991390812782,1.8934673070907593,5,0,0,1985-03-25,1985-03-29,0,True,True
1985-04-05,1.8861282865206399,1.9081452675163746,1.864110927955777,1.8714499473571777,4,0,0,1985-04-01,1985-04-04,0,True,True
1985-04-12,1.9008062275467215,1.9081447124481201,1.8787891669959873,1.9081447124481201,5,0,0,1985-04-08,1985-04-12,0,True,True
1985-04-19,1.9228240992083694,1.9521799303450675,1.9154846251237527,1.9301626682281494,5,0,0,1985-04-15,1985-04-19,0,True,True
1985-04-26,1.9301631224877907,1.97419613151622,1.9301620170586091,1.9521790742874146,5,0,0,1985-04-22,1985-04-26,0,True,True
1985-05-03,1.9448407113325459,1.9521797328847441,1.9081447124481201,1.929081916809082,5,0,0,1985-04-29,1985-05-03,0,True,True
1985-05-10,1.9216048551160234,1.9664666652679443,1.914127793422965,1.9664666652679443,5,0,0,1985-05-06,1985-05-10,0,True,True
1985-05-17,1.958990182840463,2.1234846660069056,1.958990182840463,2.0935764312744141,5,0,0,1985-05-13,1985-05-17,0,True,True
1985-05-24,2.0860996686893962,2.1010537881782092,2.026282761123154,2.0860998630523682,5,0,0,1985-05-20,1985-05-24,0,True,True
1985-05-31,2.086098442832343,2.1234848499298096,2.0711443321310359,2.1234848499298096,4,0,0,1985-05-28,1985-05-31,0,True,True
1985-06-07,2.1384379648500018,2.1533930442889808,2.1309609090288482,2.1533920764923096,5,0,0,1985-06-03,1985-06-07,0,True,True
1985-06-14,2.1533920764923096,2.2356417179107666,2.1384379648500018,2.2356417179107666,5,0,0,1985-06-10,1985-06-14,0,True,True
1985-06-21,2.22816231776092,2.2580726146697998,2.2057311534881592,2.2580726146697998,5,0,0,1985-06-17,1985-06-21,0,True,True
1985-06-28,2.2505941510200498,2.2505941510200498,2.1832995333362359,2.2206861972808838,5,0,0,1985-06-24,1985-06-28,0,True,True
1985-07-05,2.2132105301056417,2.2730250358581543,2.2057334675039337,2.2730250358581543,4,0,0,1985-07-01,1985-07-05,0,True,True
1985-07-12,2.2580726818750367,2.2655482649803163,2.2132103107119567,2.2356417179107666,5,0,0,1985-07-08,1985-07-12,0,True,True
1985-07-19,2.2281632551841866,2.2431173709907917,2.213209139377581,2.2281644344329834,5,0,0,1985-07-15,1985-07-19,0,True,True
1985-07-26,2.2132084580505786,2.2132084580505786,2.0113281527432529,2.0636684894561768,5,0,0,1985-07-22,1985-07-26,0,True,True
1985-08-02,2.0337600207953863,2.0702936243127894,1.958989056512769,2.0398473739624023,5,0,0,1985-07-29,1985-08-02,0,True,True
1985-08-09,2.0398473739624023,2.0626830709024877,2.0094018907689337,2.0474603176116943,5,0,0,1985-08-05,1985-08-09,0,True,True
1985-08-16,2.0626833438873291,2.0779060991927705,2.0246250629425049,2.0246250629425049,5,0,0,1985-08-12,1985-08-16,0,True,True
1985-08-23,2.0246261876755045,2.13118577003479,2.0246261876755045,2.1159608364105225,5,0,0,1985-08-19,1985-08-23,0,True,True
1985-08-30,2.1159608364105225,2.1235756874084473,2.0855153567499394,2.1235756874084473,5,0,0,1985-08-26,1985-08-30,0,True,True
1985-09-06,2.1159632942893287,2.1159632942893287,2.0702946186065674,2.0855178833007812,4,0,0,1985-09-03,1985-09-06,0,True,True
1985-09-13,2.077906504164647,2.0931292624369155,1.9561224434826825,1.9713451862335205,5,0,0,1985-09-09,1985-09-13,0,True,True
1985-09-20,1.9713454560229653,2.0702936243127894,1.9713454560229653,2.0550708770751953,5,0,0,1985-09-16,1985-09-20,0,True,True
1985-09-27,2.0626830709024877,2.0702944475478842,2.032236003164035,2.0398473739624023,4,0,0,1985-09-23,1985-09-26,0,True,True
1985-10-04,2.0474595034563983,2.1007402650602574,2.0398481298376012,2.1007399559020996,5,0,0,1985-09-30,1985-10-04,0,True,True
1985-10-11,2.0855177792635833,2.1083519155328925,2.0398495067249645,2.1007399559020996,5,0,0,1985-10-07,1985-10-11,0,True,True
1985-10-18,2.1007399559020996,2.1159627092057378,2.0702947539724272,2.0855178833007812,5,0,0,1985-10-14,1985-10-18,0,True,True
1985-10-25,2.0931280046593841,2.1692417666945656,2.0855166300969863,2.161630392074585,5,0,0,1985-10-21,1985-10-25,0,True,True
1985-11-01,2.1768531413145467,2.2137507465618662,2.1464072107435106,2.1827871799468994,5,0,0,1985-10-28,1985-11-01,0,True,True
1985-11-08,2.1827867031097412,2.190527081489563,2.1208654577081854,2.1518251895904541,5,0,0,1985-11-04,1985-11-08,0,True,True
1985-11-15,2.151825656353588,2.2292294569418463,2.151825656353588,2.2060091495513916,5,0,0,1985-11-11,1985-11-15,0,True,True
1985-11-22,2.1905279043244152,2.2601931095123291,2.1673077879280878,2.2601931095123291,5,0,0,1985-11-18,1985-11-22,0,True,True
1985-11-29,2.2524520224538342,2.2679334968736726,2.2369712525400622,2.2601931095123291,4,0,0,1985-11-25,1985-11-29,0,True,True
1985-12-06,2.2601922811921109,2.2679326657167418,2.2369711276182196,2.2524518966674805,5,0,0,1985-12-02,1985-12-06,0,True,True
1985-12-13,2.2601916708913792,2.3221145904183786,2.2524512884568195,2.3143742084503174,5,0,0,1985-12-09,1985-12-13,0,True,True
1985-12-20,2.3375956825181547,2.3995175377115028,2.314373367018514,2.3917782306671143,5,0,0,1985-12-16,1985-12-20,0,True,True
1985-12-27,2.3840377253870808,2.4072588720629291,2.3530756176877099,2.3995184898376465,4,0,0,1985-12-23,1985-12-27,0,True,True
1986-01-03,2.3995186132906325,2.4614428360755514,2.384037848043596,2.453702449798584,4,0,0,1985-12-30,1986-01-03,0,True,True
1986-01-10,2.4614419937133789,2.5311055183410645,2.3762974654200777,2.4072587490081787,5,0,0,1986-01-06,1986-01-10,0,True,True
1986-01-17,2.3995187469557218,2.4072591300104178,2.3298554217229124,2.3530764579772949,5,0,0,1986-01-13,1986-01-17,0,True,True
1986-01-24,2.3608159980090511,2.3995184898376465,2.3453352373663687,2.3995184898376465,5,0,0,1986-01-20,1986-01-24,0,True,True
1986-01-31,2.4149991171700615,2.5156244172812992,2.3995183535984586,2.5001437664031982,5,0,0,1986-01-27,1986-01-31,0,True,True
1986-02-07,2.5001439829485133,2.5388459021892023,2.4924035991003755,2.5311055183410645,5,0,0,1986-02-03,1986-02-07,0,True,True
1986-02-14,2.5388459021892023,2.5732853412628174,2.5024607181549077,2.5732853412628174,5,0,0,1986-02-10,1986-02-14,0,True,True
1986-02-21,2.5732845548373549,2.6677170155653309,2.5732845548373549,2.6362395286560054,4,0,0,1986-02-18,1986-02-21,0,True,True
1986-02-28,2.64411007119923,2.6677181968349375,2.6047614598702529,2.620502233505249,5,0,0,1986-02-24,1986-02-28,0,True,True
1986-03-07,2.6047623353163885,2.6441081364949546,2.5181982252332902,2.5575447082519531,5,0,0,1986-03-03,1986-03-07,0,True,True
1986-03-14,2.557544810015981,2.6441104412078857,2.557544810015981,2.6441104412078857,5,0,0,1986-03-10,1986-03-14,0,True,True
1986-03-21,2.6441104412078857,2.6441104412078857,2.5496753399188701,2.5654149055480957,5,0,0,1986-03-17,1986-03-21,0,True,True
1986-03-28,2.5732843544548007,2.6755857608727451,2.5654149833402604,2.6598470211029053,4,0,0,1986-03-24,1986-03-27,0,True,True
1986-04-04,2.6441085030050839,2.7228044988123203,2.6441085030050839,2.6441104412078857,5,0,0,1986-03-31,1986-04-04,0,True,True
1986-04-11,2.6362408787371168,2.6991940968176897,2.581155248435147,2.6755859851837158,5,0,0,1986-04-07,1986-04-11,0,True,True
1986-04-18,2.6991951465606689,2.8251044750213623,2.6834563993504026,2.8251044750213623,5,0,0,1986-04-14,1986-04-18,0,True,True
1986-04-25,2.8172345015737745,2.848711982038286,2.7464111738584256,2.7700192928314205,5,0,0,1986-04-21,1986-04-25,0,True,True
1986-05-02,2.7700194225691663,2.7857576317565385,2.64411007119923,2.6677184104919434,5,0,0,1986-04-28,1986-05-02,0,True,True
1986-05-09,2.6677159795843561,2.7464096662977591,2.6677159795843561,2.7099418640136714,5,0,0,1986-05-05,1986-05-09,0,True,True
1986-05-16,2.7019479352112716,2.7259302139282231,2.6859600776064712,2.6939544677734375,5,0,0,1986-05-12,1986-05-16,0,True,True
1986-05-23,2.6939549396435418,2.7658998715250114,2.6859593784107885,2.7339241504669189,5,0,0,1986-05-19,1986-05-23,0,True,True
1986-05-30,2.7499103656713513,2.7978742020177978,2.7419164401897484,2.7738921642303471,4,0,0,1986-05-27,1986-05-30,0,True,True
1986-06-06,2.7738938144473146,2.7898816750493163,2.6220090962305269,2.6779646873474121,5,0,0,1986-06-02,1986-06-06,0,True,True
1986-06-13,2.6619774786437427,2.6779670665364064,2.5580571101262017,2.6699731349945068,5,0,0,1986-06-09,1986-06-13,0,True,True
1986-06-20,2.6699731349945068,2.7099420953784468,2.6539852719107073,2.7019481658935547,5,0,0,1986-06-16,1986-06-20,0,True,True
1986-06-27,2.7019481658935547,2.8138620546007567,2.6859603069237705,2.7898802757263184,5,0,0,1986-06-23,1986-06-27,0,True,True
1986-07-04,2.7978763701895475,2.8458399651070829,2.7818885052170357,2.821858167648315,4,0,0,1986-06-30,1986-07-03,0,True,True
1986-07-11,2.8058695793151855,2.8698196411132808,2.7499103875943498,2.8698196411132808,5,0,0,1986-07-07,1986-07-11,0,True,True
1986-07-18,2.8778136169517432,3.029699071965104,2.8618257635242332,3.0137112140655522,5,0,0,1986-07-14,1986-07-18,0,True,True
1986-07-25,3.0696699662642049,3.2295465374702856,3.0616760340603917,3.2215526103973393,5,0,0,1986-07-21,1986-07-25,0,True,True
1986-08-01,3.2055651548550212,3.2135590829219915,3.1256263617313267,3.1655960083007812,5,0,0,1986-07-28,1986-08-01,0,True,True
1986-08-08,3.1576032467815272,3.1851677408023753,3.1176335854298625,3.17706298828125,5,0,0,1986-08-04,1986-08-08,0,True,True
1986-08-15,3.1851654195073826,3.282422378881654,3.1851654195073826,3.2500050067901607,5,0,0,1986-08-11,1986-08-15,0,True,True
1986-08-22,3.2500044780969621,3.4283089950716299,3.2256902301311494,3.371576070785522,5,0,0,1986-08-18,1986-08-22,0,True,True
1986-08-29,3.3715771132824464,3.4202034712978526,3.3067390918731685,3.371576070785522,5,0,0,1986-08-25,1986-08-29,0,True,True
1986-09-05,3.3715746268007623,3.3877841201988428,3.1284327250260575,3.1608517169952397,4,0,0,1986-09-02,1986-09-05,0,True,True
1986-09-12,3.1446423000759554,3.1851660410563154,2.8528707192545122,2.9258134365081787,5,0,0,1986-09-08,1986-09-12,0,True,True
1986-09-19,2.958233646356343,2.9987573949365669,2.8933944510621048,2.9258134365081787,5,0,0,1986-09-15,1986-09-19,0,True,True
1986-09-26,2.925814493956973,2.974443456980103,2.8933952904013207,2.9096047878265381,5,0,0,1986-09-22,1986-09-26,0,True,True
1986-10-03,2.9177105326048087,2.9258149535962321,2.8528725207691461,2.9177093505859379,5,0,0,1986-09-29,1986-10-03,0,True,True
1986-10-10,2.92581454541657,2.9582335431497175,2.8933952904013207,2.9096047878265381,5,0,0,1986-10-06,1986-10-10,0,True,True
1986-10-17,2.9177093505859379,2.9501276755927339,2.8933963861254699,2.9258134365081787,5,0,0,1986-10-13,1986-10-17,0,True,True
1986-10-24,2.9177103924150227,2.9339188469780817,2.8852897047005861,2.9177093505859379,5,0,0,1986-10-20,1986-10-24,0,True,True
1986-10-31,2.9177097446662339,3.047385054682918,2.9096049953754943,3.0311777591705322,5,0,0,1986-10-27,1986-10-31,0,True,True
1986-11-07,3.0392793219859207,3.1365367816519858,3.0392793219859207,3.0798041820526123,5,0,0,1986-11-03,1986-11-07,0,True,True
1986-11-14,3.079803268630783,3.1722559755047159,3.079803268630783,3.1558194160461426,5,0,0,1986-11-10,1986-11-14,0,True,True
1986-11-21,3.1393818967336151,3.2133467093492167,3.0900736006479415,3.2051284313201904,5,0,0,1986-11-17,1986-11-21,0,True,True
1986-11-28,3.1886928630780571,3.2708756688274918,3.1886928630780571,3.2462208271026616,4,0,0,1986-11-24,1986-11-28,0,True,True
1986-12-05,3.2215673923492432,3.2462189070464391,3.1393818967336151,3.1476001739501953,5,0,0,1986-12-01,1986-12-05,0,True,True
1986-12-12,3.1476004334239218,3.1886937618255615,3.1229455997417501,3.1476001739501953,5,0,0,1986-12-08,1986-12-12,0,True,True
1986-12-19,3.1393826469894526,3.2133471596148584,3.1311643678088519,3.1886937618255615,5,0,0,1986-12-15,1986-12-19,0,True,True
1986-12-26,3.1722552244431701,3.1804735022267017,3.0982911869099263,3.1065101623535156,4,0,0,1986-12-22,1986-12-26,0,True,True
1987-01-02,3.1065108719175623,3.1886937618255615,3.0572014057889896,3.1886937618255615,4,0,0,1986-12-29,1987-01-02,0,True,True
1987-01-09,3.188690977048148,3.2626569180777576,3.1722544256200647,3.2544386386871338,5,0,0,1987-01-05,1987-01-09,0,True,True
1987-01-16,3.2544371827604808,3.2873112849084194,3.2215640799043141,3.2626564502716064,5,0,0,1987-01-12,1987-01-16,0,True,True
1987-01-23,3.2626569450349736,3.4105855417840276,3.2297838272008681,3.3284027576446538,5,0,0,1987-01-19,1987-01-23,0,True,True
1987-01-30,3.311965974093658,3.4188036918640141,3.1886918752621383,3.2215673923492432,5,0,0,1987-01-26,1987-01-30,0,True,True
1987-02-06,3.2297833374225222,3.2873120307922359,3.2051285027857088,3.2790935039520264,5,0,0,1987-02-02,1987-02-06,0,True,True
1987-02-13,3.2626554584745224,3.2708737341885641,3.0463938068699195,3.0964727401733394,5,0,0,1987-02-09,1987-02-13,0,True,True
1987-02-20,3.0797793865203857,3.1298571001223432,3.0380485377899591,3.0463948249816895,4,0,0,1987-02-17,1987-02-20,0,True,True
1987-02-27,3.0463938365925798,3.0630879095994707,2.9796249030044728,3.0046622753143311,5,0,0,1987-02-23,1987-02-27,0,True,True
1987-03-06,3.0130085594124263,3.0964700009511863,2.9712780174596349,3.0380475521087646,5,0,0,1987-03-02,1987-03-06,0,True,True
1987-03-13,3.0046622753143311,3.0380483099868179,2.9712762832641597,2.9712762832641597,5,0,0,1987-03-09,1987-03-13,0,True,True
1987-03-20,2.9545855844524547,3.0213563442230225,2.9378930105289944,3.0213563442230225,5,0,0,1987-03-16,1987-03-20,0,True,True
1987-03-27,3.0046637677356025,3.0297018153421726,2.9128525990706224,2.9295451641082764,5,0,0,1987-03-23,1987-03-27,0,True,True
1987-04-03,2.8627758703370025,2.8961613924182648,2.821044478796225,2.8794684410095215,5,0,0,1987-03-30,1987-04-03,0,True,True
1987-04-10,2.8878137515141415,2.9295451641082764,2.8377366065979004,2.8377366065979004,5,0,0,1987-04-06,1987-04-10,0,True,True
1987-04-17,2.8377379122234525,2.9211984931220241,2.6875034170928678,2.8961596488952637,4,0,0,1987-04-13,1987-04-16,0,True,True
1987-04-24,2.8878139151543123,2.9796254634857178,2.7960064723378135,2.8043527603149414,5,0,0,1987-04-20,1987-04-24,0,True,True
1987-05-01,2.7709665298461914,2.9211998676908189,2.7459276756608344,2.8544299602508545,5,0,0,1987-04-27,1987-05-01,0,True,True
1987-05-08,2.8627750661789859,2.9212004494393011,2.8357618428125577,2.8612327575683594,5,0,0,1987-05-04,1987-05-08,0,True,True
1987-05-15,2.8782131474399,2.954624606005718,2.8527421951293945,2.8527421951293945,5,0,0,1987-05-11,1987-05-15,0,True,True
1987-05-22,2.8442535099682509,2.8697244369231902,2.7168963641943207,2.8102905750274658,5,0,0,1987-05-18,1987-05-22,0,True,True
1987-05-29,2.8102906743685403,2.9291566916271647,2.8102906743685403,2.8782148361206055,4,0,0,1987-05-26,1987-05-29,0,True,True
1987-06-05,2.8951954546227916,2.9461343054137479,2.8612342176184189,2.9376440048217773,5,0,0,1987-06-01,1987-06-05,0,True,True
1987-06-12,2.9376440048217773,3.0225490996925415,2.9121731030458657,2.9970781803131104,5,0,0,1987-06-08,1987-06-12,0,True,True
1987-06-19,3.0140588283538818,3.0310397148132324,2.9800978708667913,3.0225474834442143,5,0,0,1987-06-15,1987-06-19,0,True,True
1987-06-26,3.014057718611693,3.0819809436798096,3.014057718611693,3.0565083026885991,5,0,0,1987-06-22,1987-06-26,0,True,True
1987-07-03,3.0565083026885991,3.0565092357752381,2.9885878738532998,2.9970781803131104,4,0,0,1987-06-29,1987-07-02,0,True,True
1987-07-10,2.9970781803131104,3.0140587932327314,2.9885862318135925,3.0055668354034424,5,0,0,1987-07-06,1987-07-10,0,True,True
1987-07-17,2.9970781803131104,3.0140587932327314,2.9631176307330445,2.9800982475280762,5,0,0,1987-07-13,1987-07-17,0,True,True
1987-07-24,2.9800972383597801,2.9800972383597801,2.8527439083673256,2.8782148361206055,5,0,0,1987-07-20,1987-07-24,0,True,True
1987-07-31,2.8951952763271054,2.954624606005718,2.8782146588706414,2.9291534423828125,5,0,0,1987-07-27,1987-07-31,0,True,True
1987-08-07,2.9376457107478173,3.0055668354034424,2.9206650997030321,3.0055668354034424,5,0,0,1987-08-03,1987-08-07,0,True,True
1987-08-14,3.014057718611693,3.1504843116465193,3.0055674151789842,3.1245899200439453,5,0,0,1987-08-10,1987-08-14,0,True,True
1987-08-21,3.1418511609951878,3.1504826202286909,3.0555362981908463,3.1073262691497803,5,0,0,1987-08-17,1987-08-21,0,True,True
1987-08-28,3.0900619129616569,3.1073255379106746,3.0382719174998343,3.0469033718109131,5,0,0,1987-08-24,1987-08-28,0,True,True
1987-09-04,3.0469057627316922,3.0728001459843695,2.9605913286623746,2.9864859580993652,5,0,0,1987-08-31,1987-09-04,0,True,True
1987-09-11,2.9692222995591231,3.0382740347726007,2.9519593792128491,3.0210111141204834,4,0,0,1987-09-08,1987-09-11,0,True,True
1987-09-18,3.012379432266409,3.0382740347726007,2.9864859580993652,2.9864859580993652,5,0,0,1987-09-14,1987-09-18,0,True,True
1987-09-25,2.9951174204060109,3.0210113388368449,2.9692223521641323,2.9951155185699467,5,0,0,1987-09-21,1987-09-25,0,True,True
1987-10-02,3.0296425744465423,3.0900618829084245,3.0037481934683665,3.0727989673614502,5,0,0,1987-09-28,1987-10-02,0,True,True
1987-10-09,3.0727992151297778,3.0986940780831449,3.0555369927849565,3.0727989673614502,5,0,0,1987-10-05,1987-10-09,0,True,True
1987-10-16,3.081430455104222,3.1850096917414406,3.0037473343873087,3.0986933708190914,5,0,0,1987-10-12,1987-10-16,0,True,True
1987-10-23,3.0382761128743487,3.0382761128743487,2.589439868927002,3.0296423435211182,5,0,0,1987-10-19,1987-10-23,0,True,True
1987-10-30,3.0037486366603683,3.0382747319392385,2.9260650062283808,2.9864859580993652,5,0,0,1987-10-26,1987-10-30,0,True,True
1987-11-06,3.0037488827126562,3.1504823413549685,2.9692225730282136,3.1073262691497803,5,0,0,1987-11-02,1987-11-06,0,True,True
1987-11-13,3.1073250490076405,3.1417270965790478,3.0296423994629076,3.0627443790435791,5,0,0,1987-11-09,1987-11-13,0,True,True
1987-11-20,3.0978486074720109,3.0978486074720109,3.0276412916046844,3.0539700984954834,5,0,0,1987-11-16,1987-11-20,0,True,True
1987-11-27,3.0364170634644081,3.0802962869319859,2.9837634397107502,3.0100903511047363,4,0,0,1987-11-23,1987-11-27,0,True,True
1987-12-04,2.9925382804302942,2.9925382804302942,2.9047805595965612,2.9662113189697261,5,0,0,1987-11-30,1987-12-04,0,True,True
1987-12-11,2.9837627410888672,3.0451931953430176,2.931106633885324,2.9574339389801025,5,0,0,1987-12-07,1987-12-11,0,True,True
1987-12-18,2.9749876648880713,3.0802962869319859,2.9662118900653929,3.0188665390014648,5,0,0,1987-12-14,1987-12-18,0,True,True
1987-12-25,3.0188665390014648,3.0188665390014648,2.9574355458366797,2.9662113189697261,4,0,0,1987-12-21,1987-12-24,0,True,True
1988-01-01,2.9749865567506251,2.9749865567506251,2.9223327008550037,2.9311084747314453,4,0,0,1987-12-28,1987-12-31,0,True,True
1988-01-08,2.9486594748707997,3.0802969627602157,2.9486594748707997,3.0188665390014648,5,0,0,1988-01-04,1988-01-08,0,True,True
1988-01-15,3.0364165292148697,3.1153996106226565,2.9574354227851418,3.0802965164184575,5,0,0,1988-01-11,1988-01-15,0,True,True
1988-01-22,3.0890713923395019,3.2294845685854061,3.0890713923395019,3.1943814754486084,5,0,0,1988-01-18,1988-01-22,0,True,True
1988-01-29,3.2207085470790449,3.3172438144683842,3.1943812292555105,3.3172438144683842,5,0,0,1988-01-25,1988-01-29,0,True,True
1988-02-05,3.3260161781311033,3.3347919464111326,3.1943814754486084,3.1943814754486084,5,0,0,1988-02-01,1988-02-05,0,True,True
1988-02-12,3.1856057643890381,3.2207070546607444,3.1241753501997178,3.1856057643890381,5,0,0,1988-02-08,1988-02-12,0,True,True
1988-02-19,3.1768294599321156,3.1856057643890381,3.1066227560283757,3.1856057643890381,4,0,0,1988-02-16,1988-02-19,0,True,True
1988-02-26,3.185606973235672,3.2821405178791769,3.1329497704958782,3.1417255401611328,5,0,0,1988-02-22,1988-02-26,0,True,True
1988-03-04,3.1505026705665693,3.2031562321734226,3.1241744155671274,3.1505017280578618,5,0,0,1988-02-29,1988-03-04,0,True,True
1988-03-11,3.1505018503064814,3.1505018503064814,3.0100913468123855,3.0364186763763423,5,0,0,1988-03-07,1988-03-11,0,True,True
1988-03-18,3.018865876651291,3.1505013098263874,3.0188655197449608,3.1417255401611328,5,0,0,1988-03-14,1988-03-18,0,True,True
1988-03-25,3.1505038986743337,3.1505038986743337,3.0276428998550236,3.0364186763763423,5,0,0,1988-03-21,1988-03-25,0,True,True
1988-04-01,3.0276428998550236,3.0802962869319859,3.0188665390014648,3.0188665390014648,4,0,0,1988-03-28,1988-03-31,0,True,True
1988-04-08,3.0276423138241437,3.1066229343414307,3.0013149893561075,3.1066229343414307,5,0,0,1988-04-04,1988-04-08,0,True,True
1988-04-15,3.1153983453458007,3.1154007911682129,3.0188657622406447,3.0276415348052979,5,0,0,1988-04-11,1988-04-15,0,True,True
1988-04-22,3.0451934455782612,3.0451934455782612,2.9486598241364148,3.0188665390014648,5,0,0,1988-04-18,1988-04-22,0,True,True
1988-04-29,2.9925384445466858,3.0451930799346041,2.9925384445466858,3.0188665390014648,5,0,0,1988-04-25,1988-04-29,0,True,True
1988-05-06,3.0188661247231177,3.036417556997618,2.9837619073209702,2.9837627410888672,5,0,0,1988-05-02,1988-05-06,0,True,True
1988-05-13,2.9837629172808962,3.0013144638531366,2.9253985954494013,2.9432928562164307,5,0,0,1988-05-09,1988-05-13,0,True,True
1988-05-20,2.9611826036349838,2.9969699325158157,2.925400498427881,2.9880228042602539,5,0,0,1988-05-16,1988-05-20,0,True,True
1988-05-27,2.9790766281995946,3.0685384273529053,2.9790754474810703,3.0685384273529053,5,0,0,1988-05-23,1988-05-27,0,True,True
1988-06-03,3.0864308124933486,3.2385151326821449,3.0774846362252521,3.2295689582824707,4,0,0,1988-05-31,1988-06-03,0,True,True
1988-06-10,3.2027328034521831,3.2116789844674125,3.1043227043097823,3.1669459342956543,5,0,0,1988-06-06,1988-06-10,0,True,True
1988-06-17,3.1758921038327745,3.2116761207580562,3.1311612291309046,3.1937839984893803,5,0,0,1988-06-13,1988-06-17,0,True,True
1988-06-24,3.1848390102386475,3.2474608129113496,3.1669454774936709,3.2027304172515874,5,0,0,1988-06-20,1988-06-24,0,True,True
1988-07-01,3.2027328034521831,3.2027328034521831,3.1132698113577706,3.1579997539520264,5,0,0,1988-06-27,1988-07-01,0,True,True
1988-07-08,3.1311612344731046,3.1758921092512917,3.1043236337389262,3.1132705211639409,4,0,0,1988-07-05,1988-07-08,0,True,True
1988-07-15,3.131162880480975,3.131162880480975,3.0774843837067443,3.122215747833252,5,0,0,1988-07-11,1988-07-15,0,True,True
1988-07-22,3.1311619247611411,3.1311619247611411,3.0774843837067443,3.0864307880401611,5,0,0,1988-07-18,1988-07-22,0,True,True
1988-07-29,3.0864319808221277,3.1579997539520264,3.0864319808221277,3.1579997539520264,5,0,0,1988-07-25,1988-07-29,0,True,True
1988-08-05,3.1490557173608056,3.2295684668347029,3.1490557173608056,3.1937839984893803,5,0,0,1988-08-01,1988-08-05,0,True,True
1988-08-12,3.1937851872337002,3.2027313642287525,3.1165800923886509,3.143918514251709,5,0,0,1988-08-08,1988-08-12,0,True,True
1988-08-19,3.1256932412876801,3.1439199211985565,3.0710159466763045,3.1348071098327632,5,0,0,1988-08-15,1988-08-19,0,True,True
1988-08-26,3.1348071098327632,3.1530327325643492,3.1165814871011777,3.1348071098327632,5,0,0,1988-08-22,1988-08-26,0,True,True
1988-09-02,3.1439199211985565,3.1530327325643492,3.0892420081531298,3.1530318260192876,5,0,0,1988-08-29,1988-09-02,0,True,True
1988-09-09,3.1712589699881413,3.2259355848361566,3.1439202733572711,3.1803715229034424,4,0,0,1988-09-06,1988-09-09,0,True,True
1988-09-16,3.180371166661728,3.1985971476765278,3.1165805910364055,3.1803715229034424,5,0,0,1988-09-12,1988-09-16,0,True,True
1988-09-23,3.1712585188384752,3.2168214056979529,3.1621457070027321,3.2077085971832275,5,0,0,1988-09-19,1988-09-23,0,True,True
1988-09-30,3.2259353898529315,3.2714988691132274,3.1803713306742178,3.2532732486724854,5,0,0,1988-09-26,1988-09-30,0,True,True
1988-10-07,3.2532732486724854,3.3444005907398382,3.2441604384521141,3.3261749744415283,5,0,0,1988-10-03,1988-10-07,0,True,True
1988-10-14,3.3170626163482666,3.3170626163482666,3.2532732486724854,3.2532732486724854,5,0,0,1988-10-10,1988-10-14,0,True,True
1988-10-21,3.2532754130869606,3.3170634773042469,3.2441609832975602,3.3170626163482666,5,0,0,1988-10-17,1988-10-21,0,True,True
1988-10-28,3.3170626163482666,3.3352874603060725,3.280613442206977,3.3079483509063721,5,0,0,1988-10-24,1988-10-28,0,True,True
1988-11-04,3.2988382707471438,3.408192375070608,3.289725457844527,3.3626255989074707,5,0,0,1988-10-31,1988-11-04,0,True,True
1988-11-11,3.3535151260750169,3.3808526992797856,3.2640156049406928,3.3011066913604736,5,0,0,1988-11-07,1988-11-11,0,True,True
1988-11-18,3.3196520377941825,3.37528943482724,3.2825611481505832,3.319652795791626,5,0,0,1988-11-14,1988-11-18,0,True,True
1988-11-25,3.3196512615911851,3.3474695682525635,3.2825611481505832,3.3011066913604736,4,0,0,1988-11-21,1988-11-25,0,True,True
1988-12-02,3.3011073663201129,3.3474709577030604,3.2732890458174153,3.319652795791626,5,0,0,1988-11-28,1988-12-02,0,True,True
1988-12-09,3.3103784927040589,3.3845617771148682,3.3011057238169328,3.3845617771148682,5,0,0,1988-12-05,1988-12-09,0,True,True
1988-12-16,3.4031067760333138,3.4401978580609249,3.4031067760333138,3.4216523170471191,5,0,0,1988-12-12,1988-12-16,0,True,True
1988-12-23,3.4123791153366505,3.4587442874908447,3.4123791153366505,3.4587442874908447,5,0,0,1988-12-19,1988-12-23,0,True,True
1988-12-30,3.4494709968566895,3.458743768353616,3.4216518846718045,3.4494709968566895,4,0,0,1988-12-27,1988-12-30,0,True,True
1989-01-06,3.4680161695816332,3.4680161695816332,3.4123791153366505,3.4216523170471191,4,0,0,1989-01-03,1989-01-06,0,True,True
1989-01-13,3.4494706285678278,3.4680165398505425,3.4123795465402167,3.4401965141296387,5,0,0,1989-01-09,1989-01-13,0,True,True
1989-01-20,3.4401982253597625,3.4772918224334717,3.4401982253597625,3.4772918224334717,5,0,0,1989-01-16,1989-01-20,0,True,True
1989-01-27,3.4772898332682756,3.5051101570129393,3.4494721465781137,3.4772918224334717,5,0,0,1989-01-23,1989-01-27,0,True,True
1989-02-03,3.4772899556667247,3.5051087941035672,3.4401988628062794,3.4772918224334717,5,0,0,1989-01-30,1989-02-03,0,True,True
1989-02-10,3.4865628869775782,3.4865628869775782,3.4199937171515682,3.4577865600585938,5,0,0,1989-02-06,1989-02-10,0,True,True
1989-02-17,3.4577865600585938,3.4766786958888867,3.4105470937918567,3.4199945926666264,5,0,0,1989-02-13,1989-02-17,0,True,True
1989-02-24,3.4199979697097307,3.4294454779133487,3.3538616473755143,3.3633091449737549,4,0,0,1989-02-21,1989-02-24,0,True,True
1989-03-03,3.3538616473755143,3.4199956390592789,3.3538616473755143,3.4011006355285645,5,0,0,1989-02-27,1989-03-03,0,True,True
1989-03-10,3.4105470937918567,3.4199979697097307,3.382204532623291,3.382204532623291,5,0,0,1989-03-06,1989-03-10,0,True,True
1989-03-17,3.3822052313680464,3.4672340643210489,3.3822052313680464,3.4294412136077876,5,0,0,1989-03-13,1989-03-17,0,True,True
1989-03-24,3.4294420915413961,3.4388902352457236,3.401099594917087,3.4011006355285645,4,0,0,1989-03-20,1989-03-23,0,True,True
1989-03-31,3.401099594917087,3.4577865600585938,3.401099594917087,3.4577865600585938,5,0,0,1989-03-27,1989-03-31,0,True,True
1989-04-07,3.4672340643210489,3.4766800553831332,3.438890054781143,3.476679801940918,5,0,0,1989-04-03,1989-04-07,0,True,True
1989-04-14,3.4672323024791218,3.5239165671109514,3.4577848030173262,3.5144703388214107,5,0,0,1989-04-10,1989-04-14,0,True,True
1989-04-21,3.5050215721130371,3.5617072582244877,3.4955740746140802,3.5428123474121094,5,0,0,1989-04-17,1989-04-21,0,True,True
1989-04-28,3.5239171861334051,3.5711579322814937,3.4766798502604166,3.5711579322814937,5,0,0,1989-04-24,1989-04-28,0,True,True
1989-05-05,3.5711547575831735,3.599497960115734,3.552259758865802,3.5900504589080811,5,0,0,1989-05-01,1989-05-05,0,True,True
1989-05-12,3.5617071827675435,3.6954570401742006,3.5333646852919398,3.6858334541320805,5,0,0,1989-05-08,1989-05-12,0,True,True
1989-05-19,3.685834874170387,3.8109430866387055,3.6665876946708025,3.7820723056793213,5,0,0,1989-05-15,1989-05-19,0,True,True
1989-05-26,3.7916955295997328,3.8398131872668415,3.7820719368850129,3.8205652236938477,5,0,0,1989-05-22,1989-05-26,0,True,True
1989-06-02,3.8398138675980897,3.8494374612512177,3.7532015247199375,3.8398127555847172,4,0,0,1989-05-30,1989-06-02,0,True,True
1989-06-09,3.8590604612483315,3.9071784221117771,3.8301876191783726,3.8783071041107173,5,0,0,1989-06-05,1989-06-09,0,True,True
1989-06-16,3.8783067408903142,3.9264243882277912,3.8686831509625468,3.9071772098541255,5,0,0,1989-06-12,1989-06-16,0,True,True
1989-06-23,3.916799783706665,4.0034146308898926,3.9071761970145111,4.0034146308898926,5,0,0,1989-06-19,1989-06-23,0,True,True
1989-06-30,4.0034135643410798,4.0034135643410798,3.8879300314804599,3.9071772098541255,5,0,0,1989-06-26,1989-06-30,0,True,True
1989-07-07,3.9071797987309895,4.0034135643410798,3.8686828531067943,3.9841663837432866,4,0,0,1989-07-03,1989-07-07,0,True,True
1989-07-14,4.0034129551478799,4.1381433088454846,4.0034129551478799,4.1188955307006836,5,0,0,1989-07-10,1989-07-14,0,True,True
1989-07-21,4.0804023742675781,4.1381431988307416,4.0226609559985702,4.0611553192138672,5,0,0,1989-07-17,1989-07-21,0,True,True
1989-07-28,4.0419080122461857,4.0996496824291642,4.0226608312354895,4.0804023742675781,5,0,0,1989-07-24,1989-07-28,0,True,True
1989-08-04,4.0804011799464712,4.2151346849840738,4.0419068291922597,4.1573920249938965,5,0,0,1989-07-31,1989-08-04,0,True,True
1989-08-11,4.1766379803150624,4.3498639205111518,4.1443339871688627,4.1638827323913574,5,0,0,1989-08-07,1989-08-11,0,True,True
1989-08-18,4.1638814713717638,4.2029789499761936,4.0661371503557477,4.1052346229553223,5,0,0,1989-08-14,1989-08-18,0,True,True
1989-08-25,4.1247846709871752,4.1443334135037029,3.9879434733714874,4.0856847763061523,5,0,0,1989-08-21,1989-08-25,0,True,True
1989-09-01,4.0270417286799498,4.0856871859541215,3.9683970411618552,3.9879457950592045,5,0,0,1989-08-28,1989-09-01,0,True,True
1989-09-08,4.0270433028539028,4.0270433028539028,3.8315521021980548,3.9292957782745361,4,0,0,1989-09-05,1989-09-08,0,True,True
1989-09-15,3.9097470430592396,3.9683933305740355,3.8706496524810787,3.9097471237182617,5,0,0,1989-09-11,1989-09-15,0,True,True
1989-09-22,3.8901983880996704,3.9488445134898322,3.8901983880996704,3.9292957782745361,5,0,0,1989-09-18,1989-09-22,0,True,True
1989-09-29,3.9488461293167805,3.9488461293167805,3.8511015525972003,3.8901998996734619,5,0,0,1989-09-25,1989-09-29,0,True,True
1989-10-06,3.8706511564590227,3.9488461293167805,3.8315536700301438,3.8901998996734619,5,0,0,1989-10-02,1989-10-06,0,True,True
1989-10-13,3.9097486428879016,3.9292973861023412,3.7924541644560983,3.8120028972625732,5,0,0,1989-10-09,1989-10-13,0,True,True
1989-10-20,3.8120049268157041,3.9488461293167805,3.7924561836012645,3.9097471237182617,5,0,0,1989-10-16,1989-10-20,0,True,True
1989-10-27,3.9097470430592396,3.9488445134898322,3.8511015525972003,3.8706502914428715,5,0,0,1989-10-23,1989-10-27,0,True,True
1989-11-03,3.8706496524810787,4.1052335072932626,3.8706496524810787,4.0856847763061523,5,0,0,1989-10-30,1989-11-03,0,True,True
1989-11-10,4.0661390737634928,4.1530775010297845,4.0270415826696127,4.1332054138183594,5,0,0,1989-11-06,1989-11-10,0,True,True
1989-11-17,4.1332054138183594,4.1729454332561584,4.0735918741959791,4.1332054138183594,5,0,0,1989-11-13,1989-11-17,0,True,True
1989-11-24,4.1332053027106719,4.1729464530944824,4.0537205853508516,4.1729464530944824,4,0,0,1989-11-20,1989-11-24,0,True,True
1989-12-01,4.1530743956000888,4.371658683916845,4.1530743956000888,4.331916332244873,5,0,0,1989-11-27,1989-12-01,0,True,True
1989-12-08,4.3319166942879006,4.3319166942879006,4.2325607499410935,4.2723031044006348,5,0,0,1989-12-04,1989-12-08,0,True,True
1989-12-15,4.2723031617976996,4.4710159301757812,4.2524319843009666,4.4710159301757812,5,0,0,1989-12-11,1989-12-15,0,True,True
1989-12-22,4.5107569103747345,4.7094682429699182,4.4511427879333496,4.6697258949279785,5,0,0,1989-12-18,1989-12-22,0,True,True
1989-12-29,4.6498547209070082,4.7492119899162883,4.5902424963758737,4.6299848556518555,4,0,0,1989-12-26,1989-12-29,0,True,True
1990-01-05,4.6299849106715278,4.6498560905456543,4.4114004416125159,4.4511427879333496,4,0,0,1990-01-02,1990-01-05,0,True,True
1990-01-12,4.3915285413915468,4.4511431444872613,4.2524313926696777,4.2524313926696777,5,0,0,1990-01-08,1990-01-12,0,True,True
1990-01-19,4.2325602179375768,4.3120449168659816,4.1530743956000888,4.1928167343139648,5,0,0,1990-01-15,1990-01-19,0,True,True
1990-01-26,4.2126894579247125,4.2921742816304054,4.0139762101015215,4.2723031044006348,5,0,0,1990-01-22,1990-01-26,0,True,True
1990-02-02,4.2524318113013608,4.3915299193499839,4.1729455649570273,4.3517875671386719,5,0,0,1990-01-29,1990-02-02,0,True,True
1990-02-09,4.3517872707263843,4.4312719697350857,4.2640156589203597,4.3246397972106934,5,0,0,1990-02-05,1990-02-09,0,True,True
1990-02-16,4.3044351064241848,4.3246437219473028,4.1831805569784981,4.2235994338989258,5,0,0,1990-02-12,1990-02-16,0,True,True
1990-02-23,4.2235975334609757,4.2235975334609757,4.061930630594639,4.1023478507995605,4,0,0,1990-02-20,1990-02-23,0,True,True
1990-03-02,4.0821373289909912,4.2842247587809634,4.0821373289909912,4.2235994338989258,5,0,0,1990-02-26,1990-03-02,0,True,True
1990-03-09,4.1831808206511703,4.2640166533620736,4.1225550116562255,4.2235994338989258,5,0,0,1990-03-05,1990-03-09,0,True,True
1990-03-16,4.2438080436304997,4.3448500789946793,4.1427661822392388,4.3044328689575195,5,0,0,1990-03-12,1990-03-16,0,True,True
1990-03-23,4.3044328689575195,4.3246397972106934,4.2235968112945557,4.2438063621520996,5,0,0,1990-03-19,1990-03-23,0,True,True
1990-03-30,4.2438080436304997,4.2842247587809634,4.0821386852535593,4.2033920288085938,5,0,0,1990-03-26,1990-03-30,0,True,True
1990-04-06,4.2033908241673519,4.2842235656011676,4.1831803321838379,4.2235994338989258,5,0,0,1990-04-02,1990-04-06,0,True,True
1990-04-13,4.2235994338989258,4.2438092598548298,4.1629705429077148,4.1629705429077148,4,0,0,1990-04-09,1990-04-12,0,True,True
1990-04-20,4.1831834132854757,4.2438092598548298,3.9406795187044872,3.9810967445373535,5,0,0,1990-04-16,1990-04-20,0,True,True
1990-04-27,3.9608860164108672,3.9810960661504686,3.8396365319689112,3.8800537586212158,5,0,0,1990-04-23,1990-04-27,0,True,True
1990-05-04,3.8598449380774245,3.9608855271950745,3.8194277135949384,3.9406769275665283,5,0,0,1990-04-30,1990-05-04,0,True,True
1990-05-11,3.9608859919538402,4.238982833304056,3.9406762194277634,4.2184052467346191,5,0,0,1990-05-07,1990-05-11,0,True,True
1990-05-18,4.1978273391723633,4.2595600941601921,4.115515888327419,4.1566710472106934,5,0,0,1990-05-14,1990-05-18,0,True,True
1990-05-25,4.0949390792846678,4.1772477699048594,3.950893930288462,4.0126266479492188,5,0,0,1990-05-21,1990-05-25,0,True,True
1990-06-01,4.0126282551566961,4.09493733209277,3.8274288631620865,3.8685855865478516,4,0,0,1990-05-29,1990-06-01,0,True,True
1990-06-08,3.8685843808663321,4.0332058090524576,3.8685843808663321,3.9303195476531982,5,0,0,1990-06-04,1990-06-08,0,True,True
1990-06-15,3.9508954864187338,4.0537840468542914,3.9303179057603028,4.0332064628601074,5,0,0,1990-06-11,1990-06-15,0,True,True
1990-06-22,4.0537833897108886,4.0537833897108886,3.8685855865478516,3.8685855865478516,5,0,0,1990-06-18,1990-06-22,0,True,True
1990-06-29,3.8891642871387502,3.930317913332293,3.8274300098419189,3.8685855865478516,5,0,0,1990-06-25,1990-06-29,0,True,True
1990-07-06,3.8685840122283452,3.8891631694550211,3.7862748484457693,3.8480091094970703,4,0,0,1990-07-02,1990-07-06,0,True,True
1990-07-13,3.8480091094970703,3.9303195476531982,3.7862763430345505,3.9303195476531982,5,0,0,1990-07-09,1990-07-13,0,True,True
1990-07-20,3.9303167358277338,3.9303167358277338,3.76569685469503,3.8274300098419189,5,0,0,1990-07-16,1990-07-20,0,True,True
1990-07-27,3.8068520115769426,3.8274300098419189,3.7039641193721606,3.7862744331359863,5,0,0,1990-07-23,1990-07-27,0,True,True
1990-08-03,3.7656986825168133,4.1566724681375016,3.7656986825168133,3.9097404479980473,5,0,0,1990-07-30,1990-08-03,0,True,True
1990-08-10,3.7862744331359863,3.9097403326342182,3.76569685469503,3.7988846302032475,5,0,0,1990-08-06,1990-08-10,0,True,True
1990-08-17,3.7988854368527729,3.8198737541834511,3.6309816010973672,3.6939465999603271,5,0,0,1990-08-13,1990-08-17,0,True,True
1990-08-24,3.6939436225003974,3.6939436225003974,3.3161555101842057,3.4210963249206543,5,0,0,1990-08-20,1990-08-24,0,True,True
1990-08-31,3.4840612411499023,3.6519663333892822,3.4840604621310569,3.6519663333892822,5,0,0,1990-08-27,1990-08-31,0,True,True
1990-09-07,3.6099907956804547,3.7569093704223633,3.6099907956804547,3.6729557514190674,4,0,0,1990-09-04,1990-09-07,0,True,True
1990-09-14,3.6939449861559561,3.7149333099409332,3.5470254102418592,3.5890033245086665,5,0,0,1990-09-10,1990-09-14,0,True,True
1990-09-21,3.5680150009735283,3.6099916480438052,3.526037036671358,3.5680136680603027,5,0,0,1990-09-17,1990-09-21,0,True,True
1990-09-28,3.5680145240691772,3.568014717666355,3.442084414618356,3.5260376930236816,5,0,0,1990-09-24,1990-09-28,0,True,True
1990-10-05,3.5680137262787932,3.6939429579109984,3.5260364598241347,3.6519663333892822,5,0,0,1990-10-01,1990-10-05,0,True,True
1990-10-12,3.6939465999603271,3.7149349329146473,3.5890033245086665,3.6939465999603271,5,0,0,1990-10-08,1990-10-12,0,True,True
1990-10-19,3.6939440699986048,3.9038295169453043,3.6309791142599925,3.8408608436584477,5,0,0,1990-10-15,1990-10-19,0,True,True
1990-10-26,3.8408622881199452,3.9458040678372948,3.7778971195220947,3.7778971195220947,5,0,0,1990-10-22,1990-10-26,0,True,True
1990-11-02,3.7778975454609043,4.0297565460205078,3.7359209060668945,4.0297565460205078,5,0,0,1990-10-29,1990-11-02,0,True,True
1990-11-09,4.0297565460205078,4.0507448613643646,3.7011467093262227,3.9578747749328618,5,0,0,1990-11-05,1990-11-09,0,True,True
1990-11-16,3.9792678001079151,4.043449538819333,3.8509032726287842,3.8509032726287842,5,0,0,1990-11-12,1990-11-16,0,True,True
1990-11-23,3.9150843620300293,3.9578747749328618,3.8509032726287842,3.9150843620300293,4,0,0,1990-11-19,1990-11-23,0,True,True
1990-11-30,3.8722978363866396,3.9578734791797143,3.7653295538398659,3.9364795684814458,5,0,0,1990-11-26,1990-11-30,0,True,True
1990-12-07,3.9364812871912025,3.9578752072302854,3.8509056070348722,3.9150843620300293,5,0,0,1990-12-03,1990-12-07,0,True,True
1990-12-14,3.915086939528182,4.0434510284854523,3.8936930218258423,3.97926926612854,5,0,0,1990-12-10,1990-12-14,0,True,True
1990-12-21,4.0220538460634607,4.1076308644878932,3.9578721357539375,4.0862369537353516,5,0,0,1990-12-17,1990-12-21,0,True,True
1990-12-28,4.0862369537353516,4.1290246397256851,3.9792678001079151,4.0220556259155273,4,0,0,1990-12-24,1990-12-28,0,True,True
1991-01-04,4.0648418759542801,4.0862373646269452,4.0006617130117217,4.0220556259155273,4,0,0,1990-12-31,1991-01-04,0,True,True
1991-01-11,4.0006613005762519,4.0648443634445606,3.8722965547947283,3.9150843620300293,5,0,0,1991-01-07,1991-01-11,0,True,True
1991-01-18,3.8936934471130376,4.0862369537353516,3.8509026511770781,4.0862369537353516,5,0,0,1991-01-14,1991-01-18,0,True,True
1991-01-25,4.0434491322302692,4.1076308644878932,3.9792662575131375,4.0434479713439941,5,0,0,1991-01-21,1991-01-25,0,True,True
1991-02-01,4.0220538460634607,4.0648418759542801,3.9364782323174294,4.0434479713439941,5,0,0,1991-01-28,1991-02-01,0,True,True
1991-02-08,4.0434479713439941,4.1691765785217285,3.9792660391904451,4.1691765785217285,5,0,0,1991-02-04,1991-02-08,0,True,True
1991-02-15,4.1910035104462597,4.3438023640559269,4.1255202792701926,4.1691765785217285,5,0,0,1991-02-11,1991-02-15,0,True,True
1991-02-22,4.1473470697748844,4.300145476276338,4.1473470697748844,4.1691765785217285,4,0,0,1991-02-19,1991-02-22,0,True,True
1991-03-01,4.2346596396648817,4.2564877821373814,4.1036921296444238,4.2346606254577637,5,0,0,1991-02-25,1991-03-01,0,True,True
1991-03-08,4.2564877821373814,4.2783173266505701,4.0818615716601174,4.1255178451538086,5,0,0,1991-03-04,1991-03-08,0,True,True
1991-03-15,4.1473484288959606,4.2564897537231445,4.1255202792701926,4.2564897537231445,5,0,0,1991-03-11,1991-03-15,0,True,True
1991-03-22,4.2783141547653276,4.4092855168812308,4.2564860213226474,4.3874573707580566,5,0,0,1991-03-18,1991-03-22,0,True,True
1991-03-29,4.4092846571230426,4.51842591137562,4.3874565152560967,4.4965977668762207,4,0,0,1991-03-25,1991-03-28,0,True,True
1991-04-05,4.4747690827238795,4.4965977668762207,4.4311127989899877,4.4529409408569336,5,0,0,1991-04-01,1991-04-05,0,True,True
1991-04-12,4.4529409408569336,4.5184249180119211,4.3656282424926758,4.4747686386108398,5,0,0,1991-04-08,1991-04-12,0,True,True
1991-04-19,4.452941477877423,4.5184259414672852,4.3437986373901367,4.3437986373901367,5,0,0,1991-04-15,1991-04-19,0,True,True
1991-04-26,4.3656286567148541,4.3656286567148541,4.234659735037356,4.2783160209655762,5,0,0,1991-04-22,1991-04-26,0,True,True
1991-05-03,4.2783169205655751,4.4311126661300664,4.2346606254577637,4.2783160209655762,5,0,0,1991-04-29,1991-05-03,0,True,True
1991-05-10,4.3001422882080078,4.4747673557494494,4.2259499914359049,4.2481918334960938,5,0,0,1991-05-06,1991-05-10,0,True,True
1991-05-17,4.2704329641241774,4.3149166256189346,4.0924996720983629,4.2704329490661621,5,0,0,1991-05-13,1991-05-17,0,True,True
1991-05-24,4.2926747873425484,4.3371577336998186,4.2481903955726423,4.2926740646362305,5,0,0,1991-05-20,1991-05-24,0,True,True
1991-05-31,4.2926766361509054,4.3594021797180176,4.2704301027907539,4.3149137496948242,4,0,0,1991-05-28,1991-05-31,0,True,True
1991-06-07,4.3149137496948242,4.3371577336998186,4.2037074490597375,4.2259492874145508,5,0,0,1991-06-03,1991-06-07,0,True,True
1991-06-14,4.2037074342370033,4.4261279106140137,4.2037074342370033,4.4261279106140137,5,0,0,1991-06-10,1991-06-14,0,True,True
1991-06-21,4.4261277232851306,4.4261277232851306,4.2926719262427895,4.3594021797180176,5,0,0,1991-06-17,1991-06-21,0,True,True
1991-06-28,4.3816440275737216,4.4261248135807545,4.3149184840066095,4.3816447257995605,5,0,0,1991-06-24,1991-06-28,0,True,True
1991-07-05,4.4038872241973879,4.4483709335327148,4.3594021797180176,4.3594021797180176,4,0,0,1991-07-01,1991-07-05,0,True,True
1991-07-12,4.3593993138785319,4.4261248135807545,4.3371574806444579,4.4038829803466797,5,0,0,1991-07-08,1991-07-12,0,True,True
1991-07-19,4.4261279106140137,4.4483697594110687,4.3371603318623135,4.3816447257995605,5,0,0,1991-07-15,1991-07-19,0,True,True
1991-07-26,4.3816447257995605,4.4928529416743794,4.3593993138785319,4.4706110954284668,5,0,0,1991-07-22,1991-07-26,0,True,True
1991-08-02,4.4483650021436745,4.5595784492680593,4.4483650021436745,4.5373353958129883,5,0,0,1991-07-29,1991-08-02,0,True,True
1991-08-09,4.5373353958129883,4.6870888182260462,4.515093555637435,4.6644458770751953,5,0,0,1991-08-05,1991-08-09,0,True,True
1991-08-16,4.6418027877807617,4.6870886686371591,4.5285906791687012,4.5285906791687012,5,0,0,1991-08-12,1991-08-16,0,True,True
1991-08-23,4.4380168914794922,4.7097317593768961,4.4153739481556169,4.6644458770751953,5,0,0,1991-08-19,1991-08-23,0,True,True
1991-08-30,4.641803554866625,4.6870894432067871,4.5965156555175781,4.5965156555175781,5,0,0,1991-08-26,1991-08-30,0,True,True
1991-09-06,4.6191585897812111,4.6644444583084779,4.4153750366365854,4.4606609344482422,4,0,0,1991-09-03,1991-09-06,0,True,True
1991-09-13,4.4380179855424133,4.5059468322598999,4.3927320877307565,4.483302116394043,5,0,0,1991-09-09,1991-09-13,0,True,True
1991-09-20,4.4606591764122552,4.5059450563758308,4.4380162364304665,4.483302116394043,5,0,0,1991-09-16,1991-09-20,0,True,True
1991-09-27,4.4606609344482422,4.5285881464205788,4.4380179855424133,4.5059452056884766,5,0,0,1991-09-23,1991-09-27,0,True,True
1991-10-04,4.4833009841994107,4.6644457282089604,4.4833009841994107,4.6191596984863281,5,0,0,1991-09-30,1991-10-04,0,True,True
1991-10-11,4.619161322565362,4.6418042702249966,4.5059465842671917,4.5965156555175781,5,0,0,1991-10-07,1991-10-11,0,True,True
1991-10-18,4.5965167587878657,4.7097311019897461,4.5738738190894033,4.7097311019897461,5,0,0,1991-10-14,1991-10-18,0,True,True
1991-10-25,4.6870881639994106,4.7097311019897461,4.619159847352563,4.6418027877807617,5,0,0,1991-10-21,1991-10-25,0,True,True
1991-11-01,4.6418029359243453,4.6870894432067871,4.6191599947734945,4.6418027877807617,5,0,0,1991-10-28,1991-11-01,0,True,True
1991-11-08,4.6418027877807617,4.7275910377502441,4.4969781790629471,4.7275910377502441,5,0,0,1991-11-04,1991-11-08,0,True,True
1991-11-15,4.7045299079030602,4.7506524574465869,4.6353464126586914,4.6353464126586914,5,0,0,1991-11-11,1991-11-15,0,True,True
1991-11-22,4.6353467384187299,4.6814695915373239,4.5431008601188658,4.6353464126586914,5,0,0,1991-11-18,1991-11-22,0,True,True
1991-11-29,4.6353467384187299,4.8659600844750042,4.6122837992547785,4.7967758178710938,4,0,0,1991-11-25,1991-11-29,0,True,True
1991-12-06,4.7506530092790795,4.8659601211547852,4.7506530092790795,4.842897891998291,5,0,0,1991-12-02,1991-12-06,0,True,True
1991-12-13,4.8428985532724633,5.0043311096797485,4.8198371315902131,4.9351468086242676,5,0,0,1991-12-09,1991-12-13,0,True,True
1991-12-20,4.9120828183192122,5.1657582369717678,4.8428985532724633,5.0735125541687012,5,0,0,1991-12-16,1991-12-20,0,True,True
1991-12-27,5.0965751351250548,5.2810666965586801,5.0504522832234704,5.1888208389282227,4,0,0,1991-12-23,1991-12-27,0,True,True
1992-01-03,5.211881160736084,5.3041292798571185,5.1657583186056755,5.2580051422119141,4,0,0,1991-12-30,1992-01-03,0,True,True
1992-01-10,5.2349433898925781,5.2580048145176557,5.0735113212654186,5.1196341514587402,5,0,0,1992-01-06,1992-01-10,0,True,True
1992-01-17,5.1196353955702349,5.1426968162710009,4.7967751014960207,4.9120821952819824,5,0,0,1992-01-13,1992-01-17,0,True,True
1992-01-24,5.1196353955702349,5.1888208389282227,4.9812668713656336,5.1888208389282227,5,0,0,1992-01-20,1992-01-24,0,True,True
1992-01-31,5.1657594129774305,5.2810665682742473,5.1657583186056755,5.2580051422119141,5,0,0,1992-01-27,1992-01-31,0,True,True
1992-02-07,5.2349425818012874,5.2580048145176557,5.1196367102009912,5.1888208389282227,5,0,0,1992-02-03,1992-02-07,0,True,True
1992-02-14,5.1657594129774305,5.2541052985084429,5.113366511073048,5.1368231773376465,5,0,0,1992-02-10,1992-02-14,0,True,True
1992-02-21,5.1602781260455091,5.1602781260455091,4.8084409723004091,4.8318967819213867,4,0,0,1992-02-18,1992-02-21,0,True,True
1992-02-28,4.831897069912146,4.9726322247431822,4.7146180148171908,4.8553547859191895,5,0,0,1992-02-24,1992-02-28,0,True,True
1992-03-06,4.8318989656973574,4.8788106061410215,4.6911642919132364,4.7146201133728027,5,0,0,1992-03-02,1992-03-06,0,True,True
1992-03-13,4.7615299133154059,5.1133639208182764,4.7380741009345417,5.0899081230163574,5,0,0,1992-03-09,1992-03-13,0,True,True
1992-03-20,5.0664523252144384,5.1368197186201954,5.0195432680624501,5.0664548873901367,5,0,0,1992-03-16,1992-03-20,0,True,True
1992-03-27,5.0430022658042191,5.1837360108962081,4.9726336394117467,4.9960894584655762,5,0,0,1992-03-23,1992-03-27,0,True,True
1992-04-03,5.042999077726293,5.0664548873901367,4.9491766836041604,5.0195441246032715,5,0,0,1992-03-30,1992-04-03,0,True,True
1992-04-10,4.9960883109369005,5.0664569156270636,4.9257197380065918,4.9960894584655762,5,0,0,1992-04-06,1992-04-10,0,True,True
1992-04-17,5.0429965274125204,5.1602789909327953,5.0195407296106014,5.1368231773376465,4,0,0,1992-04-13,1992-04-16,0,True,True
1992-04-24,5.1133673637424977,5.1602806301291935,5.0195425077926279,5.1133689880371094,5,0,0,1992-04-20,1992-04-24,0,True,True
1992-05-01,5.1368248090831514,5.2775611257339268,5.1133689880371094,5.230649471282959,5,0,0,1992-04-27,1992-05-01,0,True,True
1992-05-08,5.2541038111636515,5.3479272951638643,5.1769590486179693,5.2485299110412598,5,0,0,1992-05-04,1992-05-08,0,True,True
1992-05-15,5.2485292881458729,5.3201001420751348,5.200815385526365,5.2962431907653809,5,0,0,1992-05-11,1992-05-15,0,True,True
1992-05-22,5.2962431907653809,5.4632436462435949,5.2723859538019227,5.3678140640258789,5,0,0,1992-05-18,1992-05-22,0,True,True
1992-05-29,5.3439571126302088,5.4871006053974973,5.3439571126302088,5.415529727935791,4,0,0,1992-05-26,1992-05-29,0,True,True
1992-06-05,5.3916710154215499,5.4393866870896934,5.3439571126302088,5.4393844604492188,5,0,0,1992-06-01,1992-06-05,0,True,True
1992-06-12,5.4155295676018991,5.4870983592250893,5.41552501761395,5.487095832824707,5,0,0,1992-06-08,1992-06-12,0,True,True
1992-06-19,5.4632436462435949,5.4871006053974973,5.2962432098388676,5.3916707038879395,5,0,0,1992-06-15,1992-06-19,0,True,True
1992-06-26,5.41552796681722,5.41552796681722,5.2723862394556269,5.2962431907653809,5,0,0,1992-06-22,1992-06-26,0,True,True
1992-07-03,5.2723892387253288,5.4393866870896934,5.2723870362554281,5.415529727935791,4,0,0,1992-06-29,1992-07-02,0,True,True
1992-07-10,5.4393849558644485,5.677954508785457,5.4155280043036393,5.6540975570678711,5,0,0,1992-07-06,1992-07-10,0,True,True
1992-07-17,5.677952766418457,5.7733839359520882,5.6302388776250245,5.7018113136291504,5,0,0,1992-07-13,1992-07-17,0,True,True
1992-07-24,5.6779561022999872,5.7733837763468419,5.6540991438869623,5.7256698608398438,5,0,0,1992-07-20,1992-07-24,0,True,True
1992-07-31,5.7256700191260377,5.9880941619873047,5.7018130607130129,5.9642372131347656,5,0,0,1992-07-27,1992-07-31,0,True,True
1992-08-07,5.9403802642822265,5.9880941619873047,5.8449527500121574,5.9165234565734863,5,0,0,1992-08-03,1992-08-07,0,True,True
1992-08-14,5.8926663665771484,5.9642373554168211,5.8210958000121078,5.8881974220275879,5,0,0,1992-08-10,1992-08-14,0,True,True
1992-08-21,5.8639643815543145,6.0578144437544577,5.8155036266939142,5.9608879089355469,5,0,0,1992-08-17,1992-08-21,0,True,True
1992-08-28,5.9124268971043508,6.0093496376686248,5.8155018660042792,5.9851183891296387,5,0,0,1992-08-24,1992-08-28,0,True,True
1992-09-04,6.0093496376686248,6.0093504122602264,5.9366558920516654,5.9608879089355469,5,0,0,1992-08-31,1992-09-04,0,True,True
1992-09-11,5.9851183891296387,6.0093512535095215,5.9366558920516654,5.9851183891296387,4,0,0,1992-09-08,1992-09-11,0,True,True
1992-09-18,6.0093504122602264,6.0335816639225657,5.7912689695552899,5.9366564750671387,5,0,0,1992-09-14,1992-09-18,0,True,True
1992-09-25,5.9366558920516654,6.0093512535095215,5.8639661569163639,6.0093512535095215,5,0,0,1992-09-21,1992-09-25,0,True,True
1992-10-02,6.0093535321503291,6.1305098533630371,5.9608871405906525,5.9851183891296387,5,0,0,1992-09-28,1992-10-02,0,True,True
1992-10-09,5.9851191605978871,6.0093504122602264,5.8639629022861888,5.9608879089355469,5,0,0,1992-10-05,1992-10-09,0,True,True
1992-10-16,5.9608887434005737,6.0093512535095215,5.9124252241484969,5.9366564750671387,5,0,0,1992-10-12,1992-10-16,0,True,True
1992-10-23,5.912426233291626,6.0578121347465981,5.9124252241484969,5.9366564750671387,5,0,0,1992-10-19,1992-10-23,0,True,True
1992-10-30,5.936655318401904,6.1305098533630371,5.936655318401904,6.0578145980834961,5,0,0,1992-10-26,1992-10-30,0,True,True
1992-11-06,6.0820441246032715,6.1062771148681634,6.0335816216183851,6.1062765121459961,5,0,0,1992-11-02,1992-11-06,0,True,True
1992-11-13,6.0820452561454168,6.1259547341690368,6.0521480506248322,6.1013555526733398,5,0,0,1992-11-09,1992-11-13,0,True,True
1992-11-20,6.0767534841974093,6.2243636184268523,6.0767534841974093,6.1997613906860352,5,0,0,1992-11-16,1992-11-20,0,True,True
1992-11-27,6.1997658499615937,6.2735688543889632,6.1505577003813361,6.1751599311828613,4,0,0,1992-11-23,1992-11-27,0,True,True
1992-12-04,6.1751591629452172,6.2489658461676703,6.1505627632141113,6.1505627632141113,5,0,0,1992-11-30,1992-12-04,0,True,True
1992-12-11,6.1259579658508301,6.1997621619843875,6.1013532387782856,6.1997613906860352,5,0,0,1992-12-07,1992-12-11,0,True,True
1992-12-18,6.1997658499615937,6.3473763465881348,6.1751636045252383,6.3473763465881348,5,0,0,1992-12-14,1992-12-18,0,True,True
1992-12-25,6.3227741126866306,6.470389019027067,6.3227741126866306,6.4211845397949219,4,0,0,1992-12-21,1992-12-24,0,True,True
1993-01-01,6.4211829295525185,6.470389019027067,6.396580696105957,6.4211845397949219,4,0,0,1992-12-28,1992-12-31,0,True,True
1993-01-08,6.4457867794109944,6.445786910627799,6.2243658876794532,6.2489681243896484,5,0,0,1993-01-04,1993-01-08,0,True,True
1993-01-15,6.2489695901536759,6.470389019027067,6.1997651051918359,6.4211845397949219,5,0,0,1993-01-11,1993-01-15,0,True,True
1993-01-22,6.4211845397949219,6.5195948089483569,6.3473773977973247,6.4703903198242188,5,0,0,1993-01-18,1993-01-22,0,True,True
1993-01-29,6.470387815079599,6.6180014610290527,6.4457866948350029,6.6180014610290527,5,0,0,1993-01-25,1993-01-29,0,True,True
1993-02-05,6.593400218907524,6.9378296102796284,6.593400218907524,6.8640251159667969,5,0,0,1993-02-01,1993-02-05,0,True,True
1993-02-12,6.8640274846035503,6.9362334721330283,6.7656192848150676,6.836428165435791,5,0,0,1993-02-08,1993-02-12,0,True,True
1993-02-19,6.8863276177710233,6.9112780801542515,6.7366248018601356,6.8613777160644531,4,0,0,1993-02-16,1993-02-19,0,True,True
1993-02-26,6.8613789870705402,7.11088794343015,6.8613789870705402,7.036036491394043,5,0,0,1993-02-22,1993-02-26,0,True,True
1993-03-05,7.0110811812537053,7.1358308323642667,6.961185039357936,7.0110831260681152,5,0,0,1993-03-01,1993-03-05,0,True,True
1993-03-12,7.060982739421684,7.1607842078575725,6.9861326523098652,7.0110831260681152,5,0,0,1993-03-08,1993-03-12,0,True,True
1993-03-19,7.01108306454074,7.0609869754060783,6.9362316439228673,6.9861307144165039,5,0,0,1993-03-15,1993-03-19,0,True,True
1993-03-26,6.9861307144165039,7.0609869754060783,6.9362297807421003,7.0110831260681152,5,0,0,1993-03-22,1993-03-26,0,True,True
1993-04-02,7.0360290025409897,7.11088794343015,7.0110785450851711,7.036036491394043,5,0,0,1993-03-29,1993-04-02,0,True,True
1993-04-09,7.0360322703777909,7.135833740234375,7.0110818013338978,7.135833740234375,4,0,0,1993-04-05,1993-04-08,0,True,True
1993-04-16,7.1857339131463434,7.4601916656751017,7.1857339131463434,7.4102907180786133,5,0,0,1993-04-12,1993-04-16,0,True,True
1993-04-23,7.4102877354135321,7.4352381991691336,7.0110860073820076,7.036036491394043,5,0,0,1993-04-19,1993-04-23,0,True,True
1993-04-30,6.9861331845340793,7.1358360384883808,6.9861331845340793,7.0609846115112305,5,0,0,1993-04-26,1993-04-30,0,True,True
1993-05-07,7.0609794599968092,7.2106847382254076,7.0110785450851711,7.135833740234375,5,0,0,1993-05-03,1993-05-07,0,True,True
1993-05-14,7.1607861518859863,7.2106871006796167,6.7028076397745231,6.7281012535095215,5,0,0,1993-05-10,1993-05-14,0,True,True
1993-05-21,6.7281014660324505,6.8798637955277053,6.5763376039617203,6.7533950805664062,5,0,0,1993-05-17,1993-05-21,0,True,True
1993-05-28,6.728101676969386,6.9810353026670571,6.7028080616424335,6.9051570892333984,5,0,0,1993-05-24,1993-05-28,0,True,True
1993-06-04,6.9557465105501119,7.0822146289237509,6.9557458376712935,6.9810409545898438,4,0,0,1993-06-01,1993-06-04,0,True,True
1993-06-11,7.0063345812369082,7.0822146289237509,6.9051600746486494,7.0822124481201172,5,0,0,1993-06-07,1993-06-11,0,True,True
1993-06-18,7.0822139438107721,7.0822139438107721,6.9557432663569809,7.0063304901123047,5,0,0,1993-06-14,1993-06-18,0,True,True
1993-06-25,7.0316267013549805,7.1580915451049805,6.9557432663569809,7.1580915451049805,5,0,0,1993-06-21,1993-06-25,0,True,True
1993-07-02,7.15809663413709,7.2845647725494063,7.1075066348962617,7.2086811065673828,5,0,0,1993-06-28,1993-07-02,0,True,True
1993-07-09,7.2339775171844805,7.3351483345031738,7.2086838895020167,7.3351483345031738,4,0,0,1993-07-06,1993-07-09,0,True,True
1993-07-16,7.3098572350882156,7.3351483874850798,7.2339763641357422,7.2339763641357422,5,0,0,1993-07-12,1993-07-16,0,True,True
1993-07-23,7.2592711448669434,7.3098547723558216,7.2339722491465634,7.2845611572265625,5,0,0,1993-07-19,1993-07-23,0,True,True
1993-07-30,7.2845594676720644,7.4110255519958708,7.2339738747169227,7.360438346862793,5,0,0,1993-07-26,1993-07-30,0,True,True
1993-08-06,7.3604418452905147,7.4869099182336507,7.3604418452905147,7.4363226890563965,5,0,0,1993-08-02,1993-08-06,0,True,True
1993-08-13,7.436321216660577,7.5122056007385263,7.3809814453125,7.4578666687011719,5,0,0,1993-08-09,1993-08-13,0,True,True
1993-08-20,7.4322431544735004,7.4835000038146973,7.3553555630482599,7.4578666687011719,5,0,0,1993-08-16,1993-08-20,0,True,True
1993-08-27,7.4322433471679688,7.5347568531558942,7.4322399914061252,7.5091252326965332,5,0,0,1993-08-23,1993-08-27,0,True,True
1993-09-03,7.4835000038146973,7.5603879552309206,7.4578715791440988,7.534759521484375,5,0,0,1993-08-30,1993-09-03,0,True,True
1993-09-10,7.5091252326965332,7.7397856712341309,7.4834968189330642,7.7397856712341309,4,0,0,1993-09-07,1993-09-10,0,True,True
1993-09-17,7.7397856712341309,7.7397856712341309,7.5091278601012768,7.6885251998901367,5,0,0,1993-09-13,1993-09-17,0,True,True
1993-09-24,7.6885268192163245,7.7141552419470454,7.4578715791440988,7.4835000038146973,5,0,0,1993-09-20,1993-09-24,0,True,True
1993-10-01,7.534759521484375,7.5860163889774661,7.3553555630482599,7.4322433471679688,5,0,0,1993-09-27,1993-10-01,0,True,True
1993-10-08,7.4322447076544069,7.4322447076544069,7.175958300824691,7.2528443336486816,5,0,0,1993-10-04,1993-10-08,0,True,True
1993-10-15,7.2528443336486816,7.4578709031494572,7.0990714754377091,7.3809871673583984,5,0,0,1993-10-11,1993-10-15,0,True,True
1993-10-22,7.3553594175752233,7.3809878476016175,7.175958300824691,7.2015867233276367,5,0,0,1993-10-18,1993-10-22,0,True,True
1993-10-29,7.2272190142722019,7.2272190142722019,6.9709346520639679,7.1247043609619141,5,0,0,1993-10-25,1993-10-29,0,True,True
1993-11-05,7.1247018338971184,7.1247018338971184,6.4327336814668445,6.5865058898925781,5,0,0,1993-11-01,1993-11-05,0,True,True
1993-11-12,6.6121320724487305,6.7146457479905708,6.5309513466698785,6.609011173248291,5,0,0,1993-11-08,1993-11-12,0,True,True
1993-11-19,6.6090116423945267,6.6870697055544168,6.322794126004589,6.3748335838317871,5,0,0,1993-11-15,1993-11-19,0,True,True
1993-11-26,6.4008537953899749,6.6610506313053639,6.296774871887699,6.609011173248291,4,0,0,1993-11-22,1993-11-26,0,True,True
1993-12-03,6.6350302525929044,6.6870697055544168,6.3748345337066041,6.5309529304504395,5,0,0,1993-11-29,1993-12-03,0,True,True
1993-12-10,6.5049322571341444,6.7130910561706312,6.4528929443359377,6.5049324035644531,5,0,0,1993-12-06,1993-12-10,0,True,True
1993-12-17,6.5309519861626812,6.6350315399320703,6.5049316201891214,6.5829920768737793,5,0,0,1993-12-13,1993-12-17,0,True,True
1993-12-24,6.5569701749224993,6.8952288609424617,6.5569701749224993,6.8171696662902832,4,0,0,1993-12-20,1993-12-23,0,True,True
1993-12-31,6.8171684055617359,6.9472676883066509,6.6610515906189205,6.6870713233947754,5,0,0,1993-12-27,1993-12-31,0,True,True
1994-01-07,6.6870710048824549,6.7391104679554701,6.4008542664972436,6.5309529304504395,5,0,0,1994-01-03,1994-01-07,0,True,True
1994-01-14,6.5309519861626812,6.6090121288223571,6.3227924122984112,6.4268712997436523,5,0,0,1994-01-10,1994-01-14,0,True,True
1994-01-21,6.3748335838317871,6.4268757816204811,6.1666782623579524,6.1926980018615723,5,0,0,1994-01-17,1994-01-21,0,True,True
1994-01-28,6.1926980018615723,6.5309524497678204,6.1926980018615723,6.4528932571411133,5,0,0,1994-01-24,1994-01-28,0,True,True
1994-02-04,6.4528929443359377,6.5309521331787108,6.3227968215942383,6.3227968215942383,5,0,0,1994-01-31,1994-02-04,0,True,True
1994-02-11,6.2707571983337402,6.4268703030758214,6.2165426106012163,6.2959027290344238,5,0,0,1994-02-07,1994-02-11,0,True,True
1994-02-18,6.2959027290344238,6.3488094746565613,6.0842801172495919,6.1107335090637207,5,0,0,1994-02-14,1994-02-18,0,True,True
1994-02-25,6.1636437142448584,6.3223641532382882,6.1107317127030472,6.1900911331176758,4,0,0,1994-02-22,1994-02-25,0,True,True
1994-03-04,6.1900971207437632,6.5075344007842393,6.1900954266472343,6.4810810089111328,5,0,0,1994-02-28,1994-03-04,0,True,True
1994-03-11,6.5075303320942615,6.5339914604469582,6.4017207309847972,6.5339837074279785,5,0,0,1994-03-07,1994-03-11,0,True,True
1994-03-18,6.5075303320942615,6.5604414939880371,6.401718120264813,6.4017219543457031,5,0,0,1994-03-14,1994-03-18,0,True,True
1994-03-25,6.4281712889671327,6.5075344007842393,6.2165452161077726,6.2429986000061035,5,0,0,1994-03-21,1994-03-25,0,True,True
1994-04-01,6.2694549718178996,6.4017219543457031,6.1107332409707258,6.163640022277832,4,0,0,1994-03-28,1994-03-31,0,True,True
1994-04-08,6.0313708678535791,6.2959100845012266,6.0049174868542217,6.1371850967407227,5,0,0,1994-04-04,1994-04-08,0,True,True
1994-04-15,6.1371850967407227,6.2430001942384905,6.0842783286653717,6.163640022277832,5,0,0,1994-04-11,1994-04-15,0,True,True
1994-04-22,6.2165445140284357,6.6398016733507959,6.1371843712961578,6.4281778335571289,5,0,0,1994-04-18,1994-04-22,0,True,True
1994-04-29,6.4546261523143356,6.6133464675351794,6.4017207309847972,6.4810810089111328,4,0,0,1994-04-25,1994-04-29,0,True,True
1994-05-06,6.5339881008671181,6.6397994842529293,6.216550527242668,6.2694573402404785,5,0,0,1994-05-02,1994-05-06,0,True,True
1994-05-13,6.2430004681343636,6.2694538599484924,5.791357486478744,5.8452305793762207,5,0,0,1994-05-09,1994-05-13,0,True,True
1994-05-20,5.8182984837945897,5.9799133116199119,5.6297425144123574,5.8721709251403809,5,0,0,1994-05-16,1994-05-20,0,True,True
1994-05-27,5.8991059996865012,6.0876617942537585,5.8452351651750165,6.0337886810302734,5,0,0,1994-05-23,1994-05-27,0,True,True
1994-06-03,6.0068517205941729,6.0876608536382424,5.8721693413598199,6.0068511962890625,4,0,0,1994-05-31,1994-06-03,0,True,True
1994-06-10,6.060725237642016,6.1146002153379726,6.0068511962890625,6.0876636505126953,5,0,0,1994-06-06,1994-06-10,0,True,True
1994-06-17,6.0607213805950684,6.1684733449885272,6.0068511962890625,6.0337886810302734,5,0,0,1994-06-13,1994-06-17,0,True,True
1994-06-24,6.0068545706637266,6.0337911382451788,5.6566762924194336,5.6566762924194336,5,0,0,1994-06-20,1994-06-24,0,True,True
1994-07-01,5.6566823368341153,5.8721720303330471,5.5489360066087032,5.8182940483093262,5,0,0,1994-06-27,1994-07-01,0,True,True
1994-07-08,5.8183018321722324,5.9799180030822754,5.7105488178341881,5.9260425567626953,4,0,0,1994-07-05,1994-07-08,0,True,True
1994-07-15,5.8991074890171715,6.1145944595336914,5.8182963284579188,6.1145944595336914,5,0,0,1994-07-11,1994-07-15,0,True,True
1994-07-22,6.1145954386393226,6.1145954386393226,5.9529780913896087,5.9799180030822754,5,0,0,1994-07-18,1994-07-22,0,True,True
1994-07-29,5.9799146438393356,6.2223434655562695,5.9529780913896087,6.1954069137573242,5,0,0,1994-07-25,1994-07-29,0,True,True
1994-08-05,6.1954096443632727,6.4378391691978942,6.1684730806921282,6.2223458290100098,5,0,0,1994-08-01,1994-08-05,0,True,True
1994-08-12,6.1954069137573242,6.2492828369140625,6.0300091029282639,6.112236499786377,5,0,0,1994-08-08,1994-08-12,0,True,True
1994-08-19,6.0848245620727539,6.1670524502232063,5.9203710556030273,6.0300083160400391,5,0,0,1994-08-15,1994-08-19,0,True,True
1994-08-26,6.0026016235351562,6.167053271617208,6.0025999706422262,6.1396441459655762,5,0,0,1994-08-22,1994-08-26,0,True,True
1994-09-02,6.1396456320724146,6.1670547643584523,5.7010964529854906,5.7559146881103516,5,0,0,1994-08-29,1994-09-02,0,True,True
1994-09-09,5.7010983657836913,5.728507492542267,5.2077345848083496,5.2077345848083496,4,0,0,1994-09-06,1994-09-09,0,True,True
1994-09-16,5.1803237760389171,5.2625522613525391,5.0432781734982051,5.0980958938598633,5,0,0,1994-09-12,1994-09-16,0,True,True
1994-09-23,5.0980981190999346,5.2625547079515709,5.0980962844605147,5.2351455688476562,5,0,0,1994-09-19,1994-09-23,0,True,True
1994-09-30,5.2351425677230683,5.5366446241062492,5.2077334443318479,5.4544172286987305,5,0,0,1994-09-26,1994-09-30,0,True,True
1994-10-07,5.4818266689187229,5.5640540689525038,5.399598965093718,5.4818253517150879,5,0,0,1994-10-03,1994-10-07,0,True,True
1994-10-14,5.4818266689187229,5.6462814689862846,5.4818232854207363,5.5914597511291504,5,0,0,1994-10-10,1994-10-14,0,True,True
1994-10-21,5.6188688278198242,5.6462779440530912,5.427006721496582,5.427006721496582,5,0,0,1994-10-17,1994-10-21,0,True,True
1994-10-28,5.3995967791630672,5.5092370643228445,5.2899610972163655,5.5092344284057617,5,0,0,1994-10-24,1994-10-28,0,True,True
1994-11-04,5.5366446241062492,5.6188688675562544,5.3721887958583547,5.5914597511291504,5,0,0,1994-10-31,1994-11-04,0,True,True
1994-11-11,5.5914621869918752,5.6736922912227294,5.4506176223560256,5.478569507598877,5,0,0,1994-11-07,1994-11-11,0,True,True
1994-11-18,5.4785655452515272,5.5624224296723952,5.4506136802247331,5.478569507598877,5,0,0,1994-11-14,1994-11-18,0,True,True
1994-11-25,5.5065174102783203,5.7580862045288086,5.4785640393916646,5.7580862045288086,4,0,0,1994-11-21,1994-11-25,0,True,True
1994-12-02,5.7301332294077119,5.8419407070546914,5.6462815477343034,5.7860369682312012,5,0,0,1994-11-28,1994-12-02,0,True,True
1994-12-09,5.7580882540115939,5.8698946665348624,5.7580882540115939,5.8419427871704102,5,0,0,1994-12-05,1994-12-09,0,True,True
1994-12-16,5.8419438832179065,6.0655560493469238,5.7580850988194561,5.7860369682312012,5,0,0,1994-12-12,1994-12-16,0,True,True
1994-12-23,5.8139901137933503,5.8978455784251382,5.7021842002868652,5.7021842002868652,5,0,0,1994-12-19,1994-12-23,0,True,True
1994-12-30,5.7580862045288086,5.8419418288666067,5.6183268306324781,5.7580862045288086,4,0,0,1994-12-27,1994-12-30,0,True,True
1995-01-06,5.7860380793080743,5.8978444458781807,5.702184484555171,5.7860369682312012,4,0,0,1995-01-03,1995-01-06,0,True,True
1995-01-13,5.7860390284415066,6.0655560493469238,5.7860390284415066,6.0655560493469238,5,0,0,1995-01-09,1995-01-13,0,True,True
1995-01-20,6.0376078054445603,6.2612231830218894,6.0096559174563913,6.2332701683044434,5,0,0,1995-01-16,1995-01-20,0,True,True
1995-01-27,6.2053182841416428,6.3730279611595932,6.1214653248161213,6.3450760841369629,5,0,0,1995-01-23,1995-01-27,0,True,True
1995-02-03,6.3450760841369629,6.4289298057556152,6.2332662045955658,6.4289298057556152,5,0,0,1995-01-30,1995-02-03,0,True,True
1995-02-10,6.4289298057556152,6.4568877784829386,6.2614580102868986,6.3183803558349609,5,0,0,1995-02-06,1995-02-10,0,True,True
1995-02-17,6.2899191830609293,6.3468437194824219,6.2614580102868986,6.3183803558349609,5,0,0,1995-02-13,1995-02-17,0,True,True
1995-02-24,6.3468437194824219,6.403767317533493,6.2899213542852701,6.3753061294555664,4,0,0,1995-02-21,1995-02-24,0,True,True
1995-03-03,6.3468457872217359,6.3468457872217359,6.0053113309022423,6.0906949043273926,5,0,0,1995-02-27,1995-03-03,0,True,True
1995-03-10,6.0622336594563615,6.1760773658752441,5.9199285961332775,6.1760773658752441,5,0,0,1995-03-06,1995-03-10,0,True,True
1995-03-17,6.1760777828305269,6.3468460540426266,6.090694219012593,6.2899236679077148,5,0,0,1995-03-13,1995-03-17,0,True,True
1995-03-24,6.2614609239288184,6.2899221099466764,6.0906916503553035,6.233001708984375,5,0,0,1995-03-20,1995-03-24,0,True,True
1995-03-31,6.2899240990207623,6.318385294038956,6.1191543198506766,6.2045378684997559,5,0,0,1995-03-27,1995-03-31,0,True,True
1995-04-07,6.1760793189479877,6.4037666320800781,6.1476177025704368,6.3468437194824219,5,0,0,1995-04-03,1995-04-07,0,True,True
1995-04-14,6.3468415286089925,6.375307247110082,6.2614580102868986,6.2899236679077148,4,0,0,1995-04-10,1995-04-13,0,True,True
1995-04-21,6.3753049657979144,6.3753049657979144,6.147617444125089,6.233001708984375,5,0,0,1995-04-17,1995-04-21,0,True,True
1995-04-28,6.233001281772804,6.318385294038956,6.1760773658752441,6.3183803558349609,5,0,0,1995-04-24,1995-04-28,0,True,True
1995-05-05,6.3183825368838455,6.4606938362121582,6.2614601716866938,6.4606938362121582,5,0,0,1995-05-01,1995-05-05,0,True,True
1995-05-12,6.4037693174261801,6.5745346255924391,6.3750456900618193,6.4040231704711914,5,0,0,1995-05-08,1995-05-12,0,True,True
1995-05-19,6.4909522774986232,6.635843843744512,6.4619748119740761,6.4619770050048828,5,0,0,1995-05-15,1995-05-19,0,True,True
1995-05-26,6.4909507132865283,6.6648213277783315,6.4329957962036133,6.6068663597106934,5,0,0,1995-05-22,1995-05-26,0,True,True
1995-06-02,6.6068621170826445,7.0704982201258346,6.6068621170826445,6.9545884132385254,4,0,0,1995-05-30,1995-06-02,0,True,True
1995-06-09,6.9835725334601673,7.1574374098118732,6.6937964750461827,6.7517514228820801,5,0,0,1995-06-05,1995-06-09,0,True,True
1995-06-16,6.7517515778038568,6.9835658649603527,6.7517515778038568,6.8386836051940918,5,0,0,1995-06-12,1995-06-16,0,True,True
1995-06-23,6.8676610780974565,6.9835710525512695,6.7227737913740437,6.9256181716918945,5,0,0,1995-06-19,1995-06-23,0,True,True
1995-06-30,6.8676611575674498,6.9545956535818192,6.7807287378514065,6.8386836051940918,5,0,0,1995-06-26,1995-06-30,0,True,True
1995-07-07,6.8676610780974565,6.9256181716918945,6.7517494442116499,6.8097062110900879,4,0,0,1995-07-03,1995-07-07,0,True,True
1995-07-14,6.8097062110900879,6.8386818404890528,6.6648167166216616,6.7227716445922852,5,0,0,1995-07-10,1995-07-14,0,True,True
1995-07-21,6.6937928199768066,6.9256124847379077,6.5778854038404386,6.6358375549316406,5,0,0,1995-07-17,1995-07-21,0,True,True
1995-07-28,6.6648178100585938,6.8097063707179775,6.6358403413192084,6.7517514228820801,5,0,0,1995-07-24,1995-07-28,0,True,True
1995-08-04,6.7227716445922852,6.7807288968000288,6.6648153618816686,6.6937928199768066,5,0,0,1995-07-31,1995-08-04,0,True,True
1995-08-11,6.7227702780719438,6.7807265725629087,6.6358379037865314,6.6937928199768066,5,0,0,1995-08-07,1995-08-11,0,True,True
1995-08-18,6.6666572604860583,6.7846498489379883,6.6076602935791016,6.7846498489379883,5,0,0,1995-08-14,1995-08-18,0,True,True
1995-08-25,6.7846483122313392,6.8141483265420666,6.6666599951292334,6.7846498489379883,5,0,0,1995-08-21,1995-08-25,0,True,True
1995-09-01,6.8141483265420666,6.8141483265420666,6.6371594382598342,6.6666579246520996,5,0,0,1995-08-28,1995-09-01,0,True,True
1995-09-08,6.6666579246520996,6.6961564110443659,6.5781623755560981,6.6666579246520996,4,0,0,1995-09-05,1995-09-08,0,True,True
1995-09-15,6.6666578335232201,6.9026424110709845,6.6076608615451384,6.8141469955444336,5,0,0,1995-09-11,1995-09-15,0,True,True
1995-09-22,6.8436490005689627,6.9911408424377441,6.8141505134975455,6.9911408424377441,5,0,0,1995-09-18,1995-09-22,0,True,True
1995-09-29,6.9911408424377441,7.2271254327562122,6.9321438733032483,7.168128490447998,5,0,0,1995-09-25,1995-09-29,0,True,True
1995-10-06,7.1681304955091631,7.2861260456767507,7.1091341972351074,7.1091341972351074,5,0,0,1995-10-02,1995-10-06,0,True,True
1995-10-13,7.109133163763552,7.3156245316916371,7.109133163763552,7.1091341972351074,5,0,0,1995-10-09,1995-10-13,0,True,True
1995-10-20,7.1386301795641582,7.2861260456767507,7.0796332359313965,7.2566275596618652,5,0,0,1995-10-16,1995-10-20,0,True,True
1995-10-27,7.1976285973373724,7.345120225358106,7.1386316416214921,7.2271270751953125,5,0,0,1995-10-23,1995-10-27,0,True,True
1995-11-03,7.2271290736469798,7.3156208462185335,7.1386300192938918,7.168128490447998,5,0,0,1995-10-30,1995-11-03,0,True,True
1995-11-10,7.168133392493595,7.1976318838207298,6.9616457594542949,7.0206427574157715,5,0,0,1995-11-06,1995-11-10,0,True,True
1995-11-17,7.0230376008269069,7.0230406814378732,6.9029856760264474,7.0230374336242676,5,0,0,1995-11-13,1995-11-17,0,True,True
1995-11-24,6.9930247232831757,7.0230377049281678,6.9029856760264474,6.9329986572265625,4,0,0,1995-11-20,1995-11-24,0,True,True
1995-12-01,6.9330016983425162,7.0530514509781543,6.8129475717959194,6.9029865264892578,5,0,0,1995-11-27,1995-12-01,0,True,True
1995-12-08,6.9330016983425162,7.2031195824887568,6.9330016983425162,7.0530548095703125,5,0,0,1995-12-04,1995-12-08,0,True,True
1995-12-15,7.0530504141098413,7.3531797197129993,6.9930244531386938,7.2931537628173828,5,0,0,1995-12-11,1995-12-15,0,True,True
1995-12-22,7.3231670565721467,7.5032489915047922,7.2631410970920465,7.4732322692871094,5,0,0,1995-12-18,1995-12-22,0,True,True
1995-12-29,7.473232001422411,7.7433530139172166,7.4432190214970202,7.6233010292053223,4,0,0,1995-12-26,1995-12-29,0,True,True
1996-01-05,7.6833223783052889,7.8634037971496582,7.6533094002650337,7.8634037971496582,4,0,0,1996-01-02,1996-01-05,0,True,True
1996-01-12,7.8934144973754883,7.983457129600489,7.7733613124260543,7.8033742904663086,5,0,0,1996-01-08,1996-01-12,0,True,True
1996-01-19,7.8033790228501809,8.1335237779581853,7.8033790228501809,8.0434799194335938,5,0,0,1996-01-15,1996-01-19,0,True,True
1996-01-26,8.0434797186600537,8.1635341644287109,7.9834537506103516,8.0734977722167969,5,0,0,1996-01-22,1996-01-26,0,True,True
1996-02-02,8.0734931027447736,8.1335188737556106,7.9534437058123757,8.0134696960449219,5,0,0,1996-01-29,1996-02-02,0,True,True
1996-02-09,8.0134656585916115,8.3436114363236857,7.9834526785968869,8.2535724639892578,5,0,0,1996-02-05,1996-02-09,0,True,True
1996-02-16,8.2584492809632248,8.4412923500754626,8.0756072998046875,8.0756072998046875,5,0,0,1996-02-12,1996-02-16,0,True,True
1996-02-23,8.0146512985229492,8.2584470662855569,7.9537033799030032,8.1060771942138672,4,0,0,1996-02-20,1996-02-23,0,True,True
1996-03-01,8.1060731764528686,8.2279690136927623,7.8622877814553007,8.0451316833496094,5,0,0,1996-02-26,1996-03-01,0,True,True
1996-03-08,8.0451336978526591,8.1670296629716397,7.77086041867733,7.8013343811035156,5,0,0,1996-03-04,1996-03-08,0,True,True
1996-03-15,7.7403938330856024,7.8013418160232844,7.5270704782631501,7.5880184173583984,5,0,0,1996-03-11,1996-03-15,0,True,True
1996-03-22,7.6489678968594763,7.8013377752829722,7.5880191078186039,7.6184930801391602,5,0,0,1996-03-18,1996-03-22,0,True,True
1996-03-29,7.6489676882626982,7.8318158074921254,7.6489670030654429,7.7708678245544434,5,0,0,1996-03-25,1996-03-29,0,True,True
1996-04-05,7.8013386097989343,7.8927605466325153,7.7099158482288752,7.7403898239135742,4,0,0,1996-04-01,1996-04-04,0,True,True
1996-04-12,7.6184934499312424,7.6184934499312424,7.2528073458492006,7.3137521743774414,5,0,0,1996-04-08,1996-04-12,0,True,True
1996-04-19,7.3442261417706804,7.3442300447896756,7.1918578147888184,7.1918578147888184,5,0,0,1996-04-15,1996-04-19,0,True,True
1996-04-26,7.2528057623717741,7.2832818735500924,7.1309098672058626,7.1613855361938477,5,0,0,1996-04-22,1996-04-26,0,True,True
1996-05-03,7.1309130590872698,7.1918595171989281,7.0090138654172165,7.0394878387451172,5,0,0,1996-04-29,1996-05-03,0,True,True
1996-05-10,7.0699628305226954,7.2528078908155731,6.8566471721992981,7.2223339080810547,5,0,0,1996-05-06,1996-05-10,0,True,True
1996-05-17,7.22729239112887,7.2583108134083929,6.8550757574183603,6.9481310844421387,5,0,0,1996-05-13,1996-05-17,0,True,True
1996-05-24,6.9481321308947255,7.0101686400682937,6.8550732780147241,6.9481310844421387,5,0,0,1996-05-20,1996-05-24,0,True,True
1996-05-31,6.9481310844421387,7.0101668251885307,6.88609307607015,6.9171133041381836,4,0,0,1996-05-28,1996-05-31,0,True,True
1996-06-07,6.8860917091369629,7.0722035180150939,6.8550732780147241,6.8860917091369629,5,0,0,1996-06-03,1996-06-07,0,True,True
1996-06-14,6.9171126421008795,7.0411850815325714,6.8860917091369629,6.9171133041381836,5,0,0,1996-06-10,1996-06-14,0,True,True
1996-06-21,6.9481310844421387,7.0101679691246579,6.7930395228980363,6.9481310844421387,5,0,0,1996-06-17,1996-06-21,0,True,True
1996-06-28,6.9791516191080998,7.289332090279995,6.9791516191080998,7.2583136558532715,5,0,0,1996-06-24,1996-06-28,0,True,True
1996-07-05,7.2893338203430176,7.3513714762057285,7.04118852238906,7.072206974029541,4,0,0,1996-07-01,1996-07-05,0,True,True
1996-07-12,7.0411849021911621,7.1342402092685786,6.7930388727358411,6.9791483879089355,5,0,0,1996-07-08,1996-07-12,0,True,True
1996-07-19,6.9791505779076486,7.0101690249205717,6.7310011955576208,6.7620196342468262,5,0,0,1996-07-15,1996-07-19,0,True,True
1996-07-26,6.7620212537352389,6.8240581459713425,6.6689608630524377,6.7620196342468262,5,0,0,1996-07-22,1996-07-26,0,True,True
1996-08-02,6.7310028076171875,6.8860917091369629,6.6689632557056573,6.8860917091369629,5,0,0,1996-07-29,1996-08-02,0,True,True
1996-08-09,6.8860917091369629,6.9171101402592017,6.7620161309089841,6.8240566253662109,5,0,0,1996-08-05,1996-08-09,0,True,True
1996-08-16,6.8607320129324538,6.9239645660470384,6.8291101455688468,6.8923482894897461,5,0,0,1996-08-12,1996-08-16,0,True,True
1996-08-23,6.9239645660470384,6.9239673614501953,6.8607316017150888,6.8607316017150888,5,0,0,1996-08-19,1996-08-23,0,True,True
1996-08-30,6.8923426469167071,6.8923426469167071,6.6078014373779306,6.6078014373779306,5,0,0,1996-08-26,1996-08-30,0,True,True
1996-09-06,6.5761855715797068,6.7974972724914551,6.5445692947932654,6.7974972724914551,4,0,0,1996-09-03,1996-09-06,0,True,True
1996-09-13,6.8291135388751369,7.1136579981872012,6.7342647397240931,7.0820417404174805,5,0,0,1996-09-09,1996-09-13,0,True,True
1996-09-20,7.1452779769897461,7.2085105254586823,7.0820417404174805,7.0820417404174805,5,0,0,1996-09-16,1996-09-20,0,True,True
1996-09-27,7.0504254826477588,7.1768943150838211,7.018809224878038,7.0820417404174805,5,0,0,1996-09-23,1996-09-27,0,True,True
1996-10-04,7.0820403915267818,7.1452779769897461,6.9555803315829383,7.1452779769897461,5,0,0,1996-09-30,1996-10-04,0,True,True
1996-10-11,7.1136582838861564,7.3349733889360964,7.1136582838861564,7.3033571243286133,5,0,0,1996-10-07,1996-10-11,0,True,True
1996-10-18,7.3033558381231201,7.3349720971626144,7.1136597494721947,7.1768922805786142,5,0,0,1996-10-14,1996-10-18,0,True,True
1996-10-25,7.1768922805786142,7.2717428207397461,7.1136614550714903,7.2717428207397461,5,0,0,1996-10-21,1996-10-25,0,True,True
1996-11-01,7.3033572326060456,7.4298244791481114,7.2085084373773958,7.3665919303894043,5,0,0,1996-10-28,1996-11-01,0,True,True
1996-11-08,7.3349736477466339,7.8092214078319309,7.3349736477466339,7.6546454429626474,5,0,0,1996-11-04,1996-11-08,0,True,True
1996-11-15,7.6546457322571566,7.7189704863097379,7.5903206913411125,7.6546454429626474,5,0,0,1996-11-11,1996-11-15,0,True,True
1996-11-22,7.6868081092834473,7.7189713490160203,7.5903218265324206,7.6224842071533203,5,0,0,1996-11-18,1996-11-22,0,True,True
1996-11-29,7.5581558377055797,7.6546429335060768,7.4616689682006836,7.4616689682006836,4,0,0,1996-11-25,1996-11-29,0,True,True
1996-12-06,7.4295103093852166,7.5581602170232021,7.3330219464424324,7.3973479270935059,5,0,0,1996-12-02,1996-12-06,0,True,True
1996-12-13,7.3973442357161954,7.4616709546751325,7.2686940536164411,7.4616689682006836,5,0,0,1996-12-09,1996-12-13,0,True,True
1996-12-20,7.4616682320310366,7.654643594457748,7.2686949436798756,7.5581564903259277,5,0,0,1996-12-16,1996-12-20,0,True,True
1996-12-27,7.5903182029724121,7.6224805682392445,7.4938311071719159,7.5903182029724121,4,0,0,1996-12-23,1996-12-27,0,True,True
1997-01-03,7.5903209621070786,7.622484984827655,7.3330196776947423,7.4616689682006836,4,0,0,1996-12-30,1997-01-03,0,True,True
1997-01-10,7.4616689682006836,7.7832945704460137,7.397344650106227,7.7189698219299316,5,0,0,1997-01-06,1997-01-10,0,True,True
1997-01-17,7.7511291503906259,7.9762682914733896,7.6868044271508698,7.9762682914733896,5,0,0,1997-01-13,1997-01-17,0,True,True
1997-01-24,7.9119450549690082,8.2657333894905793,7.8797826766967773,7.8797826766967773,5,0,0,1997-01-20,1997-01-24,0,True,True
1997-01-31,7.8797858129671914,8.072759069113367,7.8797858129671914,7.9762682914733896,5,0,0,1997-01-27,1997-01-31,0,True,True
1997-02-07,7.9762682914733896,8.0727564773559575,7.8797847487361556,8.0405941009521484,5,0,0,1997-02-03,1997-02-07,0,True,True
1997-02-14,8.0405946761842753,8.1757857617604195,8.0084322974795388,8.1430826187133789,5,0,0,1997-02-10,1997-02-14,0,True,True
1997-02-21,8.1103790404787102,8.3065962261623802,8.0449727578942056,8.2411899566650391,4,0,0,1997-02-18,1997-02-21,0,True,True
1997-02-28,8.2411954543169816,8.4047112371407309,7.9468623172898996,8.0776748657226562,5,0,0,1997-02-24,1997-02-28,0,True,True
1997-03-07,8.0776703780697225,8.2084889048074619,8.0122673802259499,8.0122699737548828,5,0,0,1997-03-03,1997-03-07,0,True,True
1997-03-14,8.0122699364713199,8.1430811399390333,7.8160491523900966,8.0776748657226562,5,0,0,1997-03-10,1997-03-14,0,True,True
1997-03-21,8.0776748657226562,8.110373325035221,7.8487510681152344,7.8814554214477548,5,0,0,1997-03-17,1997-03-21,0,True,True
1997-03-28,7.8814556854815514,8.1430799088826991,7.7833435904530806,7.8160467147827148,4,0,0,1997-03-24,1997-03-27,0,True,True
1997-04-04,7.7833448092142739,7.9141573270161949,7.5871257781982413,7.5871257781982413,5,0,0,1997-03-31,1997-04-04,0,True,True
1997-04-11,7.6198281519340743,7.6198281519340743,7.358207080675208,7.3582077026367179,5,0,0,1997-04-07,1997-04-11,0,True,True
1997-04-18,7.3582077026367179,7.5217198059622161,7.2928009747408566,7.3582077026367179,5,0,0,1997-04-14,1997-04-18,0,True,True
1997-04-25,7.3582062272212969,7.3909093660089473,7.0965798185505991,7.1292829513549796,5,0,0,1997-04-21,1997-04-25,0,True,True
1997-05-02,7.0965817559849134,7.5217227935791007,7.063878614252264,7.5217227935791007,5,0,0,1997-04-28,1997-05-02,0,True,True
1997-05-09,7.5217185958160018,7.9141573270161949,7.5217185958160018,7.7179388999938965,5,0,0,1997-05-05,1997-05-09,0,True,True
1997-05-16,7.7578917375374674,7.7911883304859026,7.4582331989305128,7.7245969772338867,5,0,0,1997-05-12,1997-05-16,0,True,True
1997-05-23,7.7246006093126667,7.8577833784387474,7.6247148513793945,7.7245969772338867,5,0,0,1997-05-19,1997-05-23,0,True,True
1997-05-30,7.6247128859810207,7.7578916549682617,7.5914132932736642,7.7578916549682617,4,0,0,1997-05-27,1997-05-30,0,True,True
1997-06-06,7.7578917375374674,7.9243741618933052,7.591414270729854,7.8910784721374512,5,0,0,1997-06-02,1997-06-06,0,True,True
1997-06-13,7.8910784721374512,8.1574479640756614,7.7578963015941866,8.0908565521240234,5,0,0,1997-06-09,1997-06-13,0,True,True
1997-06-20,8.0575559888567234,8.1907359029425937,7.8910769895345219,7.9243726730346671,5,0,0,1997-06-16,1997-06-20,0,True,True
1997-06-27,7.8910805812248821,7.9243762798798398,7.6413607307102369,7.7578916549682617,5,0,0,1997-06-23,1997-06-27,0,True,True
1997-07-04,7.791191963633155,7.974318239648464,7.7578962714808766,7.857783317565918,4,0,0,1997-06-30,1997-07-03,0,True,True
1997-07-11,7.857783317565918,8.1241480351481616,7.8244870926257422,8.0409088134765625,5,0,0,1997-07-07,1997-07-11,0,True,True
1997-07-18,8.0575542449951172,8.2406826580272003,8.0409064056459538,8.1407938003540039,5,0,0,1997-07-14,1997-07-18,0,True,True
1997-07-25,8.1407923913392857,8.2073865754263746,8.1074995177132738,8.1574430465698242,5,0,0,1997-07-21,1997-07-25,0,True,True
1997-08-01,8.1574473021715086,8.4737483669897742,8.1407994505344252,8.3405656814575195,5,0,0,1997-07-28,1997-08-01,0,True,True
1997-08-08,8.3405656814575195,8.5403435036687565,8.2906221743829231,8.307276725769043,5,0,0,1997-08-04,1997-08-08,0,True,True
1997-08-15,8.3309780960083017,8.5003115604201476,8.2801794490814213,8.3987131118774414,5,0,0,1997-08-11,1997-08-15,0,True,True
1997-08-22,8.3987111226765219,8.5849771499633789,8.1955178448411274,8.4325799942016602,5,0,0,1997-08-18,1997-08-22,0,True,True
1997-08-29,8.4325760921004349,8.4495089758195121,8.2801801386287401,8.297114372253418,5,0,0,1997-08-25,1997-08-29,0,True,True
1997-09-05,8.2971123313903803,8.703504659806347,8.2971123313903803,8.618840217590332,4,0,0,1997-09-02,1997-09-05,0,True,True
1997-09-12,8.7035021855280963,8.9913620157061889,8.7035021855280963,8.9744291305541992,5,0,0,1997-09-08,1997-09-12,0,True,True
1997-09-19,8.9744303914045123,9.2961566925048835,8.9744303914045123,9.1098880767822266,5,0,0,1997-09-15,1997-09-19,0,True,True
1997-09-26,9.1437619223314162,9.3638863676862698,9.0929622650146484,9.1945600509643555,5,0,0,1997-09-22,1997-09-26,0,True,True
1997-10-03,9.1776264614529079,9.5162780267478766,9.1098949008517796,9.2792177200317383,5,0,0,1997-09-29,1997-10-03,0,True,True
1997-10-10,9.3469566317165604,9.3469566317165604,9.0082961664664172,9.2114934921264648,5,0,0,1997-10-06,1997-10-10,0,True,True
1997-10-17,9.2453519619294315,9.3977522980320014,9.0590974600876084,9.2114934921264648,5,0,0,1997-10-13,1997-10-17,0,True,True
1997-10-24,9.1776247667267459,9.4654855728149414,9.1268261056563027,9.3638906478881836,5,0,0,1997-10-20,1997-10-24,0,True,True
1997-10-31,9.2453587728602287,9.4146876881140784,8.7373647725271919,9.2792177200317383,5,0,0,1997-10-27,1997-10-31,0,True,True
1997-11-07,9.2792237392370254,9.6009432299734225,9.2114895156144243,9.3808183670043963,5,0,0,1997-11-03,1997-11-07,0,True,True
1997-11-14,9.380818443502335,9.9057328346105464,9.380818443502335,9.7533407211303711,5,0,0,1997-11-10,1997-11-14,0,True,True
1997-11-21,9.7430294659471262,10.292901380976641,9.7430294659471262,10.25853443145752,5,0,0,1997-11-17,1997-11-21,0,True,True
1997-11-28,10.224166027704875,10.464736155773464,10.224166027704875,10.430374145507812,4,0,0,1997-11-24,1997-11-28,0,True,True
1997-12-05,10.378821449718256,10.481922325046583,10.172617662331097,10.292901992797852,5,0,0,1997-12-01,1997-12-05,0,True,True
1997-12-12,10.310089468557301,11.409831488132475,10.206988573871728,10.997427940368652,5,0,0,1997-12-08,1997-12-12,0,True,True
1997-12-19,10.997418566302329,11.169261504914699,10.877134300733397,11.014616012573242,5,0,0,1997-12-15,1997-12-19,0,True,True
1997-12-26,11.031798802889311,11.28954750026038,10.997431828425482,11.220815658569336,4,0,0,1997-12-22,1997-12-26,0,True,True
1998-01-02,11.220810543671819,11.375463587481802,11.186443589479868,11.27236270904541,4,0,0,1997-12-29,1998-01-02,0,True,True
1998-01-09,11.341093031026549,11.375459979605417,10.82559590076837,10.877143859863281,5,0,0,1998-01-05,1998-01-09,0,True,True
1998-01-16,10.739675723016262,11.066161864995955,10.739675723016262,10.963061332702638,5,0,0,1998-01-12,1998-01-16,0,True,True
1998-01-23,10.963051633282634,11.272364018524824,10.911501233753091,11.237997055053711,4,0,0,1998-01-20,1998-01-23,0,True,True
1998-01-30,11.272366342297792,11.512930615170225,11.237995749566613,11.358280181884766,5,0,0,1998-01-26,1998-01-30,0,True,True
1998-02-06,11.444196434644498,11.805046421245937,11.444196434644498,11.770679473876953,5,0,0,1998-02-02,1998-02-06,0,True,True
1998-02-13,11.753496000192461,12.011252933535083,11.73631252650797,11.776700019836426,5,0,0,1998-02-09,1998-02-13,0,True,True
1998-02-20,11.707120546074801,12.08981530683754,11.707120546074801,11.915861129760742,4,0,0,1998-02-17,1998-02-20,0,True,True
1998-02-27,11.863673606458038,11.950651965176101,11.794096141702989,11.828886985778809,5,0,0,1998-02-23,1998-02-27,0,True,True
1998-03-06,11.759304748894715,12.159398479243062,11.724513906442365,12.142003059387207,5,0,0,1998-03-02,1998-03-06,0,True,True
1998-03-13,12.124606205658479,12.663864934411587,12.089815370061181,12.507304191589355,5,0,0,1998-03-09,1998-03-13,0,True,True
1998-03-20,12.524705793036791,13.324891181875623,12.524705793036791,13.237914085388185,5,0,0,1998-03-16,1998-03-20,0,True,True
1998-03-27,13.18572656387067,13.203131675720213,12.663869047818119,12.698659896850586,5,0,0,1998-03-23,1998-03-27,0,True,True
1998-04-03,12.6986600401623,13.116154272926046,12.611682916599547,12.924796104431152,5,0,0,1998-03-30,1998-04-03,0,True,True
1998-04-10,12.94219875465093,13.029175896819282,12.559488462479733,12.594279289245604,4,0,0,1998-04-06,1998-04-09,0,True,True
1998-04-17,12.420327110980249,12.663869165880927,12.385532838180351,12.663867950439453,5,0,0,1998-04-13,1998-04-17,0,True,True
1998-04-24,12.629072104442102,12.733446609875386,12.263771511834383,12.368144035339355,5,0,0,1998-04-20,1998-04-24,0,True,True
1998-05-01,12.281165700679203,12.629070116011476,12.020235667412884,12.455122947692873,5,0,0,1998-04-27,1998-05-01,0,True,True
1998-05-08,12.455117943223891,12.59428127219846,12.159402036462803,12.489912986755373,5,0,0,1998-05-04,1998-05-08,0,True,True
1998-05-15,12.410343022299017,12.621583907704958,12.251913111376052,12.304724693298342,5,0,0,1998-05-11,1998-05-15,0,True,True
1998-05-22,12.269513372041992,12.392736605333663,11.89985111460966,11.970264434814451,5,0,0,1998-05-18,1998-05-22,0,True,True
1998-05-29,11.970261525105428,12.093480909305766,11.58298632610275,12.058274269104004,4,0,0,1998-05-26,1998-05-29,0,True,True
1998-06-05,12.0582802757891,12.903233959939744,12.0582802757891,12.692004203796387,5,0,0,1998-06-01,1998-06-05,0,True,True
1998-06-12,12.709599750927328,13.096882036800153,12.568770078410731,13.008865356445312,5,0,0,1998-06-08,1998-06-12,0,True,True
1998-06-19,13.008860985015302,13.272910937349849,12.639184151755439,12.67439079284668,5,0,0,1998-06-15,1998-06-19,0,True,True
1998-06-26,12.656786675598482,12.956050601813313,12.586373397848282,12.692004203796387,5,0,0,1998-06-22,1998-06-26,0,True,True
1998-07-03,12.674397194222228,12.973663219789257,12.674397194222228,12.868039131164553,4,0,0,1998-06-29,1998-07-02,0,True,True
1998-07-10,12.868038546278809,13.008865233515786,12.692001871284306,12.832828521728516,5,0,0,1998-07-06,1998-07-10,0,True,True
1998-07-17,12.81521973202708,12.885637969761104,12.463156025061448,12.5335693359375,5,0,0,1998-07-13,1998-07-17,0,True,True
1998-07-24,12.463152992606673,12.533564816409005,12.181496776833656,12.21670341491699,5,0,0,1998-07-20,1998-07-24,0,True,True
1998-07-31,12.234315314408546,12.392741730698202,11.882243304344188,11.917449951171875,5,0,0,1998-07-27,1998-07-31,0,True,True
1998-08-07,11.935057097682042,12.339933665892495,11.829431894059413,12.234310150146484,5,0,0,1998-08-03,1998-08-07,0,True,True
1998-08-14,12.304720010125326,12.815217357211642,12.111083500666988,12.67439079284668,5,0,0,1998-08-10,1998-08-14,0,True,True
1998-08-21,12.611690732580804,13.252967525172879,12.611690732580804,13.18171501159668,5,0,0,1998-08-17,1998-08-21,0,True,True
1998-08-28,13.110461229946525,13.716109369315353,13.092646921439165,13.627043724060059,5,0,0,1998-08-24,1998-08-28,0,True,True
1998-09-04,13.537974590669377,13.912050204358925,12.754198701485343,13.146090507507326,5,0,0,1998-08-31,1998-09-04,0,True,True
1998-09-11,13.074831783055304,13.537973070901538,12.914513682173153,13.466720581054689,4,0,0,1998-09-08,1998-09-11,0,True,True
1998-09-18,13.466728501570852,14.107998639687725,13.39547349506779,13.947680473327637,5,0,0,1998-09-14,1998-09-18,0,True,True
1998-09-25,13.876424628641923,14.464257459269563,13.787359002013925,14.197060585021973,5,0,0,1998-09-21,1998-09-25,0,True,True
1998-10-02,14.321756114747002,15.426162942950448,14.214877337771279,15.37272357940674,5,0,0,1998-09-28,1998-10-02,0,True,True
1998-10-09,15.533048022392743,15.996189362509957,14.927398286076068,14.945211410522459,5,0,0,1998-10-05,1998-10-09,0,True,True
1998-10-16,14.891774948329141,15.711185862338771,14.197062959112829,15.105533599853514,5,0,0,1998-10-12,1998-10-16,0,True,True
1998-10-23,15.10553275979383,15.10553275979383,13.822978140739014,14.125807762145996,5,0,0,1998-10-19,1998-10-23,0,True,True
1998-10-30,14.001111030578613,14.535511655760516,13.929858268575463,14.286125183105469,5,0,0,1998-10-26,1998-10-30,0,True,True
1998-11-06,14.250505088579537,14.606771316246098,14.179242997843929,14.35737419128418,5,0,0,1998-11-02,1998-11-06,0,True,True
1998-11-13,14.535509109497072,14.856148164527042,14.393004118227493,14.838335037231445,5,0,0,1998-11-09,1998-11-13,0,True,True
1998-11-20,14.828976284579822,15.224903276988439,14.828976284579822,14.954965591430664,5,0,0,1998-11-16,1998-11-20,0,True,True
1998-11-27,14.936957222422915,15.098916106309721,14.792986550399561,14.864969253540037,4,0,0,1998-11-23,1998-11-27,0,True,True
1998-12-04,14.846974633276684,15.080927894446269,14.57703456137944,15.04493522644043,5,0,0,1998-11-30,1998-12-04,0,True,True
1998-12-11,14.972949890428753,15.098924228449187,14.774985179970146,14.91895580291748,5,0,0,1998-12-07,1998-12-11,0,True,True
1998-12-18,14.84696867978732,15.548835754394531,14.810974917154827,15.548835754394531,5,0,0,1998-12-14,1998-12-18,0,True,True
1998-12-25,15.49483736207552,15.674800629927732,15.152908190558938,15.278881072998045,4,0,0,1998-12-21,1998-12-24,0,True,True
1999-01-01,15.278882125094269,15.314874780277059,15.098924002185216,15.224898338317869,4,0,0,1998-12-28,1998-12-31,0,True,True
1999-01-08,15.188905715942381,15.386865387595659,14.721005383933464,14.756998062133791,5,0,0,1999-01-04,1999-01-08,0,True,True
1999-01-15,14.685003280639648,15.008935552410232,14.415056120185239,14.685003280639648,5,0,0,1999-01-11,1999-01-15,0,True,True
1999-01-22,14.613020857077558,14.702997316094059,14.343075890505927,14.523037910461424,4,0,0,1999-01-19,1999-01-22,0,True,True
1999-01-29,14.523033605943811,14.649012871553426,14.109121677094857,14.235095977783203,5,0,0,1999-01-25,1999-01-29,0,True,True
1999-02-05,14.163106176726064,14.163106176726064,13.587222005806717,13.731203079223633,5,0,0,1999-02-01,1999-02-05,0,True,True
1999-02-12,13.677215724219634,13.983145311088759,13.249385739936203,13.322184562683105,5,0,0,1999-02-08,1999-02-12,0,True,True
1999-02-19,13.394986246744791,14.15937178546198,13.394986246744791,13.95916748046875,4,0,0,1999-02-16,1999-02-19,0,True,True
1999-02-26,13.813574756365366,14.104770008146453,13.522389478224484,13.613388061523438,5,0,0,1999-02-22,1999-02-26,0,True,True
1999-03-05,13.540588041864723,14.19577898438444,13.449589466314558,14.122980117797852,5,0,0,1999-03-01,1999-03-05,0,True,True
1999-03-12,14.050180841747084,14.141179148107767,13.449593724940605,13.977381706237793,5,0,0,1999-03-08,1999-03-12,0,True,True
1999-03-19,14.031966267850596,14.159364145768823,13.613386027356411,13.686184883117674,5,0,0,1999-03-15,1999-03-19,0,True,True
1999-03-26,13.667983591158652,13.995566874159673,13.485989978785151,13.686184883117674,5,0,0,1999-03-22,1999-03-26,0,True,True
1999-04-02,13.649787633649764,13.686187067339496,13.049201085118185,13.231198310852051,4,0,0,1999-03-29,1999-04-01,0,True,True
1999-04-09,13.322191648977004,13.413190225814278,12.885400401148303,13.15839672088623,5,0,0,1999-04-05,1999-04-09,0,True,True
1999-04-16,13.067395028924485,13.37679017584888,12.776197939228441,12.903595924377441,5,0,0,1999-04-12,1999-04-16,0,True,True
1999-04-23,12.867194174388267,13.540581030923812,12.867194174388267,13.085588455200195,5,0,0,1999-04-19,1999-04-23,0,True,True
1999-04-30,13.085586765077379,13.285780977611699,13.049187358220419,13.231198310852051,5,0,0,1999-04-26,1999-04-30,0,True,True
1999-05-07,13.176586917189303,13.376783679743284,13.158394881657191,13.322184562683105,5,0,0,1999-05-03,1999-05-07,0,True,True
1999-05-14,13.285790200478987,13.795385156628949,13.267590487875591,13.595187187194824,5,0,0,1999-05-10,1999-05-14,0,True,True
1999-05-21,13.51344482411689,14.194634432600441,13.421391385260508,14.15781307220459,5,0,0,1999-05-17,1999-05-21,0,True,True
1999-05-28,14.139406174879808,14.691719996869265,14.102581031610814,14.305107116699219,5,0,0,1999-05-24,1999-05-28,0,True,True
1999-06-04,14.305096576546442,14.305096576546442,13.881653794477867,14.010528564453125,4,0,0,1999-06-01,1999-06-04,0,True,True
1999-06-11,13.973708152770996,14.139404296875,13.660735072859797,13.75278854370117,5,0,0,1999-06-07,1999-06-11,0,True,True
1999-06-18,13.808007259292905,14.433979113896687,13.789596582947182,13.881653785705566,5,0,0,1999-06-14,1999-06-18,0,True,True
1999-06-25,13.844828534866313,13.9737120183988,13.623900419948233,13.789605140686035,5,0,0,1999-06-21,1999-06-25,0,True,True
1999-07-02,13.881659546000435,13.918480924106536,13.310924518303793,13.660725593566895,5,0,0,1999-06-28,1999-07-02,0,True,True
1999-07-09,13.623906145981751,13.623906145981751,13.126813908473361,13.218867301940916,4,0,0,1999-07-06,1999-07-09,0,True,True
1999-07-16,13.21886920125297,13.237278908659508,12.869065292880066,12.924297332763672,5,0,0,1999-07-12,1999-07-16,0,True,True
1999-07-23,12.887472136314413,12.94270415975576,12.574499113590957,12.648141860961914,5,0,0,1999-07-19,1999-07-23,0,True,True
1999-07-30,12.666546854479561,12.924296354425366,12.592906951904297,12.813832283020021,5,0,0,1999-07-26,1999-07-30,0,True,True
1999-08-06,12.813833258368751,13.310921658395229,12.813833258368751,13.292507171630859,5,0,0,1999-08-02,1999-08-06,0,True,True
1999-08-13,13.218866342946242,13.366155624389648,12.850654612918865,12.924297332763672,5,0,0,1999-08-09,1999-08-13,0,True,True
1999-08-20,12.897463140197843,13.288860321044922,12.692445082065863,13.288860321044922,5,0,0,1999-08-16,1999-08-20,0,True,True
1999-08-27,13.270218307321722,13.5684265560574,13.102476783774117,13.400678634643555,5,0,0,1999-08-23,1999-08-27,0,True,True
1999-09-03,13.382047123976157,13.419323021257428,13.009285621481656,13.251577377319336,5,0,0,1999-08-30,1999-09-03,0,True,True
1999-09-10,13.232945451777496,13.232945451777496,12.822901664020346,13.046565055847168,4,0,0,1999-09-07,1999-09-10,0,True,True
1999-09-17,13.009289155687604,13.046565055847168,12.711075602050425,13.027925491333008,5,0,0,1999-09-13,1999-09-17,0,True,True
1999-09-24,12.87883346342627,12.990661250373531,12.30104703225094,12.319684982299806,5,0,0,1999-09-20,1999-09-24,0,True,True
1999-10-01,12.263771206499582,12.561972232091994,11.928289393005837,12.524696350097656,5,0,0,1999-09-27,1999-10-01,0,True,True
1999-10-08,12.524703169291,12.841548338752229,11.630077075195313,11.648715019226074,5,0,0,1999-10-04,1999-10-08,0,True,True
1999-10-15,11.630078099354977,11.70462988204315,10.810005574701579,10.977750778198242,5,0,0,1999-10-11,1999-10-15,0,True,True
1999-10-22,10.977748957979323,11.331870968602285,10.865924910066886,10.94047737121582,5,0,0,1999-10-18,1999-10-22,0,True,True
1999-10-29,10.884561043239005,11.611440308940782,10.884561043239005,11.387784957885742,5,0,0,1999-10-25,1999-10-29,0,True,True
1999-11-05,11.294597700898871,11.592804444546731,11.052300733585295,11.294596672058105,5,0,0,1999-11-01,1999-11-05,0,True,True
1999-11-12,11.331874265942341,11.443701972514141,10.791371308279766,10.959111213684082,5,0,0,1999-11-08,1999-11-12,0,True,True
1999-11-19,10.931877123053621,11.083189195415141,10.856223994174357,10.91295909881592,5,0,0,1999-11-15,1999-11-19,0,True,True
1999-11-26,10.894059409557933,10.894059409557933,10.534697520690152,10.553610801696777,4,0,0,1999-11-22,1999-11-26,0,True,True
1999-12-03,10.51579128420221,10.648180197978364,10.175351998023002,10.591433525085449,5,0,0,1999-11-29,1999-12-03,0,True,True
1999-12-10,10.591433525085449,10.667086621693203,10.288825905539772,10.402305603027344,5,0,0,1999-12-06,1999-12-10,0,True,True
1999-12-17,10.326654482480299,10.515783436158125,10.156430217954847,10.213170051574707,5,0,0,1999-12-13,1999-12-17,0,True,True
1999-12-24,10.213172801219635,10.667099053325177,10.213172801219635,10.6292724609375,4,0,0,1999-12-20,1999-12-23,0,True,True
1999-12-31,10.648181915283203,10.723838941906696,10.440134048461914,10.440134048461914,5,0,0,1999-12-27,1999-12-31,0,True,True
2000-01-07,10.402302830307573,10.950785646818748,10.156432965991701,10.91295909881592,5,0,0,2000-01-03,2000-01-07,0,True,True
2000-01-14,10.931885200038924,10.931885200038924,10.156429276616764,10.194255828857422,5,0,0,2000-01-10,2000-01-14,0,True,True
2000-01-21,10.061868850298767,10.364479221223229,9.8349094025476678,10.15643310546875,4,0,0,2000-01-18,2000-01-21,0,True,True
2000-01-28,10.402303758789511,10.440130317912383,9.8349075170945301,9.85382080078125,5,0,0,2000-01-24,2000-01-28,0,True,True
2000-02-04,9.8727340552364673,10.024042220342727,9.5701234876647483,9.7592563629150391,5,0,0,2000-01-31,2000-02-04,0,True,True
2000-02-11,9.7781649768942653,9.7970782553795548,9.4377306945740234,9.7214260101318359,5,0,0,2000-02-07,2000-02-11,0,True,True
2000-02-18,9.7737638854980471,9.8122432708740224,8.6193785264756944,8.6578578948974609,5,0,0,2000-02-14,2000-02-18,0,True,True
2000-02-25,8.696335411927091,8.696335411927091,8.0614280700683594,8.0614280700683594,4,0,0,2000-02-22,2000-02-25,0,True,True
2000-03-03,8.2345850783395989,8.5809024292203127,8.1576263392896955,8.4269819259643555,5,0,0,2000-02-28,2000-03-03,0,True,True
2000-03-10,8.4269845219570847,8.6001395312222577,8.2923066871312852,8.4462242126464844,5,0,0,2000-03-06,2000-03-10,0,True,True
2000-03-17,8.3885040972087506,9.619839729801301,8.3885040972087506,9.4466848373413086,5,0,0,2000-03-13,2000-03-17,0,True,True
2000-03-24,9.388965785381993,9.5621285868472743,8.9272164238823777,9.0041751861572266,5,0,0,2000-03-20,2000-03-24,0,True,True
2000-03-31,8.8502565609511503,9.1003712727788191,8.7540533136592682,8.965693473815918,5,0,0,2000-03-27,2000-03-31,0,True,True
2000-04-07,8.9656949536553743,9.4466856150757081,8.8887361986883739,9.13885498046875,5,0,0,2000-04-03,2000-04-07,0,True,True
2000-04-14,9.138851076177863,9.9661549346087721,9.138851076177863,9.6390848159790039,5,0,0,2000-04-10,2000-04-14,0,True,True
2000-04-21,9.5813613077899014,10.177793502807617,9.4851629010851841,10.177793502807617,4,0,0,2000-04-17,2000-04-20,0,True,True
2000-04-28,10.197031051992512,11.332179605656224,10.197031051992512,10.831942558288574,5,0,0,2000-04-24,2000-04-28,0,True,True
2000-05-05,10.793465116749639,10.812704805014789,10.139314641066587,10.46638298034668,5,0,0,2000-05-01,2000-05-05,0,True,True
2000-05-12,10.427911039711772,10.985861999401148,10.37019197491632,10.639544486999512,5,0,0,2000-05-08,2000-05-12,0,True,True
2000-05-19,10.634077099786289,10.92729613746422,10.067179294732901,10.438592910766602,5,0,0,2000-05-15,2000-05-19,0,True,True
2000-05-26,10.438592526476397,10.653621555492981,10.008539244186046,10.164918899536133,5,0,0,2000-05-22,2000-05-26,0,True,True
2000-06-02,10.204017535257895,10.301759197337418,9.8912507142538217,10.08673095703125,4,0,0,2000-05-30,2000-06-02,0,True,True
2000-06-09,10.028088962889287,10.30175716682167,9.7739626241807613,10.145374298095703,5,0,0,2000-06-05,2000-06-09,0,True,True
2000-06-16,10.204018416562915,10.614524200727354,9.969439049289651,10.145374298095703,5,0,0,2000-06-12,2000-06-16,0,True,True
2000-06-23,10.145374763886441,10.282210261665256,9.7739635127605773,9.8717031478881836,5,0,0,2000-06-19,2000-06-23,0,True,True
2000-06-30,9.9498977529461801,10.125828541391265,9.2608314777728378,9.2657184600830078,5,0,0,2000-06-26,2000-06-30,0,True,True
2000-07-07,9.3243647014971849,9.9303493348977305,9.3243647014971849,9.8912534713745117,4,0,0,2000-07-03,2000-07-07,0,True,True
2000-07-14,9.930346109334705,10.145374126245478,9.7739626789650718,9.8717031478881836,5,0,0,2000-07-10,2000-07-14,0,True,True
2000-07-21,9.8130617443280723,10.164922692140557,9.8032877784472685,9.8717031478881836,5,0,0,2000-07-17,2000-07-21,0,True,True
2000-07-28,9.8717044918767858,9.9107984290065527,9.4221043636092983,9.5002937316894531,5,0,0,2000-07-24,2000-07-28,0,True,True
2000-08-04,9.6371316516522274,10.125826835632324,9.4416523078053256,10.125826835632324,5,0,0,2000-07-31,2000-08-04,0,True,True
2000-08-11,10.086731562767678,10.594977469481856,10.028087774612052,10.541220664978027,5,0,0,2000-08-07,2000-08-11,0,True,True
2000-08-18,10.530694761150997,10.689648644338183,10.053830735226894,10.272392272949219,5,0,0,2000-08-14,2000-08-18,0,True,True
2000-08-25,10.252519356478409,10.252519356478409,9.5769682106785705,9.6763143539428711,5,0,0,2000-08-21,2000-08-25,0,True,True
2000-09-01,9.6961821125399688,10.093565691492991,9.6564426081521173,9.9197120666503906,5,0,0,2000-08-28,2000-09-01,0,True,True
2000-09-08,9.9147418277837538,10.947945208631937,9.9147418277837538,10.91814136505127,4,0,0,2000-09-05,2000-09-08,0,True,True
2000-09-15,10.888339046500441,11.305590745541664,10.689646345727585,10.952910423278809,5,0,0,2000-09-11,2000-09-15,0,True,True
2000-09-22,11.106899998665297,11.106899998665297,10.113438991045861,10.431343078613281,5,0,0,2000-09-18,2000-09-22,0,True,True
2000-09-29,10.431343078613281,11.106895896491656,10.331996954055059,10.853569030761719,5,0,0,2000-09-25,2000-09-29,0,True,True
2000-10-06,10.828733409847226,11.027425765991211,10.212784580843131,10.272392272949219,5,0,0,2000-10-02,2000-10-06,0,True,True
2000-10-13,10.292262077331543,10.689645745537499,10.192915918283942,10.471081733703613,5,0,0,2000-10-09,2000-10-13,0,True,True
2000-10-20,10.510822296142578,10.80885936809036,10.192914805031549,10.431343078613281,5,0,0,2000-10-16,2000-10-20,0,True,True
2000-10-27,10.411467516332642,10.96781386913708,10.411467516332642,10.947944641113281,5,0,0,2000-10-23,2000-10-27,0,True,True
2000-11-03,10.987677926932816,11.484409645720795,10.987677926932816,11.087027549743651,5,0,0,2000-10-30,2000-11-03,0,True,True
2000-11-10,11.087028128089974,11.365197292594024,10.828728924105796,11.28571891784668,5,0,0,2000-11-06,2000-11-10,0,True,True
2000-11-17,11.34060899130732,11.54239559173584,10.997565997825873,11.54239559173584,5,0,0,2000-11-13,2000-11-17,0,True,True
2000-11-24,11.582753048041942,12.107409406828401,11.481857986647848,12.026693344116211,4,0,0,2000-11-20,2000-11-24,0,True,True
2000-12-01,11.865263660137471,12.248663778098079,11.7038311127277,12.046871185302734,5,0,0,2000-11-27,2000-12-01,0,True,True
2000-12-08,12.026694424105006,12.369737721436861,11.56257658203443,11.623113632202148,5,0,0,2000-12-04,2000-12-08,0,True,True
2000-12-15,11.703833038383246,11.764364073380181,11.320423653028364,11.340610504150391,5,0,0,2000-12-11,2000-12-15,0,True,True
2000-12-22,11.502042813583534,12.551342329421601,11.441505746143621,12.38991641998291,5,0,0,2000-12-18,2000-12-22,0,True,True
2000-12-29,12.41008958998759,12.753140567393785,12.26883653774383,12.430268287658691,4,0,0,2000-12-26,2000-12-29,0,True,True
2001-01-05,12.369737429944131,12.389916446958722,10.937029658985312,11.037924766540527,4,0,0,2001-01-02,2001-01-05,0,True,True
2001-01-12,11.098455522034573,11.280073024673044,10.53344644870398,10.694878578186035,5,0,0,2001-01-08,2001-01-12,0,True,True
2001-01-19,10.694877392536885,11.138816917798795,10.150044015935949,10.957205772399902,4,0,0,2001-01-16,2001-01-19,0,True,True
2001-01-26,11.138818795732456,11.582761192321778,11.058102717502511,11.300254821777344,5,0,0,2001-01-22,2001-01-26,0,True,True
2001-02-02,11.300252218559081,11.516570741274933,11.07424324207626,11.203389167785645,5,0,0,2001-01-29,2001-02-02,0,True,True
2001-02-09,11.206618030769746,11.881406040432449,11.203389930126507,11.868491172790529,5,0,0,2001-02-05,2001-02-09,0,True,True
2001-02-16,11.937319528520561,12.094649394927986,11.573502356680772,11.832432746887207,5,0,0,2001-02-12,2001-02-16,0,True,True
2001-02-23,11.806210338481563,12.127430047387374,11.53744721406839,11.750495910644531,4,0,0,2001-02-20,2001-02-23,0,True,True
2001-03-02,11.776720516733997,12.147094498505949,11.668548218513971,11.763601303100586,5,0,0,2001-02-26,2001-03-02,0,True,True
2001-03-09,11.7996575978454,12.05531811766858,11.527609336400122,11.943880081176758,5,0,0,2001-03-05,2001-03-09,0,True,True
2001-03-16,11.947156785789707,12.029098874512082,11.471891195133132,11.678383827209474,5,0,0,2001-03-12,2001-03-16,0,True,True
2001-03-23,11.619388135078385,12.025819988067447,11.311287781195924,11.632497787475586,5,0,0,2001-03-19,2001-03-23,0,True,True
2001-03-30,11.684943147751142,12.288040484914498,11.5800573970849,12.160201072692869,5,0,0,2001-03-26,2001-03-30,0,True,True
2001-04-06,12.160205821731886,12.655133875325673,11.835716602955374,12.183150291442871,5,0,0,2001-04-02,2001-04-06,0,True,True
2001-04-13,12.291318415506355,12.84851940178633,12.21920135590098,12.422418594360352,4,0,0,2001-04-09,2001-04-12,0,True,True
2001-04-20,12.389645763977814,12.750187882611764,11.963548290657886,12.130709648132324,5,0,0,2001-04-16,2001-04-20,0,True,True
2001-04-27,12.242143883454252,12.6190799810553,12.061871592397788,12.29131031036377,5,0,0,2001-04-23,2001-04-27,0,True,True
2001-05-04,12.373249634157172,12.451914552840256,11.720994006491047,12.022540092468262,5,0,0,2001-04-30,2001-05-04,0,True,True
2001-05-11,12.147091920115241,12.258533800319903,11.930767455374962,12.206090927124023,5,0,0,2001-05-07,2001-05-11,0,True,True
2001-05-18,12.345815666278787,12.542098839930953,12.142880593984009,12.375761032104492,5,0,0,2001-05-14,2001-05-18,0,True,True
2001-05-25,12.442293324370103,13.077721162437053,12.342487821271552,12.76499080657959,5,0,0,2001-05-21,2001-05-25,0,True,True
2001-06-01,12.76499541733194,13.074387229403539,12.645229812189958,13.041119575500488,4,0,0,2001-05-29,2001-06-01,0,True,True
2001-06-08,13.044445991516113,13.124290138563621,12.562058453418903,12.735053062438965,5,0,0,2001-06-04,2001-06-08,0,True,True
2001-06-15,12.708438573693284,13.130954037905495,12.412357652554057,12.82820987701416,5,0,0,2001-06-11,2001-06-15,0,True,True
2001-06-22,12.974587478850884,13.290636064154979,12.771651420359634,13.187502861022949,5,0,0,2001-06-18,2001-06-22,0,True,True
2001-06-29,13.107658870178829,13.307265431077679,12.974585688815424,13.240727424621582,5,0,0,2001-06-25,2001-06-29,0,True,True
2001-07-06,13.174193065070646,13.573409384765528,13.107657749159223,13.473605155944824,4,0,0,2001-07-02,2001-07-06,0,True,True
2001-07-13,13.473606111923553,13.633293143182712,13.00452850830829,13.07439136505127,5,0,0,2001-07-09,2001-07-13,0,True,True
2001-07-20,13.041121005130064,13.274001158848419,12.848165983487018,12.951297760009766,5,0,0,2001-07-16,2001-07-20,0,True,True
2001-07-27,12.947969437838765,13.157561945812844,12.275955763934622,13.054430961608887,5,0,0,2001-07-23,2001-07-27,0,True,True
2001-08-03,13.054433124556999,13.839557819782799,12.784960435817805,13.723119735717773,5,0,0,2001-07-30,2001-08-03,0,True,True
2001-08-10,13.639956043497467,13.906094393576922,13.423700439572723,13.902768135070803,5,0,0,2001-08-06,2001-08-10,0,True,True
2001-08-17,13.983681259188867,13.983681259188867,13.38360529429916,13.558907508850099,5,0,0,2001-08-13,2001-08-17,0,True,True
2001-08-24,13.484742385759967,14.152234588546547,13.484742385759967,14.017393112182617,5,0,0,2001-08-20,2001-08-24,0,True,True
2001-08-31,13.973567964798585,14.142125294513784,13.764552589033293,13.788150787353516,5,0,0,2001-08-27,2001-08-31,0,True,True
2001-09-07,13.788143735125875,14.212919460745272,13.784771830801697,13.997163772583008,4,0,0,2001-09-04,2001-09-07,0,True,True
2001-09-14,14.024130202193366,14.118524264192395,13.922994901342021,14.067955970764162,1,0,0,2001-09-10,2001-09-10,0,True,True
2001-09-21,13.90613367738022,14.620828530918926,13.484735687156578,13.821863174438477,5,0,0,2001-09-17,2001-09-21,0,True,True
2001-09-28,13.821849893640589,13.845448071066468,13.282472008528272,13.727463722229004,5,0,0,2001-09-24,2001-09-28,0,True,True
2001-10-05,13.727466063643405,14.226397119306563,13.595990051223282,14.091551780700684,5,0,0,2001-10-01,2001-10-05,0,True,True
2001-10-12,14.057846140120107,14.081444339681024,13.467891146715179,13.633078575134277,5,0,0,2001-10-08,2001-10-12,0,True,True
2001-10-19,13.58588340160742,13.906136078461307,13.417320104630509,13.575765609741209,5,0,0,2001-10-15,2001-10-19,0,True,True
2001-10-26,13.636449982192254,13.646563130417048,13.258868201616387,13.488119125366211,5,0,0,2001-10-22,2001-10-26,0,True,True
2001-11-02,13.434166464479677,13.565651138625583,12.979059307367239,13.407199859619141,5,0,0,2001-10-29,2001-11-02,0,True,True
2001-11-09,13.451033213428895,14.15182159287887,13.451033213428895,13.963905334472656,5,0,0,2001-11-05,2001-11-09,0,True,True
2001-11-16,13.96390219532733,13.96390219532733,13.068736039384838,13.23273754119873,5,0,0,2001-11-12,2001-11-16,0,True,True
2001-11-23,13.273739242900076,13.553907895813152,13.01748944050159,13.379655838012694,4,0,0,2001-11-19,2001-11-23,0,True,True
2001-11-30,13.393320164726376,13.427486275793244,12.983320754032563,13.195156097412109,5,0,0,2001-11-26,2001-11-30,0,True,True
2001-12-07,13.195156150724676,13.359157134696664,13.017489895460317,13.256656646728516,5,0,0,2001-12-03,2001-12-07,0,True,True
2001-12-14,13.256651286460324,13.256651286460324,12.470819942834444,12.781740188598633,5,0,0,2001-12-10,2001-12-14,0,True,True
2001-12-21,12.80564980549684,13.410399316754004,12.641650175834345,13.222487449645996,5,0,0,2001-12-17,2001-12-21,0,True,True
2001-12-28,13.249821190479803,13.820407742545756,13.249821190479803,13.762322425842285,4,0,0,2001-12-24,2001-12-28,0,True,True
2002-01-04,13.769154280595844,14.001488058608425,13.574405608598708,13.963905334472656,4,0,0,2001-12-31,2002-01-04,0,True,True
2002-01-11,13.912658026980425,14.035658155447489,13.769151091884758,13.840905189514158,5,0,0,2002-01-07,2002-01-11,0,True,True
2002-01-18,13.909237268243592,14.380744481138253,13.854570702520512,14.21332836151123,5,0,0,2002-01-14,2002-01-18,0,True,True
2002-01-25,14.127907509121018,14.302162396907576,14.08007759623214,14.192828178405762,4,0,0,2002-01-22,2002-01-25,0,True,True
2002-02-01,14.144991907061634,14.220150486012839,13.676906956088263,14.039067268371584,5,0,0,2002-01-28,2002-02-01,0,True,True
2002-02-08,13.95365505466828,14.179154381898023,13.875076803703516,14.15864086151123,5,0,0,2002-02-04,2002-02-08,0,True,True
2002-02-15,14.233107820017974,14.323147688042139,13.938751990414332,14.094589233398439,5,0,0,2002-02-11,2002-02-15,0,True,True
2002-02-22,14.025329572476968,14.129222390363996,13.60975280898638,14.080739974975586,4,0,0,2002-02-19,2002-02-22,0,True,True
2002-03-01,14.18116260910033,14.326615333557129,13.862561937851067,14.326615333557129,5,0,0,2002-02-25,2002-03-01,0,True,True
2002-03-08,14.354316207933337,14.773342871106902,14.288517533047347,14.63135814666748,5,0,0,2002-03-04,2002-03-08,0,True,True
2002-03-15,14.63135814666748,14.700619277843193,14.285049950968373,14.371631622314453,5,0,0,2002-03-11,2002-03-15,0,True,True
2002-03-22,14.285055528204126,14.68330839998019,14.146536264692651,14.458209991455076,5,0,0,2002-03-18,2002-03-22,0,True,True
2002-03-29,14.423578137247478,14.714473737069079,14.312760839934185,14.513616561889648,4,0,0,2002-03-25,2002-03-28,0,True,True
2002-04-05,14.5136199824498,14.873775617348571,14.378561453331377,14.638288497924805,5,0,0,2002-04-01,2002-04-05,0,True,True
2002-04-12,14.596727209538022,14.769891204126006,14.444364045990763,14.57596015930176,5,0,0,2002-04-08,2002-04-12,0,True,True
2002-04-19,14.492840714952413,14.852994337665912,14.395875891614605,14.839141845703125,5,0,0,2002-04-15,2002-04-19,0,True,True
2002-04-26,14.873771542210758,15.209686697524941,14.697157349974672,14.863383293151855,5,0,0,2002-04-22,2002-04-26,0,True,True
2002-05-03,14.776799940833154,15.313577149551559,14.756022533794889,15.26509475708008,5,0,0,2002-04-29,2002-05-03,0,True,True
2002-05-10,15.272016669853569,15.601020075369616,15.185443889652666,15.282408714294435,5,0,0,2002-05-06,2002-05-10,0,True,True
2002-05-17,15.361324432014918,15.543696483970233,14.887860259834264,15.214025497436523,5,0,0,2002-05-13,2002-05-17,0,True,True
2002-05-24,15.185960949727114,15.922468534172671,14.870322882696424,15.810239791870117,5,0,0,2002-05-20,2002-05-24,0,True,True
2002-05-31,15.810236173944759,15.862842632307837,15.347296427740954,15.350804328918457,4,0,0,2002-05-28,2002-05-31,0,True,True
2002-06-07,15.354307227930326,15.361321690739032,14.330216285705337,14.435430526733398,5,0,0,2002-06-03,2002-06-07,0,True,True
2002-06-14,14.449467375173912,14.572214070118619,14.24955726465565,14.449464797973633,5,0,0,2002-06-10,2002-06-14,0,True,True
2002-06-21,14.502071093999858,14.694968012091683,14.20746778033125,14.488040924072264,5,0,0,2002-06-17,2002-06-21,0,True,True
2002-06-28,14.488042387945422,14.701978760831752,14.063673581419588,14.64235782623291,5,0,0,2002-06-24,2002-06-28,0,True,True
2002-07-05,14.642359415600241,14.659894907804944,13.846234094065865,14.046141624450684,4,0,0,2002-07-01,2002-07-05,0,True,True
2002-07-12,13.993532189926077,14.063674135442014,12.993993648501894,13.186885833740234,5,0,0,2002-07-08,2002-07-12,0,True,True
2002-07-19,13.190403080787236,13.36224826216899,12.117208133708548,12.229436874389648,5,0,0,2002-07-15,2002-07-19,0,True,True
2002-07-26,12.204888572853324,13.940925026586472,11.450846690248099,13.734003067016602,5,0,0,2002-07-22,2002-07-26,0,True,True
2002-08-02,13.783100635948356,15.063216201035779,13.716465260796685,14.428418159484865,5,0,0,2002-07-29,2002-08-02,0,True,True
2002-08-09,14.516094085897372,15.361317565635186,14.393344367241108,15.119324684143068,5,0,0,2002-08-05,2002-08-09,0,True,True
2002-08-16,15.028729112553357,15.348491378971262,14.82621866677284,14.915040969848635,5,0,0,2002-08-12,2002-08-16,0,True,True
2002-08-23,14.886612477175888,15.302303385425189,14.708970447150163,14.957672119140625,5,0,0,2002-08-19,2002-08-23,0,True,True
2002-08-30,14.961220473782237,15.167292633224401,14.389208282946482,14.456712722778319,5,0,0,2002-08-26,2002-08-30,0,True,True
2002-09-06,14.478031193741998,14.495795378130364,13.955753879660602,14.250651359558105,4,0,0,2002-09-03,2002-09-06,0,True,True
2002-09-13,14.211564181423492,14.367890899503816,13.842066915374128,14.087217330932617,5,0,0,2002-09-09,2002-09-13,0,True,True
2002-09-20,13.927333929928494,14.435401723172154,13.586256876699718,14.097872734069824,5,0,0,2002-09-16,2002-09-20,0,True,True
2002-09-27,13.962866266452201,14.538420077896591,13.52230222174968,14.392751693725586,5,0,0,2002-09-23,2002-09-27,0,True,True
2002-10-04,14.392763856210991,15.046499694471413,14.044580627995332,14.897275924682617,5,0,0,2002-09-30,2002-10-04,0,True,True
2002-10-11,15.028731397690168,15.792600923379931,14.190246936804977,14.922146797180176,5,0,0,2002-10-07,2002-10-11,0,True,True
2002-10-18,14.566854574499184,15.099791522884777,14.037480045055883,14.957672119140625,5,0,0,2002-10-14,2002-10-18,0,True,True
2002-10-25,14.904378626663124,15.810365597715313,14.886614441999438,15.579434394836428,5,0,0,2002-10-21,2002-10-25,0,True,True
2002-11-01,15.757075407117805,16.044860145741033,15.046495181595107,15.167293548583984,5,0,0,2002-10-28,2002-11-01,0,True,True
2002-11-08,15.277439048791068,15.654046173723355,14.579601426666633,14.608401298522949,5,0,0,2002-11-04,2002-11-08,0,True,True
2002-11-15,14.611998856419426,14.871202884949032,14.165613582860749,14.856802940368652,5,0,0,2002-11-11,2002-11-15,0,True,True
2002-11-22,15.011583534845567,15.040382021253238,14.237614091247719,14.644403457641603,5,0,0,2002-11-18,2002-11-22,0,True,True
2002-11-29,14.647996993696445,14.647996993696445,14.20161452857657,14.309611320495605,4,0,0,2002-11-25,2002-11-29,0,True,True
2002-12-06,14.219616491487228,14.608406925967497,14.046821316634317,14.334812164306641,5,0,0,2002-12-02,2002-12-06,0,True,True
2002-12-13,14.399611187079737,15.285188675458059,14.399611187079737,15.238390922546387,5,0,0,2002-12-09,2002-12-13,0,True,True
2002-12-20,15.371584757686442,15.605577330351503,15.069192876860503,15.562378883361816,5,0,0,2002-12-16,2002-12-20,0,True,True
2002-12-27,15.587573529942462,15.605572763149267,15.227579296697996,15.303176879882812,4,0,0,2002-12-23,2002-12-27,0,True,True
2003-01-03,15.303178451359537,15.78197193145752,15.270779287631402,15.78197193145752,4,0,0,2002-12-30,2003-01-03,0,True,True
2003-01-10,15.828773431617867,16.56675324871058,15.569581537395209,15.79277515411377,5,0,0,2003-01-06,2003-01-10,0,True,True
2003-01-17,15.796369865747234,15.796369865747234,14.525605493336053,14.979195594787598,5,0,0,2003-01-13,2003-01-17,0,True,True
2003-01-24,14.939596453579989,15.108792322736488,14.500403579142741,14.557999610900879,4,0,0,2003-01-21,2003-01-24,0,True,True
2003-01-31,14.410403805715005,14.46440394584816,14.072013593355074,14.370805740356445,5,0,0,2003-01-27,2003-01-31,0,True,True
2003-02-07,14.367207549665952,14.464405059814453,14.100815364045943,14.115215301513672,5,0,0,2003-02-03,2003-02-07,0,True,True
2003-02-14,14.151731206325969,14.261300185721012,13.348284857892768,14.253995895385742,5,0,0,2003-02-10,2003-02-14,0,True,True
2003-02-21,14.31608561390996,14.42929277768941,14.11155756582315,14.356252670288086,4,0,0,2003-02-18,2003-02-21,0,True,True
2003-02-28,14.359902695974517,14.513290543176073,14.064080830155241,14.243039131164551,5,0,0,2003-02-24,2003-02-28,0,True,True
2003-03-07,14.334337740235691,14.502332192134551,14.11521855846841,14.327038764953613,5,0,0,2003-03-03,2003-03-07,0,True,True
2003-03-14,14.243032118853401,14.243032118853401,13.742706080397234,13.87783145904541,5,0,0,2003-03-10,2003-03-14,0,True,True
2003-03-21,13.874173786208445,14.425640106201172,13.826696625594213,14.425640106201172,5,0,0,2003-03-17,2003-03-21,0,True,True
2003-03-28,14.42564003458029,14.42564003458029,13.932612961394428,14.045825958251951,5,0,0,2003-03-24,2003-03-28,0,True,True
2003-04-04,14.045822829591602,14.370855159379827,13.925305570563784,14.367203712463379,5,0,0,2003-03-31,2003-04-04,0,True,True
2003-04-11,14.429287751923402,14.579022148984354,14.199216999555967,14.425640106201172,5,0,0,2003-04-07,2003-04-11,0,True,True
2003-04-18,14.429295440726968,14.589986143498283,14.243038909424019,14.275907516479492,4,0,0,2003-04-14,2003-04-17,0,True,True
2003-04-25,14.279554705085729,14.418342920496395,13.950870125730152,14.210166931152344,5,0,0,2003-04-21,2003-04-25,0,True,True
2003-05-02,14.224776623798686,14.396425063834331,14.027564875112711,14.122522354125977,5,0,0,2003-04-28,2003-05-02,0,True,True
2003-05-09,14.188253423076642,14.425641842831968,14.107909045433749,14.421990394592285,5,0,0,2003-05-05,2003-05-09,0,True,True
2003-05-16,14.503490205299768,15.036945865435831,14.344192504882812,15.02212715148926,5,0,0,2003-05-12,2003-05-16,0,True,True
2003-05-23,14.77392543244185,16.137207902983032,14.77392543244185,15.937159538269043,5,0,0,2003-05-19,2003-05-23,0,True,True
2003-05-30,15.948279735075806,16.396535349950309,15.707480112722601,15.926051139831541,4,0,0,2003-05-27,2003-05-30,0,True,True
2003-06-06,15.922340826840577,16.20759851193554,15.718601870057311,15.826035499572756,5,0,0,2003-06-02,2003-06-06,0,True,True
2003-06-13,15.781575891972452,16.040894850847877,15.54818748990548,15.685254096984865,5,0,0,2003-06-09,2003-06-13,0,True,True
2003-06-20,15.855665363480814,16.374315092038596,15.725995976211829,16.148334503173828,5,0,0,2003-06-16,2003-06-20,0,True,True
2003-06-27,16.003849290162798,16.355786768481114,15.940870445783272,15.989032745361328,5,0,0,2003-06-23,2003-06-27,0,True,True
2003-07-04,15.929764793234236,16.218714714554729,15.81121259011195,16.040897369384766,4,0,0,2003-06-30,2003-07-03,0,True,True
2003-07-11,16.00385739891372,16.096472312781057,15.007317386631435,15.170320510864258,5,0,0,2003-07-07,2003-07-11,0,True,True
2003-07-18,15.299976256787934,15.362955103310629,14.640557556521985,15.103633880615234,5,0,0,2003-07-14,2003-07-18,0,True,True
2003-07-25,15.096225677391057,15.118449892562378,14.773927027287691,14.981375694274902,5,0,0,2003-07-21,2003-07-25,0,True,True
2003-08-01,14.959160096315374,14.970273432876189,14.540540791659513,14.544244766235352,5,0,0,2003-07-28,2003-08-01,0,True,True
2003-08-08,14.544242906813949,15.073998353828175,14.281210504446928,15.070294380187988,5,0,0,2003-08-04,2003-08-08,0,True,True
2003-08-15,15.096583599803729,15.141660274545831,14.672128405051254,14.766036033630371,5,0,0,2003-08-11,2003-08-15,0,True,True
2003-08-22,14.766033180147776,15.059021642442035,14.747250511728279,14.852425575256348,5,0,0,2003-08-18,2003-08-22,0,True,True
2003-08-29,14.822382992341467,15.017701568379202,14.70217626017341,14.848671913146973,5,0,0,2003-08-25,2003-08-29,0,True,True
2003-09-05,14.743493798569373,15.013946831380517,14.668367428936074,14.811104774475098,4,0,0,2003-09-02,2003-09-05,0,True,True
2003-09-12,14.837402367474999,15.265619330975097,14.788570009099626,15.152931213378904,5,0,0,2003-09-08,2003-09-12,0,True,True
2003-09-19,15.220544955159067,15.41211901681654,14.972628932591268,15.408363342285156,5,0,0,2003-09-15,2003-09-19,0,True,True
2003-09-26,15.325728405500643,15.430898296197338,15.100340956216836,15.427141189575195,5,0,0,2003-09-22,2003-09-26,0,True,True
2003-10-03,15.408358060157251,15.562369704783672,15.213033314774588,15.430899620056152,5,0,0,2003-09-29,2003-10-03,0,True,True
2003-10-10,15.430901688223402,15.487244284291883,15.152932073906365,15.258108139038086,5,0,0,2003-10-06,2003-10-10,0,True,True
2003-10-17,15.295669863701596,15.363283448200567,15.043994539527434,15.201761245727539,5,0,0,2003-10-13,2003-10-17,0,True,True
2003-10-24,15.269378816449883,15.33698982372179,15.100344822376364,15.321964263916016,5,0,0,2003-10-20,2003-10-24,0,True,True
2003-10-31,15.321962167975574,15.445919437126079,15.194252182558044,15.201761245727539,5,0,0,2003-10-27,2003-10-31,0,True,True
2003-11-07,15.276885777755975,15.547755947936867,15.254348873628922,15.384015083312988,5,0,0,2003-11-03,2003-11-07,0,True,True
2003-11-14,15.384016761390871,15.460174095246762,15.041304588317871,15.041304588317871,5,0,0,2003-11-10,2003-11-14,0,True,True
2003-11-21,15.03750001466296,15.132695927564557,14.774741679569763,15.003225326538086,5,0,0,2003-11-17,2003-11-21,0,True,True
2003-11-28,15.098423939416792,15.349750283053284,15.041304480599093,15.345941543579102,4,0,0,2003-11-24,2003-11-28,0,True,True
2003-12-05,15.250733187533339,15.730547215531562,15.250733187533339,15.631540298461914,5,0,0,2003-12-01,2003-12-05,0,True,True
2003-12-12,15.631525712690205,15.783851623535154,15.528716324434241,15.783851623535154,5,0,0,2003-12-08,2003-12-12,0,True,True
2003-12-19,15.898089098994291,16.16464249659035,15.673417292828466,16.13798713684082,5,0,0,2003-12-15,2003-12-19,0,True,True
2003-12-26,16.084674100178823,16.381693389478276,16.004706579842221,16.316953659057617,4,0,0,2003-12-22,2003-12-26,0,True,True
2004-01-02,16.343619553280572,16.556863956468952,16.324571492015409,16.366458892822266,4,0,0,2003-12-29,2004-01-02,0,True,True
2004-01-09,16.366457606860852,16.431196820801095,16.1037113669097,16.328386306762695,5,0,0,2004-01-05,2004-01-09,0,True,True
2004-01-16,16.290300606507881,16.446421210523095,16.191295208288629,16.313150405883789,5,0,0,2004-01-12,2004-01-16,0,True,True
2004-01-23,16.297911867344236,16.792949359677603,16.259833214373529,16.469280242919922,4,0,0,2004-01-20,2004-01-23,0,True,True
2004-01-30,16.469269734617306,16.735840182915791,16.073247753408797,16.690132141113281,5,0,0,2004-01-26,2004-01-30,0,True,True
2004-02-06,16.693940899836964,16.941453912667082,16.526401316262014,16.537824630737305,5,0,0,2004-02-02,2004-02-06,0,True,True
2004-02-13,16.39698994095566,16.886970758154721,16.377699658905374,16.721078872680664,5,0,0,2004-02-09,2004-02-13,0,True,True
2004-02-20,16.73265926233794,17.052879077201556,16.659355541809223,16.809812545776367,4,0,0,2004-02-17,2004-02-20,0,True,True
2004-02-27,16.809809913836236,17.060599217820208,16.566759085502881,17.04130744934082,5,0,0,2004-02-23,2004-02-27,0,True,True
2004-03-05,17.041293108533143,17.357663928078939,16.983422267061101,17.322940826416016,5,0,0,2004-03-01,2004-03-05,0,True,True
2004-03-12,17.326795663615506,17.365376227713849,16.751931739971464,16.898540496826172,5,0,0,2004-03-08,2004-03-12,0,True,True
2004-03-19,16.917846303911332,17.338380813598633,16.821393356975111,17.022010803222656,5,0,0,2004-03-15,2004-03-19,0,True,True
2004-03-26,17.014293146478856,17.091460613081288,16.821387321816943,16.940994262695312,5,0,0,2004-03-22,2004-03-26,0,True,True
2004-04-02,17.014293208881586,17.118461608886719,16.863826900574178,16.925556182861328,5,0,0,2004-03-29,2004-04-02,0,True,True
2004-04-09,16.925561124484926,17.052879708909341,16.609189601096514,16.744224548339844,4,0,0,2004-04-05,2004-04-08,0,True,True
2004-04-16,16.678642003706415,16.775094942523886,16.065190733355912,16.331403732299805,5,0,0,2004-04-12,2004-04-16,0,True,True
2004-04-23,16.26195854407478,16.478023620940682,15.972600928076396,16.258108139038086,5,0,0,2004-04-19,2004-04-23,0,True,True
2004-04-30,16.26196876231824,16.327556065116859,15.779692312372818,15.899292945861818,5,0,0,2004-04-26,2004-04-30,0,True,True
2004-05-07,15.856864137071744,16.042047322243125,15.40931179178393,15.424744606018066,5,0,0,2004-05-03,2004-05-07,0,True,True
2004-05-14,15.340612929728103,15.422794424824858,14.569669334564747,14.941445350646974,5,0,0,2004-05-10,2004-05-14,0,True,True
2004-05-21,14.902308766777551,14.902308766777551,14.577495735852166,14.788817405700684,5,0,0,2004-05-17,2004-05-21,0,True,True
2004-05-28,14.816218568932333,15.371916132870624,14.777083446252986,15.364094734191896,5,0,0,2004-05-24,2004-05-28,0,True,True
2004-06-04,15.426702627675127,15.442356667688786,15.172331594899324,15.340604782104492,4,0,0,2004-06-01,2004-06-04,0,True,True
2004-06-11,15.34061208357681,15.422793574140631,15.137118576649305,15.285824775695799,4,0,0,2004-06-07,2004-06-10,0,True,True
2004-06-18,15.20363958828862,15.481494543922304,15.109718322753906,15.469753265380859,5,0,0,2004-06-14,2004-06-18,0,True,True
2004-06-25,15.469755930543906,15.853272011984034,15.403228476371542,15.763263702392578,5,0,0,2004-06-21,2004-06-25,0,True,True
2004-07-02,15.802390747826314,15.861091153489342,15.309300238257379,15.508893966674805,5,0,0,2004-06-28,2004-07-02,0,True,True
2004-07-09,15.497147606177625,15.520624866638004,15.328871895680955,15.434530258178713,4,0,0,2004-07-06,2004-07-09,0,True,True
2004-07-16,15.450189672432678,15.759350510107929,15.379747957936548,15.618466377258301,5,0,0,2004-07-12,2004-07-16,0,True,True
2004-07-23,15.673244843834436,15.868926277975451,15.504971095594456,15.673248291015625,5,0,0,2004-07-19,2004-07-23,0,True,True
2004-07-30,15.673249760740065,16.033290863037109,15.426713733321064,16.033290863037109,5,0,0,2004-07-26,2004-07-30,0,True,True
2004-08-06,16.033280273862768,16.416804230641635,15.966751365645976,16.287660598754883,5,0,0,2004-08-02,2004-08-06,0,True,True
2004-08-13,16.337256023582082,16.408658938759956,16.027808727297021,16.226167678833008,5,0,0,2004-08-09,2004-08-13,0,True,True
2004-08-20,16.277737720264287,16.452300115345135,16.166658907999711,16.214265823364258,5,0,0,2004-08-16,2004-08-20,0,True,True
2004-08-27,16.218233779445846,16.404698490178109,16.174594877964797,16.372961044311523,5,0,0,2004-08-23,2004-08-27,0,True,True
2004-09-03,16.384855785972032,16.956139265846588,16.345183616297483,16.924400329589844,5,0,0,2004-08-30,2004-09-03,0,True,True
2004-09-10,16.999785536627904,17.019623137242363,16.436430365516188,16.634794235229492,4,0,0,2004-09-07,2004-09-10,0,True,True
2004-09-17,16.634803954231394,16.880764339104886,16.408665035594623,16.864894866943359,5,0,0,2004-09-13,2004-09-17,0,True,True
2004-09-24,16.821257469671895,16.864896251604733,16.412628022627928,16.527679443359375,5,0,0,2004-09-20,2004-09-24,0,True,True
2004-10-01,16.503873354788524,16.801428576199747,16.48007065899651,16.785560607910156,5,0,0,2004-09-27,2004-10-01,0,True,True
2004-10-08,16.833158353227454,17.091040337892103,16.769681974518786,16.856969833374023,5,0,0,2004-10-04,2004-10-08,0,True,True
2004-10-15,16.856960501346407,17.198151870604775,16.82125494810191,17.158479690551758,5,0,0,2004-10-11,2004-10-15,0,True,True
2004-10-22,17.087064903090706,17.249729501982802,16.745876534963642,17.198154449462891,5,0,0,2004-10-18,2004-10-22,0,True,True
2004-10-29,17.237828860755396,17.456020355224609,17.158475723820136,17.237821578979492,5,0,0,2004-10-25,2004-10-29,0,True,True
2004-11-05,17.210051767421387,17.924163480227669,17.023583133108943,17.868621826171875,5,0,0,2004-11-01,2004-11-05,0,True,True
2004-11-12,17.866611953309249,18.316593170166016,17.717952533857641,18.316593170166016,5,0,0,2004-11-08,2004-11-12,0,True,True
2004-11-19,18.26034222888828,18.308553923641508,17.782239202034592,17.898752212524414,5,0,0,2004-11-15,2004-11-19,0,True,True
2004-11-26,17.95901408012465,18.280420046048604,17.906783857018066,18.240243911743164,4,0,0,2004-11-22,2004-11-26,0,True,True
2004-12-03,18.240256426179894,18.240256426179894,17.328242069060735,17.513055801391602,5,0,0,2004-11-29,2004-12-03,0,True,True
2004-12-10,17.537164301716739,17.734021457905421,17.340289397391793,17.456802368164062,5,0,0,2004-12-06,2004-12-10,0,True,True
2004-12-17,17.577333379989973,17.979110659877886,17.509033620229069,17.709915161132812,5,0,0,2004-12-13,2004-12-17,0,True,True
2004-12-24,17.810359089746473,17.959017381288735,17.689832921468984,17.918840408325195,4,0,0,2004-12-20,2004-12-23,0,True,True
2004-12-31,17.914820877032842,17.959015566964865,17.577335357666016,17.577335357666016,5,0,0,2004-12-27,2004-12-31,0,True,True
2005-01-07,17.581354374856272,17.64162014460948,17.091194766495828,17.223775863647461,5,0,0,2005-01-03,2005-01-07,0,True,True
2005-01-14,17.263965061898165,17.621542306055638,17.243875443233708,17.448781967163086,5,0,0,2005-01-10,2005-01-14,0,True,True
2005-01-21,17.416634153883628,17.734032208150673,17.364405441461827,17.436717987060547,4,0,0,2005-01-18,2005-01-21,0,True,True
2005-01-28,17.456814394573865,17.669750876900185,17.284047126716668,17.396541595458984,5,0,0,2005-01-24,2005-01-28,0,True,True
2005-02-04,17.597425698824829,17.754110336303711,17.380470763806262,17.754110336303711,5,0,0,2005-01-31,2005-02-04,0,True,True
2005-02-11,17.750095370801819,17.963035104494338,17.641617918507553,17.918840408325195,5,0,0,2005-02-07,2005-02-11,0,True,True
2005-02-18,17.983951638031044,18.089764400852165,17.605466979851723,17.686861038208008,5,0,0,2005-02-14,2005-02-18,0,True,True
2005-02-25,17.662454336682625,17.66652334339495,17.222927093505859,17.54035758972168,4,0,0,2005-02-22,2005-02-25,0,True,True
2005-03-04,17.593259709430736,17.621747399082921,17.235122507811685,17.463039398193359,5,0,0,2005-02-28,2005-03-04,0,True,True
2005-03-11,17.552572616302715,17.572920754896057,16.950253272661705,17.051990509033203,5,0,0,2005-03-07,2005-03-11,0,True,True
2005-03-18,17.206640832996566,17.475241172480416,16.877005344507626,17.031652450561523,5,0,0,2005-03-14,2005-03-18,0,True,True
2005-03-25,17.092693143627361,17.141528290034543,16.726421562499642,16.995018005371094,4,0,0,2005-03-21,2005-03-24,0,True,True
2005-04-01,17.064200380220644,17.336870142013613,16.783387563122503,17.02757453918457,5,0,0,2005-03-28,2005-04-01,0,True,True
2005-04-08,17.031652635873044,17.332807068612535,16.8892141017832,17.174089431762695,5,0,0,2005-04-04,2005-04-08,0,True,True
2005-04-15,17.202569898786667,17.572918741105461,17.117104120604072,17.178153991699219,5,0,0,2005-04-11,2005-04-15,0,True,True
2005-04-22,17.178153646396087,17.682798090616178,17.092690566156392,17.568845748901367,5,0,0,2005-04-18,2005-04-22,0,True,True
2005-04-29,17.621753348453129,17.764195387830362,17.393847340005539,17.613609313964844,5,0,0,2005-04-25,2005-04-29,0,True,True
2005-05-06,17.703142729682209,18.081633895847308,17.654306908565765,18.020587921142578,5,0,0,2005-05-02,2005-05-06,0,True,True
2005-05-13,18.077564750662571,18.64731925631423,17.992101621359961,18.472322463989258,5,0,0,2005-05-09,2005-05-13,0,True,True
2005-05-20,18.472313726801282,18.999865194261954,18.44346374169692,18.843259811401367,5,0,0,2005-05-16,2005-05-20,0,True,True
2005-05-27,18.851488289388641,18.855609042217242,18.513535038377007,18.682516098022461,5,0,0,2005-05-23,2005-05-27,0,True,True
2005-06-03,18.752574040627909,19.069926862123644,18.670146180213678,18.954526901245117,4,0,0,2005-05-31,2005-06-03,0,True,True
2005-06-10,18.946279691427268,19.020469350239544,18.649536812247653,18.785551071166992,5,0,0,2005-06-06,2005-06-10,0,True,True
2005-06-17,18.760799022296805,19.0204756924701,18.670126820083166,18.921560287475586,5,0,0,2005-06-13,2005-06-17,0,True,True
2005-06-24,18.851487976001955,19.337820314998357,18.814394912335811,18.962772369384766,5,0,0,2005-06-20,2005-06-24,0,True,True
2005-07-01,19.012224197387695,19.4655838146906,18.933915744527859,19.403764724731445,5,0,0,2005-06-27,2005-07-01,0,True,True
2005-07-08,19.370789453965763,19.733478608748509,19.032834955064779,19.721113204956055,4,0,0,2005-07-05,2005-07-08,0,True,True
2005-07-15,19.774693101334226,20.087926714883636,19.667539071488115,19.811796188354492,5,0,0,2005-07-11,2005-07-15,0,True,True
2005-07-22,19.840638206948473,19.906581271466941,19.465579827941077,19.729360580444336,5,0,0,2005-07-18,2005-07-22,0,True,True
2005-07-29,19.721114917300557,20.063196114958188,19.704633165430767,19.848880767822266,5,0,0,2005-07-25,2005-07-29,0,True,True
2005-08-05,19.869487612059082,20.289867157314916,19.444971209136909,19.626314163208008,5,0,0,2005-08-01,2005-08-05,0,True,True
2005-08-12,19.6386925001949,19.679906334840556,19.144113237335493,19.576869964599609,5,0,0,2005-08-08,2005-08-12,0,True,True
2005-08-19,19.597720645926643,19.651953251593849,19.02205716714694,19.264005661010742,5,0,0,2005-08-15,2005-08-19,0,True,True
2005-08-26,19.272343213302687,19.54765930202198,19.193083641837831,19.272346496582031,5,0,0,2005-08-22,2005-08-26,0,True,True
2005-09-02,19.188914480354391,19.994008344073716,19.134693872480423,19.877206802368164,5,0,0,2005-08-29,2005-09-02,0,True,True
2005-09-09,19.98150550528981,20.219281114419807,19.78126782339039,20.085794448852539,4,0,0,2005-09-06,2005-09-09,0,True,True
2005-09-16,20.023222531102448,20.561334945648287,19.939792118962306,20.540477752685547,5,0,0,2005-09-12,2005-09-16,0,True,True
2005-09-23,20.465399741119633,20.561344144714852,19.898070020205996,20.114988327026367,5,0,0,2005-09-19,2005-09-23,0,True,True
2005-09-30,20.09412953861986,20.544656162186712,20.01904394730456,20.252658843994141,5,0,0,2005-09-26,2005-09-30,0,True,True
2005-10-07,20.331918578523783,20.482091440356207,19.134681183301325,19.61857795715332,5,0,0,2005-10-03,2005-10-07,0,True,True
2005-10-14,19.614412835911715,19.61858363991659,18.417191354422361,18.579879760742188,5,0,0,2005-10-10,2005-10-14,0,True,True
2005-10-21,18.621581697705079,18.867700340027945,18.229466269987448,18.721706390380859,5,0,0,2005-10-17,2005-10-21,0,True,True
2005-10-28,18.721706930183501,19.230638542631951,18.433876423114949,18.859365463256836,5,0,0,2005-10-24,2005-10-28,0,True,True
2005-11-04,18.863541264268619,19.213941310571062,18.730049682034451,18.955307006835938,5,0,0,2005-10-31,2005-11-04,0,True,True
2005-11-11,18.988685472423025,19.318227343316135,18.813481485494627,19.147195816040039,5,0,0,2005-11-07,2005-11-11,0,True,True
2005-11-18,19.104967899547098,19.299261264676147,18.813507369028091,19.231678009033203,5,0,0,2005-11-14,2005-11-18,0,True,True
2005-11-25,19.231684053858711,19.472449578470144,19.109176052512762,19.434427261352539,4,0,0,2005-11-21,2005-11-25,0,True,True
2005-12-02,19.493564189229762,19.60338637346214,19.142967613365645,19.349954605102539,5,0,0,2005-11-28,2005-12-02,0,True,True
2005-12-09,19.383737585834066,19.4090819068219,18.758592169939057,19.202110290527344,5,0,0,2005-12-05,2005-12-09,0,True,True
2005-12-16,19.235904171795443,19.958198824877787,19.050048997704728,19.789239883422852,5,0,0,2005-12-12,2005-12-16,0,True,True
2005-12-23,19.751222627493402,19.903292354324673,19.552698051740531,19.827260971069336,5,0,0,2005-12-19,2005-12-23,0,True,True
2005-12-30,19.85259825599956,19.949749075384275,19.548472355650816,19.56959342956543,4,0,0,2005-12-27,2005-12-30,0,True,True
2006-01-06,19.611842117530344,19.810368709709767,19.45555608289575,19.772350311279297,4,0,0,2006-01-03,2006-01-06,0,True,True
2006-01-13,19.810363569518834,19.890614002087688,19.497785863796452,19.556921005249023,5,0,0,2006-01-09,2006-01-13,0,True,True
2006-01-20,19.556931382184185,19.911738124975543,19.514692433395091,19.738555908203125,4,0,0,2006-01-17,2006-01-20,0,True,True
2006-01-27,19.725877843596312,20.072246579720357,19.645626100702263,19.975095748901367,5,0,0,2006-01-23,2006-01-27,0,True,True
2006-02-03,19.945525827285699,19.96242381969741,19.366847487820806,19.472446441650391,5,0,0,2006-01-30,2006-02-03,0,True,True
2006-02-10,19.438651264172599,19.599175135427586,19.307704159965418,19.489351272583008,5,0,0,2006-02-06,2006-02-10,0,True,True
2006-02-17,19.478645316078477,19.5256954441091,19.217730521300531,19.440149307250977,5,0,0,2006-02-13,2006-02-17,0,True,True
2006-02-24,19.448709514650979,19.884994506835938,19.431600076218476,19.884994506835938,4,0,0,2006-02-21,2006-02-24,0,True,True
2006-03-03,19.936325356117482,19.966266069967947,19.251946374534853,19.286165237426758,5,0,0,2006-02-27,2006-03-03,0,True,True
2006-03-10,19.269064461203321,19.286173900334443,18.841337241420643,19.097972869873047,5,0,0,2006-03-06,2006-03-10,0,True,True
2006-03-17,19.157849656779234,19.585581392434971,19.059472863717726,19.286165237426758,5,0,0,2006-03-13,2006-03-17,0,True,True
2006-03-24,19.311835040172458,19.418766570557366,19.059474152309193,19.076581954956055,5,0,0,2006-03-20,2006-03-24,0,True,True
2006-03-31,19.020981198500582,19.076584419666421,18.541930960079831,18.606090545654297,5,0,0,2006-03-27,2006-03-31,0,True,True
2006-04-07,18.760068588659941,18.768623307178629,18.062875297215463,18.131311416625977,5,0,0,2006-04-03,2006-04-07,0,True,True
2006-04-14,18.118477047610106,18.246794545548333,17.857570975603799,17.913175582885742,4,0,0,2006-04-10,2006-04-13,0,True,True
2006-04-21,17.904611673078271,18.482042484370485,17.80195670912272,18.251070022583008,5,0,0,2006-04-17,2006-04-21,0,True,True
2006-04-28,18.255344675678352,18.524819118116461,17.921729116737005,18.443550109863281,5,0,0,2006-04-24,2006-04-28,0,True,True
2006-05-05,18.606085540056988,18.606085540056988,18.097104490682227,18.443550109863281,5,0,0,2006-05-01,2006-05-05,0,True,True
2006-05-12,18.392222321397263,18.750262031867919,18.108778225864711,18.121782302856445,5,0,0,2006-05-08,2006-05-12,0,True,True
2006-05-19,18.169457054864555,18.429517081002192,17.844381979153795,18.269140243530273,5,0,0,2006-05-15,2006-05-19,0,True,True
2006-05-26,18.182464486555524,19.101339434647297,18.182464486555524,19.097005844116211,5,0,0,2006-05-22,2006-05-26,0,True,True
2006-06-02,18.962642475978711,19.279038587807666,18.832604540689399,19.26603889465332,4,0,0,2006-05-30,2006-06-02,0,True,True
2006-06-09,19.179355309679092,19.409076521977305,18.867293184844925,19.335393905639648,5,0,0,2006-06-05,2006-06-09,0,True,True
2006-06-16,19.456754745020302,19.504432511260291,18.88462128226136,19.170684814453125,5,0,0,2006-06-12,2006-06-16,0,True,True
2006-06-23,19.17068597213385,19.227032562201057,18.659233906120903,18.849952697753906,5,0,0,2006-06-19,2006-06-23,0,True,True
2006-06-30,18.810939891229093,19.378730244600831,18.719915683462723,19.261703491210938,5,0,0,2006-06-26,2006-06-30,0,True,True
2006-07-07,19.348389274370923,19.638789546375499,19.179351189450276,19.547767639160156,4,0,0,2006-07-03,2006-07-07,0,True,True
2006-07-14,19.526102697376533,19.803491530595924,19.461088917964641,19.595453262329102,5,0,0,2006-07-10,2006-07-14,0,True,True
2006-07-21,19.604116679404871,20.366958114723289,19.604116679404871,20.284605026245117,5,0,0,2006-07-17,2006-07-21,0,True,True
2006-07-28,20.241266676903511,20.566343733387423,20.176251241407694,20.366958618164062,5,0,0,2006-07-24,2006-07-28,0,True,True
2006-08-04,20.466655008585708,20.466655008585708,19.942196325863897,20.219596862792969,5,0,0,2006-07-31,2006-08-04,0,True,True
2006-08-11,20.002869274710807,20.236921085317356,19.651802781864173,19.85118293762207,5,0,0,2006-08-07,2006-08-11,0,True,True
2006-08-18,19.813865287977784,20.103567287169842,19.620727655833466,19.901651382446289,5,0,0,2006-08-14,2006-08-18,0,True,True
2006-08-25,19.840195550612584,20.103566090100959,19.756801114530983,19.923603057861328,5,0,0,2006-08-21,2006-08-25,0,True,True
2006-09-01,19.958725682056418,20.309872039078481,19.914830406126789,20.147464752197266,5,0,0,2006-08-28,2006-09-01,0,True,True
2006-09-08,20.103559951436882,20.103559951436882,19.796304343534906,19.879707336425781,4,0,0,2006-09-05,2006-09-08,0,True,True
2006-09-15,19.901647443780696,20.226468690157585,19.721691382968938,20.072837829589844,5,0,0,2006-09-11,2006-09-15,0,True,True
2006-09-22,20.094782230061714,20.423993239356523,19.971878895752358,20.200132369995117,5,0,0,2006-09-18,2006-09-22,0,True,True
2006-09-29,20.248424478327493,20.612747251014877,20.22647768118566,20.279146194458008,5,0,0,2006-09-25,2006-09-29,0,True,True
2006-10-06,20.3098752377004,20.682972836685817,20.208920822056772,20.380100250244141,5,0,0,2006-10-02,2006-10-06,0,True,True
2006-10-13,20.323040708693643,20.643467600148611,20.283535810314113,20.516180038452148,5,0,0,2006-10-09,2006-10-13,0,True,True
2006-10-20,20.476675821278533,21.020957946777344,20.410833752304203,21.020957946777344,5,0,0,2006-10-16,2006-10-20,0,True,True
2006-10-27,20.933175859263912,21.376502678696628,20.849769083400748,21.170196533203125,5,0,0,2006-10-23,2006-10-27,0,True,True
2006-11-03,21.227257968445546,21.455511833871761,20.840994504010887,21.078023910522461,5,0,0,2006-10-30,2006-11-03,0,True,True
2006-11-10,21.069239023214656,21.231659313468104,20.915608171328614,21.200933456420898,5,0,0,2006-11-06,2006-11-10,0,True,True
2006-11-17,21.265336545341736,21.411940914680383,21.092080211547668,21.318641662597656,5,0,0,2006-11-13,2006-11-17,0,True,True
2006-11-24,21.443027484017261,21.443027484017261,21.167607716577233,21.256452560424805,4,0,0,2006-11-20,2006-11-24,0,True,True
2006-12-01,21.283101610995601,21.522987417682831,21.025448579152027,21.420814514160156,5,0,0,2006-11-27,2006-12-01,0,True,True
2006-12-08,21.447467362645412,21.531872318401771,21.212023126970156,21.247562408447266,5,0,0,2006-12-04,2006-12-08,0,True,True
2006-12-15,21.229795143568143,21.891699133895976,21.229795143568143,21.620718002319336,5,0,0,2006-12-11,2006-12-15,0,True,True
2006-12-22,21.722891661360411,21.745102867412051,21.123179940721556,21.216472625732422,5,0,0,2006-12-18,2006-12-22,0,True,True
2006-12-29,21.220910631200699,21.456356119661933,21.14094893237046,21.354183197021484,4,0,0,2006-12-26,2006-12-29,0,True,True
2007-01-05,21.376395316871776,21.634050111143171,21.021013500672392,21.158725738525391,3,0,0,2007-01-03,2007-01-05,0,True,True
2007-01-12,21.172045017348218,21.407493367113712,20.963260061991981,21.038780212402344,5,0,0,2007-01-08,2007-01-12,0,True,True
2007-01-19,21.114290237426758,21.318640191225182,20.909955736322008,21.207582473754883,4,0,0,2007-01-16,2007-01-19,0,True,True
2007-01-26,21.278659126689355,21.625164224936686,21.180933640396709,21.367509841918945,5,0,0,2007-01-22,2007-01-26,0,True,True
2007-02-02,21.323094602823879,21.589621115427651,21.132068754695997,21.527444839477539,5,0,0,2007-01-29,2007-02-02,0,True,True
2007-02-09,21.536320182282953,21.878374816773153,21.456358461124172,21.780643463134766,5,0,0,2007-02-05,2007-02-09,0,True,True
2007-02-16,21.78065186800681,22.014413575819859,21.668264605235766,21.90202522277832,5,0,0,2007-02-12,2007-02-16,0,True,True
2007-02-23,21.879543078903815,22.427996771450069,21.861564786575933,22.176250457763672,4,0,0,2007-02-20,2007-02-23,0,True,True
2007-03-02,22.342579004618074,22.499920421911924,21.578351201339689,21.61431884765625,5,0,0,2007-02-26,2007-03-02,0,True,True
2007-03-09,21.551370074070142,21.843579024945015,21.335584949269084,21.75816535949707,5,0,0,2007-03-05,2007-03-09,0,True,True
2007-03-16,21.753671932523641,22.005422017694283,21.492935268402086,21.852575302124023,5,0,0,2007-03-12,2007-03-16,0,True,True
2007-03-23,22.005422680524067,22.679743584790479,21.852575960349881,22.666255950927734,5,0,0,2007-03-19,2007-03-23,0,True,True
2007-03-30,22.666254085661937,23.106814746664977,22.540380945921779,22.953968048095703,5,0,0,2007-03-26,2007-03-30,0,True,True
2007-04-06,22.900027688251932,23.475436397427167,22.855073469800985,23.399026870727539,4,0,0,2007-04-02,2007-04-05,0,True,True
2007-04-13,23.349569703152113,23.51140964611233,23.133786858694947,23.282138824462891,5,0,0,2007-04-09,2007-04-13,0,True,True
2007-04-20,23.340585763320508,23.659755470617966,23.241686138827472,23.376546859741211,5,0,0,2007-04-16,2007-04-20,0,True,True
2007-04-27,23.367561340332031,23.781134327466141,23.214706684324629,23.28663444519043,5,0,0,2007-04-23,2007-04-27,0,True,True
2007-05-04,23.160762243311865,23.313607294820823,22.949471171932597,23.115804672241211,5,0,0,2007-04-30,2007-05-04,0,True,True
2007-05-11,23.169742225836167,23.376541419773229,22.441478939833729,22.91349983215332,5,0,0,2007-05-07,2007-05-11,0,True,True
2007-05-18,22.940791143062686,23.395519694628778,22.908960650401522,23.168159484863281,5,0,0,2007-05-14,2007-05-18,0,True,True
2007-05-25,23.204528594590432,23.23635908565484,21.613009201093231,21.881296157836914,5,0,0,2007-05-21,2007-05-25,0,True,True
2007-06-01,21.940399111706995,22.322368232368529,21.817623613185159,22.044986724853516,4,0,0,2007-05-29,2007-06-01,0,True,True
2007-06-08,22.044980523426755,22.23141696600414,20.976382938500308,21.185552597045898,5,0,0,2007-06-04,2007-06-08,0,True,True
2007-06-15,21.26741314724476,21.672103732580347,20.917276747968558,21.540233612060547,5,0,0,2007-06-11,2007-06-15,0,True,True
2007-06-22,21.540245658597598,21.60390665317388,20.426166005184523,20.553489685058594,5,0,0,2007-06-18,2007-06-22,0,True,True
2007-06-29,20.717195699496326,20.962740868432427,20.317048345909356,20.517126083374023,5,0,0,2007-06-25,2007-06-29,0,True,True
2007-07-06,20.621698277860261,21.012779276350294,20.403432729677025,20.558038711547852,4,0,0,2007-07-02,2007-07-06,0,True,True
2007-07-13,20.653539472375417,21.030948469556538,20.35796109632804,20.958192825317383,5,0,0,2007-07-09,2007-07-13,0,True,True
2007-07-20,20.880895559966813,21.03549796282805,20.621699851480066,20.630794525146484,5,0,0,2007-07-16,2007-07-20,0,True,True
2007-07-27,20.680819535195724,20.84906670352337,19.848669052124023,19.848669052124023,5,0,0,2007-07-23,2007-07-27,0,True,True
2007-08-03,19.930520568026491,20.721741379701609,19.598571074248813,19.948711395263672,5,0,0,2007-07-30,2007-08-03,0,True,True
2007-08-10,20.098770434460846,22.085909424659281,19.903239274476736,21.567529678344727,5,0,0,2007-08-06,2007-08-10,0,True,True
2007-08-17,21.300528285188555,21.645792950324537,20.333779458179201,21.157815933227539,5,0,0,2007-08-13,2007-08-17,0,True,True
2007-08-24,21.236078758773473,21.728653428703421,20.927641417266393,21.544506072998047,5,0,0,2007-08-20,2007-08-24,0,True,True
2007-08-31,21.530700188080147,21.530700188080147,20.738892842506075,21.148601531982422,5,0,0,2007-08-27,2007-08-31,0,True,True
2007-09-07,21.180834709324092,21.457047484118522,20.881600553986701,20.96446418762207,4,0,0,2007-09-04,2007-09-07,0,True,True
2007-09-14,20.900019059574085,21.355765773097815,20.600789019419182,21.295919418334961,5,0,0,2007-09-10,2007-09-14,0,True,True
2007-09-21,21.277507757051172,21.880561995412691,21.120987729075775,21.627368927001953,5,0,0,2007-09-17,2007-09-21,0,True,True
2007-09-28,21.659597719664276,21.843739532167529,21.268304097031706,21.314338684082031,5,0,0,2007-09-24,2007-09-28,0,True,True
2007-10-05,21.438624396427315,21.940414924751924,21.35115801848994,21.76087760925293,5,0,0,2007-10-01,2007-10-05,0,True,True
2007-10-12,21.760881330624478,22.018666958026547,21.411009472860378,21.530696868896484,5,0,0,2007-10-08,2007-10-12,0,True,True
2007-10-19,21.549118409050003,21.622774797773818,20.715885830301598,20.771127700805664,5,0,0,2007-10-15,2007-10-19,0,True,True
2007-10-26,20.715879056225042,21.516891229486095,20.517927182532571,21.484664916992188,5,0,0,2007-10-22,2007-10-26,0,True,True
2007-11-02,21.512279351470262,21.843743186463687,21.27290005352075,21.590549468994141,5,0,0,2007-10-29,2007-11-02,0,True,True
2007-11-09,21.816115307419086,21.854841775699644,21.245283126831055,21.593833923339844,5,0,0,2007-11-05,2007-11-09,0,True,True
2007-11-16,21.416714431614942,21.934077501292414,21.416714431614942,21.826877593994141,5,0,0,2007-11-12,2007-11-16,0,True,True
2007-11-23,21.733645733398397,22.712432055897505,21.733645733398397,22.581947326660156,4,0,0,2007-11-19,2007-11-23,0,True,True
2007-11-30,22.390840081697256,22.908197402332419,22.390840081697256,22.581947326660156,5,0,0,2007-11-26,2007-11-30,0,True,True
2007-12-07,22.488719570896848,23.239118534569382,22.451432707566969,23.066667556762695,5,0,0,2007-12-03,2007-12-07,0,True,True
2007-12-14,23.0014091769342,23.560718207222635,22.959463119506836,22.959463119506836,5,0,0,2007-12-10,2007-12-14,0,True,True
2007-12-21,22.838282480127923,23.211149294270548,22.414146359755431,22.670488357543945,5,0,0,2007-12-17,2007-12-21,0,True,True
2007-12-28,22.693797409811626,22.982766297133104,22.381513230027906,22.805652618408203,4,0,0,2007-12-24,2007-12-28,0,True,True
2008-01-04,22.782351597740746,22.838281585421033,22.316263481100339,22.334905624389648,4,0,0,2007-12-31,2008-01-04,0,True,True
2008-01-11,22.428114760656452,22.978116140659758,21.481966695199883,21.868818283081055,5,0,0,2008-01-07,2008-01-11,0,True,True
2008-01-18,21.999327806493312,22.278978815456522,20.447252990603097,20.787496566772461,5,0,0,2008-01-14,2008-01-18,0,True,True
2008-01-25,20.097690183731462,21.099775367944787,19.92057823431033,20.167600631713867,4,0,0,2008-01-22,2008-01-25,0,True,True
2008-02-01,20.232857564191264,20.731565529011178,19.790072907928487,20.684957504272461,5,0,0,2008-01-28,2008-02-01,0,True,True
2008-02-08,20.717581934690198,21.020537628900094,20.172256861987421,20.214204788208008,5,0,0,2008-02-04,2008-02-08,0,True,True
2008-02-15,20.315790803685122,20.542571576405678,19.824440085435025,20.032323837280273,5,0,0,2008-02-11,2008-02-15,0,True,True
2008-02-22,20.296895112060863,20.296895112060863,19.578749028455274,19.90947151184082,4,0,0,2008-02-19,2008-02-22,0,True,True
2008-02-29,19.961438851000928,20.06065531237671,19.167710127829043,19.318897247314453,5,0,0,2008-02-25,2008-02-29,0,True,True
2008-03-07,19.323621893548264,19.607102938062937,19.14881021866395,19.299997329711914,5,0,0,2008-03-03,2008-03-07,0,True,True
2008-03-14,19.465367694393674,19.895306204163351,19.01652196860524,19.214954376220703,5,0,0,2008-03-10,2008-03-14,0,True,True
2008-03-21,18.969287365530729,19.914198304803882,18.945662901722525,19.281110763549805,4,0,0,2008-03-17,2008-03-20,0,True,True
2008-03-28,19.3992119036883,19.3992119036883,18.567680074477011,18.6385498046875,5,0,0,2008-03-24,2008-03-28,0,True,True
2008-04-04,18.633833128578974,19.800807178016044,18.567688976559527,19.649620056152344,5,0,0,2008-03-31,2008-04-04,0,True,True
2008-04-11,19.753562016228084,19.791361278843034,19.370873377101447,19.498437881469727,5,0,0,2008-04-07,2008-04-11,0,True,True
2008-04-18,19.559858658066283,19.843332199160091,19.229136061955376,19.616548538208008,5,0,0,2008-04-14,2008-04-18,0,True,True
2008-04-25,19.569304028697768,19.677971479649742,19.361420337392481,19.58348274230957,5,0,0,2008-04-21,2008-04-25,0,True,True
2008-05-02,19.597649145081824,20.1882338536834,19.545678234011305,20.074844360351562,5,0,0,2008-04-28,2008-05-02,0,True,True
2008-05-09,20.070112451040629,20.079561872903028,19.394496656939204,19.819711685180664,5,0,0,2008-05-05,2008-05-09,0,True,True
2008-05-16,19.917923934132151,20.028136611470646,19.697530640901441,19.956266403198242,5,0,0,2008-05-12,2008-05-16,0,True,True
2008-05-23,19.980225580051272,20.162291272226852,19.683149982793616,19.68794059753418,5,0,0,2008-05-19,2008-05-23,0,True,True
2008-05-30,19.735841102929371,19.903566149873029,19.673554013276238,19.788562774658203,4,0,0,2008-05-27,2008-05-30,0,True,True
2008-06-06,19.755024337370369,19.822103924574552,19.184841156005859,19.184841156005859,5,0,0,2008-06-02,2008-06-06,0,True,True
2008-06-13,19.323791056278282,19.467533241024153,18.997977455129437,19.338165283203125,5,0,0,2008-06-09,2008-06-13,0,True,True
2008-06-20,19.237557039311252,19.400461754261141,19.002769575968298,19.017143249511719,5,0,0,2008-06-16,2008-06-20,0,True,True
2008-06-27,19.060269228783614,19.271090882487876,18.403841663312807,18.408632278442383,5,0,0,2008-06-23,2008-06-27,0,True,True
2008-07-04,18.423015088394621,18.83028516389847,18.264888333314349,18.288845062255859,4,0,0,2008-06-30,2008-07-03,0,True,True
2008-07-11,18.351139706914854,18.868613232825851,18.087611951326068,18.576328277587891,5,0,0,2008-07-07,2008-07-11,0,True,True
2008-07-18,18.652993018006075,18.67694974578632,17.910329275609175,18.437383651733398,5,0,0,2008-07-14,2008-07-18,0,True,True
2008-07-25,18.514043025537955,18.835073437695591,18.312801579262363,18.341548919677734,5,0,0,2008-07-21,2008-07-25,0,True,True
2008-08-01,18.351141799971803,19.089023692478431,18.308018938481997,18.590715408325195,5,0,0,2008-07-28,2008-08-01,0,True,True
2008-08-08,18.652993324891906,19.922716375558178,18.609870483065521,19.884384155273438,5,0,0,2008-08-04,2008-08-08,0,True,True
2008-08-15,19.809064693430734,20.071501236872443,19.289045215363508,19.809062957763672,5,0,0,2008-08-11,2008-08-15,0,True,True
2008-08-22,19.847936647531935,20.09093293271038,19.609808075120991,20.052061080932617,5,0,0,2008-08-18,2008-08-22,0,True,True
2008-08-29,19.998592332733555,20.212437132339137,19.706995717233085,19.877105712890625,5,0,0,2008-08-25,2008-08-29,0,True,True
2008-09-05,20.047197114935337,20.304779244740697,19.512601875478872,19.711858749389648,4,0,0,2008-09-02,2008-09-05,0,True,True
2008-09-12,19.872244490080607,21.189289378140607,19.79448571938828,21.179571151733398,5,0,0,2008-09-08,2008-09-12,0,True,True
2008-09-19,20.883109733096159,22.545195895977042,20.713011152770612,21.534332275390625,5,0,0,2008-09-15,2008-09-19,0,True,True
2008-09-26,21.373962419347439,21.456578507785508,20.567217880440204,21.218441009521484,5,0,0,2008-09-22,2008-09-26,0,True,True
2008-10-03,21.043478083262869,21.60237581972364,20.659552992554588,20.975444793701172,5,0,0,2008-09-29,2008-10-03,0,True,True
2008-10-10,20.669268293509056,21.1261030045391,16.577210520116324,18.27818489074707,5,0,0,2008-10-06,2008-10-10,0,True,True
2008-10-17,19.036329299007939,20.654690967158025,18.117802576655734,19.026617050170898,5,0,0,2008-10-13,2008-10-17,0,True,True
2008-10-24,19.478584399534736,20.508888197815633,18.764174078425647,19.541770935058594,5,0,0,2008-10-20,2008-10-24,0,True,True
2008-10-31,19.546622578989655,21.422561013189469,19.089788357511839,21.053205490112305,5,0,0,2008-10-27,2008-10-31,0,True,True
2008-11-07,21.101805388932068,21.80162906360788,20.027760909024057,20.762493133544922,5,0,0,2008-11-03,2008-11-07,0,True,True
2008-11-14,20.343588430945534,20.442152707288386,18.554648475278448,19.3135986328125,5,0,0,2008-11-10,2008-11-14,0,True,True
2008-11-21,19.11154355557241,19.786709419261388,18.298391032070796,19.712785720825195,5,0,0,2008-11-17,2008-11-21,0,True,True
2008-11-28,19.811353125735128,20.205608525857819,19.229817701753493,19.904985427856445,4,0,0,2008-11-24,2008-11-28,0,True,True
2008-12-05,19.712784062070188,19.73249729732208,18.38217138189766,19.205181121826172,5,0,0,2008-12-01,2008-12-05,0,True,True
2008-12-12,19.476234772145723,19.589575677223628,18.677859049719373,19.160821914672852,5,0,0,2008-12-08,2008-12-12,0,True,True
2008-12-19,19.170681362500389,19.58464986219315,18.727143012844788,19.042547225952148,5,0,0,2008-12-15,2008-12-19,0,True,True
2008-12-26,19.16575832658474,19.36288696365283,18.761642433334448,18.879922866821289,4,0,0,2008-12-22,2008-12-26,0,True,True
2009-01-02,18.929204746160799,19.43187332667048,18.712364753291986,19.348093032836914,4,0,0,2008-12-29,2009-01-02,0,True,True
2009-01-09,19.318529965361186,19.840916149673959,19.01790378666923,19.545225143432617,5,0,0,2009-01-05,2009-01-09,0,True,True
2009-01-16,19.584652933236974,20.18096423464721,19.190382204281288,19.747280120849609,5,0,0,2009-01-12,2009-01-16,0,True,True
2009-01-23,19.693079647408798,20.116904995369186,19.244605914676576,19.737422943115234,4,0,0,2009-01-20,2009-01-23,0,True,True
2009-01-30,19.850774246613206,20.594924041451524,19.75221182382565,20.0823974609375,5,0,0,2009-01-26,2009-01-30,0,True,True
2009-02-06,19.914840547297153,20.516075409283015,19.712784580544877,20.343591690063477,5,0,0,2009-02-02,2009-02-06,0,True,True
2009-02-13,20.338672318689536,20.373169552506994,19.436806538242159,19.691381454467773,5,0,0,2009-02-09,2009-02-13,0,True,True
2009-02-20,19.666380096836992,19.666380096836992,18.601023248375281,18.776081085205078,4,0,0,2009-02-17,2009-02-20,0,True,True
2009-02-27,18.981153597948897,19.081186407560008,17.945810289868703,18.110862731933594,5,0,0,2009-02-23,2009-02-27,0,True,True
2009-03-06,18.010836488669423,18.17589089847575,16.65539855606842,16.975502014160156,5,0,0,2009-03-02,2009-03-06,0,True,True
2009-03-13,16.840456838504451,17.65071780430597,16.285278515229837,17.535680770874023,5,0,0,2009-03-09,2009-03-13,0,True,True
2009-03-20,17.705741760427124,19.3962804170508,17.705741760427124,18.901121139526367,5,0,0,2009-03-16,2009-03-20,0,True,True
2009-03-27,19.101191600902563,19.501322842652485,18.83609943412354,19.196224212646484,5,0,0,2009-03-23,2009-03-27,0,True,True
2009-04-03,18.896121203809255,20.006485277369652,18.896121203809255,19.63136100769043,5,0,0,2009-03-30,2009-04-03,0,True,True
2009-04-10,19.501328736163604,19.746399193101137,19.06117417927117,19.451303482055664,4,0,0,2009-04-06,2009-04-09,0,True,True
2009-04-17,19.441300297098632,19.536332317218672,19.011163597825053,19.386283874511719,5,0,0,2009-04-13,2009-04-17,0,True,True
2009-04-24,19.251239965930875,19.506321796066267,18.566014131998056,18.731075286865234,5,0,0,2009-04-20,2009-04-24,0,True,True
2009-05-01,18.571018621230582,18.971151843951436,18.450985273903328,18.69106292724609,5,0,0,2009-04-27,2009-05-01,0,True,True
2009-05-08,18.886115974364845,19.091188737251464,18.455984388106152,18.79609489440918,5,0,0,2009-05-04,2009-05-08,0,True,True
2009-05-15,18.86723333010799,18.994268293664117,17.525747235171128,17.71375846862793,5,0,0,2009-05-11,2009-05-15,0,True,True
2009-05-22,17.881443034349008,18.135507745672516,17.459683493454605,17.581632614135742,5,0,0,2009-05-18,2009-05-22,0,True,True
2009-05-29,17.637534599030033,18.166000534335751,17.535906236332814,18.018634796142578,4,0,0,2009-05-26,2009-05-29,0,True,True
2009-06-05,18.049127561897624,18.460724184896662,17.952579808586432,18.181243896484375,5,0,0,2009-06-01,2009-06-05,0,True,True
2009-06-12,18.186330116725724,18.877395117612647,17.962747287810295,18.841825485229492,5,0,0,2009-06-08,2009-06-12,0,True,True
2009-06-19,18.724953849464718,19.029830096031201,18.359085240968181,18.6944580078125,5,0,0,2009-06-15,2009-06-19,0,True,True
2009-06-26,18.506457708688234,18.953621447553044,18.293029765321137,18.821495056152347,5,0,0,2009-06-22,2009-06-26,0,True,True
2009-07-03,18.84182847846278,19.258500617372857,18.694466399926924,18.943452835083008,4,0,0,2009-06-29,2009-07-02,0,True,True
2009-07-10,18.801176355909945,19.28390965002545,18.547106172613223,18.613164901733398,5,0,0,2009-07-06,2009-07-10,0,True,True
2009-07-17,18.694460605942599,19.233095216121399,18.526773569328881,18.99934196472168,5,0,0,2009-07-13,2009-07-17,0,True,True
2009-07-24,19.060320346941726,19.868274871879375,18.933285414924683,19.822542190551758,5,0,0,2009-07-20,2009-07-24,0,True,True
2009-07-31,19.86826614572367,20.198559910788831,19.690416767334987,20.00037956237793,5,0,0,2009-07-27,2009-07-31,0,True,True
2009-08-07,20.061356709933548,20.340832667586948,19.954647829710325,20.254449844360352,5,0,0,2009-08-03,2009-08-07,0,True,True
2009-08-14,20.218883819920631,20.706699240208849,20.198557761988269,20.65080451965332,5,0,0,2009-08-10,2009-08-14,0,True,True
2009-08-21,20.367202457964169,20.94470225325297,20.11971225206009,20.882827758789062,5,0,0,2009-08-17,2009-08-21,0,True,True
2009-08-28,20.908623136897553,21.001429912641346,20.619865624570547,20.826114654541016,5,0,0,2009-08-24,2009-08-28,0,True,True
2009-09-04,20.815800875981644,20.882832741702462,20.258929174286127,20.557994842529297,5,0,0,2009-08-31,2009-09-04,0,True,True
2009-09-11,20.630177255026762,20.671427654320915,20.413614847880368,20.434240341186523,4,0,0,2009-09-08,2009-09-11,0,True,True
2009-09-18,20.434234496778927,21.398452467979485,20.434234496778927,21.388139724731445,5,0,0,2009-09-14,2009-09-18,0,True,True
2009-09-25,21.279870280318384,21.537679334995168,21.083927892349699,21.176740646362305,5,0,0,2009-09-21,2009-09-25,0,True,True
2009-10-02,21.212831667355438,21.517052677169115,20.702366955663116,20.805490493774414,5,0,0,2009-09-28,2009-10-02,0,True,True
2009-10-09,20.908612335249366,21.243772804969517,20.717831462825465,21.187053680419922,5,0,0,2009-10-05,2009-10-09,0,True,True
2009-10-16,21.254080006202052,21.393299102783203,20.872528953366601,21.310811996459957,5,0,0,2009-10-12,2009-10-16,0,True,True
2009-10-23,21.305647483584014,21.645960266547153,21.176741096598654,21.558300018310547,5,0,0,2009-10-19,2009-10-23,0,True,True
2009-10-30,21.609873891870411,21.785186715716549,20.90861890470082,20.975650787353516,5,0,0,2009-10-26,2009-10-30,0,True,True
2009-11-06,21.047828295208625,21.527363403889467,20.93954743520921,21.413925170898438,5,0,0,2009-11-02,2009-11-06,0,True,True
2009-11-13,21.465493167713056,21.965654345911943,21.450023062983988,21.893461227416992,5,0,0,2009-11-09,2009-11-13,0,True,True
2009-11-20,22.055556423580363,22.086943065119303,21.7888805028016,21.909147262573242,5,0,0,2009-11-16,2009-11-20,0,True,True
2009-11-27,22.092164325500235,22.479090013555773,22.034640339324596,22.191507339477539,4,0,0,2009-11-23,2009-11-27,0,True,True
2009-12-04,22.243788611803289,23.425533790755836,22.18627026974476,23.033365249633789,5,0,0,2009-11-30,2009-12-04,0,True,True
2009-12-11,23.106568636707355,23.660833573405395,22.902641965342013,23.624231338500977,5,0,0,2009-12-07,2009-12-11,0,True,True
2009-12-18,23.775875848383855,23.869990337509641,23.368014870261312,23.723579406738281,5,0,0,2009-12-14,2009-12-18,0,True,True
2009-12-25,23.744503862734312,24.089599149512466,23.723582921041118,23.979795455932621,4,0,0,2009-12-21,2009-12-24,0,True,True
2010-01-01,24.032083722596312,24.236004668744528,23.744487692357737,23.754945755004883,4,0,0,2009-12-28,2009-12-31,0,True,True
2010-01-08,23.911820526193079,24.02685725826516,23.273892414728572,23.660835266113281,5,0,0,2010-01-04,2010-01-08,0,True,True
2010-01-15,23.775870204453625,24.209865779701872,23.6712993690224,23.906600952148438,5,0,0,2010-01-11,2010-01-15,0,True,True
2010-01-22,23.937969045176985,24.288302198357457,22.688247347298436,22.750993728637695,4,0,0,2010-01-19,2010-01-22,0,True,True
2010-01-29,22.88171617691895,23.132715733893324,22.520921996288241,22.871276855468746,5,0,0,2010-01-25,2010-01-29,0,True,True
2010-02-05,22.92357222028798,23.090881421229962,22.22811099827944,22.578449249267578,5,0,0,2010-02-01,2010-02-05,0,True,True
2010-02-12,22.604590729938664,22.902630925579768,22.306544256217474,22.384994506835938,5,0,0,2010-02-08,2010-02-12,0,True,True
2010-02-19,22.480438002627995,22.978826358814452,22.475134880096604,22.867485046386719,4,0,0,2010-02-16,2010-02-19,0,True,True
2010-02-26,22.872778429274209,22.973517506807649,22.35317559903654,22.66600227355957,5,0,0,2010-02-22,2010-02-26,0,True,True
2010-03-05,22.697819737375514,23.434795665831331,22.697819737375514,23.12727165222168,5,0,0,2010-03-01,2010-03-05,0,True,True
2010-03-12,23.143177812797951,23.328756104061096,23.042440142983601,23.169696807861325,5,0,0,2010-03-08,2010-03-12,0,True,True
2010-03-19,23.27043038118758,23.662775021622064,23.190901756354354,23.487825393676758,5,0,0,2010-03-15,2010-03-19,0,True,True
2010-03-26,23.408280243016755,23.567341343631682,23.159087631228196,23.424196243286133,5,0,0,2010-03-22,2010-03-26,0,True,True
2010-04-02,23.509019986124937,23.933189198192224,23.466603102076245,23.805942535400391,4,0,0,2010-03-29,2010-04-01,0,True,True
2010-04-09,23.880161285400394,24.055121044820876,23.434796526157506,23.779424667358398,5,0,0,2010-04-05,2010-04-09,0,True,True
2010-04-16,23.864248914642324,23.917270012207073,23.546139665452166,23.615058898925781,5,0,0,2010-04-12,2010-04-16,0,True,True
2010-04-23,23.519623004499628,24.08163509915984,23.519623004499628,24.076333999633789,5,0,0,2010-04-19,2010-04-23,0,True,True
2010-04-30,24.06573156803562,24.277804182359475,23.636261741997359,23.964986801147461,5,0,0,2010-04-26,2010-04-30,0,True,True
2010-05-07,24.097550902535129,24.299027138579362,22.374393223939421,23.509006500244141,5,0,0,2010-05-03,2010-05-07,0,True,True
2010-05-14,24.054484236024543,24.366187681080259,23.646079690264425,23.882539749145508,5,0,0,2010-05-10,2010-05-14,0,True,True
2010-05-21,23.973873600374226,24.140476008831083,22.737837651389011,23.264499664306641,5,0,0,2010-05-17,2010-05-21,0,True,True
2010-05-28,23.076402721969171,23.285994508046731,22.453000614440853,22.888317108154297,5,0,0,2010-05-24,2010-05-28,0,True,True
2010-06-04,22.759327407676757,23.189259716633142,22.313280251105432,22.388517379760742,4,0,0,2010-06-01,2010-06-04,0,True,True
2010-06-11,22.479878432661316,23.18388577555217,22.410014505350247,23.178512573242188,5,0,0,2010-06-07,2010-06-11,0,True,True
2010-06-18,23.296741485595703,24.145846499515788,23.24300126223805,24.124349594116211,5,0,0,2010-06-14,2010-06-18,0,True,True
2010-06-25,24.183472305032389,24.226466128713788,23.334364179084609,23.560077667236325,5,0,0,2010-06-21,2010-06-25,0,True,True
2010-07-02,23.683683456891483,23.796539183629136,22.839945645456538,23.210756301879883,5,0,0,2010-06-28,2010-07-02,0,True,True
2010-07-09,23.318240773806796,24.37156308955349,23.216133518987391,24.328571319580075,4,0,0,2010-07-06,2010-07-09,0,True,True
2010-07-16,24.285581635574236,24.640267294638189,24.156604253629961,24.215707778930661,5,0,0,2010-07-12,2010-07-16,0,True,True
2010-07-23,24.312444947839882,24.882110595703125,24.172722203356511,24.882110595703125,5,0,0,2010-07-19,2010-07-23,0,True,True
2010-07-30,24.925094356076062,25.392653459857542,24.667150456986331,24.785379409790039,5,0,0,2010-07-26,2010-07-30,0,True,True
2010-08-06,24.935844052633652,25.575367521071033,24.935844052633652,25.564619064331055,5,0,0,2010-08-02,2010-08-06,0,True,True
2010-08-13,25.569987529606014,26.080538438553756,25.392645410966999,25.553865432739258,5,0,0,2010-08-09,2010-08-13,0,True,True
2010-08-20,25.387876964869424,25.92666602747861,25.099445531210765,25.415094375610355,5,0,0,2010-08-16,2010-08-20,0,True,True
2010-08-27,25.458631768309317,26.068160430237793,25.382428368032151,26.057275772094727,5,0,0,2010-08-23,2010-08-27,0,True,True
2010-09-03,25.95930842185706,26.367471487019724,25.491283262802373,26.362028121948242,5,0,0,2010-08-30,2010-09-03,0,True,True
2010-09-10,26.26952630809728,26.514425971834502,25.8178213619857,25.953876495361325,4,0,0,2010-09-07,2010-09-10,0,True,True
2010-09-17,26.024618517117496,26.302167112956816,25.82325216727055,26.079034805297855,5,0,0,2010-09-13,2010-09-17,0,True,True
2010-09-24,26.095370685685669,26.634155995799873,26.095370685685669,26.552524566650391,5,0,0,2010-09-20,2010-09-24,0,True,True
2010-10-01,26.498092486175636,26.628706305280613,26.073610743824435,26.302162170410156,5,0,0,2010-09-27,2010-10-01,0,True,True
2010-10-08,26.198764581221543,26.383794557513323,26.073594162915846,26.2695198059082,5,0,0,2010-10-04,2010-10-08,0,True,True
2010-10-15,26.253190787384124,26.476315074117448,26.128016006094839,26.449102401733398,5,0,0,2010-10-11,2010-10-15,0,True,True
2010-10-22,26.443671938571892,26.86271745324937,26.427345989286177,26.732109069824219,5,0,0,2010-10-18,2010-10-22,0,True,True
2010-10-29,26.802851088797546,27.18925339132694,26.563397057790894,27.058637619018555,5,0,0,2010-10-25,2010-10-29,0,True,True
2010-11-05,27.14571487336918,27.771565433825575,26.900815271485218,27.755239486694336,5,0,0,2010-11-01,2010-11-05,0,True,True
2010-11-12,27.717147948267005,27.766123816521219,26.949786113010124,27.069515228271484,5,0,0,2010-11-08,2010-11-12,0,True,True
2010-11-19,27.127356666681653,27.314631903351255,26.659164427716586,26.785852432250973,5,0,0,2010-11-15,2010-11-19,0,True,True
2010-11-26,26.824419021606449,26.840942631737651,26.438831432661882,26.537977218627926,4,0,0,2010-11-22,2010-11-26,0,True,True
2010-12-03,26.438843182340861,27.022704262386558,26.168945733672789,27.00067138671875,5,0,0,2010-11-29,2010-12-03,0,True,True
2010-12-10,26.989651238820805,27.077779397704138,26.4608760373746,26.923559188842773,5,0,0,2010-12-06,2010-12-10,0,True,True
2010-12-17,27.03371082567482,27.3476845736282,26.862956905091831,27.176916122436523,5,0,0,2010-12-13,2010-12-17,0,True,True
2010-12-24,27.265063426863087,27.485382375994661,27.099821038449626,27.320137023925785,4,0,0,2010-12-20,2010-12-23,0,True,True
2010-12-31,27.243029739775082,27.435814271513205,27.198964464368085,27.303617477416989,5,0,0,2010-12-27,2010-12-31,0,True,True
2011-01-07,27.408256673411607,27.48538927220342,26.97313780223428,27.287097930908203,5,0,0,2011-01-03,2011-01-07,0,True,True
2011-01-14,27.149395679490972,27.529452871749939,26.879498150474717,27.446823120117188,5,0,0,2011-01-10,2011-01-14,0,True,True
2011-01-21,27.468858086770247,28.019668894908659,27.408268730044327,27.46885871887207,4,0,0,2011-01-18,2011-01-21,0,True,True
2011-01-28,27.424798215145682,27.975597082709928,27.424798215145682,27.579013824462887,5,0,0,2011-01-24,2011-01-28,0,True,True
2011-02-04,27.623081818825245,27.799340592168793,27.20996800822482,27.314620971679688,5,0,0,2011-01-31,2011-02-04,0,True,True
2011-02-11,27.347676815077783,27.705701349313451,27.248542496666332,27.595539093017578,5,0,0,2011-02-07,2011-02-11,0,True,True
2011-02-18,27.645719097125475,27.679162532979465,27.155128189724778,27.327949523925781,5,0,0,2011-02-14,2011-02-18,0,True,True
2011-02-25,27.110526854761563,27.584395843327609,27.065926983455778,27.545372009277344,4,0,0,2011-02-22,2011-02-25,0,True,True
2011-03-04,27.662435409330335,27.996941562644064,27.50077102139613,27.712614059448242,5,0,0,2011-02-28,2011-03-04,0,True,True
2011-03-11,27.757217536434371,28.309126419439107,27.712617653183404,28.024805068969727,5,0,0,2011-03-07,2011-03-11,0,True,True
2011-03-18,27.885439791596323,27.907741486759079,27.233174786856953,27.601116180419922,5,0,0,2011-03-14,2011-03-18,0,True,True
2011-03-25,27.818542899267634,28.008090281921163,27.517494912126768,27.879861831665039,5,0,0,2011-03-21,2011-03-25,0,True,True
2011-04-01,27.891005483575878,28.498677695983858,27.857556739883293,28.459653854370114,5,0,0,2011-03-28,2011-04-01,0,True,True
2011-04-08,28.448494606096272,28.626892086687899,28.158602127569104,28.376028060913082,5,0,0,2011-04-04,2011-04-08,0,True,True
2011-04-15,28.33141390742319,28.370458721814025,27.762797571716053,28.270111083984375,5,0,0,2011-04-11,2011-04-15,0,True,True
2011-04-22,28.052676232278976,28.32585548170168,27.818542899267634,28.253381729125977,4,0,0,2011-04-18,2011-04-21,0,True,True
2011-04-29,28.247795497430907,29.067309944599383,28.180897818127882,29.056159973144535,5,0,0,2011-04-25,2011-04-29,0,True,True
2011-05-06,29.061743529571253,29.736296553431696,29.056167479083587,29.602499008178711,5,0,0,2011-05-02,2011-05-06,0,True,True
2011-05-13,29.613645814654994,30.30492674698306,29.418526630605644,30.171129226684574,5,0,0,2011-05-09,2011-05-13,0,True,True
2011-05-20,30.165482542548684,30.560105735339224,30.002009434572329,30.390985488891602,5,0,0,2011-05-16,2011-05-20,0,True,True
2011-05-27,29.770884697280973,30.272609153271514,29.443910512831646,29.725776672363281,5,0,0,2011-05-23,2011-05-27,0,True,True
2011-06-03,29.883623328117142,29.934359618337265,29.331167924528447,29.494651794433594,4,0,0,2011-05-31,2011-06-03,0,True,True
2011-06-10,29.415724628014363,29.680681965948391,29.18460273577826,29.218427658081051,5,0,0,2011-06-06,2011-06-10,0,True,True
2011-06-17,29.291700192214403,30.002016197016381,29.128216358057966,29.753971099853519,5,0,0,2011-06-13,2011-06-17,0,True,True
2011-06-24,29.669405144135936,30.018929948615057,29.224063084603419,29.539754867553711,5,0,0,2011-06-20,2011-06-24,0,True,True
2011-07-01,29.613030386824146,30.509372460218312,29.613030386824146,30.475549697875977,5,0,0,2011-06-27,2011-07-01,0,True,True
2011-07-08,30.385363474211712,30.515005923580652,30.041472835736872,30.193681716918942,4,0,0,2011-07-05,2011-07-08,0,True,True
2011-07-15,29.956916422491606,30.452995186804287,29.793425796754626,30.018920898437504,5,0,0,2011-07-11,2011-07-15,0,True,True
2011-07-22,29.923081916304998,30.486818283768017,29.500288672820172,30.2049560546875,5,0,0,2011-07-18,2011-07-22,0,True,True
2011-07-29,30.030197784737144,30.188035573243205,29.534100961086345,29.652484893798828,5,0,0,2011-07-25,2011-07-29,0,True,True
2011-08-05,29.962546095993286,30.374082008074438,29.139484618095487,30.030202865600582,5,0,0,2011-08-01,2011-08-05,0,True,True
2011-08-12,29.274787935328035,30.932168907379747,27.724512275212533,30.289510726928711,5,0,0,2011-08-08,2011-08-12,0,True,True
2011-08-19,30.534654905664176,31.475328507944255,30.403534670581607,30.990726470947262,5,0,0,2011-08-15,2011-08-19,0,True,True
2011-08-26,31.355599414007699,32.473001717129193,30.893820107476415,31.691961288452145,5,0,0,2011-08-22,2011-08-26,0,True,True
2011-09-02,31.982716655867264,32.250664513991772,31.560833063655494,31.965604782104496,5,0,0,2011-08-29,2011-09-02,0,True,True
2011-09-09,31.378414888075039,32.267760105583619,31.144673152934274,31.424018859863278,4,0,0,2011-09-06,2011-09-09,0,True,True
2011-09-16,31.321403382695244,32.95188788675798,31.25299175100605,32.735248565673828,5,0,0,2011-09-12,2011-09-16,0,True,True
2011-09-23,32.410279382742111,33.516281130294061,31.942806808556305,32.347583770751953,5,0,0,2011-09-19,2011-09-23,0,True,True
2011-09-30,32.632621942043826,32.917679968522428,31.925705117309931,32.507205963134766,5,0,0,2011-09-26,2011-09-30,0,True,True
2011-10-07,32.353276192121612,32.84356407356826,31.195968590769663,31.988416671752933,5,0,0,2011-10-03,2011-10-07,0,True,True
2011-10-14,32.199350955171163,32.837868979249592,31.999810586380768,32.809364318847656,5,0,0,2011-10-10,2011-10-14,0,True,True
2011-10-21,32.809365113849864,34.074996213601047,32.735246249679349,34.069293975830078,5,0,0,2011-10-17,2011-10-21,0,True,True
2011-10-28,33.921063225983566,34.14340077928594,32.9005799298493,33.088714599609375,5,0,0,2011-10-24,2011-10-28,0,True,True
2011-11-04,33.054498495906138,33.578996822106689,32.324783864790795,33.385177612304688,5,0,0,2011-10-31,2011-11-04,0,True,True
2011-11-11,33.510584712544592,34.052182818530113,33.117219913797371,34.000873565673828,5,0,0,2011-11-07,2011-11-11,0,True,True
2011-11-18,33.868420029181017,34.046946253926897,33.021847028358735,33.482566833496094,5,0,0,2011-11-14,2011-11-18,0,True,True
2011-11-25,33.286768281224575,33.32708080115755,32.29046312378869,32.918190002441406,4,0,0,2011-11-21,2011-11-25,0,True,True
2011-12-02,33.332836728248246,34.438553594468743,32.826048003596199,33.753238677978516,5,0,0,2011-11-28,2011-12-02,0,True,True
2011-12-09,34.064227662299267,34.242753903014147,33.551675701017729,34.116065979003906,5,0,0,2011-12-05,2011-12-09,0,True,True
2011-12-16,34.081514126762826,34.640115388584356,33.661110450132874,34.427032470703125,5,0,0,2011-12-12,2011-12-16,0,True,True
2011-12-23,34.444311615229523,35.814945418387737,34.190916182103408,35.694007873535156,5,0,0,2011-12-19,2011-12-23,0,True,True
2011-12-30,35.694003310594709,36.131692587792422,35.613378290999677,35.722805023193359,4,0,0,2011-12-27,2011-12-30,0,True,True
2012-01-06,35.763113050061627,35.855256250892403,33.949051686702127,34.035434722900391,4,0,0,2012-01-03,2012-01-06,0,True,True
2012-01-13,34.162106548885504,34.432806166365971,33.597748626229418,34.081501007080078,5,0,0,2012-01-09,2012-01-13,0,True,True
2012-01-20,34.294590224775249,34.501913038727402,33.586233025478293,33.839626312255859,4,0,0,2012-01-17,2012-01-20,0,True,True
2012-01-27,33.833877382144109,34.496141621579589,33.165831999986445,33.914485931396484,5,0,0,2012-01-23,2012-01-27,0,True,True
2012-02-03,33.810847051784883,34.202437734657025,33.563211644235302,33.874191284179688,5,0,0,2012-01-30,2012-02-03,0,True,True
2012-02-10,33.805074583660023,34.27153878807821,33.718690944655776,34.052711486816406,5,0,0,2012-02-06,2012-02-10,0,True,True
2012-02-17,34.195252665784594,34.218527149410015,33.433026425862401,33.671581268310547,5,0,0,2012-02-13,2012-02-17,0,True,True
2012-02-24,33.729771384723598,34.247625861038451,33.572673547653416,34.235988616943359,4,0,0,2012-02-21,2012-02-24,0,True,True
2012-03-02,34.078895026570031,34.299998263342417,33.630858107237614,33.927600860595703,5,0,0,2012-02-27,2012-03-02,0,True,True
2012-03-09,33.834505341076614,34.038151513583564,33.636685243228477,33.974147796630859,5,0,0,2012-03-05,2012-03-09,0,True,True
2012-03-16,34.020704136328092,34.620001234454001,33.403958151601991,33.526145935058594,5,0,0,2012-03-12,2012-03-16,0,True,True
2012-03-23,33.479579158115911,33.689045072948431,33.159572202896769,33.24102783203125,5,0,0,2012-03-19,2012-03-23,0,True,True
2012-03-30,33.316659744301639,34.003248724996482,33.305024722076688,33.991611480712891,5,0,0,2012-03-26,2012-03-30,0,True,True
2012-04-06,33.89850880520175,34.195259936330174,33.648320644707702,33.851966857910156,4,0,0,2012-04-02,2012-04-05,0,True,True
2012-04-13,33.537772285601754,33.985784757931491,33.171204268120754,33.601764678955078,5,0,0,2012-04-09,2012-04-13,0,True,True
2012-04-20,33.694858796906011,34.12543589413773,33.543594153355478,34.102161407470703,5,0,0,2012-04-16,2012-04-20,0,True,True
2012-04-27,33.985790068866649,34.561826941112884,33.846145373063599,34.50946044921875,5,0,0,2012-04-23,2012-04-27,0,True,True
2012-05-04,34.462896816841564,34.788741401258903,34.311617137678958,34.550189971923828,5,0,0,2012-04-30,2012-05-04,0,True,True
2012-05-11,34.416357450696943,35.056401088652457,34.265075519545384,34.800388336181641,5,0,0,2012-05-07,2012-05-11,0,True,True
2012-05-18,34.574087176927449,34.815082935861469,34.321330758191188,34.48590087890625,5,0,0,2012-05-14,2012-05-18,0,True,True
2012-05-25,34.538803824218938,35.261795629174223,34.297808168973368,35.038433074951172,5,0,0,2012-05-21,2012-05-25,0,True,True
2012-06-01,35.179505748724345,35.726155153447515,35.0678255824592,35.438137054443359,4,0,0,2012-05-29,2012-06-01,0,True,True
2012-06-08,35.467520359904114,36.584335327148438,35.367594128534883,36.584335327148438,5,0,0,2012-06-04,2012-06-08,0,True,True
2012-06-15,36.725413968283377,37.195639321589169,36.219898886980907,37.089836120605469,5,0,0,2012-06-11,2012-06-15,0,True,True
2012-06-22,37.14274472501495,37.407259400672636,35.937769453845753,36.149375915527344,5,0,0,2012-06-18,2012-06-22,0,True,True
2012-06-29,36.002424659263887,36.819462613555785,35.814330538383942,36.554954528808594,5,0,0,2012-06-25,2012-06-29,0,True,True
2012-07-06,36.584336827863389,36.907620573076002,36.202275649942557,36.525562286376953,4,0,0,2012-07-02,2012-07-06,0,True,True
2012-07-13,36.502051904650102,37.289695005858704,36.437396367726194,37.277938842773438,5,0,0,2012-07-09,2012-07-13,0,True,True
2012-07-20,37.16037837738903,37.618865624971775,36.907632952568562,37.483673095703125,5,0,0,2012-07-16,2012-07-20,0,True,True
2012-07-27,37.272047978975188,38.412374877101058,37.148635161260025,38.147869110107422,5,0,0,2012-07-23,2012-07-27,0,True,True
2012-08-03,38.077333615127337,38.782699170850215,37.389619869872178,38.006805419921875,5,0,0,2012-07-30,2012-08-03,0,True,True
2012-08-10,38.094977340936971,38.212538984821713,37.277934290308181,37.542442321777344,5,0,0,2012-08-06,2012-08-10,0,True,True
2012-08-17,37.658157255106467,37.70563717732265,36.578149573963508,36.601886749267578,5,0,0,2012-08-13,2012-08-17,0,True,True
2012-08-24,36.530674759158401,36.827380204257786,36.127152492370762,36.447586059570312,5,0,0,2012-08-20,2012-08-24,0,True,True
2012-08-31,36.411987600771916,36.524735768488263,35.848245479051009,35.972862243652344,5,0,0,2012-08-27,2012-08-31,0,True,True
2012-09-07,35.984726913588297,36.251764759092659,35.782961983020762,35.978797912597656,4,0,0,2012-09-04,2012-09-07,0,True,True
2012-09-14,36.127157066248976,36.192428588867188,35.373515334256815,35.492198944091797,5,0,0,2012-09-10,2012-09-14,0,True,True
2012-09-21,35.533738619875976,35.788907594125028,35.053056259642844,35.070858001708984,5,0,0,2012-09-17,2012-09-21,0,True,True
2012-09-28,35.041191123884857,35.824503748494742,35.017453956327977,35.539657592773438,5,0,0,2012-09-24,2012-09-28,0,True,True
2012-10-05,35.581199235449077,36.032208236816814,35.100543247979644,35.735500335693359,5,0,0,2012-10-01,2012-10-05,0,True,True
2012-10-12,35.705820544926461,35.943192867700631,35.420989543859768,35.504066467285156,5,0,0,2012-10-08,2012-10-12,0,True,True
2012-10-19,35.563399251105793,36.097470815386139,35.248889688370049,35.883853912353516,5,0,0,2012-10-15,2012-10-19,0,True,True
2012-10-26,35.788897393715779,35.860106635347158,35.219224967214451,35.587142944335938,5,0,0,2012-10-22,2012-10-26,0,True,True
2012-11-02,35.409117424592083,35.937259354171388,35.017463112301677,35.130214691162109,3,0,0,2012-10-31,2012-11-02,0,True,True
2012-11-09,35.070866244924872,35.112405161976469,33.112599812742559,33.435523986816406,5,0,0,2012-11-05,2012-11-09,0,True,True
2012-11-16,33.303561639206634,33.441526406294201,32.511765900653742,32.979629516601562,5,0,0,2012-11-12,2012-11-16,0,True,True
2012-11-23,33.099605757993494,33.153592157999711,32.169839240517753,32.451770782470703,4,0,0,2012-11-19,2012-11-23,0,True,True
2012-11-30,32.391791783706672,33.465518951416016,32.379794549198159,33.465518951416016,5,0,0,2012-11-26,2012-11-30,0,True,True
2012-12-07,33.471517488856676,33.80143293767798,32.979642318580034,33.609481811523438,5,0,0,2012-12-03,2012-12-07,0,True,True
2012-12-14,33.597473122697146,34.0953493095978,33.35754972964083,33.663471221923828,5,0,0,2012-12-10,2012-12-14,0,True,True
2012-12-21,33.843413311467366,34.527254722591415,33.39953971063963,33.621482849121094,5,0,0,2012-12-17,2012-12-21,0,True,True
2012-12-28,33.597486138933675,33.705470868442085,32.937644949954361,32.949642181396484,4,0,0,2012-12-24,2012-12-28,0,True,True
2013-01-04,32.871659556537011,34.155336016675534,32.697703142321373,34.131343841552734,4,0,0,2012-12-31,2013-01-04,0,True,True
2013-01-11,34.041377518021818,34.107361170959095,33.423520585002834,33.537490844726562,5,0,0,2013-01-07,2013-01-11,0,True,True
2013-01-18,33.591483438814656,33.62747513769343,32.961646813153898,33.459529876708984,5,0,0,2013-01-14,2013-01-18,0,True,True
2013-01-25,33.43552763522343,33.927405578683924,33.351546995342517,33.897411346435547,4,0,0,2013-01-22,2013-01-25,0,True,True
2013-02-01,33.825431772127992,34.257324258660766,33.591491394605193,34.221332550048828,5,0,0,2013-01-28,2013-02-01,0,True,True
2013-02-08,34.101357263842146,34.365293241496232,33.855416666409177,34.28131103515625,5,0,0,2013-02-04,2013-02-08,0,True,True
2013-02-15,34.296472475720904,34.435943713466116,34.11454365519738,34.308597564697266,5,0,0,2013-02-11,2013-02-15,0,True,True
2013-02-22,34.3510408853436,35.466796538326712,34.320720376445827,35.460731506347656,4,0,0,2013-02-19,2013-02-22,0,True,True
2013-03-01,35.527413857420179,35.897298984540825,35.121142519373237,35.788143157958984,5,0,0,2013-02-25,2013-03-01,0,True,True
2013-03-08,35.7699721737864,36.321751466595785,35.369761421131763,35.745712280273438,5,0,0,2013-03-04,2013-03-08,0,True,True
2013-03-15,35.727513901548726,35.879104614257812,35.478909597441501,35.879104614257812,5,0,0,2013-03-11,2013-03-15,0,True,True
2013-03-22,35.636562643554136,35.988256789083628,35.533471465099566,35.830600738525391,5,0,0,2013-03-18,2013-03-22,0,True,True
2013-03-29,35.921552676589812,37.067596719544568,35.68506516389558,37.0069580078125,4,0,0,2013-03-25,2013-03-28,0,True,True
2013-04-05,36.946330129538488,37.188862663673611,36.649212061744201,37.176734924316406,5,0,0,2013-04-01,2013-04-05,0,True,True
2013-04-12,37.110043348187695,37.667899482550744,36.934194550604822,37.540561676025391,5,0,0,2013-04-08,2013-04-12,0,True,True
2013-04-19,37.498136671138425,37.928642074167215,36.897812325690808,37.886196136474609,5,0,0,2013-04-15,2013-04-19,0,True,True
2013-04-26,37.868007121496134,38.340981205055847,37.589081327836027,38.104496002197266,5,0,0,2013-04-22,2013-04-26,0,True,True
2013-05-03,38.225766337778957,38.826070321608462,38.12874672019597,38.601711273193359,5,0,0,2013-04-29,2013-05-03,0,True,True
2013-05-10,38.522895363673783,38.607787256354918,37.067592996869493,37.334396362304688,5,0,0,2013-05-06,2013-05-10,0,True,True
2013-05-17,37.208839784794009,37.515072972979262,36.798475059976354,37.23333740234375,5,0,0,2013-05-13,2013-05-17,0,True,True
2013-05-24,37.233341991808857,37.478349516918001,35.738849140048707,35.928730010986328,5,0,0,2013-05-20,2013-05-24,0,True,True
2013-05-31,35.934864758601748,36.063489712003907,34.820134155505961,34.954864501953125,4,0,0,2013-05-28,2013-05-31,0,True,True
2013-06-07,34.918123744958237,35.371362420814975,34.195386248269301,35.175365447998047,5,0,0,2013-06-03,2013-06-07,0,True,True
2013-06-14,35.218242047984631,35.597977184126343,34.605740708352677,35.414230346679688,5,0,0,2013-06-10,2013-06-14,0,True,True
2013-06-21,35.683738326199858,36.106357639111195,34.054499758809705,34.538368225097656,5,0,0,2013-06-17,2013-06-21,0,True,True
2013-06-28,34.287250185634939,35.96549024680241,33.944254341631023,35.714363098144531,5,0,0,2013-06-24,2013-06-28,0,True,True
2013-07-05,35.842986489956672,35.940984991739434,34.64250452118371,35.009998321533203,4,0,0,2013-07-01,2013-07-05,0,True,True
2013-07-12,35.169227316485788,36.308469964058013,35.009980706184585,36.259471893310547,5,0,0,2013-07-08,2013-07-12,0,True,True
2013-07-19,36.17985683530501,37.11697441160657,36.143106520309146,37.043476104736328,5,0,0,2013-07-15,2013-07-19,0,True,True
2013-07-26,36.859721841538111,37.104713463654285,36.167603485274988,36.706596374511719,5,0,0,2013-07-22,2013-07-26,0,True,True
2013-08-02,36.602472695829412,37.184325852585225,36.492226430549465,36.976081848144531,5,0,0,2013-07-29,2013-08-02,0,True,True
2013-08-09,36.865843650125576,37.270082687807459,36.443216587467909,36.933204650878906,5,0,0,2013-08-05,2013-08-09,0,True,True
2013-08-16,36.82492235402713,36.936306952393032,34.90664499311827,35.048969268798828,5,0,0,2013-08-12,2013-08-16,0,True,True
2013-08-23,35.030396075361068,35.308858156584073,34.430151370328183,35.018035888671875,5,0,0,2013-08-19,2013-08-23,0,True,True
2013-08-30,34.993271308166356,35.123219231005621,34.529177937233584,34.795253753662109,5,0,0,2013-08-26,2013-08-30,0,True,True
2013-09-06,34.968514167775268,35.036582793076875,34.114582374491874,34.39923095703125,4,0,0,2013-09-03,2013-09-06,0,True,True
2013-09-13,34.399215918957957,34.690072769462169,33.730910181004766,33.959884643554688,5,0,0,2013-09-09,2013-09-13,0,True,True
2013-09-20,34.442540391483874,35.475934888397518,34.034130914926507,34.634361267089844,5,0,0,2013-09-16,2013-09-20,0,True,True
2013-09-27,34.553913958830343,35.104647523466589,34.052687525004934,34.126945495605469,5,0,0,2013-09-23,2013-09-27,0,True,True
2013-10-04,34.034129918323693,34.300206454240183,33.650467586731438,33.730915069580078,5,0,0,2013-09-30,2013-10-04,0,True,True
2013-10-11,33.613355910598962,34.974702179339793,33.613355910598962,34.813812255859375,5,0,0,2013-10-07,2013-10-11,0,True,True
2013-10-18,34.652930302425879,35.308850008106539,34.188831515506521,35.185089111328125,5,0,0,2013-10-14,2013-10-18,0,True,True
2013-10-25,35.048967361893823,36.657848908638925,34.863327115042935,36.255634307861328,5,0,0,2013-10-21,2013-10-25,0,True,True
2013-11-01,36.162808917083304,36.435086674935178,35.5254378651831,36.144248962402344,5,0,0,2013-10-28,2013-11-01,0,True,True
2013-11-08,36.298947833658978,36.633096250366442,35.170870985141136,35.81500244140625,5,0,0,2013-11-04,2013-11-08,0,True,True
2013-11-15,35.802492051879881,36.396602722897732,35.214650977367342,36.315303802490234,5,0,0,2013-11-11,2013-11-15,0,True,True
2013-11-22,36.271524799069901,36.44662794850052,34.95199234541127,34.970752716064453,5,0,0,2013-11-18,2013-11-22,0,True,True
2013-11-29,35.027027941078401,35.189625733676145,34.395420579887912,34.526748657226562,4,0,0,2013-11-25,2013-11-29,0,True,True
2013-12-06,34.52672725601775,34.939482958612814,34.207789142621621,34.926975250244141,5,0,0,2013-12-02,2013-12-06,0,True,True
2013-12-13,34.864440383032395,34.926976541586455,33.876355861975483,33.976417541503906,5,0,0,2013-12-09,2013-12-13,0,True,True
2013-12-20,34.282850292934981,34.70810846572958,33.945154687414508,34.251583099365234,5,0,0,2013-12-16,2013-12-20,0,True,True
2013-12-27,34.382910487214218,34.745623051279175,34.151523796394301,34.426673889160156,4,0,0,2013-12-23,2013-12-27,0,True,True
2014-01-03,34.457950500127346,34.770637082873925,33.050858555207299,33.426082611083984,4,0,0,2013-12-30,2014-01-03,0,True,True
2014-01-10,33.394827061008762,34.245324955630451,33.213468818596041,33.976417541503906,5,0,0,2014-01-06,2014-01-10,0,True,True
2014-01-17,33.895118216283898,33.976417137132287,33.482362653801808,33.745029449462891,5,0,0,2014-01-13,2014-01-17,0,True,True
2014-01-24,33.770044519530494,34.157756701367013,33.519896065289799,33.551166534423828,4,0,0,2014-01-21,2014-01-24,0,True,True
2014-01-31,33.751278308438685,34.082726979220382,33.150923819926362,34.026443481445312,5,0,0,2014-01-27,2014-01-31,0,True,True
2014-02-07,34.051449952010159,34.532985887422129,33.301013484837092,33.782546997070312,5,0,0,2014-02-03,2014-02-07,0,True,True
2014-02-14,33.70661963536498,34.902519226074219,33.535776709646775,34.902519226074219,5,0,0,2014-02-10,2014-02-14,0,True,True
2014-02-21,35.05438043739116,35.864302258059425,34.598799469866641,34.984779357910156,4,0,0,2014-02-18,2014-02-21,0,True,True
2014-02-28,35.345447523459882,35.807355153791747,35.054375112822683,35.465660095214844,5,0,0,2014-02-24,2014-02-28,0,True,True
2014-03-07,35.26951415920113,35.434041752636141,34.681057924066195,35.079689025878906,5,0,0,2014-03-03,2014-03-07,0,True,True
2014-03-14,35.067026019880011,35.136636331745876,33.611702591140563,34.586147308349609,5,0,0,2014-03-10,2014-03-14,0,True,True
2014-03-21,34.611446958458444,34.889859350584963,33.048563580149903,33.194091796875,5,0,0,2014-03-17,2014-03-21,0,True,True
2014-03-28,33.232061819625628,33.99768219379316,33.175114169044747,33.643341064453125,5,0,0,2014-03-24,2014-03-28,0,True,True
2014-04-04,33.807861370262351,34.624118607527791,33.453523620272804,34.396327972412109,5,0,0,2014-03-31,2014-04-04,0,True,True
2014-04-11,34.396316989769389,35.320128716120976,34.396316989769389,35.180934906005859,5,0,0,2014-04-07,2014-04-11,0,True,True
2014-04-18,35.269514340556938,36.446428963979415,35.029068471921548,35.750404357910156,4,0,0,2014-04-14,2014-04-17,0,True,True
2014-04-25,35.782034342584936,36.547667992160072,35.585890834174826,36.535015106201172,5,0,0,2014-04-21,2014-04-25,0,True,True
2014-05-02,36.478068400262046,37.060197480690697,35.655491154618375,35.952884674072266,5,0,0,2014-04-28,2014-05-02,0,True,True
2014-05-09,35.940222092766454,36.908337924009913,35.503633561522342,35.560581207275391,5,0,0,2014-05-05,2014-05-09,0,True,True
2014-05-16,35.573377917948449,35.68216383434801,34.843865815989382,35.311000823974609,5,0,0,2014-05-12,2014-05-16,0,True,True
2014-05-23,35.266222312948727,35.298218034054266,34.306328726244907,34.639091491699219,5,0,0,2014-05-19,2014-05-23,0,True,True
2014-05-30,34.843862472199582,35.227822282087409,34.68388147135488,35.202224731445312,4,0,0,2014-05-27,2014-05-30,0,True,True
2014-06-06,35.195816040039062,35.714163266798344,34.978246742968146,35.343006134033203,5,0,0,2014-06-02,2014-06-06,0,True,True
2014-06-13,35.285408699907258,35.419804822294573,34.632683203238635,35.336605072021484,5,0,0,2014-06-09,2014-06-13,0,True,True
2014-06-20,35.432591638988882,36.603652472474216,35.323800440608188,36.309288024902344,5,0,0,2014-06-16,2014-06-20,0,True,True
2014-06-27,36.379690954768201,36.923618674605514,36.066129453785102,36.827629089355469,5,0,0,2014-06-23,2014-06-27,0,True,True
2014-07-04,36.795632092477668,37.013206362495239,35.375004434078754,35.835750579833984,4,0,0,2014-06-30,2014-07-03,0,True,True
2014-07-11,35.835741475105088,36.44367473935305,35.829343309647079,35.944538116455078,5,0,0,2014-07-07,2014-07-11,0,True,True
2014-07-18,36.00851644180802,36.45647096164361,35.758946523197629,36.424472808837891,5,0,0,2014-07-14,2014-07-18,0,True,True
2014-07-25,36.398873224661891,36.7700375710793,36.341279974262271,36.462863922119141,5,0,0,2014-07-21,2014-07-25,0,True,True
2014-08-01,36.488477305152117,37.019603961970567,35.765359563751034,35.893344879150391,5,0,0,2014-07-28,2014-08-01,0,True,True
2014-08-08,35.950926307005226,36.456472801057515,34.927063663180817,36.411678314208984,5,0,0,2014-08-04,2014-08-08,0,True,True
2014-08-15,36.418146513106564,37.006999651551169,36.178727928843252,36.858169555664062,5,0,0,2014-08-11,2014-08-15,0,True,True
2014-08-22,36.981115866738492,37.421125748032416,36.715807546543743,37.000530242919922,5,0,0,2014-08-18,2014-08-22,0,True,True
2014-08-29,37.071708096879362,37.466429390867688,36.651094857886761,37.459957122802734,5,0,0,2014-08-25,2014-08-29,0,True,True
2014-09-05,37.453491590983319,37.608787536621094,36.832284613653336,37.608787536621094,4,0,0,2014-09-02,2014-09-05,0,True,True
2014-09-12,37.544083046271389,37.595848853682,36.418148727030314,36.515213012695312,5,0,0,2014-09-08,2014-09-12,0,True,True
2014-09-19,36.696383851866472,37.129948249742426,36.463431624787624,36.968173980712891,5,0,0,2014-09-15,2014-09-19,0,True,True
2014-09-26,36.825822345513814,37.007006413884817,36.107537944040779,36.463436126708984,5,0,0,2014-09-22,2014-09-26,0,True,True
2014-10-03,36.418149554924426,37.11052868944585,36.269319457049441,36.903461456298828,5,0,0,2014-09-29,2014-10-03,0,True,True
2014-10-10,37.013462066650391,38.430586287155464,36.832283419603819,38.262344360351562,5,0,0,2014-10-06,2014-10-10,0,True,True
2014-10-17,38.275287472292696,40.203610388587805,38.242931071089821,39.278278350830078,5,0,0,2014-10-13,2014-10-17,0,True,True
2014-10-24,39.310625446501447,40.488346403476321,39.291227760706263,40.443050384521484,5,0,0,2014-10-20,2014-10-24,0,True,True
2014-10-31,40.443044481415654,41.413674774423512,39.912429848527765,40.999538421630859,5,0,0,2014-10-27,2014-10-31,0,True,True
2014-11-07,40.980122994259162,41.886045103629939,40.831288082358562,41.549282073974609,5,0,0,2014-11-03,2014-11-07,0,True,True
2014-11-14,41.431635754571509,41.784579774995613,40.392404815918781,40.542732238769531,5,0,0,2014-11-10,2014-11-14,0,True,True
2014-11-21,40.477376239797074,41.346650789763856,40.248617643792834,40.76495361328125,5,0,0,2014-11-17,2014-11-21,0,True,True
2014-11-28,40.686536571661449,41.392416823103822,40.163640874995146,41.274768829345703,4,0,0,2014-11-24,2014-11-28,0,True,True
2014-12-05,41.130967914562291,42.183262259479839,40.928351412473155,41.346649169921875,5,0,0,2014-12-01,2014-12-05,0,True,True
2014-12-12,41.346663188048247,42.470846727949457,41.287839190345778,41.902214050292969,5,0,0,2014-12-08,2014-12-12,0,True,True
2014-12-19,42.091761346904391,43.176738202351288,41.562345451137219,42.934909820556641,5,0,0,2014-12-15,2014-12-19,0,True,True
2014-12-26,43.170216296835967,44.542748684370757,42.738838559765483,44.287845611572266,4,0,0,2014-12-22,2014-12-26,0,True,True
2015-01-02,44.229026727031673,45.046025173976531,42.797647075538656,43.359737396240234,4,0,0,2014-12-29,2015-01-02,0,True,True
2015-01-09,43.294381713622521,44.294393870623431,42.719216583412646,43.876079559326172,5,0,0,2015-01-05,2015-01-09,0,True,True
2015-01-16,43.974127166366316,45.1963515161058,43.268245965565455,45.163669586181641,5,0,0,2015-01-12,2015-01-16,0,True,True
2015-01-23,45.261726215697024,46.372814934004701,45.189829933974394,45.993732452392578,4,0,0,2015-01-20,2015-01-23,0,True,True
2015-01-30,45.987211711796306,47.222523181891553,45.242104336928847,45.281318664550781,5,0,0,2015-01-26,2015-01-30,0,True,True
2015-02-06,45.281331185053162,45.549309128733604,43.496990080450985,43.640777587890625,5,0,0,2015-02-02,2015-02-06,0,True,True
2015-02-13,43.640786250799444,43.902226747557172,41.819792703637603,42.196071624755859,5,0,0,2015-02-09,2015-02-13,0,True,True
2015-02-20,42.064037797996548,43.30511235867656,41.172847364030723,42.083839416503906,4,0,0,2015-02-17,2015-02-20,0,True,True
2015-02-27,42.28848785716837,43.569159243322147,41.450108626041818,41.681156158447266,5,0,0,2015-02-23,2015-02-27,0,True,True
2015-03-06,41.628345552552794,41.634945831250313,39.390467979937561,39.595111846923828,5,0,0,2015-03-02,2015-03-06,0,True,True
2015-03-13,39.608321116452444,40.70415143047412,39.284853758464685,40.162845611572266,5,0,0,2015-03-09,2015-03-13,0,True,True
2015-03-20,40.446711400311116,41.370889528281566,40.037411621636103,40.5787353515625,5,0,0,2015-03-16,2015-03-20,0,True,True
2015-03-27,40.578744255193044,40.961623557403961,38.717142797320449,39.476295471191406,5,0,0,2015-03-23,2015-03-27,0,True,True
2015-04-03,39.509304971334558,40.631531239888481,39.456495178419793,40.235462188720703,4,0,0,2015-03-30,2015-04-02,0,True,True
2015-04-10,40.294872529399058,40.902199010213408,39.548913073251597,40.176048278808594,5,0,0,2015-04-06,2015-04-10,0,True,True
2015-04-17,40.209050239016115,40.585334516377998,39.707344907042177,40.228858947753906,5,0,0,2015-04-13,2015-04-17,0,True,True
2015-04-24,40.367484968742595,41.60854352949373,40.281674532236373,41.258670806884766,5,0,0,2015-04-20,2015-04-24,0,True,True
2015-05-01,41.351085481076836,41.351085481076836,40.215654061113113,40.704154968261719,5,0,0,2015-04-27,2015-05-01,0,True,True
2015-05-08,40.69093908025765,41.28506477176159,39.839368642376733,40.321277618408203,5,0,0,2015-05-04,2015-05-08,0,True,True
2015-05-15,40.288262976613673,40.80977314002741,39.628130720162531,40.5787353515625,5,0,0,2015-05-11,2015-05-15,0,True,True
2015-05-22,40.471991531978823,41.179200415400103,40.378573029620114,40.792232513427734,5,0,0,2015-05-18,2015-05-22,0,True,True
2015-05-29,40.798905905729299,41.479438536618986,40.391917240428306,41.259265899658203,4,0,0,2015-05-26,2015-05-29,0,True,True
2015-06-05,41.279274391017253,41.486105358700968,39.044181429662572,39.104228973388672,5,0,0,2015-06-01,2015-06-05,0,True,True
2015-06-12,39.291051589585116,39.551256824725208,38.276909383807848,38.390323638916016,5,0,0,2015-06-08,2015-06-12,0,True,True
2015-06-19,38.61718343497494,39.744740148337883,37.936631748493831,39.357769012451172,5,0,0,2015-06-15,2015-06-19,0,True,True
2015-06-26,39.337748847754234,39.464517308347162,38.143463798607485,38.763954162597656,5,0,0,2015-06-22,2015-06-26,0,True,True
2015-07-03,38.904080252897074,39.557923875817764,38.443711845840134,39.457843780517578,4,0,0,2015-06-29,2015-07-02,0,True,True
2015-07-10,39.437816531385195,41.105802526918474,39.324392288928095,40.572055816650391,5,0,0,2015-07-06,2015-07-10,0,True,True
2015-07-17,40.69216847137136,41.239262039320138,40.085008785173223,40.89898681640625,5,0,0,2015-07-13,2015-07-17,0,True,True
2015-07-24,40.832262782257487,41.572853865745252,40.351886994641895,40.632102966308594,5,0,0,2015-07-20,2015-07-24,0,True,True
2015-07-31,40.698816954763402,42.807152132620651,40.632098600763236,42.426849365234375,5,0,0,2015-07-27,2015-07-31,0,True,True
2015-08-07,42.506910756987523,43.601118623376628,41.793021206521033,43.467681884765625,5,0,0,2015-08-03,2015-08-07,0,True,True
2015-08-14,43.54107361808726,44.948854742490077,43.30088341635922,44.915493011474602,5,0,0,2015-08-10,2015-08-14,0,True,True
2015-08-21,45.070432955106163,45.346651404228439,44.423691964614555,44.504539489746094,5,0,0,2015-08-17,2015-08-21,0,True,True
2015-08-28,43.399662835878964,44.113786851255774,41.8703759421903,42.847236633300781,5,0,0,2015-08-24,2015-08-28,0,True,True
2015-09-04,42.71249105995593,42.786595745096832,40.752036818947047,41.001304626464844,5,0,0,2015-08-31,2015-09-04,0,True,True
2015-09-11,41.378570829901037,42.274593113992175,41.230360650665759,42.032070159912109,4,0,0,2015-09-08,2015-09-11,0,True,True
2015-09-18,42.045523438220116,44.464108303853735,41.742365383141212,43.8240966796875,5,0,0,2015-09-14,2015-09-18,0,True,True
2015-09-25,43.925146883240615,45.016536507668292,43.493977928078259,44.639266967773438,5,0,0,2015-09-21,2015-09-25,0,True,True
2015-10-02,44.632540387861177,45.131070497775859,43.965580810636382,44.895286560058594,5,0,0,2015-09-28,2015-10-02,0,True,True
2015-10-09,45.023275344136863,45.272540518170992,43.702822078468472,44.080101013183594,5,0,0,2015-10-05,2015-10-09,0,True,True
2015-10-16,44.093567368686969,45.440973902106137,44.01272897617892,45.151283264160156,5,0,0,2015-10-12,2015-10-16,0,True,True
2015-10-23,44.87506909569187,45.771086178194814,44.396743653841668,45.164764404296868,5,0,0,2015-10-19,2015-10-23,0,True,True
2015-10-30,45.252343390628127,45.440970121193025,43.675876226748109,44.295688629150391,5,0,0,2015-10-26,2015-10-30,0,True,True
2015-11-06,44.315897304777188,44.672963205499606,41.452679067373786,41.735633850097656,5,0,0,2015-11-02,2015-11-06,0,True,True
2015-11-13,41.472888750171165,42.72597455486568,41.223618405727805,41.708675384521484,5,0,0,2015-11-09,2015-11-13,0,True,True
2015-11-20,41.708674690190044,43.45165434225914,41.688250116878287,43.104423522949219,5,0,0,2015-11-16,2015-11-20,0,True,True
2015-11-27,43.145266815314095,43.349520363452562,42.117194120512082,42.355495452880859,4,0,0,2015-11-23,2015-11-27,0,True,True
2015-12-04,42.396344776059621,42.661863478417082,41.055076104897161,42.314643859863281,5,0,0,2015-11-30,2015-12-04,0,True,True
2015-12-11,42.31463673468636,43.533348864927234,41.068685657586478,41.402301788330078,5,0,0,2015-12-07,2015-12-11,0,True,True
2015-12-18,41.681448029098782,44.064418709033198,41.579319955257894,43.090805053710938,5,0,0,2015-12-14,2015-12-18,0,True,True
2015-12-25,43.254201508829773,44.200581599012537,42.777613247405966,44.0848388671875,4,0,0,2015-12-21,2015-12-24,0,True,True
2016-01-01,43.866969848787363,44.704404121111452,43.43802228611883,43.758018493652344,4,0,0,2015-12-28,2015-12-31,0,True,True
2016-01-08,43.472085823778436,45.480568139113522,43.21336579859188,45.228652954101562,5,0,0,2016-01-04,2016-01-08,0,True,True
2016-01-15,45.337593703081176,46.290785643031995,44.329951938033766,46.079723358154297,5,0,0,2016-01-11,2016-01-15,0,True,True
2016-01-22,46.297597861869626,47.155466570815136,45.072063147060156,46.277175903320312,4,0,0,2016-01-19,2016-01-22,0,True,True
2016-01-29,46.413321952205628,47.7954571845072,45.943541224386266,47.243972778320312,5,0,0,2016-01-25,2016-01-29,0,True,True
2016-02-05,47.257584594918725,49.23202521204535,47.032903877086426,49.048213958740241,5,0,0,2016-02-01,2016-02-05,0,True,True
2016-02-12,49.116285185413432,50.314595611354839,47.934202137093486,48.600814819335938,5,0,0,2016-02-08,2016-02-12,0,True,True
2016-02-19,48.731392922504185,49.466726224957348,47.652434570502479,48.703907012939453,4,0,0,2016-02-16,2016-02-19,0,True,True
2016-02-26,48.793239576411935,49.817212222688369,48.222833361638372,48.346534729003906,5,0,0,2016-02-22,2016-02-26,0,True,True
2016-03-04,48.236597375266783,49.116239781944188,47.033933767731014,49.061260223388672,5,0,0,2016-02-29,2016-03-04,0,True,True
2016-03-11,49.006275284213167,50.683113026356139,48.779493805564769,50.353240966796875,5,0,0,2016-03-07,2016-03-11,0,True,True
2016-03-18,50.263901617546352,52.31872581638801,49.865317063611826,51.713966369628906,5,0,0,2016-03-14,2016-03-18,0,True,True
2016-03-25,51.445937826571495,52.174400886278043,50.937390087045848,51.926998138427734,4,0,0,2016-03-21,2016-03-24,0,True,True
2016-04-01,51.926992565057908,53.074675297883239,51.686463598002632,52.909736633300788,5,0,0,2016-03-28,2016-04-01,0,True,True
2016-04-08,52.916623633257089,53.026582770501044,51.50779137288945,52.256885528564453,5,0,0,2016-04-04,2016-04-08,0,True,True
2016-04-15,52.277479222808239,52.593603748606895,51.342862194410962,52.126289367675781,5,0,0,2016-04-11,2016-04-15,0,True,True
2016-04-22,52.126295319178148,52.298085537419965,48.607709065992694,49.19183349609375,5,0,0,2016-04-18,2016-04-22,0,True,True
2016-04-29,49.109356220784214,51.287888976535292,49.00627087986026,51.26727294921875,5,0,0,2016-04-25,2016-04-29,0,True,True
2016-05-06,51.308491774185207,52.751668633075276,50.071478759625755,50.964878082275391,5,0,0,2016-05-02,2016-05-06,0,True,True
2016-05-13,51.06108925470091,51.693356113530605,50.277663065800262,51.281024932861321,5,0,0,2016-05-09,2016-05-13,0,True,True
2016-05-20,51.156198742994356,51.329562580160136,48.756820354637789,50.039730072021484,5,0,0,2016-05-16,2016-05-20,0,True,True
2016-05-27,50.164532982507446,50.691584655037545,49.512691231066682,50.441940307617188,5,0,0,2016-05-23,2016-05-27,0,True,True
2016-06-03,50.247750797456867,52.515366499597675,50.143731484914305,52.251850128173821,4,0,0,2016-05-31,2016-06-03,0,True,True
2016-06-10,52.120093203637097,53.597156704854825,51.641603952427751,53.493137359619141,5,0,0,2016-06-06,2016-06-10,0,True,True
2016-06-17,53.493136812975195,54.366880307043147,53.243479542882021,53.978553771972656,5,0,0,2016-06-13,2016-06-17,0,True,True
2016-06-24,54.054821008559394,54.692817669211657,52.91064360777554,54.373828887939453,5,0,0,2016-06-20,2016-06-24,0,True,True
2016-07-01,54.415418287184991,56.155999069730605,54.255921298777963,55.830074310302734,5,0,0,2016-06-27,2016-07-01,0,True,True
2016-07-08,55.975706802325902,56.780112114976639,54.817641520477565,55.739933013916023,4,0,0,2016-07-05,2016-07-08,0,True,True
2016-07-15,55.427874100012438,55.809276574565921,54.505560534218333,54.886962890625,5,0,0,2016-07-11,2016-07-15,0,True,True
2016-07-22,55.088074580842509,56.357097602336069,54.325266150980518,56.294689178466797,5,0,0,2016-07-18,2016-07-22,0,True,True
2016-07-29,56.280813863901152,56.357089051287183,54.304463236032881,55.531902313232422,5,0,0,2016-07-25,2016-07-29,0,True,True
2016-08-05,55.275314926783622,55.899425682635247,53.853748322981097,53.916156768798828,5,0,0,2016-08-01,2016-08-05,0,True,True
2016-08-12,53.971623915683494,54.796816989290946,53.673428429689181,54.637325286865234,5,0,0,2016-08-08,2016-08-12,0,True,True
2016-08-19,54.55340651374587,54.742242880752904,51.818739314749038,53.504314422607422,5,0,0,2016-08-15,2016-08-19,0,True,True
2016-08-26,53.693135331857704,53.986892271214138,52.238374822485021,52.294322967529297,5,0,0,2016-08-22,2016-08-26,0,True,True
2016-09-02,52.532127097541427,53.084648807317329,51.97260291099029,52.839859008789062,5,0,0,2016-08-29,2016-09-02,0,True,True
2016-09-09,52.860842289380621,53.469319050005467,51.007430006797598,51.021415710449219,4,0,0,2016-09-06,2016-09-09,0,True,True
2016-09-16,51.056379434553733,52.713976299228186,51.056379434553733,52.67200851440429,5,0,0,2016-09-12,2016-09-16,0,True,True
2016-09-23,52.665018699879717,55.266793662331445,52.665018699879717,55.028999328613281,5,0,0,2016-09-19,2016-09-23,0,True,True
2016-09-30,55.049970127730724,55.630478320790161,52.30832694373791,52.665023803710938,5,0,0,2016-09-26,2016-09-30,0,True,True
2016-10-07,52.56010391604881,52.602066362494149,50.203110306291187,50.377967834472656,5,0,0,2016-10-03,2016-10-07,0,True,True
2016-10-14,50.350009434863949,51.476026275608298,49.902360398500548,50.699699401855469,5,0,0,2016-10-10,2016-10-14,0,True,True
2016-10-21,50.86756010550036,51.930650158696999,50.629740730484485,51.175281524658196,5,0,0,2016-10-17,2016-10-21,0,True,True
2016-10-28,51.483020343490892,51.930652201888286,50.860552522501344,51.748805999755859,5,0,0,2016-10-24,2016-10-28,0,True,True
2016-11-04,51.909652438364233,53.175569207908566,51.028411427598236,51.580940246582024,5,0,0,2016-10-31,2016-11-04,0,True,True
2016-11-11,51.713805445805519,52.888820566019177,48.251781629401243,49.300884246826172,5,0,0,2016-11-07,2016-11-11,0,True,True
2016-11-18,48.969014874954922,50.155302071063488,48.55241011530066,49.096122741699219,5,0,0,2016-11-14,2016-11-18,0,True,True
2016-11-25,49.258519988808075,50.063497422764137,49.018442649612602,49.894031524658203,4,0,0,2016-11-21,2016-11-25,0,True,True
2016-12-02,49.978762645826535,51.701683032623009,48.799551363637583,49.20909500122071,5,0,0,2016-11-28,2016-12-02,0,True,True
2016-12-09,48.940764843649092,50.501278735636227,48.615953015421312,50.444793701171875,5,0,0,2016-12-05,2016-12-09,0,True,True
2016-12-16,50.395364328831924,52.188898171800084,49.957582055068592,51.320369720458984,5,0,0,2016-12-12,2016-12-16,0,True,True
2016-12-23,51.56751849590907,52.16065061088424,51.22858670114578,51.991191864013672,5,0,0,2016-12-19,2016-12-23,0,True,True
2016-12-30,51.906446607816584,52.464289650935399,51.503975061855918,52.026496887207031,4,0,0,2016-12-27,2016-12-30,0,True,True
2017-01-06,52.054744949796621,52.393665997137695,51.362750593442811,52.210075378417969,4,0,0,2017-01-03,2017-01-06,0,True,True
2017-01-13,52.323040191434252,52.323040191434252,50.939068666298006,51.970005035400391,5,0,0,2017-01-09,2017-01-13,0,True,True
2017-01-20,52.174768963408795,52.838522785367417,51.398051407725461,51.602825164794915,4,0,0,2017-01-17,2017-01-20,0,True,True
2017-01-27,51.736986794542581,51.920578001107508,50.932005736249195,51.631065368652337,5,0,0,2017-01-23,2017-01-27,0,True,True
2017-02-03,51.786408285030348,52.746714691328968,51.412168653918506,52.393657684326165,5,0,0,2017-01-30,2017-02-03,0,True,True
2017-02-10,52.640830662948233,53.269265661171801,52.287773463028323,52.782028198242188,5,0,0,2017-02-06,2017-02-10,0,True,True
2017-02-17,52.945975349476889,53.088489766571037,51.762893483390776,52.382938385009766,5,0,0,2017-02-13,2017-02-17,0,True,True
2017-02-24,52.382926567074328,54.706308403590576,52.183373431090942,54.599403381347656,4,0,0,2017-02-21,2017-02-24,0,True,True
2017-03-03,54.599414194302327,55.233693195161464,53.872442863856314,54.642158508300781,5,0,0,2017-02-27,2017-03-03,0,True,True
2017-03-10,54.642153228487665,54.891594609854593,53.530369047076064,54.150405883789062,5,0,0,2017-03-06,2017-03-10,0,True,True
2017-03-17,54.150407434504359,55.668443557483137,54.014994047282393,54.649311065673828,5,0,0,2017-03-13,2017-03-17,0,True,True
2017-03-24,54.798958238833634,56.074689694574097,54.121902139119946,55.882282257080078,5,0,0,2017-03-20,2017-03-24,0,True,True
2017-03-31,55.960647420187172,56.288490958472828,55.084030420193102,55.347728729248047,5,0,0,2017-03-27,2017-03-31,0,True,True
2017-04-07,55.411847729914534,56.131702264719927,54.977104823985847,55.461769104003906,5,0,0,2017-04-03,2017-04-07,0,True,True
2017-04-14,55.497406641141396,56.174451205419984,55.09828431706898,55.967769622802734,4,0,0,2017-04-10,2017-04-13,0,True,True
2017-04-21,56.024781357618799,56.509420351107032,55.447484279804783,56.366878509521484,5,0,0,2017-04-17,2017-04-21,0,True,True
2017-04-28,56.402508862250237,57.086677479939908,55.99627417578639,56.502281188964844,5,0,0,2017-04-24,2017-04-28,0,True,True
2017-05-05,56.516538677482849,57.165083061500837,55.889382188077846,56.880004882812493,5,0,0,2017-05-01,2017-05-05,0,True,True
2017-05-12,56.502295632562166,57.072449216697954,56.081808209498369,56.944164276123054,5,0,0,2017-05-08,2017-05-12,0,True,True
2017-05-19,57.051987080969049,57.785284123966633,56.764436569195148,57.778099060058594,5,0,0,2017-05-15,2017-05-19,0,True,True
2017-05-26,57.583988144418967,59.237469769741843,57.583988144418967,59.021797180175781,5,0,0,2017-05-22,2017-05-26,0,True,True
2017-06-02,58.978659986018513,60.380494681349766,58.856448088254211,60.049800872802734,4,0,0,2017-05-30,2017-06-02,0,True,True
2017-06-09,59.949166188841581,60.351740208642333,59.294961263359312,59.848518371582031,5,0,0,2017-06-05,2017-06-09,0,True,True
2017-06-16,59.848513202332448,61.135353194203311,59.316544832600215,60.998760223388672,5,0,0,2017-06-12,2017-06-16,0,True,True
2017-06-23,60.905313723250828,61.200073706540564,60.193600473777479,60.272674560546868,5,0,0,2017-06-19,2017-06-23,0,True,True
2017-06-30,60.322999138642643,60.804661600855482,57.993741671793096,58.101596832275391,5,0,0,2017-06-26,2017-06-30,0,True,True
2017-07-07,58.331648503769387,58.432294242605273,57.540847096748713,57.89312744140625,4,0,0,2017-07-03,2017-07-07,0,True,True
2017-07-14,57.950633835138817,58.389159638803889,57.540843612772967,58.036899566650391,5,0,0,2017-07-10,2017-07-14,0,True,True
2017-07-21,58.094401309420469,59.654443206654676,57.864353156324917,59.618495941162109,5,0,0,2017-07-17,2017-07-21,0,True,True
2017-07-28,59.604082487674205,59.654405336548002,58.403519115288482,59.223060607910156,5,0,0,2017-07-24,2017-07-28,0,True,True
2017-08-04,59.244653831898404,60.11452705947206,59.057732644476012,59.525028228759766,5,0,0,2017-07-31,2017-08-04,0,True,True
2017-08-11,59.532200486505197,60.502721184007626,59.316535418231133,59.575340270996094,5,0,0,2017-08-07,2017-08-11,0,True,True
2017-08-18,59.691344243358984,60.945467589535092,59.47386633682332,60.554000854492188,5,0,0,2017-08-14,2017-08-18,0,True,True
2017-08-25,60.670010318887883,61.52541224533735,60.394508257656391,61.242687225341797,5,0,0,2017-08-21,2017-08-25,0,True,True
2017-09-01,61.373176748227657,61.56166061721224,60.720737796578447,60.887470245361328,5,0,0,2017-08-28,2017-09-01,0,True,True
2017-09-08,60.988971123808277,62.112617414907682,60.764242674171292,62.003875732421882,4,0,0,2017-09-05,2017-09-08,0,True,True
2017-09-15,61.945873612426759,62.460583825790856,60.488763651241868,61.213695526123047,5,0,0,2017-09-11,2017-09-15,0,True,True
2017-09-22,61.286197853741932,61.293448775120474,59.140391022190492,59.147636413574219,5,0,0,2017-09-18,2017-09-22,0,True,True
2017-09-29,59.24187431880371,59.698582805718459,58.00947325564352,58.487934112548828,5,0,0,2017-09-25,2017-09-29,0,True,True
2017-10-06,58.640176456298832,59.394103107219578,58.183455838516771,59.125873565673828,5,0,0,2017-10-02,2017-10-06,0,True,True
2017-10-13,59.198354875931614,60.959950340124365,59.009910559884553,60.227767944335938,5,0,0,2017-10-09,2017-10-13,0,True,True
2017-10-20,60.184292243399895,61.677667941022193,59.647840189757027,61.518180847167969,5,0,0,2017-10-16,2017-10-20,0,True,True
2017-10-27,61.525417669388844,62.583828922881182,61.068702369887824,62.286602020263672,5,0,0,2017-10-23,2017-10-27,0,True,True
2017-11-03,62.199640229099714,63.490019568174233,61.815405480711789,63.098552703857422,5,0,0,2017-10-30,2017-11-03,0,True,True
2017-11-10,63.142010943363132,63.852468812394115,62.431596686769488,63.207267761230469,5,0,0,2017-11-06,2017-11-10,0,True,True
2017-11-17,63.388503799418075,65.451274022669153,62.99629511690943,63.222793579101562,5,0,0,2017-11-13,2017-11-17,0,True,True
2017-11-24,63.3178081300494,63.748850849904876,62.733257756181814,63.493125915527344,4,0,0,2017-11-20,2017-11-24,0,True,True
2017-12-01,63.566214556012831,65.443980750781563,63.434698027059369,64.89599609375,5,0,0,2017-11-27,2017-12-01,0,True,True
2017-12-08,64.793702382219976,65.217478497388825,63.785401932640035,64.969039916992188,5,0,0,2017-12-04,2017-12-08,0,True,True
2017-12-15,64.866740277793525,65.538933148953348,63.515086949744806,64.472198486328125,5,0,0,2017-12-11,2017-12-15,0,True,True
2017-12-22,64.450281343884754,64.494118318960673,61.629987221480114,61.922248840332031,5,0,0,2017-12-18,2017-12-22,0,True,True
2017-12-29,61.936865225383855,62.433709140315443,61.505786717533155,62.068386077880859,4,0,0,2017-12-26,2017-12-29,0,True,True
2018-01-05,61.922260346373406,62.0610848967357,59.204249170050737,59.723007202148438,4,0,0,2018-01-02,2018-01-05,0,True,True
2018-01-12,59.818010037571348,60.577882800696365,57.852538284287576,58.079036712646484,5,0,0,2018-01-08,2018-01-12,0,True,True
2018-01-19,58.203279251697232,58.349406262654981,56.822326779138052,57.187679290771484,4,0,0,2018-01-16,2018-01-19,0,True,True
2018-01-26,57.414181941062118,58.897381083648789,57.260746902090091,58.743946075439453,5,0,0,2018-01-22,2018-01-26,0,True,True
2018-02-02,57.932919366555019,58.926600543568867,56.91002900296418,56.961174011230476,5,0,0,2018-01-29,2018-02-02,0,True,True
2018-02-09,56.902709392889797,57.51645494149026,54.484258201458047,56.179370880126953,5,0,0,2018-02-05,2018-02-09,0,True,True
2018-02-16,56.274341515460335,57.507005912799578,55.796127512442553,57.352134704589837,5,0,0,2018-02-12,2018-02-16,0,True,True
2018-02-23,57.204652398204324,57.47013789336124,55.648614440641268,57.248878479003906,4,0,0,2018-02-20,2018-02-23,0,True,True
2018-03-02,57.293149858077683,57.551259195157989,54.372834426868714,54.830055236816406,5,0,0,2018-02-26,2018-03-02,0,True,True
2018-03-09,54.756291693956285,56.297577203947391,54.557180381577389,55.486366271972663,5,0,0,2018-03-05,2018-03-09,0,True,True
2018-03-16,55.530609956141539,57.212034556960077,55.442116498283575,57.116161346435547,5,0,0,2018-03-12,2018-03-16,0,True,True
2018-03-23,57.116157328756351,57.684003779827208,55.611747359825245,55.737113952636719,5,0,0,2018-03-19,2018-03-23,0,True,True
2018-03-30,55.862482968140036,57.816750239777164,55.766615385896259,57.477519989013679,4,0,0,2018-03-26,2018-03-29,0,True,True
2018-04-06,57.64712153786693,58.546826211615212,56.540933942468563,57.934734344482422,5,0,0,2018-04-02,2018-04-06,0,True,True
2018-04-13,58.030598882245449,58.347706195178624,56.098478421038344,56.555686950683587,5,0,0,2018-04-09,2018-04-13,0,True,True
2018-04-20,56.821176088145691,58.399341747312711,56.747425741712433,57.226787567138665,5,0,0,2018-04-16,2018-04-20,0,True,True
2018-04-27,57.389030355759431,59.57189872605273,57.079299081517746,59.313789367675781,5,0,0,2018-04-23,2018-04-27,0,True,True
2018-05-04,59.512887970433908,59.601384999969873,57.529141567817661,58.443592071533203,5,0,0,2018-04-30,2018-05-04,0,True,True
2018-05-11,58.391970139380568,58.546835764823399,55.220883358509873,56.658935546875,5,0,0,2018-05-07,2018-05-11,0,True,True
2018-05-18,56.813808619311885,56.917052368478352,54.602039345508494,55.063571929931641,5,0,0,2018-05-14,2018-05-18,0,True,True
2018-05-25,55.167785336925341,56.865035592554172,54.62436787424997,56.507724761962891,5,0,0,2018-05-21,2018-05-25,0,True,True
2018-06-01,56.463056055172757,57.311678364499855,55.994090663058209,56.2322998046875,4,0,0,2018-05-29,2018-06-01,0,True,True
2018-06-08,56.433294301051347,56.619395396284311,53.604553862995687,54.155406951904297,5,0,0,2018-06-04,2018-06-08,0,True,True
2018-06-15,54.200073335189302,54.922150280378489,52.942024286651026,54.884933471679688,5,0,0,2018-06-11,2018-06-15,0,True,True
2018-06-22,54.899809030270937,56.559842245381482,54.646714331678574,56.396072387695305,5,0,0,2018-06-18,2018-06-22,0,True,True
2018-06-29,56.574714755044404,58.740948228682534,56.552383539495452,58.048637390136726,5,0,0,2018-06-25,2018-06-29,0,True,True
2018-07-06,58.056071954460144,59.232245704391239,57.728538024912389,59.180137634277351,4,0,0,2018-07-02,2018-07-06,0,True,True
2018-07-13,59.180139225033784,59.29920611973796,56.522615801819633,59.150321960449219,5,0,0,2018-07-09,2018-07-13,0,True,True
2018-07-20,59.016363696228943,59.165247942904806,57.661544753206492,58.100746154785156,5,0,0,2018-07-16,2018-07-20,0,True,True
2018-07-27,58.160294217453092,58.793047838399787,56.582148126890182,58.472953796386719,5,0,0,2018-07-23,2018-07-27,0,True,True
2018-08-03,58.271953491031496,59.239694839030271,57.386107034149433,58.889823913574226,5,0,0,2018-07-30,2018-08-03,0,True,True
2018-08-10,58.837694680843491,59.262008952390268,57.959307330821318,58.562267303466797,5,0,0,2018-08-06,2018-08-10,0,True,True
2018-08-17,58.480384082289866,61.049907379138247,58.353836748759306,60.974788665771484,5,0,0,2018-08-13,2018-08-17,0,True,True
2018-08-24,61.110006020451891,61.245222000037607,59.066740952318455,59.682731628417962,5,0,0,2018-08-20,2018-08-24,0,True,True
2018-08-31,59.795433881035613,59.930620446106779,58.811348812506772,59.292102813720696,5,0,0,2018-08-27,2018-08-31,0,True,True
2018-09-07,59.487433348751892,61.260270526894431,59.389773839181309,60.155986785888672,4,0,0,2018-09-04,2018-09-07,0,True,True
2018-09-14,60.388867806946585,60.79451330500298,59.509953693423945,60.313735961914062,5,0,0,2018-09-10,2018-09-14,0,True,True
2018-09-21,60.343792787265734,60.539093955127036,57.819770392516581,58.510871887207031,5,0,0,2018-09-17,2018-09-21,0,True,True
2018-09-28,58.420715286185022,58.420715286185022,55.821576403738071,57.233829498291016,5,0,0,2018-09-24,2018-09-28,0,True,True
2018-10-05,57.12115803381721,58.503355526456218,56.602816371797822,58.338096618652344,5,0,0,2018-10-01,2018-10-05,0,True,True
2018-10-12,58.413224376707575,59.479908158530584,56.182139418484617,56.512668609619141,5,0,0,2018-10-08,2018-10-12,0,True,True
2018-10-19,56.58029201670098,58.533386837957259,56.069479654900888,58.127738952636719,5,0,0,2018-10-15,2018-10-19,0,True,True
2018-10-26,58.075178096877266,59.059242981401368,56.805638951235267,57.338989257812507,5,0,0,2018-10-22,2018-10-26,0,True,True
2018-11-02,57.338999265712609,58.698671210925369,55.536118778921669,55.994350433349609,5,0,0,2018-10-29,2018-11-02,0,True,True
2018-11-09,56.197147758437985,59.540020789280959,56.197147758437985,59.344707489013672,5,0,0,2018-11-05,2018-11-09,0,True,True
2018-11-16,59.292101876483521,60.771046561055975,57.83749000224747,58.368106842041016,5,0,0,2018-11-12,2018-11-16,0,True,True
2018-11-23,58.345366331485785,59.588535957368549,58.133114677802084,58.625827789306641,4,0,0,2018-11-19,2018-11-23,0,True,True
2018-11-30,58.542448049532297,60.937819194493564,58.466640696622555,60.907497406005859,5,0,0,2018-11-26,2018-11-30,0,True,True
2018-12-07,60.536062556896653,62.916270719473602,60.316233938943384,62.506919860839844,4,0,0,2018-12-03,2018-12-07,0,True,True
2018-12-14,62.666114635670809,63.916868926234351,61.62762095034941,63.545448303222656,5,0,0,2018-12-10,2018-12-14,0,True,True
2018-12-21,63.628809873865222,63.833474688835253,59.997879399729591,60.611858367919922,5,0,0,2018-12-17,2018-12-21,0,True,True
2018-12-28,60.596720334806228,61.036371890478506,55.980315583552049,57.973934173583984,4,0,0,2018-12-24,2018-12-28,0,True,True
2019-01-04,57.973930721969381,58.269560907699997,56.692871035408714,58.027000427246094,4,0,0,2018-12-31,2019-01-04,0,True,True
2019-01-11,57.685880064676205,58.125541908355174,56.738344051323509,57.557029724121094,5,0,0,2019-01-07,2019-01-11,0,True,True
2019-01-18,57.268973485066105,58.443911754143727,55.56341180225423,57.996669769287109,5,0,0,2019-01-14,2019-01-18,0,True,True
2019-01-25,58.095222734912142,59.118538786034648,57.496361066014558,57.572162628173828,4,0,0,2019-01-22,2019-01-25,0,True,True
2019-02-01,57.693471039986093,59.035163809936257,57.041566954980219,58.12554931640625,5,0,0,2019-01-28,2019-02-01,0,True,True
2019-02-08,57.875384279234105,59.846235572616742,57.632815770035421,59.831077575683594,5,0,0,2019-02-04,2019-02-08,0,True,True
2019-02-15,59.785618100756224,60.351155160325909,59.08092269485131,60.075668334960945,5,0,0,2019-02-11,2019-02-15,0,True,True
2019-02-22,59.999167822253966,62.891617123454182,59.823159318413509,62.822746276855469,4,0,0,2019-02-19,2019-02-22,0,True,True
2019-03-01,62.746217388008354,63.388977393457182,61.965707394501017,63.251247406005859,5,0,0,2019-02-25,2019-03-01,0,True,True
2019-03-08,63.587913939795044,64.544419546748244,63.082886602857755,64.138877868652344,5,0,0,2019-03-04,2019-03-08,0,True,True
2019-03-15,64.092968661656414,65.47797604946048,64.016450050092487,64.919387817382812,5,0,0,2019-03-11,2019-03-15,0,True,True
2019-03-22,64.995892245554913,65.49326736134104,63.771568356247577,64.972938537597656,5,0,0,2019-03-18,2019-03-22,0,True,True
2019-03-29,65.133639134527158,65.707527634526357,64.123577273881168,64.896438598632812,5,0,0,2019-03-25,2019-03-29,0,True,True
2019-04-05,64.789294801709985,64.919393603876486,63.932277022175519,64.896438598632812,5,0,0,2019-04-01,2019-04-05,0,True,True
2019-04-12,64.620940816935658,65.026501546386257,63.97817632624654,64.697463989257812,5,0,0,2019-04-08,2019-04-12,0,True,True
2019-04-19,64.781647539542817,65.06476698480833,63.756266773747669,63.978183746337884,4,0,0,2019-04-15,2019-04-18,0,True,True
2019-04-26,63.978179945769831,65.730494071193917,63.878714961848679,65.01885986328125,5,0,0,2019-04-22,2019-04-26,0,True,True
2019-05-03,64.835197416745189,66.189584559375191,64.360772786968752,65.829940795898438,5,0,0,2019-04-29,2019-05-03,0,True,True
2019-05-10,66.074831543050934,66.074831543050934,63.97816948319641,65.271369934082031,5,0,0,2019-05-06,2019-05-10,0,True,True
2019-05-17,65.072418206845256,67.404447306353759,65.041809595887713,67.103431701660156,5,0,0,2019-05-13,2019-05-17,0,True,True
2019-05-24,67.280946148559735,68.631663776968239,66.763808729537516,68.029632568359375,5,0,0,2019-05-20,2019-05-24,0,True,True
2019-05-31,68.292042917123069,68.292042917123069,65.63694161744624,66.609451293945312,4,0,0,2019-05-28,2019-05-31,0,True,True
2019-06-07,66.617167773646187,69.858870179600643,66.030575317502667,68.16082763671875,5,0,0,2019-06-03,2019-06-07,0,True,True
2019-06-14,67.890699911052664,68.654821026301889,66.47052380790754,68.338371276855469,5,0,0,2019-06-10,2019-06-14,0,True,True
2019-06-21,68.261169497744362,69.017591792810094,67.242359298762423,68.855506896972656,5,0,0,2019-06-17,2019-06-21,0,True,True
2019-06-28,68.894083306742729,69.812564146438461,67.057109015079135,67.674591064453125,5,0,0,2019-06-24,2019-06-28,0,True,True
2019-07-05,67.597386619968617,69.287704467791059,66.78695660446418,68.546760559082031,4,0,0,2019-07-01,2019-07-05,0,True,True
2019-07-12,68.793727868383542,69.156500637074302,67.991034444316469,68.662544250488281,5,0,0,2019-07-08,2019-07-12,0,True,True
2019-07-19,68.191706239352641,68.647092520190512,67.188328129486123,67.334968566894531,5,0,0,2019-07-15,2019-07-19,0,True,True
2019-07-26,67.52022551133129,67.597407944622887,66.13864626089908,66.640335083007812,5,0,0,2019-07-22,2019-07-26,0,True,True
2019-08-02,66.786979007107192,67.450756098598802,65.158395524838767,66.478240966796875,5,0,0,2019-07-29,2019-08-02,0,True,True
2019-08-09,66.593997137973489,67.828945008806002,65.181570586550166,67.350410461425781,5,0,0,2019-08-05,2019-08-09,0,True,True
2019-08-16,67.389007039304573,68.080824721355427,66.695198594792615,67.878433227539062,5,0,0,2019-08-12,2019-08-16,0,True,True
2019-08-23,67.886197446791542,69.116103315948436,67.341301766615857,67.652671813964844,5,0,0,2019-08-19,2019-08-23,0,True,True
2019-08-30,67.932924699712444,69.365189108669412,67.582636972246775,69.20172119140625,5,0,0,2019-08-26,2019-08-30,0,True,True
2019-09-06,69.20174495560488,71.287911746379379,69.022705210135143,70.945404052734375,4,0,0,2019-09-03,2019-09-06,0,True,True
2019-09-13,70.595131887131288,70.735221761184818,68.952651755491146,69.910110473632812,5,0,0,2019-09-09,2019-09-13,0,True,True
2019-09-20,69.972371920444857,72.027401238505576,69.653221902847534,71.92620849609375,5,0,0,2019-09-16,2019-09-20,0,True,True
2019-09-27,72.6034310783606,73.918974702788546,71.996262753581902,73.654312133789062,5,0,0,2019-09-23,2019-09-27,0,True,True
2019-10-04,73.724371559463222,73.926763010028154,71.933989088885568,73.280685424804688,5,0,0,2019-09-30,2019-10-04,0,True,True
2019-10-11,73.054920108994736,73.257311537863245,71.560366730598858,71.786109924316406,5,0,0,2019-10-07,2019-10-11,0,True,True
2019-10-18,71.879513851226591,71.879513851226591,70.260387933337952,71.21783447265625,5,0,0,2019-10-14,2019-10-18,0,True,True
2019-10-25,71.342413809273012,73.895624805939306,71.225649262048719,72.642364501953125,5,0,0,2019-10-21,2019-10-25,0,True,True
2019-11-01,72.33099300417787,72.564522051374723,70.571763962319125,70.929824829101562,5,0,0,2019-10-28,2019-11-01,0,True,True
2019-11-08,70.696324165799709,70.883143884288614,67.403587319117349,68.438888549804688,5,0,0,2019-11-04,2019-11-08,0,True,True
2019-11-15,68.431117405808934,68.920562577876268,67.59380462878741,68.873458862304688,5,0,0,2019-11-11,2019-11-15,0,True,True
2019-11-22,69.077563780288301,69.603559568350946,67.271936025207665,67.664466857910156,5,0,0,2019-11-18,2019-11-22,0,True,True
2019-11-29,67.593793667679009,68.912716595321257,67.256216984517664,68.214012145996094,4,0,0,2019-11-25,2019-11-29,0,True,True
2019-12-06,67.907831611108691,68.449508560573904,67.099219083199557,68.135482788085938,5,0,0,2019-12-02,2019-12-06,0,True,True
2019-12-13,68.143352271258593,69.163914033899587,67.766520051294165,68.951950073242188,5,0,0,2019-12-09,2019-12-13,0,True,True
2019-12-20,69.124679875995881,71.550514321887519,68.685041284208069,71.150131225585938,5,0,0,2019-12-16,2019-12-20,0,True,True
2019-12-27,71.314989573804525,71.519107257445484,69.996096934819292,70.60845947265625,4,0,0,2019-12-23,2019-12-27,0,True,True
2020-01-03,70.420018288731583,71.165827542209669,69.446535192565449,69.579994201660156,4,0,0,2019-12-30,2020-01-03,0,True,True
2020-01-10,69.611420128460949,69.917593715054849,68.056985793428666,68.685050964355469,5,0,0,2020-01-06,2020-01-10,0,True,True
2020-01-17,68.669335654968933,70.985274963626253,68.402420816255159,70.843963623046875,5,0,0,2020-01-13,2020-01-17,0,True,True
2020-01-24,70.946024150697525,73.575958371945092,70.56133962601649,73.489601135253906,4,0,0,2020-01-21,2020-01-24,0,True,True
2020-01-31,73.568110675801179,74.659350483739587,73.112773579268548,73.795783996582031,5,0,0,2020-01-27,2020-01-31,0,True,True
2020-02-07,73.921405096749041,74.047011841526029,72.366969191458992,72.8380126953125,5,0,0,2020-02-03,2020-02-07,0,True,True
2020-02-14,72.861554519963079,74.172630006236218,72.406227070124331,74.031318664550781,5,0,0,2020-02-10,2020-02-14,0,True,True
2020-02-21,74.177729360200487,74.913809592780169,70.655633107732129,71.375885009765625,4,0,0,2020-02-18,2020-02-21,0,True,True
2020-02-28,70.806018406797634,71.336310192717136,61.577334150335211,62.384643554687493,5,0,0,2020-02-24,2020-02-28,0,True,True
2020-03-06,62.994074748037754,70.046207917575458,62.748717161955454,69.571319580078125,5,0,0,2020-03-02,2020-03-06,0,True,True
2020-03-13,67.711332784360366,72.444385046372915,62.075967286636462,69.705863952636719,5,0,0,2020-03-09,2020-03-13,0,True,True
2020-03-20,65.416027308962228,74.897986567976346,56.250650501491819,57.453701019287102,5,0,0,2020-03-16,2020-03-20,0,True,True
2020-03-27,57.382482220941895,63.096992193536977,49.095659339559319,61.656494140625,5,0,0,2020-03-23,2020-03-27,0,True,True
2020-04-03,63.096967338331694,64.181294180268637,59.559057028077078,61.656494140625,5,0,0,2020-03-30,2020-04-03,0,True,True
2020-04-10,63.880551016600641,70.734809676983218,62.938703813495906,69.602989196777344,4,0,0,2020-04-06,2020-04-09,0,True,True
2020-04-17,68.209957911169411,71.233431878262252,66.539929455437573,70.885177612304688,5,0,0,2020-04-13,2020-04-17,0,True,True
2020-04-24,70.410274547711765,70.78227224699279,64.038850265366435,65.408111572265625,5,0,0,2020-04-20,2020-04-24,0,True,True
2020-05-01,65.58225314331149,68.027917320501942,60.659205032757434,61.142009735107429,5,0,0,2020-04-27,2020-05-01,0,True,True
2020-05-08,60.801680275721004,62.186769761734247,57.683243772485405,58.712173461914062,5,0,0,2020-05-04,2020-05-08,0,True,True
2020-05-15,58.395567916324048,58.680502050771359,55.321551303892328,56.281436920166016,5,0,0,2020-05-11,2020-05-15,0,True,True
2020-05-22,57.60127839262077,59.017110448817526,55.553509058902833,56.137443542480469,5,0,0,2020-05-18,2020-05-22,0,True,True
2020-05-29,56.801363415269797,60.160976135635444,56.441409642497696,60.040988922119134,4,0,0,2020-05-26,2020-05-29,0,True,True
2020-06-05,59.969010331527521,61.024898026386843,59.073102531351815,60.256961822509766,5,0,0,2020-06-01,2020-06-05,0,True,True
2020-06-12,60.312957642884051,62.208732340815736,59.041106602140346,60.296958923339844,5,0,0,2020-06-08,2020-06-12,0,True,True
2020-06-19,59.489056824181496,62.528703166680138,57.145320892333984,57.145320892333984,5,0,0,2020-06-15,2020-06-19,0,True,True
2020-06-26,57.145335047228834,58.137217619476445,55.841485628270405,57.017330169677734,5,0,0,2020-06-22,2020-06-26,0,True,True
2020-07-03,57.401294071603033,59.481058271095883,56.545394332044346,59.041107177734375,4,0,0,2020-06-29,2020-07-02,0,True,True
2020-07-10,59.569045473040468,60.088985983553869,56.001466370622765,57.977226257324219,5,0,0,2020-07-06,2020-07-10,0,True,True
2020-07-17,57.985224596427379,59.289070793887198,57.097340311370232,59.249073028564453,5,0,0,2020-07-13,2020-07-17,0,True,True
2020-07-24,58.889132667879188,62.112734286545198,58.297197323732235,60.456928253173828,5,0,0,2020-07-20,2020-07-24,0,True,True
2020-07-31,60.296963628794536,61.704801589779173,59.265083274339673,61.456813812255859,5,0,0,2020-07-27,2020-07-31,0,True,True
2020-08-07,61.232856515967626,61.344832764794006,58.513179111169414,60.080974578857422,5,0,0,2020-08-03,2020-08-07,0,True,True
2020-08-14,60.744910781224199,61.064868547537486,58.225190541154149,58.817119598388672,5,0,0,2020-08-10,2020-08-14,0,True,True
2020-08-21,59.041096901843126,60.008983035977998,57.528802505625059,58.353179931640625,5,0,0,2020-08-17,2020-08-21,0,True,True
2020-08-28,58.450150564267915,60.195913562593539,56.655927824147305,57.318664550781257,5,0,0,2020-08-24,2020-08-28,0,True,True
2020-09-04,57.068109946558764,59.460442652340696,56.00936108085515,59.032070159912102,5,0,0,2020-08-31,2020-09-04,0,True,True
2020-09-11,58.991661034957801,60.252467233766247,57.932905815246428,58.789604187011719,4,0,0,2020-09-08,2020-09-11,0,True,True
2020-09-18,59.355367684534095,61.868909021417387,58.854271690996264,59.710971832275384,5,0,0,2020-09-14,2020-09-18,0,True,True
2020-09-25,59.266452453797477,61.327410545333855,57.973308704652112,61.238506317138672,5,0,0,2020-09-21,2020-09-25,0,True,True
2020-10-02,61.408227371405445,64.826976109716085,61.028365031966082,64.471359252929688,5,0,0,2020-09-28,2020-10-02,0,True,True
2020-10-09,64.333957246551805,67.01724417477773,63.937933349278758,66.718208312988281,5,0,0,2020-10-05,2020-10-09,0,True,True
2020-10-16,66.637402115465022,67.186989204025892,65.336156131267416,66.031211853027344,5,0,0,2020-10-12,2020-10-16,0,True,True
2020-10-23,66.023141198440896,66.548476460078263,64.511774164078446,65.950401306152344,5,0,0,2020-10-19,2020-10-23,0,True,True
2020-10-30,65.651371362363335,67.825458145872972,62.749858037760582,63.436840057373054,5,0,0,2020-10-26,2020-10-30,0,True,True
2020-11-06,64.1642427870418,66.499975427109888,62.458912889707577,62.879188537597656,5,0,0,2020-11-02,2020-11-06,0,True,True
2020-11-13,64.883563703707765,66.863678006771835,63.727814858316371,65.974639892578125,5,0,0,2020-11-09,2020-11-13,0,True,True
2020-11-20,66.669710482664101,67.055524060981526,62.389389144140146,63.131725311279297,5,0,0,2020-11-16,2020-11-20,0,True,True
2020-11-27,63.286712358139212,64.363549367904938,62.821729039253448,63.441715240478516,4,0,0,2020-11-23,2020-11-27,0,True,True
2020-12-04,63.221468065605791,63.441720764282479,61.190242442916883,61.434967041015625,5,0,0,2020-11-30,2020-12-04,0,True,True
2020-12-11,61.320739123385295,61.720466404844146,59.460809499525361,59.681068420410156,5,0,0,2020-12-07,2020-12-11,0,True,True
2020-12-18,60.080774426056578,60.586542056867962,57.657973266307813,58.0413818359375,5,0,0,2020-12-14,2020-12-18,0,True,True
2020-12-25,57.657966083222277,58.122960291108171,56.515899867219808,57.462184906005859,4,0,0,2020-12-21,2020-12-24,0,True,True
2021-01-01,57.682440255693557,58.995819062233551,57.58455962653975,58.955028533935547,4,0,0,2020-12-28,2020-12-31,0,True,True
2021-01-08,58.955039596800134,59.028461316761913,56.711696685439826,57.046161651611328,5,0,0,2021-01-04,2021-01-08,0,True,True
2021-01-15,56.858532141761785,57.184837745947512,54.590706705537919,56.776943206787109,5,0,0,2021-01-11,2021-01-15,0,True,True
2021-01-22,56.956413734846237,57.250090685743615,55.35753749708271,56.148826599121094,4,0,0,2021-01-19,2021-01-22,0,True,True
2021-01-29,56.042761644262434,59.623968665885045,55.985658640092574,57.739566802978516,5,0,0,2021-01-25,2021-01-29,0,True,True
2021-02-05,57.739548274666369,58.767414389785095,56.711687926746421,58.326904296875,5,0,0,2021-02-01,2021-02-05,0,True,True
2021-02-12,58.55531467254297,59.077399296282728,57.48665781482844,57.967952728271484,5,0,0,2021-02-08,2021-02-12,0,True,True
2021-02-19,57.947341172650425,58.161793625263819,56.033921447695569,56.231861114501946,4,0,0,2021-02-16,2021-02-19,0,True,True
2021-02-26,55.877207495731263,56.660723395094152,54.070994222640003,54.145225524902344,5,0,0,2021-02-22,2021-02-26,0,True,True
2021-03-05,54.541106515975187,56.932891207167856,54.48337385349128,56.330829620361328,5,0,0,2021-03-01,2021-03-05,0,True,True
2021-03-12,56.759695724067832,58.86283547158007,56.355567130979601,58.508190155029297,5,0,0,2021-03-08,2021-03-12,0,True,True
2021-03-19,58.772105549891712,60.14943813940215,58.739111879621575,59.629833221435554,5,0,0,2021-03-15,2021-03-19,0,True,True
2021-03-26,59.225725753872574,61.642267405277764,58.895828391084386,61.394817352294922,5,0,0,2021-03-22,2021-03-26,0,True,True
2021-04-02,61.394833830153033,62.722691389222611,60.883481874170684,61.2711181640625,4,0,0,2021-03-29,2021-04-01,0,True,True
2021-04-09,61.361829353865112,62.739197390455701,61.328838368619856,61.996894836425774,5,0,0,2021-04-05,2021-04-09,0,True,True
2021-04-16,62.14535095173234,64.726837980457603,61.708234012641121,64.504150390625,5,0,0,2021-04-12,2021-04-16,0,True,True
2021-04-23,64.726851209338093,65.815517984723485,63.82786650694802,63.877349853515625,5,0,0,2021-04-19,2021-04-23,0,True,True
2021-04-30,63.877336601530828,64.025792902823838,62.532982895661547,63.844352722167969,5,0,0,2021-04-26,2021-04-30,0,True,True
2021-05-07,63.918574538644869,66.087684588967647,62.75567432085775,64.405181884765625,5,0,0,2021-05-03,2021-05-07,0,True,True
2021-05-14,64.660872056661518,66.335125740189412,64.025816463671688,65.130973815917969,5,0,0,2021-05-10,2021-05-14,0,True,True
2021-05-21,65.221692456428187,66.086652531198013,64.237522897075223,65.770149230957031,5,0,0,2021-05-17,2021-05-21,0,True,True
2021-05-28,65.945076226405774,66.09500844972429,63.729401987115743,64.33746337890625,5,0,0,2021-05-24,2021-05-28,0,True,True
2021-06-04,64.520716065087854,64.787259988023095,63.537826079213403,64.33746337890625,4,0,0,2021-06-01,2021-06-04,0,True,True
2021-06-11,64.479067819405117,64.595681043959658,63.479527512018386,64.329132080078125,5,0,0,2021-06-07,2021-06-11,0,True,True
2021-06-18,64.295822753310446,65.378660849083687,61.955211264089897,62.046836853027344,5,0,0,2021-06-14,2021-06-18,0,True,True
2021-06-25,62.155125260140878,62.788167933174229,60.839067818604697,61.530422210693359,5,0,0,2021-06-21,2021-06-25,0,True,True
2021-07-02,61.53041221012711,61.913570897435989,59.281422137799908,60.364269256591797,5,0,0,2021-06-28,2021-07-02,0,True,True
2021-07-09,60.289293343612805,61.763637724206582,59.614601684718565,61.055625915527344,4,0,0,2021-07-06,2021-07-09,0,True,True
2021-07-16,60.997320361504435,62.688195310231585,60.031084717803118,62.413318634033203,5,0,0,2021-07-12,2021-07-16,0,True,True
2021-07-23,62.330053894151746,63.013077065619456,60.3392784298088,61.788631439208984,5,0,0,2021-07-19,2021-07-23,0,True,True
2021-07-30,61.838607508650206,63.054709692569283,61.163904076955809,61.447116851806641,5,0,0,2021-07-26,2021-07-30,0,True,True
2021-08-06,61.613706659286549,63.562809080704632,61.58038139629577,62.904773712158203,5,0,0,2021-08-02,2021-08-06,0,True,True
2021-08-13,63.129684750503088,64.978845890750918,62.771513707087706,64.753944396972656,5,0,0,2021-08-09,2021-08-13,0,True,True
2021-08-20,64.903872323530422,65.603558046388443,63.996737514167407,64.737068176269531,5,0,0,2021-08-16,2021-08-20,0,True,True
2021-08-27,64.73706330127699,64.73706330127699,62.650681428702072,63.634990692138672,5,0,0,2021-08-23,2021-08-27,0,True,True
2021-09-03,63.702280849379648,64.938999752507783,63.29847381635777,64.190254211425781,5,0,0,2021-08-30,2021-09-03,0,True,True
2021-09-10,64.215476190587069,64.821224544110066,62.810520614090542,62.835758209228516,4,0,0,2021-09-07,2021-09-10,0,True,True
2021-09-17,63.391018060158871,63.71071144937094,61.355101573053908,61.472881317138672,5,0,0,2021-09-13,2021-09-17,0,True,True
2021-09-24,61.489697530672096,62.566550873828632,61.136346110078399,61.413997650146484,5,0,0,2021-09-20,2021-09-24,0,True,True
2021-10-01,61.657957833339154,62.398288476904526,60.185700347887725,60.236175537109375,5,0,0,2021-09-27,2021-10-01,0,True,True
2021-10-08,60.194115469000977,63.348955864288122,60.168871455688027,61.80938720703125,5,0,0,2021-10-04,2021-10-08,0,True,True
2021-10-15,63.668633069619531,64.400555445654518,62.044944341910565,62.650691986083984,5,0,0,2021-10-11,2021-10-15,0,True,True
2021-10-22,61.405584391319181,64.215463385046107,60.614778356989383,64.0135498046875,5,0,0,2021-10-18,2021-10-22,0,True,True
2021-10-29,63.853720518153168,64.602466924034616,63.239568407595023,63.433067321777351,5,0,0,2021-10-25,2021-10-29,0,True,True
2021-11-05,63.43309723804915,66.285036869130039,63.20594595259692,65.797088623046875,5,0,0,2021-11-01,2021-11-05,0,True,True
2021-11-12,65.620441152269251,66.158852525060283,64.568831518418776,64.905349731445312,5,0,0,2021-11-08,2021-11-12,0,True,True
2021-11-19,65.368056603456395,66.671792457856981,64.930029732035635,66.297966003417969,5,0,0,2021-11-15,2021-11-19,0,True,True
2021-11-26,66.195996035399205,67.878298591899224,65.932601076723245,66.841728210449219,4,0,0,2021-11-22,2021-11-26,0,True,True
2021-12-03,67.147608255217477,68.447569369883254,65.847649786329981,68.422080993652344,5,0,0,2021-11-29,2021-12-03,0,True,True
2021-12-10,68.821414486959085,70.342275402274453,68.354093704463807,70.189338684082031,5,0,0,2021-12-06,2021-12-10,0,True,True
2021-12-17,70.112852689271563,72.406923538231638,70.010899219603004,71.217422485351562,5,0,0,2021-12-13,2021-12-17,0,True,True
2021-12-24,70.716115466936287,71.905641460689708,70.231816985504707,71.174919128417969,4,0,0,2021-12-20,2021-12-23,0,True,True
2021-12-31,70.988001103849797,72.72979775770024,70.78408118055421,72.491897583007812,5,0,0,2021-12-27,2021-12-31,0,True,True
2022-01-07,72.517375355908584,73.282067311679697,71.387343209090417,72.78924560546875,5,0,0,2022-01-03,2022-01-07,0,True,True
2022-01-14,72.85721663971151,73.22256504075331,69.75601866505751,70.962501525878906,5,0,0,2022-01-10,2022-01-14,0,True,True
2022-01-21,70.35926982793346,71.13245056188488,69.118785918242935,70.231826782226562,4,0,0,2022-01-18,2022-01-21,0,True,True
2022-01-28,70.095881317920941,71.999070801056646,68.065225395900327,71.905609130859375,5,0,0,2022-01-24,2022-01-28,0,True,True
2022-02-04,72.21999503317133,74.488557388493774,71.727198217194854,73.146110534667969,5,0,0,2022-01-31,2022-02-04,0,True,True
2022-02-11,73.248060216756684,74.072221989747575,71.157925836962931,71.59124755859375,5,0,0,2022-02-07,2022-02-11,0,True,True
2022-02-18,71.684725567724186,72.742255324364038,68.71913962056064,72.579269409179688,5,0,0,2022-02-14,2022-02-18,0,True,True
2022-02-25,72.673630467588552,74.054714332966924,69.945798775532452,73.720169067382812,4,0,0,2022-02-22,2022-02-25,0,True,True
2022-03-04,72.99102991709394,77.117089667711838,72.321928193550818,77.099929809570312,5,0,0,2022-02-28,2022-03-04,0,True,True
2022-03-11,77.134255954803081,78.043549496715926,75.504424585799754,76.63671875,5,0,0,2022-03-07,2022-03-11,0,True,True
2022-03-18,77.237187151128808,77.897711518864384,75.573045811157243,76.087730407714844,5,0,0,2022-03-14,2022-03-18,0,True,True
2022-03-25,76.51661534831095,79.733406268573276,75.873277882511374,79.501800537109375,5,0,0,2022-03-21,2022-03-25,0,True,True
2022-04-01,79.630479419215547,82.444091796875,78.704043332991702,82.444091796875,5,0,0,2022-03-28,2022-04-01,0,True,True
2022-04-08,82.109541961389013,84.622927960682375,80.625528365296844,83.988143920898438,5,0,0,2022-04-04,2022-04-08,0,True,True
2022-04-15,83.319056136375792,84.571458699025797,82.092378129201265,84.091087341308594,4,0,0,2022-04-11,2022-04-14,0,True,True
2022-04-22,84.408468157959575,85.111869272661366,82.632819143559189,82.770065307617188,5,0,0,2022-04-18,2022-04-22,0,True,True
2022-04-29,83.216112718357763,83.482046609444026,79.450350697885767,79.55328369140625,5,0,0,2022-04-25,2022-04-29,0,True,True
2022-05-06,80.299572561059932,81.03727587020289,78.017795446589787,80.616950988769531,5,0,0,2022-05-02,2022-05-06,0,True,True
2022-05-13,80.110845626269921,82.366888872170236,78.909916645403385,81.835044860839844,5,0,0,2022-05-09,2022-05-13,0,True,True
2022-05-20,82.092396188538032,83.385980156287687,80.49686636605071,82.875633239746094,5,0,0,2022-05-16,2022-05-20,0,True,True
2022-05-27,84.294226466854454,87.468784878926442,83.472479310305246,87.001693725585938,5,0,0,2022-05-23,2022-05-27,0,True,True
2022-06-03,86.309683183551059,86.811384675800383,83.714680443576825,84.692146301269531,4,0,0,2022-05-31,2022-06-03,0,True,True
2022-06-10,85.115978399970132,85.84257503658857,80.462301832466451,82.304756164550781,5,0,0,2022-06-06,2022-06-10,0,True,True
2022-06-17,81.517604107624777,82.002008630623962,74.467840973259626,75.151191711425781,5,0,0,2022-06-13,2022-06-17,0,True,True
2022-06-24,75.151184361359398,80.600687526861748,74.95223809214859,80.384437561035156,4,0,0,2022-06-21,2022-06-24,0,True,True
2022-07-01,80.090338979968266,84.34612533858342,79.796242176527045,84.112571716308594,5,0,0,2022-06-27,2022-07-01,0,True,True
2022-07-08,84.077994480007703,84.164499756585343,78.593897835598526,79.554039001464844,4,0,0,2022-07-05,2022-07-08,0,True,True
2022-07-15,79.138835646057956,81.240774523327133,78.4641323612246,80.790992736816406,5,0,0,2022-07-11,2022-07-15,0,True,True
2022-07-22,80.444985635872129,80.721785322470168,77.668331670758747,79.960586547851562,5,0,0,2022-07-18,2022-07-22,0,True,True
2022-07-29,79.68378848223449,86.29237727493161,79.53673349231083,85.868522644042969,5,0,0,2022-07-25,2022-07-29,0,True,True
2022-08-05,85.660932424121583,86.058831555454375,82.5382825363846,84.0693359375,5,0,0,2022-08-01,2022-08-05,0,True,True
2022-08-12,84.5537342516904,86.257786261654147,84.510481619975792,85.730148315429688,5,0,0,2022-08-08,2022-08-12,0,True,True
2022-08-19,85.816637774007532,88.555607726466874,85.539838074864903,87.666305541992188,5,0,0,2022-08-15,2022-08-19,0,True,True
2022-08-26,87.404736582903212,87.709888946344336,85.390730204161926,85.905128479003906,5,0,0,2022-08-22,2022-08-26,0,True,True
2022-09-02,85.608691344605845,87.709889387549225,84.954790571492325,85.861534118652344,5,0,0,2022-08-29,2022-09-02,0,True,True
2022-09-09,85.948726615731559,88.494572716024933,85.007107824925583,87.927848815917969,4,0,0,2022-09-06,2022-09-09,0,True,True
2022-09-16,88.032484251851542,89.113598355990405,84.780412081274804,84.928634643554688,5,0,0,2022-09-12,2022-09-16,0,True,True
2022-09-23,84.70192603822818,86.375925806804801,82.190945268595627,83.237190246582031,5,0,0,2022-09-19,2022-09-23,0,True,True
2022-09-30,82.923328356680003,83.071544252937201,74.501078843283381,74.7713623046875,5,0,0,2022-09-26,2022-09-30,0,True,True
2022-10-07,76.079169107952438,77.962399676625424,70.778212382314251,71.126960754394531,5,0,0,2022-10-03,2022-10-07,0,True,True
2022-10-14,71.126979254173236,72.591708201530082,68.092865088366182,71.414688110351562,5,0,0,2022-10-10,2022-10-14,0,True,True
2022-10-21,72.3911668277008,74.466208738303123,72.112162422275787,73.995399475097656,5,0,0,2022-10-17,2022-10-21,0,True,True
2022-10-28,74.518549233525491,77.151567093848911,73.53333426580194,77.116691589355469,5,0,0,2022-10-24,2022-10-28,0,True,True
2022-11-04,77.116689289800121,78.581440370946581,75.808901954989679,78.502975463867188,5,0,0,2022-10-31,2022-11-04,0,True,True
2022-11-11,78.424496417084768,79.488198730413941,75.843768840980758,77.700859069824219,5,0,0,2022-11-07,2022-11-11,0,True,True
2022-11-18,77.962414185997702,82.308555514802251,77.883949279785156,82.273368835449219,5,0,0,2022-11-14,2022-11-18,0,True,True
2022-11-25,82.449313615455026,85.888721621684866,82.273380194399877,85.765571594238281,4,0,0,2022-11-21,2022-11-25,0,True,True
2022-12-02,85.334562508118438,87.604039679459476,83.935905517961416,85.633628845214844,5,0,0,2022-11-28,2022-12-02,0,True,True
2022-12-09,84.91231533318674,86.548470483095883,84.718787280345907,84.912307739257812,5,0,0,2022-12-05,2022-12-09,0,True,True
2022-12-16,85.484082299449952,87.938304093893265,82.897923884303935,83.715995788574219,5,0,0,2022-12-12,2022-12-16,0,True,True
2022-12-23,83.663219356378377,84.736389675879209,82.484498813004294,84.314170837402344,5,0,0,2022-12-19,2022-12-23,0,True,True
2022-12-30,84.481302143736599,85.554460481103035,83.170622618618623,83.839149475097656,4,0,0,2022-12-27,2022-12-30,0,True,True
2023-01-06,83.971096214088391,86.266968166776223,82.62523746764019,86.055854797363281,4,0,0,2023-01-03,2023-01-06,0,True,True
2023-01-13,85.158609332305474,87.137819927610579,84.534066842525249,84.877128601074219,5,0,0,2023-01-09,2023-01-13,0,True,True
2023-01-20,84.947510297373839,85.211407081147016,80.399734724223549,82.502090454101562,4,0,0,2023-01-17,2023-01-20,0,True,True
2023-01-27,82.36133649985824,83.891926192176186,81.569670652032443,83.487289428710938,5,0,0,2023-01-23,2023-01-27,0,True,True
2023-02-03,83.487285464162483,84.586861382939375,80.830771677200971,81.74560546875,5,0,0,2023-01-30,2023-02-03,0,True,True
2023-02-10,81.508084647674124,82.387731544137651,79.238595968161249,81.244194030761719,5,0,0,2023-02-06,2023-02-10,0,True,True
2023-02-17,81.270582368560312,82.811461071190408,79.457127211001804,82.749343872070312,5,0,0,2023-02-13,2023-02-17,0,True,True
2023-02-24,82.438765563316949,83.015579031606123,80.051679348910426,80.983444213867188,4,0,0,2023-02-21,2023-02-24,0,True,True
2023-03-03,81.569107988248831,82.216907420795138,77.229766061408554,80.477630615234375,5,0,0,2023-02-27,2023-03-03,0,True,True
2023-03-10,80.530872217254654,82.589628536458932,80.069424998025895,80.415496826171875,5,0,0,2023-03-06,2023-03-10,0,True,True
2023-03-17,80.459888806704058,86.281177411272594,80.362275074970384,84.861328125,5,0,0,2023-03-13,2023-03-17,0,True,True
2023-03-24,85.127560040828271,86.369910854675581,80.805947032711117,84.364395141601562,5,0,0,2023-03-20,2023-03-24,0,True,True
2023-03-31,84.674982268860447,85.021064767676663,83.477013365590409,84.896835327148438,5,0,0,2023-03-27,2023-03-31,0,True,True
2023-04-07,84.515258970415886,88.162432500630956,83.778728348086503,87.825225830078125,4,0,0,2023-04-03,2023-04-06,0,True,True
2023-04-14,87.630008275366919,88.499655969417589,85.624499339761471,85.793106079101562,5,0,0,2023-04-10,2023-04-14,0,True,True
2023-04-21,86.165802253784065,88.517384469637292,85.943954149747412,87.887336730957031,5,0,0,2023-04-17,2023-04-21,0,True,True
2023-04-28,88.02932889149541,89.555648881696442,86.866841544557431,87.38153076171875,5,0,0,2023-04-24,2023-04-28,0,True,True
2023-05-05,87.346043353988264,89.129709106167468,86.716000972658449,88.28668212890625,5,0,0,2023-05-01,2023-05-05,0,True,True
2023-05-12,88.153559756039058,89.023207306585761,87.1863052679346,88.313301086425781,5,0,0,2023-05-08,2023-05-12,0,True,True
2023-05-19,88.597274348741195,88.739260415134183,84.831423469834149,85.171424865722656,5,0,0,2023-05-15,2023-05-19,0,True,True
2023-05-26,85.31457881046326,85.869327358260392,82.514028162953963,82.934562683105469,5,0,0,2023-05-22,2023-05-26,0,True,True
2023-06-02,82.836113273133279,83.874034544347111,80.992935034071593,82.102432250976562,4,0,0,2023-05-30,2023-06-02,0,True,True
2023-06-09,82.156115774839748,84.330362157618751,81.556634811377066,83.650344848632812,5,0,0,2023-06-05,2023-06-09,0,True,True
2023-06-16,83.838235840435473,84.24088894935241,81.878733867541882,83.185081481933594,5,0,0,2023-06-12,2023-06-16,0,True,True
2023-06-23,83.301386012222579,83.712991096429192,80.89451826569875,81.189781188964844,4,0,0,2023-06-20,2023-06-23,0,True,True
2023-06-30,81.449263179663618,82.621390304592893,79.91922588129502,80.885566711425781,5,0,0,2023-06-26,2023-06-30,0,True,True
2023-07-07,80.706603394769644,83.614555111708214,80.384492225539901,82.344001770019531,4,0,0,2023-07-03,2023-07-07,0,True,True
2023-07-14,82.147164067727189,83.927727196237811,81.386626370660153,83.28350830078125,5,0,0,2023-07-10,2023-07-14,0,True,True
2023-07-21,83.13138828918612,87.542514794335375,81.619251035134084,86.907241821289062,5,0,0,2023-07-17,2023-07-21,0,True,True
2023-07-28,87.068297421949723,88.446217753275491,84.94774259932781,85.574066162109375,5,0,0,2023-07-24,2023-07-28,0,True,True
2023-08-04,85.833528428063701,85.914052802109182,79.364479195004336,79.9102783203125,5,0,0,2023-07-31,2023-08-04,0,True,True
2023-08-11,80.465031776932122,82.254535765224659,80.402399422330845,81.270309448242188,5,0,0,2023-08-07,2023-08-11,0,True,True
2023-08-18,81.028731717660477,81.20768619756916,78.878936013885834,80.648643493652344,5,0,0,2023-08-14,2023-08-18,0,True,True
2023-08-25,80.404850315091323,82.355153877537418,79.456783663617927,81.154273986816406,5,0,0,2023-08-21,2023-08-25,0,True,True
2023-09-01,81.100092097021232,81.912719675468324,78.80668227170915,79.772804260253906,5,0,0,2023-08-28,2023-09-01,0,True,True
2023-09-08,79.565125637200282,80.829211143892209,77.840558196123425,80.585426330566406,4,0,0,2023-09-05,2023-09-08,0,True,True
2023-09-15,80.034660287765178,84.043614485652384,80.034660287765178,82.60797119140625,5,0,0,2023-09-11,2023-09-15,0,True,True
2023-09-22,82.499617829976856,83.366404959096073,81.307779412379716,82.012054443359375,5,0,0,2023-09-18,2023-09-22,0,True,True
2023-09-29,81.307773242372448,81.786318707174217,76.62163190113624,77.226577758789062,5,0,0,2023-09-25,2023-09-29,0,True,True
2023-10-06,76.766082570917661,78.156591963147633,72.648797716155855,77.96697998046875,5,0,0,2023-10-02,2023-10-06,0,True,True
2023-10-13,77.957939198718535,80.188151991729654,77.957939198718535,79.474845886230469,5,0,0,2023-10-09,2023-10-13,0,True,True
2023-10-20,76.883474772619252,80.802127477188023,76.883474772619252,78.608039855957031,5,0,0,2023-10-16,2023-10-20,0,True,True
2023-10-27,77.966986858943415,81.352915024428853,77.533589971361508,78.978233337402344,5,0,0,2023-10-23,2023-10-27,0,True,True
2023-11-03,79.24912199744972,84.215163559043148,78.364266079264397,81.325828552246094,5,0,0,2023-10-30,2023-11-03,0,True,True
2023-11-10,82.021077291723486,82.210696155707268,79.420660619833114,80.675727844238281,5,0,0,2023-11-06,2023-11-10,0,True,True
2023-11-17,80.58544377701034,83.891587652175474,79.447764994846608,83.253692626953125,5,0,0,2023-11-13,2023-11-17,0,True,True
2023-11-24,82.925645704820468,83.162578067804475,81.932363835199922,82.889198303222656,4,0,0,2023-11-20,2023-11-24,0,True,True
2023-12-01,82.934759400595524,83.545310974121094,81.422048605201468,83.545310974121094,5,0,0,2023-11-27,2023-12-01,0,True,True
2023-12-08,82.980314834250791,84.893977617761536,82.652256797918511,83.426841735839844,5,0,0,2023-12-04,2023-12-08,0,True,True
2023-12-15,83.153462044240854,86.206211664101147,81.303572254988993,81.877670288085938,5,0,0,2023-12-11,2023-12-15,0,True,True
2023-12-22,82.11460648694775,82.716041556776176,80.738588388482782,81.722770690917969,5,0,0,2023-12-18,2023-12-22,0,True,True
2023-12-29,81.476727612095658,82.92563718065486,81.403824277677458,82.898300170898438,4,0,0,2023-12-26,2023-12-29,0,True,True
2024-01-05,82.652254045187775,85.668558277062758,82.524676696690207,85.222030639648438,4,0,0,2024-01-02,2024-01-05,0,True,True
2024-01-12,85.121802505576383,86.37023348097614,82.989428625142281,83.490638732910156,5,0,0,2024-01-08,2024-01-12,0,True,True
2024-01-19,83.299258559592019,84.301654945546332,80.948172143865548,81.88677978515625,4,0,0,2024-01-16,2024-01-19,0,True,True
2024-01-26,81.886789008644627,82.369761387014762,80.264725931020052,82.0325927734375,5,0,0,2024-01-22,2024-01-26,0,True,True
2024-02-02,82.014370785052009,84.584158271544268,81.631638723308413,83.016769409179688,5,0,0,2024-01-29,2024-02-02,0,True,True
2024-02-09,82.305973309068861,82.843626663228463,80.29207397907399,81.15777587890625,5,0,0,2024-02-05,2024-02-09,0,True,True
2024-02-16,81.176002596566676,81.73391980971526,79.03888933097609,80.317420959472656,5,0,0,2024-02-12,2024-02-16,0,True,True
2024-02-23,80.418599724082398,81.724721309689272,79.774751670938343,80.878501892089844,4,0,0,2024-02-20,2024-02-23,0,True,True
2024-03-01,80.676156289969583,80.722149381529235,78.965317255885552,80.032295227050781,5,0,0,2024-02-26,2024-03-01,0,True,True
2024-03-08,79.618369213716434,83.628723367140267,79.618369213716434,82.892875671386719,5,0,0,2024-03-04,2024-03-08,0,True,True
2024-03-15,82.938859116142922,83.79429495753844,80.979690916769812,81.807502746582031,5,0,0,2024-03-11,2024-03-15,0,True,True
2024-03-22,81.678742069909077,82.97564575035814,81.292423122600894,81.494781494140625,5,0,0,2024-03-18,2024-03-22,0,True,True
2024-03-29,81.632745279430665,83.6103206282759,80.170266617010483,83.527534484863281,4,0,0,2024-03-25,2024-03-28,0,True,True
2024-04-05,83.509146391323014,84.373773586777247,81.761517086409953,82.4605712890625,5,0,0,2024-04-01,2024-04-05,0,True,True
2024-04-12,82.497369258154578,83.849484218798651,80.961294973349979,81.522377014160156,5,0,0,2024-04-08,2024-04-12,0,True,True
2024-04-19,82.580145561098689,85.109614860161457,80.391015543986811,84.410560607910156,5,0,0,2024-04-15,2024-04-19,0,True,True
2024-04-26,84.125414497492244,86.811238946847297,83.932256174704165,85.477523803710938,5,0,0,2024-04-22,2024-04-26,0,True,True
2024-05-03,85.82706793376758,89.000392644855836,85.339570764714622,87.896621704101562,5,0,0,2024-04-29,2024-05-03,0,True,True
2024-05-10,87.970203306848376,90.646853573251263,87.445914417696045,89.865013122558594,5,0,0,2024-05-06,2024-05-10,0,True,True
2024-05-17,89.865008175272223,90.616907241185814,89.076943533248851,90.078849792480469,5,0,0,2024-05-13,2024-05-17,0,True,True
2024-05-24,90.190169520624195,91.015810180874368,86.943253300204447,87.601913452148438,5,0,0,2024-05-20,2024-05-24,0,True,True
2024-05-31,87.416380291136392,88.427560711326635,85.227028755211705,87.713241577148438,4,0,0,2024-05-28,2024-05-31,0,True,True
2024-06-07,87.713237371039767,88.325510103064659,84.410653268378056,84.985824584960938,5,0,0,2024-06-03,2024-06-07,0,True,True
2024-06-14,84.763181313075222,85.997001195897823,83.538632456027358,84.299339294433594,5,0,0,2024-06-10,2024-06-14,0,True,True
2024-06-21,83.854035954889284,84.83737812535314,83.260320003261427,83.807640075683594,4,0,0,2024-06-17,2024-06-21,0,True,True
2024-06-28,83.928253552137761,85.180635697625178,82.119242005396728,82.95416259765625,5,0,0,2024-06-24,2024-06-28,0,True,True
2024-07-05,83.269578556797441,83.566439509250131,82.082155200078347,82.815025329589844,4,0,0,2024-07-01,2024-07-05,0,True,True
2024-07-12,82.824312300561957,85.867121323537162,81.831670129786687,85.523880004882812,5,0,0,2024-07-08,2024-07-12,0,True,True
2024-07-19,85.032206097112535,88.204915661037688,83.659219565984785,87.240104675292969,5,0,0,2024-07-15,2024-07-19,0,True,True
2024-07-26,86.368084167495041,90.746776531485139,86.293867142883528,89.466575622558594,5,0,0,2024-07-22,2024-07-26,0,True,True
2024-08-02,89.642827458764899,98.326028303403874,89.058384359387247,94.466835021972656,5,0,0,2024-07-29,2024-08-02,0,True,True
2024-08-09,95.41307151071058,95.90474688436035,92.036281193734581,93.715400695800781,5,0,0,2024-08-05,2024-08-09,0,True,True
2024-08-16,93.455644075410376,95.208977239755285,92.261207001616953,93.626785278320312,5,0,0,2024-08-12,2024-08-16,0,True,True
2024-08-23,93.813860891904312,94.62759330138519,93.523902938795445,94.094451904296875,5,0,0,2024-08-19,2024-08-23,0,True,True
2024-08-30,94.403119871472484,95.244914387777058,93.000114759798421,94.99237060546875,5,0,0,2024-08-26,2024-08-30,0,True,True
2024-09-06,95.160729925907404,98.481169667205108,94.983021597100674,96.601142883300781,4,0,0,2024-09-03,2024-09-06,0,True,True
2024-09-13,96.70403657549312,98.789821803850472,96.367310496811172,97.798370361328125,5,0,0,2024-09-09,2024-09-13,0,True,True
2024-09-20,98.24732605313865,98.97688425689627,94.421822133023355,96.666610717773438,5,0,0,2024-09-16,2024-09-20,0,True,True
2024-09-27,96.975279541313014,97.826415702177457,95.64710576916849,97.321342468261719,5,0,0,2024-09-23,2024-09-27,0,True,True
2024-10-04,97.676774176865152,98.761768860177966,95.656463582196551,96.479560852050781,5,0,0,2024-09-30,2024-10-04,0,True,True
2024-10-11,96.058649568508997,96.488920452359295,94.412469426362961,95.703224182128906,5,0,0,2024-10-07,2024-10-11,0,True,True
2024-10-18,95.170090941138085,99.865465437243287,94.767897642383332,99.856117248535156,5,0,0,2024-10-14,2024-10-18,0,True,True
2024-10-25,99.884168124009264,100.78208875210485,97.742253082775065,97.835784912109375,5,0,0,2024-10-21,2024-10-25,0,True,True
2024-11-01,98.191207991681139,98.565335279061401,93.131063242238596,93.533256530761719,5,0,0,2024-10-28,2024-11-01,0,True,True
2024-11-08,93.056237499954491,94.038339575118314,90.951743325567406,91.7841796875,5,0,0,2024-11-04,2024-11-08,0,True,True
2024-11-15,91.316518593033678,92.56986797985904,89.519375875345574,90.981651306152344,5,0,0,2024-11-11,2024-11-15,0,True,True
2024-11-22,90.604290325399802,93.632618574023041,89.925044777215206,92.792991638183594,5,0,0,2024-11-18,2024-11-22,0,True,True
2024-11-29,92.887318941605884,96.840189075451534,92.623167650140857,94.896774291992188,4,0,0,2024-11-25,2024-11-29,0,True,True
2024-12-06,95.132620530179352,95.132620530179352,88.98163782727093,89.453338623046875,5,0,0,2024-12-02,2024-12-06,0,True,True
2024-12-13,89.283527987816129,90.019380093595316,86.887290346912309,87.443901062011719,5,0,0,2024-12-09,2024-12-13,0,True,True
2024-12-20,87.330694924981913,87.623147148232306,83.368414990956467,84.934440612792969,5,0,0,2024-12-16,2024-12-20,0,True,True
2024-12-27,84.802367614850141,85.02878588583539,83.764627314354229,84.491043090820312,4,0,0,2024-12-23,2024-12-27,0,True,True
2025-01-03,84.406137785027497,84.991054201376912,83.406134445788098,84.189163208007812,4,0,0,2024-12-30,2025-01-03,0,True,True
2025-01-10,83.434453667586595,84.123110925098771,82.566509580991834,83.160850524902344,4,0,0,2025-01-06,2025-01-10,0,True,True
2025-01-17,83.368414561181865,88.519376178993596,82.340102919294125,88.349563598632812,5,0,0,2025-01-13,2025-01-17,0,True,True
2025-01-24,88.557119703933466,89.585424096679887,85.236332689455978,85.472183227539062,4,0,0,2025-01-21,2025-01-24,0,True,True
2025-01-31,86.755204248732213,90.632585131325868,86.575955653951183,88.434455871582031,5,0,0,2025-01-27,2025-01-31,0,True,True
2025-02-07,88.434469129696168,90.981661886456749,88.340129661674808,90.642021179199219,5,0,0,2025-02-03,2025-02-07,0,True,True
2025-02-14,90.566565640961471,91.349590800485771,88.226924111952471,89.547676086425781,5,0,0,2025-02-10,2025-02-14,0,True,True
2025-02-21,89.425040571855362,94.556839921792388,89.189190166464115,93.528846740722656,4,0,0,2025-02-18,2025-02-21,0,True,True
2025-02-28,94.052357620538928,97.041169851058385,93.566919032070189,96.631866455078125,5,0,0,2025-02-24,2025-02-28,0,True,True
2025-03-07,96.022694554947307,100.76290950362059,94.204654172298007,98.649795532226562,5,0,0,2025-03-03,2025-03-07,0,True,True
2025-03-14,99.258974579374637,102.77130544643339,97.01260347384941,101.28642272949219,5,0,0,2025-03-10,2025-03-14,0,True,True
2025-03-21,101.28643295120827,104.09439715461534,100.85809579387417,102.60951232910156,5,0,0,2025-03-17,2025-03-21,0,True,True
2025-03-28,102.05742416203373,104.17053658700516,99.57310013968025,103.53279113769531,5,0,0,2025-03-24,2025-03-28,0,True,True
2025-04-04,104.33234247746863,109.3390785461432,102.91408714247208,104.05630493164062,5,0,0,2025-03-31,2025-04-04,0,True,True
2025-04-11,101.88608468953585,105.31273756881664,98.307117517106576,104.55125427246094,5,0,0,2025-04-07,2025-04-11,0,True,True
2025-04-18,104.01823265193018,107.94938287025842,103.65653203741103,106.70245361328125,4,0,0,2025-04-14,2025-04-17,0,True,True
2025-04-25,106.50256911616202,108.09215672470856,104.46558928837123,105.13188171386719,5,0,0,2025-04-21,2025-04-25,0,True,True
2025-05-02,104.95105413260239,107.9969638942532,103.6184617774281,104.73211669921875,5,0,0,2025-04-28,2025-05-02,0,True,True
2025-05-09,105.02719846503662,106.37883033180233,101.8860935749653,102.49527740478516,5,0,0,2025-05-05,2025-05-09,0,True,True
2025-05-16,100.54398324173643,101.46727954974314,93.865204310359232,100.11457061767578,5,0,0,2025-05-12,2025-05-16,0,True,True
2025-05-23,100.17216582196336,101.8328959225032,98.348233826444101,99.932174682617188,5,0,0,2025-05-19,2025-05-23,0,True,True
2025-05-30,100.09536525806627,100.89213486283545,97.417073013930391,100.30655670166016,4,0,0,2025-05-27,2025-05-30,0,True,True
2025-06-06,99.49058914291895,100.61374437072699,97.033083157625271,97.541862487792969,5,0,0,2025-06-02,2025-06-06,0,True,True
2025-06-13,97.301872824683173,101.06493414967622,96.553102682915821,99.797782897949219,5,0,0,2025-06-09,2025-06-13,0,True,True
2025-06-20,99.836173480560205,100.33535112543026,96.476307172752612,96.927490234375,4,0,0,2025-06-16,2025-06-20,0,True,True
2025-06-27,97.733860354997091,98.367439642819591,93.442816942024336,94.220390319824219,5,0,0,2025-06-23,2025-06-27,0,True,True
2025-07-04,94.873172576736252,97.541865547447117,94.652377800137032,96.293907165527344,4,0,0,2025-06-30,2025-07-03,0,True,True
2025-07-11,96.284308099543935,97.321077186535888,93.980401879330117,96.562698364257812,5,0,0,2025-07-07,2025-07-11,0,True,True
2025-07-18,96.533908719852661,97.887460510995197,95.506743884573979,97.033088684082031,5,0,0,2025-07-14,2025-07-18,0,True,True
2025-07-25,96.994690835212339,100.152959195164,96.965893108599431,98.16583251953125,5,0,0,2025-07-21,2025-07-25,0,True,True
2025-08-01,97.801049041157725,100.89213209198286,96.447504725678712,100.25856018066406,5,0,0,2025-07-28,2025-08-01,0,True,True
2025-08-08,100.26815360277521,101.90970515345167,99.356190163748607,100.29696655273438,5,0,0,2025-08-04,2025-08-08,0,True,True
2025-08-15,100.26816018016339,100.47935327046308,96.915572749151778,97.535026550292969,5,0,0,2025-08-11,2025-08-15,0,True,True
2025-08-22,97.612475799954595,99.770887799423036,96.392918959593985,98.386795043945312,5,0,0,2025-08-18,2025-08-22,0,True,True
2025-08-29,97.912518414424056,98.212564287945568,94.737810104416269,95.076576232910156,5,0,0,2025-08-25,2025-08-29,0,True,True
2025-09-05,95.134655467643213,95.637956358981313,93.450515720545098,94.902359008789062,4,0,0,2025-09-02,2025-09-05,0,True,True
2025-09-12,94.766855260142222,95.39597477897523,93.063350116218174,94.418403625488281,5,0,0,2025-09-08,2025-09-12,0,True,True
2025-09-19,94.466799676858756,94.495835421927339,92.201922506885666,93.237571716308594,5,0,0,2025-09-15,2025-09-19,0,True,True
2025-09-26,93.285964039623309,96.712323764684868,92.889129880522233,96.421958923339844,5,0,0,2025-09-22,2025-09-26,0,True,True
2025-10-03,96.373558044433594,97.525361035914003,94.186108088942532,95.637954711914062,5,0,0,2025-09-29,2025-10-03,0,True,True
2025-10-10,95.502442359867615,99.412754257464215,95.231443449075201,99.10302734375,5,0,0,2025-10-06,2025-10-10,0,True,True
2025-10-17,98.822337490007186,99.828956647568944,96.934940238257781,97.941551208496094,5,0,0,2025-10-13,2025-10-17,0,True,True
2025-10-24,98.454544067382812,99.79023780797516,96.634892003140195,96.828475952148438,5,0,0,2025-10-20,2025-10-24,0,True,True
2025-10-31,96.121902865456377,97.24466756260648,93.024635787289299,94.282905578613281,5,0,0,2025-10-27,2025-10-31,0,True,True
2025-11-07,93.692487700131338,96.673610627454451,92.434217905740667,95.357269287109375,5,0,0,2025-11-03,2025-11-07,0,True,True
2025-11-14,94.912036071597754,99.25789735054444,94.282908540643248,98.396469116210938,5,0,0,2025-11-10,2025-11-14,0,True,True
2025-11-21,98.938488710044979,100.79700800687839,97.156686418399204,97.752021789550781,5,0,0,2025-11-17,2025-11-21,0,True,True
2025-11-28,97.917937299212767,98.464469120354451,96.258798648546403,97.947212219238281,4,0,0,2025-11-24,2025-11-28,0,True,True
2025-12-05,97.342108540260057,97.830087839563916,93.584670154165849,94.277603149414062,5,0,0,2025-12-01,2025-12-05,0,True,True
2025-12-12,94.248326922386866,95.643951101783784,92.677032893711527,95.185249328613281,5,0,0,2025-12-08,2025-12-12,0,True,True
2025-12-19,95.321876414237792,97.917929481751216,95.146203565193488,95.702507019042969,5,0,0,2025-12-15,2025-12-19,0,True,True
2025-12-26,95.155973207566362,97.371391148858734,94.775349910414008,96.912696838378906,4,0,0,2025-12-22,2025-12-26,0,True,True
2026-01-02,97.088371742409748,98.181440731168934,96.151444910155547,97.586105346679688,4,0,0,2025-12-29,2026-01-02,0,True,True
2026-01-09,97.088370248091493,98.835329134388402,94.62895026844383,96.824851989746094,5,0,0,2026-01-05,2026-01-09,0,True,True
2026-01-16,97.185963735322986,101.45089600183962,95.878172107582969,101.31426239013672,5,0,0,2026-01-12,2026-01-16,0,True,True
2026-01-23,101.50945438877524,103.08075668135402,98.815816560015591,101.37282562255859,4,0,0,2026-01-20,2026-01-23,0,True,True
2026-01-30,101.91936622867765,104.28117937768856,101.56801956393394,104.06646728515625,5,0,0,2026-01-26,2026-01-30,0,True,True
2026-02-06,104.66180352695172,107.94102674340415,101.96816301441754,104.7593994140625,5,0,0,2026-02-02,2026-02-06,0,True,True
2026-02-13,104.71060024081309,111.27879843787633,103.54920711130993,110.98601531982422,5,0,0,2026-02-09,2026-02-13,0,True,True
2026-02-20,111.85461958938804,112.47923251919637,107.27424343001994,108.011962890625,4,0,0,2026-02-17,2026-02-20,0,True,True
2026-02-27,109.19231553112239,111.1595673720353,108.10049282015524,110.67758941650391,5,0,0,2026-02-23,2026-02-27,0,True,True
2026-03-06,110.63824914304135,111.88745078611497,108.09065301453992,110.44151306152344,5,0,0,2026-03-02,2026-03-06,0,True,True
2026-03-13,110.69726433506047,113.48092160336154,108.83820599857714,112.99893951416016,5,0,0,2026-03-09,2026-03-13,0,True,True
2026-03-20,113.72683413130541,114.32684766889426,107.03817055504533,107.65785217285156,5,0,0,2026-03-16,2026-03-20,0,True,True
2026-03-27,109.01526308493403,110.25462858570425,106.70374029865016,109.85134124755859,5,0,0,2026-03-23,2026-03-27,0,True,True
2026-04-03,111.01202752036588,113.96289932478868,109.58576764542551,113.53993988037109,4,0,0,2026-03-30,2026-04-02,0,True,True
2026-04-10,112.82189065106959,113.77600953397054,109.24149264416552,111.7005615234375,5,0,0,2026-04-06,2026-04-10,0,True,True
2026-04-17,111.68088368333369,111.86777500257921,106.43816069938811,108.34639739990234,5,0,0,2026-04-13,2026-04-17,0,True,True
2026-04-24,107.85458310299873,109.51690579665356,105.88733032018645,107.27424621582031,5,0,0,2026-04-20,2026-04-24,0,True,True
2026-05-01,107.56933232205178,110.58906093933136,106.29061439704724,108.68082427978516,5,0,0,2026-04-27,2026-05-01,0,True,True
2026-05-08,108.23819776341674,109.50707610809272,102.9069446010881,104.56926727294922,5,0,0,2026-05-04,2026-05-08,0,True,True
2026-05-15,105.19879020555808,106.63542604772137,103.85820057649006,104.50291442871094,5,0,0,2026-05-11,2026-05-15,0,True,True
2026-05-22,105.29641101776737,107.92484753534039,104.74096137183312,107.65704345703125,5,0,0,2026-05-18,2026-05-22,0,True,True
2026-05-29,107.36940429586637,108.35134516325431,104.22519251021902,104.77071380615234,4,0,0,2026-05-26,2026-05-29,0,True,True
2026-06-05,104.14584545217751,106.57590610486987,101.98357752702555,105.39559173583984,5,0,0,2026-06-01,2026-06-05,0,True,True
2026-06-12,104.96908789571388,108.52988492260427,103.20357273740461,106.86354827880859,5,0,0,2026-06-08,2026-06-12,0,True,True
2026-06-19,106.23868111110795,108.34143082049377,104.83023363753333,105.49478149414062,4,0,0,2026-06-15,2026-06-18,0,True,True
2026-06-26,105.60388799560816,111.24759955190653,105.05835911414722,111.14840698242188,5,0,0,2026-06-22,2026-06-26,0,True,True
2026-07-03,110.7417480326271,113.16189099489148,109.45232197589648,113.06270599365234,4,0,0,2026-06-29,2026-07-02,0,True,True
2026-07-10,112.70563540228596,114.32237701119594,109.28370117276137,110.21605682373047,5,0,0,2026-07-06,2026-07-10,0,True,True
2026-07-17,110.70207146746505,114.26285939391128,109.30353765957634,111.45588684082031,5,0,0,2026-07-13,2026-07-17,0,True,True
2026-07-24,111.92206131529645,113.53880519771711,108.51996989303845,112.09068298339844,5,0,0,2026-07-20,2026-07-24,0,True,True
2026-07-31,111.45588957669158,113.64790911990424,107.3396509763504,107.96452331542969,5,0,0,2026-07-27,2026-07-31,0,True,True
2026-08-07,107.41899723028838,108.97622713670559,105.25673454255011,107.10160064697266,5,0,0,2026-08-03,2026-08-07,0,True,True
2026-08-14,106.51640163637792,108.4505327772126,105.03852081476971,107.91493225097656,5,0,0,2026-08-10,2026-08-14,0,True,True
2026-08-21,107.59753252856272,109.79000091552734,106.18000030517578,106.34999847412109,5,0,0,2026-08-17,2026-08-21,0,True,True
2026-08-28,107.51999664306641,108.27999877929688,105.51000213623047,107.48999786376953,5,0,0,2026-08-24,2026-08-28,0,True,True
2026-09-04,106.79000091552734,108.80000305175781,106.37000274658203,107.29000091552734,5,0,0,2026-08-31,2026-09-04,0,True,True
