week,open,high,low,close,source_rows,bad_hlc,bad_ohlc,first_date,last_date,null_rows,valid_hlc,valid_ohlc
2001-01-05,150.19812310253323,150.19812310253323,141.56056213378906,141.56056213378906,2,0,0,2001-01-01,2001-01-05,3,False,False
2001-01-12,139.64112063211292,141.08071532999583,134.36257934570312,136.76193237304688,4,0,0,2001-01-08,2001-01-12,1,True,True
2001-01-19,139.16125717207001,141.56056213378906,133.88270568847656,141.56056213378906,5,0,0,2001-01-15,2001-01-19,0,True,True
2001-01-26,136.76189533067776,140.600830078125,134.84246826171875,135.322265625,5,0,0,2001-01-22,2001-01-26,0,True,True
2001-02-02,136.76193237304688,138.68137444862739,135.322265625,135.322265625,5,0,0,2001-01-29,2001-02-02,0,True,True
2001-02-09,137.72166229265613,139.16125717207001,135.80212046723418,136.76193237304688,5,0,0,2001-02-05,2001-02-09,0,True,True
2001-02-16,140.600830078125,140.600830078125,136.76190649083631,138.68136596679688,4,0,0,2001-02-12,2001-02-16,1,True,True
2001-02-23,139.16123083578699,143.00015664765053,138.68136596679688,141.56056213378906,5,0,0,2001-02-19,2001-02-23,0,True,True
2001-03-02,141.56056859520842,146.35925594032301,141.08070373535156,141.56056213378906,5,0,0,2001-02-26,2001-03-02,0,True,True
2001-03-09,143.95981454988083,148.75858061071688,141.08065433757278,143.95991516113281,5,0,0,2001-03-05,2001-03-09,0,True,True
2001-03-16,143.95981454988083,145.87928905350168,140.12095642089844,140.600830078125,4,0,0,2001-03-12,2001-03-16,1,True,True
2001-03-23,142.5203203588965,148.7585144042969,142.04045542481771,148.7585144042969,4,0,0,2001-03-19,2001-03-23,1,True,True
2001-03-30,148.75852303511465,158.35585021972656,148.412226463503,150.88577270507812,5,0,0,2001-03-26,2001-03-30,0,True,True
2001-04-06,154.34872589367475,155.83287672805906,148.412226463503,152.8646240234375,5,0,0,2001-04-02,2001-04-06,0,True,True
2001-04-13,152.86459641273811,158.30640680940778,150.88577270507812,153.35931396484375,5,0,0,2001-04-09,2001-04-13,0,True,True
2001-04-20,155.83285522460938,165.72700500488281,154.34872077359344,155.83285522460938,5,0,0,2001-04-16,2001-04-20,0,True,True
2001-04-27,158.30642788388508,163.25349596993988,154.34876261986147,162.26408386230469,5,0,0,2001-04-23,2001-04-27,0,True,True
2001-05-04,161.27467175466947,163.25346105168569,155.83285522460938,155.83285522460938,2,0,0,2001-04-30,2001-05-04,3,True,True
2001-05-11,158.80109091263955,158.80109091263955,150.88577270507812,154.34872436523438,5,0,0,2001-05-07,2001-05-11,0,True,True
2001-05-18,154.34872589367475,155.83285522460938,151.87516784667969,152.8646240234375,5,0,0,2001-05-14,2001-05-18,0,True,True
2001-05-25,155.33817071178933,155.33817071178933,150.88577270507812,150.88577270507812,5,0,0,2001-05-21,2001-05-25,0,True,True
2001-06-01,151.38048371343908,152.86456486212461,143.95991516113281,151.38044738769531,5,0,0,2001-05-28,2001-06-01,0,True,True
2001-06-08,147.42280371564485,151.3805322452649,147.42280371564485,147.42286682128906,5,0,0,2001-06-04,2001-06-08,0,True,True
2001-06-15,149.89637756347656,150.88577270507812,147.91752550179152,150.88577270507812,5,0,0,2001-06-11,2001-06-15,0,True,True
2001-06-22,150.88578952761796,155.83285885078558,149.89636085124812,154.34872436523438,5,0,0,2001-06-18,2001-06-22,0,True,True
2001-06-29,155.83285885078558,161.76935418094638,153.85401840571771,156.822265625,5,0,0,2001-06-25,2001-06-29,0,True,True
2001-07-06,159.79046823086802,160.77989259645983,153.35931396484375,153.35931396484375,5,0,0,2001-07-02,2001-07-06,0,True,True
2001-07-13,152.86460800042826,153.35931396484375,148.90694899233318,150.88577270507812,5,0,0,2001-07-09,2001-07-13,0,True,True
2001-07-20,152.36989048582311,153.85403605597699,150.39106677816312,150.88577270507812,4,0,0,2001-07-16,2001-07-20,1,True,True
2001-07-27,150.88577270507812,153.35931396484375,148.90693239041798,153.35931396484375,5,0,0,2001-07-23,2001-07-27,0,True,True
2001-08-03,153.3592854641135,155.83285522460938,151.38048508556324,155.83285522460938,5,0,0,2001-07-30,2001-08-03,0,True,True
2001-08-10,157.31697156828699,158.30638345486099,154.34872077359344,156.822265625,5,0,0,2001-08-06,2001-08-10,0,True,True
2001-08-17,155.33814927660433,158.3063996592966,155.33814927660433,156.32757568359375,5,0,0,2001-08-13,2001-08-17,0,True,True
2001-08-24,157.31701571963052,159.29579534143502,154.8434853089941,156.822265625,4,0,0,2001-08-20,2001-08-24,1,True,True
2001-08-31,157.31698373988328,168.20052346357988,156.82227775832095,157.31698608398438,5,0,0,2001-08-27,2001-08-31,0,True,True
2001-09-07,158.30639806185181,160.28523623625932,155.83282150324081,158.30635070800781,5,0,0,2001-09-03,2001-09-07,0,True,True
2001-09-14,153.35930887758337,156.82226712061944,140.99162568549713,151.38044738769531,5,0,0,2001-09-10,2001-09-14,0,True,True
2001-09-21,151.8751845589081,154.8434646955196,148.41223771368738,152.8646240234375,5,0,0,2001-09-17,2001-09-21,0,True,True
2001-09-28,152.86460292957835,155.83285522460938,150.88577913755822,155.33815002441406,3,0,0,2001-09-24,2001-09-28,2,True,True
2001-10-05,148.90695928627645,156.32757568359375,148.90695928627645,155.33815002441406,5,0,0,2001-10-01,2001-10-05,0,True,True
2001-10-12,156.32757568359375,158.30639806185181,153.8540291069628,158.30635070800781,4,0,0,2001-10-08,2001-10-12,1,True,True
2001-10-19,153.85398598907608,158.30639806185181,153.85398598907608,157.31698608398438,5,0,0,2001-10-15,2001-10-19,0,True,True
2001-10-26,157.31698608398438,160.28520474290809,156.82228009505067,159.2957763671875,5,0,0,2001-10-22,2001-10-26,0,True,True
2001-11-02,158.30636459846559,160.77992248535153,157.31695282974371,157.81172180175778,5,0,0,2001-10-29,2001-11-02,0,True,True
2001-11-09,158.30634684505443,162.26402349672992,158.30634684505443,159.79051208496094,4,0,0,2001-11-05,2001-11-09,1,True,True
2001-11-16,159.79046433169958,160.28518676757812,151.38049010718177,153.35931396484375,5,0,0,2001-11-12,2001-11-16,0,True,True
2001-11-23,155.33813262494266,155.33813262494266,147.91751098632812,152.36984252929688,4,0,0,2001-11-19,2001-11-23,1,True,True
2001-11-30,152.36990203601275,155.33815997325621,148.41224301026247,153.85400390625,5,0,0,2001-11-26,2001-11-30,0,True,True
2001-12-07,152.36990747383004,155.33815002441406,149.40167158140585,150.88577270507812,5,0,0,2001-12-03,2001-12-07,0,True,True
2001-12-14,148.90692138671875,150.88576155514951,138.02333901875653,139.01283264160156,5,0,0,2001-12-10,2001-12-14,0,True,True
2001-12-21,137.03394049995308,140.00223606596626,123.67685026339448,123.67688751220703,5,0,0,2001-12-17,2001-12-21,0,True,True
2001-12-28,126.15040090082651,139.01283264160156,126.15040090082651,133.07630920410156,4,0,0,2001-12-24,2001-12-28,1,True,True
2002-01-04,138.0234050665328,138.0234050665328,131.09750366210938,131.09750366210938,1,0,0,2001-12-31,2002-01-04,4,True,True
2002-01-11,131.09750112059166,137.52867111724214,130.10808902585586,133.07630920410156,5,0,0,2002-01-07,2002-01-11,0,True,True
2002-01-18,132.58159880156711,140.0021923125469,132.58159880156711,139.50752258300781,4,0,0,2002-01-14,2002-01-18,1,True,True
2002-01-25,139.50752258300781,142.4757080078125,136.53924420132071,142.4757080078125,5,0,0,2002-01-21,2002-01-25,0,True,True
2002-02-01,141.98103332519531,143.46512888267856,131.59215521896687,136.53923034667969,4,0,0,2002-01-28,2002-02-01,1,True,True
2002-02-08,135.05514526367188,135.05514526367188,131.592183030721,133.07630920410156,5,0,0,2002-02-04,2002-02-08,0,True,True
2002-02-15,132.08691321532743,140.49689818014616,132.08691321532743,138.51806640625,4,0,0,2002-02-11,2002-02-15,1,True,True
2002-02-22,138.51808423388465,148.4122314453125,138.02336999911529,148.4122314453125,5,0,0,2002-02-18,2002-02-22,0,True,True
2002-03-01,145.443981511456,152.86454830050934,145.443981511456,152.36984252929688,5,0,0,2002-02-25,2002-03-01,0,True,True
2002-03-08,153.35930961586681,155.83285597480065,149.89638792581906,153.35931396484375,5,0,0,2002-03-04,2002-03-08,0,True,True
2002-03-15,153.3592854641135,154.34869720906937,150.88577270507812,153.35931396484375,5,0,0,2002-03-11,2002-03-15,0,True,True
2002-03-22,155.83285885078558,157.31697672933561,149.40168190954932,152.8646240234375,4,0,0,2002-03-18,2002-03-22,1,True,True
2002-03-29,157.31693389240917,157.31693389240917,148.77313232421875,148.77313232421875,5,0,0,2002-03-25,2002-03-29,0,True,True
2002-04-05,150.81810656390152,152.86305434866341,146.21687316894531,150.30682373046875,5,0,0,2002-04-01,2002-04-05,0,True,True
2002-04-12,149.28438503271559,155.41935787929279,143.66064666543852,147.23933410644531,5,0,0,2002-04-08,2002-04-12,0,True,True
2002-04-19,146.21689016766044,149.79556680295573,143.14937261966566,147.75062561035156,5,0,0,2002-04-15,2002-04-19,0,True,True
2002-04-26,147.23937630688096,148.77313232421875,143.1494140625,143.1494140625,5,0,0,2002-04-22,2002-04-26,0,True,True
2002-05-03,143.1494140625,144.17191533237673,143.1494140625,143.1494140625,3,0,0,2002-04-29,2002-05-03,2,True,True
2002-05-10,144.68310953516146,144.68315124511719,142.12686157226562,144.17193603515625,4,0,0,2002-05-06,2002-05-10,1,True,True
2002-05-17,143.14936247364861,145.19440493584452,138.03694152832031,139.5706787109375,5,0,0,2002-05-13,2002-05-17,0,True,True
2002-05-24,140.0819238347076,153.37431558690076,140.08187693174614,150.81808471679688,5,0,0,2002-05-20,2002-05-24,0,True,True
2002-05-31,149.28439270478466,150.81813170468851,146.21682703335142,148.77313232421875,5,0,0,2002-05-27,2002-05-31,0,True,True
2002-06-07,146.2169217063126,146.72816812410167,143.66068103623959,144.17193603515625,5,0,0,2002-06-03,2002-06-07,0,True,True
2002-06-14,143.1494140625,144.17191533237673,140.59313915742669,141.10438537597656,5,0,0,2002-06-10,2002-06-14,0,True,True
2002-06-21,142.63809514069069,142.63809514069069,138.03693052330416,138.54812622070312,5,0,0,2002-06-17,2002-06-21,0,True,True
2002-06-28,138.54815428322718,142.12686157226562,138.54812622070312,142.12686157226562,5,0,0,2002-06-24,2002-06-28,0,True,True
2002-07-05,139.5706787109375,145.70563826388934,139.05940050177705,140.08192443847656,5,0,0,2002-07-01,2002-07-05,0,True,True
2002-07-12,143.14941040368194,143.14941040368194,139.05941772460938,139.05941772460938,5,0,0,2002-07-08,2002-07-12,0,True,True
2002-07-19,138.54817735746457,140.08192504666874,132.92446771215666,139.5706787109375,5,0,0,2002-07-15,2002-07-19,0,True,True
2002-07-26,138.54818543794187,145.70562796561148,135.48065139620678,135.99189758300781,5,0,0,2002-07-22,2002-07-26,0,True,True
2002-08-02,135.48065372770895,138.03693673762308,133.4356689453125,133.4356689453125,5,0,0,2002-07-29,2002-08-02,0,True,True
2002-08-09,133.43568882877096,136.50318908691406,130.87944030761719,136.50318908691406,5,0,0,2002-08-05,2002-08-09,0,True,True
2002-08-16,138.03693673762308,138.03693673762308,132.92442136680864,136.50318908691406,5,0,0,2002-08-12,2002-08-16,0,True,True
2002-08-23,137.01443800722694,137.01443800722694,131.90193176269531,132.41319274902344,4,0,0,2002-08-19,2002-08-23,1,True,True
2002-08-30,133.43568659626166,140.08190518046342,131.39066700066837,133.4356689453125,5,0,0,2002-08-26,2002-08-30,0,True,True
2002-09-06,131.90194309729597,133.43565858863667,128.32319591880298,130.36817932128906,5,0,0,2002-09-02,2002-09-06,0,True,True
2002-09-13,130.3681807982785,137.01443800722694,128.83444213867188,134.45820617675781,5,0,0,2002-09-09,2002-09-13,0,True,True
2002-09-20,131.90196329704011,137.52565911830891,131.90196329704011,137.014404296875,4,0,0,2002-09-16,2002-09-20,1,True,True
2002-09-27,139.05938461148642,143.66060863377848,135.99192287114531,139.5706787109375,4,0,0,2002-09-23,2002-09-27,1,True,True
2002-10-04,140.08190518046342,143.66063760417782,135.48068237304688,135.48068237304688,5,0,0,2002-09-30,2002-10-04,0,True,True
2002-10-11,134.96945254285163,136.50317498043569,128.83444213867188,135.48068237304688,5,0,0,2002-10-07,2002-10-11,0,True,True
2002-10-18,138.0369191151253,138.0369191151253,132.41319274902344,135.99189758300781,4,0,0,2002-10-14,2002-10-18,1,True,True
2002-10-25,137.52567616895013,140.08191028834722,135.48068237304688,139.05941772460938,5,0,0,2002-10-21,2002-10-25,0,True,True
2002-11-01,139.05943237520628,139.5706787109375,134.45815993764944,138.54812622070312,5,0,0,2002-10-28,2002-11-01,0,True,True
2002-11-08,138.54817144274045,139.05942366115897,135.48068237304688,138.54812622070312,4,0,0,2002-11-04,2002-11-08,1,True,True
2002-11-15,138.03689185073503,139.0593928124193,132.92442274971339,133.4356689453125,5,0,0,2002-11-11,2002-11-15,0,True,True
2002-11-22,132.92444423488948,133.94693679135779,122.69946810489331,125.25569915771486,5,0,0,2002-11-18,2002-11-22,0,True,True
2002-11-29,125.25571573687635,137.014404296875,125.25571573687635,137.014404296875,5,0,0,2002-11-25,2002-11-29,0,True,True
2002-12-06,137.52566528320312,139.57065891723636,134.96940612792969,134.96940612792969,4,0,0,2002-12-02,2002-12-06,1,True,True
2002-12-13,133.43570005012583,134.96945318628087,126.27822875976562,126.27822875976562,5,0,0,2002-12-09,2002-12-13,0,True,True
2002-12-20,123.72197613880535,124.74446868896483,120.6544775432849,122.18822479248047,5,0,0,2002-12-16,2002-12-20,0,True,True
2002-12-27,123.21071723786132,126.78943819215708,122.18822479248047,125.25569915771486,4,0,0,2002-12-23,2002-12-27,1,True,True
2003-01-03,125.76694536827917,125.76694536827917,125.25569915771486,125.25569915771486,1,0,0,2002-12-30,2003-01-03,4,True,True
2003-01-10,125.76695613343871,129.85693457840961,125.76695613343871,126.27822875976562,5,0,0,2003-01-06,2003-01-10,0,True,True
2003-01-17,127.81196429029754,135.99189758300781,127.81196429029754,132.92445373535156,4,0,0,2003-01-13,2003-01-17,1,True,True
2003-01-24,132.41319596975484,136.50318908691406,132.41319596975484,136.50318908691406,5,0,0,2003-01-20,2003-01-24,0,True,True
2003-01-31,135.99193162399723,135.99193162399723,127.8119583129883,127.8119583129883,5,0,0,2003-01-27,2003-01-31,0,True,True
2003-02-07,129.85694776405575,136.5031916411331,129.85694776405575,133.94696044921875,5,0,0,2003-02-03,2003-02-07,0,True,True
2003-02-14,135.48069955481191,138.03694152832031,133.94691374736917,138.03694152832031,4,0,0,2003-02-10,2003-02-14,1,True,True
2003-02-21,139.05943117209154,140.59317016601562,134.45820366080412,135.99189758300781,5,0,0,2003-02-17,2003-02-21,0,True,True
2003-02-28,141.10441710549969,141.10441710549969,135.48070107583968,138.03694152832031,5,0,0,2003-02-24,2003-02-28,0,True,True
2003-03-07,138.0369311226176,142.12686157226562,135.48069637385908,136.50318908691406,5,0,0,2003-03-03,2003-03-07,0,True,True
2003-03-14,133.4356689453125,137.01439088905076,133.4356689453125,134.96940612792969,5,0,0,2003-03-10,2003-03-14,0,True,True
2003-03-21,137.52567616895013,142.63812353707019,134.45818976565809,141.61563110351562,4,0,0,2003-03-17,2003-03-21,1,True,True
2003-03-28,144.17190154203746,149.8898357309109,142.47478307200257,146.71195983886719,5,0,0,2003-03-24,2003-03-28,0,True,True
2003-04-04,146.18231122559024,146.18231122559024,139.29693603515625,140.88584899902344,5,0,0,2003-03-31,2003-04-04,0,True,True
2003-04-11,141.41550573777036,145.65269140922723,141.41550573777036,142.47479248046875,5,0,0,2003-04-07,2003-04-11,0,True,True
2003-04-18,140.35619615560111,149.36019130174344,140.35619615560111,147.2415771484375,5,0,0,2003-04-14,2003-04-18,0,True,True
2003-04-25,149.36018712859962,150.94913910902017,145.65267944335938,145.65267944335938,5,0,0,2003-04-21,2003-04-25,0,True,True
2003-05-02,145.65268475074708,148.30089869172531,143.53407287597656,146.18231201171875,4,0,0,2003-04-28,2003-05-02,1,True,True
2003-05-09,149.36024475097656,149.36024475097656,144.06375780654554,145.123046875,4,0,0,2003-05-05,2003-05-09,1,True,True
2003-05-16,147.771240234375,149.88984560239288,145.65264406226652,148.83056640625,5,0,0,2003-05-12,2003-05-16,0,True,True
2003-05-23,149.36019130174344,150.41953398838291,146.71193278638052,149.36024475097656,5,0,0,2003-05-19,2003-05-23,0,True,True
2003-05-30,149.36021982650351,150.41949462890625,145.65266251770512,148.83056640625,5,0,0,2003-05-26,2003-05-30,0,True,True
2003-06-06,149.88983832062885,153.06771850585938,148.83055373414567,153.06771850585938,5,0,0,2003-06-02,2003-06-06,0,True,True
2003-06-13,154.1270124451668,156.77523465115948,152.00837707519531,154.65666198730469,5,0,0,2003-06-09,2003-06-13,0,True,True
2003-06-20,154.6566586072482,155.18631422661716,150.4194441678909,152.00837707519531,5,0,0,2003-06-16,2003-06-20,0,True,True
2003-06-27,153.06771083143533,154.65666198730469,149.88979986545607,153.59735107421875,5,0,0,2003-06-23,2003-06-27,0,True,True
2003-07-04,150.94912885356894,163.66063622564917,150.94912885356894,158.36418151855469,5,0,0,2003-06-30,2003-07-04,0,True,True
2003-07-11,153.0676926932951,158.89383800317333,153.0676926932951,158.893798828125,5,0,0,2003-07-07,2003-07-11,0,True,True
2003-07-18,158.89383800317333,164.19028068645619,156.24559020996094,163.66064453125,5,0,0,2003-07-14,2003-07-18,0,True,True
2003-07-25,162.07167890185369,163.6606498230278,158.893798828125,158.893798828125,4,0,0,2003-07-21,2003-07-25,1,True,True
2003-08-01,161.54207180378239,164.19023958417318,158.89377852211638,162.07171630859372,5,0,0,2003-07-28,2003-08-01,0,True,True
2003-08-08,161.54205838242106,161.54205838242106,153.59735107421875,153.59735107421875,5,0,0,2003-08-04,2003-08-08,0,True,True
2003-08-15,152.00837707519531,162.07169083303378,152.00837707519531,160.48275756835935,5,0,0,2003-08-11,2003-08-15,0,True,True
2003-08-22,161.01243919628726,163.13095092773438,158.89379482658435,163.13095092773438,5,0,0,2003-08-18,2003-08-22,0,True,True
2003-08-29,161.54208374023438,162.60132328442117,158.8938432406288,161.54208374023438,5,0,0,2003-08-25,2003-08-29,0,True,True
2003-09-05,162.60136413574219,165.24958801269531,161.54207510447566,163.66064453125,5,0,0,2003-09-01,2003-09-05,0,True,True
2003-09-12,161.54206986610674,166.83852815123049,161.54206986610674,166.30888366699219,5,0,0,2003-09-08,2003-09-12,0,True,True
2003-09-19,165.77924363364181,167.36817712901683,164.19029235839844,165.24958801269531,4,0,0,2003-09-15,2003-09-19,1,True,True
2003-09-26,165.77922642245403,180.07967132814721,165.77922642245403,167.89778137207031,4,0,0,2003-09-22,2003-09-26,1,True,True
2003-10-03,167.89780675765311,176.90174865722656,166.83851785455204,176.90174865722656,5,0,0,2003-09-29,2003-10-03,0,True,True
2003-10-10,176.90176549615339,177.4314276835043,172.1349658287829,175.31278991699219,5,0,0,2003-10-06,2003-10-10,0,True,True
2003-10-17,175.84248862826362,175.84248862826362,170.01636087128134,170.54600524902344,4,0,0,2003-10-13,2003-10-17,1,True,True
2003-10-24,172.66460402130059,174.78318098518218,161.01243185432708,165.24958801269531,5,0,0,2003-10-20,2003-10-24,0,True,True
2003-10-31,163.13100531821644,167.89778137207031,161.54201766514851,162.07171630859372,5,0,0,2003-10-27,2003-10-31,0,True,True
2003-11-07,165.24958135531512,165.24958135531512,159.95315010839298,162.07171630859372,4,0,0,2003-11-03,2003-11-07,1,True,True
2003-11-14,164.19025643212362,168.95712280273438,159.95315010839298,168.95712280273438,5,0,0,2003-11-10,2003-11-14,0,True,True
2003-11-21,159.42348778457594,164.19030645997009,156.24562052089311,161.54208374023438,5,0,0,2003-11-17,2003-11-21,0,True,True
2003-11-28,166.83852815123049,170.54603954089853,161.01239013671875,161.01239013671875,4,0,0,2003-11-24,2003-11-28,1,True,True
2003-12-05,161.01240198991749,164.71992514726321,158.89380652381917,163.13095092773438,5,0,0,2003-12-01,2003-12-05,0,True,True
2003-12-12,162.07171630859372,163.66066191602295,161.54207180378239,162.60136413574219,5,0,0,2003-12-08,2003-12-12,0,True,True
2003-12-19,162.07170262626778,165.77923162682089,162.07170262626778,163.66064453125,5,0,0,2003-12-15,2003-12-19,0,True,True
2003-12-26,163.66064453125,167.89782839154455,162.60135886302342,165.24958801269531,4,0,0,2003-12-22,2003-12-26,1,True,True
2004-01-02,163.1309915464638,168.95712280273438,163.1309915464638,168.95712280273438,2,0,0,2003-12-29,2004-01-02,3,True,True
2004-01-09,169.48674011230469,170.54600672856654,167.89778137207031,169.48674011230469,5,0,0,2004-01-05,2004-01-09,0,True,True
2004-01-16,169.48671796389266,170.5460564126389,166.83849605220792,168.95712280273438,4,0,0,2004-01-12,2004-01-16,1,True,True
2004-01-23,169.48677279481032,169.48677279481032,165.24958801269531,167.89778137207031,5,0,0,2004-01-19,2004-01-23,0,True,True
2004-01-30,169.48671448648051,169.48671796389266,165.24958801269531,165.77919006347656,5,0,0,2004-01-26,2004-01-30,0,True,True
2004-02-06,164.7198973633858,169.48676733936921,164.7198973633858,168.95712280273438,5,0,0,2004-02-02,2004-02-06,0,True,True
2004-02-13,166.83847871809292,167.3681825563105,162.07171962010892,164.19029235839844,4,0,0,2004-02-09,2004-02-13,1,True,True
2004-02-20,164.71992492675781,169.48674011230469,163.66063600656179,169.48674011230469,5,0,0,2004-02-16,2004-02-20,0,True,True
2004-02-27,170.54600524902344,173.72388876087828,168.95707211579713,173.19424438476565,5,0,0,2004-02-23,2004-02-27,0,True,True
2004-03-05,175.84245994308694,194.38008619216646,173.19423815773786,190.14289855957031,5,0,0,2004-03-01,2004-03-05,0,True,True
2004-03-12,192.26152554164821,196.49873023708312,186.4354187070528,195.96908569335938,5,0,0,2004-03-08,2004-03-12,0,True,True
2004-03-19,196.49869694946153,216.62522790449447,195.96905249546157,209.21018981933591,5,0,0,2004-03-15,2004-03-19,0,True,True
2004-03-26,203.9137776771459,219.2982321741834,203.9137776771459,214.4128723144531,5,0,0,2004-03-22,2004-03-26,0,True,True
2004-04-02,214.41282380106455,215.49845503047473,197.58555588999747,200.84246826171875,5,0,0,2004-03-29,2004-04-02,0,True,True
2004-04-09,202.47090069935896,205.18495131261454,198.67120392130718,204.64213562011719,5,0,0,2004-04-05,2004-04-09,0,True,True
2004-04-16,205.18492126464844,210.07026555073313,200.84242484593454,203.55650329589844,5,0,0,2004-04-12,2004-04-16,0,True,True
2004-04-23,202.47093312191456,203.01371566591689,197.04272402868403,200.29963684082031,5,0,0,2004-04-19,2004-04-23,0,True,True
2004-04-30,200.84245260583964,202.47089949841228,197.58547973632815,197.58547973632815,4,0,0,2004-04-26,2004-04-30,1,True,True
2004-05-07,197.58546265047499,198.12827820356301,190.52894592285156,190.52894592285156,2,0,0,2004-05-03,2004-05-07,3,True,True
2004-05-14,184.5579215488639,195.95710582489838,179.67257611989737,181.84381103515622,5,0,0,2004-05-10,2004-05-14,0,True,True
2004-05-21,181.84377745901006,188.90045148477319,174.78715515136719,185.10072326660156,5,0,0,2004-05-17,2004-05-21,0,True,True
2004-05-28,187.27203230077615,190.52885387818583,184.01507568359375,187.81478881835938,5,0,0,2004-05-24,2004-05-28,0,True,True
2004-06-04,190.52894670633768,192.70018005371094,181.84387487284576,192.70018005371094,5,0,0,2004-05-31,2004-06-04,0,True,True
2004-06-11,191.614477456548,206.27057071267498,191.614477456548,205.18492126464844,5,0,0,2004-06-07,2004-06-11,0,True,True
2004-06-18,204.64211944813422,207.3562159181557,195.95710777370559,200.84246826171875,5,0,0,2004-06-14,2004-06-18,0,True,True
2004-06-25,203.55650329589844,207.89901643303901,201.38521089000531,204.09928894042969,5,0,0,2004-06-21,2004-06-25,0,True,True
2004-07-02,206.81343121741088,209.52751159667969,204.09933434123499,208.44184875488281,5,0,0,2004-06-28,2004-07-02,0,True,True
2004-07-09,210.61308112639267,210.61308112639267,199.21393022765062,204.09928894042969,5,0,0,2004-07-05,2004-07-09,0,True,True
2004-07-16,211.69876089852914,211.69876089852914,201.92805575632821,205.18492126464844,5,0,0,2004-07-12,2004-07-16,0,True,True
2004-07-23,205.18499472037772,206.27064455706426,200.84246826171875,203.55650329589844,4,0,0,2004-07-19,2004-07-23,1,True,True
2004-07-30,201.92809987638347,203.55654729838059,189.98610161282312,202.47082519531247,5,0,0,2004-07-26,2004-07-30,0,True,True
2004-08-06,205.18490423096719,206.27060091962724,194.87140534697159,200.29963684082031,5,0,0,2004-08-02,2004-08-06,0,True,True
2004-08-13,199.21398708876131,208.4418331646975,199.21398708876131,204.64213562011719,5,0,0,2004-08-09,2004-08-13,0,True,True
2004-08-20,204.64208745425992,211.69874572753906,199.21391358487767,211.69874572753906,5,0,0,2004-08-16,2004-08-20,0,True,True
2004-08-27,211.69876089852914,211.69876089852914,205.72777048685805,210.6131591796875,5,0,0,2004-08-23,2004-08-27,0,True,True
2004-09-03,209.52751030622372,210.61310981576162,204.64215049658802,208.44184875488281,5,0,0,2004-08-30,2004-09-03,0,True,True
2004-09-10,207.3562189534768,210.61308112639267,206.81340179406797,208.44184875488281,5,0,0,2004-09-06,2004-09-10,0,True,True
2004-09-17,207.89906439077811,211.69879275990115,206.81343292017706,209.52751159667969,5,0,0,2004-09-13,2004-09-17,0,True,True
2004-09-24,208.44183620206354,211.6987481495716,207.35618767243542,208.98463439941406,3,0,0,2004-09-20,2004-09-24,2,True,True
2004-10-01,210.07032560239887,210.07032603818109,206.27055652111633,208.98463439941406,5,0,0,2004-09-27,2004-10-01,0,True,True
2004-10-08,214.41288783949881,214.41288783949881,207.89908029555141,212.24159240722656,5,0,0,2004-10-04,2004-10-08,0,True,True
2004-10-15,212.24156134224415,212.78436165104486,208.44181882375452,208.98463439941406,4,0,0,2004-10-11,2004-10-15,1,True,True
2004-10-22,209.52746744389438,217.12695100207023,208.9846967171994,211.15591430664062,5,0,0,2004-10-18,2004-10-22,0,True,True
2004-10-29,217.12696527250938,217.12696527250938,210.07028066140845,211.69874572753906,5,0,0,2004-10-25,2004-10-29,0,True,True
2004-11-05,208.98471184920587,217.12687560489806,208.44189467929809,216.04124450683591,4,0,0,2004-11-01,2004-11-05,1,True,True
2004-11-12,216.04133372611054,217.12696527250938,212.78443908691406,215.49847412109372,5,0,0,2004-11-08,2004-11-12,0,True,True
2004-11-19,215.49846046346232,218.75538631986359,214.95561340877379,216.04124450683591,5,0,0,2004-11-15,2004-11-19,0,True,True
2004-11-26,216.04132122111071,218.75538585206104,213.32724251221114,218.21257019042969,4,0,0,2004-11-22,2004-11-26,1,True,True
2004-12-03,218.21258818353394,224.18357917584433,218.21257019042969,222.01231384277344,5,0,0,2004-11-29,2004-12-03,0,True,True
2004-12-10,222.55508475516021,223.64076438533863,221.46948242187503,223.09790039062503,5,0,0,2004-12-06,2004-12-10,0,True,True
2004-12-17,225.81205757608171,242.6393899700455,225.81205757608171,238.83961486816406,5,0,0,2004-12-13,2004-12-17,0,True,True
2004-12-24,238.83963201958272,251.86726336036082,237.75400064167877,251.32444763183591,4,0,0,2004-12-20,2004-12-24,1,True,True
2004-12-31,251.32444763183591,252.41007908888574,241.55378757227521,242.09660339355466,4,0,0,2004-12-27,2004-12-31,1,True,True
2005-01-07,246.98185541546579,251.32449273586744,241.01098367680905,250.23886108398438,4,0,0,2005-01-03,2005-01-07,1,True,True
2005-01-14,249.69596962908591,251.86726160713047,245.35340854746912,248.0675048828125,4,0,0,2005-01-10,2005-01-14,1,True,True
2005-01-21,249.69604531899512,257.83830093212799,249.15314060021373,255.66694641113278,5,0,0,2005-01-17,2005-01-21,0,True,True
2005-01-28,255.12414699341713,260.55238456297491,253.49569999269363,259.46670532226562,5,0,0,2005-01-24,2005-01-28,0,True,True
2005-02-04,264.8949435499174,282.26499624944023,261.09519955214694,275.75119018554688,5,0,0,2005-01-31,2005-02-04,0,True,True
2005-02-11,272.49429474781402,298.54951143201231,272.49429474781402,292.03570556640625,4,0,0,2005-02-07,2005-02-11,1,True,True
2005-02-18,298.00677528270148,298.54959106445312,282.80780072735291,289.86453247070312,5,0,0,2005-02-14,2005-02-18,0,True,True
2005-02-25,292.03575318256088,298.54956011023705,290.40728993107984,296.37835693359375,5,0,0,2005-02-21,2005-02-25,0,True,True
2005-03-04,302.89213554048723,303.977751870426,291.49293745708945,302.89212036132812,5,0,0,2005-02-28,2005-03-04,0,True,True
2005-03-11,308.86309653448711,318.63380092876332,299.63525190756417,318.09100341796875,5,0,0,2005-03-07,2005-03-11,0,True,True
2005-03-18,320.26222575137217,339.80369276784228,320.26222575137217,331.66143798828125,5,0,0,2005-03-14,2005-03-18,0,True,True
2005-03-25,326.77606111770672,333.28988647460938,316.46246412453718,322.97628784179688,4,0,0,2005-03-21,2005-03-25,1,True,True
2005-04-01,319.86499828753438,322.04837036132812,292.57280529405466,314.95242309570307,5,0,0,2005-03-28,2005-04-01,0,True,True
2005-04-08,304.03547779049921,313.860730762142,302.94379181820216,313.86065673828125,5,0,0,2005-04-04,2005-04-08,0,True,True
2005-04-15,311.13149232416748,312.76906046939979,296.39363059563897,299.12286376953125,5,0,0,2005-04-11,2005-04-15,0,True,True
2005-04-22,284.93099328938234,298.0312081081089,278.38072076911726,293.66436767578125,5,0,0,2005-04-18,2005-04-22,0,True,True
2005-04-29,292.57268191437799,301.30628921443252,292.02683903367637,294.75613403320312,4,0,0,2005-04-25,2005-04-29,1,True,True
2005-05-06,294.21029663085938,301.85215374108265,294.21029663085938,300.76046752929688,2,0,0,2005-05-02,2005-05-06,3,True,True
2005-05-13,302.94383849843678,322.04834059483085,297.48539903973142,317.13568115234375,5,0,0,2005-05-09,2005-05-13,0,True,True
2005-05-20,317.13574610534897,322.04835130432826,306.2188865348179,314.40652465820312,5,0,0,2005-05-16,2005-05-20,0,True,True
2005-05-27,313.31486453114741,317.02654367469881,290.00726318359375,290.00726318359375,5,0,0,2005-05-23,2005-05-27,0,True,True
2005-06-03,291.20819709561613,305.61847916860427,290.00733855089192,302.6163330078125,5,0,0,2005-05-30,2005-06-03,0,True,True
2005-06-10,302.61626772567718,314.62498667458573,300.21455131515597,309.22103881835938,5,0,0,2005-06-06,2005-06-10,0,True,True
2005-06-17,312.22320072234618,312.22320072234618,302.01594229837656,303.21673583984375,5,0,0,2005-06-13,2005-06-17,0,True,True
2005-06-24,303.81716501972465,306.21889012805104,294.21034749348956,297.21249389648438,5,0,0,2005-06-20,2005-06-24,0,True,True
2005-07-01,297.21244251484774,299.01373004524072,288.20597583462734,290.00726318359375,5,0,0,2005-06-27,2005-07-01,0,True,True
2005-07-08,297.21245508406759,303.2167497889962,296.0115966796875,300.81503295898438,5,0,0,2005-07-04,2005-07-08,0,True,True
2005-07-15,300.81506754962572,301.41549682617188,296.6119556350402,299.013671875,5,0,0,2005-07-11,2005-07-15,0,True,True
2005-07-22,298.41327748269981,302.01592610271803,296.01163533528643,297.21249389648438,4,0,0,2005-07-18,2005-07-22,1,True,True
2005-07-29,299.01377763632337,304.41765953335369,296.612060546875,303.81723022460938,5,0,0,2005-07-25,2005-07-29,0,True,True
2005-08-05,303.81717480468751,303.81717480468751,286.4046630859375,286.4046630859375,5,0,0,2005-08-01,2005-08-05,0,True,True
2005-08-12,285.20381768544513,297.21246918286283,282.20167223612469,294.81069946289062,5,0,0,2005-08-08,2005-08-12,0,True,True
2005-08-19,294.81072580765704,296.61202588187751,291.20813408996833,291.80856323242188,5,0,0,2005-08-15,2005-08-19,0,True,True
2005-08-26,292.4090353374832,297.21245508406759,291.80855384717893,296.0115966796875,5,0,0,2005-08-22,2005-08-26,0,True,True
2005-09-02,294.21024415551165,304.41765953335369,294.21024415551165,303.81723022460938,5,0,0,2005-08-29,2005-09-02,0,True,True
2005-09-09,304.4176472549733,311.02236938476562,303.81721797044668,308.62063598632812,5,0,0,2005-09-05,2005-09-09,0,True,True
2005-09-16,311.02226931549779,339.24252319335938,308.02022296213272,339.24252319335938,5,0,0,2005-09-12,2005-09-16,0,True,True
2005-09-23,345.24673802161499,351.85145822724593,332.03731559500437,344.0458984375,3,0,0,2005-09-19,2005-09-23,2,True,True
2005-09-30,344.04598593545126,347.64856170440891,334.43912728122928,342.24468994140619,5,0,0,2005-09-26,2005-09-30,0,True,True
2005-10-07,336.24040123370054,337.44125980953521,309.82149888524469,318.22750854492188,5,0,0,2005-10-03,2005-10-07,0,True,True
2005-10-14,318.82790306971066,327.23392880208945,304.41761424129169,319.4283447265625,4,0,0,2005-10-10,2005-10-14,1,True,True
2005-10-21,320.02883039202004,338.04165649414062,320.02883039202004,334.43902587890625,5,0,0,2005-10-17,2005-10-21,0,True,True
2005-10-28,334.43906618201214,354.8536376953125,327.23396191494072,345.8472900390625,5,0,0,2005-10-24,2005-10-28,0,True,True
2005-11-04,351.85144894139302,356.6549349319406,348.84942626953125,351.85150146484375,4,0,0,2005-10-31,2005-11-04,1,True,True
2005-11-11,351.2510763835437,367.46261596679682,351.2510763835437,367.46261596679682,5,0,0,2005-11-07,2005-11-11,0,True,True
2005-11-18,368.66358828124999,378.87087197599431,368.06315898437504,371.66564941406256,5,0,0,2005-11-14,2005-11-18,0,True,True
2005-11-25,372.86661000205174,374.06746864940135,355.45414211742104,361.45843505859369,4,0,0,2005-11-21,2005-11-25,1,True,True
2005-12-02,357.25533636330755,376.46910238031097,353.65277518579518,365.661376953125,5,0,0,2005-11-28,2005-12-02,0,True,True
2005-12-09,370.46483304119585,371.06526226816698,338.04165560730502,351.25109863281244,5,0,0,2005-12-05,2005-12-09,0,True,True
2005-12-16,363.86007817798543,364.46050734989632,345.84713232173175,353.6527099609375,5,0,0,2005-12-12,2005-12-16,0,True,True
2005-12-23,350.65070796622126,359.0566237735427,348.84942008283315,356.6549072265625,4,0,0,2005-12-19,2005-12-23,1,True,True
2005-12-30,357.25539004783064,364.46058152918005,354.25324391297494,359.0567626953125,5,0,0,2005-12-26,2005-12-30,0,True,True
2006-01-06,360.25751148801476,361.45836985964144,354.85364059932243,356.05450439453125,3,0,0,2006-01-02,2006-01-06,2,True,True
2006-01-13,362.05872057430707,363.86004214956739,357.85578645887676,363.25961303710938,4,0,0,2006-01-09,2006-01-13,1,True,True
2006-01-20,369.26403406000293,381.27254023317431,339.84291130155077,361.45843505859369,5,0,0,2006-01-16,2006-01-20,0,True,True
2006-01-27,364.46051578870828,366.26180614352421,354.8536488156945,365.661376953125,5,0,0,2006-01-23,2006-01-27,0,True,True
2006-02-03,366.26181030273438,372.26610227491034,362.05874978422924,366.8621826171875,5,0,0,2006-01-30,2006-02-03,0,True,True
2006-02-10,367.46266869716959,384.27470782520322,363.25966431664642,368.66360473632812,5,0,0,2006-02-06,2006-02-10,0,True,True
2006-02-17,371.06523254394534,372.26609090169273,348.84927756758015,351.25109863281244,5,0,0,2006-02-13,2006-02-17,0,True,True
2006-02-24,351.2511334316336,354.25327987122023,323.03095689951948,342.24468994140619,5,0,0,2006-02-20,2006-02-24,0,True,True
2006-03-03,348.2488628861783,350.05015010800338,339.24252319335938,339.24252319335938,5,0,0,2006-02-27,2006-03-03,0,True,True
2006-03-10,339.84291769257675,353.65278901500506,332.63776749414757,351.85150146484375,5,0,0,2006-03-06,2006-03-10,0,True,True
2006-03-17,354.25320434570312,357.85573987895941,346.4476705758683,347.64852905273438,5,0,0,2006-03-13,2006-03-17,0,True,True
2006-03-24,348.24887437885315,360.25745625398599,347.6484452850965,353.05230712890625,4,0,0,2006-03-20,2006-03-24,1,True,True
2006-03-31,355.45406266551907,359.65706678487487,342.84500063991879,349.44989013671875,5,0,0,2006-03-27,2006-03-31,0,True,True
2006-04-07,349.44978473129532,353.05235983161799,342.84500122070312,344.0458984375,5,0,0,2006-04-03,2006-04-07,0,True,True
2006-04-14,346.44762345023781,346.44762345023781,335.03948974609375,338.64205932617188,5,0,0,2006-04-10,2006-04-14,0,True,True
2006-04-21,338.64208917669907,341.04379167608494,326.0330810546875,336.24032592773438,5,0,0,2006-04-17,2006-04-21,0,True,True
2006-04-28,336.84082849878462,336.84082849878462,329.03516370132968,334.43902587890625,5,0,0,2006-04-24,2006-04-28,0,True,True
2006-05-05,334.43911336994859,341.04374631816654,332.63773848638073,334.43902587890625,2,0,0,2006-05-01,2006-05-05,3,True,True
2006-05-12,335.63989677429197,339.24247169494629,330.8364510938552,334.43902587890625,5,0,0,2006-05-08,2006-05-12,0,True,True
2006-05-19,330.23607987089451,332.63779681541007,313.4240943979994,315.82571411132812,5,0,0,2006-05-15,2006-05-19,0,True,True
2006-05-26,320.02878219090155,326.03307453969893,314.02444762608877,318.22750854492188,5,0,0,2006-05-22,2006-05-26,0,True,True
2006-06-02,318.22750854492188,318.22750854492188,300.81503255052735,314.02447509765625,5,0,0,2006-05-29,2006-06-02,0,True,True
2006-06-09,313.42408235709502,317.62708729291813,274.99658856606328,280.40045166015625,5,0,0,2006-06-05,2006-06-09,0,True,True
2006-06-16,285.20381768544513,299.61410093499001,273.79575195312498,299.013671875,5,0,0,2006-06-12,2006-06-16,0,True,True
2006-06-23,300.21456487193137,313.42404322948272,296.01156096372432,312.22323608398438,5,0,0,2006-06-19,2006-06-23,0,True,True
2006-06-30,317.02667048527644,320.62921142578125,309.22092548422012,320.62921142578125,5,0,0,2006-06-26,2006-06-30,0,True,True
2006-07-07,319.4283447265625,328.43473230340828,317.02659226881968,319.4283447265625,5,0,0,2006-07-03,2006-07-07,0,True,True
2006-07-14,323.03084833481734,338.64211425781247,308.02017350630325,317.026611328125,5,0,0,2006-07-10,2006-07-14,0,True,True
2006-07-21,306.81926567609918,312.22320318222046,303.21669112804324,303.81723022460938,4,0,0,2006-07-17,2006-07-21,1,True,True
2006-07-28,303.81717600405796,315.22527888091378,288.20596313476562,288.20596313476562,5,0,0,2006-07-24,2006-07-28,0,True,True
2006-08-04,290.60767879916904,293.60982424130924,285.80426025390625,285.80426025390625,5,0,0,2006-07-31,2006-08-04,0,True,True
2006-08-11,285.20383113572575,290.00726408116958,279.8000728801145,285.80426025390625,5,0,0,2006-08-07,2006-08-11,0,True,True
2006-08-18,289.40684248147551,302.61632058149326,288.80641334769655,302.01583862304688,5,0,0,2006-08-14,2006-08-18,0,True,True
2006-08-25,309.82151888333834,317.02667048527644,303.81712021938591,309.8214111328125,5,0,0,2006-08-21,2006-08-25,0,True,True
2006-09-01,307.41974852071007,308.02017771703959,295.41113183398045,300.81503295898438,5,0,0,2006-08-28,2006-09-01,0,True,True
2006-09-08,297.21249189034876,306.21893103854114,288.20597583462734,290.00726318359375,5,0,0,2006-09-04,2006-09-08,0,True,True
2006-09-15,290.607679494222,293.00939585367837,279.19954919511343,279.80001831054688,5,0,0,2006-09-11,2006-09-15,0,True,True
2006-09-22,284.00297473725823,287.60560073530627,276.19739615039913,284.60345458984375,4,0,0,2006-09-18,2006-09-22,1,True,True
2006-09-29,285.20386987151466,290.00726318359375,281.00082397460938,290.00726318359375,5,0,0,2006-09-25,2006-09-29,0,True,True
2006-10-06,290.00728532628557,291.20814365061801,280.40050222105896,283.40264892578125,5,0,0,2006-10-02,2006-10-06,0,True,True
2006-10-13,284.00291224888389,284.00291224888389,269.59274291992188,277.99880981445312,4,0,0,2006-10-09,2006-10-13,1,True,True
2006-10-20,279.80003467316322,284.00310376292941,275.59701949409816,277.99880981445312,5,0,0,2006-10-16,2006-10-20,0,True,True
2006-10-27,281.6013224500291,288.20602578290169,280.4004639321185,282.8021240234375,5,0,0,2006-10-23,2006-10-27,0,True,True
2006-11-03,279.19964037443458,279.19964037443458,271.99448836477177,273.7957763671875,4,0,0,2006-10-30,2006-11-03,1,True,True
2006-11-10,273.79575397874595,274.99661254882812,261.78713989257812,261.78713989257812,5,0,0,2006-11-06,2006-11-10,0,True,True
2006-11-17,261.18662643432617,261.18662643432617,252.18019104003906,253.38116455078125,5,0,0,2006-11-13,2006-11-17,0,True,True
2006-11-24,253.3811332084037,253.3811332084037,235.96867363051615,242.57339477539065,4,0,0,2006-11-20,2006-11-24,1,True,True
2006-12-01,243.17381164402639,264.78924560546875,243.17381164402639,264.78924560546875,5,0,0,2006-11-27,2006-12-01,0,True,True
2006-12-08,273.19531854914129,276.7979296196832,265.99020134819881,270.19320678710938,5,0,0,2006-12-04,2006-12-08,0,True,True
2006-12-15,272.59488927760475,282.20175170898438,267.1910258337756,278.59909057617188,5,0,0,2006-12-11,2006-12-15,0,True,True
2006-12-22,277.99866150165428,282.20173935818724,276.19744703141731,281.00082397460938,5,0,0,2006-12-18,2006-12-22,0,True,True
2006-12-29,282.20168737105996,287.0051673421396,275.59703979492184,284.00302124023438,5,0,0,2006-12-25,2006-12-29,0,True,True
2007-01-05,286.40467586517332,288.80639222462969,284.60345458984375,284.60345458984375,2,0,0,2007-01-04,2007-01-05,0,True,True
2007-01-12,279.1996435391701,288.20596313476562,279.1996435391701,288.20596313476562,4,0,0,2007-01-09,2007-01-12,0,True,True
2007-01-19,290.00727580506123,296.01154059502136,287.60555923524709,292.40896606445312,5,0,0,2007-01-15,2007-01-19,0,True,True
2007-01-26,291.80857992366867,296.01161072151791,279.80002242747923,280.40045166015625,5,0,0,2007-01-22,2007-01-26,0,True,True
2007-02-02,279.80000707394908,293.00945369585071,279.80000707394908,287.6055908203125,5,0,0,2007-01-29,2007-02-02,0,True,True
2007-02-09,290.60780101711464,291.2082303580591,280.40040747122146,285.20382690429688,5,0,0,2007-02-05,2007-02-09,0,True,True
2007-02-16,287.60556867762068,298.41331348844761,287.60556867762068,296.0115966796875,4,0,0,2007-02-13,2007-02-16,0,True,True
2007-02-23,299.01369310989531,318.22748790922623,299.01369310989531,315.225341796875,5,0,0,2007-02-19,2007-02-23,0,True,True
2007-03-02,317.62709949529062,321.22967529296875,297.21245478657841,309.22103881835938,5,0,0,2007-02-26,2007-03-02,0,True,True
2007-03-09,305.01805233955383,335.03953857421874,301.41546968005952,333.23825073242182,5,0,0,2007-03-05,2007-03-09,0,True,True
2007-03-16,332.0373962182793,337.44118001593245,315.22530555725098,336.24032592773438,5,0,0,2007-03-12,2007-03-16,0,True,True
2007-03-23,336.24032592773438,350.05024600646658,335.03946762084962,347.64852905273438,4,0,0,2007-03-19,2007-03-23,0,True,True
2007-03-30,353.65286071041982,353.65286071041982,340.96227587547367,345.20913696289062,5,0,0,2007-03-26,2007-03-30,0,True,True
2007-04-06,342.17565490401984,357.94970991732572,342.17565490401984,351.27618408203125,5,0,0,2007-04-02,2007-04-06,0,True,True
2007-04-13,354.91632592188171,361.58987354343219,353.09624219920539,357.94970703125,5,0,0,2007-04-09,2007-04-13,0,True,True
2007-04-20,355.52299502102341,362.80343627929688,352.48952236726041,356.73635864257812,5,0,0,2007-04-16,2007-04-20,0,True,True
2007-04-27,350.66940221348415,352.48948561597626,340.35559626602873,347.635986328125,5,0,0,2007-04-23,2007-04-27,0,True,True
2007-05-04,350.06283999308687,353.0963134765625,349.45614529639175,353.0963134765625,2,0,0,2007-05-01,2007-05-02,0,True,True
2007-05-11,353.09621689801304,357.94977314403383,347.02932739257812,347.02932739257812,5,0,0,2007-05-07,2007-05-11,0,True,True
2007-05-18,350.66945884248133,355.52302049610716,347.02929144965282,347.635986328125,5,0,0,2007-05-14,2007-05-18,0,True,True
2007-05-25,351.88291976108917,354.91619149982301,317.30129429079449,321.54815673828125,5,0,0,2007-05-21,2007-05-25,0,True,True
2007-06-01,321.54817681563532,336.71546419970082,320.33476746757071,331.86190795898438,5,0,0,2007-05-28,2007-06-01,0,True,True
2007-06-08,336.71538021689969,351.88288441904774,336.71538021689969,347.02932739257812,5,0,0,2007-06-04,2007-06-08,0,True,True
2007-06-15,349.45608061393807,349.45608061393807,328.22180562779522,336.7154541015625,5,0,0,2007-06-11,2007-06-15,0,True,True
2007-06-22,336.71542946104449,343.38906860351562,334.2886712559602,342.78244018554688,5,0,0,2007-06-18,2007-06-22,0,True,True
2007-06-29,342.7823992205096,342.78243528093611,336.71544429040506,341.56900024414068,5,0,0,2007-06-25,2007-06-29,0,True,True
2007-07-06,345.20914697394801,347.02937897158336,337.32223951370321,340.96231079101562,5,0,0,2007-07-02,2007-07-06,0,True,True
2007-07-13,334.89536575914701,343.99584578080612,330.04185444450724,333.68203735351562,5,0,0,2007-07-09,2007-07-13,0,True,True
2007-07-20,338.53557863977034,342.78243528093611,332.46863278601097,339.74896240234375,4,0,0,2007-07-17,2007-07-20,0,True,True
2007-07-27,339.14232353985631,342.17574070521761,319.72805786132812,319.72805786132812,5,0,0,2007-07-23,2007-07-27,0,True,True
2007-08-03,319.72806718140782,328.82841477544497,319.72805786132812,327.00833129882812,5,0,0,2007-07-30,2007-08-03,0,True,True
2007-08-10,322.15479044896648,344.60251945996805,322.15479044896648,334.89544677734375,5,0,0,2007-08-06,2007-08-10,0,True,True
2007-08-17,329.43507914411913,341.56896787870915,309.41415545584141,316.08786010742188,5,0,0,2007-08-13,2007-08-17,0,True,True
2007-08-24,317.30129429079449,330.64846801757812,315.48115548204157,330.64846801757812,5,0,0,2007-08-20,2007-08-24,0,True,True
2007-08-31,330.04190502618394,333.68207309632567,317.30130004882812,327.00833129882812,5,0,0,2007-08-27,2007-08-31,0,True,True
2007-09-07,330.04177358084866,334.28863463795517,311.23426337767847,313.66104125976562,5,0,0,2007-09-03,2007-09-07,0,True,True
2007-09-14,292.42687716464764,317.30124409993493,292.42687716464764,301.52716064453125,5,0,0,2007-09-10,2007-09-14,0,True,True
2007-09-21,295.46025587834708,310.02086348975666,292.42678302538661,301.52716064453125,4,0,0,2007-09-18,2007-09-21,0,True,True
2007-09-28,304.59149760781168,309.49438538214173,299.07573851290903,299.6885986328125,4,0,0,2007-09-25,2007-09-28,0,True,True
2007-10-05,294.78571767358449,312.55868530273438,294.78571767358449,312.55868530273438,5,0,0,2007-10-01,2007-10-05,0,True,True
2007-10-12,306.43010799121481,321.75150690851984,306.43010799121481,317.46148681640625,4,0,0,2007-10-09,2007-10-12,0,True,True
2007-10-19,315.62297968901402,318.68728046269376,307.65583459835244,313.78448486328125,5,0,0,2007-10-15,2007-10-19,0,True,True
2007-10-26,310.72009941839406,310.72009941839406,296.01143791339149,299.6885986328125,5,0,0,2007-10-22,2007-10-26,0,True,True
2007-11-02,300.91433691209363,314.39729710947171,300.91433691209363,308.26864624023438,5,0,0,2007-10-29,2007-11-02,0,True,True
2007-11-09,307.04294470584756,313.78453947368422,250.65976871397436,251.27262878417969,5,0,0,2007-11-05,2007-11-09,0,True,True
2007-11-16,251.27270020748907,251.27270020748907,237.17686764440072,244.53123474121094,5,0,0,2007-11-12,2007-11-16,0,True,True
2007-11-23,243.30551426631766,256.78842496871948,241.46688827665727,254.94984436035156,4,0,0,2007-11-19,2007-11-22,0,True,True
2007-11-30,255.56269404970365,288.04428718745839,255.56269404970365,287.43142700195312,5,0,0,2007-11-26,2007-11-30,0,True,True
2007-12-07,284.36705971575799,308.88147542152637,284.36705971575799,307.65579223632812,5,0,0,2007-12-03,2007-12-07,0,True,True
2007-12-14,305.20438978407117,307.65575528096474,297.85006713867188,302.1400146484375,5,0,0,2007-12-10,2007-12-14,0,True,True
2007-12-21,299.6886362371086,299.6886362371086,282.52852167578544,283.75424194335938,5,0,0,2007-12-17,2007-12-21,0,True,True
2007-12-28,289.882935678857,294.1728515625,273.33566840277774,275.787109375,4,0,0,2007-12-25,2007-12-28,0,True,True
2008-01-04,250.659825246103,259.2398681640625,248.20838441240028,259.2398681640625,1,0,0,2008-01-04,2008-01-04,0,True,True
2008-01-11,253.72403019652444,263.52978515625,252.49838786953492,260.46554565429688,5,0,0,2008-01-07,2008-01-11,0,True,True
2008-01-18,250.04690864376906,255.56268310546878,245.75685508578434,255.56268310546878,4,0,0,2008-01-15,2008-01-18,0,True,True
2008-01-25,251.27262878417969,261.69131527579788,243.91836547851562,258.62701416015625,5,0,0,2008-01-21,2008-01-25,0,True,True
2008-02-01,255.56258748847748,265.36843872070312,255.56258748847748,265.36843872070312,5,0,0,2008-01-28,2008-02-01,0,True,True
2008-02-08,265.36840215586301,265.98126220703125,260.46559425371873,261.07843017578125,5,0,0,2008-02-04,2008-02-08,0,True,True
2008-02-15,261.07843017578125,262.30415050524499,251.27262878417969,254.94984436035156,4,0,0,2008-02-12,2008-02-15,0,True,True
2008-02-22,252.49844625721809,254.33702717656678,251.27258634104314,253.72416687011722,5,0,0,2008-02-18,2008-02-22,0,True,True
2008-02-29,254.33702717656678,255.56274778946587,242.07980346679685,242.07980346679685,5,0,0,2008-02-25,2008-02-29,0,True,True
2008-03-07,240.85406158909652,244.53122569328576,240.85406158909652,241.46690368652341,5,0,0,2008-03-03,2008-03-07,0,True,True
2008-03-14,234.7254638671875,234.7254638671875,216.33955383300781,216.33955383300781,5,0,0,2008-03-10,2008-03-14,0,True,True
2008-03-21,208.37245794875784,208.98534603854671,199.79238891601562,208.37246704101562,4,0,0,2008-03-17,2008-03-21,0,True,True
2008-03-28,214.50111389160156,218.79107666015625,202.24389648437503,202.24389648437503,5,0,0,2008-03-24,2008-03-28,0,True,True
2008-04-04,202.85667061511379,209.59812927246094,198.56665039062497,209.59812927246094,5,0,0,2008-03-31,2008-04-04,0,True,True
2008-04-11,212.04962447593951,213.27534484863278,201.01810610692914,201.63096618652341,5,0,0,2008-04-07,2008-04-11,0,True,True
2008-04-18,201.63096918211392,203.4695739746094,199.79238891601562,203.4695739746094,5,0,0,2008-04-14,2008-04-18,0,True,True
2008-04-25,204.08243996756417,207.75959777832031,201.01810918617824,207.75959777832031,5,0,0,2008-04-21,2008-04-25,0,True,True
2008-05-02,202.24382626611771,205.30807495117188,198.56669001652642,202.24389648437503,4,0,0,2008-04-28,2008-05-02,0,True,True
2008-05-09,209.59822713454798,209.59822713454798,200.40531560724435,201.01812744140622,3,0,0,2008-05-07,2008-05-09,0,True,True
2008-05-16,199.79240715212936,203.4695739746094,199.79240715212936,201.63096618652341,5,0,0,2008-05-12,2008-05-16,0,True,True
2008-05-23,202.24389648437503,204.08243413718353,196.72810955341043,200.4052734375,5,0,0,2008-05-19,2008-05-23,0,True,True
2008-05-30,200.40524602733484,204.69532775878906,197.34102760527526,204.69532775878906,5,0,0,2008-05-26,2008-05-30,0,True,True
2008-06-06,205.30818802153993,209.598209860796,202.24389648437503,204.69532775878906,5,0,0,2008-06-02,2008-06-06,0,True,True
2008-06-13,200.40526729676779,207.75962553392179,200.40524602733484,202.856689453125,5,0,0,2008-06-09,2008-06-13,0,True,True
2008-06-20,205.30820857843705,207.7596043767156,200.4052734375,200.4052734375,5,0,0,2008-06-16,2008-06-20,0,True,True
2008-06-27,198.56668686285249,204.69532775878906,197.95382671821406,199.79238891601562,5,0,0,2008-06-23,2008-06-27,0,True,True
2008-07-04,196.11524939903845,205.30807495117188,196.11524939903845,205.30807495117188,5,0,0,2008-06-30,2008-07-04,0,True,True
2008-07-11,204.08243996756417,208.98536682128906,202.24377532503499,208.98536682128906,5,0,0,2008-07-07,2008-07-11,0,True,True
2008-07-18,205.9210205078125,211.43678283691406,205.9210205078125,211.43678283691406,5,0,0,2008-07-14,2008-07-18,0,True,True
2008-07-25,215.72671721702397,219.40390586303357,208.37239731189817,213.27534484863278,4,0,0,2008-07-22,2008-07-25,0,True,True
2008-08-01,212.66249368662139,217.56530761718753,206.53386819466905,216.95249938964847,5,0,0,2008-07-28,2008-08-01,0,True,True
2008-08-08,212.04967258998326,214.50111389160156,201.01812744140622,201.63096618652341,5,0,0,2008-08-04,2008-08-08,0,True,True
2008-08-15,202.24389648437503,202.24389648437503,186.92234802246094,186.92234802246094,5,0,0,2008-08-11,2008-08-15,0,True,True
2008-08-22,188.14804685505388,192.43805506322292,185.69664845883267,188.76089477539062,5,0,0,2008-08-18,2008-08-22,0,True,True
2008-08-29,196.11523740780279,200.4052734375,194.27663016613616,198.56665039062497,5,0,0,2008-08-25,2008-08-29,0,True,True
2008-09-05,192.43812367193863,192.43812367193863,168.53656005859375,168.53656005859375,5,0,0,2008-09-01,2008-09-05,0,True,True
2008-09-12,181.40657043457034,186.30950927734375,175.89083011730298,186.30950927734375,5,0,0,2008-09-08,2008-09-12,0,True,True
2008-09-19,186.30946937803665,197.34096714787589,172.21367540030644,191.82522583007812,4,0,0,2008-09-16,2008-09-19,0,True,True
2008-09-26,195.50240517268105,195.50240517268105,185.69659453553041,188.76089477539062,4,0,0,2008-09-22,2008-09-26,0,True,True
2008-10-03,187.53522688505666,187.53522688505666,177.11657104492187,178.34234619140625,5,0,0,2008-09-29,2008-10-03,0,True,True
2008-10-10,177.11660831075321,177.11660831075321,153.2150478813592,155.66648864746094,5,0,0,2008-10-06,2008-10-10,0,True,True
2008-10-17,169.14940176764838,171.60083316293432,163.02077984553512,169.76225280761719,4,0,0,2008-10-14,2008-10-17,0,True,True
2008-10-24,168.53653251702059,172.82655334472656,161.18220520019531,161.18220520019531,5,0,0,2008-10-20,2008-10-24,0,True,True
2008-10-31,161.1822646856308,165.4722475201896,140.95785070348668,163.6336669921875,5,0,0,2008-10-27,2008-10-31,0,True,True
2008-11-07,164.85938734418889,166.0850830078125,159.95648193359375,159.95648193359375,4,0,0,2008-11-04,2008-11-07,0,True,True
2008-11-14,159.34363741323767,163.02082400851779,147.08643453529632,148.92503356933594,5,0,0,2008-11-10,2008-11-14,0,True,True
2008-11-21,151.98926972179879,158.73074340820312,150.7635498046875,158.73074340820312,5,0,0,2008-11-17,2008-11-21,0,True,True
2008-11-28,161.79504347399856,161.79504347399856,155.66644334240772,158.117919921875,4,0,0,2008-11-25,2008-11-28,0,True,True
2008-12-05,159.95651809404481,169.14942932128906,159.95651809404481,169.14942932128906,5,0,0,2008-12-01,2008-12-05,0,True,True
2008-12-12,169.76227572183967,197.3409295537669,169.76227572183967,192.43804931640625,5,0,0,2008-12-08,2008-12-12,0,True,True
2008-12-19,202.85672285750107,204.08244323730469,197.95380864991731,202.24389648437503,5,0,0,2008-12-15,2008-12-19,0,True,True
2008-12-26,202.24388326310972,206.53390502929688,196.11522847432025,202.856689453125,4,0,0,2008-12-22,2008-12-26,0,True,True
2009-01-02,201.63100487204159,209.59812927246094,201.63100487204159,209.59812927246094,2,0,0,2008-12-29,2008-12-30,0,True,True
2009-01-09,207.14673760788278,214.50111389160156,207.14673760788278,208.98536682128906,5,0,0,2009-01-05,2009-01-09,0,True,True
2009-01-16,199.79237045476464,207.75959777832031,193.66377013406634,207.75959777832031,4,0,0,2009-01-13,2009-01-16,0,True,True
2009-01-23,211.43679183342553,212.04965209960938,194.27668762207031,194.27668762207031,5,0,0,2009-01-19,2009-01-23,0,True,True
2009-01-30,193.66378784179688,204.08244323730469,190.59950823783873,200.4052734375,5,0,0,2009-01-26,2009-01-30,0,True,True
2009-02-06,200.4052734375,200.4052734375,189.37380981445312,189.37380981445312,5,0,0,2009-02-02,2009-02-06,0,True,True
2009-02-13,188.76091308593752,188.76091308593752,174.05228831670055,185.08378601074219,4,0,0,2009-02-09,2009-02-13,0,True,True
2009-02-20,189.37380981445312,189.37380981445312,174.66514818596119,179.56803894042972,5,0,0,2009-02-16,2009-02-20,0,True,True
2009-02-27,180.18089914159157,183.24523925781247,175.89082114009534,183.24523925781247,5,0,0,2009-02-23,2009-02-27,0,True,True
2009-03-06,183.24523925781247,196.11524963378906,183.24517211914062,196.11524963378906,5,0,0,2009-03-02,2009-03-06,0,True,True
2009-03-13,196.1152587130062,196.72811889648435,189.9866424266165,193.66378784179688,5,0,0,2009-03-09,2009-03-13,0,True,True
2009-03-20,199.17959502249056,212.66250331712806,199.17959502249056,208.37246704101562,4,0,0,2009-03-16,2009-03-19,0,True,True
2009-03-27,212.66239844428171,245.14404924485862,212.66239844428171,242.07980346679685,5,0,0,2009-03-23,2009-03-27,0,True,True
2009-04-03,232.2739618550176,234.1125364278426,220.62957763671875,232.27395629882812,5,0,0,2009-03-30,2009-04-03,0,True,True
2009-04-10,232.27397765305938,244.53120449472803,231.66111755371094,238.402587890625,5,0,0,2009-04-06,2009-04-10,0,True,True
2009-04-17,238.40264345639713,244.5311704363142,235.95120239257812,241.46690368652341,5,0,0,2009-04-13,2009-04-17,0,True,True
2009-04-24,241.46692461943505,243.91836547851562,219.4038840466597,237.789794921875,5,0,0,2009-04-20,2009-04-24,0,True,True
2009-05-01,239.62837581044622,239.62837581044622,232.88687133789062,232.88687133789062,4,0,0,2009-04-27,2009-05-01,0,True,True
2009-05-08,232.27395629882812,232.27407324218748,229.82263183593747,229.82263183593747,2,0,0,2009-05-07,2009-05-08,0,True,True
2009-05-15,229.82253419592024,233.49966430664065,215.72669390713526,233.49966430664065,5,0,0,2009-05-11,2009-05-15,0,True,True
2009-05-22,223.69401921224858,229.82258950510331,217.56541594615959,226.75822448730469,5,0,0,2009-05-18,2009-05-22,0,True,True
2009-05-29,235.33830261230469,238.40265521806541,226.75828831170193,227.9840087890625,5,0,0,2009-05-25,2009-05-29,0,True,True
2009-06-05,231.04829406738281,238.40252950401504,231.04829406738281,231.66111755371094,5,0,0,2009-06-01,2009-06-05,0,True,True
2009-06-12,233.49969474305496,235.95113824915003,229.82263183593747,229.82263183593747,5,0,0,2009-06-08,2009-06-12,0,True,True
2009-06-19,230.43543058696548,232.88687133789062,223.69394821619409,226.75822448730469,5,0,0,2009-06-15,2009-06-19,0,True,True
2009-06-26,231.04824173968771,232.88681634183294,218.17821650144433,232.27395629882812,5,0,0,2009-06-22,2009-06-26,0,True,True
2009-07-03,229.8225736744524,235.95110435185472,227.98398120900526,229.20970153808594,5,0,0,2009-06-29,2009-07-03,0,True,True
2009-07-10,231.04828203170695,231.66111755371094,222.46820402403137,225.53250122070312,5,0,0,2009-07-06,2009-07-10,0,True,True
2009-07-17,228.59680150902787,232.88692297662635,224.91973876953125,228.59677124023435,5,0,0,2009-07-13,2009-07-17,0,True,True
2009-07-24,237.78968438576527,237.78968438576527,231.0482574543625,237.17687988281247,4,0,0,2009-07-21,2009-07-24,0,True,True
2009-07-31,238.40265521806541,238.40265521806541,233.49966430664065,235.95120239257812,4,0,0,2009-07-27,2009-07-31,1,True,True
2009-08-07,233.49974342923875,239.01546359062198,231.66111755371094,231.66111755371094,5,0,0,2009-08-03,2009-08-07,0,True,True
2009-08-14,231.661154263848,235.95116277535757,230.43536425012306,235.33830261230469,5,0,0,2009-08-10,2009-08-14,0,True,True
2009-08-21,235.3383120888158,239.62836398830663,231.04822426142655,235.95120239257812,5,0,0,2009-08-17,2009-08-21,0,True,True
2009-08-28,233.49975979961926,243.91838425262063,231.04829406738281,231.04829406738281,5,0,0,2009-08-24,2009-08-28,0,True,True
2009-09-04,231.04828203170695,232.88682191268256,222.46823120117188,222.46823120117188,4,0,0,2009-08-31,2009-09-04,0,True,True
2009-09-11,223.6939697265625,224.30687953885749,213.88814748844632,214.50111389160156,5,0,0,2009-09-07,2009-09-11,0,True,True
2009-09-18,214.50109196280292,214.50109196280292,196.72807029441549,204.08244323730469,5,0,0,2009-09-14,2009-09-18,0,True,True
2009-09-25,210.21100477938691,213.27534861845129,206.53384434592826,208.37246704101562,2,0,0,2009-09-21,2009-09-25,1,True,True
2009-10-02,211.43676428959284,217.56535955741583,204.69523735933527,210.82383728027344,5,0,0,2009-09-28,2009-10-02,0,True,True
2009-10-09,203.46960723328735,206.53379480162664,192.43808541646817,204.69532775878906,5,0,0,2009-10-05,2009-10-09,0,True,True
2009-10-16,208.3724645666174,208.3724645666174,201.01812744140622,201.01812744140622,4,0,0,2009-10-13,2009-10-16,0,True,True
2009-10-23,204.08246749603819,207.14678955078125,196.72812095848289,204.69532775878906,5,0,0,2009-10-19,2009-10-23,0,True,True
2009-10-30,210.82388919574527,210.82388919574527,202.24388670778561,204.69532775878906,5,0,0,2009-10-26,2009-10-30,0,True,True
2009-11-06,200.40527888706754,206.53390854704168,199.17955852690199,203.4695739746094,4,0,0,2009-11-02,2009-11-06,0,True,True
2009-11-13,205.92105823863639,209.59820629085917,202.24389648437503,205.9210205078125,5,0,0,2009-11-09,2009-11-13,0,True,True
2009-11-20,202.85676728197811,219.40399649483817,202.85676728197811,214.50111389160156,5,0,0,2009-11-16,2009-11-20,0,True,True
2009-11-27,205.3081979462595,209.5981782896329,202.24382936414275,204.08244323730469,4,0,0,2009-11-24,2009-11-27,0,True,True
2009-12-04,205.92101726700776,220.01687622070312,205.92101726700776,220.01687622070312,5,0,0,2009-11-30,2009-12-04,0,True,True
2009-12-11,232.27396508294183,232.88682514912375,221.85543823242188,226.1453857421875,5,0,0,2009-12-07,2009-12-11,0,True,True
2009-12-18,226.14541049068922,226.75825218852231,220.01679063697162,223.08113098144531,5,0,0,2009-12-14,2009-12-18,0,True,True
2009-12-25,223.69387732611764,225.53259010523396,220.62957763671875,224.30686950683594,4,0,0,2009-12-21,2009-12-25,0,True,True
2010-01-01,224.30673726399741,224.30673726399741,217.56527794731988,220.62957763671875,3,0,0,2009-12-28,2009-12-30,0,True,True
2010-01-08,221.24251729500392,223.0810977711397,210.82391304956124,217.56530761718753,5,0,0,2010-01-04,2010-01-08,0,True,True
2010-01-15,213.27528107471957,220.01687622070312,213.27528107471957,220.01687622070312,4,0,0,2010-01-12,2010-01-15,0,True,True
2010-01-22,220.01677249475199,227.37110599011262,214.50105554917278,218.79107666015625,5,0,0,2010-01-18,2010-01-22,0,True,True
2010-01-29,221.24257263524572,227.37111888212314,212.66249368662139,213.88821411132812,5,0,0,2010-01-25,2010-01-29,0,True,True
2010-02-05,209.59818373055293,213.88818991079972,208.37249050250634,210.21102905273438,5,0,0,2010-02-01,2010-02-05,0,True,True
2010-02-12,210.21106235670007,213.27536355723504,202.24382936414275,202.856689453125,4,0,0,2010-02-08,2010-02-12,0,True,True
2010-02-19,207.75951465208141,216.33964703534102,203.46958304740289,212.04965209960938,5,0,0,2010-02-15,2010-02-19,0,True,True
2010-02-26,212.049561068543,218.1781676386444,208.37240105001337,217.56530761718753,5,0,0,2010-02-22,2010-02-26,0,True,True
2010-03-05,220.01687622070312,220.629657136292,210.21109161376953,214.50111389160156,5,0,0,2010-03-01,2010-03-05,0,True,True
2010-03-12,216.33958757427379,223.08115888563967,212.04965209960938,221.85543823242188,5,0,0,2010-03-08,2010-03-12,0,True,True
2010-03-19,223.08117811792741,223.69403849737225,216.33955807156033,223.6939697265625,5,0,0,2010-03-15,2010-03-19,0,True,True
2010-03-26,223.693951483272,226.75831070363196,218.7911268140449,224.30686950683594,4,0,0,2010-03-23,2010-03-26,0,True,True
2010-04-02,219.34972813924153,225.54608154296872,219.34972813924153,225.54608154296872,5,0,0,2010-03-29,2010-04-02,0,True,True
2010-04-09,226.7853027012037,229.88349017218198,224.30677480282989,227.40501403808594,5,0,0,2010-04-05,2010-04-09,0,True,True
2010-04-16,228.02457614474827,228.02457614474827,218.11044921874998,219.3497314453125,5,0,0,2010-04-12,2010-04-16,0,True,True
2010-04-23,211.91422369313796,222.44797085383749,211.91422369313796,215.0123291015625,5,0,0,2010-04-19,2010-04-23,0,True,True
2010-04-30,220.58901977539062,225.54603271484373,207.57677788608584,212.53375244140625,4,0,0,2010-04-26,2010-04-30,0,True,True
2010-05-07,212.53383749417307,212.53383749417307,193.32520682856722,197.04299926757812,2,0,0,2010-05-06,2010-05-07,0,True,True
2010-05-14,203.85895091731373,212.5338443187957,197.66263022073883,205.7178955078125,5,0,0,2010-05-10,2010-05-14,0,True,True
2010-05-21,206.33744201660156,217.49088497819571,206.33744201660156,206.95713806152344,5,0,0,2010-05-17,2010-05-21,0,True,True
2010-05-28,206.95710395364202,215.63201095397213,201.38043076244753,203.85899353027344,5,0,0,2010-05-24,2010-05-28,0,True,True
2010-06-04,198.9018943600538,211.91416033576519,198.9018943600538,207.57675170898438,5,0,0,2010-05-31,2010-06-04,0,True,True
2010-06-11,202.61970842981631,203.85895410006927,198.90194702148438,202.61968994140622,3,0,0,2010-06-07,2010-06-11,2,True,True
2010-06-18,199.52156813601229,216.25155334472655,199.52156813601229,210.05528259277344,5,0,0,2010-06-14,2010-06-18,0,True,True
2010-06-25,211.91422369313796,216.25155334472655,209.43559278482599,212.53375244140625,5,0,0,2010-06-21,2010-06-25,0,True,True
2010-07-02,208.81596085350992,213.77301630403835,206.95711016231741,209.43563842773438,5,0,0,2010-06-28,2010-07-02,0,True,True
2010-07-09,214.39275262522145,214.39275262522145,208.8160625280336,213.77302551269528,5,0,0,2010-07-05,2010-07-09,0,True,True
2010-07-16,214.39269702922368,219.34978372400457,213.77306495688489,216.25160217285156,5,0,0,2010-07-12,2010-07-16,0,True,True
2010-07-23,215.63191209798651,215.63191209798651,205.09823205421515,210.6748962402344,3,0,0,2010-07-21,2010-07-23,0,True,True
2010-07-30,215.6319669015067,219.34978143100082,210.05528259277344,210.05528259277344,5,0,0,2010-07-26,2010-07-30,0,True,True
2010-08-06,205.09823205421515,210.67494772125522,203.85899353027344,210.05528259277344,5,0,0,2010-08-02,2010-08-06,0,True,True
2010-08-13,211.29456643227698,211.29456643227698,195.1841019421089,206.33750915527341,5,0,0,2010-08-09,2010-08-13,0,True,True
2010-08-20,203.23932704640859,214.39275262522145,203.23932704640859,213.15348815917969,5,0,0,2010-08-16,2010-08-20,0,True,True
2010-08-27,213.77305014091624,213.77305014091624,210.05530657726297,213.77302551269528,5,0,0,2010-08-23,2010-08-27,0,True,True
2010-09-03,216.87120340638242,219.3497314453125,202.61968677799874,203.23931884765622,5,0,0,2010-08-30,2010-09-03,0,True,True
2010-09-10,210.67493427265154,210.67493427265154,197.04303301209049,202.00007629394531,4,0,0,2010-09-06,2010-09-10,1,True,True
2010-09-17,200.14120815111241,206.33750915527341,198.2822779605263,206.33750915527341,4,0,0,2010-09-13,2010-09-17,0,True,True
2010-09-24,207.57677021140825,209.43564799294543,200.14117431640622,200.14117431640622,3,0,0,2010-09-21,2010-09-24,0,True,True
2010-10-01,205.09821396325466,218.21434909986414,201.38042156512921,208.80863952636719,5,0,0,2010-09-27,2010-10-01,0,True,True
2010-10-08,208.80863952636719,213.82500707535516,206.92742620195659,210.68974304199219,5,0,0,2010-10-04,2010-10-08,0,True,True
2010-10-15,211.31687927246094,211.31687927246094,206.92744445800781,206.92744445800781,4,0,0,2010-10-12,2010-10-15,0,True,True
2010-10-22,205.67337466861392,210.06270876797763,191.25112576500013,195.01344299316406,5,0,0,2010-10-18,2010-10-22,0,True,True
2010-10-29,196.267534422643,200.02985434862055,174.32070922851562,174.32070922851562,5,0,0,2010-10-25,2010-10-29,0,True,True
2010-11-05,172.4395018357497,184.35356140136719,170.55834363390517,184.35356140136719,4,0,0,2010-11-01,2010-11-05,0,True,True
2010-11-12,187.48877040464868,196.89459667330473,182.47234845402264,191.87817382812497,5,0,0,2010-11-08,2010-11-12,0,True,True
2010-11-19,196.26754270281111,198.1487012590681,184.35353797007414,193.13227844238284,5,0,0,2010-11-15,2010-11-19,0,True,True
2010-11-26,188.74293705109628,198.14868261252241,188.74293705109628,195.64053344726562,4,0,0,2010-11-22,2010-11-26,0,True,True
2010-12-03,196.26759197901166,202.53809796103948,195.640471440212,197.52169799804688,5,0,0,2010-11-29,2010-12-03,0,True,True
2010-12-10,195.01337979193366,206.92745383726347,195.01337979193366,205.04629516601562,5,0,0,2010-12-06,2010-12-10,0,True,True
2010-12-17,207.55452663927193,213.82502746582031,207.55452663927193,213.19796752929688,5,0,0,2010-12-13,2010-12-17,0,True,True
2010-12-24,213.82502746582031,215.70618606522638,206.30033642213735,208.18157958984375,4,0,0,2010-12-20,2010-12-24,0,True,True
2010-12-31,210.06270376352163,210.06270376352163,193.75932312011722,193.75932312011722,4,0,0,2010-12-27,2010-12-30,0,True,True
2011-01-07,198.7757803518561,206.92750698182641,195.64048828124999,205.67340087890625,4,0,0,2011-01-04,2011-01-07,0,True,True
2011-01-14,200.6569110576923,205.04628098707931,198.77569580078125,203.79217529296872,4,0,0,2011-01-11,2011-01-14,0,True,True
2011-01-21,201.28398132324216,206.92749314081101,197.52169799804688,197.52169799804688,5,0,0,2011-01-17,2011-01-21,0,True,True
2011-01-28,200.65693915644778,208.80858345149841,197.52169799804688,197.52169799804688,5,0,0,2011-01-24,2011-01-28,0,True,True
2011-02-04,194.38641357421878,200.02988622158389,191.87820178616434,198.14872741699219,5,0,0,2011-01-31,2011-02-04,0,True,True
2011-02-11,203.16515089590339,203.16515089590339,190.62402979947069,194.38641357421878,4,0,0,2011-02-07,2011-02-10,0,True,True
2011-02-18,194.38641357421878,198.14868261252241,193.13227844238284,196.89457702636719,5,0,0,2011-02-14,2011-02-18,0,True,True
2011-02-25,199.40283328671998,200.02989009734125,194.38641357421878,198.77569580078125,5,0,0,2011-02-21,2011-02-25,0,True,True
2011-03-04,198.77574867872323,202.53810188539569,191.87820178616434,197.52169799804688,5,0,0,2011-02-28,2011-03-04,0,True,True
2011-03-11,193.13230768019156,200.02989009734125,184.9805908203125,184.9805908203125,5,0,0,2011-03-07,2011-03-11,0,True,True
2011-03-18,203.7921295609585,230.75545486047471,188.11586032660242,205.67340087890625,5,0,0,2011-03-14,2011-03-18,0,True,True
2011-03-25,215.07908219723797,241.4153402822989,210.06266045502832,237.02597045898438,4,0,0,2011-03-22,2011-03-25,0,True,True
2011-04-01,233.26367657001202,239.56782760620118,224.99094920688208,230.69493103027344,5,0,0,2011-03-28,2011-04-01,0,True,True
2011-04-08,226.25845000197768,231.96244453984266,209.14651040469897,215.48428344726562,5,0,0,2011-04-04,2011-04-08,0,True,True
2011-04-15,218.65314751340631,223.72336542676064,209.14651489257812,211.68156433105469,5,0,0,2011-04-11,2011-04-15,0,True,True
2011-04-22,213.5829548747993,216.11806413147346,201.5411744103065,203.44252014160156,5,0,0,2011-04-18,2011-04-22,0,True,True
2011-04-29,201.54122488839283,209.14652553173377,199.63989257812497,207.24519348144528,4,0,0,2011-04-25,2011-04-28,0,True,True
2011-05-06,207.24518293900923,210.41409301757812,206.61140562115293,210.41409301757812,2,0,0,2011-05-02,2011-05-06,0,True,True
2011-05-13,214.85048948015486,214.85048948015486,192.03453289657543,197.10475158691406,5,0,0,2011-05-09,2011-05-13,0,True,True
2011-05-20,197.73850874467328,197.73854783581149,182.52785824769296,196.47099304199219,5,0,0,2011-05-16,2011-05-20,0,True,True
2011-05-27,195.20337252042191,198.37228458806089,192.03452363561414,192.66828918457031,5,0,0,2011-05-23,2011-05-27,0,True,True
2011-06-03,188.23185381793337,200.90740591580752,185.69677376260563,186.33055114746094,5,0,0,2011-05-30,2011-06-03,0,True,True
2011-06-10,183.79542068321948,190.1331787109375,181.26031143241644,190.1331787109375,5,0,0,2011-06-06,2011-06-10,0,True,True
2011-06-17,185.69677376260563,190.13321280080737,182.52790832519531,182.52790832519531,5,0,0,2011-06-13,2011-06-17,0,True,True
2011-06-24,184.42923901326634,197.10473005395187,184.42923901326634,185.69673156738281,5,0,0,2011-06-20,2011-06-24,0,True,True
2011-07-01,185.69673156738281,193.30207824707031,183.79543904078045,193.30207824707031,5,0,0,2011-06-27,2011-07-01,0,True,True
2011-07-08,194.5696183690485,206.61138424710961,194.5696183690485,197.10475158691406,5,0,0,2011-07-04,2011-07-08,0,True,True
2011-07-15,199.6397943827632,203.44252014160156,194.56965473030189,200.27365112304688,5,0,0,2011-07-11,2011-07-15,0,True,True
2011-07-22,202.17497013233327,215.4843240457254,202.17497013233327,211.0478820800781,4,0,0,2011-07-19,2011-07-22,0,True,True
2011-07-29,205.97766269076692,213.58302307128903,199.63989257812497,199.63989257812497,5,0,0,2011-07-25,2011-07-29,0,True,True
2011-08-05,197.73850874467328,197.73850874467328,180.62657594680786,182.52790832519531,5,0,0,2011-08-01,2011-08-05,0,True,True
2011-08-12,180.62657594680786,192.66828776041669,176.19006509983794,184.42915344238281,5,0,0,2011-08-08,2011-08-12,0,True,True
2011-08-19,189.49943542480469,197.10475158691406,189.49937786885116,194.56959533691406,5,0,0,2011-08-15,2011-08-19,0,True,True
2011-08-26,196.47100539434521,207.87896615487557,196.47100539434521,203.44252014160156,5,0,0,2011-08-22,2011-08-26,0,True,True
2011-09-02,204.71009276184856,204.71010186805489,199.63987374607521,203.44252014160156,5,0,0,2011-08-29,2011-09-02,0,True,True
2011-09-09,199.63985621372115,205.97756777890424,199.00607889240774,204.71005249023438,5,0,0,2011-09-05,2011-09-09,0,True,True
2011-09-16,198.37229919433591,204.07632446289062,196.47097425062171,204.07632446289062,5,0,0,2011-09-12,2011-09-16,0,True,True
2011-09-23,202.17499224739785,205.34385681152344,198.37229919433591,198.37229919433591,3,0,0,2011-09-20,2011-09-22,0,True,True
2011-09-30,200.27361783114347,217.58747973742786,195.20339965820312,213.73637390136719,5,0,0,2011-09-26,2011-09-30,0,True,True
2011-10-07,211.81080712212457,211.81080712212457,204.10858640670776,211.81080627441406,5,0,0,2011-10-03,2011-10-07,0,True,True
2011-10-14,208.60154237540516,211.16894597387167,197.69007873535156,197.69007873535156,4,0,0,2011-10-11,2011-10-14,0,True,True
2011-10-21,198.33199970538797,203.4666748046875,195.76454162597656,203.4666748046875,5,0,0,2011-10-17,2011-10-21,0,True,True
2011-10-28,207.31787775739838,207.31787775739838,192.55525207519531,197.69007873535156,5,0,0,2011-10-24,2011-10-28,0,True,True
2011-11-04,197.69007355032616,198.97377532662696,192.55526644512287,195.12265014648438,4,0,0,2011-10-31,2011-11-04,0,True,True
2011-11-11,193.83900776524698,198.97381591796875,187.42045593261719,193.83892822265625,5,0,0,2011-11-07,2011-11-11,0,True,True
2011-11-18,197.69009449442879,198.97381591796875,191.27158493292137,198.33192443847656,5,0,0,2011-11-14,2011-11-18,0,True,True
2011-11-25,198.33192929577598,199.61563110351562,189.34599274083186,197.04820251464844,4,0,0,2011-11-21,2011-11-25,0,True,True
2011-12-02,195.12267511541194,202.18303960733138,191.91342059048742,200.25755310058591,5,0,0,2011-11-28,2011-12-02,0,True,True
2011-12-09,202.82492065429688,202.82492065429688,194.48082857467114,197.69007873535156,5,0,0,2011-12-05,2011-12-09,0,True,True
2011-12-16,200.89931735870945,201.54116821289062,193.83892822265625,193.83892822265625,5,0,0,2011-12-12,2011-12-16,0,True,True
2011-12-23,192.55529724725403,198.33194545057952,192.55528684522284,194.48085021972656,4,0,0,2011-12-19,2011-12-22,0,True,True
2011-12-30,198.33192029095335,198.33192029095335,191.27156066894531,194.48085021972656,5,0,0,2011-12-26,2011-12-30,0,True,True
2012-01-06,193.19712240045723,197.69007873535156,192.55525207519531,192.55525207519531,3,0,0,2012-01-04,2012-01-06,0,True,True
2012-01-13,195.12265014648438,198.33192964033648,194.48079932363407,195.76454162597656,4,0,0,2012-01-10,2012-01-13,0,True,True
2012-01-20,195.76453834954944,211.81081198475843,195.76453834954944,200.89933776855469,4,0,0,2012-01-16,2012-01-20,1,True,True
2012-01-27,203.46674067099639,205.39228820800781,201.54116821289062,202.18309020996094,5,0,0,2012-01-23,2012-01-27,0,True,True
2012-02-03,202.18306963956809,205.39234561011907,200.89927196803529,202.18309020996094,5,0,0,2012-01-30,2012-02-03,0,True,True
2012-02-10,202.82482409552446,205.39228923834403,198.97378425239395,199.61563110351562,5,0,0,2012-02-06,2012-02-10,0,True,True
2012-02-17,197.69011387978833,205.39229420427316,197.69011387978833,200.89933776855469,5,0,0,2012-02-13,2012-02-17,0,True,True
2012-02-24,201.54118792016678,211.81079621010639,201.54118792016678,211.16894531250003,5,0,0,2012-02-20,2012-02-24,0,True,True
2012-03-02,206.03414792147549,214.37820998683119,205.39229699337119,213.09454345703125,5,0,0,2012-02-27,2012-03-02,0,True,True
2012-03-09,213.73635905872692,216.94561767578125,209.24341244423857,216.94561767578125,5,0,0,2012-03-05,2012-03-09,0,True,True
2012-03-16,214.37815351343866,216.94555654952774,209.243408203125,212.45266723632812,5,0,0,2012-03-12,2012-03-16,0,True,True
2012-03-23,212.45262631915864,216.30377298683558,207.95967047555106,211.81080627441406,4,0,0,2012-03-19,2012-03-23,0,True,True
2012-03-30,212.45262164776142,215.02008651078111,204.62634192572699,211.77204895019531,5,0,0,2012-03-26,2012-03-30,0,True,True
2012-04-06,211.77201866882135,213.0712335072804,201.37835693359375,207.22479248046875,5,0,0,2012-04-02,2012-04-06,0,True,True
2012-04-13,204.62635803222656,204.62635803222656,193.58301748143563,202.02790832519531,5,0,0,2012-04-09,2012-04-13,0,True,True
2012-04-20,202.02786753632876,211.77204895019531,198.77983108076077,211.77204895019531,5,0,0,2012-04-16,2012-04-20,0,True,True
2012-04-27,213.72088623046875,218.26807156934478,212.42165104935808,215.02003479003903,5,0,0,2012-04-23,2012-04-27,0,True,True
2012-05-04,211.77202342555427,216.96886702987166,211.77202342555427,216.31925964355469,2,0,0,2012-05-01,2012-05-02,0,True,True
2012-05-11,211.12244143807814,215.66966318419844,209.82319641113281,213.72088623046875,5,0,0,2012-05-07,2012-05-11,0,True,True
2012-05-18,207.87440046479432,207.87440046479432,196.18144152478772,202.02790832519531,5,0,0,2012-05-14,2012-05-18,0,True,True
2012-05-25,200.07912112505008,205.92554274415659,189.03580197896042,189.68540954589844,5,0,0,2012-05-21,2012-05-25,0,True,True
2012-06-01,185.78773461576151,193.58297215728246,183.83886282050648,191.63421630859372,5,0,0,2012-05-28,2012-06-01,0,True,True
2012-06-08,185.78770951859212,190.33494567871091,185.78770951859212,187.08699035644531,5,0,0,2012-06-04,2012-06-08,0,True,True
2012-06-15,185.78771469383909,190.33494567871091,183.18925476074219,183.18925476074219,5,0,0,2012-06-11,2012-06-15,0,True,True
2012-06-22,183.83889251173588,194.88219694065964,183.83889251173588,192.28375244140625,5,0,0,2012-06-18,2012-06-22,0,True,True
2012-06-29,197.48066212871288,217.61851101386836,194.88223236386139,213.07125854492188,5,0,0,2012-06-25,2012-06-29,0,True,True
2012-07-06,212.421630859375,216.96892336190464,208.52398625645068,213.07125854492188,5,0,0,2012-07-02,2012-07-06,0,True,True
2012-07-13,213.07116661658654,215.66966774680398,211.12234497070312,213.07125854492188,5,0,0,2012-07-09,2012-07-13,0,True,True
2012-07-20,214.37047497979526,216.31929747961158,202.67753998089734,209.82319641113281,4,0,0,2012-07-17,2012-07-20,0,True,True
2012-07-27,209.823237306583,212.42166748994626,200.72874933058213,203.32711791992188,5,0,0,2012-07-23,2012-07-27,0,True,True
2012-08-03,200.72867822343375,205.2759704589844,200.07910156249997,202.02790832519531,4,0,0,2012-07-30,2012-08-03,1,True,True
2012-08-10,199.42946884055542,211.77204895019531,198.13025405983518,211.77204895019531,5,0,0,2012-08-06,2012-08-10,0,True,True
2012-08-17,207.22475195234748,213.0712335072804,201.378295703437,209.82319641113281,5,0,0,2012-08-13,2012-08-17,0,True,True
2012-08-24,213.72088623046875,214.37049378740025,207.87441821808511,213.07125854492188,5,0,0,2012-08-20,2012-08-24,0,True,True
2012-08-31,215.02006031383169,215.02006031383169,207.87437438964844,207.87437438964844,5,0,0,2012-08-27,2012-08-31,0,True,True
2012-09-07,206.57509446364185,211.77195218599761,203.97675054640996,204.62635803222656,5,0,0,2012-09-03,2012-09-07,0,True,True
2012-09-14,204.62635803222656,208.52400207519531,203.32714221039294,207.87437438964844,4,0,0,2012-09-10,2012-09-14,1,True,True
2012-09-21,210.47282452449619,213.07125854492188,204.62635717659353,213.07125854492188,4,0,0,2012-09-18,2012-09-21,0,True,True
2012-09-28,214.37045288085938,220.28870046319932,203.97673395330256,216.34323120117188,5,0,0,2012-09-24,2012-09-28,0,True,True
2012-10-05,211.08254798302283,213.71286010742188,203.84918212890625,203.84918212890625,5,0,0,2012-10-01,2012-10-05,0,True,True
2012-10-12,203.84918212890625,203.84918212890625,192.01280212402344,192.01280212402344,4,0,0,2012-10-09,2012-10-12,0,True,True
2012-10-19,195.95825195312503,207.79463327426117,193.98548806957928,205.8218994140625,5,0,0,2012-10-15,2012-10-19,0,True,True
2012-10-26,205.82192939709705,210.42495727539062,200.56130500356102,209.10980224609375,4,0,0,2012-10-22,2012-10-26,1,True,True
2012-11-02,204.50675964355469,208.45222767526315,180.83395335985267,185.43701171875,4,0,0,2012-10-29,2012-11-02,1,True,True
2012-11-09,182.80668640136716,184.7794204272812,182.80668640136716,182.80668640136716,5,0,0,2012-11-05,2012-11-09,0,True,True
2012-11-16,182.80668640136716,184.77940412248884,178.20361249874799,184.121826171875,5,0,0,2012-11-12,2012-11-16,0,True,True
2012-11-23,187.40973195722026,188.72494716375647,183.46426391601562,187.40971374511719,4,0,0,2012-11-19,2012-11-22,0,True,True
2012-11-30,192.67033303470933,203.19163513183594,190.69759924937102,203.19163513183594,5,0,0,2012-11-26,2012-11-30,0,True,True
2012-12-07,206.47947562906646,214.37045288085938,206.47947393399534,211.74017333984375,5,0,0,2012-12-03,2012-12-07,0,True,True
2012-12-14,213.71290787406591,231.46745542146974,211.08256249925111,228.1795654296875,5,0,0,2012-12-10,2012-12-14,0,True,True
2012-12-21,230.15237426757812,240.01601187030923,219.63109791035555,234.09780883789065,5,0,0,2012-12-17,2012-12-21,0,True,True
2012-12-28,236.72811713100464,243.3039024438751,225.54930114746094,225.54930114746094,4,0,0,2012-12-25,2012-12-28,0,True,True
2013-01-04,235.41297722391147,238.04328981859203,234.09782092657116,237.3857116699219,1,0,0,2013-01-04,2013-01-04,0,True,True
2013-01-11,233.44015053897203,246.59178391942439,233.44015053897203,243.96147155761719,5,0,0,2013-01-07,2013-01-11,0,True,True
2013-01-18,243.96142714956531,244.6190354261941,241.98869323730466,243.30384826660156,4,0,0,2013-01-15,2013-01-18,0,True,True
2013-01-25,243.30383137585645,245.93417758628971,237.38570916162777,238.70085144042966,5,0,0,2013-01-21,2013-01-25,0,True,True
2013-02-01,236.72810814597392,238.70082400025439,231.46748352050781,232.7825927734375,5,0,0,2013-01-28,2013-02-01,0,True,True
2013-02-08,232.78263967687434,232.78263967687434,210.42492525077162,218.97346496582031,5,0,0,2013-02-04,2013-02-08,0,True,True
2013-02-15,226.20690499441963,230.15237426757812,214.37045288085938,214.37045288085938,4,0,0,2013-02-12,2013-02-15,0,True,True
2013-02-22,217.00071674819438,228.83714342804396,214.37040503003445,223.57655334472656,5,0,0,2013-02-18,2013-02-22,0,True,True
2013-03-01,228.83715767846749,240.01601064671354,226.86445555935015,235.4129638671875,5,0,0,2013-02-25,2013-03-01,0,True,True
2013-03-08,232.78268711635044,237.38573460170198,226.8644832066127,232.12510681152344,5,0,0,2013-03-04,2013-03-08,0,True,True
2013-03-15,234.75535896496893,234.75538695260383,229.49479605538502,230.80989074707031,5,0,0,2013-03-11,2013-03-15,0,True,True
2013-03-22,233.44016816880969,240.01601064671354,230.15237426757812,230.15237426757812,4,0,0,2013-03-18,2013-03-22,0,True,True
2013-03-29,233.44020289233606,236.72808888894934,229.49473467443744,230.08566284179688,5,0,0,2013-03-25,2013-03-29,0,True,True
2013-04-05,226.09566370646158,236.0705212262435,218.78083968799265,232.0805969238281,5,0,0,2013-04-01,2013-04-05,0,True,True
2013-04-12,233.4105308532715,240.06045523457144,228.09063271416559,234.07556152343753,5,0,0,2013-04-08,2013-04-12,0,True,True
2013-04-19,230.75062456997961,238.73047221207818,230.7506103515625,237.40049743652344,5,0,0,2013-04-15,2013-04-19,0,True,True
2013-04-26,239.39548449569875,250.03528776041668,235.40553185933149,238.73046875000003,5,0,0,2013-04-22,2013-04-26,0,True,True
2013-05-03,233.41056823730469,240.06044197625923,232.74558674205434,234.07556152343753,3,0,0,2013-04-30,2013-05-02,0,True,True
2013-05-10,239.39541625976562,250.03528776041668,239.39541625976562,249.37030029296875,4,0,0,2013-05-07,2013-05-10,0,True,True
2013-05-17,244.0503532245595,252.69516359385472,229.42064878319491,239.39541625976562,5,0,0,2013-05-13,2013-05-17,0,True,True
2013-05-24,244.71532873205234,248.70530474475129,232.0805867369746,236.07051086425781,5,0,0,2013-05-20,2013-05-24,0,True,True
2013-05-31,234.74057193585298,234.74057193585298,216.78593644255199,222.10577392578125,5,0,0,2013-05-27,2013-05-31,0,True,True
2013-06-07,219.44579885585077,219.44579885585077,188.85647583007815,188.85647583007815,5,0,0,2013-06-03,2013-06-07,0,True,True
2013-06-14,199.49618077804615,221.44076538085938,199.49618077804615,221.44076538085938,5,0,0,2013-06-10,2013-06-14,0,True,True
2013-06-21,222.10579514777524,232.08059128270006,214.12593235825048,220.11079406738281,5,0,0,2013-06-17,2013-06-21,0,True,True
2013-06-28,226.09568187972437,229.42063736278863,210.13597708620861,219.44583129882812,5,0,0,2013-06-24,2013-06-28,0,True,True
2013-07-05,225.43069458007812,236.0705212262435,220.11079618290813,233.41056823730469,5,0,0,2013-07-01,2013-07-05,0,True,True
2013-07-12,235.40554336021688,246.04534193017017,228.75563049316406,231.41561889648438,5,0,0,2013-07-08,2013-07-12,0,True,True
2013-07-19,236.07057364327568,236.07057364327568,225.43069458007812,225.43069458007812,4,0,0,2013-07-16,2013-07-19,0,True,True
2013-07-26,226.09567860354429,235.40556256068234,225.43069131353386,228.0906982421875,5,0,0,2013-07-22,2013-07-26,0,True,True
2013-08-02,222.77079684289586,224.10071782691242,216.12092317040288,220.77580261230472,5,0,0,2013-07-29,2013-08-02,0,True,True
2013-08-09,224.76573181152347,230.08566284179688,216.78590393066406,230.08566284179688,5,0,0,2013-08-05,2013-08-09,0,True,True
2013-08-16,230.08565835391775,235.40555796903723,219.44579124450684,223.43571472167969,5,0,0,2013-08-12,2013-08-16,0,True,True
2013-08-23,223.43578383501838,229.42061837795561,223.43578383501838,225.43069458007812,5,0,0,2013-08-19,2013-08-23,0,True,True
2013-08-30,228.09064047357555,228.09064047357555,216.12089538574219,216.12089538574219,5,0,0,2013-08-26,2013-08-30,0,True,True
2013-09-06,216.12089111144286,226.09566370646158,216.12089111144286,223.43571472167969,5,0,0,2013-09-02,2013-09-06,0,True,True
2013-09-13,250.03530641320631,331.16372598553988,234.07560600385273,280.62466430664062,5,0,0,2013-09-09,2013-09-13,0,True,True
2013-09-20,280.62469249352068,281.95466733946154,275.96978053272767,278.62973022460938,4,0,0,2013-09-17,2013-09-20,0,True,True
2013-09-27,277.96473104719348,279.294705836893,259.2203413280763,267.2789306640625,4,0,0,2013-09-24,2013-09-27,0,True,True
2013-10-04,266.60743507385251,271.3083218383789,244.44610264889272,247.80387878417969,5,0,0,2013-09-30,2013-10-04,0,True,True
2013-10-11,249.14692887558274,266.60742857782725,241.08825362575507,259.89187622070312,5,0,0,2013-10-07,2013-10-11,0,True,True
2013-10-18,263.92108154296875,265.93574628757159,258.5486884483924,263.92108154296875,4,0,0,2013-10-15,2013-10-18,0,True,True
2013-10-25,258.54867381117953,274.66600081499888,257.2055638173552,267.95050048828125,5,0,0,2013-10-21,2013-10-25,0,True,True
2013-11-01,268.62205111716833,300.856689453125,268.62205111716833,284.73941040039062,4,0,0,2013-10-28,2013-11-01,1,True,True
2013-11-08,286.754076040016,288.76874167964144,274.6660692663487,283.39627075195312,4,0,0,2013-11-05,2013-11-08,0,True,True
2013-11-15,288.09706151374036,312.27303870370457,283.39628059404907,286.75405883789062,5,0,0,2013-11-11,2013-11-15,0,True,True
2013-11-22,286.08249132780105,287.42560161572499,276.00918205864997,278.02383422851562,5,0,0,2013-11-18,2013-11-22,0,True,True
2013-11-29,278.02382405598956,290.11181640625,278.02382405598956,281.38162231445312,5,0,0,2013-11-25,2013-11-29,0,True,True
2013-12-06,278.6954003558306,282.72477941193648,273.32296130868741,276.68072509765625,5,0,0,2013-12-02,2013-12-06,0,True,True
2013-12-13,282.05317874606567,282.05317874606567,272.65135047371638,274.666015625,5,0,0,2013-12-09,2013-12-13,0,True,True
2013-12-20,274.66597250563592,274.66597250563592,261.23495135729826,265.2642822265625,5,0,0,2013-12-16,2013-12-20,0,True,True
2013-12-27,266.6073755618915,279.366943359375,265.93587982177735,279.366943359375,4,0,0,2013-12-24,2013-12-27,0,True,True
2014-01-03,284.73942634456267,284.73942634456267,279.36698433806146,284.06787109375,1,0,0,2013-12-30,2013-12-30,0,True,True
2014-01-10,284.06775964130458,295.48426996925059,283.39620465397286,292.79800415039062,5,0,0,2014-01-06,2014-01-10,0,True,True
2014-01-17,293.46960568482848,294.81271600832883,276.68073124405373,290.78335571289062,4,0,0,2014-01-14,2014-01-17,0,True,True
2014-01-24,287.42560922907688,294.14124159702033,276.68072275015021,279.366943359375,5,0,0,2014-01-20,2014-01-24,0,True,True
2014-01-31,279.36696698588707,279.36696698588707,265.2642810735054,268.62210083007812,5,0,0,2014-01-27,2014-01-31,0,True,True
2014-02-07,268.6220556273496,268.6220556273496,228.32872663225444,256.53408813476562,5,0,0,2014-02-03,2014-02-07,0,True,True
2014-02-14,268.6220579509494,296.82736648447099,264.59272708168515,284.73941040039062,4,0,0,2014-02-10,2014-02-14,0,True,True
2014-02-21,285.41095468351881,286.08250987100945,261.90650650217566,271.3082275390625,5,0,0,2014-02-17,2014-02-21,0,True,True
2014-02-28,271.3083218383789,289.44029689284991,267.27899032592774,275.33758544921875,5,0,0,2014-02-24,2014-02-28,0,True,True
2014-03-07,273.99452531308157,282.05313110351562,269.96519405847744,282.05313110351562,5,0,0,2014-03-03,2014-03-07,0,True,True
2014-03-14,279.36695799610311,284.06779632568362,267.27894534921285,267.95050048828125,5,0,0,2014-03-10,2014-03-14,0,True,True
2014-03-21,278.69537918655959,284.06782023111981,269.29360735857927,275.33758544921875,4,0,0,2014-03-17,2014-03-20,0,True,True
2014-03-28,275.33759189011465,296.29821348410047,267.2789306640625,294.26412963867188,5,0,0,2014-03-24,2014-03-28,0,True,True
2014-04-04,299.01025390625,308.50278854370117,293.58603161316614,303.07855224609375,5,0,0,2014-03-31,2014-04-04,0,True,True
2014-04-11,301.04439568014703,301.04439568014703,277.99145349092237,280.70358276367188,5,0,0,2014-04-07,2014-04-11,0,True,True
2014-04-18,282.73763317026214,290.19589233398438,282.05960083007812,290.19589233398438,5,0,0,2014-04-14,2014-04-18,0,True,True
2014-04-25,290.19596919307003,296.97624884711371,280.70359430887612,289.51800537109375,5,0,0,2014-04-21,2014-04-25,0,True,True
2014-05-02,291.55209350585938,295.62014312391744,282.05962830314724,285.44976806640625,4,0,0,2014-04-28,2014-05-02,0,True,True
2014-05-09,281.38162231445312,283.41567119116922,274.60128784179688,274.60128784179688,3,0,0,2014-05-07,2014-05-09,0,True,True
2014-05-16,272.56721858074542,274.60135991848892,256.97259521484375,256.97259521484375,5,0,0,2014-05-12,2014-05-16,0,True,True
2014-05-23,251.54835230238893,266.46491387718083,251.54835230238893,261.71871948242188,5,0,0,2014-05-19,2014-05-23,0,True,True
2014-05-30,267.14297024856137,271.88919067382812,264.43085887547954,269.85516357421875,5,0,0,2014-05-26,2014-05-30,0,True,True
2014-06-06,274.60128784179688,282.73762229636867,265.1088424489468,268.4990234375,5,0,0,2014-06-02,2014-06-06,0,True,True
2014-06-13,268.49903961181639,277.99142990112307,268.4990234375,273.92327880859375,5,0,0,2014-06-09,2014-06-13,0,True,True
2014-06-20,272.56721579265127,284.771750629812,272.56721579265127,280.70358276367188,5,0,0,2014-06-16,2014-06-20,0,True,True
2014-06-27,284.09363970075333,286.80581665039062,280.70358276367188,280.70358276367188,5,0,0,2014-06-23,2014-06-27,0,True,True
2014-07-04,280.70365883859148,288.16180637904574,280.70365883859148,284.09368896484375,5,0,0,2014-06-30,2014-07-04,0,True,True
2014-07-11,282.73763317026214,284.09369621002412,275.27933332045296,279.34750366210938,5,0,0,2014-07-07,2014-07-11,0,True,True
2014-07-18,284.09372265212198,284.09372265212198,270.53312061451101,275.27932739257812,5,0,0,2014-07-14,2014-07-18,0,True,True
2014-07-25,274.60129232967603,284.09373771853564,271.88918080049405,277.99148559570312,4,0,0,2014-07-22,2014-07-25,0,True,True
2014-08-01,279.34754570690831,291.55210942172545,275.27937756554553,281.38162231445312,5,0,0,2014-07-28,2014-08-01,0,True,True
2014-08-08,280.02557373046875,288.16186369751853,273.24524957670582,282.73764038085938,5,0,0,2014-08-04,2014-08-08,0,True,True
2014-08-15,290.19593546940729,296.97626808679848,281.38157294346735,292.23007202148438,5,0,0,2014-08-11,2014-08-15,0,True,True
2014-08-22,291.55198938706343,317.31705432286077,291.55198938706343,310.5367431640625,5,0,0,2014-08-18,2014-08-22,0,True,True
2014-08-29,310.5367837639447,355.96466357891376,303.75650464246121,345.79421997070312,5,0,0,2014-08-25,2014-08-29,0,True,True
2014-09-05,344.43815256055075,351.21843115426236,334.26775454735571,345.79421997070312,5,0,0,2014-09-01,2014-09-05,0,True,True
2014-09-12,352.57452392578125,355.28663564828724,335.62382429838181,343.76016235351562,5,0,0,2014-09-08,2014-09-12,0,True,True
2014-09-19,342.40405736007091,349.18435938218062,341.72602952371432,344.43814086914062,4,0,0,2014-09-16,2014-09-19,0,True,True
2014-09-26,344.43818736076355,370.96886302382592,344.43818736076355,364.13702392578125,4,0,0,2014-09-22,2014-09-26,0,True,True
2014-10-03,370.96888078962053,370.96888078962053,351.83976033528648,358.67160034179688,5,0,0,2014-09-29,2014-10-03,0,True,True
2014-10-10,355.93887723625386,366.18664691091959,353.88933868408202,355.25570678710938,5,0,0,2014-10-06,2014-10-10,0,True,True
2014-10-17,347.74067527209792,347.74067527209792,328.61153713565926,330.66107177734375,4,0,0,2014-10-14,2014-10-17,0,True,True
2014-10-24,347.74069581978051,357.30525579978166,334.76018828105151,347.0574951171875,5,0,0,2014-10-20,2014-10-24,0,True,True
2014-10-31,353.88926482154682,362.08755580690575,349.79016136801539,357.30526733398438,5,0,0,2014-10-27,2014-10-31,0,True,True
2014-11-07,368.91936449734675,368.91936449734675,349.79021226415097,362.0875244140625,4,0,0,2014-11-04,2014-11-07,0,True,True
2014-11-14,355.25568033854165,389.41485629055671,355.25565837033241,372.3353271484375,5,0,0,2014-11-10,2014-11-14,0,True,True
2014-11-21,366.18662846403305,376.43445909288192,360.72115639740571,365.50341796875,5,0,0,2014-11-17,2014-11-21,0,True,True
2014-11-28,365.50351291232636,371.65217013888889,364.13706276122599,370.96890258789068,4,0,0,2014-11-25,2014-11-28,0,True,True
2014-12-05,371.65210808957949,379.85034642408903,368.91935063989126,378.48397827148438,5,0,0,2014-12-01,2014-12-05,0,True,True
2014-12-12,378.4839568536932,379.1671142578125,362.08752351648667,371.652099609375,5,0,0,2014-12-08,2014-12-12,0,True,True
2014-12-19,368.91940671588299,377.80081647537151,355.25570222701151,376.4344482421875,5,0,0,2014-12-15,2014-12-19,0,True,True
2014-12-26,373.70169532145928,385.9989975273715,368.23622262937209,384.63262939453125,4,0,0,2014-12-22,2014-12-26,0,True,True
2015-01-02,388.0484619140625,403.07855670954905,381.89985288243719,401.71218872070312,2,0,0,2014-12-29,2014-12-30,0,True,True
2015-01-09,416.74213472372628,426.30681070049155,408.54392879473494,425.62362670898438,5,0,0,2015-01-05,2015-01-09,0,True,True
2015-01-16,426.30683162460571,449.53510167738966,405.81132279083505,433.82183837890625,4,0,0,2015-01-13,2015-01-16,0,True,True
2015-01-23,433.82179044327643,447.48553466796875,425.62358337978145,447.48553466796875,5,0,0,2015-01-19,2015-01-23,0,True,True
2015-01-30,452.26778697686211,480.96142436594198,450.2182350721331,471.39685058593744,5,0,0,2015-01-26,2015-01-30,0,True,True
2015-02-06,474.12958595165304,477.54560790097798,452.95098431809504,467.9810791015625,5,0,0,2015-02-02,2015-02-06,0,True,True
2015-02-13,471.39689915616754,511.70481689781712,471.39689915616754,507.605712890625,4,0,0,2015-02-09,2015-02-13,0,True,True
2015-02-20,508.97214035961508,511.70487668369356,478.91202907455698,504.87298583984375,5,0,0,2015-02-16,2015-02-20,0,True,True
2015-02-27,511.7049563473218,511.7049563473218,493.25891012811854,498.04119873046869,5,0,0,2015-02-23,2015-02-27,0,True,True
2015-03-06,496.67473070942759,497.35791465813384,465.9313798545063,476.862548828125,5,0,0,2015-03-02,2015-03-06,0,True,True
2015-03-13,476.17923390967212,511.70472888200067,476.17923390967212,506.2392578125,5,0,0,2015-03-09,2015-03-13,0,True,True
2015-03-20,501.45707476349912,508.28887091280654,490.52611809354045,500.77401733398438,5,0,0,2015-03-16,2015-03-20,0,True,True
2015-03-27,501.45706577326837,504.87298583984375,467.29790704900563,479.64895629882812,5,0,0,2015-03-23,2015-03-27,0,True,True
2015-04-03,475.51393314059686,488.60779882119897,475.51393314059686,481.71636962890625,5,0,0,2015-03-30,2015-04-03,0,True,True
2015-04-10,478.959669030231,483.78374882516147,470.68988667747192,478.95968627929688,5,0,0,2015-04-06,2015-04-10,0,True,True
2015-04-17,484.47292492781315,485.85123502291162,474.13571166992188,474.13571166992188,5,0,0,2015-04-13,2015-04-17,0,True,True
2015-04-24,472.06812041744826,475.5139546623397,464.4875656375126,468.62246704101562,5,0,0,2015-04-20,2015-04-24,0,True,True
2015-05-01,466.55495158236113,474.82472258046988,454.15035126503301,463.7984619140625,4,0,0,2015-04-27,2015-05-01,0,True,True
2015-05-08,463.79842569741857,464.48757640424981,454.83950243255526,456.21780395507818,2,0,0,2015-05-07,2015-05-08,0,True,True
2015-05-15,461.73093190450157,471.37908347256212,441.05651285046724,445.1912841796875,5,0,0,2015-05-11,2015-05-15,0,True,True
2015-05-22,444.50230478140026,456.90695471633961,441.74552597234276,454.83944702148438,5,0,0,2015-05-18,2015-05-22,0,True,True
2015-05-29,452.08284431226326,461.73092651367188,450.70448771653571,461.73092651367188,5,0,0,2015-05-25,2015-05-29,0,True,True
2015-06-05,465.17673005689858,465.86588076809397,454.83946938896747,459.66348266601562,5,0,0,2015-06-01,2015-06-05,0,True,True
2015-06-12,461.73093732770855,463.79838928589231,450.01532928882312,458.28509521484375,5,0,0,2015-06-08,2015-06-12,0,True,True
2015-06-19,461.04178396336499,461.73093461203968,451.3936767578125,451.3936767578125,5,0,0,2015-06-15,2015-06-19,0,True,True
2015-06-26,451.39383523424038,458.28528402797417,448.63712376781228,457.5960693359375,5,0,0,2015-06-22,2015-06-26,0,True,True
2015-07-03,456.21773131858305,457.59599631670943,439.67805701651804,452.77194213867188,5,0,0,2015-06-29,2015-07-03,0,True,True
2015-07-10,452.08282660253303,453.4611279031505,407.28808032913713,418.31448364257812,5,0,0,2015-07-06,2015-07-10,0,True,True
2015-07-17,423.13841491600613,443.12396525445382,420.38181286443609,441.74560546875,5,0,0,2015-07-13,2015-07-17,0,True,True
2015-07-24,446.56956261238821,446.56956261238821,434.16493926568057,436.23239135742188,4,0,0,2015-07-21,2015-07-24,0,True,True
2015-07-31,436.23233579334459,445.19130290095609,415.55780442503891,440.36724853515631,5,0,0,2015-07-27,2015-07-31,0,True,True
2015-08-07,440.36725659640331,458.28525623886247,416.24695390624998,456.21780395507818,5,0,0,2015-08-03,2015-08-07,0,True,True
2015-08-14,463.10933150936233,510.66073608398432,461.7310299274892,478.27056884765625,5,0,0,2015-08-10,2015-08-14,0,True,True
2015-08-21,485.16215620592385,498.94512670308052,457.59611622991406,461.04187011718756,5,0,0,2015-08-17,2015-08-21,0,True,True
2015-08-28,447.25885231711646,456.90696315292485,385.92436126601143,427.27340698242188,5,0,0,2015-08-24,2015-08-28,0,True,True
2015-09-04,432.09761290619343,435.54336739507852,393.50502340769691,407.97726440429688,5,0,0,2015-08-31,2015-09-04,0,True,True
2015-09-11,401.77487182617188,425.89505267027323,390.05930952592325,415.55780029296875,5,0,0,2015-09-07,2015-09-11,0,True,True
2015-09-18,415.55792015037088,434.16496423574597,397.63988518912595,430.03005981445312,5,0,0,2015-09-14,2015-09-18,0,True,True
2015-09-25,425.20603401596486,425.20603401596486,403.84230016652458,423.13851928710938,2,0,0,2015-09-24,2015-09-25,0,True,True
2015-10-02,425.21953828793005,431.46253465221776,394.6980587105129,430.07519531250006,5,0,0,2015-09-28,2015-10-02,0,True,True
2015-10-09,432.84981762419221,467.53345252571273,427.30046098798465,466.83978271484375,5,0,0,2015-10-05,2015-10-09,0,True,True
2015-10-16,466.14605605811408,478.63211113109924,450.19157922982066,473.77630615234375,4,0,0,2015-10-13,2015-10-16,0,True,True
2015-10-23,475.85739118101969,495.97383134820484,472.38904284879652,493.89282226562494,5,0,0,2015-10-19,2015-10-23,0,True,True
2015-10-30,497.3613097886273,499.44231945301482,464.75871202696408,474.4700927734375,5,0,0,2015-10-26,2015-10-30,0,True,True
2015-11-06,467.53343420650964,479.32566259336681,455.04734256628785,473.77630615234375,4,0,0,2015-11-02,2015-11-06,0,True,True
2015-11-13,473.08272262794384,520.25231035240802,470.30808855857686,516.783935546875,5,0,0,2015-11-09,2015-11-13,0,True,True
2015-11-20,516.09019004420236,539.6751012802124,516.09019004420236,532.7384033203125,5,0,0,2015-11-16,2015-11-20,0,True,True
2015-11-27,532.04469204932138,543.83704127753833,529.96368282357446,543.14337158203125,4,0,0,2015-11-24,2015-11-27,0,True,True
2015-12-04,541.0623779296875,565.34086206145446,520.25227231274323,538.2877197265625,5,0,0,2015-11-30,2015-12-04,0,True,True
2015-12-11,543.14341842296517,550.08011597625978,518.17110801312265,533.43194580078125,5,0,0,2015-12-07,2015-12-11,0,True,True
2015-12-18,516.09020504002763,547.99915734198623,516.09020504002763,522.3333740234375,5,0,0,2015-12-14,2015-12-18,0,True,True
2015-12-25,514.702870686849,528.57627387445245,511.92819213867188,514.702880859375,3,0,0,2015-12-21,2015-12-25,1,True,True
2016-01-01,493.19908253739521,518.86489876389828,493.19908253739521,514.702880859375,3,0,0,2015-12-28,2015-12-30,0,True,True
2016-01-08,507.07241015245688,509.15341867565439,468.22707093096557,469.61441040039062,5,0,0,2016-01-04,2016-01-08,0,True,True
2016-01-15,463.37137513241521,486.95613725400875,446.72330177436442,475.857421875,4,0,0,2016-01-12,2016-01-15,0,True,True
2016-01-22,459.90307521392413,468.92074713649521,416.20189375259554,444.64230346679688,5,0,0,2016-01-18,2016-01-22,0,True,True
2016-01-29,457.12835879035748,465.4523520405325,426.60683693823876,462.67767333984381,5,0,0,2016-01-25,2016-01-29,0,True,True
2016-02-05,471.00162793183222,478.63199303823893,421.75122939421522,428.68792724609375,5,0,0,2016-02-01,2016-02-05,0,True,True
2016-02-12,432.84998637354653,474.46999982081422,420.36383026721427,433.54348754882812,4,0,0,2016-02-08,2016-02-12,0,True,True
2016-02-19,475.16381074138462,477.24476267192182,447.4169409366055,466.14596557617188,5,0,0,2016-02-15,2016-02-19,0,True,True
2016-02-26,460.59666431432726,482.79414400703467,439.78655986963042,480.71313476562506,5,0,0,2016-02-22,2016-02-26,0,True,True
2016-03-04,489.73081079563548,490.42448049931198,460.59660884312217,478.632080078125,5,0,0,2016-02-29,2016-03-04,0,True,True
2016-03-11,480.01945642107876,484.18147482935399,457.8219856136385,471.00173950195312,5,0,0,2016-03-07,2016-03-11,0,True,True
2016-03-18,477.93840000622595,505.68533606110259,476.55106067384213,489.73101806640619,5,0,0,2016-03-14,2016-03-18,0,True,True
2016-03-25,498.05474895666975,527.88268140851267,487.64970545478951,515.396484375,4,0,0,2016-03-22,2016-03-25,0,True,True
2016-04-01,516.78396537364245,543.50379390069145,505.68524933877228,516.71630859375,5,0,0,2016-03-28,2016-04-01,0,True,True
2016-04-08,516.71643895775787,534.33978271484375,486.40418845389968,507.55221557617188,5,0,0,2016-04-04,2016-04-08,0,True,True
2016-04-15,504.02757566637649,550.55307708619932,494.15850425472712,536.45440673828125,5,0,0,2016-04-11,2016-04-15,0,True,True
2016-04-22,557.60246497007154,595.66893056970866,554.07786061655941,575.22589111328125,5,0,0,2016-04-18,2016-04-22,0,True,True
2016-04-29,580.86530791133282,594.96410357762898,518.12624131764801,532.22491455078125,4,0,0,2016-04-25,2016-04-28,0,True,True
2016-05-06,511.78193289334661,520.94607218758006,497.68310530037718,511.07684326171875,2,0,0,2016-05-02,2016-05-06,0,True,True
2016-05-13,515.30651450770154,596.37383199881799,504.73250942204419,573.11102294921875,5,0,0,2016-05-09,2016-05-13,0,True,True
2016-05-20,583.68498781096434,683.08063410691591,569.586316607801,658.407958984375,5,0,0,2016-05-16,2016-05-20,0,True,True
2016-05-27,650.65366477966313,792.34546923871767,649.2437976837158,788.82080078125,5,0,0,2016-05-23,2016-05-27,0,True,True
2016-06-03,793.75517422434586,809.26395843722298,734.54084130489468,790.23052978515625,5,0,0,2016-05-30,2016-06-03,0,True,True
2016-06-10,769.08256877161989,787.41095681846684,737.36049307149733,743.70489501953125,5,0,0,2016-06-06,2016-06-10,0,True,True
2016-06-17,731.7210791441039,783.18125563827493,704.22863448293583,709.86810302734375,5,0,0,2016-06-13,2016-06-17,0,True,True
2016-06-24,709.8681279588526,775.42720117367173,691.5398739832716,711.27801513671875,5,0,0,2016-06-20,2016-06-24,0,True,True
2016-07-01,720.4422101912503,803.62423502604167,719.73727652178718,768.37774658203125,5,0,0,2016-06-27,2016-07-01,0,True,True
2016-07-08,773.31229149163096,781.77149613875906,734.54079020406482,752.16436767578125,5,0,0,2016-07-04,2016-07-08,0,True,True
2016-07-15,829.00209162385545,885.39671498591292,814.19843727920102,852.26483154296875,4,0,0,2016-07-11,2016-07-15,1,True,True
2016-07-22,864.24863123187038,948.13593512105263,864.24863123187038,933.33221435546864,4,0,0,2016-07-19,2016-07-22,0,True,True
2016-07-29,929.8076625514675,929.8076625514675,860.01921782622469,922.0531005859375,5,0,0,2016-07-25,2016-07-29,0,True,True
2016-08-05,909.36445721928385,915.70886040918583,817.72304094378205,824.06744384765614,5,0,0,2016-08-01,2016-08-05,0,True,True
2016-08-12,828.29678703756895,870.59281437063385,805.03430490395453,836.0513916015625,4,0,0,2016-08-08,2016-08-12,0,True,True
2016-08-19,844.51041452508218,867.77322227076479,776.13200027547418,790.93560791015625,5,0,0,2016-08-15,2016-08-19,0,True,True
2016-08-26,787.41079551295229,816.31317531419836,782.47626053659542,810.6737060546875,5,0,0,2016-08-22,2016-08-26,0,True,True
2016-09-02,841.69086579093823,841.69086579093823,770.49235168069686,785.29608154296875,5,0,0,2016-08-29,2016-09-02,0,True,True
2016-09-09,789.52570782960765,826.88704947051224,764.85302945993249,783.1812744140625,5,0,0,2016-09-05,2016-09-09,0,True,True
2016-09-16,771.19738403984945,788.1158447265625,743.70501942878229,788.1158447265625,5,0,0,2016-09-12,2016-09-16,0,True,True
2016-09-23,781.06657296945377,842.39551288582095,776.83697058875282,831.1165771484375,3,0,0,2016-09-20,2016-09-23,0,True,True
2016-09-30,833.93643021362618,904.5822447482816,822.65749286500568,835.21697998046875,5,0,0,2016-09-26,2016-09-30,0,True,True
2016-10-07,838.75592410767854,842.29497863977849,813.98255973026664,821.0606689453125,5,0,0,2016-10-03,2016-10-07,0,True,True
2016-10-14,819.64507043716753,834.50910021193488,781.42312793221527,820.35272216796875,4,0,0,2016-10-11,2016-10-14,0,True,True
2016-10-21,820.35293271560079,828.13863013887772,801.94976221519073,804.781005859375,5,0,0,2016-10-17,2016-10-21,0,True,True
2016-10-28,801.94964599609375,835.21687756378776,785.66999740129222,833.09344482421875,5,0,0,2016-10-24,2016-10-28,0,True,True
2016-11-04,833.09346665276416,834.50908851623524,765.14358447846905,772.92950439453125,4,0,0,2016-10-31,2016-11-04,0,True,True
2016-11-11,778.59210205078136,813.98249424067569,716.30471032132425,808.32000732421875,5,0,0,2016-11-07,2016-11-11,0,True,True
2016-11-18,808.32016040169617,813.98259552431773,765.85135114777108,804.0732421875,5,0,0,2016-11-14,2016-11-18,0,True,True
2016-11-25,808.32014019097232,809.02795117187509,782.83903736272021,788.50152587890625,4,0,0,2016-11-21,2016-11-25,0,True,True
2016-12-02,785.67012276662149,801.94977395908302,758.77321555397737,763.02008056640625,5,0,0,2016-11-28,2016-12-02,0,True,True
2016-12-09,755.94199763353492,765.14358009040029,732.58423927968977,758.773193359375,5,0,0,2016-12-05,2016-12-09,0,True,True
2016-12-16,765.85132390802562,772.92949996181039,750.27946063065917,752.40289306640625,5,0,0,2016-12-12,2016-12-16,0,True,True
2016-12-23,750.9874420308488,765.14363370775845,747.44838716736695,753.81854248046875,4,0,0,2016-12-19,2016-12-22,0,True,True
2016-12-30,759.48125580315696,765.14374419684304,737.53891226845724,751.69512939453125,5,0,0,2016-12-26,2016-12-30,0,True,True
2017-01-06,753.11083390025169,763.02005824758055,750.27959016378452,758.773193359375,3,0,0,2017-01-04,2017-01-06,0,True,True
2017-01-13,758.06542710126462,758.06542710126462,743.90919074833107,756.64990234375,4,0,0,2017-01-10,2017-01-13,0,True,True
2017-01-20,760.89678955078125,765.14362766802697,729.75304436661099,759.48114013671875,5,0,0,2017-01-16,2017-01-20,0,True,True
2017-01-27,748.86400311137356,808.32000278258272,748.86400311137356,780.00756835937489,5,0,0,2017-01-23,2017-01-27,0,True,True
2017-02-03,771.51392742201529,789.91701192932942,750.98727144257487,752.40289306640625,5,0,0,2017-01-30,2017-02-03,0,True,True
2017-02-10,760.89676802575423,763.72789709286997,739.66235600567404,744.61700439453125,5,0,0,2017-02-06,2017-02-10,0,True,True
2017-02-17,744.61711270144508,757.35770968683107,726.92183911063125,746.03265380859375,5,0,0,2017-02-13,2017-02-17,0,True,True
2017-02-24,746.03264254410169,753.81851469023775,721.25936587760543,722.67498779296875,5,0,0,2017-02-20,2017-02-24,0,True,True
2017-03-03,719.84373025333184,733.29217229517121,712.76562081131283,717.72027587890625,5,0,0,2017-02-27,2017-03-03,0,True,True
2017-03-10,711.34997757228871,737.53894619215885,711.34997757228871,734.70770263671875,5,0,0,2017-03-06,2017-03-10,0,True,True
2017-03-17,736.83110187237082,740.37028656735947,726.92179079138077,738.24676513671875,5,0,0,2017-03-13,2017-03-17,0,True,True
2017-03-24,731.1685791015625,734.7076332114442,713.4734103411613,726.21392822265625,4,0,0,2017-03-21,2017-03-24,0,True,True
2017-03-31,721.25939802415303,754.74829204396758,714.88909912109375,719.49322509765625,5,0,0,2017-03-27,2017-03-31,0,True,True
2017-04-07,718.7737496060679,731.00513473449951,665.53109596515526,669.84814453125,5,0,0,2017-04-03,2017-04-07,0,True,True
2017-04-14,675.60419787831904,682.79913076307218,642.50741400037487,644.6658935546875,5,0,0,2017-04-10,2017-04-14,0,True,True
2017-04-21,666.25066403069013,682.07967052765707,647.54384193047645,661.93377685546875,5,0,0,2017-04-17,2017-04-21,0,True,True
2017-04-28,671.28709541483136,696.46950415696176,665.53115033088852,689.99407958984375,5,0,0,2017-04-24,2017-04-28,0,True,True
2017-05-05,688.55507797335986,702.2253345053424,687.11609139452321,698.62786865234375,2,0,0,2017-05-01,2017-05-02,0,True,True
2017-05-12,705.10333946365074,725.96866412353518,677.043172157958,687.8355712890625,5,0,0,2017-05-08,2017-05-12,0,True,True
2017-05-19,698.62798213749136,698.62798213749136,633.15404507076801,641.7879638671875,5,0,0,2017-05-15,2017-05-19,0,True,True
2017-05-26,643.22692143522352,656.17779904801318,638.91009521484375,638.91009521484375,5,0,0,2017-05-22,2017-05-26,0,True,True
2017-06-02,639.62946266669292,654.019287109375,631.71503736935472,648.98284912109375,5,0,0,2017-05-29,2017-06-02,0,True,True
2017-06-09,646.10490154633328,647.54388796403111,625.95915661887375,626.67864990234375,5,0,0,2017-06-05,2017-06-09,0,True,True
2017-06-16,626.67854589843751,661.93377685546875,626.67854589843751,661.93377685546875,5,0,0,2017-06-12,2017-06-16,0,True,True
2017-06-23,663.37283311751446,663.37283311751446,640.348876953125,642.5074462890625,5,0,0,2017-06-19,2017-06-23,0,True,True
2017-06-30,643.22684943381319,651.14127375570581,633.87353830380289,641.7879638671875,5,0,0,2017-06-26,2017-06-30,0,True,True
2017-07-07,641.06844563986419,643.94641845979618,623.80063754697392,625.2396240234375,5,0,0,2017-07-03,2017-07-07,0,True,True
2017-07-14,630.99560546875,667.68969753361682,622.36168612368158,656.17791748046875,5,0,0,2017-07-10,2017-07-14,0,True,True
2017-07-21,656.17791748046875,666.25068214210307,648.2634227141674,665.53118896484375,4,0,0,2017-07-17,2017-07-21,1,True,True
2017-07-28,665.53119631226491,685.67697310598271,658.33626446024039,683.51849365234375,5,0,0,2017-07-24,2017-07-28,0,True,True
2017-08-04,689.99399741221282,714.45679793819306,677.76265474995103,713.7373046875,5,0,0,2017-07-31,2017-08-04,0,True,True
2017-08-11,715.89581559713974,732.44416108330483,693.5915698928527,710.85931396484375,4,0,0,2017-08-07,2017-08-11,1,True,True
2017-08-18,701.50584861880441,713.01779366311757,690.71345094774597,699.347412109375,5,0,0,2017-08-14,2017-08-18,0,True,True
2017-08-25,699.34738338694854,716.61520180634227,691.43294069868966,707.98126220703125,5,0,0,2017-08-21,2017-08-25,0,True,True
2017-09-01,708.70075873314477,714.45670398173888,695.0304347933851,712.29827880859375,5,0,0,2017-08-28,2017-09-01,0,True,True
2017-09-08,710.13987665591037,712.29835652416546,669.12861281671178,678.48211669921875,5,0,0,2017-09-04,2017-09-08,0,True,True
2017-09-15,679.9210993582883,694.31101756339024,675.60406898900078,691.43304443359375,5,0,0,2017-09-11,2017-09-15,0,True,True
2017-09-22,696.46937108163127,706.54231169871798,691.43291901802445,702.225341796875,4,0,0,2017-09-18,2017-09-22,1,True,True
2017-09-29,708.70079489315265,722.43714174750824,698.54887498027142,716.64599609375,5,0,0,2017-09-25,2017-09-29,0,True,True
2017-10-06,715.92207381259095,720.26538265270779,693.48172667123276,705.063720703125,5,0,0,2017-10-02,2017-10-06,0,True,True
2017-10-13,705.06381535986282,730.39980393517806,705.06381535986282,728.2281494140625,4,0,0,2017-10-09,2017-10-13,1,True,True
2017-10-20,723.88482472253224,738.36252121698283,702.168211517646,707.95928955078125,5,0,0,2017-10-16,2017-10-20,0,True,True
2017-10-27,701.44437945388313,727.50428257218334,699.99660983684726,720.98931884765625,5,0,0,2017-10-23,2017-10-27,0,True,True
2017-11-03,720.98930306902867,741.25814152791384,718.0937636992735,739.08648681640625,4,0,0,2017-10-30,2017-11-03,1,True,True
2017-11-10,734.74305444834181,763.69854975338762,727.5042186235994,755.0118408203125,5,0,0,2017-11-06,2017-11-10,0,True,True
2017-11-17,748.49686060196314,748.49686060196314,674.66074270972592,676.8323974609375,5,0,0,2017-11-13,2017-11-17,0,True,True
2017-11-24,676.832220964371,689.13829146984017,673.93682620827508,679.7279052734375,4,0,0,2017-11-20,2017-11-24,1,True,True
2017-12-01,683.34734312996034,695.65333024994675,679.72791864304315,689.8623046875,5,0,0,2017-11-27,2017-12-01,0,True,True
2017-12-08,697.82511333827551,702.16831345632295,684.07122307339773,695.65338134765625,5,0,0,2017-12-04,2017-12-08,0,True,True
2017-12-15,706.51159869737864,706.51159869737864,689.13836266383646,700.72052001953125,5,0,0,2017-12-11,2017-12-15,0,True,True
2017-12-22,702.8922119140625,706.51163628025233,687.6905929943747,702.8922119140625,5,0,0,2017-12-18,2017-12-22,0,True,True
2017-12-29,705.78770593223931,710.85482856734882,692.75788665486277,707.95928955078125,5,0,0,2017-12-25,2017-12-29,0,True,True
2018-01-05,705.78778878138326,728.22810406323924,703.61613404667128,726.78033447265625,2,0,0,2018-01-01,2018-01-05,3,True,True
2018-01-12,731.12358968017827,731.12358968017827,713.75045671559337,716.64599609375,4,0,0,2018-01-08,2018-01-12,1,True,True
2018-01-19,722.43705298719067,722.43705298719067,692.75774362838843,695.65338134765625,5,0,0,2018-01-15,2018-01-19,0,True,True
2018-01-26,695.65342641099596,709.40715981901985,690.58623183776285,692.7578125,5,0,0,2018-01-22,2018-01-26,0,True,True
2018-02-02,697.82492141723628,699.99657573699949,666.6978759765625,673.93682861328125,5,0,0,2018-01-29,2018-02-02,0,True,True
2018-02-09,663.07853073974343,667.42183989306056,594.30942293313831,602.27215576171875,5,0,0,2018-02-05,2018-02-09,0,True,True
2018-02-16,613.13026500706553,616.74986769350357,571.86900877684013,583.45123291015625,4,0,0,2018-02-12,2018-02-16,1,True,True
2018-02-23,589.24223700384516,618.19766561548954,589.24223700384516,606.61541748046875,5,0,0,2018-02-19,2018-02-23,0,True,True
2018-03-02,617.47377491111524,617.47377491111524,587.79442163465126,602.99615478515625,5,0,0,2018-02-26,2018-03-02,0,True,True
2018-03-09,597.20501708984375,618.19765380269655,590.69005326704553,597.20501708984375,5,0,0,2018-03-05,2018-03-09,0,True,True
2018-03-16,608.06327189371257,612.40651759897685,595.03333890610838,600.1005859375,5,0,0,2018-03-12,2018-03-16,0,True,True
2018-03-23,597.92882037984907,600.10047469115614,558.11522646889171,558.839111328125,4,0,0,2018-03-19,2018-03-23,1,True,True
2018-03-30,561.010765905825,591.11136493011929,547.98083843962524,589.6298828125,5,0,0,2018-03-26,2018-03-30,0,True,True
2018-04-06,589.62980957031243,612.59297748640472,574.07431572028656,604.44482421875,5,0,0,2018-04-02,2018-04-06,0,True,True
2018-04-13,603.70402763469167,613.33371629322414,600.00032194368123,613.3336181640625,5,0,0,2018-04-09,2018-04-13,0,True,True
2018-04-20,620.0003662109375,631.85221182407008,605.92621422046284,622.96331787109375,5,0,0,2018-04-16,2018-04-20,0,True,True
2018-04-27,629.63002583409377,650.3707275390625,617.03742531741193,644.4447021484375,5,0,0,2018-04-23,2018-04-27,0,True,True
2018-05-04,635.55584138569077,639.25954675507126,630.37072014086175,635.555908203125,2,0,0,2018-04-30,2018-05-04,3,True,True
2018-05-11,634.81516522526192,665.92623384178148,631.11145947715647,660.00030517578125,5,0,0,2018-05-07,2018-05-11,0,True,True
2018-05-18,660.00042506626676,706.66711671473615,660.00042506626676,699.25970458984375,5,0,0,2018-05-14,2018-05-18,0,True,True
2018-05-25,697.03742563636399,710.37071169589422,681.48174856085529,703.7039794921875,5,0,0,2018-05-21,2018-05-25,0,True,True
2018-06-01,701.48197602219716,706.66716486291034,645.9262345386577,671.8521728515625,5,0,0,2018-05-28,2018-06-01,0,True,True
2018-06-08,679.25965453175786,702.22266943980071,668.14849925321698,699.25970458984375,5,0,0,2018-06-04,2018-06-08,0,True,True
2018-06-15,699.25959524601058,711.11153738839278,690.37077886261852,705.18560791015625,5,0,0,2018-06-11,2018-06-15,0,True,True
2018-06-22,704.44487754487295,717.0374755859375,671.8522627649229,717.0374755859375,5,0,0,2018-06-18,2018-06-22,0,True,True
2018-06-29,710.37075690936331,715.55602758353552,679.25969950900901,705.9263916015625,5,0,0,2018-06-25,2018-06-29,0,True,True
2018-07-06,705.92628693191477,706.66702805146554,645.92628065382974,666.6669921875,5,0,0,2018-07-02,2018-07-06,0,True,True
2018-07-13,671.1115016420639,697.03739925889283,642.22259594223988,684.44488525390625,5,0,0,2018-07-09,2018-07-13,0,True,True
2018-07-20,695.55596923828125,705.92627807356348,675.55581044003009,677.03729248046875,4,0,0,2018-07-16,2018-07-20,1,True,True
2018-07-27,681.48183561974645,711.11144445532909,677.77806850973627,708.88922119140625,5,0,0,2018-07-23,2018-07-27,0,True,True
2018-08-03,708.88910522460935,711.111328125,660.74105643174619,671.8521728515625,5,0,0,2018-07-30,2018-08-03,0,True,True
2018-08-10,670.37076670271824,683.70398022755091,627.40769751277969,660.7412109375,5,0,0,2018-08-06,2018-08-10,0,True,True
2018-08-17,652.59287218943291,669.62987782438279,637.03730996925344,641.48187255859375,5,0,0,2018-08-13,2018-08-17,0,True,True
2018-08-24,640.74114696520598,640.74114696520598,617.77812238009471,635.555908203125,5,0,0,2018-08-20,2018-08-24,0,True,True
2018-08-31,636.29661659686428,663.70404052734375,628.1484306469298,663.70404052734375,5,0,0,2018-08-27,2018-08-31,0,True,True
2018-09-07,657.03735033671069,659.25957361857104,633.33365359698632,654.8150634765625,5,0,0,2018-09-03,2018-09-07,0,True,True
2018-09-14,648.14846034517689,662.96321471891792,637.77806249999992,654.8150634765625,5,0,0,2018-09-10,2018-09-14,0,True,True
2018-09-21,662.22259521484375,686.66693115234375,655.55592479321786,686.66693115234375,4,0,0,2018-09-17,2018-09-21,1,True,True
2018-09-28,683.70415472008619,711.89605712890625,682.96341349070372,690.25555419921875,4,0,0,2018-09-24,2018-09-28,1,True,True
2018-10-05,691.0018310546875,708.1649464326747,661.89910888671875,671.60003662109375,5,0,0,2018-10-01,2018-10-05,0,True,True
2018-10-12,664.13775267584776,670.1075302279902,623.84186043823968,630.557861328125,4,0,0,2018-10-08,2018-10-12,1,True,True
2018-10-19,634.28899456779698,646.9748056047913,609.66354864494519,633.5426025390625,5,0,0,2018-10-15,2018-10-19,0,True,True
2018-10-26,624.58800959671544,638.76623203678423,587.27691321091788,594.7391357421875,5,0,0,2018-10-22,2018-10-26,0,True,True
2018-11-02,591.75416304519592,623.84186190034802,588.76927445480408,617.87200927734375,5,0,0,2018-10-29,2018-11-02,0,True,True
2018-11-09,612.64856612042684,641.75116325827207,605.18630779490752,632.05023193359375,5,0,0,2018-11-05,2018-11-09,0,True,True
2018-11-16,630.55789188123003,650.705840139678,620.85689842827628,640.25872802734375,5,0,0,2018-11-12,2018-11-16,0,True,True
2018-11-23,638.02009358914768,644.73609457429654,617.12587640036486,623.84185791015625,4,0,0,2018-11-19,2018-11-23,1,True,True
2018-11-30,623.09549248541487,644.73602960234007,619.36438175196929,636.52764892578125,5,0,0,2018-11-26,2018-11-30,0,True,True
2018-12-07,641.75106298143623,643.24350731395111,595.48542153332426,601.4552001953125,5,0,0,2018-12-03,2018-12-07,0,True,True
2018-12-14,590.2618120110975,599.96261715083301,571.60618845621741,582.05340576171875,5,0,0,2018-12-10,2018-12-14,0,True,True
2018-12-21,586.53070414435001,586.53070414435001,511.16226939553854,520.8631591796875,5,0,0,2018-12-17,2018-12-21,0,True,True
2018-12-28,491.01416118440727,563.39783083512475,485.04438414873061,550.71197509765625,4,0,0,2018-12-24,2018-12-28,1,True,True
2019-01-04,550.71208413613806,553.69697348104944,529.81785872175885,552.20452880859375,1,0,0,2018-12-31,2019-01-04,1,True,True
2019-01-11,556.68179481907896,572.35246196546052,540.26499063189033,570.11376953125,5,0,0,2019-01-07,2019-01-11,0,True,True
2019-01-18,570.11388718558226,584.29211212867915,558.92048062484525,567.87518310546875,4,0,0,2019-01-15,2019-01-18,0,True,True
2019-01-25,580.56085205078125,584.29207008450874,554.44305419921875,554.44305419921875,5,0,0,2019-01-21,2019-01-25,0,True,True
2019-02-01,555.93566474757142,555.93566474757142,528.32543291056948,535.78753662109375,5,0,0,2019-01-28,2019-02-01,0,True,True
2019-02-08,538.77252439402366,553.69694857893319,529.81778441357017,532.80267333984375,5,0,0,2019-02-04,2019-02-08,0,True,True
2019-02-15,534.29521172988041,573.84499695569559,526.83287027088045,535.78753662109375,4,0,0,2019-02-12,2019-02-15,0,True,True
2019-02-22,546.98096600943086,561.90534088459424,543.24985437225882,551.4583740234375,5,0,0,2019-02-18,2019-02-22,0,True,True
2019-03-01,556.68178835969081,557.42801059609792,540.26495619457705,546.98095703125,5,0,0,2019-02-25,2019-03-01,0,True,True
2019-03-08,546.98101149722731,549.21967866570162,510.41605982287177,519.3707275390625,5,0,0,2019-03-04,2019-03-08,0,True,True
2019-03-15,514.14714459566608,546.98096099895724,507.43114415827716,539.51873779296875,5,0,0,2019-03-11,2019-03-15,0,True,True
2019-03-22,539.51876393876591,542.50365336581297,523.10176831020158,538.0262451171875,4,0,0,2019-03-18,2019-03-22,0,True,True
2019-03-29,526.83295722796765,566.16453585417378,518.62451171875,543.21209716796875,5,0,0,2019-03-25,2019-03-29,0,True,True
2019-04-05,552.39316687564292,563.86945540275519,548.56781291305765,555.453369140625,5,0,0,2019-04-01,2019-04-05,0,True,True
2019-04-12,555.45357440211012,555.45357440211012,537.8563871222027,541.68182373046875,5,0,0,2019-04-08,2019-04-12,0,True,True
2019-04-19,556.98375433732122,561.57427978515625,528.67550149087606,540.91680908203125,5,0,0,2019-04-15,2019-04-19,0,True,True
2019-04-26,540.91678813859528,550.09792405558096,533.26596970991659,538.62158203125,5,0,0,2019-04-22,2019-04-26,0,True,True
2019-05-03,,,,,0,0,0,,,0,False,False
2019-05-10,534.7960672282486,540.15167877416809,505.72285484200097,509.54837036132818,4,0,0,2019-05-07,2019-05-10,0,True,True
2019-05-17,509.54815542971738,514.90376667297267,487.36068046904546,510.31329345703119,5,0,0,2019-05-13,2019-05-17,0,True,True
2019-05-24,511.84349429335225,517.19910634126472,468.99856616132939,478.9447021484375,5,0,0,2019-05-20,2019-05-24,0,True,True
2019-05-31,480.47486068483386,484.30031383380344,465.93829345703125,465.93829345703125,5,0,0,2019-05-27,2019-05-31,0,True,True
2019-06-07,464.40803884205064,493.4814315057954,462.1127767060932,490.42108154296875,5,0,0,2019-06-03,2019-06-07,0,True,True
2019-06-14,494.24646239859351,510.31338321190225,484.30034225897077,485.0654296875,5,0,0,2019-06-10,2019-06-14,0,True,True
2019-06-21,489.6559471420095,490.42103455941884,464.40805053710938,464.40805053710938,5,0,0,2019-06-17,2019-06-21,0,True,True
2019-06-28,470.52883407444631,482.77016513378584,460.58259939317088,468.23342895507812,5,0,0,2019-06-24,2019-06-28,0,True,True
2019-07-05,476.64946336012622,516.43408020930508,476.64946336012622,512.608642578125,5,0,0,2019-07-01,2019-07-05,0,True,True
2019-07-12,506.48786311646455,509.54821274254596,474.35417784669528,495.77667236328125,5,0,0,2019-07-08,2019-07-12,0,True,True
2019-07-19,516.43399262892967,522.5546918008281,482.00508468313564,505.7227783203125,4,0,0,2019-07-16,2019-07-19,0,True,True
2019-07-26,503.42749735514326,531.73578846437317,501.13223520914715,517.96417236328125,5,0,0,2019-07-22,2019-07-26,0,True,True
2019-08-02,525.61519586899703,530.2056373029817,492.71628759240588,498.0718994140625,5,0,0,2019-07-29,2019-08-02,0,True,True
2019-08-09,498.83692867249016,504.1926201293187,475.88438500824918,487.36068725585943,5,0,0,2019-08-05,2019-08-09,0,True,True
2019-08-16,482.00512005265352,514.9037180047286,475.11933262332991,508.78302001953131,4,0,0,2019-08-13,2019-08-16,0,True,True
2019-08-23,515.66905679141769,532.50091552734375,512.60870630600868,516.43402099609375,5,0,0,2019-08-19,2019-08-23,0,True,True
2019-08-30,510.31327657496672,521.78975776223569,499.60205337849067,520.25958251953125,5,0,0,2019-08-26,2019-08-30,0,True,True
2019-09-06,521.02441598992607,541.68182690570814,508.78302001953131,529.4404296875,5,0,0,2019-09-02,2019-09-06,0,True,True
2019-09-13,537.09140072228774,563.8694693844335,520.25947648312774,562.33929443359375,5,0,0,2019-09-09,2019-09-13,0,True,True
2019-09-20,565.39971765835207,565.39971765835207,540.15172165758702,559.2789306640625,4,0,0,2019-09-17,2019-09-20,0,True,True
2019-09-27,554.68838263663872,582.23145125325527,552.39312036365959,567.6290283203125,4,0,0,2019-09-24,2019-09-27,0,True,True
2019-10-04,558.34901773863737,577.68231596541307,548.2955075056193,560.66888427734375,5,0,0,2019-09-30,2019-10-04,0,True,True
2019-10-11,563.76215905745289,606.29571533203125,556.80213240242267,595.468994140625,5,0,0,2019-10-07,2019-10-11,0,True,True
2019-10-18,607.06912557733881,630.26915322826449,607.06912557733881,619.44244384765625,4,0,0,2019-10-15,2019-10-18,0,True,True
2019-10-25,627.94911760172624,632.58917236328125,614.02912494923817,632.58917236328125,4,0,0,2019-10-21,2019-10-25,0,True,True
2019-11-01,633.36248958812041,656.56264308713514,626.40246223000918,653.46923828125,5,0,0,2019-10-28,2019-11-01,0,True,True
2019-11-08,655.01593599867545,689.81612624691036,649.60258115571128,674.349365234375,4,0,0,2019-11-05,2019-11-08,0,True,True
2019-11-15,674.34928667009092,675.89595934593967,627.94912448947093,644.9625244140625,5,0,0,2019-11-11,2019-11-15,0,True,True
2019-11-22,641.09589008688192,641.09589008688192,592.37565890049234,601.65570068359375,5,0,0,2019-11-18,2019-11-22,0,True,True
2019-11-29,604.74912028923086,617.89576090598598,595.46908263773366,602.42901611328125,5,0,0,2019-11-25,2019-11-29,0,True,True
2019-12-06,602.42913599819178,613.25576199830027,592.3756641691939,607.8424072265625,5,0,0,2019-12-02,2019-12-06,0,True,True
2019-12-13,612.48239743038175,637.22918701171875,607.8424186706543,637.22918701171875,5,0,0,2019-12-09,2019-12-13,0,True,True
2019-12-20,638.00248841981636,638.00248841981636,612.48239056720104,631.04248046875,5,0,0,2019-12-16,2019-12-20,0,True,True
2019-12-27,631.81586282560147,644.1892145397594,610.9357057042522,637.22918701171875,5,0,0,2019-12-23,2019-12-27,0,True,True
2020-01-03,633.36242991092024,636.4557751119504,625.62906690834484,628.722412109375,1,0,0,2019-12-30,2019-12-30,0,True,True
2020-01-10,621.76244935670309,634.90920262237512,616.34905671420165,617.895751953125,5,0,0,2020-01-06,2020-01-10,0,True,True
2020-01-17,621.76244935670309,624.08245849609375,604.74894158958932,605.52227783203125,4,0,0,2020-01-14,2020-01-17,0,True,True
2020-01-24,605.52237717896287,624.08242342193864,597.7889404296875,600.1090087890625,5,0,0,2020-01-20,2020-01-24,0,True,True
2020-01-31,589.28231030466691,600.88245056389837,569.94880271115414,596.242431640625,5,0,0,2020-01-27,2020-01-31,0,True,True
2020-02-07,593.14896591504407,627.17592598381475,589.28233920653361,603.975830078125,5,0,0,2020-02-03,2020-02-07,0,True,True
2020-02-14,597.78904152409359,604.74906917443877,576.13552912367572,590.82891845703125,4,0,0,2020-02-10,2020-02-14,0,True,True
2020-02-21,591.60240650811943,591.60240650811943,551.38883403703278,566.8555908203125,5,0,0,2020-02-17,2020-02-21,0,True,True
2020-02-28,543.65544064748201,549.84213129496402,480.24187881980782,484.88189697265625,4,0,0,2020-02-25,2020-02-28,0,True,True
2020-03-06,483.33522167705422,518.90869399248538,463.22851562500006,463.22851562500006,5,0,0,2020-03-02,2020-03-06,0,True,True
2020-03-13,464.00176792928613,475.60181212751831,384.34817228519393,401.361572265625,5,0,0,2020-03-09,2020-03-13,0,True,True
2020-03-20,424.56167374795945,435.38844146181606,373.52146073938957,431.52175903320312,4,0,0,2020-03-16,2020-03-19,0,True,True
2020-03-27,439.25507935596113,556.0287319549733,415.2816507291393,547.52203369140625,5,0,0,2020-03-23,2020-03-27,0,True,True
2020-04-03,579.21661736475278,584.76315132036598,437.38382487561489,442.93035888671875,5,0,0,2020-03-30,2020-04-03,0,True,True
2020-04-10,442.1380101254112,503.9422607421875,439.76092404946809,503.9422607421875,5,0,0,2020-04-06,2020-04-10,0,True,True
2020-04-17,503.94229688922178,503.94229688922178,467.49360757806187,481.75607299804688,5,0,0,2020-04-13,2020-04-17,0,True,True
2020-04-24,480.96375458992571,496.01860128530279,469.07830430327868,492.05673217773438,5,0,0,2020-04-20,2020-04-24,0,True,True
2020-05-01,492.05686435729126,518.99713585103507,488.88741595563397,496.81097412109375,4,0,0,2020-04-27,2020-05-01,0,True,True
2020-05-08,488.88736633107635,521.3741455078125,488.0950043110908,521.3741455078125,2,0,0,2020-05-07,2020-05-08,0,True,True
2020-05-15,519.78951051817842,532.46730345764615,491.26437029016961,492.05673217773438,5,0,0,2020-05-11,2020-05-15,0,True,True
2020-05-22,496.81093789377525,504.73462884189985,479.37898711154338,481.75607299804688,5,0,0,2020-05-18,2020-05-22,0,True,True
2020-05-29,489.67970551990322,507.90406364034334,484.92553362165177,491.26440429687506,5,0,0,2020-05-25,2020-05-29,0,True,True
2020-06-05,487.30267701785806,518.204833984375,480.96378040624364,518.204833984375,5,0,0,2020-06-01,2020-06-05,0,True,True
2020-06-12,518.20471264175433,551.48396586129707,511.07352787229433,528.5054931640625,5,0,0,2020-06-08,2020-06-12,0,True,True
2020-06-19,528.50541498048392,549.10687255859375,507.90400450148451,533.2596435546875,5,0,0,2020-06-15,2020-06-19,0,True,True
2020-06-26,526.12829241071427,537.22152646192865,507.90408325195312,528.5054931640625,5,0,0,2020-06-22,2020-06-26,0,True,True
2020-07-03,526.92076904662906,540.39092404481357,486.51030396101351,507.11178588867188,5,0,0,2020-06-29,2020-07-03,0,True,True
2020-07-10,507.90402414471788,522.95890880766365,488.09502807815034,488.88739013671881,5,0,0,2020-07-06,2020-07-10,0,True,True
2020-07-17,507.90407612509358,554.6534423828125,505.52698996538174,537.221435546875,5,0,0,2020-07-13,2020-07-17,0,True,True
2020-07-24,537.22139934420409,537.22139934420409,515.0353356989848,515.82769775390625,3,0,0,2020-07-20,2020-07-22,0,True,True
2020-07-31,522.95888431736682,534.84444006165461,491.26440429687506,491.26440429687506,5,0,0,2020-07-27,2020-07-31,0,True,True
2020-08-07,511.07359671592707,560.99233369199101,496.01871557235717,529.2978515625,5,0,0,2020-08-03,2020-08-07,0,True,True
2020-08-14,534.05200783186524,582.38606533938889,532.46728377301702,578.42425537109375,4,0,0,2020-08-11,2020-08-14,0,True,True
2020-08-21,578.42424445978088,578.42424445978088,547.5221874580875,563.369384765625,5,0,0,2020-08-17,2020-08-21,0,True,True
2020-08-28,573.67003946250441,577.63188248106883,548.31448926872383,567.3311767578125,5,0,0,2020-08-24,2020-08-28,0,True,True
2020-09-04,567.33116562889506,572.87769937107703,537.22143195128399,538.0137939453125,5,0,0,2020-08-31,2020-09-04,0,True,True
2020-09-11,530.09026726110665,559.40762215425775,510.28107858211439,521.3741455078125,5,0,0,2020-09-07,2020-09-11,0,True,True
2020-09-18,518.99705973802008,530.88262808796821,511.07346196880252,518.9971923828125,5,0,0,2020-09-14,2020-09-18,0,True,True
2020-09-25,515.82765115025529,564.16180419921875,515.03528916692164,564.16180419921875,3,0,0,2020-09-23,2020-09-25,0,True,True
2020-10-02,563.3694566734406,613.573631117079,541.18331773271439,552.69683837890625,4,0,0,2020-09-28,2020-10-02,0,True,True
2020-10-09,559.10493944096856,587.14024227268089,559.10493944096856,571.9210205078125,5,0,0,2020-10-05,2020-10-09,0,True,True
2020-10-16,567.91609204789279,583.9361572265625,558.3038330078125,558.3038330078125,5,0,0,2020-10-12,2020-10-16,0,True,True
2020-10-23,561.50795426725347,578.32916259765625,561.50795426725347,577.528076171875,5,0,0,2020-10-19,2020-10-23,0,True,True
2020-10-30,577.52819643437613,579.13018798828125,539.07966815131851,546.28875732421875,5,0,0,2020-10-26,2020-10-30,0,True,True
2020-11-06,549.492756872055,589.54336472602745,549.492756872055,577.528076171875,4,0,0,2020-11-02,2020-11-06,0,True,True
2020-11-13,583.93627870757007,610.36953687165908,571.92112893992453,608.76751708984375,5,0,0,2020-11-09,2020-11-13,0,True,True
2020-11-20,620.78267567193325,646.41499260290345,601.55845783002144,609.56854248046875,5,0,0,2020-11-16,2020-11-20,0,True,True
2020-11-27,645.61402269652854,645.61402269652854,584.73719922539328,611.9715576171875,4,0,0,2020-11-24,2020-11-27,0,True,True
2020-12-04,615.17566933833564,632.79794136683142,587.14031982421875,619.1806640625,5,0,0,2020-11-30,2020-12-04,0,True,True
2020-12-11,612.77260945911837,636.00184249388235,594.34935502195663,623.9866943359375,5,0,0,2020-12-07,2020-12-11,0,True,True
2020-12-18,625.58873597702177,650.4200560451302,604.76243898077985,613.57354736328125,5,0,0,2020-12-14,2020-12-18,0,True,True
2020-12-25,618.37976042429602,618.37976042429602,591.94627466741599,599.95648193359375,5,0,0,2020-12-21,2020-12-25,0,True,True
2021-01-01,607.96641358393254,609.56858744949261,587.14021560381047,594.34930419921875,3,0,0,2020-12-28,2020-12-30,0,True,True
2021-01-08,595.15031948925923,595.15031948925923,555.09982581972906,576.7271728515625,5,0,0,2021-01-04,2021-01-08,0,True,True
2021-01-15,579.13018798828125,611.97152076577242,570.31907862746368,594.34930419921875,4,0,0,2021-01-12,2021-01-15,0,True,True
2021-01-22,594.34940850619614,594.34940850619614,559.10487506806771,571.12005615234375,5,0,0,2021-01-18,2021-01-22,0,True,True
2021-01-29,573.52311609968353,583.93632465172868,564.71194514122169,566.31396484375,5,0,0,2021-01-25,2021-01-29,0,True,True
2021-02-05,566.31404061750936,582.33430455666223,562.3089908253063,579.9312744140625,5,0,0,2021-02-01,2021-02-05,0,True,True
2021-02-12,579.93121666036632,595.951416015625,575.1251220703125,575.1251220703125,4,0,0,2021-02-08,2021-02-12,0,True,True
2021-02-19,583.13526872306034,585.53831469392128,562.30891558742928,571.9210205078125,5,0,0,2021-02-15,2021-02-19,0,True,True
2021-02-26,571.92111240152542,575.92611361023387,545.48785479657056,555.0999755859375,4,0,0,2021-02-22,2021-02-26,0,True,True
2021-03-05,559.10495235143082,582.33415192743303,549.49290664225941,581.53314208984375,5,0,0,2021-03-01,2021-03-05,0,True,True
2021-03-12,579.13014346950661,596.75244140625,575.12504672871876,596.75244140625,5,0,0,2021-03-08,2021-03-12,0,True,True
2021-03-19,600.75740182636582,635.20086669921875,585.53821431343124,635.20086669921875,5,0,0,2021-03-15,2021-03-19,0,True,True
2021-03-26,630.39478994875537,630.39478994875537,582.33421471203383,609.56854248046875,5,0,0,2021-03-22,2021-03-26,0,True,True
2021-04-02,615.175706797967,634.46188841348487,600.29854017688388,605.17901611328125,5,0,0,2021-03-29,2021-04-02,0,True,True
2021-04-09,601.1120189840608,609.24605305989587,593.791259765625,597.04486083984375,5,0,0,2021-04-05,2021-04-09,0,True,True
2021-04-16,600.29856697457728,613.31314267394362,594.60467812793502,605.992431640625,5,0,0,2021-04-12,2021-04-16,0,True,True
2021-04-23,602.7387550188148,603.55216764367151,578.33643704927886,589.7242431640625,5,0,0,2021-04-19,2021-04-23,0,True,True
2021-04-30,592.97786583533662,594.6047196592134,576.70963917699362,584.84368896484375,4,0,0,2021-04-26,2021-04-30,0,True,True
2021-05-07,584.84376114334805,597.04495509026458,584.84376114334805,588.91082763671875,2,0,0,2021-05-06,2021-05-07,0,True,True
2021-05-14,592.16430058755168,597.04494943381019,574.26937627525967,587.28399658203125,5,0,0,2021-05-10,2021-05-14,0,True,True
2021-05-21,599.48504501604816,638.52896334740421,590.53750703073399,632.83502197265625,5,0,0,2021-05-17,2021-05-21,0,True,True
2021-05-28,636.90212808731678,645.84966756236213,590.5374755859375,618.193603515625,5,0,0,2021-05-24,2021-05-28,0,True,True
2021-06-04,613.31318455441192,620.63382681537144,596.23136556643237,600.29852294921875,5,0,0,2021-05-31,2021-06-04,0,True,True
2021-06-11,601.11203291779191,605.99250950440455,586.47052001953125,586.47052001953125,5,0,0,2021-06-07,2021-06-11,0,True,True
2021-06-18,590.53763966425231,602.73883056640625,588.0973047109751,592.16436767578125,5,0,0,2021-06-14,2021-06-18,0,True,True
2021-06-25,597.04488445816355,607.61923664372136,586.47052001953125,600.29852294921875,5,0,0,2021-06-21,2021-06-25,0,True,True
2021-07-02,600.29854017688388,619.82049560546875,592.97780064174106,619.82049560546875,5,0,0,2021-06-28,2021-07-02,0,True,True
2021-07-09,622.26058107741335,622.26058107741335,580.77668694252918,602.73883056640625,5,0,0,2021-07-05,2021-07-09,0,True,True
2021-07-16,623.07406761532741,649.103271484375,617.38017926897328,628.76788330078125,5,0,0,2021-07-12,2021-07-16,0,True,True
2021-07-23,616.56669340742394,637.71541903881314,604.365557152375,627.14117431640625,3,0,0,2021-07-19,2021-07-21,0,True,True
2021-07-30,648.28992725612261,648.28992725612261,614.12652587890625,614.12652587890625,5,0,0,2021-07-26,2021-07-30,0,True,True
2021-08-06,626.32766208004148,650.73021079009436,626.32766208004148,637.7154541015625,5,0,0,2021-08-02,2021-08-06,0,True,True
2021-08-13,637.71558415032678,656.424072265625,616.56685304330063,656.424072265625,4,0,0,2021-08-10,2021-08-13,0,True,True
2021-08-20,656.42410325634387,656.42410325634387,597.8582763671875,605.17901611328125,5,0,0,2021-08-16,2021-08-20,0,True,True
2021-08-27,613.31318265970276,625.51438467271055,594.60458871012258,604.36553955078125,5,0,0,2021-08-23,2021-08-27,0,True,True
2021-09-03,605.99245838283264,645.03622051038246,605.99245838283264,641.78265380859375,5,0,0,2021-08-30,2021-09-03,0,True,True
2021-09-10,642.59597051711307,675.94586181640625,633.64843168712798,675.94586181640625,5,0,0,2021-09-06,2021-09-10,0,True,True
2021-09-17,670.25204270177608,687.33367919921875,654.79717402782251,679.19952392578125,5,0,0,2021-09-13,2021-09-17,0,True,True
2021-09-24,659.67762963376458,676.7593994140625,636.90205912529666,676.7593994140625,3,0,0,2021-09-21,2021-09-24,0,True,True
2021-10-01,674.31904793254273,674.31904793254273,611.93358026833903,613.57635498046875,5,0,0,2021-09-27,2021-10-01,0,True,True
2021-10-08,610.29070791968695,619.32596739090707,598.7912811902105,603.7196044921875,5,0,0,2021-10-04,2021-10-08,0,True,True
2021-10-15,604.5410808160882,616.8619384765625,594.68445524622177,616.8619384765625,5,0,0,2021-10-11,2021-10-15,0,True,True
2021-10-22,623.4329329363004,630.00411639332299,601.25553451045869,611.1121826171875,5,0,0,2021-10-18,2021-10-22,0,True,True
2021-10-29,612.75492289775127,626.71855267750686,607.00521182498414,607.82659912109375,5,0,0,2021-10-25,2021-10-29,0,True,True
2021-11-05,622.61162358884826,634.93243408203125,604.54103668295147,609.4693603515625,4,0,0,2021-11-01,2021-11-05,0,True,True
2021-11-12,610.29071824629227,632.4681396484375,593.04168701171875,632.4681396484375,5,0,0,2021-11-08,2021-11-12,0,True,True
2021-11-19,638.21791727166431,638.21791727166431,597.96995156777871,607.82659912109375,5,0,0,2021-11-15,2021-11-19,0,True,True
2021-11-26,602.8983091949134,611.1121826171875,593.86297607421875,593.86297607421875,4,0,0,2021-11-22,2021-11-26,0,True,True
2021-12-03,592.22026860262531,623.43291964511639,576.61385954958098,608.64794921875,5,0,0,2021-11-29,2021-12-03,0,True,True
2021-12-10,611.11221991188597,639.03930169398495,607.00528295011247,628.36126708984375,5,0,0,2021-12-06,2021-12-10,0,True,True
2021-12-17,631.64684614554915,637.3965722909245,616.04048713805184,621.79010009765625,5,0,0,2021-12-13,2021-12-17,0,True,True
2021-12-24,618.5046339705184,629.182684196997,602.07688804832662,616.04046630859375,5,0,0,2021-12-20,2021-12-24,0,True,True
2021-12-31,614.39774233653361,640.6821456455167,606.18386877588478,634.93243408203125,4,0,0,2021-12-27,2021-12-30,0,True,True
2022-01-07,634.93244430699292,642.32493072195143,604.54107666015625,610.29083251953125,4,0,0,2022-01-04,2022-01-07,0,True,True
2022-01-14,611.9335933302259,611.9335933302259,592.22029963358614,593.04168701171875,4,0,0,2022-01-11,2022-01-14,0,True,True
2022-01-21,594.68445848467582,603.71965007755455,564.29312160097322,571.68560791015625,5,0,0,2022-01-17,2022-01-21,0,True,True
2022-01-28,571.68551272945808,589.75603180998689,552.79361363105272,574.97113037109375,5,0,0,2022-01-24,2022-01-28,0,True,True
2022-02-04,574.97107992809833,589.75608259908267,561.82892722546217,584.8277587890625,5,0,0,2022-01-31,2022-02-04,0,True,True
2022-02-11,576.61392250543906,607.82659912109375,576.61392250543906,607.82659912109375,4,0,0,2022-02-07,2022-02-10,0,True,True
2022-02-18,606.18377179640504,634.93240292534153,600.43406122381043,606.18389892578125,5,0,0,2022-02-14,2022-02-18,0,True,True
2022-02-25,599.61268951374836,610.2907237105685,566.75725708007815,574.97113037109375,4,0,0,2022-02-21,2022-02-25,0,True,True
2022-03-04,580.72084477925478,581.54223211274734,548.6867406935919,551.9722900390625,5,0,0,2022-02-28,2022-03-04,0,True,True
2022-03-11,550.32952481390316,559.36474609375,525.68775515163293,547.04388427734375,5,0,0,2022-03-07,2022-03-11,0,True,True
2022-03-18,550.32960354924921,556.90053913784311,537.18725071183167,548.68682861328125,5,0,0,2022-03-14,2022-03-18,0,True,True
2022-03-25,553.61519694010417,561.00768473307289,542.93701324687618,552.793701171875,4,0,0,2022-03-22,2022-03-25,0,True,True
2022-04-01,552.7936784384907,575.79248046875,543.85063247565233,555.61865234375,5,0,0,2022-03-28,2022-04-01,0,True,True
2022-04-08,561.5026446152865,571.58960586939099,536.28550408476144,553.9376220703125,5,0,0,2022-04-04,2022-04-08,0,True,True
2022-04-15,548.89415546123803,555.61875540463984,532.92328829443431,550.5753173828125,5,0,0,2022-04-11,2022-04-15,0,True,True
2022-04-22,548.05354995727532,558.14037088691373,535.44495601654046,546.3724365234375,5,0,0,2022-04-18,2022-04-22,0,True,True
2022-04-29,546.37240080020047,550.5753173828125,516.952392578125,543.850830078125,4,0,0,2022-04-25,2022-04-28,0,True,True
2022-05-06,538.8073459929484,551.41594223303298,538.8072509765625,538.8072509765625,2,0,0,2022-05-02,2022-05-06,0,True,True
2022-05-13,538.80729617712632,543.85073420686547,519.47413365403941,532.92327880859375,5,0,0,2022-05-09,2022-05-13,0,True,True
2022-05-20,566.54615875828426,574.95188811671574,551.41590300170719,566.54608154296875,5,0,0,2022-05-16,2022-05-20,0,True,True
2022-05-27,574.95195906742583,578.31425122571488,556.45931820364888,576.633056640625,5,0,0,2022-05-23,2022-05-27,0,True,True
2022-06-03,579.15479540435206,581.67649768013098,558.14039728139016,562.34326171875,5,0,0,2022-05-30,2022-06-03,0,True,True
2022-06-10,558.14044189453125,575.79253210699801,555.61874834696448,565.70562744140625,5,0,0,2022-06-06,2022-06-10,0,True,True
2022-06-17,564.8650032359468,577.47362317537011,548.894168212144,549.7347412109375,5,0,0,2022-06-13,2022-06-17,0,True,True
2022-06-24,553.93759333683897,574.95192394455569,544.69129056490385,564.02447509765625,5,0,0,2022-06-20,2022-06-24,0,True,True
2022-07-01,567.38674766138979,569.06789358038657,527.87982817150305,529.56097412109375,5,0,0,2022-06-27,2022-07-01,0,True,True
2022-07-08,536.28552894592281,543.8506853103637,518.63355437247981,520.31475830078125,5,0,0,2022-07-04,2022-07-08,0,True,True
2022-07-15,523.6769286726709,540.48839033004447,523.6769286726709,537.1260986328125,5,0,0,2022-07-11,2022-07-15,0,True,True
2022-07-22,538.80728332905835,544.6912841796875,529.56098049501827,539.64788818359375,4,0,0,2022-07-19,2022-07-22,0,True,True
2022-07-29,542.16954271432576,542.16961357164087,531.24212964677133,532.08270263671875,5,0,0,2022-07-25,2022-07-29,0,True,True
2022-08-05,532.92323722839353,537.9666748046875,516.11179082031254,525.35809326171875,5,0,0,2022-08-01,2022-08-05,0,True,True
2022-08-12,525.35819699190347,526.19877010709058,505.18436306626046,517.79302978515625,4,0,0,2022-08-08,2022-08-12,0,True,True
2022-08-19,521.99582734247758,521.99582734247758,508.54660034179688,510.22775268554688,5,0,0,2022-08-15,2022-08-19,0,True,True
2022-08-26,511.0684297002864,513.59014892578125,506.02493922757787,510.22775268554688,5,0,0,2022-08-22,2022-08-26,0,True,True
2022-09-02,507.70607881767808,511.06832885742188,496.77872311365343,498.45986938476562,5,0,0,2022-08-29,2022-09-02,0,True,True
2022-09-09,496.77857856620295,500.98147583007812,479.12659650073624,498.45986938476562,5,0,0,2022-09-05,2022-09-09,0,True,True
2022-09-16,501.82203576371472,504.34375453639672,487.5323914828366,489.21347045898438,5,0,0,2022-09-12,2022-09-16,0,True,True
2022-09-23,491.73521688595901,495.09750896723051,478.28610229492188,478.28610229492188,3,0,0,2022-09-20,2022-09-22,0,True,True
2022-09-30,474.92376395151126,495.84176635742188,469.8803711473837,482.13970947265625,5,0,0,2022-09-26,2022-09-30,0,True,True
2022-10-07,481.28335797744586,507.83108339163971,479.57060581382507,500.98001098632812,5,0,0,2022-10-03,2022-10-07,0,True,True
2022-10-14,496.69806764836898,496.69806764836898,471.86322107753148,489.84707641601562,4,0,0,2022-10-11,2022-10-14,0,True,True
2022-10-21,482.13970701596389,487.27794058663505,470.15046805435429,471.86322021484369,5,0,0,2022-10-17,2022-10-21,0,True,True
2022-10-28,472.71955743963071,485.56521362521511,459.87393905556269,470.15045166015625,5,0,0,2022-10-24,2022-10-28,0,True,True
2022-11-04,474.43236319900404,483.85250037443558,465.86856902236241,466.72494506835938,4,0,0,2022-10-31,2022-11-04,0,True,True
2022-11-11,470.15043193941079,483.85247802734381,469.29405592494925,483.85247802734381,5,0,0,2022-11-07,2022-11-11,0,True,True
2022-11-18,481.28335709753571,485.56521362521511,471.86321660523771,482.13970947265625,5,0,0,2022-11-14,2022-11-18,0,True,True
2022-11-25,486.42156153549382,503.54909194763076,480.42692961516201,499.2672119140625,4,0,0,2022-11-21,2022-11-25,0,True,True
2022-12-02,500.98002300361276,500.98002300361276,480.42695739637685,482.13970947265625,5,0,0,2022-11-28,2022-12-02,0,True,True
2022-12-09,487.27795735966691,487.27795735966691,471.86323058862479,479.570556640625,5,0,0,2022-12-05,2022-12-09,0,True,True
2022-12-16,480.42699157934396,494.985343311647,476.14511108398438,481.2833251953125,5,0,0,2022-12-12,2022-12-16,0,True,True
2022-12-23,477.85785365020428,488.99069257463731,471.006791487984,472.71954345703125,5,0,0,2022-12-19,2022-12-23,0,True,True
2022-12-30,473.57595825195312,483.85245908351618,467.58130389602604,479.570556640625,5,0,0,2022-12-26,2022-12-30,0,True,True
2023-01-06,475.28868546919392,475.28870796245303,468.43769955939069,468.43771362304688,3,0,0,2023-01-04,2023-01-06,0,True,True
2023-01-13,471.00682529834432,474.43234845557788,465.86856902236241,471.86322021484369,4,0,0,2023-01-10,2023-01-13,0,True,True
2023-01-20,473.57593344948509,478.71426188151042,468.43772619233715,475.28875732421875,5,0,0,2023-01-16,2023-01-20,0,True,True
2023-01-27,482.13972589273374,500.12362670898438,478.71422162351359,500.12362670898438,5,0,0,2023-01-23,2023-01-27,0,True,True
2023-02-03,500.123638641463,506.97470719705012,490.70347714631458,492.41622924804688,5,0,0,2023-01-30,2023-02-03,0,True,True
2023-02-10,497.55448685985499,506.97460111304991,496.69811080673992,506.11822509765625,5,0,0,2023-02-06,2023-02-10,0,True,True
2023-02-17,506.11829427770664,548.08077017716539,504.40554201280747,534.378662109375,5,0,0,2023-02-13,2023-02-17,0,True,True
2023-02-24,534.37862788405369,570.34642728647793,534.37862788405369,569.49005126953125,4,0,0,2023-02-20,2023-02-24,0,True,True
2023-03-03,573.77191684239028,581.47940695989155,514.68200935085679,565.2081298828125,5,0,0,2023-02-27,2023-03-03,0,True,True
2023-03-10,569.49005126953125,597.75048350458565,562.6390431339579,580.6229248046875,5,0,0,2023-03-06,2023-03-10,0,True,True
2023-03-17,574.62834411805488,580.62298128498139,541.22970792182582,566.06463623046875,5,0,0,2023-03-13,2023-03-17,0,True,True
2023-03-24,561.78273480493317,588.33041180768441,544.65521240234375,577.19744873046875,4,0,0,2023-03-20,2023-03-24,0,True,True
2023-03-31,585.76127512415667,595.84179723615478,563.49541096514963,591.467041015625,5,0,0,2023-03-27,2023-03-31,0,True,True
2023-04-07,595.84166395595309,608.09097863346165,557.34384855908127,567.84326171875,5,0,0,2023-04-03,2023-04-07,0,True,True
2023-04-14,573.09293107234714,597.59169972436666,565.21837171410118,591.467041015625,5,0,0,2023-04-10,2023-04-14,0,True,True
2023-04-21,591.46694321448444,598.46654016831337,579.2176513671875,585.34234619140625,5,0,0,2023-04-17,2023-04-21,0,True,True
2023-04-28,592.341992259731,627.33996564886547,587.09222430034538,622.9652099609375,5,0,0,2023-04-24,2023-04-28,0,True,True
2023-05-05,629.96479416431589,636.0894518853579,618.59042982523795,624.71514892578125,2,0,0,2023-05-01,2023-05-02,0,True,True
2023-05-12,627.3400024074507,650.9636843332047,622.96517443426717,634.33953857421875,5,0,0,2023-05-08,2023-05-12,0,True,True
2023-05-19,638.71431849309511,648.33878082655269,612.46575927734375,612.46575927734375,5,0,0,2023-05-15,2023-05-19,0,True,True
2023-05-26,612.46583219695322,635.21453822841056,604.5911865234375,604.5911865234375,5,0,0,2023-05-22,2023-05-26,0,True,True
2023-06-02,608.09095443153933,615.96551355367433,574.84294429883403,591.467041015625,5,0,0,2023-05-29,2023-06-02,0,True,True
2023-06-09,597.59168706541539,601.96644319327345,581.8425536012935,594.09185791015625,5,0,0,2023-06-05,2023-06-09,0,True,True
2023-06-16,599.34161376953125,608.96612548828125,590.59199282997531,602.84136962890625,5,0,0,2023-06-12,2023-06-16,0,True,True
2023-06-23,604.5912839348473,622.09027082195632,601.09147910743866,613.34075927734375,5,0,0,2023-06-19,2023-06-23,0,True,True
2023-06-30,613.34073389815728,613.34073389815728,591.46695567443305,606.3411865234375,5,0,0,2023-06-26,2023-06-30,0,True,True
2023-07-07,615.09064955219014,638.71431823560454,612.46579614016082,618.5904541015625,5,0,0,2023-07-03,2023-07-07,0,True,True
2023-07-14,619.46541753197516,649.2137451171875,617.71550296421935,649.2137451171875,5,0,0,2023-07-10,2023-07-14,0,True,True
2023-07-21,655.33839056743841,664.96286611418429,642.21412373364456,659.713134765625,4,0,0,2023-07-18,2023-07-21,0,True,True
2023-07-28,664.9629027681201,677.21221931765081,643.96406250000007,647.4638671875,5,0,0,2023-07-24,2023-07-28,0,True,True
2023-08-04,656.21331827530014,667.58768245873864,622.96516204707007,630.8397216796875,5,0,0,2023-07-31,2023-08-04,0,True,True
2023-08-11,626.4650630741329,659.71313410933305,624.71516066331128,650.963623046875,4,0,0,2023-08-07,2023-08-10,0,True,True
2023-08-18,654.46347656249998,661.46308593750007,638.71439174201794,644.83905029296875,5,0,0,2023-08-14,2023-08-18,0,True,True
2023-08-25,643.96401387009473,659.71309734380225,643.96401387009473,647.4638671875,5,0,0,2023-08-21,2023-08-25,0,True,True
2023-09-01,659.71311054532498,663.21297596043814,649.21370954703025,660.58807373046875,5,0,0,2023-08-28,2023-09-01,0,True,True
2023-09-08,662.33798966022141,690.33642578125,661.4630385510269,670.21258544921875,5,0,0,2023-09-04,2023-09-08,0,True,True
2023-09-15,673.71227947559237,694.71124267578125,666.7126713771446,694.71124267578125,5,0,0,2023-09-11,2023-09-15,0,True,True
2023-09-22,693.83627929687509,697.33609639381882,663.21300023593949,677.21221923828125,4,0,0,2023-09-19,2023-09-22,0,True,True
2023-09-29,680.7119504473286,705.38540436500728,670.21257404365929,678.70001220703125,5,0,0,2023-09-25,2023-09-29,0,True,True
2023-10-06,683.14755345394747,692.93221893310556,646.6774405175513,672.47332763671875,5,0,0,2023-10-02,2023-10-06,0,True,True
2023-10-13,683.14749513618676,687.59506997431299,668.91525636382448,671.58380126953125,4,0,0,2023-10-10,2023-10-13,0,True,True
2023-10-20,672.47333178158294,682.2580154942334,663.57818189029206,674.25238037109375,5,0,0,2023-10-16,2023-10-20,0,True,True
2023-10-27,673.36284677071194,687.5950927734375,649.34595310941654,687.5950927734375,5,0,0,2023-10-23,2023-10-27,0,True,True
2023-11-03,683.14751476377955,704.49593779705322,673.36287082769934,686.70556640625,4,0,0,2023-10-30,2023-11-02,0,True,True
2023-11-10,692.04266775903545,692.9322259569293,664.46769687942117,676.9208984375,5,0,0,2023-11-06,2023-11-10,0,True,True
2023-11-17,679.58945479105148,692.04266357421875,667.13624488650339,692.04266357421875,5,0,0,2023-11-13,2023-11-17,0,True,True
2023-11-24,691.15309524536133,700.04833288839927,683.1474609375,692.04266357421875,4,0,0,2023-11-20,2023-11-24,0,True,True
2023-12-01,696.49021965056545,698.2692914131361,676.03139069120766,693.82171630859375,5,0,0,2023-11-27,2023-12-01,0,True,True
2023-12-08,698.26932994771448,737.40794049562328,693.82175459772907,708.9434814453125,5,0,0,2023-12-04,2023-12-08,0,True,True
2023-12-15,708.05395626471375,737.40792590482738,707.16441627785014,723.1756591796875,5,0,0,2023-12-11,2023-12-15,0,True,True
2023-12-22,718.72816520425215,722.28625957200666,706.27487159786074,713.3909912109375,5,0,0,2023-12-18,2023-12-22,0,True,True
2023-12-29,726.733642578125,751.64022486453382,713.39091964217414,745.41357421875,5,0,0,2023-12-25,2023-12-29,0,True,True
2024-01-05,758.75628965872306,773.8780445522732,748.08210973386406,767.65142822265625,2,0,0,2024-01-04,2024-01-05,0,True,True
2024-01-12,770.32000732421875,786.33128482923598,756.97730624060114,757.8668212890625,4,0,0,2024-01-09,2024-01-12,0,True,True
2024-01-19,762.31441924834417,762.31441924834417,718.7281111352238,720.50714111328125,5,0,0,2024-01-15,2024-01-19,0,True,True
2024-01-26,724.95468909156864,736.5183835187961,714.28049084684687,716.94903564453125,5,0,0,2024-01-22,2024-01-26,0,True,True
2024-02-02,724.06528433798599,751.64019775390625,724.06528433798599,743.63458251953125,5,0,0,2024-01-29,2024-02-02,0,True,True
2024-02-09,745.4136037984357,759.64582864200361,732.96038818359375,732.96038818359375,5,0,0,2024-02-05,2024-02-09,0,True,True
2024-02-16,732.07087819345179,797.00544181034491,696.49027658016121,773.8780517578125,4,0,0,2024-02-13,2024-02-16,0,True,True
2024-02-23,771.20949228993663,788.11028752790173,754.30876109521716,764.0933837890625,4,0,0,2024-02-19,2024-02-22,0,True,True
2024-03-01,768.54098326553253,768.54098326553253,751.64009859880002,761.4248046875,5,0,0,2024-02-26,2024-03-01,0,True,True
2024-03-08,760.53534366383269,792.557861328125,754.30873851102933,792.557861328125,5,0,0,2024-03-04,2024-03-08,0,True,True
2024-03-15,785.44174973729253,862.82952880859375,773.87805466754753,839.7021484375,5,0,0,2024-03-11,2024-03-15,0,True,True
2024-03-22,866.38760549444908,866.38760549444908,833.47554352323891,839.7021484375,4,0,0,2024-03-18,2024-03-22,0,True,True
2024-03-29,841.48116034922975,841.48116034922975,809.13285929361984,825.36968994140625,5,0,0,2024-03-25,2024-03-29,0,True,True
2024-04-05,831.68398158325738,831.68398158325738,788.38593799711896,797.4063720703125,5,0,0,2024-04-01,2024-04-05,0,True,True
2024-04-12,805.5247144592422,834.39009476950582,803.7206277527265,830.78192138671875,5,0,0,2024-04-08,2024-04-12,0,True,True
2024-04-19,821.76151784824958,821.76151784824958,752.30417044503349,757.7164306640625,5,0,0,2024-04-15,2024-04-19,0,True,True
2024-04-26,757.71643884033483,773.95329106738632,737.87145793607442,761.3245849609375,5,0,0,2024-04-22,2024-04-26,0,True,True
2024-05-03,765.83487560263279,773.05122307592023,757.71648469518436,761.3245849609375,3,0,0,2024-04-30,2024-05-02,0,True,True
2024-05-10,769.44307375347375,774.85533453016876,751.40220449782373,763.12872314453125,4,0,0,2024-05-07,2024-05-10,0,True,True
2024-05-17,770.34511721625631,806.42678639131429,736.9693603515625,736.9693603515625,5,0,0,2024-05-13,2024-05-17,0,True,True
2024-05-24,737.87148257202443,755.01033615484471,703.59378732085986,708.10400390625,5,0,0,2024-05-20,2024-05-24,0,True,True
2024-05-31,708.10408718498775,734.2633056640625,701.78973272928852,734.2633056640625,5,0,0,2024-05-27,2024-05-31,0,True,True
2024-06-07,734.26326839414014,742.38165833952985,722.5367431640625,722.5367431640625,5,0,0,2024-06-03,2024-06-07,0,True,True
2024-06-14,727.04693976591147,764.03070068359375,715.32035927317258,764.03070068359375,5,0,0,2024-06-10,2024-06-14,0,True,True
2024-06-21,766.73692343891537,779.3654556987442,740.57766369805825,756.814453125,5,0,0,2024-06-17,2024-06-21,0,True,True
2024-06-28,764.03071979780646,778.46342684711135,755.91232962285926,767.638916015625,5,0,0,2024-06-24,2024-06-28,0,True,True
2024-07-05,772.14913775275727,772.14913775275727,754.10833740234375,754.10833740234375,5,0,0,2024-07-01,2024-07-05,0,True,True
2024-07-12,758.61848024825497,780.26751708984375,739.67559155800359,780.26751708984375,5,0,0,2024-07-08,2024-07-12,0,True,True
2024-07-19,792.89618138407991,798.30844200786203,761.32468258843119,765.83489990234375,4,0,0,2024-07-16,2024-07-19,0,True,True
2024-07-26,766.73686436244418,772.1491245814733,733.36126708984375,733.36126708984375,5,0,0,2024-07-22,2024-07-26,0,True,True
2024-08-02,736.06738163449938,774.85528564453125,696.37750244140625,696.37750244140625,5,0,0,2024-07-29,2024-08-02,0,True,True
2024-08-09,661.19777113035343,730.65508683320058,617.89969061977092,708.10400390625,5,0,0,2024-08-05,2024-08-09,0,True,True
2024-08-16,694.57341875348777,751.40215301513672,694.57341875348777,732.45916748046875,4,0,0,2024-08-13,2024-08-16,0,True,True
2024-08-23,721.63474058493591,731.55721826797878,699.9856140525477,714.41839599609375,5,0,0,2024-08-19,2024-08-23,0,True,True
2024-08-30,718.92857444763183,728.85104195078713,694.57340458599708,709.90814208984375,5,0,0,2024-08-26,2024-08-30,0,True,True
2024-09-06,712.61428677305889,726.1449180641755,699.08364053582477,706.29998779296875,5,0,0,2024-09-02,2024-09-06,0,True,True
2024-09-13,695.47543638538946,701.78977444244344,652.17738567414835,673.82635498046875,5,0,0,2024-09-09,2024-09-13,0,True,True
2024-09-20,689.16110590452786,702.69179167716743,659.39367593744748,699.0836181640625,4,0,0,2024-09-17,2024-09-20,0,True,True
2024-09-27,700.88770492061496,744.2193329542356,696.3774976249191,736.8690185546875,4,0,0,2024-09-24,2024-09-27,0,True,True
2024-10-04,723.08716414039702,744.21926422119134,702.87381386270329,727.68109130859375,5,0,0,2024-09-30,2024-10-04,0,True,True
2024-10-11,741.4629463049082,766.27025677607605,729.51869052514098,758.00115966796875,5,0,0,2024-10-07,2024-10-11,0,True,True
2024-10-18,767.1890730289357,769.02665164696907,739.62533999952075,748.813232421875,4,0,0,2024-10-15,2024-10-18,0,True,True
2024-10-25,758.00116615948298,769.94541336003942,746.05690535939414,751.56964111328125,5,0,0,2024-10-21,2024-10-25,0,True,True
2024-11-01,751.56962933708644,781.88967550838697,746.97564697265625,758.00115966796875,5,0,0,2024-10-28,2024-11-01,0,True,True
2024-11-08,758.00109751084278,797.50900188817548,747.89447073397628,773.6204833984375,4,0,0,2024-11-05,2024-11-08,0,True,True
2024-11-15,773.62052340712842,804.85939449734155,753.40717945284052,781.8896484375,5,0,0,2024-11-11,2024-11-15,0,True,True
2024-11-22,782.80843070202081,790.15875244140625,769.94538137123641,790.15875244140625,5,0,0,2024-11-18,2024-11-22,0,True,True
2024-11-29,790.15877900965074,793.83393612132352,749.73205610795458,758.00115966796875,5,0,0,2024-11-25,2024-11-29,0,True,True
2024-12-06,759.83871257474641,835.17941174810335,757.08234481449938,814.04730224609375,5,0,0,2024-12-02,2024-12-06,0,True,True
2024-12-13,814.04730272346364,849.88006591796875,814.04728280728011,849.88006591796875,5,0,0,2024-12-09,2024-12-13,0,True,True
2024-12-20,858.1491743977864,858.1491743977864,801.18423870199115,820.478759765625,5,0,0,2024-12-16,2024-12-20,0,True,True
2024-12-27,828.74797905815979,840.69221998515877,805.77817195647197,837.93585205078125,5,0,0,2024-12-23,2024-12-27,0,True,True
2025-01-03,833.34184316340713,833.34184316340713,812.20969058043204,821.3975830078125,1,0,0,2024-12-30,2024-12-30,0,True,True
2025-01-10,822.31643293546222,827.82916879871664,750.65077096100413,765.35150146484375,5,0,0,2025-01-06,2025-01-10,0,True,True
2025-01-17,766.27028416224891,785.56483210904992,744.21929931640625,744.21929931640625,4,0,0,2025-01-14,2025-01-17,0,True,True
2025-01-24,745.13809117526876,794.75268461993926,745.13809117526876,780.97088623046875,5,0,0,2025-01-20,2025-01-24,0,True,True
2025-01-31,788.32113294924147,800.2654961167874,769.94546839876,780.97088623046875,5,0,0,2025-01-27,2025-01-31,0,True,True
2025-02-07,779.13328386061255,822.31639114851805,742.3817138671875,802.10302734375,5,0,0,2025-02-03,2025-02-07,0,True,True
2025-02-14,797.50910152917015,855.39280012608106,796.59031224169416,852.63641357421875,4,0,0,2025-02-10,2025-02-14,0,True,True
2025-02-21,851.71763748053218,858.14912182958835,824.15394461882636,827.8291015625,5,0,0,2025-02-17,2025-02-21,0,True,True
2025-02-28,814.04725023821231,854.4740460145174,808.53451490928535,842.52978515625,4,0,0,2025-02-25,2025-02-28,0,True,True
2025-03-07,855.39279663085938,886.63163202025225,855.39279663085938,873.7685546875,5,0,0,2025-03-03,2025-03-07,0,True,True
2025-03-14,873.76859439947668,884.79404652753965,838.85461472120301,879.28131103515625,5,0,0,2025-03-10,2025-03-14,0,True,True
2025-03-21,883.87527695105825,883.87527695105825,849.88005279212871,854.4739990234375,4,0,0,2025-03-17,2025-03-21,0,True,True
2025-03-28,854.47401222022813,883.4884463028169,845.28610050360192,878.728271484375,5,0,0,2025-03-24,2025-03-28,0,True,True
2025-04-04,859.68755040543806,876.82419015878065,778.76456522092121,801.6134033203125,5,0,0,2025-03-31,2025-04-04,0,True,True
2025-04-11,758.7718505859375,889.20057002780004,738.77911675619509,888.24853515625,5,0,0,2025-04-07,2025-04-11,0,True,True
2025-04-18,893.00878048247807,899.6729992909037,858.73548344683547,896.81689453125,5,0,0,2025-04-14,2025-04-18,0,True,True
2025-04-25,883.48835929063182,936.80240254304852,868.25588688380276,932.9942626953125,5,0,0,2025-04-21,2025-04-25,0,True,True
2025-05-02,931.09015010310907,943.46661037169781,905.3852196498691,909.193359375,4,0,0,2025-04-28,2025-05-02,0,True,True
2025-05-09,911.0974073088571,955.84303328164265,904.43316295027614,947.27471923828125,3,0,0,2025-05-07,2025-05-09,0,True,True
2025-05-16,951.08289539849579,1037.7180708153219,925.37797602580565,1013.9171752929688,5,0,0,2025-05-12,2025-05-16,0,True,True
2025-05-23,1013.9172371821617,1039.6221387799817,994.87646879443082,1032.005859375,5,0,0,2025-05-19,2025-05-23,0,True,True
2025-05-30,1039.6221939280063,1069.1352413205336,1021.5333912516425,1062.4710693359375,5,0,0,2025-05-26,2025-05-30,0,True,True
2025-06-06,1061.5190055980036,1066.2791805109991,1000.5887553279561,1029.1497802734375,5,0,0,2025-06-02,2025-06-06,0,True,True
2025-06-13,1032.9579134753151,1050.0945424546292,1002.492724223651,1036.7659912109375,5,0,0,2025-06-09,2025-06-13,0,True,True
2025-06-20,1041.5262299408785,1059.6147904418153,1015.82119044577,1018.6773071289062,5,0,0,2025-06-16,2025-06-20,0,True,True
2025-06-27,1026.2936328304845,1103.408575817547,1024.389563010762,1075.799560546875,5,0,0,2025-06-23,2025-06-27,0,True,True
2025-07-04,1076.7515031991761,1109.1206366514889,1044.3823717981841,1094.840087890625,5,0,0,2025-06-30,2025-07-04,0,True,True
2025-07-11,1091.0319739078166,1165.2907800682237,1086.2717995015871,1164.3387451171875,5,0,0,2025-07-07,2025-07-11,0,True,True
2025-07-18,1170.0508136658007,1213.8446268221228,1133.8735465116279,1140.537841796875,5,0,0,2025-07-14,2025-07-18,0,True,True
2025-07-25,1131.9694484509248,1168.1468110120206,1119.5929952718986,1145.2979736328125,4,0,0,2025-07-22,2025-07-25,0,True,True
2025-08-01,1142.4419053998352,1294.7675363149847,1127.209338318575,1245.26171875,5,0,0,2025-07-28,2025-08-01,0,True,True
2025-08-08,1216.7006152495626,1409.0117480332549,1191.9477075840784,1365.2181396484375,5,0,0,2025-08-04,2025-08-08,0,True,True
2025-08-15,1369.0261905046036,1424.2442778716215,1341.4171783177933,1386.162841796875,4,0,0,2025-08-12,2025-08-15,0,True,True
2025-08-22,1400.4434042440878,1445.1889419351121,1384.258845591705,1420.43603515625,5,0,0,2025-08-18,2025-08-22,0,True,True
2025-08-29,1425.1962383949592,1425.1962383949592,1329.9928527358891,1350.9376220703125,5,0,0,2025-08-25,2025-08-29,0,True,True
2025-09-05,1350.9375857697726,1375.6904943180559,1306.1919535919919,1353.793701171875,5,0,0,2025-09-01,2025-09-05,0,True,True
2025-09-12,1362.361966496863,1409.0116908292207,1351.8895208378701,1398.539306640625,5,0,0,2025-09-08,2025-09-12,0,True,True
2025-09-19,1398.5393130211914,1398.5393130211914,1342.3692667699822,1349.033447265625,4,0,0,2025-09-16,2025-09-19,0,True,True
2025-09-26,1360.4580090814222,1400.4433936578689,1353.7936159272435,1396.63525390625,4,0,0,2025-09-22,2025-09-26,0,True,True
2025-10-03,1387.9123726639093,1416.0195366354549,1318.129060669839,1341.39013671875,5,0,0,2025-09-29,2025-10-03,0,True,True
2025-10-10,1356.897552319745,1387.912353515625,1311.3445339526638,1313.282958984375,5,0,0,2025-10-06,2025-10-10,0,True,True
2025-10-17,1279.3604942064605,1366.5896168593977,1279.3604942064605,1321.03662109375,4,0,0,2025-10-14,2025-10-17,0,True,True
2025-10-24,1350.1130813609761,1462.5417607421875,1303.5907980536585,1453.81884765625,5,0,0,2025-10-20,2025-10-24,0,True,True
2025-10-31,1492.5872612987775,1509.0638739235042,1312.3137796153192,1339.45166015625,5,0,0,2025-10-27,2025-10-31,0,True,True
2025-11-07,1357.8667527568746,1436.3730208244272,1347.2054582577257,1425.711669921875,4,0,0,2025-11-04,2025-11-07,0,True,True
2025-11-14,1452.8496027567301,1552.678435258709,1409.235026204102,1421.8348388671875,5,0,0,2025-11-10,2025-11-14,0,True,True
2025-11-21,1405.3581164534037,1433.465280459229,1378.22021484375,1431.52685546875,5,0,0,2025-11-17,2025-11-21,0,True,True
2025-11-28,1439.280626406912,1471.2645817790644,1408.2658250297934,1459.634033203125,4,0,0,2025-11-25,2025-11-28,0,True,True
2025-12-05,1463.5108675697977,1500.3409423828125,1404.3889417766702,1405.358154296875,5,0,0,2025-12-01,2025-12-05,0,True,True
2025-12-12,1434.4345894997036,1464.4801788743596,1396.63525390625,1427.6500244140625,5,0,0,2025-12-08,2025-12-12,0,True,True
2025-12-19,1447.0342623032379,1447.0342623032379,1395.6660357603093,1428.6192626953125,5,0,0,2025-12-15,2025-12-19,0,True,True
2025-12-26,1444.1266356078597,1475.1415112838595,1408.2657728444433,1462.541748046875,5,0,0,2025-12-22,2025-12-26,0,True,True
2026-01-02,1475.1415306724978,1479.018380950218,1447.0343661590271,1458.6649169921875,2,0,0,2025-12-29,2025-12-30,0,True,True
2026-01-09,1458.6648138708308,1511.0023374557495,1452.8495388653657,1503.2486572265625,5,0,0,2026-01-05,2026-01-09,0,True,True
2026-01-16,1558.4936937868938,1570.124267578125,1507.1254314916789,1570.124267578125,4,0,0,2026-01-13,2026-01-16,0,True,True
2026-01-23,1559.4629164038238,1569.1550661019944,1483.8644447399045,1542.986328125,5,0,0,2026-01-19,2026-01-23,0,True,True
2026-01-30,1521.6636695123486,1526.5097321541077,1438.311351351703,1452.849609375,5,0,0,2026-01-26,2026-01-30,0,True,True
2026-02-06,1461.5725416100543,1558.4937935921914,1448.9727783203125,1554.616943359375,5,0,0,2026-02-02,2026-02-06,0,True,True
2026-02-13,1614.7080638080563,1869.6109504204292,1577.8779879228784,1817.2734375,4,0,0,2026-02-09,2026-02-13,0,True,True
2026-02-20,1832.7808512153929,1852.1651013604526,1763.9668176809432,1791.104736328125,5,0,0,2026-02-16,2026-02-20,0,True,True
2026-02-27,1802.7353273672245,1903.5334521177924,1781.4126514521283,1894.810546875,4,0,0,2026-02-24,2026-02-27,0,True,True
2026-03-06,1827.9348222502863,1864.764898202307,1625.3694687964212,1736.828857421875,5,0,0,2026-03-02,2026-03-06,0,True,True
2026-03-13,1637.9692014351419,1728.1059613329767,1624.4002258019514,1678.6761474609375,5,0,0,2026-03-09,2026-03-13,0,True,True
2026-03-20,1678.6760480042403,1681.5836855007835,1576.9087686924847,1625.369384765625,4,0,0,2026-03-16,2026-03-19,0,True,True
2026-03-27,1570.1242922665028,1664.1379184915561,1540.0787039576994,1637,5,0,0,2026-03-23,2026-03-27,0,True,True
2026-04-03,1569,1671,1553,1609,5,0,0,2026-03-30,2026-04-03,0,True,True
2026-04-10,1610,1680,1599,1626,5,0,0,2026-04-06,2026-04-10,0,True,True
2026-04-17,1626,1639,1534,1538,5,0,0,2026-04-13,2026-04-17,0,True,True
2026-04-24,1542,1592,1491,1496,5,0,0,2026-04-20,2026-04-24,0,True,True
2026-05-01,1500,1547,1476,1532,4,0,0,2026-04-27,2026-05-01,0,True,True
2026-05-08,1548,1564,1482,1514,2,0,0,2026-05-07,2026-05-08,0,True,True
2026-05-15,1511,1567,1379,1427,5,0,0,2026-05-11,2026-05-15,0,True,True
2026-05-22,1415,1424,1334,1350,5,0,0,2026-05-18,2026-05-22,0,True,True
2026-05-29,1361,1390,1331,1350,5,0,0,2026-05-25,2026-05-29,0,True,True
2026-06-05,1351,1360,1294,1338,5,0,0,2026-06-01,2026-06-05,0,True,True
2026-06-12,1314,1349,1305,1339,5,0,0,2026-06-08,2026-06-12,0,True,True
2026-06-19,1356,1378,1336,1350,5,0,0,2026-06-15,2026-06-19,0,True,True
2026-06-26,1357,1357,1318,1340,5,0,0,2026-06-22,2026-06-26,0,True,True
2026-07-03,1333,1400,1333,1377,5,0,0,2026-06-29,2026-07-03,0,True,True
2026-07-10,1380,1468,1380,1460,5,0,0,2026-07-06,2026-07-10,0,True,True
2026-07-17,1474,1486,1399,1409,5,0,0,2026-07-13,2026-07-17,0,True,True
2026-07-24,1430,1459,1424,1452,4,0,0,2026-07-21,2026-07-24,0,True,True
2026-07-31,1457,1496,1438,1466,5,0,0,2026-07-27,2026-07-31,0,True,True
2026-08-07,1462,1506,1392,1466,5,0,0,2026-08-03,2026-08-07,0,True,True
2026-08-14,1451,1470,1425,1470,4,0,0,2026-08-10,2026-08-14,0,True,True
2026-08-21,1460,1494,1432,1491,5,0,0,2026-08-17,2026-08-21,0,True,True
2026-08-28,1500,1530,1490,1496,5,0,0,2026-08-24,2026-08-28,0,True,True
2026-09-04,1490,1495,1450,1460,5,0,0,2026-08-31,2026-09-04,0,True,True
