week,open,high,low,close,source_rows,bad_hlc,bad_ohlc,first_date,last_date,null_rows,valid_hlc,valid_ohlc
1999-06-25,190303.90625,192095,184035.0625,189856.125,1,0,0,1999-06-25,1999-06-25,0,False,False
1999-07-02,192542.78125,201050.484375,188512.8125,196572.734375,5,0,0,1999-06-28,1999-07-02,0,True,True
1999-07-09,198811.609375,198811.609375,188065.03125,193886.09375,5,0,0,1999-07-05,1999-07-09,0,True,True
1999-07-16,193886.09375,194781.640625,184482.84375,185378.390625,5,0,0,1999-07-12,1999-07-16,0,True,True
1999-07-23,187169.484375,187617.265625,177766.234375,184930.625,5,0,0,1999-07-19,1999-07-23,0,True,True
1999-07-30,185378.390625,186721.71875,178214.015625,179109.5625,5,0,0,1999-07-26,1999-07-30,0,True,True
1999-08-06,183139.515625,183139.515625,174184.046875,174631.8125,5,0,0,1999-08-02,1999-08-06,0,True,True
1999-08-13,176870.6875,181348.421875,172840.71875,181348.421875,5,0,0,1999-08-09,1999-08-13,0,True,True
1999-08-20,181796.203125,188512.8125,179557.328125,186273.9375,5,0,0,1999-08-16,1999-08-20,0,True,True
1999-08-27,185826.171875,190303.90625,184482.84375,186721.71875,5,0,0,1999-08-23,1999-08-27,0,True,True
1999-09-03,187169.484375,188065.03125,182691.75,185378.390625,5,0,0,1999-08-30,1999-09-03,0,True,True
1999-09-10,187617.265625,188065.03125,181348.421875,185826.171875,5,0,0,1999-09-06,1999-09-10,0,True,True
1999-09-17,185826.171875,186721.71875,180005.109375,184930.625,5,0,0,1999-09-13,1999-09-17,0,True,True
1999-09-24,184482.84375,185826.171875,179109.5625,179557.328125,5,0,0,1999-09-20,1999-09-24,0,True,True
1999-10-01,180452.875,183139.515625,177318.46875,177318.46875,5,0,0,1999-09-27,1999-10-01,0,True,True
1999-10-08,177318.46875,180452.875,176422.90625,178214.015625,5,0,0,1999-10-04,1999-10-08,0,True,True
1999-10-15,179109.5625,180452.875,169258.53125,171497.40625,5,0,0,1999-10-11,1999-10-15,0,True,True
1999-10-22,172392.953125,172840.71875,163885.25,169706.3125,5,0,0,1999-10-18,1999-10-22,0,True,True
1999-10-29,171497.40625,173288.5,164333.015625,170601.859375,5,0,0,1999-10-25,1999-10-29,0,True,True
1999-11-05,170601.859375,171497.40625,165228.5625,165676.34375,4,0,0,1999-11-01,1999-11-05,1,True,True
1999-11-12,165228.5625,170154.078125,163885.25,167467.4375,5,0,0,1999-11-08,1999-11-12,0,True,True
1999-11-19,167467.4375,171049.625,165228.5625,167467.4375,5,0,0,1999-11-15,1999-11-19,0,True,True
1999-11-26,166124.109375,167467.4375,157616.40625,159855.28125,5,0,0,1999-11-22,1999-11-26,0,True,True
1999-12-03,158959.734375,165228.5625,156720.859375,164333.015625,5,0,0,1999-11-29,1999-12-03,0,True,True
1999-12-10,161646.375,168362.984375,152690.890625,158959.734375,5,0,0,1999-12-06,1999-12-10,0,True,True
1999-12-17,158511.953125,162989.703125,157168.640625,158511.953125,5,0,0,1999-12-13,1999-12-17,0,True,True
1999-12-24,155377.546875,168810.75,153586.4375,166571.890625,4,0,0,1999-12-20,1999-12-24,1,True,True
1999-12-31,173736.265625,181348.421875,170154.078125,173288.5,4,0,0,1999-12-27,1999-12-31,1,True,True
2000-01-07,172840.71875,178214.015625,165676.34375,174184.046875,5,0,0,2000-01-03,2000-01-07,0,True,True
2000-01-14,172392.953125,173736.265625,160750.828125,169258.53125,5,0,0,2000-01-10,2000-01-14,0,True,True
2000-01-21,168362.984375,169258.53125,157168.640625,159855.28125,5,0,0,2000-01-17,2000-01-21,0,True,True
2000-01-28,159407.5,160750.828125,148660.9375,150004.25,5,0,0,2000-01-24,2000-01-28,0,True,True
2000-02-04,148660.9375,156273.09375,147765.390625,149108.703125,5,0,0,2000-01-31,2000-02-04,0,True,True
2000-02-11,148660.9375,159407.5,145078.734375,150899.796875,5,0,0,2000-02-07,2000-02-11,0,True,True
2000-02-18,149556.484375,152243.125,143287.640625,146869.84375,5,0,0,2000-02-14,2000-02-18,0,True,True
2000-02-25,148660.9375,155377.546875,145526.515625,151347.578125,5,0,0,2000-02-21,2000-02-25,0,True,True
2000-03-03,148660.9375,179109.5625,145974.28125,168810.75,5,0,0,2000-02-28,2000-03-03,0,True,True
2000-03-10,170154.078125,174631.8125,156720.859375,156720.859375,5,0,0,2000-03-06,2000-03-10,0,True,True
2000-03-17,154482,163885.25,150004.25,153138.671875,5,0,0,2000-03-13,2000-03-17,0,True,True
2000-03-24,154482,161198.59375,151347.578125,158064.1875,5,0,0,2000-03-20,2000-03-24,0,True,True
2000-03-31,155377.546875,158959.734375,151347.578125,151347.578125,5,0,0,2000-03-27,2000-03-31,0,True,True
2000-04-07,151795.34375,162094.15625,147765.390625,158064.1875,5,0,0,2000-04-03,2000-04-07,0,True,True
2000-04-14,155825.3125,158064.1875,152243.125,152243.125,5,0,0,2000-04-10,2000-04-14,0,True,True
2000-04-21,145526.515625,152243.125,145526.515625,150899.796875,4,0,0,2000-04-17,2000-04-21,1,True,True
2000-04-28,148660.9375,153586.4375,147765.390625,152243.125,4,0,0,2000-04-24,2000-04-28,1,True,True
2000-05-05,150899.796875,154929.765625,150899.796875,154482,4,0,0,2000-05-01,2000-05-05,1,True,True
2000-05-12,154482,159855.28125,151795.34375,158959.734375,5,0,0,2000-05-08,2000-05-12,0,True,True
2000-05-19,158959.734375,167915.203125,156720.859375,163437.46875,5,0,0,2000-05-15,2000-05-19,0,True,True
2000-05-26,160303.046875,168810.75,155825.3125,166571.890625,5,0,0,2000-05-22,2000-05-26,0,True,True
2000-06-02,165676.34375,179109.5625,164780.796875,177318.46875,5,0,0,2000-05-29,2000-06-02,0,True,True
2000-06-09,175975.140625,179557.328125,173288.5,178661.78125,5,0,0,2000-06-05,2000-06-09,0,True,True
2000-06-16,177766.234375,183139.515625,174631.8125,181348.421875,5,0,0,2000-06-12,2000-06-16,0,True,True
2000-06-23,177318.46875,184482.84375,176870.6875,184035.0625,5,0,0,2000-06-19,2000-06-23,0,True,True
2000-06-30,178214.015625,193886.09375,175527.359375,192542.78125,5,0,0,2000-06-26,2000-06-30,0,True,True
2000-07-07,190751.671875,192990.546875,184930.625,189856.125,5,0,0,2000-07-03,2000-07-07,0,True,True
2000-07-14,188065.03125,191647.21875,184482.84375,187169.484375,5,0,0,2000-07-10,2000-07-14,0,True,True
2000-07-21,189856.125,191647.21875,186273.9375,189856.125,5,0,0,2000-07-17,2000-07-21,0,True,True
2000-07-28,187617.265625,190303.90625,185826.171875,187617.265625,5,0,0,2000-07-24,2000-07-28,0,True,True
2000-08-04,187169.484375,199259.375,183587.296875,197020.515625,5,0,0,2000-07-31,2000-08-04,0,True,True
2000-08-11,194333.875,210005.953125,193438.328125,205214.78125,5,0,0,2000-08-07,2000-08-11,0,True,True
2000-08-18,204632.671875,209110.40625,202393.796875,203826.671875,4,0,0,2000-08-14,2000-08-18,1,True,True
2000-08-25,202393.796875,213140.375,201498.25,212423.9375,5,0,0,2000-08-21,2000-08-25,0,True,True
2000-09-01,210453.734375,235976.84375,207319.3125,224155.609375,5,0,0,2000-08-28,2000-09-01,0,True,True
2000-09-08,217618.109375,240006.8125,216722.5625,233872.296875,5,0,0,2000-09-04,2000-09-08,0,True,True
2000-09-15,231946.875,240006.8125,218513.65625,222274.953125,5,0,0,2000-09-11,2000-09-15,0,True,True
2000-09-22,223886.953125,223886.953125,199707.15625,215065.796875,5,0,0,2000-09-18,2000-09-22,0,True,True
2000-09-29,214931.46875,222991.390625,208662.640625,216409.125,5,0,0,2000-09-25,2000-09-29,0,True,True
2000-10-06,214483.6875,218513.65625,201050.484375,204184.890625,5,0,0,2000-10-02,2000-10-06,0,True,True
2000-10-13,201498.25,208214.859375,192095,200602.703125,5,0,0,2000-10-09,2000-10-13,0,True,True
2000-10-20,201050.484375,202841.578125,191647.21875,195229.421875,5,0,0,2000-10-16,2000-10-20,0,True,True
2000-10-27,192990.546875,213588.140625,190751.671875,208662.640625,5,0,0,2000-10-23,2000-10-27,0,True,True
2000-11-03,209558.1875,223528.734375,206871.53125,216722.5625,5,0,0,2000-10-30,2000-11-03,0,True,True
2000-11-10,215379.234375,230155.78125,213140.375,223304.84375,5,0,0,2000-11-06,2000-11-10,0,True,True
2000-11-17,217618.109375,226573.59375,215379.234375,223976.5,5,0,0,2000-11-13,2000-11-17,0,True,True
2000-11-24,222991.390625,225678.046875,202393.796875,211528.390625,5,0,0,2000-11-20,2000-11-24,0,True,True
2000-12-01,210901.5,216274.796875,203289.34375,209289.515625,5,0,0,2000-11-27,2000-12-01,0,True,True
2000-12-08,206871.53125,208214.859375,195229.421875,204632.671875,5,0,0,2000-12-04,2000-12-08,0,True,True
2000-12-15,207319.3125,214483.6875,199707.15625,201453.46875,5,0,0,2000-12-11,2000-12-15,0,True,True
2000-12-22,203737.125,210453.734375,197020.515625,207319.3125,5,0,0,2000-12-18,2000-12-22,0,True,True
2000-12-29,204184.890625,212244.828125,201946.03125,212065.71875,3,0,0,2000-12-25,2000-12-29,2,True,True
2001-01-05,210901.5,213140.375,200154.9375,209244.734375,4,0,0,2001-01-01,2001-01-05,1,True,True
2001-01-12,208214.859375,213588.140625,206871.53125,212379.15625,5,0,0,2001-01-08,2001-01-12,0,True,True
2001-01-19,211349.28125,222543.625,210005.953125,219274.875,5,0,0,2001-01-15,2001-01-19,0,True,True
2001-01-26,218961.4375,226125.8125,216722.5625,223349.625,5,0,0,2001-01-22,2001-01-26,0,True,True
2001-02-02,222095.84375,227693.03125,212692.59375,218468.875,4,0,0,2001-01-29,2001-02-02,1,True,True
2001-02-09,215379.234375,218065.890625,209110.40625,210677.609375,5,0,0,2001-02-05,2001-02-09,0,True,True
2001-02-16,211797.046875,217170.34375,208662.640625,210453.734375,5,0,0,2001-02-12,2001-02-16,0,True,True
2001-02-23,211797.046875,214483.6875,199707.15625,203871.453125,5,0,0,2001-02-19,2001-02-23,0,True,True
2001-03-02,203737.125,211797.046875,197916.0625,200781.8125,5,0,0,2001-02-26,2001-03-02,0,True,True
2001-03-09,200154.9375,203289.34375,188065.03125,193572.65625,5,0,0,2001-03-05,2001-03-09,0,True,True
2001-03-16,190303.90625,190751.671875,173288.5,174184.046875,5,0,0,2001-03-12,2001-03-16,0,True,True
2001-03-23,172392.953125,180005.109375,157168.640625,163437.46875,5,0,0,2001-03-19,2001-03-23,0,True,True
2001-03-30,164780.796875,186721.71875,162094.15625,183139.515625,5,0,0,2001-03-26,2001-03-30,0,True,True
2001-04-06,182691.75,185826.171875,167467.4375,176378.140625,5,0,0,2001-04-02,2001-04-06,0,True,True
2001-04-13,175527.359375,182691.75,174631.8125,180811.09375,4,0,0,2001-04-09,2001-04-13,1,True,True
2001-04-20,178661.78125,186721.71875,177318.46875,181930.53125,4,0,0,2001-04-16,2001-04-20,1,True,True
2001-04-27,180900.65625,186273.9375,180005.109375,185378.390625,5,0,0,2001-04-23,2001-04-27,0,True,True
2001-05-04,184035.0625,184930.625,181348.421875,183184.296875,4,0,0,2001-04-30,2001-05-04,1,True,True
2001-05-11,183587.296875,194781.640625,182691.75,192095,5,0,0,2001-05-07,2001-05-11,0,True,True
2001-05-18,190303.90625,194781.640625,188960.578125,190393.453125,5,0,0,2001-05-14,2001-05-18,0,True,True
2001-05-25,170154.078125,179557.328125,164780.796875,176422.90625,5,0,0,2001-05-21,2001-05-25,0,True,True
2001-06-01,176422.90625,183587.296875,175079.59375,180766.3125,5,0,0,2001-05-28,2001-06-01,0,True,True
2001-06-08,180452.875,180900.65625,170154.078125,174631.8125,5,0,0,2001-06-04,2001-06-08,0,True,True
2001-06-15,172840.71875,175079.59375,166571.890625,170780.96875,5,0,0,2001-06-11,2001-06-15,0,True,True
2001-06-22,171049.625,171945.171875,162989.703125,167736.09375,5,0,0,2001-06-18,2001-06-22,0,True,True
2001-06-29,167019.65625,171497.40625,163437.46875,167377.875,5,0,0,2001-06-25,2001-06-29,0,True,True
2001-07-06,166571.890625,167915.203125,162541.921875,163527.03125,5,0,0,2001-07-02,2001-07-06,0,True,True
2001-07-13,163885.25,164780.796875,150899.796875,153720.78125,5,0,0,2001-07-09,2001-07-13,0,True,True
2001-07-20,154482,154929.765625,147317.609375,150138.59375,5,0,0,2001-07-16,2001-07-20,0,True,True
2001-07-27,150899.796875,159855.28125,148660.9375,159855.28125,5,0,0,2001-07-23,2001-07-27,0,True,True
2001-08-03,160750.828125,166571.890625,159407.5,162541.921875,5,0,0,2001-07-30,2001-08-03,0,True,True
2001-08-10,162989.703125,165228.5625,154034.21875,156899.96875,5,0,0,2001-08-06,2001-08-10,0,True,True
2001-08-17,155377.546875,159855.28125,152690.890625,153586.4375,4,0,0,2001-08-13,2001-08-17,1,True,True
2001-08-24,153586.4375,157616.40625,150004.25,156855.1875,5,0,0,2001-08-20,2001-08-24,0,True,True
2001-08-31,156273.09375,157168.640625,149556.484375,153631.21875,5,0,0,2001-08-27,2001-08-31,0,True,True
2001-09-07,154034.21875,154482,139705.453125,142392.09375,5,0,0,2001-09-03,2001-09-07,0,True,True
2001-09-14,141496.546875,145078.734375,120003.40625,132988.84375,5,0,0,2001-09-10,2001-09-14,0,True,True
2001-09-21,129854.4296875,133436.625,107913.5078125,111943.4765625,5,0,0,2001-09-17,2001-09-21,0,True,True
2001-09-28,114182.34375,126048.3515625,112839.0234375,124481.140625,4,0,0,2001-09-24,2001-09-28,1,True,True
2001-10-05,126943.8984375,129406.65625,115301.7734375,118660.078125,5,0,0,2001-10-01,2001-10-05,0,True,True
2001-10-12,117316.7578125,129854.4296875,115301.7734375,126406.5703125,5,0,0,2001-10-08,2001-10-12,0,True,True
2001-10-19,123809.484375,126720.0078125,119107.8515625,125197.578125,5,0,0,2001-10-15,2001-10-19,0,True,True
2001-10-26,125376.6875,129630.5390625,121570.609375,127212.5625,5,0,0,2001-10-22,2001-10-26,0,True,True
2001-11-02,125376.6875,128511.109375,117092.875,120809.3984375,5,0,0,2001-10-29,2001-11-02,0,True,True
2001-11-09,122018.3828125,132764.953125,122018.3828125,126540.8984375,5,0,0,2001-11-05,2001-11-09,0,True,True
2001-11-16,125824.4609375,139705.453125,118660.078125,138675.578125,5,0,0,2001-11-12,2001-11-16,0,True,True
2001-11-23,139257.6875,140601,132988.84375,136302.375,5,0,0,2001-11-19,2001-11-23,0,True,True
2001-11-30,137018.8125,141048.78125,129406.65625,131063.421875,5,0,0,2001-11-26,2001-11-30,0,True,True
2001-12-07,130526.0859375,138362.125,128063.3359375,130749.9765625,5,0,0,2001-12-03,2001-12-07,0,True,True
2001-12-14,130749.9765625,132093.296875,120003.40625,121167.6171875,5,0,0,2001-12-10,2001-12-14,0,True,True
2001-12-21,120898.953125,124928.9140625,116868.984375,122869.15625,5,0,0,2001-12-17,2001-12-21,0,True,True
2001-12-28,121794.5,127615.5625,120898.953125,125376.6875,2,0,0,2001-12-24,2001-12-28,3,True,True
2002-01-04,124928.9140625,128063.3359375,122466.15625,123451.265625,3,0,0,2001-12-31,2002-01-04,2,True,True
2002-01-11,126272.234375,128958.8828125,122690.046875,124928.9140625,5,0,0,2002-01-07,2002-01-11,0,True,True
2002-01-18,124481.140625,128958.8828125,120451.1796875,128869.328125,5,0,0,2002-01-14,2002-01-18,0,True,True
2002-01-25,128958.8828125,133884.390625,125824.4609375,133750.0625,5,0,0,2002-01-21,2002-01-25,0,True,True
2002-02-01,134332.171875,137466.578125,128063.3359375,132630.625,5,0,0,2002-01-28,2002-02-01,0,True,True
2002-02-08,132988.84375,133212.734375,123585.59375,127839.4453125,5,0,0,2002-02-04,2002-02-08,0,True,True
2002-02-15,129406.65625,131645.53125,123137.8203125,128958.8828125,5,0,0,2002-02-11,2002-02-15,0,True,True
2002-02-22,128958.8828125,130973.8671875,122466.15625,125824.4609375,5,0,0,2002-02-18,2002-02-22,0,True,True
2002-03-01,127167.7890625,133884.390625,123585.59375,133481.390625,5,0,0,2002-02-25,2002-03-01,0,True,True
2002-03-08,135227.71875,140153.234375,134332.171875,138362.125,5,0,0,2002-03-04,2002-03-08,0,True,True
2002-03-15,137466.578125,148660.9375,136571.03125,147765.390625,5,0,0,2002-03-11,2002-03-15,0,True,True
2002-03-22,145078.734375,148660.9375,141048.78125,144586.1875,5,0,0,2002-03-18,2002-03-22,0,True,True
2002-03-29,144183.1875,152243.125,141048.78125,150452.03125,4,0,0,2002-03-25,2002-03-29,1,True,True
2002-04-05,149108.703125,151347.578125,145974.28125,147631.046875,4,0,0,2002-04-01,2002-04-05,1,True,True
2002-04-12,147317.609375,159855.28125,142839.875,158064.1875,5,0,0,2002-04-08,2002-04-12,0,True,True
2002-04-19,158064.1875,161198.59375,152690.890625,158511.953125,5,0,0,2002-04-15,2002-04-19,0,True,True
2002-04-26,158959.734375,173736.265625,157616.40625,169392.859375,5,0,0,2002-04-22,2002-04-26,0,True,True
2002-05-03,169258.53125,169258.53125,157168.640625,160347.828125,4,0,0,2002-04-29,2002-05-03,1,True,True
2002-05-10,161198.59375,162989.703125,151347.578125,155064.09375,5,0,0,2002-05-06,2002-05-10,0,True,True
2002-05-17,153586.4375,167019.65625,153586.4375,162228.484375,5,0,0,2002-05-13,2002-05-17,0,True,True
2002-05-24,159407.5,159407.5,154929.765625,155690.984375,5,0,0,2002-05-20,2002-05-24,0,True,True
2002-05-31,155825.3125,162541.921875,153138.671875,162541.921875,5,0,0,2002-05-27,2002-05-31,0,True,True
2002-06-07,161646.375,163885.25,150452.03125,155108.875,5,0,0,2002-06-03,2002-06-07,0,True,True
2002-06-14,155377.546875,156720.859375,139257.6875,142526.4375,5,0,0,2002-06-10,2002-06-14,0,True,True
2002-06-21,141944.328125,148213.15625,138362.125,141004,5,0,0,2002-06-17,2002-06-21,0,True,True
2002-06-28,139705.453125,148213.15625,134332.171875,147451.9375,5,0,0,2002-06-24,2002-06-28,0,True,True
2002-07-05,146422.0625,154034.21875,140601,147989.265625,5,0,0,2002-07-01,2002-07-05,0,True,True
2002-07-12,147765.390625,150899.796875,137466.578125,137914.359375,5,0,0,2002-07-08,2002-07-12,0,True,True
2002-07-19,137914.359375,144183.1875,131645.53125,135227.71875,5,0,0,2002-07-15,2002-07-19,0,True,True
2002-07-26,134332.171875,135227.71875,118660.078125,127033.453125,5,0,0,2002-07-22,2002-07-26,0,True,True
2002-08-02,127167.7890625,134108.28125,124928.9140625,127123.0078125,5,0,0,2002-07-29,2002-08-02,0,True,True
2002-08-09,127615.5625,134779.9375,122466.15625,134108.28125,5,0,0,2002-08-05,2002-08-09,0,True,True
2002-08-16,133436.625,137018.8125,130749.9765625,135899.375,4,0,0,2002-08-12,2002-08-16,1,True,True
2002-08-23,136123.265625,141944.328125,135227.71875,138362.125,5,0,0,2002-08-19,2002-08-23,0,True,True
2002-08-30,137914.359375,141944.328125,127167.7890625,128958.8828125,5,0,0,2002-08-26,2002-08-30,0,True,True
2002-09-06,127391.671875,131197.75,119555.6328125,124928.9140625,5,0,0,2002-09-02,2002-09-06,0,True,True
2002-09-13,123809.484375,127167.7890625,118660.078125,120898.953125,5,0,0,2002-09-09,2002-09-13,0,True,True
2002-09-20,120898.953125,123361.7109375,108809.0546875,110824.0390625,5,0,0,2002-09-16,2002-09-20,0,True,True
2002-09-27,112167.359375,112167.359375,96495.2734375,97166.9375,5,0,0,2002-09-23,2002-09-27,0,True,True
2002-10-04,95823.609375,96271.390625,83509.828125,85300.9296875,5,0,0,2002-09-30,2002-10-04,0,True,True
2002-10-11,83509.828125,92465.3125,77464.8828125,91793.6484375,5,0,0,2002-10-07,2002-10-11,0,True,True
2002-10-18,92241.421875,102540.21875,89778.6640625,100973.015625,5,0,0,2002-10-14,2002-10-18,0,True,True
2002-10-25,101644.671875,107689.6171875,96495.2734375,101868.5625,5,0,0,2002-10-21,2002-10-25,0,True,True
2002-11-01,102764.109375,105002.9765625,96495.2734375,97838.59375,4,0,0,2002-10-28,2002-11-01,1,True,True
2002-11-08,100077.46875,105226.8671875,88211.453125,92017.53125,5,0,0,2002-11-04,2002-11-08,0,True,True
2002-11-15,91793.6484375,93136.96875,87315.90625,89062.2265625,5,0,0,2002-11-11,2002-11-15,0,True,True
2002-11-22,88883.1171875,94928.0625,86420.359375,93226.5234375,5,0,0,2002-11-18,2002-11-22,0,True,True
2002-11-29,94704.1796875,109032.9453125,93584.7421875,108809.0546875,5,0,0,2002-11-25,2002-11-29,0,True,True
2002-12-06,109480.71875,109480.71875,96047.5,100480.4609375,5,0,0,2002-12-02,2002-12-06,0,True,True
2002-12-13,101196.8984375,109256.828125,98958.03125,104376.09375,5,0,0,2002-12-09,2002-12-13,0,True,True
2002-12-20,103211.8828125,108137.3984375,99853.578125,105316.421875,5,0,0,2002-12-16,2002-12-20,0,True,True
2002-12-27,106346.296875,106794.0703125,101420.7890625,101420.7890625,2,0,0,2002-12-23,2002-12-27,3,True,True
2003-01-03,100749.125,107689.6171875,99629.6875,106077.6328125,3,0,0,2002-12-30,2003-01-03,2,True,True
2003-01-10,107465.734375,109256.828125,102540.21875,108182.171875,5,0,0,2003-01-06,2003-01-10,0,True,True
2003-01-17,109704.6015625,111943.4765625,101868.5625,102316.3359375,5,0,0,2003-01-13,2003-01-17,0,True,True
2003-01-24,102092.4453125,103659.65625,96719.1640625,97166.9375,5,0,0,2003-01-20,2003-01-24,0,True,True
2003-01-31,96271.390625,98510.2578125,92017.53125,94301.1796875,5,0,0,2003-01-27,2003-01-31,0,True,True
2003-02-07,96047.5,98062.484375,92017.53125,93181.75,5,0,0,2003-02-03,2003-02-07,0,True,True
2003-02-14,92913.0859375,95823.609375,89330.890625,95465.390625,5,0,0,2003-02-10,2003-02-14,0,True,True
2003-02-21,96271.390625,100301.3515625,96047.5,98420.703125,5,0,0,2003-02-17,2003-02-21,0,True,True
2003-02-28,98286.3671875,98510.2578125,92689.1953125,98465.4765625,5,0,0,2003-02-24,2003-02-28,0,True,True
2003-03-07,97838.59375,98510.2578125,88211.453125,90136.8828125,5,0,0,2003-03-03,2003-03-07,0,True,True
2003-03-14,90002.5546875,95823.609375,86196.4765625,95554.9453125,5,0,0,2003-03-10,2003-03-14,0,True,True
2003-03-21,92689.1953125,102316.3359375,92017.53125,101958.1171875,5,0,0,2003-03-17,2003-03-21,0,True,True
2003-03-28,100749.125,100973.015625,90674.2109375,96898.2734375,5,0,0,2003-03-24,2003-03-28,0,True,True
2003-04-04,93808.6328125,108809.0546875,92241.421875,102137.2265625,5,0,0,2003-03-31,2003-04-04,0,True,True
2003-04-11,104779.09375,108585.171875,103883.5390625,107465.734375,5,0,0,2003-04-07,2003-04-11,0,True,True
2003-04-18,106794.0703125,116421.2109375,106346.296875,115973.4375,4,0,0,2003-04-14,2003-04-18,1,True,True
2003-04-25,114182.34375,117316.7578125,113958.453125,115749.5546875,3,0,0,2003-04-21,2003-04-25,2,True,True
2003-05-02,112391.25,117540.6484375,111271.8125,116824.2109375,4,0,0,2003-04-28,2003-05-02,1,True,True
2003-05-09,117092.875,124705.03125,115301.7734375,117764.53125,5,0,0,2003-05-05,2003-05-09,0,True,True
2003-05-16,118212.3046875,119107.8515625,113734.5703125,118525.75,5,0,0,2003-05-12,2003-05-16,0,True,True
2003-05-23,112839.0234375,112839.0234375,104555.203125,106704.515625,5,0,0,2003-05-19,2003-05-23,0,True,True
2003-05-30,106570.1875,113958.453125,104555.203125,113958.453125,5,0,0,2003-05-26,2003-05-30,0,True,True
2003-06-06,113286.796875,114182.34375,109032.9453125,109973.265625,5,0,0,2003-06-02,2003-06-06,0,True,True
2003-06-13,109928.4921875,115525.6640625,109032.9453125,110779.2578125,5,0,0,2003-06-09,2003-06-13,0,True,True
2003-06-20,110600.1484375,117540.6484375,109032.9453125,112256.9140625,5,0,0,2003-06-16,2003-06-20,0,True,True
2003-06-27,112391.25,113062.90625,109032.9453125,111047.921875,5,0,0,2003-06-23,2003-06-27,0,True,True
2003-07-04,110600.1484375,111047.921875,104107.4296875,107331.3984375,5,0,0,2003-06-30,2003-07-04,0,True,True
2003-07-11,108585.171875,110824.0390625,105898.5234375,107644.84375,5,0,0,2003-07-07,2003-07-11,0,True,True
2003-07-18,107913.5078125,109480.71875,105898.5234375,108092.6171875,5,0,0,2003-07-14,2003-07-18,0,True,True
2003-07-25,107465.734375,109032.9453125,105898.5234375,107868.734375,5,0,0,2003-07-21,2003-07-25,0,True,True
2003-08-01,108809.0546875,111495.6953125,107913.5078125,108137.3984375,5,0,0,2003-07-28,2003-08-01,0,True,True
2003-08-08,109256.828125,109256.828125,101420.7890625,103704.4296875,5,0,0,2003-08-04,2003-08-08,0,True,True
2003-08-15,104107.4296875,106346.296875,102540.21875,105764.1953125,4,0,0,2003-08-11,2003-08-15,1,True,True
2003-08-22,105226.8671875,110152.375,105226.8671875,108361.28125,5,0,0,2003-08-18,2003-08-22,0,True,True
2003-08-29,108137.3984375,109032.9453125,105226.8671875,107017.9609375,5,0,0,2003-08-25,2003-08-29,0,True,True
2003-09-05,107017.9609375,113510.6796875,105450.75,111271.8125,5,0,0,2003-09-01,2003-09-05,0,True,True
2003-09-12,111495.6953125,113510.6796875,107465.734375,109480.71875,5,0,0,2003-09-08,2003-09-12,0,True,True
2003-09-19,109704.6015625,115973.4375,108585.171875,114854,5,0,0,2003-09-15,2003-09-19,0,True,True
2003-09-26,113510.6796875,114406.2265625,107465.734375,108585.171875,5,0,0,2003-09-22,2003-09-26,0,True,True
2003-10-03,108361.28125,109480.71875,104779.09375,109032.9453125,5,0,0,2003-09-29,2003-10-03,0,True,True
2003-10-10,108137.3984375,111719.5859375,107465.734375,111047.921875,5,0,0,2003-10-06,2003-10-10,0,True,True
2003-10-17,111271.8125,115077.890625,110824.0390625,113062.90625,5,0,0,2003-10-13,2003-10-17,0,True,True
2003-10-24,113286.796875,113734.5703125,109256.828125,109256.828125,5,0,0,2003-10-20,2003-10-24,0,True,True
2003-10-31,109704.6015625,116197.328125,109256.828125,114854,5,0,0,2003-10-27,2003-10-31,0,True,True
2003-11-07,114630.1171875,118436.1953125,114630.1171875,117764.53125,5,0,0,2003-11-03,2003-11-07,0,True,True
2003-11-14,117988.421875,118660.078125,112391.25,114182.34375,5,0,0,2003-11-10,2003-11-14,0,True,True
2003-11-21,113286.796875,118212.3046875,112615.1328125,117988.421875,5,0,0,2003-11-17,2003-11-21,0,True,True
2003-11-28,117764.53125,123137.8203125,117764.53125,122690.046875,5,0,0,2003-11-24,2003-11-28,0,True,True
2003-12-05,122466.15625,126048.3515625,121346.7265625,125152.8046875,5,0,0,2003-12-01,2003-12-05,0,True,True
2003-12-12,126048.3515625,127615.5625,119331.7421875,121346.7265625,4,0,0,2003-12-08,2003-12-12,1,True,True
2003-12-19,123137.8203125,123585.59375,117092.875,120451.1796875,5,0,0,2003-12-15,2003-12-19,0,True,True
2003-12-26,118212.3046875,120003.40625,109704.6015625,113734.5703125,2,0,0,2003-12-22,2003-12-26,3,True,True
2004-01-02,113286.796875,114854,112167.359375,112839.0234375,3,0,0,2003-12-29,2004-01-02,2,True,True
2004-01-09,113286.796875,113510.6796875,106570.1875,112167.359375,4,0,0,2004-01-05,2004-01-09,1,True,True
2004-01-16,110824.0390625,115525.6640625,110824.0390625,114182.34375,5,0,0,2004-01-12,2004-01-16,0,True,True
2004-01-23,114630.1171875,115973.4375,112839.0234375,113958.453125,5,0,0,2004-01-19,2004-01-23,0,True,True
2004-01-30,114182.34375,121346.7265625,113510.6796875,116645.1015625,5,0,0,2004-01-26,2004-01-30,0,True,True
2004-02-06,116421.2109375,117988.421875,113510.6796875,115973.4375,5,0,0,2004-02-02,2004-02-06,0,True,True
2004-02-13,115973.4375,120451.1796875,115749.5546875,117092.875,5,0,0,2004-02-09,2004-02-13,0,True,True
2004-02-20,117540.6484375,122690.046875,117316.7578125,119779.515625,5,0,0,2004-02-16,2004-02-20,0,True,True
2004-02-27,119779.515625,121570.609375,115525.6640625,117540.6484375,5,0,0,2004-02-23,2004-02-27,0,True,True
2004-03-05,118436.1953125,118436.1953125,114406.2265625,117092.875,5,0,0,2004-03-01,2004-03-05,0,True,True
2004-03-12,117092.875,117988.421875,109704.6015625,111943.4765625,5,0,0,2004-03-08,2004-03-12,0,True,True
2004-03-19,111495.6953125,111495.6953125,104555.203125,107017.9609375,5,0,0,2004-03-15,2004-03-19,0,True,True
2004-03-26,106122.4140625,108137.3984375,102987.9921875,105898.5234375,5,0,0,2004-03-22,2004-03-26,0,True,True
2004-04-02,106122.4140625,110376.265625,105226.8671875,109480.71875,5,0,0,2004-03-29,2004-04-02,0,True,True
2004-04-09,109704.6015625,114406.2265625,109704.6015625,113958.453125,4,0,0,2004-04-05,2004-04-09,1,True,True
2004-04-16,114406.2265625,115973.4375,112391.25,112839.0234375,4,0,0,2004-04-12,2004-04-16,1,True,True
2004-04-23,113062.90625,119107.8515625,111719.5859375,117988.421875,5,0,0,2004-04-19,2004-04-23,0,True,True
2004-04-30,118212.3046875,120003.40625,115077.890625,116421.2109375,5,0,0,2004-04-26,2004-04-30,0,True,True
2004-05-07,116645.1015625,116868.984375,110600.1484375,111943.4765625,5,0,0,2004-05-03,2004-05-07,0,True,True
2004-05-14,109704.6015625,114854,108809.0546875,113958.453125,5,0,0,2004-05-10,2004-05-14,0,True,True
2004-05-21,112391.25,113286.796875,109480.71875,112391.25,5,0,0,2004-05-17,2004-05-21,0,True,True
2004-05-28,110152.375,113734.5703125,109928.4921875,113734.5703125,5,0,0,2004-05-24,2004-05-28,0,True,True
2004-06-04,113286.796875,115973.4375,110824.0390625,114630.1171875,4,0,0,2004-05-31,2004-06-04,1,True,True
2004-06-11,115749.5546875,116645.1015625,113734.5703125,115301.7734375,5,0,0,2004-06-07,2004-06-11,0,True,True
2004-06-18,114630.1171875,117764.53125,114406.2265625,116197.328125,5,0,0,2004-06-14,2004-06-18,0,True,True
2004-06-25,116868.984375,119107.8515625,115973.4375,118436.1953125,5,0,0,2004-06-21,2004-06-25,0,True,True
2004-07-02,119107.8515625,119779.515625,114630.1171875,115973.4375,5,0,0,2004-06-28,2004-07-02,0,True,True
2004-07-09,115749.5546875,116645.1015625,113510.6796875,115077.890625,5,0,0,2004-07-05,2004-07-09,0,True,True
2004-07-16,114630.1171875,115301.7734375,111047.921875,111943.4765625,5,0,0,2004-07-12,2004-07-16,0,True,True
2004-07-23,111943.4765625,112615.1328125,109256.828125,109928.4921875,5,0,0,2004-07-19,2004-07-23,0,True,True
2004-07-30,109928.4921875,112167.359375,108585.171875,111271.8125,5,0,0,2004-07-26,2004-07-30,0,True,True
2004-08-06,111047.921875,111719.5859375,107913.5078125,108809.0546875,5,0,0,2004-08-02,2004-08-06,0,True,True
2004-08-13,108361.28125,109032.9453125,104331.3203125,105002.9765625,5,0,0,2004-08-09,2004-08-13,0,True,True
2004-08-20,104779.09375,107465.734375,104107.4296875,105674.640625,5,0,0,2004-08-16,2004-08-20,0,True,True
2004-08-27,106346.296875,108585.171875,105898.5234375,107689.6171875,5,0,0,2004-08-23,2004-08-27,0,True,True
2004-09-03,107465.734375,111719.5859375,106122.4140625,111271.8125,5,0,0,2004-08-30,2004-09-03,0,True,True
2004-09-10,111495.6953125,112615.1328125,106570.1875,107465.734375,5,0,0,2004-09-06,2004-09-10,0,True,True
2004-09-17,107465.734375,107913.5078125,105002.9765625,107241.84375,5,0,0,2004-09-13,2004-09-17,0,True,True
2004-09-24,107465.734375,107689.6171875,105450.75,106570.1875,5,0,0,2004-09-20,2004-09-24,0,True,True
2004-10-01,106346.296875,107465.734375,102764.109375,107017.9609375,5,0,0,2004-09-27,2004-10-01,0,True,True
2004-10-08,107241.84375,108585.171875,105674.640625,106794.0703125,5,0,0,2004-10-04,2004-10-08,0,True,True
2004-10-15,106346.296875,107913.5078125,105898.5234375,107017.9609375,5,0,0,2004-10-11,2004-10-15,0,True,True
2004-10-22,106794.0703125,107689.6171875,104555.203125,106122.4140625,5,0,0,2004-10-18,2004-10-22,0,True,True
2004-10-29,104331.3203125,106346.296875,103659.65625,104779.09375,5,0,0,2004-10-25,2004-10-29,0,True,True
2004-11-05,105674.640625,107465.734375,105450.75,106346.296875,4,0,0,2004-11-01,2004-11-05,1,True,True
2004-11-12,106122.4140625,109928.4921875,105898.5234375,108361.28125,5,0,0,2004-11-08,2004-11-12,0,True,True
2004-11-19,108585.171875,111271.8125,106794.0703125,108137.3984375,5,0,0,2004-11-15,2004-11-19,0,True,True
2004-11-26,108137.3984375,111047.921875,107689.6171875,109256.828125,5,0,0,2004-11-22,2004-11-26,0,True,True
2004-12-03,109704.6015625,113286.796875,109256.828125,112615.1328125,5,0,0,2004-11-29,2004-12-03,0,True,True
2004-12-10,111943.4765625,115077.890625,111719.5859375,113510.6796875,4,0,0,2004-12-06,2004-12-10,1,True,True
2004-12-17,113958.453125,114182.34375,111271.8125,111719.5859375,5,0,0,2004-12-13,2004-12-17,0,True,True
2004-12-24,111495.6953125,119107.8515625,111047.921875,118212.3046875,4,0,0,2004-12-20,2004-12-24,1,True,True
2004-12-31,118883.96875,119779.515625,116868.984375,117540.6484375,4,0,0,2004-12-27,2004-12-31,1,True,True
2005-01-07,117540.6484375,118212.3046875,115525.6640625,117988.421875,4,0,0,2005-01-03,2005-01-07,1,True,True
2005-01-14,117988.421875,118436.1953125,111047.921875,112167.359375,5,0,0,2005-01-10,2005-01-14,0,True,True
2005-01-21,112615.1328125,113062.90625,108585.171875,109704.6015625,5,0,0,2005-01-17,2005-01-21,0,True,True
2005-01-28,109256.828125,111047.921875,108809.0546875,110152.375,5,0,0,2005-01-24,2005-01-28,0,True,True
2005-02-04,110376.265625,113174.8515625,109816.546875,112727.078125,5,0,0,2005-01-31,2005-02-04,0,True,True
2005-02-11,113286.796875,115189.8359375,112391.25,115077.890625,5,0,0,2005-02-07,2005-02-11,0,True,True
2005-02-18,115525.6640625,115749.5546875,112950.9609375,114742.0625,5,0,0,2005-02-14,2005-02-18,0,True,True
2005-02-25,114965.9453125,115525.6640625,111047.921875,114965.9453125,5,0,0,2005-02-21,2005-02-25,0,True,True
2005-03-04,115077.890625,117988.421875,113062.90625,117092.875,5,0,0,2005-02-28,2005-03-04,0,True,True
2005-03-11,116868.984375,118100.3671875,113510.6796875,114406.2265625,5,0,0,2005-03-07,2005-03-11,0,True,True
2005-03-18,114294.2890625,115973.4375,112615.1328125,115525.6640625,5,0,0,2005-03-14,2005-03-18,0,True,True
2005-03-25,114070.3984375,114070.3984375,110600.1484375,112055.4140625,4,0,0,2005-03-21,2005-03-25,1,True,True
2005-04-01,112279.3046875,118883.96875,112167.359375,118660.078125,4,0,0,2005-03-28,2005-04-01,1,True,True
2005-04-08,118660.078125,127055.84375,117204.8125,124257.2578125,5,0,0,2005-04-04,2005-04-08,0,True,True
2005-04-15,124033.3671875,131085.8125,123585.59375,125488.6328125,5,0,0,2005-04-11,2005-04-15,0,True,True
2005-04-22,124033.3671875,125712.5234375,121458.671875,123585.59375,5,0,0,2005-04-18,2005-04-22,0,True,True
2005-04-29,123697.5390625,123697.5390625,120563.1171875,121346.7265625,4,0,0,2005-04-25,2005-04-29,1,True,True
2005-05-06,121906.4453125,134556.046875,121570.609375,133436.625,5,0,0,2005-05-02,2005-05-06,0,True,True
2005-05-13,133884.390625,136459.09375,129406.65625,136347.15625,5,0,0,2005-05-09,2005-05-13,0,True,True
2005-05-20,136347.15625,139145.734375,130078.3125,137130.75,5,0,0,2005-05-16,2005-05-20,0,True,True
2005-05-27,133212.734375,134779.9375,130638.03125,131869.40625,5,0,0,2005-05-23,2005-05-27,0,True,True
2005-06-03,131869.40625,132988.84375,126720.0078125,128623.046875,4,0,0,2005-05-30,2005-06-03,1,True,True
2005-06-10,127951.390625,130190.2578125,126384.1796875,127615.5625,5,0,0,2005-06-06,2005-06-10,0,True,True
2005-06-17,127503.6171875,130638.03125,123361.7109375,128511.109375,5,0,0,2005-06-13,2005-06-17,0,True,True
2005-06-24,128287.21875,134556.046875,127279.7265625,130638.03125,5,0,0,2005-06-20,2005-06-24,0,True,True
2005-07-01,130526.0859375,133660.5,128846.9375,132988.84375,5,0,0,2005-06-27,2005-07-01,0,True,True
2005-07-08,132764.953125,133324.671875,124928.9140625,128511.109375,5,0,0,2005-07-04,2005-07-08,0,True,True
2005-07-15,128399.1640625,132093.296875,127391.671875,129742.484375,5,0,0,2005-07-11,2005-07-15,0,True,True
2005-07-22,129854.4296875,153586.4375,128958.8828125,153026.734375,5,0,0,2005-07-18,2005-07-22,0,True,True
2005-07-29,153698.390625,153922.28125,139705.453125,140153.234375,5,0,0,2005-07-25,2005-07-29,0,True,True
2005-08-05,139817.390625,148884.8125,139481.5625,146645.953125,5,0,0,2005-08-01,2005-08-05,0,True,True
2005-08-12,147317.609375,148213.15625,141048.78125,142839.875,5,0,0,2005-08-08,2005-08-12,0,True,True
2005-08-19,143735.421875,144071.25,141048.78125,143287.640625,4,0,0,2005-08-15,2005-08-19,1,True,True
2005-08-26,143847.359375,145190.6875,139705.453125,140601,5,0,0,2005-08-22,2005-08-26,0,True,True
2005-09-02,139705.453125,145078.734375,138474.078125,143735.421875,5,0,0,2005-08-29,2005-09-02,0,True,True
2005-09-09,144519.03125,147317.609375,143959.3125,146086.234375,5,0,0,2005-09-05,2005-09-09,0,True,True
2005-09-16,145862.34375,146869.84375,143287.640625,145526.515625,5,0,0,2005-09-12,2005-09-16,0,True,True
2005-09-23,145078.734375,153138.671875,144183.1875,151235.625,5,0,0,2005-09-19,2005-09-23,0,True,True
2005-09-30,151459.515625,166124.109375,151459.515625,165228.5625,5,0,0,2005-09-26,2005-09-30,0,True,True
2005-10-07,166124.109375,178102.0625,165228.5625,169930.1875,5,0,0,2005-10-03,2005-10-07,0,True,True
2005-10-14,171273.515625,171497.40625,162094.15625,166571.890625,5,0,0,2005-10-10,2005-10-14,0,True,True
2005-10-21,165788.28125,166348,158288.078125,164892.734375,5,0,0,2005-10-17,2005-10-21,0,True,True
2005-10-28,165676.34375,171833.234375,160303.046875,168810.75,5,0,0,2005-10-24,2005-10-28,0,True,True
2005-11-04,171049.625,174519.875,166795.78125,174519.875,4,0,0,2005-10-31,2005-11-04,1,True,True
2005-11-11,174631.8125,180005.109375,172840.71875,176422.90625,5,0,0,2005-11-07,2005-11-11,0,True,True
2005-11-18,176982.625,177542.34375,172840.71875,175975.140625,5,0,0,2005-11-14,2005-11-18,0,True,True
2005-11-25,175639.3125,186721.71875,175191.53125,185378.390625,5,0,0,2005-11-21,2005-11-25,0,True,True
2005-12-02,184818.671875,186609.765625,179669.28125,183587.296875,5,0,0,2005-11-28,2005-12-02,0,True,True
2005-12-09,183251.46875,185490.328125,181572.3125,184482.84375,4,0,0,2005-12-05,2005-12-09,1,True,True
2005-12-16,184594.78125,185378.390625,167803.265625,169706.3125,5,0,0,2005-12-12,2005-12-16,0,True,True
2005-12-23,169706.3125,177654.296875,169258.53125,174407.9375,5,0,0,2005-12-19,2005-12-23,0,True,True
2005-12-30,173288.5,178997.609375,173288.5,176758.75,4,0,0,2005-12-26,2005-12-30,1,True,True
2006-01-06,175639.3125,179109.5625,174855.703125,177318.46875,4,0,0,2006-01-02,2006-01-06,1,True,True
2006-01-13,175975.140625,176422.90625,169706.3125,172169.0625,5,0,0,2006-01-09,2006-01-13,0,True,True
2006-01-20,171609.34375,173288.5,166683.828125,171049.625,5,0,0,2006-01-16,2006-01-20,0,True,True
2006-01-27,169034.640625,176982.625,168362.984375,175303.484375,5,0,0,2006-01-23,2006-01-27,0,True,True
2006-02-03,175751.25,182803.6875,174407.9375,180005.109375,5,0,0,2006-01-30,2006-02-03,0,True,True
2006-02-10,182691.75,193662.203125,181796.203125,189632.25,5,0,0,2006-02-06,2006-02-10,0,True,True
2006-02-17,190527.796875,195117.46875,188736.703125,194109.984375,5,0,0,2006-02-13,2006-02-17,0,True,True
2006-02-24,194669.703125,200042.984375,193886.09375,198811.609375,5,0,0,2006-02-20,2006-02-24,0,True,True
2006-03-03,197916.0625,200154.9375,190527.796875,190975.5625,5,0,0,2006-02-27,2006-03-03,0,True,True
2006-03-10,190975.5625,203289.34375,189184.46875,203289.34375,5,0,0,2006-03-06,2006-03-10,0,True,True
2006-03-17,205080.4375,215491.1875,203065.453125,212468.71875,5,0,0,2006-03-13,2006-03-17,0,True,True
2006-03-24,214035.921875,216722.5625,207319.3125,208326.796875,5,0,0,2006-03-20,2006-03-24,0,True,True
2006-03-31,208550.6875,214483.6875,201050.484375,207990.96875,5,0,0,2006-03-27,2006-03-31,0,True,True
2006-04-07,208774.578125,215715.078125,208438.75,209670.125,5,0,0,2006-04-03,2006-04-07,0,True,True
2006-04-14,210005.953125,214707.578125,202841.578125,208886.515625,4,0,0,2006-04-10,2006-04-13,0,True,True
2006-04-21,207543.203125,214147.859375,206087.9375,213476.203125,4,0,0,2006-04-18,2006-04-21,0,True,True
2006-04-28,211349.28125,213588.140625,208326.796875,210229.84375,4,0,0,2006-04-24,2006-04-28,1,True,True
2006-05-05,210005.953125,212020.9375,207095.421875,211013.453125,4,0,0,2006-05-02,2006-05-05,0,True,True
2006-05-12,214707.578125,226797.46875,213812.03125,220864.46875,5,0,0,2006-05-08,2006-05-12,0,True,True
2006-05-19,219968.921875,221983.90625,210789.5625,212244.828125,5,0,0,2006-05-15,2006-05-19,0,True,True
2006-05-26,205975.984375,206759.59375,199259.375,206423.765625,5,0,0,2006-05-22,2006-05-26,0,True,True
2006-06-02,205975.984375,208662.640625,197020.515625,207879.03125,4,0,0,2006-05-29,2006-06-02,1,True,True
2006-06-09,209782.0625,210117.90625,196236.90625,198251.890625,5,0,0,2006-06-05,2006-06-09,0,True,True
2006-06-16,197020.515625,203289.34375,192542.78125,197356.34375,5,0,0,2006-06-12,2006-06-16,0,True,True
2006-06-23,198139.953125,211125.390625,196124.96875,206871.53125,5,0,0,2006-06-19,2006-06-23,0,True,True
2006-06-30,209222.34375,213923.984375,205080.4375,210453.734375,5,0,0,2006-06-26,2006-06-30,0,True,True
2006-07-07,211573.15625,213140.375,205640.15625,205864.046875,5,0,0,2006-07-03,2006-07-07,0,True,True
2006-07-14,206535.703125,209894.015625,198811.609375,199259.375,5,0,0,2006-07-10,2006-07-14,0,True,True
2006-07-21,199259.375,207767.078125,194669.703125,205080.4375,5,0,0,2006-07-17,2006-07-21,0,True,True
2006-07-28,205752.109375,212244.828125,204856.5625,210453.734375,5,0,0,2006-07-24,2006-07-28,0,True,True
2006-08-04,210453.734375,214371.75,207990.96875,213140.375,5,0,0,2006-07-31,2006-08-04,0,True,True
2006-08-11,211237.328125,212020.9375,205304.328125,207767.078125,5,0,0,2006-08-07,2006-08-11,0,True,True
2006-08-18,208326.796875,209558.1875,206871.53125,208774.578125,4,0,0,2006-08-14,2006-08-18,0,True,True
2006-08-25,209110.40625,215603.125,201050.484375,212804.546875,5,0,0,2006-08-21,2006-08-25,0,True,True
2006-09-01,215827.015625,216274.796875,210453.734375,213588.140625,5,0,0,2006-08-28,2006-09-01,0,True,True
2006-09-08,213923.984375,215379.234375,209222.34375,213028.421875,5,0,0,2006-09-04,2006-09-08,0,True,True
2006-09-15,212692.59375,213923.984375,209446.234375,211797.046875,5,0,0,2006-09-11,2006-09-15,0,True,True
2006-09-22,211349.28125,219409.203125,207655.140625,213700.09375,5,0,0,2006-09-18,2006-09-22,0,True,True
2006-09-29,213364.265625,215827.015625,212468.71875,214035.921875,5,0,0,2006-09-25,2006-09-29,0,True,True
2006-10-06,213364.265625,218961.4375,210901.5,216946.453125,5,0,0,2006-10-02,2006-10-06,0,True,True
2006-10-13,215827.015625,222767.515625,215827.015625,221648.078125,5,0,0,2006-10-09,2006-10-13,0,True,True
2006-10-20,222767.515625,223215.28125,213364.265625,214035.921875,5,0,0,2006-10-16,2006-10-20,0,True,True
2006-10-27,214259.8125,218513.65625,211349.28125,211909,5,0,0,2006-10-23,2006-10-27,0,True,True
2006-11-03,213252.3125,216610.625,210677.609375,214035.921875,4,0,0,2006-10-30,2006-11-03,1,True,True
2006-11-10,214707.578125,222991.390625,214707.578125,217506.171875,5,0,0,2006-11-06,2006-11-10,0,True,True
2006-11-17,216274.796875,218961.4375,214035.921875,215155.359375,5,0,0,2006-11-13,2006-11-17,0,True,True
2006-11-24,213812.03125,226685.53125,213700.09375,223886.953125,5,0,0,2006-11-20,2006-11-24,0,True,True
2006-12-01,227021.359375,227469.140625,213140.375,213923.984375,5,0,0,2006-11-27,2006-12-01,0,True,True
2006-12-08,214147.859375,219409.203125,214147.859375,218849.484375,4,0,0,2006-12-04,2006-12-08,1,True,True
2006-12-15,219409.203125,224222.78125,219409.203125,221424.1875,5,0,0,2006-12-11,2006-12-15,0,True,True
2006-12-22,220304.75,223663.0625,217170.34375,217394.21875,5,0,0,2006-12-18,2006-12-22,0,True,True
2006-12-29,218065.890625,222767.515625,217730.0625,219521.15625,3,0,0,2006-12-27,2006-12-29,0,True,True
2007-01-05,220752.53125,221871.96875,219185.3125,219745.03125,4,0,0,2007-01-02,2007-01-05,0,True,True
2007-01-12,220080.875,223215.28125,218737.546875,221648.078125,5,0,0,2007-01-08,2007-01-12,0,True,True
2007-01-19,222207.796875,223327.234375,217730.0625,220080.875,5,0,0,2007-01-15,2007-01-19,0,True,True
2007-01-26,220640.578125,222319.734375,219185.3125,220304.75,5,0,0,2007-01-22,2007-01-26,0,True,True
2007-02-02,219968.921875,233290.203125,219856.984375,232394.65625,5,0,0,2007-01-29,2007-02-02,0,True,True
2007-02-09,232394.65625,234633.515625,225230.265625,228364.6875,5,0,0,2007-02-05,2007-02-09,0,True,True
2007-02-16,227693.03125,230603.546875,226349.703125,227021.359375,5,0,0,2007-02-12,2007-02-16,0,True,True
2007-02-23,227245.25,230603.546875,225678.046875,226125.8125,5,0,0,2007-02-19,2007-02-23,0,True,True
2007-03-02,226349.703125,227245.25,211797.046875,214931.46875,5,0,0,2007-02-26,2007-03-02,0,True,True
2007-03-09,211909,218961.4375,209782.0625,216722.5625,5,0,0,2007-03-05,2007-03-09,0,True,True
2007-03-16,217618.109375,217618.109375,205528.21875,206759.59375,5,0,0,2007-03-12,2007-03-16,0,True,True
2007-03-23,208214.859375,216722.5625,208214.859375,212244.828125,5,0,0,2007-03-19,2007-03-23,0,True,True
2007-03-30,212580.65625,213140.375,206199.875,210005.953125,5,0,0,2007-03-26,2007-03-30,0,True,True
2007-04-06,208886.515625,212468.71875,208214.859375,211349.28125,4,0,0,2007-04-02,2007-04-05,0,True,True
2007-04-13,211349.28125,215603.125,210677.609375,215043.40625,4,0,0,2007-04-10,2007-04-13,0,True,True
2007-04-20,215827.015625,220976.421875,215379.234375,220416.703125,5,0,0,2007-04-16,2007-04-20,0,True,True
2007-04-27,220304.75,223886.953125,218065.890625,221424.1875,4,0,0,2007-04-23,2007-04-27,1,True,True
2007-05-04,221648.078125,224558.609375,220416.703125,223886.953125,4,0,0,2007-04-30,2007-05-04,0,True,True
2007-05-11,223886.953125,224558.609375,219856.984375,222431.6875,5,0,0,2007-05-07,2007-05-11,0,True,True
2007-05-18,222879.453125,234857.40625,221424.1875,233737.96875,5,0,0,2007-05-14,2007-05-18,0,True,True
2007-05-25,231946.875,238887.375,227021.359375,227916.90625,5,0,0,2007-05-21,2007-05-25,0,True,True
2007-06-01,228812.453125,231946.875,224110.828125,225901.921875,5,0,0,2007-05-28,2007-06-01,0,True,True
2007-06-08,226125.8125,227245.25,216498.671875,218625.609375,5,0,0,2007-06-04,2007-06-08,0,True,True
2007-06-15,219185.3125,227021.359375,217618.109375,226797.46875,5,0,0,2007-06-11,2007-06-15,0,True,True
2007-06-22,225454.15625,227916.90625,223215.28125,225454.15625,5,0,0,2007-06-18,2007-06-22,0,True,True
2007-06-29,224782.5,226573.59375,220752.53125,224558.609375,5,0,0,2007-06-25,2007-06-29,0,True,True
2007-07-06,223439.171875,228364.6875,222095.84375,226349.703125,5,0,0,2007-07-02,2007-07-06,0,True,True
2007-07-13,226797.46875,230603.546875,220976.421875,223103.34375,5,0,0,2007-07-09,2007-07-13,0,True,True
2007-07-20,223215.28125,224558.609375,219297.265625,219409.203125,5,0,0,2007-07-16,2007-07-20,0,True,True
2007-07-27,219856.984375,220752.53125,205975.984375,208214.859375,5,0,0,2007-07-23,2007-07-27,0,True,True
2007-08-03,208438.75,210565.671875,204408.78125,204968.5,5,0,0,2007-07-30,2007-08-03,0,True,True
2007-08-10,203737.125,212692.59375,202729.625,206871.53125,5,0,0,2007-08-06,2007-08-10,0,True,True
2007-08-17,207655.140625,211125.390625,202841.578125,208774.578125,4,0,0,2007-08-13,2007-08-17,0,True,True
2007-08-24,210341.78125,213364.265625,205864.046875,209446.234375,5,0,0,2007-08-20,2007-08-24,0,True,True
2007-08-31,210005.953125,210341.78125,203065.453125,208886.515625,5,0,0,2007-08-27,2007-08-31,0,True,True
2007-09-07,209446.234375,211237.328125,199259.375,200826.59375,5,0,0,2007-09-03,2007-09-07,0,True,True
2007-09-14,199483.265625,201498.25,193102.484375,195901.078125,5,0,0,2007-09-10,2007-09-14,0,True,True
2007-09-21,194557.75,201946.03125,190863.625,196460.796875,5,0,0,2007-09-17,2007-09-21,0,True,True
2007-09-28,195677.1875,196908.5625,191423.34375,192654.71875,5,0,0,2007-09-24,2007-09-28,0,True,True
2007-10-05,190415.84375,202393.796875,189296.40625,200826.59375,5,0,0,2007-10-01,2007-10-05,0,True,True
2007-10-12,199931.046875,203737.125,199371.328125,202841.578125,5,0,0,2007-10-08,2007-10-12,0,True,True
2007-10-19,202953.515625,203289.34375,192766.65625,195341.359375,5,0,0,2007-10-15,2007-10-19,0,True,True
2007-10-26,192206.9375,196124.96875,191535.28125,193774.15625,5,0,0,2007-10-22,2007-10-26,0,True,True
2007-11-02,194669.703125,198363.828125,190415.84375,191647.21875,5,0,0,2007-10-29,2007-11-02,0,True,True
2007-11-09,190639.734375,193438.328125,159407.5,166348,5,0,0,2007-11-05,2007-11-09,0,True,True
2007-11-16,166012.171875,170154.078125,161422.484375,168027.15625,5,0,0,2007-11-12,2007-11-16,0,True,True
2007-11-23,167915.203125,169258.53125,161198.59375,167915.203125,5,0,0,2007-11-19,2007-11-23,0,True,True
2007-11-30,168922.703125,174855.703125,164333.015625,171273.515625,5,0,0,2007-11-26,2007-11-30,0,True,True
2007-12-07,170601.859375,173624.328125,167579.375,172616.828125,5,0,0,2007-12-03,2007-12-07,0,True,True
2007-12-14,171945.171875,180228.984375,170377.96875,172281,5,0,0,2007-12-10,2007-12-14,0,True,True
2007-12-21,169930.1875,170154.078125,161198.59375,163213.578125,5,0,0,2007-12-17,2007-12-21,0,True,True
2007-12-28,163549.421875,165452.453125,162429.984375,164892.734375,2,0,0,2007-12-27,2007-12-28,0,True,True
2008-01-04,163437.46875,164668.84375,154705.875,155601.421875,3,0,0,2008-01-02,2008-01-04,0,True,True
2008-01-11,155825.3125,156385.03125,150452.03125,154370.046875,5,0,0,2008-01-07,2008-01-11,0,True,True
2008-01-18,153362.5625,156608.921875,144742.90625,145414.578125,5,0,0,2008-01-14,2008-01-18,0,True,True
2008-01-25,143063.765625,149220.65625,133436.625,140936.828125,5,0,0,2008-01-21,2008-01-25,0,True,True
2008-02-01,138474.078125,143511.53125,135899.375,142504.046875,5,0,0,2008-01-28,2008-02-01,0,True,True
2008-02-08,143735.421875,144183.1875,135451.609375,136235.203125,5,0,0,2008-02-04,2008-02-08,0,True,True
2008-02-15,135227.71875,142392.09375,132541.078125,136123.265625,5,0,0,2008-02-11,2008-02-15,0,True,True
2008-02-22,137466.578125,140153.234375,133548.5625,134332.171875,5,0,0,2008-02-18,2008-02-22,0,True,True
2008-02-29,136123.265625,139929.34375,133548.5625,134556.046875,5,0,0,2008-02-25,2008-02-29,0,True,True
2008-03-07,133436.625,133884.390625,126720.0078125,129294.7109375,5,0,0,2008-03-03,2008-03-07,0,True,True
2008-03-14,128958.8828125,135899.375,123473.6484375,124593.0859375,5,0,0,2008-03-10,2008-03-14,0,True,True
2008-03-21,120115.34375,126943.8984375,118212.3046875,123249.765625,4,0,0,2008-03-17,2008-03-20,0,True,True
2008-03-28,127391.671875,130302.203125,125152.8046875,126384.1796875,4,0,0,2008-03-25,2008-03-28,0,True,True
2008-04-04,125936.40625,133100.796875,124481.140625,130078.3125,5,0,0,2008-03-31,2008-04-04,0,True,True
2008-04-11,131085.8125,131645.53125,118883.96875,122130.328125,5,0,0,2008-04-07,2008-04-11,0,True,True
2008-04-18,120451.1796875,128399.1640625,117092.875,128175.2734375,5,0,0,2008-04-14,2008-04-18,0,True,True
2008-04-25,127391.671875,132429.125,114742.0625,127951.390625,5,0,0,2008-04-21,2008-04-25,0,True,True
2008-05-02,100749.125,101196.8984375,96943.046875,100189.40625,4,0,0,2008-04-28,2008-05-02,0,True,True
2008-05-09,99853.578125,108137.3984375,98734.140625,100189.40625,5,0,0,2008-05-05,2008-05-09,0,True,True
2008-05-16,99405.8046875,104107.4296875,97390.8203125,102540.21875,5,0,0,2008-05-12,2008-05-16,0,True,True
2008-05-23,93136.96875,93584.7421875,85614.3671875,90450.328125,5,0,0,2008-05-19,2008-05-23,0,True,True
2008-05-30,90450.328125,91793.6484375,87539.796875,91793.6484375,5,0,0,2008-05-26,2008-05-30,0,True,True
2008-06-06,92241.421875,92241.421875,82703.8359375,83062.0546875,5,0,0,2008-06-02,2008-06-06,0,True,True
2008-06-13,82524.7265625,83688.9375,78718.6484375,80554.5234375,5,0,0,2008-06-09,2008-06-13,0,True,True
2008-06-20,80823.1875,81494.8515625,75315.5703125,76703.6640625,5,0,0,2008-06-16,2008-06-20,0,True,True
2008-06-27,76569.3359375,81763.515625,73882.6953125,76524.5546875,5,0,0,2008-06-23,2008-06-27,0,True,True
2008-07-04,76524.5546875,81718.734375,75897.671875,78808.203125,5,0,0,2008-06-30,2008-07-04,0,True,True
2008-07-11,80017.1953125,82166.5078125,76032.0078125,77061.890625,5,0,0,2008-07-07,2008-07-11,0,True,True
2008-07-18,77420.109375,80957.5234375,71778.15625,80554.5234375,5,0,0,2008-07-14,2008-07-18,0,True,True
2008-07-25,79882.859375,81808.2890625,76524.5546875,80151.5234375,5,0,0,2008-07-21,2008-07-25,0,True,True
2008-08-01,80420.1875,83688.9375,77688.7734375,82838.171875,5,0,0,2008-07-28,2008-08-01,0,True,True
2008-08-08,82838.171875,87763.6796875,82032.1796875,85748.703125,5,0,0,2008-08-04,2008-08-08,0,True,True
2008-08-15,85748.703125,88211.453125,81047.078125,82300.84375,4,0,0,2008-08-11,2008-08-14,0,True,True
2008-08-22,81315.7421875,82659.0625,76793.21875,78629.09375,5,0,0,2008-08-18,2008-08-22,0,True,True
2008-08-29,78226.1015625,81808.2890625,75897.671875,80509.7421875,5,0,0,2008-08-25,2008-08-29,0,True,True
2008-09-05,80196.3046875,82659.0625,77599.21875,78405.2109375,5,0,0,2008-09-01,2008-09-05,0,True,True
2008-09-12,82121.734375,84808.375,79972.4140625,81808.2890625,5,0,0,2008-09-08,2008-09-12,0,True,True
2008-09-19,79658.9765625,88345.7890625,74285.6875,88345.7890625,5,0,0,2008-09-15,2008-09-19,0,True,True
2008-09-26,87853.234375,89554.78125,81047.078125,83599.3828125,5,0,0,2008-09-22,2008-09-26,0,True,True
2008-10-03,83912.828125,83912.828125,74330.46875,81047.078125,5,0,0,2008-09-29,2008-10-03,0,True,True
2008-10-10,77554.4375,80151.5234375,66942.1953125,67345.1953125,5,0,0,2008-10-06,2008-10-10,0,True,True
2008-10-17,71196.046875,75673.7890625,64210.77734375,65374.98828125,5,0,0,2008-10-13,2008-10-17,0,True,True
2008-10-24,67166.0859375,68957.1796875,56553.84375,60001.703125,5,0,0,2008-10-20,2008-10-24,0,True,True
2008-10-31,56867.28515625,67613.859375,55971.73828125,67613.859375,5,0,0,2008-10-27,2008-10-31,0,True,True
2008-11-07,67792.96875,72136.375,64479.44140625,66942.1953125,5,0,0,2008-11-03,2008-11-07,0,True,True
2008-11-14,69404.953125,69852.7265625,61792.796875,65554.1015625,5,0,0,2008-11-10,2008-11-14,0,True,True
2008-11-21,63360.00390625,64927.21484375,54628.4140625,57135.94921875,5,0,0,2008-11-17,2008-11-21,0,True,True
2008-11-28,57897.1640625,64434.6640625,56240.40234375,64434.6640625,5,0,0,2008-11-24,2008-11-28,0,True,True
2008-12-05,63091.33984375,67613.859375,62016.68359375,67076.53125,5,0,0,2008-12-01,2008-12-05,0,True,True
2008-12-12,69404.953125,71643.8203125,63136.1171875,67389.96875,4,0,0,2008-12-08,2008-12-12,1,True,True
2008-12-19,67389.96875,68957.1796875,65151.1015625,68957.1796875,5,0,0,2008-12-15,2008-12-19,0,True,True
2008-12-26,68419.8515625,69942.28125,65374.98828125,69628.84375,2,0,0,2008-12-22,2008-12-23,0,True,True
2009-01-02,69001.953125,70703.5,68061.6328125,69852.7265625,3,0,0,2008-12-29,2009-01-02,0,True,True
2009-01-09,70703.5,71330.3828125,66315.3125,66807.8671875,5,0,0,2009-01-05,2009-01-09,0,True,True
2009-01-16,66360.09375,67166.0859375,58255.3828125,58389.71484375,5,0,0,2009-01-12,2009-01-16,0,True,True
2009-01-23,58792.7109375,59419.59375,48449.13671875,48852.1328125,5,0,0,2009-01-19,2009-01-23,0,True,True
2009-01-30,48583.46875,54270.1953125,47911.8046875,50329.78515625,5,0,0,2009-01-26,2009-01-30,0,True,True
2009-02-06,50329.78515625,50374.5625,45449.05078125,46389.375,5,0,0,2009-02-02,2009-02-06,0,True,True
2009-02-13,46568.484375,46881.92578125,45583.3828125,45941.6015625,5,0,0,2009-02-09,2009-02-13,0,True,True
2009-02-20,46031.15625,46344.59765625,43926.6171875,44531.11328125,5,0,0,2009-02-16,2009-02-20,0,True,True
2009-02-27,45135.609375,45672.9375,41419.0859375,43926.6171875,5,0,0,2009-02-23,2009-02-27,0,True,True
2009-03-06,42986.29296875,42986.29296875,35821.91015625,37299.56640625,5,0,0,2009-03-02,2009-03-06,0,True,True
2009-03-13,36627.90625,42896.73828125,34545.75390625,40254.87109375,5,0,0,2009-03-09,2009-03-13,0,True,True
2009-03-20,41553.41796875,44553.50390625,39068.2734375,42538.51953125,5,0,0,2009-03-16,2009-03-20,0,True,True
2009-03-27,43434.06640625,52613.43359375,43434.06640625,49031.2421875,5,0,0,2009-03-23,2009-03-27,0,True,True
2009-04-03,47464.03125,48046.13671875,44441.55859375,46837.1484375,5,0,0,2009-03-30,2009-04-03,0,True,True
2009-04-10,47016.2578125,50105.8984375,45225.1640625,49568.5703125,4,0,0,2009-04-06,2009-04-09,0,True,True
2009-04-17,50553.671875,58703.15625,50150.67578125,56822.5078125,4,0,0,2009-04-14,2009-04-17,0,True,True
2009-04-24,55971.73828125,57270.28125,51493.99609375,55300.07421875,5,0,0,2009-04-20,2009-04-24,0,True,True
2009-05-01,54180.640625,55747.84765625,52255.21484375,54717.96875,4,0,0,2009-04-27,2009-04-30,0,True,True
2009-05-08,55031.41015625,60718.140625,54762.74609375,59912.1484375,5,0,0,2009-05-04,2009-05-08,0,True,True
2009-05-15,60897.25,61792.796875,53956.75390625,57583.72265625,5,0,0,2009-05-11,2009-05-15,0,True,True
2009-05-22,56643.3984375,61748.01953125,54180.640625,58613.6015625,5,0,0,2009-05-18,2009-05-22,0,True,True
2009-05-29,58344.9375,59195.70703125,53822.421875,53822.421875,5,0,0,2009-05-25,2009-05-29,0,True,True
2009-06-05,55076.1875,55479.18359375,52792.54296875,52792.54296875,5,0,0,2009-06-01,2009-06-05,0,True,True
2009-06-12,53016.4296875,54583.63671875,49255.12890625,53329.87109375,5,0,0,2009-06-08,2009-06-12,0,True,True
2009-06-19,53285.09375,53598.53515625,47553.5859375,48449.13671875,5,0,0,2009-06-15,2009-06-19,0,True,True
2009-06-26,48493.9140625,50643.2265625,46568.484375,49389.4609375,5,0,0,2009-06-22,2009-06-26,0,True,True
2009-07-03,49031.2421875,53329.87109375,48628.24609375,51046.22265625,5,0,0,2009-06-29,2009-07-03,0,True,True
2009-07-10,50553.671875,50553.671875,47374.4765625,47867.02734375,5,0,0,2009-07-06,2009-07-10,0,True,True
2009-07-17,47911.8046875,53419.42578125,47105.8125,53329.87109375,5,0,0,2009-07-13,2009-07-17,0,True,True
2009-07-24,53598.53515625,55255.296875,53285.09375,55031.41015625,5,0,0,2009-07-20,2009-07-24,0,True,True
2009-07-31,54986.6328125,58882.265625,54135.86328125,58882.265625,5,0,0,2009-07-27,2009-07-31,0,True,True
2009-08-07,58658.37890625,61076.359375,58076.2734375,60897.25,5,0,0,2009-08-03,2009-08-07,0,True,True
2009-08-14,60449.4765625,67345.1953125,60270.3671875,65598.875,5,0,0,2009-08-10,2009-08-14,0,True,True
2009-08-21,65240.65625,67121.3046875,63449.55859375,66583.9765625,5,0,0,2009-08-17,2009-08-21,0,True,True
2009-08-28,67255.640625,72494.59375,65330.2109375,66583.9765625,5,0,0,2009-08-24,2009-08-28,0,True,True
2009-09-04,66225.7578125,66539.203125,61792.796875,63628.671875,5,0,0,2009-08-31,2009-09-04,0,True,True
2009-09-11,64121.22265625,64882.4375,62912.23046875,63986.890625,5,0,0,2009-09-07,2009-09-11,0,True,True
2009-09-18,63360.00390625,64792.8828125,62464.45703125,64792.8828125,5,0,0,2009-09-14,2009-09-18,0,True,True
2009-09-25,64748.10546875,64748.10546875,62867.453125,63404.78125,5,0,0,2009-09-21,2009-09-25,0,True,True
2009-10-02,63180.89453125,66270.5390625,62195.79296875,62777.8984375,5,0,0,2009-09-28,2009-10-02,0,True,True
2009-10-09,62777.8984375,64210.77734375,61568.91015625,64031.66796875,5,0,0,2009-10-05,2009-10-09,0,True,True
2009-10-16,64345.109375,67389.96875,63404.78125,65598.875,5,0,0,2009-10-12,2009-10-16,0,True,True
2009-10-23,66046.6484375,67031.75,63180.89453125,63315.2265625,5,0,0,2009-10-19,2009-10-23,0,True,True
2009-10-30,63539.1171875,63763.00390625,57538.9453125,57941.94140625,5,0,0,2009-10-26,2009-10-30,0,True,True
2009-11-06,57718.0546875,59240.484375,56106.0703125,58031.49609375,5,0,0,2009-11-02,2009-11-06,0,True,True
2009-11-13,58658.37890625,59867.37109375,56822.5078125,58076.2734375,5,0,0,2009-11-09,2009-11-13,0,True,True
2009-11-20,58613.6015625,59016.59765625,56195.625,57315.05859375,5,0,0,2009-11-16,2009-11-20,0,True,True
2009-11-27,57718.0546875,61121.13671875,55613.515625,58210.60546875,5,0,0,2009-11-23,2009-11-27,0,True,True
2009-12-04,58479.26953125,59330.0390625,57046.39453125,58344.9375,5,0,0,2009-11-30,2009-12-04,0,True,True
2009-12-11,58344.9375,58837.48828125,55523.9609375,55747.84765625,5,0,0,2009-12-07,2009-12-11,0,True,True
2009-12-18,56195.625,57270.28125,53911.9765625,53911.9765625,5,0,0,2009-12-14,2009-12-18,0,True,True
2009-12-25,54180.640625,55300.07421875,53732.8671875,54986.6328125,3,0,0,2009-12-21,2009-12-23,0,True,True
2010-01-01,55255.296875,55479.18359375,54852.30078125,54986.6328125,3,0,0,2009-12-28,2009-12-30,0,True,True
2010-01-08,54897.078125,60359.921875,54852.30078125,59598.703125,5,0,0,2010-01-04,2010-01-08,0,True,True
2010-01-15,60046.48046875,60404.69921875,56285.1796875,56598.62109375,5,0,0,2010-01-11,2010-01-15,0,True,True
2010-01-22,57046.39453125,57135.94921875,53374.6484375,54180.640625,5,0,0,2010-01-18,2010-01-22,0,True,True
2010-01-29,53911.9765625,54404.52734375,52255.21484375,52568.65625,5,0,0,2010-01-25,2010-01-29,0,True,True
2010-02-05,52389.546875,54449.3046875,49926.7890625,50822.3359375,5,0,0,2010-02-01,2010-02-05,0,True,True
2010-02-12,51717.8828125,51717.8828125,48583.46875,49210.3515625,5,0,0,2010-02-08,2010-02-12,0,True,True
2010-02-19,49299.90625,50329.78515625,48270.02734375,49568.5703125,5,0,0,2010-02-15,2010-02-19,0,True,True
2010-02-26,49837.234375,50419.33984375,47956.58203125,48717.80078125,5,0,0,2010-02-22,2010-02-26,0,True,True
2010-03-05,48986.46484375,51673.10546875,48270.02734375,51538.7734375,5,0,0,2010-03-01,2010-03-05,0,True,True
2010-03-12,51673.10546875,53016.4296875,50867.11328125,52479.1015625,5,0,0,2010-03-08,2010-03-12,0,True,True
2010-03-19,52344.76953125,53508.98046875,50867.11328125,52613.43359375,5,0,0,2010-03-15,2010-03-19,0,True,True
2010-03-26,52613.43359375,52658.2109375,49837.234375,50956.66796875,5,0,0,2010-03-22,2010-03-26,0,True,True
2010-04-02,50911.890625,50911.890625,48896.91015625,49523.79296875,4,0,0,2010-03-29,2010-04-01,0,True,True
2010-04-09,49389.4609375,49658.125,47822.25,48896.91015625,4,0,0,2010-04-06,2010-04-09,0,True,True
2010-04-16,49210.3515625,53419.42578125,48896.91015625,52031.328125,5,0,0,2010-04-12,2010-04-16,0,True,True
2010-04-23,52031.328125,53867.19921875,49255.12890625,51314.88671875,5,0,0,2010-04-19,2010-04-23,0,True,True
2010-04-30,51852.21484375,52210.4375,46568.484375,46881.92578125,5,0,0,2010-04-26,2010-04-30,0,True,True
2010-05-07,46971.48046875,46971.48046875,38284.66796875,39113.05078125,5,0,0,2010-05-03,2010-05-07,0,True,True
2010-05-14,42202.6875,43859.453125,39180.21484375,39941.4296875,5,0,0,2010-05-10,2010-05-14,0,True,True
2010-05-21,39784.7109375,41239.9765625,38553.33203125,40254.87109375,5,0,0,2010-05-17,2010-05-21,0,True,True
2010-05-28,40747.42578125,41105.64453125,37523.453125,40254.87109375,5,0,0,2010-05-24,2010-05-28,0,True,True
2010-06-04,40210.09375,40881.7578125,37389.12109375,37590.6171875,5,0,0,2010-05-31,2010-06-04,0,True,True
2010-06-11,37165.234375,41060.8671875,36560.73828125,40792.203125,5,0,0,2010-06-07,2010-06-11,0,True,True
2010-06-18,41195.19921875,45225.1640625,41195.19921875,45090.83203125,5,0,0,2010-06-14,2010-06-18,0,True,True
2010-06-25,45807.26953125,46075.93359375,41396.6953125,43949.0078125,5,0,0,2010-06-21,2010-06-25,0,True,True
2010-07-02,44016.171875,45001.27734375,40366.81640625,40523.5390625,5,0,0,2010-06-28,2010-07-02,0,True,True
2010-07-09,40725.03515625,44553.50390625,40008.59765625,43926.6171875,5,0,0,2010-07-05,2010-07-09,0,True,True
2010-07-16,43747.5078125,44598.28125,41844.46875,42247.46484375,5,0,0,2010-07-12,2010-07-16,0,True,True
2010-07-23,42090.74609375,44038.5625,41284.75390625,43075.84765625,5,0,0,2010-07-19,2010-07-23,0,True,True
2010-07-30,43411.6796875,46478.9296875,42851.9609375,45180.38671875,5,0,0,2010-07-26,2010-07-30,0,True,True
2010-08-06,45404.2734375,46568.484375,44777.390625,45538.60546875,5,0,0,2010-08-02,2010-08-06,0,True,True
2010-08-13,46120.7109375,46299.8203125,42740.01953125,43657.953125,5,0,0,2010-08-09,2010-08-13,0,True,True
2010-08-20,43657.953125,44060.94921875,41284.75390625,41329.53125,5,0,0,2010-08-16,2010-08-20,0,True,True
2010-08-27,41374.30859375,43366.90234375,39314.546875,42784.796875,5,0,0,2010-08-23,2010-08-27,0,True,True
2010-09-03,43187.79296875,45852.046875,41419.0859375,45314.71875,5,0,0,2010-08-30,2010-09-03,0,True,True
2010-09-10,45314.71875,46210.265625,43143.015625,45314.71875,5,0,0,2010-09-06,2010-09-10,0,True,True
2010-09-17,45896.82421875,47508.80859375,45672.9375,46658.0390625,5,1,1,2010-09-13,2010-09-17,0,False,False
2010-09-24,46568.484375,47240.14453125,44710.22265625,46434.15234375,5,0,0,2010-09-20,2010-09-24,0,True,True
2010-10-01,46613.26171875,46792.37109375,44866.9453125,45180.38671875,5,0,0,2010-09-27,2010-10-01,0,True,True
2010-10-08,45359.49609375,46568.484375,44531.11328125,45896.82421875,5,0,0,2010-10-04,2010-10-08,0,True,True
2010-10-15,45986.37890625,46702.81640625,44911.72265625,46165.48828125,5,0,0,2010-10-11,2010-10-15,0,True,True
2010-10-22,45941.6015625,48762.578125,45896.82421875,48628.24609375,5,0,0,2010-10-18,2010-10-22,0,True,True
2010-10-29,48359.58203125,48628.24609375,44777.390625,45269.94140625,5,0,0,2010-10-25,2010-10-29,0,True,True
2010-11-05,45672.9375,45672.9375,41508.640625,41642.97265625,5,0,0,2010-11-01,2010-11-05,0,True,True
2010-11-12,41598.1953125,42717.62890625,39851.875,42269.85546875,5,0,0,2010-11-08,2010-11-12,0,True,True
2010-11-19,42202.6875,42762.40625,40344.42578125,40814.58984375,5,0,0,2010-11-15,2010-11-19,0,True,True
2010-11-26,41172.80859375,41508.640625,38060.78125,39001.10546875,5,0,0,2010-11-22,2010-11-26,0,True,True
2010-12-03,39001.10546875,39807.09765625,36695.0703125,39627.98828125,5,0,0,2010-11-29,2010-12-03,0,True,True
2010-12-10,39739.93359375,40725.03515625,38329.4453125,40142.9296875,5,0,0,2010-12-06,2010-12-10,0,True,True
2010-12-17,40299.6484375,40657.87109375,37568.23046875,38105.55859375,5,0,0,2010-12-13,2010-12-17,0,True,True
2010-12-24,38217.5,40053.375,37724.94921875,39672.765625,4,0,0,2010-12-20,2010-12-23,0,True,True
2010-12-31,39516.046875,39672.765625,37836.89453125,38105.55859375,4,0,0,2010-12-27,2010-12-30,0,True,True
2011-01-07,38598.109375,39538.43359375,37165.234375,37165.234375,5,0,0,2011-01-03,2011-01-07,0,True,True
2011-01-14,37165.234375,39516.046875,35374.13671875,39426.4921875,5,0,0,2011-01-10,2011-01-14,0,True,True
2011-01-21,39359.32421875,43053.4609375,38844.38671875,42650.46484375,5,0,0,2011-01-17,2011-01-21,0,True,True
2011-01-28,42672.8515625,43210.1796875,40120.5390625,41284.75390625,5,0,0,2011-01-24,2011-01-28,0,True,True
2011-02-04,41060.8671875,42135.5234375,39762.3203125,41016.08984375,5,0,0,2011-01-31,2011-02-04,0,True,True
2011-02-11,40948.921875,42941.515625,40948.921875,42180.30078125,5,0,0,2011-02-07,2011-02-11,0,True,True
2011-02-18,42404.1875,46389.375,41351.91796875,44956.5,5,0,0,2011-02-14,2011-02-18,0,True,True
2011-02-25,44956.5,44956.5,41844.46875,43993.78515625,5,0,0,2011-02-21,2011-02-25,0,True,True
2011-03-04,43613.17578125,43881.83984375,41284.75390625,41799.69140625,5,0,0,2011-02-28,2011-03-04,0,True,True
2011-03-11,41710.13671875,42672.8515625,40590.703125,41441.47265625,5,0,0,2011-03-07,2011-03-11,0,True,True
2011-03-18,41217.5859375,43143.015625,40971.3125,41508.640625,5,0,0,2011-03-14,2011-03-18,0,True,True
2011-03-25,42001.19140625,42740.01953125,41284.75390625,42001.19140625,5,0,0,2011-03-21,2011-03-25,0,True,True
2011-04-01,42023.578125,43546.01171875,39001.10546875,39919.04296875,5,0,0,2011-03-28,2011-04-01,0,True,True
2011-04-08,39493.65625,42337.0234375,37904.05859375,41687.75,5,0,0,2011-04-04,2011-04-08,0,True,True
2011-04-15,41441.47265625,44150.50390625,40501.1484375,40971.3125,5,0,0,2011-04-11,2011-04-15,0,True,True
2011-04-22,41083.25390625,41083.25390625,38777.21875,40322.0390625,4,0,0,2011-04-18,2011-04-21,0,True,True
2011-04-29,40187.70703125,41531.02734375,40098.15234375,40971.3125,4,0,0,2011-04-26,2011-04-29,0,True,True
2011-05-06,41284.75390625,41351.91796875,39963.8203125,40859.3671875,5,0,0,2011-05-02,2011-05-06,0,True,True
2011-05-13,40836.98046875,41754.9140625,39717.54296875,41262.36328125,5,0,0,2011-05-09,2011-05-13,0,True,True
2011-05-20,41083.25390625,41172.80859375,39807.09765625,39896.65234375,5,0,0,2011-05-16,2011-05-20,0,True,True
2011-05-27,38642.88671875,39807.09765625,37210.01171875,38463.77734375,5,0,0,2011-05-23,2011-05-27,0,True,True
2011-06-03,38463.77734375,39292.16015625,34568.14453125,35598.0234375,5,0,0,2011-05-30,2011-06-03,0,True,True
2011-06-10,35642.80078125,35732.35546875,32441.21875,33829.31640625,5,0,0,2011-06-06,2011-06-10,0,True,True
2011-06-17,33963.6484375,34702.4765625,30448.625,31702.390625,5,0,0,2011-06-13,2011-06-17,0,True,True
2011-06-24,31261.259765625,31446.70703125,27525.8046875,28241.103515625,5,0,0,2011-06-20,2011-06-24,0,True,True
2011-07-01,28241.103515625,29777.673828125,25692.515625,29380.28515625,5,0,0,2011-06-27,2011-07-01,0,True,True
2011-07-08,30016.107421875,30996.333984375,27048.9375,27313.86328125,5,0,0,2011-07-04,2011-07-08,0,True,True
2011-07-15,26969.458984375,28082.1484375,24924.23046875,26285.951171875,5,0,0,2011-07-11,2011-07-15,0,True,True
2011-07-22,26275.353515625,31420.21484375,24336.095703125,29221.330078125,5,0,0,2011-07-18,2011-07-22,0,True,True
2011-07-29,28638.4921875,28664.984375,26651.548828125,27737.744140625,5,0,0,2011-07-25,2011-07-29,0,True,True
2011-08-05,28559.015625,28876.92578125,22412.734375,24182.439453125,5,0,0,2011-08-01,2011-08-05,0,True,True
2011-08-12,24373.185546875,25883.263671875,20929.1484375,24410.275390625,5,0,0,2011-08-08,2011-08-12,0,True,True
2011-08-19,24373.185546875,26036.919921875,23154.525390625,23313.482421875,4,0,0,2011-08-16,2011-08-19,0,True,True
2011-08-26,23769.154296875,24320.19921875,22518.703125,22931.98828125,5,0,0,2011-08-22,2011-08-26,0,True,True
2011-09-02,23281.69140625,23578.408203125,21490.791015625,21538.478515625,5,0,0,2011-08-29,2011-09-02,0,True,True
2011-09-09,21194.07421875,21511.984375,19503.84765625,19832.35546875,5,0,0,2011-09-05,2011-09-09,0,True,True
2011-09-16,19503.84765625,22253.77734375,18544.814453125,21617.955078125,5,0,0,2011-09-12,2011-09-16,0,True,True
2011-09-23,21617.955078125,21644.447265625,19074.666015625,20319.818359375,5,0,0,2011-09-19,2011-09-23,0,True,True
2011-09-30,20012.50390625,23048.5546875,19922.4296875,22206.091796875,5,0,0,2011-09-26,2011-09-30,0,True,True
2011-10-07,21564.970703125,22704.15234375,20505.267578125,21808.703125,5,0,0,2011-10-03,2011-10-07,0,True,True
2011-10-14,22094.822265625,23022.0625,21141.08984375,21655.044921875,5,0,0,2011-10-10,2011-10-14,0,True,True
2011-10-21,21941.166015625,22100.12109375,18544.814453125,19286.607421875,5,0,0,2011-10-17,2011-10-21,0,True,True
2011-10-28,19747.578125,20330.416015625,18889.21875,19101.16015625,5,0,0,2011-10-24,2011-10-28,0,True,True
2011-11-04,18968.697265625,18968.697265625,15524.6591796875,16107.49609375,5,0,0,2011-10-31,2011-11-04,0,True,True
2011-11-11,15895.5556640625,16266.4521484375,14724.5830078125,15524.6591796875,5,0,0,2011-11-07,2011-11-11,0,True,True
2011-11-18,16372.421875,16398.9140625,14841.150390625,15016.001953125,5,0,0,2011-11-14,2011-11-18,0,True,True
2011-11-25,15143.166015625,15143.166015625,12186.5927734375,12631.66796875,5,0,0,2011-11-21,2011-11-25,0,True,True
2011-12-02,12981.3701171875,14592.1201171875,12478.0107421875,14592.1201171875,5,0,0,2011-11-28,2011-12-02,0,True,True
2011-12-09,15090.1806640625,17220.185546875,13617.1923828125,15058.3896484375,5,0,0,2011-12-05,2011-12-09,0,True,True
2011-12-16,14825.2548828125,15031.8974609375,12981.3701171875,13744.357421875,5,0,0,2011-12-12,2011-12-16,0,True,True
2011-12-23,13776.1484375,14306,13368.162109375,13670.177734375,5,0,0,2011-12-19,2011-12-23,0,True,True
2011-12-30,13744.357421875,13882.1181640625,13034.35546875,13346.9677734375,4,0,0,2011-12-27,2011-12-30,0,True,True
2012-01-06,13352.2666015625,14411.970703125,11921.6669921875,12191.8916015625,5,0,0,2012-01-02,2012-01-06,0,True,True
2012-01-13,12239.578125,12981.3701171875,10067.185546875,11630.248046875,5,0,0,2012-01-09,2012-01-13,0,True,True
2012-01-20,11296.44140625,12425.0263671875,10808.9775390625,12186.5927734375,5,0,0,2012-01-16,2012-01-20,0,True,True
2012-01-27,12451.5185546875,16949.9609375,12356.1455078125,15794.8837890625,5,0,0,2012-01-23,2012-01-27,0,True,True
2012-02-03,16123.3916015625,18544.814453125,14761.6728515625,17654.6640625,5,0,0,2012-01-30,2012-02-03,0,True,True
2012-02-10,17368.54296875,18491.830078125,16488.990234375,17018.841796875,5,0,0,2012-02-06,2012-02-10,0,True,True
2012-02-17,17220.185546875,18836.232421875,15635.927734375,18555.412109375,5,0,0,2012-02-13,2012-02-17,0,True,True
2012-02-24,18756.755859375,22492.2109375,18560.7109375,20770.193359375,5,0,0,2012-02-20,2012-02-24,0,True,True
2012-03-02,20870.865234375,23271.09375,19249.517578125,22402.13671875,5,0,0,2012-02-27,2012-03-02,0,True,True
2012-03-09,22216.6875,22757.13671875,20526.4609375,21247.05859375,5,0,0,2012-03-05,2012-03-09,0,True,True
2012-03-16,21247.05859375,21596.76171875,19429.66796875,20187.35546875,5,0,0,2012-03-12,2012-03-16,0,True,True
2012-03-23,20399.296875,20833.775390625,18385.859375,18719.666015625,5,0,0,2012-03-19,2012-03-23,0,True,True
2012-03-30,18915.7109375,19429.66796875,15964.4365234375,16748.6171875,5,0,0,2012-03-26,2012-03-30,0,True,True
2012-04-06,16907.572265625,17575.185546875,15106.076171875,15323.3154296875,4,0,0,2012-04-02,2012-04-05,0,True,True
2012-04-13,15095.4794921875,15884.958984375,14115.2529296875,14226.5224609375,4,0,0,2012-04-10,2012-04-13,0,True,True
2012-04-20,14041.07421875,14708.6875,12901.892578125,13097.9375,5,0,0,2012-04-16,2012-04-20,0,True,True
2012-04-27,12827.712890625,13988.0888671875,12149.5029296875,13988.0888671875,5,0,0,2012-04-23,2012-04-27,0,True,True
2012-05-04,14358.9853515625,14634.5078125,12817.1162109375,13055.5498046875,4,0,0,2012-04-30,2012-05-04,0,True,True
2012-05-11,12605.17578125,14051.6708984375,11831.591796875,12716.4443359375,5,0,0,2012-05-07,2012-05-11,0,True,True
2012-05-18,12472.712890625,13140.326171875,10570.544921875,11169.27734375,5,0,0,2012-05-14,2012-05-18,0,True,True
2012-05-25,11116.2919921875,12552.1904296875,11031.515625,11142.7841796875,5,0,0,2012-05-21,2012-05-25,0,True,True
2012-06-01,11232.859375,11360.0234375,10358.603515625,10491.06640625,5,0,0,2012-05-28,2012-06-01,0,True,True
2012-06-08,10459.275390625,12228.98046875,10400.9921875,11407.7099609375,5,0,0,2012-06-04,2012-06-08,0,True,True
2012-06-15,11921.6669921875,12064.7265625,9283.0048828125,10189.05078125,5,0,0,2012-06-11,2012-06-15,0,True,True
2012-06-22,10639.4248046875,11911.0693359375,9351.884765625,11476.5908203125,5,0,0,2012-06-18,2012-06-22,0,True,True
2012-06-29,11391.814453125,11709.7255859375,9685.69140625,10395.693359375,5,0,0,2012-06-25,2012-06-29,0,True,True
2012-07-06,10432.783203125,10883.1572265625,9590.318359375,9590.318359375,5,0,0,2012-07-02,2012-07-06,0,True,True
2012-07-13,9579.7216796875,9834.05078125,9288.302734375,9659.19921875,5,0,0,2012-07-09,2012-07-13,0,True,True
2012-07-20,9664.498046875,9743.9755859375,8223.30078125,8334.5693359375,5,0,0,2012-07-16,2012-07-20,0,True,True
2012-07-27,8112.03173828125,9415.4677734375,7587.478515625,9139.9443359375,5,0,0,2012-07-23,2012-07-27,0,True,True
2012-08-03,9187.630859375,10067.185546875,8535.9130859375,9484.3486328125,5,0,0,2012-07-30,2012-08-03,0,True,True
2012-08-10,9484.3486328125,9775.7666015625,9304.1982421875,9452.556640625,5,0,0,2012-08-06,2012-08-10,0,True,True
2012-08-17,9436.6611328125,11497.78515625,9436.6611328125,11444.7998046875,4,0,0,2012-08-13,2012-08-17,0,True,True
2012-08-24,11455.3974609375,13378.759765625,11444.7998046875,12769.4296875,5,0,0,2012-08-20,2012-08-24,0,True,True
2012-08-31,12817.1162109375,13007.86328125,11137.486328125,11868.681640625,5,0,0,2012-08-27,2012-08-31,0,True,True
2012-09-07,12107.115234375,14374.880859375,11550.7705078125,13977.4921875,5,0,0,2012-09-03,2012-09-07,0,True,True
2012-09-14,13977.4921875,15561.7490234375,13675.4765625,14327.1943359375,5,0,0,2012-09-10,2012-09-14,0,True,True
2012-09-21,13898.013671875,14295.4033203125,12181.2939453125,12970.7734375,5,0,0,2012-09-17,2012-09-21,0,True,True
2012-09-28,12827.712890625,12997.265625,11709.7255859375,11953.4580078125,5,0,0,2012-09-24,2012-09-28,0,True,True
2012-10-05,11858.0849609375,12716.4443359375,11836.890625,12695.25,5,0,0,2012-10-01,2012-10-05,0,True,True
2012-10-12,12610.4736328125,12610.4736328125,11211.6650390625,11985.2490234375,5,0,0,2012-10-08,2012-10-12,0,True,True
2012-10-19,11937.5625,13087.3408203125,11937.5625,12027.63671875,5,0,0,2012-10-15,2012-10-19,0,True,True
2012-10-26,12133.607421875,12552.1904296875,11900.47265625,12117.7119140625,5,0,0,2012-10-22,2012-10-26,0,True,True
2012-11-02,11958.755859375,12059.427734375,10994.42578125,11688.5322265625,5,0,0,2012-10-29,2012-11-02,0,True,True
2012-11-09,11513.6806640625,11916.3681640625,10861.962890625,11042.1123046875,5,0,0,2012-11-05,2012-11-09,0,True,True
2012-11-16,10946.7392578125,11338.830078125,10363.90234375,10448.6787109375,5,0,0,2012-11-12,2012-11-16,0,True,True
2012-11-23,10549.3505859375,10846.0673828125,10300.3203125,10671.216796875,5,0,0,2012-11-19,2012-11-23,0,True,True
2012-11-30,10650.0224609375,10861.962890625,10279.1259765625,10750.6943359375,5,0,0,2012-11-26,2012-11-30,0,True,True
2012-12-07,10724.201171875,11725.62109375,10650.0224609375,10872.5595703125,5,0,0,2012-12-03,2012-12-07,0,True,True
2012-12-14,10485.7685546875,10925.544921875,10024.796875,10793.08203125,5,0,0,2012-12-10,2012-12-14,0,True,True
2012-12-21,10851.3662109375,12117.7119140625,10713.6044921875,11571.96484375,5,0,0,2012-12-17,2012-12-21,0,True,True
2012-12-28,11593.158203125,12101.81640625,11577.2626953125,11958.755859375,2,0,0,2012-12-27,2012-12-28,0,True,True
2013-01-04,12250.1748046875,14094.0595703125,12133.607421875,13988.0888671875,3,0,0,2013-01-02,2013-01-04,0,True,True
2013-01-11,14136.447265625,16584.36328125,14094.0595703125,15784.287109375,5,0,0,2013-01-07,2013-01-11,0,True,True
2013-01-18,15927.3466796875,16139.287109375,15222.6435546875,15651.82421875,5,0,0,2013-01-14,2013-01-18,0,True,True
2013-01-25,15630.6298828125,15646.525390625,12191.8916015625,13765.55078125,5,0,0,2013-01-21,2013-01-25,0,True,True
2013-02-01,14623.9111328125,14782.8671875,12138.90625,12292.5634765625,5,0,0,2013-01-28,2013-02-01,0,True,True
2013-02-08,12334.951171875,13246.2958984375,11450.0986328125,12885.9970703125,5,0,0,2013-02-04,2013-02-08,0,True,True
2013-02-15,13034.35546875,13060.8486328125,12186.5927734375,12186.5927734375,5,0,0,2013-02-11,2013-02-15,0,True,True
2013-02-22,12186.5927734375,12552.1904296875,11715.0244140625,12001.14453125,5,0,0,2013-02-18,2013-02-22,0,True,True
2013-03-01,12054.1298828125,12848.9072265625,10824.873046875,10925.544921875,5,0,0,2013-02-25,2013-03-01,0,True,True
2013-03-08,10851.3662109375,11587.8603515625,10300.3203125,11179.8740234375,5,0,0,2013-03-04,2013-03-08,0,True,True
2013-03-15,10994.42578125,11444.7998046875,10846.0673828125,11174.5751953125,5,0,0,2013-03-11,2013-03-15,0,True,True
2013-03-22,10856.6640625,10861.962890625,10337.4091796875,10819.5751953125,5,0,0,2013-03-18,2013-03-22,0,True,True
2013-03-29,10930.84375,11063.306640625,9574.4228515625,9802.259765625,4,0,0,2013-03-25,2013-03-28,0,True,True
2013-04-05,9579.7216796875,9722.78125,8541.2119140625,9097.556640625,4,0,0,2013-04-02,2013-04-05,0,True,True
2013-04-12,9055.16796875,10755.9921875,8663.078125,10014.2001953125,5,0,0,2013-04-08,2013-04-12,0,True,True
2013-04-19,10067.185546875,10660.619140625,9881.7373046875,10512.2607421875,5,0,0,2013-04-15,2013-04-19,0,True,True
2013-04-26,10808.9775390625,11015.6201171875,10438.0810546875,10777.1865234375,5,0,0,2013-04-22,2013-04-26,0,True,True
2013-05-03,10904.3515625,11911.0693359375,10846.0673828125,11100.396484375,4,0,0,2013-04-29,2013-05-03,0,True,True
2013-05-10,11148.0830078125,12117.7119140625,10983.8291015625,11386.5166015625,5,0,0,2013-05-06,2013-05-10,0,True,True
2013-05-17,11444.7998046875,12758.8330078125,10967.93359375,12345.5478515625,5,0,0,2013-05-13,2013-05-17,0,True,True
2013-05-24,12398.533203125,12875.400390625,12133.607421875,12133.607421875,5,0,0,2013-05-20,2013-05-24,0,True,True
2013-05-31,12239.578125,12976.072265625,12165.3984375,12742.9375,5,0,0,2013-05-27,2013-05-31,0,True,True
2013-06-07,12647.5634765625,14136.447265625,12260.771484375,12594.578125,5,0,0,2013-06-03,2013-06-07,0,True,True
2013-06-14,12711.1455078125,12864.802734375,10750.6943359375,11052.7099609375,5,0,0,2013-06-10,2013-06-14,0,True,True
2013-06-21,11232.859375,11444.7998046875,10337.4091796875,10390.39453125,5,0,0,2013-06-17,2013-06-21,0,True,True
2013-06-28,10385.0966796875,10957.3359375,9913.5283203125,10332.111328125,5,0,0,2013-06-24,2013-06-28,0,True,True
2013-07-05,10491.06640625,11126.888671875,10215.5439453125,10703.0078125,5,0,0,2013-07-01,2013-07-05,0,True,True
2013-07-12,10740.0966796875,11635.546875,10628.828125,11126.888671875,5,0,0,2013-07-08,2013-07-12,0,True,True
2013-07-19,11126.888671875,11921.6669921875,10946.7392578125,11540.173828125,5,0,0,2013-07-15,2013-07-19,0,True,True
2013-07-26,11497.78515625,11762.7109375,11418.3076171875,11646.1435546875,5,0,0,2013-07-22,2013-07-26,0,True,True
2013-08-02,11720.3232421875,11725.62109375,10713.6044921875,10777.1865234375,5,0,0,2013-07-29,2013-08-02,0,True,True
2013-08-09,10808.9775390625,11179.8740234375,10618.2314453125,10914.9482421875,5,0,0,2013-08-05,2013-08-09,0,True,True
2013-08-16,10967.93359375,12578.6826171875,10861.962890625,12451.5185546875,4,0,0,2013-08-12,2013-08-16,0,True,True
2013-08-23,12642.265625,13172.1171875,11794.501953125,12107.115234375,5,0,0,2013-08-19,2013-08-23,0,True,True
2013-08-30,12175.9951171875,12191.8916015625,11402.412109375,11582.5615234375,5,0,0,2013-08-26,2013-08-30,0,True,True
2013-09-06,11842.1884765625,11868.681640625,11296.44140625,11455.3974609375,5,0,0,2013-09-02,2013-09-06,0,True,True
2013-09-13,11073.9033203125,11280.5458984375,10501.6640625,11047.4111328125,5,0,0,2013-09-09,2013-09-13,0,True,True
2013-09-20,11179.8740234375,11365.322265625,10782.4853515625,10973.2314453125,5,0,0,2013-09-16,2013-09-20,0,True,True
2013-09-27,10888.4560546875,11540.173828125,10808.9775390625,10883.1572265625,5,0,0,2013-09-23,2013-09-27,0,True,True
2013-10-04,10861.962890625,11646.1435546875,10210.2451171875,11518.9794921875,5,0,0,2013-09-30,2013-10-04,0,True,True
2013-10-11,12239.578125,13060.8486328125,11603.755859375,12319.0556640625,5,0,0,2013-10-07,2013-10-11,0,True,True
2013-10-18,12366.7421875,13066.146484375,12218.3837890625,12319.0556640625,5,0,0,2013-10-14,2013-10-18,0,True,True
2013-10-25,12350.8466796875,12478.0107421875,11142.7841796875,11254.0537109375,5,0,0,2013-10-21,2013-10-25,0,True,True
2013-11-01,11603.755859375,12541.59375,11211.6650390625,11932.263671875,5,0,0,2013-10-28,2013-11-01,0,True,True
2013-11-08,12054.1298828125,12308.458984375,11603.755859375,11773.30859375,5,0,0,2013-11-04,2013-11-08,0,True,True
2013-11-15,11683.2333984375,12054.1298828125,11545.4716796875,11587.8603515625,5,0,0,2013-11-11,2013-11-15,0,True,True
2013-11-22,11693.830078125,11773.30859375,11206.3662109375,11206.3662109375,5,0,0,2013-11-18,2013-11-22,0,True,True
2013-11-29,11232.859375,11307.0380859375,9076.3623046875,9897.6328125,5,0,0,2013-11-25,2013-11-29,0,True,True
2013-12-06,9924.125,9982.4091796875,8451.13671875,8636.5849609375,5,0,0,2013-12-02,2013-12-06,0,True,True
2013-12-13,9007.4814453125,9314.7958984375,8705.4658203125,8742.5556640625,5,0,0,2013-12-09,2013-12-13,0,True,True
2013-12-20,8753.15234375,9139.9443359375,8000.76318359375,8980.9892578125,5,0,0,2013-12-16,2013-12-20,0,True,True
2013-12-27,9086.958984375,9802.259765625,9071.0634765625,9166.4375,2,0,0,2013-12-23,2013-12-27,0,True,True
2014-01-03,8689.5703125,9468.4521484375,8583.599609375,9362.482421875,3,0,0,2013-12-30,2014-01-03,0,True,True
2014-01-10,9510.8408203125,10257.931640625,9441.9599609375,9590.318359375,5,0,0,2014-01-06,2014-01-10,0,True,True
2014-01-17,9622.109375,10215.5439453125,9431.36328125,9934.72265625,5,0,0,2014-01-13,2014-01-17,0,True,True
2014-01-24,9908.2294921875,9929.423828125,9351.884765625,9521.4375,5,0,0,2014-01-20,2014-01-24,0,True,True
2014-01-31,9410.1689453125,9452.556640625,8684.271484375,8949.1982421875,5,0,0,2014-01-27,2014-01-31,0,True,True
2014-02-07,8901.5107421875,9849.9462890625,8610.0927734375,9558.52734375,5,0,0,2014-02-03,2014-02-07,0,True,True
2014-02-14,9802.259765625,9987.70703125,9643.3037109375,9675.0947265625,5,0,0,2014-02-10,2014-02-14,0,True,True
2014-02-21,9743.9755859375,9786.36328125,9298.900390625,9563.826171875,5,0,0,2014-02-17,2014-02-21,0,True,True
2014-02-28,9532.03515625,9855.244140625,9452.556640625,9743.9755859375,5,0,0,2014-02-24,2014-02-28,0,True,True
2014-03-07,9563.826171875,13029.056640625,9351.884765625,11264.650390625,5,0,0,2014-03-03,2014-03-07,0,True,True
2014-03-14,11163.978515625,12626.3701171875,11158.6796875,12271.369140625,5,0,0,2014-03-10,2014-03-14,0,True,True
2014-03-21,12515.1005859375,13495.3271484375,12271.369140625,12350.8466796875,5,0,0,2014-03-17,2014-03-21,0,True,True
2014-03-28,12478.0107421875,13437.04296875,12218.3837890625,13389.3564453125,5,0,0,2014-03-24,2014-03-28,0,True,True
2014-04-04,13511.22265625,15434.5849609375,13484.7294921875,15016.001953125,5,0,0,2014-03-31,2014-04-04,0,True,True
2014-04-11,14830.5537109375,14925.9267578125,12827.712890625,14041.07421875,5,0,0,2014-04-07,2014-04-11,0,True,True
2014-04-18,13935.103515625,14141.74609375,11868.681640625,12583.9814453125,4,0,0,2014-04-14,2014-04-17,0,True,True
2014-04-25,12610.4736328125,13468.833984375,12292.5634765625,13113.8330078125,4,0,0,2014-04-22,2014-04-25,0,True,True
2014-05-02,13103.236328125,13331.072265625,12557.4892578125,12695.25,4,0,0,2014-04-28,2014-05-02,0,True,True
2014-05-09,12213.07421875,13240.986328125,11921.65625,12160.0888671875,5,0,0,2014-05-05,2014-05-09,0,True,True
2014-05-16,12191.8798828125,13172.10546875,11317.625,11534.8642578125,5,0,0,2014-05-12,2014-05-16,0,True,True
2014-05-23,11503.0732421875,11783.89453125,10957.326171875,11730.9091796875,5,0,0,2014-05-19,2014-05-23,0,True,True
2014-05-30,12075.3125,13172.10546875,11926.9541015625,13172.10546875,5,0,0,2014-05-26,2014-05-30,0,True,True
2014-06-06,13177.4033203125,13654.26953125,12652.8505859375,13055.5380859375,5,0,0,2014-06-02,2014-06-06,0,True,True
2014-06-13,18789.755859375,18789.755859375,14016.0048828125,15457.4580078125,4,0,0,2014-06-09,2014-06-13,1,True,True
2014-06-20,15465.9365234375,23148.03125,15465.9365234375,18518.423828125,5,0,0,2014-06-16,2014-06-20,0,True,True
2014-06-27,16958.263671875,18586.2578125,12277.783203125,12464.32421875,5,0,0,2014-06-23,2014-06-27,0,True,True
2014-07-04,12633.90625,13320.716796875,11785.9931640625,12718.6982421875,5,0,0,2014-06-30,2014-07-04,0,True,True
2014-07-11,12752.6142578125,12888.2802734375,11073.74609375,11370.515625,5,0,0,2014-07-07,2014-07-11,0,True,True
2014-07-18,11489.2236328125,11701.2021484375,10938.080078125,11192.4541015625,5,0,0,2014-07-14,2014-07-18,0,True,True
2014-07-25,11277.2451171875,12116.6796875,10853.2890625,11794.47265625,5,0,0,2014-07-21,2014-07-25,0,True,True
2014-08-01,11879.263671875,11997.9716796875,11183.9755859375,11336.599609375,5,0,0,2014-07-28,2014-08-01,0,True,True
2014-08-08,11395.953125,11421.390625,8563.9228515625,8894.609375,5,0,0,2014-08-04,2014-08-08,0,True,True
2014-08-15,9115.0673828125,9301.607421875,8432.4970703125,8852.2138671875,4,0,0,2014-08-11,2014-08-14,0,True,True
2014-08-22,8903.0888671875,9360.9619140625,8750.4638671875,9259.2119140625,5,0,0,2014-08-18,2014-08-22,0,True,True
2014-08-29,9496.6279296875,10022.333984375,9403.357421875,9649.251953125,5,0,0,2014-08-25,2014-08-29,0,True,True
2014-09-05,9708.6064453125,10158,9327.044921875,9996.896484375,5,0,0,2014-09-01,2014-09-05,0,True,True
2014-09-12,10013.8544921875,10115.6044921875,9344.00390625,9717.0849609375,5,0,0,2014-09-08,2014-09-12,0,True,True
2014-09-19,9683.1689453125,9700.126953125,8903.0888671875,8970.921875,5,0,0,2014-09-15,2014-09-19,0,True,True
2014-09-26,8903.0888671875,8962.4423828125,8436.736328125,8750.4638671875,5,0,0,2014-09-22,2014-09-26,0,True,True
2014-10-03,8775.9013671875,9004.837890625,8313.7890625,8521.52734375,5,0,0,2014-09-29,2014-10-03,0,True,True
2014-10-10,8563.9228515625,8741.9853515625,8377.3828125,8453.6943359375,5,0,0,2014-10-06,2014-10-10,0,True,True
2014-10-17,8407.0595703125,8597.83984375,6634.9208984375,7219.98095703125,5,0,0,2014-10-13,2014-10-17,0,True,True
2014-10-24,7147.908203125,8504.5693359375,6846.89892578125,8479.1318359375,5,0,0,2014-10-20,2014-10-24,0,True,True
2014-10-31,7376.8447265625,7381.08447265625,5091.71875,5155.3125,5,0,0,2014-10-27,2014-10-31,0,True,True
2014-11-07,5197.7080078125,6096.49609375,4939.09423828125,5655.5810546875,5,0,0,2014-11-03,2014-11-07,0,True,True
2014-11-14,5553.83154296875,5990.5068359375,5358.8115234375,5697.9765625,5,0,0,2014-11-10,2014-11-14,0,True,True
2014-11-21,5638.62255859375,5973.54833984375,5519.9150390625,5714.93505859375,5,0,0,2014-11-17,2014-11-21,0,True,True
2014-11-28,5710.6953125,5829.4033203125,5485.99853515625,5502.95654296875,5,0,0,2014-11-24,2014-11-28,0,True,True
2014-12-05,5469.0400390625,5511.43603515625,5062.0419921875,5134.1142578125,5,0,0,2014-12-01,2014-12-05,0,True,True
2014-12-12,5079,5278.259765625,4841.58447265625,4841.58447265625,5,0,0,2014-12-08,2014-12-12,0,True,True
2014-12-19,4879.740234375,4960.2919921875,4197.17041015625,4225.1513671875,5,0,0,2014-12-15,2014-12-19,0,True,True
2014-12-26,4222.60791015625,4237.8701171875,3874.96337890625,3986.0400390625,2,0,0,2014-12-22,2014-12-23,0,True,True
2015-01-02,3986.0400390625,4131.033203125,3862.24462890625,4081.854248046875,3,0,0,2014-12-29,2015-01-02,0,True,True
2015-01-09,4094.57275390625,4451.54443359375,3908.8798828125,4032.67529296875,5,0,0,2015-01-05,2015-01-09,0,True,True
2015-01-16,4049.633544921875,4068.28759765625,3815.609375,3891.07373046875,5,0,0,2015-01-12,2015-01-16,0,True,True
2015-01-23,3866.484130859375,4493.93994140625,3866.484130859375,4131.033203125,5,0,0,2015-01-19,2015-01-23,0,True,True
2015-01-30,4053.873046875,4171.73291015625,3367.9111328125,3391.65283203125,5,0,0,2015-01-26,2015-01-30,0,True,True
2015-02-06,3356.04052734375,3734.209716796875,3294.142822265625,3667.224609375,5,0,0,2015-02-02,2015-02-06,0,True,True
2015-02-13,3644.3310546875,4349.794921875,3429.808837890625,4080.158203125,5,0,0,2015-02-09,2015-02-13,0,True,True
2015-02-20,4112.37890625,5040.84375,4097.96435546875,5040.84375,5,0,0,2015-02-16,2015-02-20,0,True,True
2015-02-27,5358.8115234375,5507.1962890625,4883.97998046875,5223.1455078125,5,0,0,2015-02-23,2015-02-27,0,True,True
2015-03-06,5231.62451171875,5329.13427734375,4426.10693359375,5002.68798828125,5,0,0,2015-03-02,2015-03-06,0,True,True
2015-03-13,4977.25048828125,5168.03076171875,4917.896484375,4981.490234375,5,0,0,2015-03-09,2015-03-13,0,True,True
2015-03-20,4964.53173828125,5045.08349609375,4705.91845703125,5002.68798828125,5,0,0,2015-03-16,2015-03-20,0,True,True
2015-03-27,5011.1669921875,5375.76953125,4896.69873046875,5121.3955078125,5,0,0,2015-03-23,2015-03-27,0,True,True
2015-04-03,5155.3125,5350.33251953125,5129.875,5252.822265625,4,0,0,2015-03-30,2015-04-02,0,True,True
2015-04-10,5295.2177734375,5401.20703125,5218.90576171875,5248.58251953125,4,0,0,2015-04-07,2015-04-10,0,True,True
2015-04-17,5240.103515625,5350.33251953125,4867.02197265625,4883.97998046875,5,0,0,2015-04-13,2015-04-17,0,True,True
2015-04-24,4854.30322265625,5011.1669921875,4752.5537109375,4841.58447265625,5,0,0,2015-04-20,2015-04-24,0,True,True
2015-05-01,4871.26123046875,4900.9384765625,4493.93994140625,4688.9599609375,4,0,0,2015-04-27,2015-04-30,0,True,True
2015-05-08,4727.1162109375,5163.79150390625,4595.689453125,5019.64599609375,5,0,0,2015-05-04,2015-05-08,0,True,True
2015-05-15,5248.58251953125,5252.822265625,4616.88720703125,4629.60595703125,5,0,0,2015-05-11,2015-05-15,0,True,True
2015-05-22,4599.92919921875,4705.91845703125,3779.572998046875,4006.389892578125,5,0,0,2015-05-18,2015-05-22,0,True,True
2015-05-29,4459.1220703125,4459.1220703125,3652.7294921875,3844.429931640625,5,0,0,2015-05-25,2015-05-29,0,True,True
2015-06-05,3829.843994140625,3861.099609375,3640.227294921875,3713.15673828125,5,0,0,2015-06-01,2015-06-05,0,True,True
2015-06-12,3694.403564453125,4004.875,3615.22265625,3738.1611328125,5,0,0,2015-06-08,2015-06-12,0,True,True
2015-06-19,3677.73388671875,3896.5224609375,3521.456298828125,3850.68115234375,5,0,0,2015-06-15,2015-06-19,0,True,True
2015-06-26,3900.68994140625,4165.3203125,3888.187744140625,4109.06005859375,5,0,0,2015-06-22,2015-06-26,0,True,True
2015-07-03,3802.755859375,3896.5224609375,3577.716064453125,3621.473876953125,5,0,0,2015-06-29,2015-07-03,0,True,True
2015-07-10,3500.619140625,3588.134765625,2963.024169921875,3588.134765625,5,0,0,2015-07-06,2015-07-10,0,True,True
2015-07-17,3627.72509765625,3859.015869140625,3469.363525390625,3804.839599609375,5,0,0,2015-07-13,2015-07-17,0,True,True
2015-07-24,3834.011474609375,3979.87060546875,3769.416748046875,3848.597412109375,5,0,0,2015-07-20,2015-07-24,0,True,True
2015-07-31,3829.843994140625,3861.099609375,3642.310791015625,3763.16552734375,5,0,0,2015-07-27,2015-07-31,0,True,True
2015-08-07,3750.663330078125,4146.56689453125,3575.63232421875,4104.892578125,5,0,0,2015-08-03,2015-08-07,0,True,True
2015-08-14,4140.3154296875,4242.4169921875,3942.364013671875,4042.381591796875,5,0,0,2015-08-10,2015-08-14,0,True,True
2015-08-21,4079.88818359375,4129.89697265625,3773.584228515625,3773.584228515625,5,0,0,2015-08-17,2015-08-21,0,True,True
2015-08-28,3656.896728515625,3963.200927734375,3400.6015625,3925.6943359375,5,0,0,2015-08-24,2015-08-28,0,True,True
2015-09-04,3894.438720703125,3984.0380859375,3713.15673828125,3756.91455078125,5,0,0,2015-08-31,2015-09-04,0,True,True
2015-09-11,3800.67236328125,4048.6328125,3750.663330078125,3773.584228515625,5,0,0,2015-09-07,2015-09-11,0,True,True
2015-09-18,3779.835205078125,3792.33740234375,3465.1962890625,3486.033203125,5,0,0,2015-09-14,2015-09-18,0,True,True
2015-09-25,3471.447265625,3577.716064453125,3085.96240234375,3323.50439453125,5,0,0,2015-09-21,2015-09-25,0,True,True
2015-10-02,3311.002197265625,3427.689697265625,3025.53515625,3415.1875,5,0,0,2015-09-28,2015-10-02,0,True,True
2015-10-09,3467.280029296875,3675.650146484375,3425.60595703125,3586.051025390625,5,0,0,2015-10-05,2015-10-09,0,True,True
2015-10-16,3581.883544921875,3629.80859375,3311.002197265625,3419.354736328125,5,0,0,2015-10-12,2015-10-16,0,True,True
2015-10-23,3421.4384765625,3556.879150390625,3346.42529296875,3488.116943359375,5,0,0,2015-10-19,2015-10-23,0,True,True
2015-10-30,3488.116943359375,3625.641357421875,3450.6103515625,3483.949462890625,5,0,0,2015-10-26,2015-10-30,0,True,True
2015-11-06,3473.531005859375,3571.465087890625,3263.0771484375,3396.43408203125,5,0,0,2015-11-02,2015-11-06,0,True,True
2015-11-13,3402.685302734375,3463.112548828125,3056.790771484375,3102.632080078125,5,0,0,2015-11-09,2015-11-13,0,True,True
2015-11-20,3042.204833984375,3117.218017578125,2985.94482421875,3021.36767578125,5,0,0,2015-11-16,2015-11-20,0,True,True
2015-11-27,3021.36767578125,3204.7333984375,2988.028564453125,3104.7158203125,5,0,0,2015-11-23,2015-11-27,0,True,True
2015-12-04,3115.13427734375,3135.971435546875,2827.58349609375,2883.843505859375,5,0,0,2015-11-30,2015-12-04,0,True,True
2015-12-11,2913.01513671875,2921.35009765625,2492.107421875,2508.777099609375,5,0,0,2015-12-07,2015-12-11,0,True,True
2015-12-18,2500.4423828125,2590.04150390625,2404.592041015625,2521.279296875,5,0,0,2015-12-14,2015-12-18,0,True,True
2015-12-25,2502.52587890625,2615.0458984375,2487.93994140625,2598.376220703125,3,0,0,2015-12-21,2015-12-23,0,True,True
2016-01-01,2610.87841796875,2687.975341796875,2567.12060546875,2567.12060546875,3,0,0,2015-12-28,2015-12-31,1,True,True
2016-01-08,2527.5302734375,2529.614013671875,2108.706298828125,2173.301025390625,5,0,0,2016-01-04,2016-01-08,0,True,True
2016-01-15,2156.63134765625,2196.2216796875,1849.285400390625,1871.164306640625,5,0,0,2016-01-11,2016-01-15,0,True,True
2016-01-22,1872.2061767578125,1889.9176025390625,1037.68359375,1562.7763671875,5,0,0,2016-01-18,2016-01-22,0,True,True
2016-01-29,1683.631103515625,1718.01220703125,1291.8951416015625,1381.494384765625,5,0,0,2016-01-25,2016-01-29,0,True,True
2016-02-05,1396.080322265625,1450.2564697265625,1086.6505126953125,1229.3841552734375,5,0,0,2016-02-01,2016-02-05,0,True,True
2016-02-12,1260.6396484375,1268.9744873046875,875.15478515625,956.8359375,5,0,0,2016-02-08,2016-02-12,0,True,True
2016-02-19,1027.89013671875,1270.016357421875,978.71478271484375,1066.8553466796875,5,0,0,2016-02-15,2016-02-19,0,True,True
2016-02-26,1093.9434814453125,1208.547119140625,1049.1439208984375,1072.0645751953125,5,0,0,2016-02-22,2016-02-26,0,True,True
2016-03-04,1061.6461181640625,1208.547119140625,1004.9694213867188,1167.9149169921875,5,0,0,2016-02-29,2016-03-04,0,True,True
2016-03-11,1150.2034912109375,1221.04931640625,1067.897216796875,1200.2122802734375,5,0,0,2016-03-07,2016-03-11,0,True,True
2016-03-18,1229.3841552734375,1363.7828369140625,1153.3289794921875,1240.844482421875,5,0,0,2016-03-14,2016-03-18,0,True,True
2016-03-25,1240.844482421875,1302.313720703125,1177.2916259765625,1177.2916259765625,4,0,0,2016-03-21,2016-03-24,0,True,True
2016-04-01,1207.5052490234375,1223.133056640625,1006.2196655273438,1040.1839599609375,4,0,0,2016-03-29,2016-04-01,0,True,True
2016-04-08,1035.3914794921875,1050.185791015625,900.99267578125,980.3817138671875,5,0,0,2016-04-04,2016-04-08,0,True,True
2016-04-15,988.0914306640625,1264.8070068359375,988.0914306640625,1251.262939453125,5,0,0,2016-04-11,2016-04-15,0,True,True
2016-04-22,1212.7144775390625,1457.5494384765625,1208.547119140625,1421.084716796875,5,0,0,2016-04-18,2016-04-22,0,True,True
2016-04-29,1421.084716796875,1516.9349365234375,1372.11767578125,1472.1353759765625,5,0,0,2016-04-25,2016-04-29,0,True,True
2016-05-06,1489.8468017578125,1489.8468017578125,1250.22119140625,1350.23876953125,5,0,0,2016-05-02,2016-05-06,0,True,True
2016-05-13,1360.6573486328125,1370.033935546875,1121.0316162109375,1168.956787109375,5,0,0,2016-05-09,2016-05-13,0,True,True
2016-05-20,1171.0404052734375,1215.840087890625,1129.366455078125,1174.166015625,5,0,0,2016-05-16,2016-05-20,0,True,True
2016-05-27,1173.1241455078125,1335.6529541015625,1146.0360107421875,1311.6903076171875,5,0,0,2016-05-23,2016-05-27,0,True,True
2016-06-03,1327.318115234375,1366.908447265625,1201.254150390625,1214.7982177734375,5,0,0,2016-05-30,2016-06-03,0,True,True
2016-06-10,1215.840087890625,1298.146240234375,1150.2034912109375,1151.2452392578125,5,0,0,2016-06-06,2016-06-10,0,True,True
2016-06-17,1121.0316162109375,1124.1572265625,963.29541015625,1067.897216796875,5,0,0,2016-06-13,2016-06-17,0,True,True
2016-06-24,1140.8267822265625,1153.3289794921875,812.85211181640625,946.41741943359375,5,0,0,2016-06-20,2016-06-24,0,True,True
2016-07-01,950.37640380859375,976.83941650390625,763.6767578125,797.0159912109375,5,0,0,2016-06-27,2016-07-01,0,True,True
2016-07-08,806.39263916015625,806.39263916015625,528.42681884765625,582.3946533203125,5,0,0,2016-07-04,2016-07-08,0,True,True
2016-07-15,625.110595703125,743.881591796875,604.2735595703125,709.083740234375,5,0,0,2016-07-11,2016-07-15,0,True,True
2016-07-22,687.83001708984375,723.0445556640625,645.53082275390625,650.114990234375,5,0,0,2016-07-18,2016-07-22,0,True,True
2016-07-29,645.94757080078125,676.1612548828125,543.84619140625,642.1968994140625,5,0,0,2016-07-25,2016-07-29,0,True,True
2016-08-05,708.4586181640625,712.62603759765625,524.051025390625,531.1356201171875,5,0,0,2016-08-01,2016-08-05,0,True,True
2016-08-12,537.5950927734375,545.72149658203125,499.88009643554688,523.0091552734375,5,0,0,2016-08-08,2016-08-12,0,True,True
2016-08-19,526.13470458984375,526.75982666015625,471.3333740234375,477.167724609375,4,0,0,2016-08-16,2016-08-19,0,True,True
2016-08-26,479.87655639648438,506.13119506835938,474.04217529296875,493.83734130859375,5,0,0,2016-08-22,2016-08-26,0,True,True
2016-09-02,490.7117919921875,515.09112548828125,490.7117919921875,502.79727172851562,5,0,0,2016-08-29,2016-09-02,0,True,True
2016-09-09,504.255859375,518.2166748046875,485.08578491210938,498.213134765625,5,0,0,2016-09-05,2016-09-09,0,True,True
2016-09-16,490.50341796875,496.12942504882812,420.90777587890625,420.90777587890625,5,0,0,2016-09-12,2016-09-16,0,True,True
2016-09-23,429.45095825195312,437.577392578125,381.94256591796875,392.56942749023438,5,0,0,2016-09-19,2016-09-23,0,True,True
2016-09-30,392.56942749023438,425.90866088867188,375.06634521484375,387.77691650390625,5,0,0,2016-09-26,2016-09-30,0,True,True
2016-10-07,389.65225219726562,390.9024658203125,336.51785278320312,354.22930908203125,5,0,0,2016-10-03,2016-10-07,0,True,True
2016-10-14,359.23019409179688,366.31478881835938,351.103759765625,356.72976684570312,5,0,0,2016-10-10,2016-10-14,0,True,True
2016-10-21,361.10552978515625,572.80963134765625,357.7716064453125,563.641357421875,5,0,0,2016-10-17,2016-10-21,0,True,True
2016-10-28,630.5281982421875,914.7451171875,516.758056640625,546.97174072265625,5,0,0,2016-10-24,2016-10-28,0,True,True
2016-11-04,546.97174072265625,559.26556396484375,439.66110229492188,439.66110229492188,5,0,0,2016-10-31,2016-11-04,0,True,True
2016-11-11,485.50253295898438,608.44097900390625,480.08489990234375,523.4259033203125,5,0,0,2016-11-07,2016-11-11,0,True,True
2016-11-18,547.18011474609375,599.06427001953125,469.24966430664062,492.58712768554688,5,0,0,2016-11-14,2016-11-18,0,True,True
2016-11-25,490.920166015625,527.17657470703125,416.74038696289062,416.74038696289062,5,0,0,2016-11-21,2016-11-25,0,True,True
2016-12-02,395.9033203125,460.49807739257812,347.97817993164062,406.32183837890625,5,0,0,2016-11-28,2016-12-02,0,True,True
2016-12-09,381.31741333007812,469.041259765625,366.93988037109375,406.32183837890625,5,0,0,2016-12-05,2016-12-09,0,True,True
2016-12-16,409.4473876953125,451.95489501953125,408.61392211914062,436.1187744140625,5,0,0,2016-12-12,2016-12-16,0,True,True
2016-12-23,389.860595703125,418.40731811523438,306.51251220703125,314.22222900390625,4,0,0,2016-12-19,2016-12-23,1,True,True
2016-12-30,,,,,0,0,0,2016-12-27,2016-12-30,4,False,False
2017-01-06,,,,,0,0,0,2017-01-02,2017-01-06,5,False,False
2017-01-13,,,,,0,0,0,2017-01-09,2017-01-13,5,False,False
2017-01-20,,,,,0,0,0,2017-01-16,2017-01-20,5,False,False
2017-01-27,,,,,0,0,0,2017-01-23,2017-01-27,5,False,False
2017-02-03,,,,,0,0,0,2017-01-30,2017-02-03,5,False,False
2017-02-10,,,,,0,0,0,2017-02-06,2017-02-10,5,False,False
2017-02-17,,,,,0,0,0,2017-02-13,2017-02-17,5,False,False
2017-02-24,,,,,0,0,0,2017-02-20,2017-02-24,5,False,False
2017-03-03,,,,,0,0,0,2017-02-27,2017-03-03,5,False,False
2017-03-10,,,,,0,0,0,2017-03-06,2017-03-10,5,False,False
2017-03-17,,,,,0,0,0,2017-03-13,2017-03-17,5,False,False
2017-03-24,,,,,0,0,0,2017-03-20,2017-03-24,5,False,False
2017-03-31,,,,,0,0,0,2017-03-27,2017-03-31,5,False,False
2017-04-07,,,,,0,0,0,2017-04-03,2017-04-07,5,False,False
2017-04-14,,,,,0,0,0,2017-04-10,2017-04-13,4,False,False
2017-04-21,,,,,0,0,0,2017-04-18,2017-04-21,4,False,False
2017-04-28,,,,,0,0,0,2017-04-24,2017-04-28,5,False,False
2017-05-05,,,,,0,0,0,2017-05-02,2017-05-05,4,False,False
2017-05-12,,,,,0,0,0,2017-05-08,2017-05-12,5,False,False
2017-05-19,,,,,0,0,0,2017-05-15,2017-05-19,5,False,False
2017-05-26,,,,,0,0,0,2017-05-22,2017-05-26,5,False,False
2017-06-02,,,,,0,0,0,2017-05-29,2017-06-02,5,False,False
2017-06-09,,,,,0,0,0,2017-06-05,2017-06-09,5,False,False
2017-06-16,,,,,0,0,0,2017-06-12,2017-06-16,5,False,False
2017-06-23,,,,,0,0,0,2017-06-19,2017-06-23,5,False,False
2017-06-30,,,,,0,0,0,2017-06-26,2017-06-30,5,False,False
2017-07-07,,,,,0,0,0,2017-07-03,2017-07-07,5,False,False
2017-07-14,,,,,0,0,0,2017-07-10,2017-07-14,5,False,False
2017-07-21,,,,,0,0,0,2017-07-17,2017-07-21,5,False,False
2017-07-28,,,,,0,0,0,2017-07-24,2017-07-28,5,False,False
2017-08-04,,,,,0,0,0,2017-07-31,2017-08-04,5,False,False
2017-08-11,,,,,0,0,0,2017-08-07,2017-08-11,5,False,False
2017-08-18,,,,,0,0,0,2017-08-14,2017-08-18,4,False,False
2017-08-25,,,,,0,0,0,2017-08-21,2017-08-25,5,False,False
2017-09-01,,,,,0,0,0,2017-08-28,2017-09-01,5,False,False
2017-09-08,,,,,0,0,0,2017-09-04,2017-09-08,5,False,False
2017-09-15,,,,,0,0,0,2017-09-11,2017-09-15,5,False,False
2017-09-22,,,,,0,0,0,2017-09-18,2017-09-22,5,False,False
2017-09-29,,,,,0,0,0,2017-09-25,2017-09-29,5,False,False
2017-10-06,,,,,0,0,0,2017-10-02,2017-10-06,5,False,False
2017-10-13,,,,,0,0,0,2017-10-09,2017-10-13,5,False,False
2017-10-20,,,,,0,0,0,2017-10-16,2017-10-20,5,False,False
2017-10-27,85.431770324707031,109.60271453857422,84.681640625,98.684112548828125,3,0,0,2017-10-23,2017-10-27,2,True,True
2017-11-03,97.975654602050781,98.517417907714844,94.933448791503906,95.433540344238281,5,0,0,2017-10-30,2017-11-03,0,True,True
2017-11-10,95.266845703125,95.433540344238281,85.431770324707031,85.473442077636719,5,0,0,2017-11-06,2017-11-10,0,True,True
2017-11-17,85.640144348144531,86.223579406738281,68.137046813964844,74.054756164550781,5,0,0,2017-11-13,2017-11-17,0,True,True
2017-11-24,75.221633911132812,89.849220275878906,75.013259887695312,83.306396484375,5,0,0,2017-11-20,2017-11-24,0,True,True
2017-12-01,83.306396484375,87.057060241699219,83.056350708007812,83.806480407714844,5,0,0,2017-11-27,2017-12-01,0,True,True
2017-12-08,84.181549072265625,85.015029907226562,79.639076232910156,80.639259338378906,5,0,0,2017-12-04,2017-12-08,0,True,True
2017-12-15,79.97247314453125,81.431060791015625,77.096961975097656,77.513702392578125,5,0,0,2017-12-11,2017-12-15,0,True,True
2017-12-22,78.430534362792969,82.306221008300781,77.347007751464844,79.76409912109375,5,0,0,2017-12-18,2017-12-22,0,True,True
2017-12-29,79.76409912109375,82.306221008300781,78.138816833496094,81.556083679199219,3,0,0,2017-12-27,2017-12-29,0,True,True
2018-01-05,81.681106567382812,82.097846984863281,80.222518920898438,81.055999755859375,4,0,0,2018-01-02,2018-01-05,0,True,True
2018-01-12,81.014320373535156,85.390098571777344,80.014144897460938,83.723136901855469,5,0,0,2018-01-08,2018-01-12,0,True,True
2018-01-19,83.931503295898438,84.181549072265625,80.930976867675781,81.055999755859375,5,0,0,2018-01-15,2018-01-19,0,True,True
2018-01-26,81.222694396972656,82.51458740234375,80.805953979492188,81.972824096679688,5,0,0,2018-01-22,2018-01-26,0,True,True
2018-02-02,81.285202026367188,81.681106567382812,75.013259887695312,75.971763610839844,5,0,0,2018-01-29,2018-02-02,0,True,True
2018-02-09,76.05511474609375,78.763923645019531,72.13775634765625,78.763923645019531,5,0,0,2018-02-05,2018-02-09,0,True,True
2018-02-16,77.951278686523438,78.555557250976562,70.429115295410156,72.13775634765625,5,0,0,2018-02-12,2018-02-16,0,True,True
2018-02-23,71.762687683105469,72.72119140625,64.57391357421875,65.219863891601562,5,0,0,2018-02-19,2018-02-23,0,True,True
2018-03-02,65.219863891601562,67.678634643554688,64.803123474121094,65.136512756347656,5,0,0,2018-02-26,2018-03-02,0,True,True
2018-03-09,64.532241821289062,66.824310302734375,62.511051177978516,65.428230285644531,5,0,0,2018-03-05,2018-03-09,0,True,True
2018-03-16,65.46990966796875,65.636604309082031,62.781932830810547,62.927791595458984,5,0,0,2018-03-12,2018-03-16,0,True,True
2018-03-23,62.927791595458984,62.927791595458984,52.717655181884766,56.009902954101562,5,0,0,2018-03-19,2018-03-23,0,True,True
2018-03-30,57.489330291748047,57.489330291748047,49.737960815429688,53.592807769775391,4,0,0,2018-03-26,2018-03-29,0,True,True
2018-04-06,53.092720031738281,61.760917663574219,51.675804138183594,61.052459716796875,4,0,0,2018-04-03,2018-04-06,0,True,True
2018-04-13,61.031623840332031,61.927616119384766,55.218097686767578,55.843204498291016,5,0,0,2018-04-09,2018-04-13,0,True,True
2018-04-20,55.822368621826172,57.510166168212891,54.905540466308594,56.593338012695312,5,0,0,2018-04-16,2018-04-20,0,True,True
2018-04-27,56.8433837890625,56.885055541992188,54.530475616455078,55.488975524902344,5,0,0,2018-04-23,2018-04-27,0,True,True
2018-05-04,55.843204498291016,56.259944915771484,54.780517578125,54.780517578125,4,0,0,2018-04-30,2018-05-04,0,True,True
2018-05-11,55.197257995605469,66.782638549804688,53.134395599365234,66.678451538085938,5,0,0,2018-05-07,2018-05-11,0,True,True
2018-05-18,67.720306396484375,72.5128173828125,57.781047821044922,58.760387420654297,5,0,0,2018-05-14,2018-05-18,0,True,True
2018-05-25,59.364662170410156,60.594047546386719,53.780342102050781,54.697170257568359,5,0,0,2018-05-21,2018-05-25,0,True,True
2018-06-01,56.343296051025391,58.343647003173828,47.133331298828125,55.634834289550781,5,0,0,2018-05-28,2018-06-01,0,True,True
2018-06-08,56.426643371582031,60.198143005371094,54.801353454589844,55.905715942382812,5,0,0,2018-06-04,2018-06-08,0,True,True
2018-06-15,56.426643371582031,60.448188781738281,56.426643371582031,60.448188781738281,5,0,0,2018-06-11,2018-06-15,0,True,True
2018-06-22,60.802417755126953,60.802417755126953,54.697170257568359,55.218097686767578,5,0,0,2018-06-18,2018-06-22,0,True,True
2018-06-29,55.551486968994141,55.634834289550781,50.425582885742188,51.363246917724609,5,0,0,2018-06-25,2018-06-29,0,True,True
2018-07-06,50.842323303222656,52.217563629150391,49.800472259521484,51.071529388427734,5,0,0,2018-07-02,2018-07-06,0,True,True
2018-07-13,51.467430114746094,52.092544555664062,49.904655456542969,50.425582885742188,5,0,0,2018-07-09,2018-07-13,0,True,True
2018-07-20,51.738315582275391,51.738315582275391,49.59210205078125,50.008842468261719,5,0,0,2018-07-16,2018-07-20,0,True,True
2018-07-27,49.59210205078125,53.717830657958984,48.550251007080078,52.071704864501953,5,0,0,2018-07-23,2018-07-27,0,True,True
2018-08-03,53.259414672851562,56.05157470703125,46.883289337158203,50.633953094482422,5,0,0,2018-07-30,2018-08-03,0,True,True
2018-08-10,50.300559997558594,50.842323303222656,47.445888519287109,48.175182342529297,5,0,0,2018-08-06,2018-08-10,0,True,True
2018-08-17,48.070999145507812,48.716945648193359,45.508045196533203,45.841438293457031,4,0,0,2018-08-13,2018-08-17,0,True,True
2018-08-24,45.862274169921875,47.445888519287109,45.070468902587891,45.528884887695312,5,0,0,2018-08-20,2018-08-24,0,True,True
2018-08-31,45.716415405273438,45.716415405273438,42.736721038818359,43.132625579833984,5,0,0,2018-08-27,2018-08-31,0,True,True
2018-09-07,42.319980621337891,48.196022033691406,42.111610412597656,45.778926849365234,5,0,0,2018-09-03,2018-09-07,0,True,True
2018-09-14,46.654079437255859,51.259063720703125,45.883113861083984,46.612407684326172,5,0,0,2018-09-10,2018-09-14,0,True,True
2018-09-21,46.216503143310547,51.717475891113281,46.049808502197266,50.133861541748047,5,0,0,2018-09-17,2018-09-21,0,True,True
2018-09-28,49.675449371337891,50.633953094482422,45.633068084716797,46.716594696044922,5,0,0,2018-09-24,2018-09-28,0,True,True
2018-10-05,46.2581787109375,47.070823669433594,41.298969268798828,42.007427215576172,5,0,0,2018-10-01,2018-10-05,0,True,True
2018-10-12,41.257293701171875,41.465663909912109,36.360595703125,37.715000152587891,5,0,0,2018-10-08,2018-10-12,0,True,True
2018-10-19,37.694164276123047,37.798347473144531,32.505748748779297,33.141277313232422,5,0,0,2018-10-15,2018-10-19,0,True,True
2018-10-26,34.131034851074219,34.349822998046875,27.661140441894531,29.526052474975586,5,0,0,2018-10-22,2018-10-26,0,True,True
2018-11-02,30.42204475402832,32.672443389892578,29.942794799804688,32.036914825439453,5,0,0,2018-10-29,2018-11-02,0,True,True
2018-11-09,32.255702972412109,32.401561737060547,30.484556198120117,31.359710693359375,5,0,0,2018-11-05,2018-11-09,0,True,True
2018-11-16,31.60975456237793,31.95356559753418,28.557132720947266,28.713409423828125,5,0,0,2018-11-12,2018-11-16,0,True,True
2018-11-23,28.96345329284668,30.026142120361328,27.129795074462891,29.703168869018555,5,0,0,2018-11-19,2018-11-23,0,True,True
2018-11-30,30.630414962768555,35.422927856445312,30.630414962768555,33.432994842529297,5,0,0,2018-11-26,2018-11-30,0,True,True
2018-12-07,35.006187438964844,36.756496429443359,32.984996795654297,33.933082580566406,5,0,0,2018-12-03,2018-12-07,0,True,True
2018-12-14,33.339225769042969,34.922840118408203,30.942970275878906,32.089004516601562,5,0,0,2018-12-10,2018-12-14,0,True,True
2018-12-21,32.630767822265625,32.672443389892578,29.755260467529297,32.068168640136719,5,0,0,2018-12-17,2018-12-21,0,True,True
2018-12-28,31.26594352722168,32.005657196044922,30.213674545288086,31.161758422851562,2,0,0,2018-12-27,2018-12-28,0,True,True
2019-01-04,31.255525588989258,32.057750701904297,30.317859649658203,31.60975456237793,3,0,0,2019-01-02,2019-01-04,0,True,True
2019-01-11,32.130680084228516,33.078765869140625,31.203432083129883,31.401384353637695,5,0,0,2019-01-07,2019-01-11,0,True,True
2019-01-18,29.171823501586914,29.942794799804688,25.04609489440918,25.577438354492188,5,0,0,2019-01-14,2019-01-18,0,True,True
2019-01-25,25.733715057373047,26.494266510009766,24.837724685668945,25.879575729370117,5,0,0,2019-01-21,2019-01-25,0,True,True
2019-02-01,25.598274230957031,26.671382904052734,25.025257110595703,25.181535720825195,5,0,0,2019-01-28,2019-02-01,0,True,True
2019-02-08,25.077350616455078,26.650545120239258,24.837724685668945,25.639949798583984,5,0,0,2019-02-04,2019-02-08,0,True,True
2019-02-15,25.629531860351562,29.557308197021484,25.139860153198242,27.994531631469727,5,0,0,2019-02-11,2019-02-15,0,True,True
2019-02-22,28.296669006347656,28.42169189453125,26.254640579223633,26.66096305847168,5,0,0,2019-02-18,2019-02-22,0,True,True
2019-03-01,26.890169143676758,28.796758651733398,26.817241668701172,27.984113693237305,5,0,0,2019-02-25,2019-03-01,0,True,True
2019-03-08,28.317506790161133,28.744665145874023,27.08812141418457,27.150632858276367,5,0,0,2019-03-04,2019-03-08,0,True,True
2019-03-15,27.233980178833008,27.504861831665039,26.067108154296875,26.410919189453125,5,0,0,2019-03-11,2019-03-15,0,True,True
2019-03-22,26.410919189453125,28.015369415283203,26.390081405639648,26.515104293823242,5,0,0,2019-03-18,2019-03-22,0,True,True
2019-03-29,26.4630126953125,26.983936309814453,25.681623458862305,25.942085266113281,5,0,0,2019-03-25,2019-03-29,0,True,True
2019-04-05,26.025434494018555,26.650545120239258,25.837900161743164,26.567197799682617,5,0,0,2019-04-01,2019-04-05,0,True,True
2019-04-12,26.650545120239258,28.817594528198242,25.754552841186523,27.921602249145508,5,0,0,2019-04-08,2019-04-12,0,True,True
2019-04-19,27.984113693237305,29.526052474975586,27.963277816772461,29.088476181030273,4,0,0,2019-04-15,2019-04-18,0,True,True
2019-04-26,28.859268188476562,29.15098762512207,27.213144302368164,27.379840850830078,4,0,0,2019-04-23,2019-04-26,0,True,True
2019-05-03,27.963277816772461,29.421867370605469,27.77574348449707,28.380016326904297,4,0,0,2019-04-29,2019-05-03,0,True,True
2019-05-10,27.963277816772461,28.025787353515625,25.004419326782227,25.316976547241211,5,0,0,2019-05-06,2019-05-10,0,True,True
2019-05-17,25.567020416259766,25.567020416259766,23.775035858154297,24.170940399169922,5,0,0,2019-05-13,2019-05-17,0,True,True
2019-05-24,24.212614059448242,24.629354476928711,22.608163833618164,23.108251571655273,5,0,0,2019-05-20,2019-05-24,0,True,True
2019-05-31,23.149925231933594,23.650014877319336,21.295431137084961,21.75384521484375,5,0,0,2019-05-27,2019-05-31,0,True,True
2019-06-07,21.357942581176758,21.878868103027344,20.941202163696289,21.191246032714844,5,0,0,2019-06-03,2019-06-07,0,True,True
2019-06-14,21.482963562011719,21.816356658935547,21.06622314453125,21.06622314453125,5,0,0,2019-06-10,2019-06-14,0,True,True
2019-06-21,21.087060928344727,22.754022598266602,20.534879684448242,22.253934860229492,5,0,0,2019-06-17,2019-06-21,0,True,True
2019-06-28,22.691511154174805,22.754022598266602,21.399616241455078,22.462303161621094,5,0,0,2019-06-24,2019-06-28,0,True,True
2019-07-05,22.920719146728516,33.755966186523438,22.858207702636719,32.547420501708984,5,0,0,2019-07-01,2019-07-05,0,True,True
2019-07-12,33.151695251464844,36.423107147216797,31.172178268432617,35.485439300537109,5,0,0,2019-07-08,2019-07-12,0,True,True
2019-07-19,35.839668273925781,35.902179718017578,31.318037033081055,31.526407241821289,5,0,0,2019-07-15,2019-07-19,0,True,True
2019-07-26,31.672266006469727,32.818302154541016,29.671911239624023,29.942794799804688,5,0,0,2019-07-22,2019-07-26,0,True,True
2019-08-02,29.73442268371582,30.046979904174805,26.733892440795898,27.192306518554688,5,0,0,2019-07-29,2019-08-02,0,True,True
2019-08-09,26.963100433349609,28.025787353515625,24.691865921020508,24.775213241577148,5,0,0,2019-08-05,2019-08-09,0,True,True
2019-08-16,24.921072006225586,28.546712875366211,24.608516693115234,28.338342666625977,4,0,0,2019-08-12,2019-08-16,0,True,True
2019-08-23,28.755083084106445,29.859445571899414,27.233980178833008,27.233980178833008,5,0,0,2019-08-19,2019-08-23,0,True,True
2019-08-30,27.150632858276367,33.693458557128906,26.692218780517578,30.213674545288086,5,0,0,2019-08-26,2019-08-30,0,True,True
2019-09-06,31.359710693359375,35.652137756347656,31.255525588989258,33.047508239746094,5,0,0,2019-09-02,2019-09-06,0,True,True
2019-09-13,33.339225769042969,34.902004241943359,32.964160919189453,34.026847839355469,5,0,0,2019-09-09,2019-09-13,0,True,True
2019-09-20,34.214382171630859,35.172885894775391,33.193367004394531,33.755966186523438,5,0,0,2019-09-16,2019-09-20,0,True,True
2019-09-27,33.755966186523438,33.755966186523438,30.817947387695312,31.359710693359375,5,0,0,2019-09-23,2019-09-27,0,True,True
2019-10-04,31.463895797729492,32.359886169433594,30.276185989379883,31.359710693359375,5,0,0,2019-09-30,2019-10-04,0,True,True
2019-10-11,31.255525588989258,31.463895797729492,29.380193710327148,30.901296615600586,5,0,0,2019-10-07,2019-10-11,0,True,True
2019-10-18,30.484556198120117,32.089004516601562,30.255348205566406,31.505569458007812,5,0,0,2019-10-14,2019-10-18,0,True,True
2019-10-25,31.318037033081055,32.214027404785156,30.672088623046875,30.942970275878906,5,0,0,2019-10-21,2019-10-25,0,True,True
2019-11-01,30.776273727416992,31.318037033081055,29.713586807250977,30.255348205566406,5,0,0,2019-10-28,2019-11-01,0,True,True
2019-11-08,30.505392074584961,33.71429443359375,30.297023773193359,30.838785171508789,5,0,0,2019-11-04,2019-11-08,0,True,True
2019-11-15,30.838785171508789,31.505569458007812,30.463718414306641,30.734600067138672,5,0,0,2019-11-11,2019-11-15,0,True,True
2019-11-22,30.755437850952148,31.130504608154297,29.921955108642578,30.567903518676758,5,0,0,2019-11-18,2019-11-22,0,True,True
2019-11-29,30.692926406860352,31.463895797729492,30.234512329101562,30.734600067138672,5,0,0,2019-11-25,2019-11-29,0,True,True
2019-12-06,30.463718414306641,31.067991256713867,28.838432312011719,29.276008605957031,5,0,0,2019-12-02,2019-12-06,0,True,True
2019-12-13,29.380193710327148,30.297023773193359,28.96345329284668,29.484378814697266,5,0,0,2019-12-09,2019-12-13,0,True,True
2019-12-20,29.567726135253906,29.671911239624023,27.73406982421875,29.171823501586914,5,0,0,2019-12-16,2019-12-20,0,True,True
2019-12-27,28.96345329284668,29.171823501586914,28.630060195922852,28.921779632568359,2,0,0,2019-12-23,2019-12-27,0,True,True
2020-01-03,28.921779632568359,29.796934127807617,28.755083084106445,29.046802520751953,3,0,0,2019-12-30,2020-01-03,0,True,True
2020-01-10,28.838432312011719,36.048038482666016,28.025787353515625,35.839668273925781,5,0,0,2020-01-06,2020-01-10,0,True,True
2020-01-17,35.631298065185547,36.902355194091797,33.130855560302734,35.56878662109375,5,0,0,2020-01-13,2020-01-17,0,True,True
2020-01-24,35.631298065185547,40.569671630859375,35.110374450683594,37.298259735107422,5,0,0,2020-01-20,2020-01-24,0,True,True
2020-01-31,37.298259735107422,39.277778625488281,35.110374450683594,35.318744659423828,5,0,0,2020-01-27,2020-01-31,0,True,True
2020-02-07,35.339580535888672,40.319629669189453,34.631122589111328,37.298259735107422,5,0,0,2020-02-03,2020-02-07,0,True,True
2020-02-14,37.402446746826172,39.236103057861328,35.902179718017578,37.214912414550781,5,0,0,2020-02-10,2020-02-14,0,True,True
2020-02-21,37.63165283203125,46.674919128417969,37.194076538085938,42.507514953613281,5,0,0,2020-02-17,2020-02-21,0,True,True
2020-02-28,39.381961822509766,40.86138916015625,37.298259735107422,38.027557373046875,5,0,0,2020-02-24,2020-02-28,0,True,True
2020-03-06,39.798702239990234,39.798702239990234,28.796758651733398,29.796934127807617,5,0,0,2020-03-02,2020-03-06,0,True,True
2020-03-13,25.421161651611328,27.609048843383789,20.857854843139648,23.504154205322266,5,0,0,2020-03-09,2020-03-13,0,True,True
2020-03-20,21.920541763305664,22.920719146728516,20.316091537475586,20.795343399047852,5,0,0,2020-03-16,2020-03-20,0,True,True
2020-03-27,20.837017059326172,24.650190353393555,20.399440765380859,23.024904251098633,5,0,0,2020-03-23,2020-03-27,0,True,True
2020-04-03,22.962392807006836,23.879220962524414,22.191423416137695,23.775035858154297,5,0,0,2020-03-30,2020-04-03,0,True,True
2020-04-10,24.170940399169922,26.046270370483398,23.962570190429688,24.837724685668945,4,0,0,2020-04-06,2020-04-09,0,True,True
2020-04-17,25.421161651611328,25.421161651611328,22.503978729248047,22.941556930541992,4,0,0,2020-04-14,2020-04-17,0,True,True
2020-04-24,23.379133224487305,23.483318328857422,22.191423416137695,22.316444396972656,5,0,0,2020-04-20,2020-04-24,0,True,True
2020-05-01,22.899881362915039,24.420984268188477,22.503978729248047,23.212436676025391,4,0,0,2020-04-27,2020-04-30,0,True,True
2020-05-08,22.920719146728516,23.462480545043945,22.545652389526367,22.920719146728516,5,0,0,2020-05-04,2020-05-08,0,True,True
2020-05-15,23.212436676025391,23.608339309692383,22.733184814453125,22.941556930541992,5,0,0,2020-05-11,2020-05-15,0,True,True
2020-05-22,23.337459564208984,23.483318328857422,20.732831954956055,21.337104797363281,5,0,0,2020-05-18,2020-05-22,0,True,True
2020-05-29,21.670497894287109,28.796758651733398,21.087060928344727,27.400676727294922,5,0,0,2020-05-25,2020-05-29,0,True,True
2020-06-05,29.171823501586914,31.463895797729492,27.338165283203125,31.047155380249023,5,0,0,2020-06-01,2020-06-05,0,True,True
2020-06-12,31.672266006469727,33.672618865966797,27.463188171386719,29.567726135253906,5,0,0,2020-06-08,2020-06-12,0,True,True
2020-06-19,28.755083084106445,31.880636215209961,28.317506790161133,30.984643936157227,5,0,0,2020-06-15,2020-06-19,0,True,True
2020-06-26,31.005481719970703,35.068698883056641,30.692926406860352,32.630767822265625,5,0,0,2020-06-22,2020-06-26,0,True,True
2020-07-03,32.901649475097656,35.152046203613281,31.297199249267578,32.589096069335938,5,0,0,2020-06-29,2020-07-03,0,True,True
2020-07-10,32.839138031005859,33.651782989501953,31.422222137451172,32.505748748779297,5,0,0,2020-07-06,2020-07-10,0,True,True
2020-07-17,32.630767822265625,33.089183807373047,31.463895797729492,32.609931945800781,5,0,0,2020-07-13,2020-07-17,0,True,True
2020-07-24,32.609931945800781,41.319805145263672,32.380725860595703,36.485618591308594,5,0,0,2020-07-20,2020-07-24,0,True,True
2020-07-31,35.777156829833984,36.527290344238281,31.755613327026367,31.901472091674805,5,0,0,2020-07-27,2020-07-31,0,True,True
2020-08-07,31.880636215209961,34.172706604003906,29.588563919067383,30.33869743347168,5,0,0,2020-08-03,2020-08-07,0,True,True
2020-08-14,30.651252746582031,32.089004516601562,29.505216598510742,29.796934127807617,5,0,0,2020-08-10,2020-08-14,0,True,True
2020-08-21,29.588563919067383,31.463895797729492,28.734247207641602,30.505392074584961,5,0,0,2020-08-17,2020-08-21,0,True,True
2020-08-28,30.838785171508789,31.60975456237793,29.755260467529297,30.672088623046875,5,0,0,2020-08-24,2020-08-28,0,True,True
2020-09-04,30.859621047973633,31.10966682434082,29.421867370605469,29.880281448364258,5,0,0,2020-08-31,2020-09-04,0,True,True
2020-09-11,30.026142120361328,30.92213249206543,29.005128860473633,29.671911239624023,5,0,0,2020-09-07,2020-09-11,0,True,True
2020-09-18,29.65107536315918,29.942794799804688,28.004951477050781,28.004951477050781,5,0,0,2020-09-14,2020-09-18,0,True,True
2020-09-25,27.879928588867188,28.921779632568359,26.879751205444336,28.525875091552734,5,0,0,2020-09-21,2020-09-25,0,True,True
2020-10-02,28.838432312011719,29.401031494140625,27.567373275756836,28.27583122253418,5,0,0,2020-09-28,2020-10-02,0,True,True
2020-10-09,28.984291076660156,29.380193710327148,25.692041397094727,26.212966918945312,5,0,0,2020-10-05,2020-10-09,0,True,True
2020-10-16,26.046270370483398,27.463188171386719,23.691688537597656,24.233451843261719,5,0,0,2020-10-12,2020-10-16,0,True,True
2020-10-23,24.212614059448242,25.608694076538086,23.191600799560547,24.379310607910156,5,0,0,2020-10-19,2020-10-23,0,True,True
2020-10-30,23.962570190429688,24.275125503540039,20.920364379882812,21.545475006103516,5,0,0,2020-10-26,2020-10-30,0,True,True
2020-11-06,21.399616241455078,24.691865921020508,21.274593353271484,23.274948120117188,5,0,0,2020-11-02,2020-11-06,0,True,True
2020-11-13,23.545829772949219,24.483495712280273,23.233274459838867,24.087591171264648,5,0,0,2020-11-09,2020-11-13,0,True,True
2020-11-20,24.045917510986328,26.358827590942383,23.962570190429688,25.587856292724609,5,0,0,2020-11-16,2020-11-20,0,True,True
2020-11-27,26.254640579223633,26.796403884887695,23.441644668579102,23.504154205322266,5,0,0,2020-11-23,2020-11-27,0,True,True
2020-12-04,23.733362197875977,26.254640579223633,23.399969100952148,24.212614059448242,5,0,0,2020-11-30,2020-12-04,0,True,True
2020-12-11,24.212614059448242,24.212614059448242,22.503978729248047,22.962392807006836,5,0,0,2020-12-07,2020-12-11,0,True,True
2020-12-18,23.08741569519043,23.295785903930664,21.75384521484375,22.545652389526367,5,0,0,2020-12-14,2020-12-18,0,True,True
2020-12-25,21.774682998657227,22.39979362487793,21.691335678100586,21.878868103027344,3,0,0,2020-12-21,2020-12-23,0,True,True
2021-01-01,22.066400527954102,22.274770736694336,21.607986450195312,21.733009338378906,3,0,0,2020-12-28,2020-12-30,0,True,True
2021-01-08,21.774682998657227,24.629354476928711,21.524637222290039,23.75419807434082,5,0,0,2021-01-04,2021-01-08,0,True,True
2021-01-15,23.691688537597656,23.837547302246094,22.212259292602539,22.39979362487793,5,0,0,2021-01-11,2021-01-15,0,True,True
2021-01-22,22.212259292602539,23.316621780395508,22.087238311767578,22.44146728515625,5,0,0,2021-01-18,2021-01-22,0,True,True
2021-01-29,22.545652389526367,22.691511154174805,21.378778457641602,21.503801345825195,5,0,0,2021-01-25,2021-01-29,0,True,True
2021-02-05,21.670497894287109,24.525169372558594,21.649660110473633,24.150102615356445,5,0,0,2021-02-01,2021-02-05,0,True,True
2021-02-12,26.254640579223633,30.213674545288086,25.587856292724609,27.00477409362793,5,0,0,2021-02-08,2021-02-12,0,True,True
2021-02-19,27.317329406738281,27.73406982421875,25.754552841186523,26.608871459960938,5,0,0,2021-02-15,2021-02-19,0,True,True
2021-02-26,26.379663467407227,26.588033676147461,23.962570190429688,25.171117782592773,5,0,0,2021-02-22,2021-02-26,0,True,True
2021-03-05,25.233627319335938,26.046270370483398,24.525169372558594,25.04609489440918,5,0,0,2021-03-01,2021-03-05,0,True,True
2021-03-12,25.254465103149414,26.129619598388672,24.170940399169922,24.546005249023438,5,0,0,2021-03-08,2021-03-12,0,True,True
2021-03-19,25.191953659057617,25.191953659057617,24.191776275634766,24.483495712280273,5,0,0,2021-03-15,2021-03-19,0,True,True
2021-03-26,24.44182014465332,24.671028137207031,23.75419807434082,23.962570190429688,5,0,0,2021-03-22,2021-03-26,0,True,True
2021-04-02,23.837547302246094,25.619112014770508,23.75419807434082,24.691865921020508,4,0,0,2021-03-29,2021-04-01,0,True,True
2021-04-09,25.233627319335938,25.316976547241211,23.868803024291992,23.910476684570312,4,0,0,2021-04-06,2021-04-09,0,True,True
2021-04-16,23.858383178710938,25.619112014770508,23.75419807434082,24.44182014465332,5,0,0,2021-04-12,2021-04-16,0,True,True
2021-04-23,24.535587310791016,24.858560562133789,23.691688537597656,23.962570190429688,5,0,0,2021-04-19,2021-04-23,0,True,True
2021-04-30,23.868803024291992,24.181358337402344,23.566665649414062,23.681270599365234,5,0,0,2021-04-26,2021-04-30,0,True,True
2021-05-07,23.920894622802734,25.702459335327148,23.67085075378418,24.921072006225586,5,0,0,2021-05-03,2021-05-07,0,True,True
2021-05-14,25.421161651611328,25.546182632446289,24.410564422607422,24.858560562133789,5,0,0,2021-05-10,2021-05-14,0,True,True
2021-05-21,24.879398345947266,26.963100433349609,24.733539581298828,25.212791442871094,5,0,0,2021-05-17,2021-05-21,0,True,True
2021-05-28,25.202371597290039,27.077703475952148,24.691865921020508,25.848320007324219,5,0,0,2021-05-24,2021-05-28,0,True,True
2021-06-04,25.837900161743164,26.431755065917969,25.525346755981445,26.140037536621094,5,0,0,2021-05-31,2021-06-04,0,True,True
2021-06-11,25.994178771972656,27.254817962646484,25.764972686767578,25.921249389648438,5,0,0,2021-06-07,2021-06-11,0,True,True
2021-06-18,26.046270370483398,26.171293258666992,24.493913650512695,24.577262878417969,5,0,0,2021-06-14,2021-06-18,0,True,True
2021-06-25,24.483495712280273,25.004419326782227,24.379310607910156,24.379310607910156,5,0,0,2021-06-21,2021-06-25,0,True,True
2021-07-02,24.514749526977539,24.681446075439453,23.816709518432617,23.879220962524414,5,0,0,2021-06-28,2021-07-02,0,True,True
2021-07-09,23.847965240478516,24.150102615356445,22.972810745239258,23.274948120117188,5,0,0,2021-07-05,2021-07-09,0,True,True
2021-07-16,23.379133224487305,23.775035858154297,22.503978729248047,22.660255432128906,5,0,0,2021-07-12,2021-07-16,0,True,True
2021-07-23,22.608163833618164,24.962745666503906,21.774682998657227,23.775035858154297,5,0,0,2021-07-19,2021-07-23,0,True,True
2021-07-30,23.962570190429688,26.212966918945312,23.462480545043945,24.400146484375,5,0,0,2021-07-26,2021-07-30,0,True,True
2021-08-06,24.796049118041992,25.004419326782227,23.379133224487305,24.889816284179688,5,0,0,2021-08-02,2021-08-06,0,True,True
2021-08-13,25.004419326782227,25.108604431152344,24.09800910949707,24.191776275634766,5,0,0,2021-08-09,2021-08-13,0,True,True
2021-08-20,24.191776275634766,24.275125503540039,22.837371826171875,23.337459564208984,5,0,0,2021-08-16,2021-08-20,0,True,True
2021-08-27,23.483318328857422,24.275125503540039,23.149925231933594,23.285366058349609,5,0,0,2021-08-23,2021-08-27,0,True,True
2021-09-03,23.358295440673828,24.004243850708008,23.254110336303711,23.358295440673828,5,0,0,2021-08-30,2021-09-03,0,True,True
2021-09-10,23.545829772949219,23.650014877319336,22.701929092407227,23.202018737792969,5,0,0,2021-09-06,2021-09-10,0,True,True
2021-09-17,23.337459564208984,23.545829772949219,22.837371826171875,22.899881362915039,5,0,0,2021-09-13,2021-09-17,0,True,True
2021-09-24,22.920719146728516,23.452062606811523,21.889286041259766,22.597745895385742,5,0,0,2021-09-20,2021-09-24,0,True,True
2021-10-01,22.754022598266602,23.108251571655273,22.295608520507812,22.806114196777344,5,0,0,2021-09-27,2021-10-01,0,True,True
2021-10-08,22.816534042358398,23.608339309692383,22.670673370361328,23.337459564208984,5,0,0,2021-10-04,2021-10-08,0,True,True
2021-10-15,23.410388946533203,23.410388946533203,22.628999710083008,22.712348937988281,5,0,0,2021-10-11,2021-10-15,0,True,True
2021-10-22,22.764440536499023,22.806114196777344,22.087238311767578,22.337282180786133,5,0,0,2021-10-18,2021-10-22,0,True,True
2021-10-29,20.216073989868164,22.233097076416016,20.211906433105469,21.482963562011719,5,0,0,2021-10-25,2021-10-29,0,True,True
2021-11-05,21.462127685546875,21.878868103027344,20.920364379882812,21.274593353271484,5,0,0,2021-11-01,2021-11-05,0,True,True
2021-11-12,21.253757476806641,21.566312789916992,20.86827278137207,20.920364379882812,5,0,0,2021-11-08,2021-11-12,0,True,True
2021-11-19,20.941202163696289,21.170408248901367,19.170055389404297,19.336751937866211,5,0,0,2021-11-15,2021-11-19,0,True,True
2021-11-26,19.440937042236328,19.770162582397461,16.240371704101562,17.69062614440918,5,0,0,2021-11-22,2021-11-26,0,True,True
2021-12-03,17.582275390625,20.52446174621582,16.690450668334961,18.507438659667969,5,0,0,2021-11-29,2021-12-03,0,True,True
2021-12-10,18.836662292480469,20.166065216064453,18.553279876708984,18.774152755737305,5,0,0,2021-12-06,2021-12-10,0,True,True
2021-12-17,19.299245834350586,19.670143127441406,18.553279876708984,19.32008171081543,5,0,0,2021-12-13,2021-12-17,0,True,True
2021-12-24,18.961685180664062,19.440937042236328,18.174045562744141,18.7783203125,4,0,0,2021-12-20,2021-12-23,0,True,True
2021-12-31,18.67413330078125,19.024196624755859,18.586618423461914,18.586618423461914,4,0,0,2021-12-27,2021-12-30,0,True,True
2022-01-07,18.636627197265625,20.107721328735352,18.636627197265625,19.307580947875977,5,0,0,2022-01-03,2022-01-07,0,True,True
2022-01-14,19.307580947875977,19.653474807739258,18.719976425170898,18.81165885925293,5,0,0,2022-01-10,2022-01-14,0,True,True
2022-01-21,18.957517623901367,19.170055389404297,18.774152755737305,18.836662292480469,5,0,0,2022-01-17,2022-01-21,0,True,True
2022-01-28,18.836662292480469,18.928346633911133,17.87816047668457,18.711641311645508,5,0,0,2022-01-24,2022-01-28,0,True,True
2022-02-04,18.7783203125,20.003536224365234,18.7783203125,19.274240493774414,5,0,0,2022-01-31,2022-02-04,0,True,True
2022-02-11,19.274240493774414,22.003889083862305,19.170055389404297,21.774682998657227,5,0,0,2022-02-07,2022-02-11,0,True,True
2022-02-18,21.06622314453125,21.930959701538086,19.378425598144531,19.578460693359375,5,0,0,2022-02-14,2022-02-18,0,True,True
2022-02-25,19.586795806884766,19.878513336181641,17.003005981445312,18.157375335693359,5,0,0,2022-02-21,2022-02-25,0,True,True
2022-03-04,17.769807815551758,18.307403564453125,15.936149597167969,15.94031810760498,5,0,0,2022-02-28,2022-03-04,0,True,True
2022-03-11,15.28603458404541,18.324073791503906,14.585911750793457,18.186548233032227,5,0,0,2022-03-07,2022-03-11,0,True,True
2022-03-18,18.328239440917969,20.566135406494141,18.153209686279297,20.366100311279297,5,0,0,2022-03-14,2022-03-18,0,True,True
2022-03-25,20.295253753662109,20.982875823974609,19.82850456237793,20.095218658447266,5,0,0,2022-03-21,2022-03-25,0,True,True
2022-04-01,20.107721328735352,20.962039947509766,19.440937042236328,19.555540084838867,5,0,0,2022-03-28,2022-04-01,0,True,True
2022-04-08,19.586795806884766,19.878513336181641,17.982345581054688,18.451177597045898,5,0,0,2022-04-04,2022-04-08,0,True,True
2022-04-15,18.544944763183594,18.815826416015625,17.732301712036133,17.846904754638672,4,0,0,2022-04-11,2022-04-14,0,True,True
2022-04-22,18.086530685424805,18.52410888671875,17.53434944152832,17.846904754638672,4,0,0,2022-04-19,2022-04-22,0,True,True
2022-04-29,17.607278823852539,18.753314971923828,16.586265563964844,16.773799896240234,5,0,0,2022-04-25,2022-04-29,0,True,True
2022-05-06,16.773799896240234,17.294723510742188,14.950558662414551,15.096419334411621,5,0,0,2022-05-02,2022-05-06,0,True,True
2022-05-13,15.419391632080078,15.419391632080078,14.294193267822266,14.648423194885254,5,0,0,2022-05-09,2022-05-13,0,True,True
2022-05-20,14.627586364746094,15.086000442504883,14.262937545776367,14.700514793395996,5,0,0,2022-05-16,2022-05-20,0,True,True
2022-05-27,14.794281959533691,15.909062385559082,14.658841133117676,15.523576736450195,5,0,0,2022-05-23,2022-05-27,0,True,True
2022-06-03,15.731947898864746,16.50291633605957,15.711111068725586,16.429988861083984,5,0,0,2022-05-30,2022-06-03,0,True,True
2022-06-10,16.46124267578125,16.888402938842773,15.023488998413086,15.23185920715332,5,0,0,2022-06-06,2022-06-10,0,True,True
2022-06-17,15.502739906311035,15.502739906311035,14.242100715637207,14.554656028747559,5,0,0,2022-06-13,2022-06-17,0,True,True
2022-06-24,14.794281959533691,14.929721832275391,13.596153259277344,14.044149398803711,5,0,0,2022-06-20,2022-06-24,0,True,True
2022-07-01,14.169171333312988,14.179590225219727,10.793575286865234,10.793575286865234,5,0,0,2022-06-27,2022-07-01,0,True,True
2022-07-08,10.803993225097656,11.189477920532227,9.4600048065185547,11.189477920532227,5,0,0,2022-07-04,2022-07-08,0,True,True
2022-07-15,11.251989364624023,11.356174468994141,8.859898567199707,8.918243408203125,5,0,0,2022-07-11,2022-07-15,0,True,True
2022-07-22,8.9807538986206055,10.168463706970215,8.6973705291748047,8.7515468597412109,5,0,0,2022-07-18,2022-07-22,0,True,True
2022-07-29,8.7515468597412109,8.9807538986206055,8.3473091125488281,8.6223573684692383,5,0,0,2022-07-25,2022-07-29,0,True,True
2022-08-05,8.8557319641113281,9.2724723815917969,8.5431766510009766,8.6473617553710938,5,0,0,2022-08-01,2022-08-05,0,True,True
2022-08-12,8.6473617553710938,8.9599170684814453,8.4389915466308594,8.9515819549560547,5,0,0,2022-08-08,2022-08-12,0,True,True
2022-08-19,8.9724187850952148,9.0891056060791016,8.3348064422607422,8.3806476593017578,4,0,0,2022-08-16,2022-08-19,0,True,True
2022-08-26,8.3139686584472656,8.3556432723999023,7.5054931640625,7.5430002212524414,5,0,0,2022-08-22,2022-08-26,0,True,True
2022-09-02,7.4596519470214844,7.4971580505371094,6.2094311714172363,6.6345062255859375,5,0,0,2022-08-29,2022-09-02,0,True,True
2022-09-09,6.5303211212158203,6.5636601448059082,5.8426990509033203,6.3677921295166016,5,0,0,2022-09-05,2022-09-09,0,True,True
2022-09-16,6.4303030967712402,8.3348064422607422,6.376126766204834,7.2637839317321777,5,0,0,2022-09-12,2022-09-16,0,True,True
2022-09-23,7.0762510299682617,7.0845851898193359,5.8343639373779297,6.3594570159912109,5,0,0,2022-09-19,2022-09-23,0,True,True
2022-09-30,4.6883277893066406,6.3552899360656738,4.625816822052002,4.9894227981567383,4,0,0,2022-09-26,2022-09-30,1,True,True
2022-10-07,5.0863151550292969,5.4603400230407715,4.5851850509643555,4.7456297874450684,5,0,0,2022-10-03,2022-10-07,0,True,True
2022-10-14,4.7070817947387695,5.6582918167114258,2.0628640651702881,2.0628640651702881,5,0,0,2022-10-10,2022-10-14,0,True,True
2022-10-21,2.119999885559082,2.2200000286102295,1.9714000225067139,1.9900000095367432,5,0,0,2022-10-17,2022-10-21,0,True,True
2022-10-28,1.9950000047683716,2.0299999713897705,1.9240000247955322,1.9301999807357788,5,0,0,2022-10-24,2022-10-28,0,True,True
2022-11-04,1.9772000312805176,2.0480000972747803,1.4866000413894653,1.6200000047683716,5,0,0,2022-10-31,2022-11-04,0,True,True
2022-11-11,1.6180000305175781,1.8580000400543213,1.6059999465942383,1.7999999523162842,5,0,0,2022-11-07,2022-11-11,0,True,True
2022-11-18,1.8042000532150269,1.8799999952316284,1.7323999404907227,1.812999963760376,5,0,0,2022-11-14,2022-11-18,0,True,True
2022-11-25,1.8212000131607056,1.8700000047683716,1.7610000371932983,1.7769999504089355,5,0,0,2022-11-21,2022-11-25,0,True,True
2022-12-02,1.7705999612808228,2.0139999389648438,1.7295999526977539,1.88919997215271,5,0,0,2022-11-28,2022-12-02,0,True,True
2022-12-09,1.9076000452041626,2,1.7719999551773071,1.8229999542236328,5,0,0,2022-12-05,2022-12-09,0,True,True
2022-12-16,1.8159999847412109,2.0244998931884766,1.7782000303268433,1.9543999433517456,5,0,0,2022-12-12,2022-12-16,0,True,True
2022-12-23,1.9543999433517456,2.125499963760376,1.8500000238418579,1.968000054359436,5,0,0,2022-12-19,2022-12-23,0,True,True
2022-12-30,2.000499963760376,2.002000093460083,1.8894000053405762,1.9246000051498413,4,0,0,2022-12-27,2022-12-30,0,True,True
2023-01-06,1.944599986076355,2.1154999732971191,1.9417999982833862,1.98580002784729,5,0,0,2023-01-02,2023-01-06,0,True,True
2023-01-13,1.9831999540328979,2.3550000190734863,1.9809999465942383,2.2054998874664307,5,0,0,2023-01-09,2023-01-13,0,True,True
2023-01-20,2.2209999561309814,2.250499963760376,2.0039999485015869,2.0280001163482666,5,0,0,2023-01-16,2023-01-20,0,True,True
2023-01-27,2.0409998893737793,2.2214999198913574,2.0315001010894775,2.184499979019165,5,0,0,2023-01-23,2023-01-27,0,True,True
2023-02-03,2.189500093460083,2.6235001087188721,2.184499979019165,2.4895000457763672,5,0,0,2023-01-30,2023-02-03,0,True,True
2023-02-10,2.4849998950958252,2.6689999103546143,2.2709999084472656,2.4600000381469727,5,0,0,2023-02-06,2023-02-10,0,True,True
2023-02-17,2.4700000286102295,2.6974999904632568,2.3610000610351562,2.6394999027252197,5,0,0,2023-02-13,2023-02-17,0,True,True
2023-02-24,2.6779999732971191,2.9749999046325684,2.5739998817443848,2.6689999103546143,5,0,0,2023-02-20,2023-02-24,0,True,True
2023-03-03,2.6840000152587891,2.7790000438690186,2.375,2.4609999656677246,5,0,0,2023-02-27,2023-03-03,0,True,True
2023-03-10,2.4649999141693115,2.497999906539917,2.2044999599456787,2.3055000305175781,5,0,0,2023-03-06,2023-03-10,0,True,True
2023-03-17,2.2915000915527344,2.2915000915527344,1.8300000429153442,1.8910000324249268,5,0,0,2023-03-13,2023-03-17,0,True,True
2023-03-24,1.8270000219345093,2.0274999141693115,1.7552000284194946,1.8805999755859375,5,0,0,2023-03-20,2023-03-24,0,True,True
2023-03-31,1.9373999834060669,2.0360000133514404,1.7932000160217285,2.0055000782012939,5,0,0,2023-03-27,2023-03-31,0,True,True
2023-04-07,1.9800000190734863,2.0369999408721924,1.8960000276565552,1.934999942779541,4,0,0,2023-04-03,2023-04-06,0,True,True
2023-04-14,1.965999960899353,2.1140000820159912,1.9420000314712524,2.1140000820159912,4,0,0,2023-04-11,2023-04-14,0,True,True
2023-04-21,2.1400001049041748,2.3499999046325684,2.1040000915527344,2.2720000743865967,5,0,0,2023-04-17,2023-04-21,0,True,True
2023-04-28,2.2539999485015869,2.312000036239624,2.0329999923706055,2.0889999866485596,5,0,0,2023-04-24,2023-04-28,0,True,True
2023-05-05,2.1099998950958252,2.1659998893737793,1.9774999618530273,2.0450000762939453,4,0,0,2023-05-02,2023-05-05,0,True,True
2023-05-12,2.0750000476837158,2.2750000953674316,2.0520000457763672,2.130000114440918,5,0,0,2023-05-08,2023-05-12,0,True,True
2023-05-19,2.1500000953674316,2.2699999809265137,2.0899999141693115,2.1410000324249268,5,0,0,2023-05-15,2023-05-19,0,True,True
2023-05-26,2.1449999809265137,2.315000057220459,2.0150001049041748,2.0959999561309814,5,0,0,2023-05-22,2023-05-26,0,True,True
2023-06-02,2.1310000419616699,2.2379999160766602,2.0499999523162842,2.2379999160766602,5,0,0,2023-05-29,2023-06-02,0,True,True
2023-06-09,2.2379999160766602,2.4849998950958252,2.1730000972747803,2.1730000972747803,5,0,0,2023-06-05,2023-06-09,0,True,True
2023-06-16,2.184999942779541,2.3320000171661377,2.1070001125335693,2.2860000133514404,5,0,0,2023-06-12,2023-06-16,0,True,True
2023-06-23,2.2839999198913574,2.3949999809265137,2.2579998970031738,2.2579998970031738,5,0,0,2023-06-19,2023-06-23,0,True,True
2023-06-30,2.2409999370574951,2.3480000495910645,2.1749999523162842,2.3020000457763672,5,0,0,2023-06-26,2023-06-30,0,True,True
2023-07-07,2.3380000591278076,2.372999906539917,2.2239999771118164,2.2899999618530273,5,0,0,2023-07-03,2023-07-07,0,True,True
2023-07-14,2.2709999084472656,2.5780000686645508,2.2590000629425049,2.5390000343322754,5,0,0,2023-07-10,2023-07-14,0,True,True
2023-07-21,2.5780000686645508,2.5899999141693115,2.4860000610351562,2.5269999504089355,5,0,0,2023-07-17,2023-07-21,0,True,True
2023-07-28,2.5209999084472656,2.6710000038146973,2.4609999656677246,2.5940001010894775,5,0,0,2023-07-24,2023-07-28,0,True,True
2023-08-04,2.6150000095367432,2.6649999618530273,2.4019999504089355,2.5309998989105225,5,0,0,2023-07-31,2023-08-04,0,True,True
2023-08-11,2.562000036239624,2.7760000228881836,2.4700000286102295,2.628000020980835,5,0,0,2023-08-07,2023-08-11,0,True,True
2023-08-18,2.6150000095367432,2.9089999198913574,2.5780000686645508,2.6019999980926514,4,0,0,2023-08-14,2023-08-18,0,True,True
2023-08-25,2.6349999904632568,2.690000057220459,2.494999885559082,2.5069999694824219,5,0,0,2023-08-21,2023-08-25,0,True,True
2023-09-01,2.5350000858306885,2.6719999313354492,2.5199999809265137,2.5350000858306885,5,0,0,2023-08-28,2023-09-01,0,True,True
2023-09-08,2.5499999523162842,2.5759999752044678,2.2320001125335693,2.3110001087188721,5,0,0,2023-09-04,2023-09-08,0,True,True
2023-09-15,2.3599998950958252,2.5090000629425049,2.3250000476837158,2.4920001029968262,5,0,0,2023-09-11,2023-09-15,0,True,True
2023-09-22,2.5,2.7899999618530273,2.4920001029968262,2.6519999504089355,5,0,0,2023-09-18,2023-09-22,0,True,True
2023-09-29,2.6770000457763672,2.750999927520752,2.3629999160766602,2.4149999618530273,5,0,0,2023-09-25,2023-09-29,0,True,True
2023-10-06,2.4159998893737793,2.6500000953674316,2.4110000133514404,2.6089999675750732,5,0,0,2023-10-02,2023-10-06,0,True,True
2023-10-13,2.5490000247955322,2.6760001182556152,2.375,2.5199999809265137,5,0,0,2023-10-09,2023-10-13,0,True,True
2023-10-20,2.5380001068115234,2.6140000820159912,2.372999906539917,2.372999906539917,5,0,0,2023-10-16,2023-10-20,0,True,True
2023-10-27,2.4100000858306885,2.4649999141693115,2.2780001163482666,2.4289999008178711,5,0,0,2023-10-23,2023-10-27,0,True,True
2023-11-03,2.4340000152587891,2.7239999771118164,2.3970000743865967,2.6579999923706055,5,0,0,2023-10-30,2023-11-03,0,True,True
2023-11-10,2.7000000476837158,2.7230000495910645,2.5339999198913574,2.6830000877380371,5,0,0,2023-11-06,2023-11-10,0,True,True
2023-11-17,2.7219998836517334,3.1730000972747803,2.7219998836517334,3.0499999523162842,5,0,0,2023-11-13,2023-11-17,0,True,True
2023-11-24,3.128000020980835,3.1579999923706055,2.8069999217987061,2.9839999675750732,5,0,0,2023-11-20,2023-11-24,0,True,True
2023-12-01,3.0099999904632568,3.184999942779541,2.9440000057220459,3.1400001049041748,5,0,0,2023-11-27,2023-12-01,0,True,True
2023-12-08,3.190000057220459,3.4440000057220459,3.1519999504089355,3.2709999084472656,5,0,0,2023-12-04,2023-12-08,0,True,True
2023-12-15,3.2799999713897705,3.4279999732971191,2.9690001010894775,2.9860000610351562,5,0,0,2023-12-11,2023-12-15,0,True,True
2023-12-22,2.9500000476837158,3.1170001029968262,2.9300000667572021,3.0710000991821289,5,0,0,2023-12-18,2023-12-22,0,True,True
2023-12-29,3.1089999675750732,3.1630001068115234,3.0399999618530273,3.0460000038146973,3,0,0,2023-12-27,2023-12-29,0,True,True
2024-01-05,3.062999963760376,3.3840000629425049,3.0590000152587891,3.3340001106262207,4,0,0,2024-01-02,2024-01-05,0,True,True
2024-01-12,3.3529999256134033,3.3980000019073486,3.1159999370574951,3.1649999618530273,5,0,0,2024-01-08,2024-01-12,0,True,True
2024-01-19,3.1099998950958252,3.25,3.0420000553131104,3.2400000095367432,5,0,0,2024-01-15,2024-01-19,0,True,True
2024-01-26,3.2790000438690186,3.4070000648498535,3.2279999256134033,3.2409999370574951,5,0,0,2024-01-22,2024-01-26,0,True,True
2024-02-02,3.2590000629425049,3.3320000171661377,3.1500000953674316,3.2269999980926514,5,0,0,2024-01-29,2024-02-02,0,True,True
2024-02-09,3.2679998874664307,3.6129999160766602,3.2320001125335693,3.5150001049041748,5,0,0,2024-02-05,2024-02-09,0,True,True
2024-02-16,3.559999942779541,3.7360000610351562,3.494999885559082,3.5239999294281006,5,0,0,2024-02-12,2024-02-16,0,True,True
2024-02-23,3.5239999294281006,3.7899999618530273,3.4479999542236328,3.7409999370574951,5,0,0,2024-02-19,2024-02-23,0,True,True
2024-03-01,3.7750000953674316,3.9560000896453857,3.6719999313354492,3.871999979019165,5,0,0,2024-02-26,2024-03-01,0,True,True
2024-03-08,3.9200000762939453,4.0149998664855957,3.8450000286102295,3.8580000400543213,5,0,0,2024-03-04,2024-03-08,0,True,True
2024-03-15,3.8159999847412109,4.2129998207092285,3.7219998836517334,4.179999828338623,5,0,0,2024-03-11,2024-03-15,0,True,True
2024-03-22,4.2259998321533203,4.4000000953674316,4.125999927520752,4.1589999198913574,5,0,0,2024-03-18,2024-03-22,0,True,True
2024-03-29,4.2270002365112305,4.3439998626708984,4.0770001411437988,4.1999998092651367,4,0,0,2024-03-25,2024-03-28,0,True,True
2024-04-05,4.190000057220459,4.2340002059936523,3.9630000591278076,4.0510001182556152,4,0,0,2024-04-02,2024-04-05,0,True,True
2024-04-12,4.0659999847412109,4.1960000991821289,3.9519999027252197,3.9830000400543213,5,0,0,2024-04-08,2024-04-12,0,True,True
2024-04-19,3.994999885559082,4.2140002250671387,3.937000036239624,4.1630001068115234,5,0,0,2024-04-15,2024-04-19,0,True,True
2024-04-26,4.2049999237060547,4.5069999694824219,4.1710000038146973,4.5069999694824219,5,0,0,2024-04-22,2024-04-26,0,True,True
2024-05-03,4.5300002098083496,4.8400001525878906,4.434999942779541,4.5450000762939453,4,0,0,2024-04-29,2024-05-03,0,True,True
2024-05-10,4.5890002250671387,4.7859997749328613,4.5250000953674316,4.7340002059936523,5,0,0,2024-05-06,2024-05-10,0,True,True
2024-05-17,4.7389998435974121,5.3639998435974121,4.6840000152587891,5.2940001487731934,5,0,0,2024-05-13,2024-05-17,0,True,True
2024-05-24,5.130000114440918,5.2300000190734863,4.9190001487731934,5.0339999198913574,5,0,0,2024-05-20,2024-05-24,0,True,True
2024-05-31,5.0339999198913574,5.2280001640319824,4.5850000381469727,4.940000057220459,5,0,0,2024-05-27,2024-05-31,0,True,True
2024-06-07,5,5.0199999809265137,4.6939997673034668,4.9060001373291016,5,0,0,2024-06-03,2024-06-07,0,True,True
2024-06-14,4.8619999885559082,4.9489998817443848,4.1690001487731934,4.3330001831054688,5,0,0,2024-06-10,2024-06-14,0,True,True
2024-06-21,4.3540000915527344,4.630000114440918,4.3169999122619629,4.4429998397827148,5,0,0,2024-06-17,2024-06-21,0,True,True
2024-06-28,4.4829998016357422,4.6599998474121094,4.3270001411437988,4.3850002288818359,5,0,0,2024-06-24,2024-06-28,0,True,True
2024-07-05,4.500999927520752,4.9970002174377441,4.4829998016357422,4.8369998931884766,5,0,0,2024-07-01,2024-07-05,0,True,True
2024-07-12,4.8559999465942383,5.0780000686645508,4.8270001411437988,4.940000057220459,5,0,0,2024-07-08,2024-07-12,0,True,True
2024-07-19,4.934999942779541,5.0199999809265137,4.7979998588562012,4.9159998893737793,5,0,0,2024-07-15,2024-07-19,0,True,True
2024-07-26,4.9499998092651367,5.1760001182556152,4.8730001449584961,4.9499998092651367,5,0,0,2024-07-22,2024-07-26,0,True,True
2024-08-02,4.9699997901916504,5.0859999656677246,4.4429998397827148,4.4790000915527344,5,0,0,2024-07-29,2024-08-02,0,True,True
2024-08-09,4.1100001335144043,5.0939998626708984,4.0999999046325684,5.0560002326965332,5,0,0,2024-08-05,2024-08-09,0,True,True
2024-08-16,5.0560002326965332,5.320000171661377,5.0359997749328613,5.25,4,0,0,2024-08-12,2024-08-16,0,True,True
2024-08-23,5.2480001449584961,5.320000171661377,5.1459999084472656,5.2280001640319824,5,0,0,2024-08-19,2024-08-23,0,True,True
2024-08-30,5.2020001411437988,5.3159999847412109,5.1420001983642578,5.2579998970031738,5,0,0,2024-08-26,2024-08-30,0,True,True
2024-09-06,5.2899999618530273,5.2899999618530273,4.8860001564025879,4.9120001792907715,5,0,0,2024-09-02,2024-09-06,0,True,True
2024-09-13,4.9380002021789551,5.0240001678466797,4.8080000877380371,5.0060000419616699,5,0,0,2024-09-09,2024-09-13,0,True,True
2024-09-20,4.9879999160766602,5.0419998168945312,4.8920001983642578,4.9710001945495605,5,0,0,2024-09-16,2024-09-20,0,True,True
2024-09-27,4.9800000190734863,5.3880000114440918,4.8689999580383301,5.3299999237060547,5,0,0,2024-09-23,2024-09-27,0,True,True
2024-10-04,5.2839999198913574,5.3000001907348633,4.7800002098083496,4.9380002021789551,5,0,0,2024-09-30,2024-10-04,0,True,True
2024-10-11,4.9739999771118164,5.4239997863769531,4.8990001678466797,5.3400001525878906,5,0,0,2024-10-07,2024-10-11,0,True,True
2024-10-18,5.380000114440918,5.4140000343322754,5.1880002021789551,5.4140000343322754,5,0,0,2024-10-14,2024-10-18,0,True,True
2024-10-25,5.4099998474121094,5.4419999122619629,4.9569997787475586,5.0479998588562012,5,0,0,2024-10-21,2024-10-25,0,True,True
2024-11-01,5.130000114440918,5.179999828338623,4.9879999160766602,5.1079998016357422,5,0,0,2024-10-28,2024-11-01,0,True,True
2024-11-08,5.1279997825622559,5.4520001411437988,4.9159998893737793,5.369999885559082,5,0,0,2024-11-04,2024-11-08,0,True,True
2024-11-15,5.4380002021789551,6.3299999237060547,5.2620000839233398,6.0180001258850098,5,0,0,2024-11-11,2024-11-15,0,True,True
2024-11-22,6.0659999847412109,6.1440000534057617,5.7639999389648438,5.9320001602172852,5,0,0,2024-11-18,2024-11-22,0,True,True
2024-11-29,6.0399999618530273,6.2199997901916504,5.7199997901916504,6.2199997901916504,5,0,0,2024-11-25,2024-11-29,0,True,True
2024-12-06,6.25,6.435999870300293,6.1719999313354492,6.3720002174377441,5,0,0,2024-12-02,2024-12-06,0,True,True
2024-12-13,6.4479999542236328,6.7899999618530273,6.2839999198913574,6.6700000762939453,5,0,0,2024-12-09,2024-12-13,0,True,True
2024-12-20,6.7199997901916504,6.814000129699707,6.3420000076293945,6.5760002136230469,5,0,0,2024-12-16,2024-12-20,0,True,True
2024-12-27,6.5900001525878906,6.6519999504089355,6.4800000190734863,6.6519999504089355,2,0,0,2024-12-23,2024-12-27,0,True,True
2025-01-03,6.6680002212524414,6.9039998054504395,6.5180001258850098,6.6479997634887695,3,0,0,2024-12-30,2025-01-03,0,True,True
2025-01-10,6.7100000381469727,7.1500000953674316,6.679999828338623,7.0539999008178711,5,0,0,2025-01-06,2025-01-10,0,True,True
2025-01-17,7.0580000877380371,7.1760001182556152,6.8779997825622559,7.0479998588562012,5,0,0,2025-01-13,2025-01-17,0,True,True
2025-01-24,7.0879998207092285,7.1960000991821289,6.2620000839233398,6.4920001029968262,5,0,0,2025-01-20,2025-01-24,0,True,True
2025-01-31,6.4279999732971191,6.5399999618530273,6.1560001373291016,6.2140002250671387,5,0,0,2025-01-27,2025-01-31,0,True,True
2025-02-07,6.119999885559082,6.4699997901916504,6.0900001525878906,6.375999927520752,5,0,0,2025-02-03,2025-02-07,0,True,True
2025-02-14,6.3979997634887695,6.4660000801086426,6.0780000686645508,6.1579999923706055,5,0,0,2025-02-10,2025-02-14,0,True,True
2025-02-21,6.1960000991821289,6.4499998092651367,6.1339998245239258,6.429999828338623,5,0,0,2025-02-17,2025-02-21,0,True,True
2025-02-28,6.429999828338623,7.1139998435974121,6.3639998435974121,6.9739999771118164,5,0,0,2025-02-24,2025-02-28,0,True,True
2025-03-07,7.0079998970031738,7.5279998779296875,6.8340001106262207,7.2140002250671387,5,0,0,2025-03-03,2025-03-07,0,True,True
2025-03-14,7.2760000228881836,7.2760000228881836,6.6539998054504395,7.2059998512268066,5,0,0,2025-03-10,2025-03-14,0,True,True
2025-03-21,7.2399997711181641,7.9279999732971191,7.1459999084472656,7.6040000915527344,5,0,0,2025-03-17,2025-03-21,0,True,True
2025-03-28,7.6939997673034668,7.8260002136230469,7.5560002326965332,7.6519999504089355,5,0,0,2025-03-24,2025-03-28,0,True,True
2025-04-04,7.5380001068115234,7.5560002326965332,6.0819997787475586,6.2480001449584961,5,0,0,2025-03-31,2025-04-04,0,True,True
2025-04-11,5.690000057220459,6.7259998321533203,5.5479998588562012,6.1779999732971191,5,0,0,2025-04-07,2025-04-11,0,True,True
2025-04-18,6.3340001106262207,6.7239999771118164,6.2690000534057617,6.5320000648498535,4,0,0,2025-04-14,2025-04-17,0,True,True
2025-04-25,6.570000171661377,7.2280001640319824,6.4730000495910645,7.1999998092651367,4,0,0,2025-04-22,2025-04-25,0,True,True
2025-05-02,7.2800002098083496,7.7839999198913574,7.2369999885559082,7.5789999961853027,4,0,0,2025-04-28,2025-05-02,0,True,True
2025-05-09,7.5900001525878906,7.9060001373291016,7.4260001182556152,7.7989997863769531,5,0,0,2025-05-05,2025-05-09,0,True,True
2025-05-16,7.9499998092651367,8.4230003356933594,7.7680001258850098,8.0749998092651367,5,0,0,2025-05-12,2025-05-16,0,True,True
2025-05-23,7.3400001525878906,7.6479997634887695,6.8619999885559082,7.2039999961853027,5,0,0,2025-05-19,2025-05-23,0,True,True
2025-05-30,7.3179998397827148,7.3530001640319824,7.119999885559082,7.2709999084472656,5,0,0,2025-05-26,2025-05-30,0,True,True
2025-06-06,7.249000072479248,7.3829998970031738,7.0320000648498535,7.2989997863769531,5,0,0,2025-06-02,2025-06-06,0,True,True
2025-06-13,7.3130002021789551,7.3429999351501465,6.9029998779296875,7.0100002288818359,5,0,0,2025-06-09,2025-06-13,0,True,True
2025-06-20,7.0260000228881836,7.1579999923706055,6.745999813079834,6.9010000228881836,5,0,0,2025-06-16,2025-06-20,0,True,True
2025-06-27,6.8649997711181641,7.4879999160766602,6.8239998817443848,7.1139998435974121,5,0,0,2025-06-23,2025-06-27,0,True,True
2025-07-04,7.1139998435974121,7.250999927520752,6.870999813079834,6.9200000762939453,5,0,0,2025-06-30,2025-07-04,0,True,True
2025-07-11,6.9479999542236328,7.2600002288818359,6.8550000190734863,6.9130001068115234,5,0,0,2025-07-07,2025-07-11,0,True,True
2025-07-18,6.809999942779541,7.0939998626708984,6.7800002098083496,7.0199999809265137,5,0,0,2025-07-14,2025-07-18,0,True,True
2025-07-25,7.0240001678466797,7.3229999542236328,6.8990001678466797,7.184999942779541,5,0,0,2025-07-21,2025-07-25,0,True,True
2025-08-01,7.2199997901916504,7.5809998512268066,7.1490001678466797,7.3119997978210449,5,0,0,2025-07-28,2025-08-01,0,True,True
2025-08-08,7.3639998435974121,8.0769996643066406,7.3369998931884766,8.060999870300293,5,0,0,2025-08-04,2025-08-08,0,True,True
2025-08-15,8.1000003814697266,8.2469997406005859,7.9520001411437988,8.1909999847412109,4,0,0,2025-08-11,2025-08-14,0,True,True
2025-08-22,8.2589998245239258,8.3690004348754883,8.0200004577636719,8.2980003356933594,5,0,0,2025-08-18,2025-08-22,0,True,True
2025-08-29,8.3599996566772461,8.5839996337890625,7.809999942779541,7.8429999351501465,5,0,0,2025-08-25,2025-08-29,0,True,True
2025-09-05,7.875,7.9619998931884766,7.1810002326965332,7.3330001831054688,5,0,0,2025-09-01,2025-09-05,0,True,True
2025-09-12,7.3400001525878906,8.3999996185302734,7.2750000953674316,8.3660001754760742,5,0,0,2025-09-08,2025-09-12,0,True,True
2025-09-19,8.4499998092651367,8.5,7.9130001068115234,7.9809999465942383,5,0,0,2025-09-15,2025-09-19,0,True,True
2025-09-26,7.9530000686645508,8.1700000762939453,7.6119999885559082,7.7249999046325684,5,0,0,2025-09-22,2025-09-26,0,True,True
2025-10-03,7.7600002288818359,7.8039999008178711,7.4499998092651367,7.5440001487731934,5,0,0,2025-09-29,2025-10-03,0,True,True
2025-10-10,7.5199999809265137,7.5669999122619629,7.1880002021789551,7.2010002136230469,5,0,0,2025-10-06,2025-10-10,0,True,True
2025-10-17,7.2049999237060547,7.3299999237060547,6.8369998931884766,6.9790000915527344,5,0,0,2025-10-13,2025-10-17,0,True,True
2025-10-24,7.1149997711181641,7.3080000877380371,6.945000171661377,7.0830001831054688,5,0,0,2025-10-20,2025-10-24,0,True,True
2025-10-31,7.25,7.6960000991821289,7.2100000381469727,7.5840001106262207,5,0,0,2025-10-27,2025-10-31,0,True,True
2025-11-07,7.5619997978210449,7.8070001602172852,7.3810000419616699,7.755000114440918,5,0,0,2025-11-03,2025-11-07,0,True,True
2025-11-14,7.9200000762939453,8.9040002822875977,7.9050002098083496,8.6840000152587891,5,0,0,2025-11-10,2025-11-14,0,True,True
2025-11-21,8.7200002670288086,8.8769998550415039,8.2869997024536133,8.4130001068115234,5,0,0,2025-11-17,2025-11-21,0,True,True
2025-11-28,8.5019998550415039,8.8090000152587891,8.0799999237060547,8.1529998779296875,5,0,0,2025-11-24,2025-11-28,0,True,True
2025-12-05,8.005000114440918,8.0670003890991211,7.4970002174377441,7.5910000801086426,5,0,0,2025-12-01,2025-12-05,0,True,True
2025-12-12,7.7800002098083496,8.2740001678466797,7.7430000305175781,8.1649999618530273,5,0,0,2025-12-08,2025-12-12,0,True,True
2025-12-19,8.2060003280639648,8.935999870300293,8.1780004501342773,8.9340000152587891,5,0,0,2025-12-15,2025-12-19,0,True,True
2025-12-26,8.9890003204345703,8.991999626159668,8.7360000610351562,8.875,2,0,0,2025-12-22,2025-12-23,0,True,True
2026-01-02,8.9189996719360352,9.4469995498657227,8.8380002975463867,9.3500003814697266,3,0,0,2025-12-29,2026-01-02,0,True,True
2026-01-09,9.4469995498657227,9.4530000686645508,8.8400001525878906,8.991999626159668,5,0,0,2026-01-05,2026-01-09,0,True,True
2026-01-16,9.0369997024536133,9.383000373840332,8.8100004196166992,8.8179998397827148,5,0,0,2026-01-12,2026-01-16,0,True,True
2026-01-23,8.6800003051757812,9.0959997177124023,8.6040000915527344,8.6909999847412109,5,0,0,2026-01-19,2026-01-23,0,True,True
2026-01-30,8.6999998092651367,8.8809995651245117,8.6210002899169922,8.7340002059936523,5,0,0,2026-01-26,2026-01-30,0,True,True
2026-02-06,8.6879997253417969,9.2829999923706055,8.6590003967285156,8.8999996185302734,5,0,0,2026-02-02,2026-02-06,0,True,True
2026-02-13,9.0290002822875977,9.1099996566772461,8.1210002899169922,8.194000244140625,5,0,0,2026-02-09,2026-02-13,0,True,True
2026-02-20,8.2790002822875977,8.8739995956420898,8.1079998016357422,8.7779998779296875,5,0,0,2026-02-16,2026-02-20,0,True,True
2026-02-27,8.8000001907348633,9.0340003967285156,8.2980003356933594,8.2980003356933594,5,0,0,2026-02-23,2026-02-27,0,True,True
2026-03-06,7.9499998092651367,8.194000244140625,6.9670000076293945,7.1640000343322754,5,0,0,2026-03-02,2026-03-06,0,True,True
2026-03-13,6.8720002174377441,7.6020002365112305,6.8480000495910645,7.1370000839233398,5,0,0,2026-03-09,2026-03-13,0,True,True
2026-03-20,7.1449999809265137,7.4200000762939453,6.9169998168945312,7.065000057220459,5,0,0,2026-03-16,2026-03-20,0,True,True
2026-03-27,6.9409999847412109,7.6669998168945312,6.8499999046325684,7.4970002174377441,5,0,0,2026-03-23,2026-03-27,0,True,True
2026-04-03,7.4800000190734863,7.6599998474121094,7.3010001182556152,7.3949999809265137,4,0,0,2026-03-30,2026-04-02,0,True,True
2026-04-10,7.4000000953674316,8.1669998168945312,7.3270001411437988,8.0799999237060547,4,0,0,2026-04-07,2026-04-10,0,True,True
2026-04-17,7.935999870300293,9.241999626159668,7.9149999618530273,9.1610002517700195,5,0,0,2026-04-13,2026-04-17,0,True,True
2026-04-24,9,9.3120002746582031,8.9130001068115234,8.9910001754760742,5,0,0,2026-04-20,2026-04-24,0,True,True
2026-05-01,9,9.2030000686645508,8.9270000457763672,9.0520000457763672,4,0,0,2026-04-27,2026-04-30,0,True,True
2026-05-08,9.119999885559082,9.4969997406005859,8.8579998016357422,9.3319997787475586,5,0,0,2026-05-04,2026-05-08,0,True,True
2026-05-15,9.3599996566772461,9.6899995803833008,9.0209999084472656,9.3710002899169922,5,0,0,2026-05-11,2026-05-15,0,True,True
2026-05-22,8.5810003280639648,8.9219999313354492,8.4370002746582031,8.7100000381469727,5,0,0,2026-05-18,2026-05-22,0,True,True
2026-05-29,8.7950000762939453,9.3400001525878906,8.7320003509521484,9.2279996871948242,5,0,0,2026-05-25,2026-05-29,0,True,True
2026-06-05,9.2279996871948242,9.2629995346069336,8.7519998550415039,8.9449996948242188,5,0,0,2026-06-01,2026-06-05,0,True,True
2026-06-12,9.8000001907348633,10.777999877929688,9.6420001983642578,10.715999603271484,5,0,0,2026-06-08,2026-06-12,0,True,True
2026-06-19,10.98799991607666,11.050000190734863,10.654000282287598,10.960000038146973,5,0,0,2026-06-15,2026-06-19,0,True,True
2026-06-26,10.970000267028809,10.98799991607666,10.72599983215332,10.815999984741211,5,0,0,2026-06-22,2026-06-26,0,True,True
2026-07-03,10.815999984741211,11.144000053405762,10.710000038146973,11.144000053405762,5,0,0,2026-06-29,2026-07-03,0,True,True
2026-07-10,11.25,11.350000381469727,10.779999732971191,11.267999649047852,5,0,0,2026-07-06,2026-07-10,0,True,True
2026-07-17,11.300000190734863,11.597999572753906,11.064000129699707,11.170000076293945,5,0,0,2026-07-13,2026-07-17,0,True,True
2026-07-24,11.156000137329102,11.645999908447266,11.156000137329102,11.62399959564209,5,0,0,2026-07-20,2026-07-24,0,True,True
2026-07-31,11.75,11.928000450134277,11.39799976348877,11.567999839782715,5,0,0,2026-07-27,2026-07-31,0,True,True
2026-08-07,11.420000076293945,12.083999633789062,11.420000076293945,11.899999618530273,5,0,0,2026-08-03,2026-08-07,0,True,True
2026-08-14,11.899999618530273,12.039999961853027,11.842000007629395,12.031999588012695,5,0,0,2026-08-10,2026-08-14,0,True,True
2026-08-21,12.057999610900879,12.083999633789062,11.472000122070312,11.571999549865723,5,0,0,2026-08-17,2026-08-21,0,True,True
2026-08-28,11.560000419616699,11.800000190734863,11.319999694824219,11.399999618530273,5,0,0,2026-08-24,2026-08-28,0,True,True
2026-09-04,11.390000343322754,11.631999969482422,11.302000045776367,11.61400032043457,5,0,0,2026-08-31,2026-09-04,0,True,True
