week,open,high,low,close,source_rows,bad_hlc,bad_ohlc,first_date,last_date,null_rows,valid_hlc,valid_ohlc
1999-06-25,213566245.06366333,215576278.24838415,206531111.38217425,213063728,1,0,0,1999-06-25,1999-06-25,0,False,False
1999-07-02,216078812.43149105,225626438.97750303,211556250.82405323,220601360,5,0,0,1999-06-28,1999-07-02,0,True,True
1999-07-09,223113912.59749067,223113912.59749067,211053694.81527919,217586304,5,0,0,1999-07-05,1999-07-09,0,True,True
1999-07-16,217586265.91047204,218591282.29256645,207033655.2773895,208038672,5,0,0,1999-07-12,1999-07-16,0,True,True
1999-07-23,210048665.5958313,210551182.62928581,199495993.77007407,207536128,5,0,0,1999-07-19,1999-07-23,0,True,True
1999-07-30,208038657.30322334,209546191.04812449,199998503.45209792,201003520,5,0,0,1999-07-26,1999-07-30,0,True,True
1999-08-06,205526082.12165385,205526082.12165385,195475939.794662,195978448,5,0,0,1999-08-02,1999-08-06,0,True,True
1999-08-13,198490944.84243399,203516080,193968394.93704429,203516080,5,0,0,1999-08-09,1999-08-13,0,True,True
1999-08-20,204018597.10908359,211556198.08455491,201506046.63360128,209043648.00000003,5,0,0,1999-08-16,1999-08-20,0,True,True
1999-08-27,208541142.50622886,213566224.99584743,207033638.08257809,209546191.99999997,5,0,0,1999-08-23,1999-08-27,0,True,True
1999-09-03,210048691.56060478,211053708.2167818,205023577.96359581,208038672,5,0,0,1999-08-30,1999-09-03,0,True,True
1999-09-10,210551182.62928581,211053700.78447944,203516073.60348716,208541168,5,0,0,1999-09-06,1999-09-10,0,True,True
1999-09-17,208541155.78259018,209546172.34449631,202008539.3627176,207536128,5,0,0,1999-09-13,1999-09-17,0,True,True
1999-09-24,207033641.97409445,208541175.72862539,201003516.50227585,201506016,5,0,0,1999-09-20,1999-09-24,0,True,True
1999-10-01,202511033.88962007,205526093.27993694,198993472,198993472,5,0,0,1999-09-27,1999-10-01,0,True,True
1999-10-08,198993491.90772441,202511041.14634478,197988437.99240738,199998512,5,0,0,1999-10-04,1999-10-08,0,True,True
1999-10-15,201003516.50227585,202511032.53041345,189948329.73972455,192460879.99999997,5,0,0,1999-10-11,1999-10-15,0,True,True
1999-10-22,193465891.82425734,193968391.3429358,183918220.72649589,190450832.00000003,5,0,0,1999-10-18,1999-10-22,0,True,True
1999-10-29,192460876.42726782,194470869.69831124,184420688.44002873,191455824.00000003,5,0,0,1999-10-25,1999-10-29,0,True,True
1999-11-05,191455848.51898631,192460875.25193447,185425722.99707091,185928240.00000003,4,0,0,1999-11-01,1999-11-05,1,True,True
1999-11-12,185425747.53446069,190953350.31258804,183918231.39611211,187938288,5,0,0,1999-11-08,1999-11-12,0,True,True
1999-11-19,187938291.90899867,191958348.01099697,185425737.8539694,187938288,5,0,0,1999-11-15,1999-11-19,0,True,True
1999-11-26,186430728.41128933,187938261.79570496,176883075.13275295,179395631.99999997,5,0,0,1999-11-22,1999-11-26,0,True,True
1999-12-03,178390636.45104995,185425720.45712742,175878093.3039034,184420704,5,0,0,1999-11-29,1999-12-03,0,True,True
1999-12-10,181405701.12484619,188943335.25276023,171355482.34703535,178390656,5,0,0,1999-12-06,1999-12-10,0,True,True
1999-12-17,177888128,182913227.55704015,176380611.74502355,177888128,5,0,0,1999-12-13,1999-12-17,0,True,True
1999-12-24,174370558.86173382,189445796.51095018,172360511.96250552,186933264,4,0,0,1999-12-20,1999-12-24,1,True,True
1999-12-31,194973393.48964339,203516026.94851896,190953357.37906477,194470912,4,0,0,1999-12-27,1999-12-31,1,True,True
2000-01-07,193968381.04896954,199998478.24174112,185928230.80973995,195475936,5,0,0,2000-01-03,2000-01-07,0,True,True
2000-01-14,193465893.00572819,194973409.10593569,180400686.54674569,189948320,5,0,0,2000-01-10,2000-01-14,0,True,True
2000-01-21,188943278.20699432,189948294.61828366,176380581.45476815,179395631.99999997,5,0,0,2000-01-17,2000-01-21,0,True,True
2000-01-28,178893132.14936814,180400665.83370286,166832947.71598136,168340464,5,0,0,2000-01-24,2000-01-28,0,True,True
2000-02-04,166832915.00369227,175375582.90944922,165827923.78173766,167335440,5,0,0,2000-01-31,2000-02-04,0,True,True
2000-02-11,166832960,178893139.92966256,162812818.59565732,169345472,5,0,0,2000-02-07,2000-02-11,0,True,True
2000-02-18,167837957.0960657,170853012.12135318,160802816,164822912,5,0,0,2000-02-14,2000-02-18,0,True,True
2000-02-25,166832933.07388157,174370559.99999997,163315369.64690545,169847984,5,0,0,2000-02-21,2000-02-25,0,True,True
2000-03-03,166832936.63424441,201003550.43552491,163817893.09472385,189445808,5,0,0,2000-02-28,2000-03-03,0,True,True
2000-03-10,190953364.5355038,195978448,175878112,175878112,5,0,0,2000-03-06,2000-03-10,0,True,True
2000-03-17,173365558.42410618,183918232.87884969,168340457.57589382,171858016,5,0,0,2000-03-13,2000-03-17,0,True,True
2000-03-24,173365542.29260072,180903195.9042944,169847987.51958919,177385616,5,0,0,2000-03-20,2000-03-24,0,True,True
2000-03-31,174370595.59619644,178390645.10830402,169847984,169847984,5,0,0,2000-03-27,2000-03-31,0,True,True
2000-04-07,170350497.40200359,181908203.43356803,165827937.94499257,177385616,5,0,0,2000-04-03,2000-04-07,0,True,True
2000-04-14,174873095.21914113,177385616,170853008,170853008,5,0,0,2000-04-10,2000-04-14,0,True,True
2000-04-21,163315372.10381681,170853005.74152943,163315372.10381681,169345472,4,0,0,2000-04-17,2000-04-21,1,True,True
2000-04-28,166832906.72419575,172360530.8040072,165827918.74670261,170853008,4,0,0,2000-04-24,2000-04-28,1,True,True
2000-05-05,169345465.70254105,173868083.63797238,169345465.70254105,173365584,4,0,0,2000-05-01,2000-05-05,1,True,True
2000-05-12,173365557.09495556,179395672.74300185,170350482.3145313,178390656,5,0,0,2000-05-08,2000-05-12,0,True,True
2000-05-19,178390637.72757158,188440794.95569465,175878087.3599413,183415712,5,0,0,2000-05-15,2000-05-19,0,True,True
2000-05-26,-4199727.6166163431,-4199728.6664527999,-4270114.9194171606,-4363963.5,5,5,5,2000-05-22,2000-05-26,0,False,False
2000-06-02,-4340500.8689480908,-4493005,-4504736.3549372954,-4645509.5,5,5,5,2000-05-29,2000-06-02,0,False,False
2000-06-09,-4610316.0787489787,-4668971.6443825644,-4610316.7775372211,-4680703,5,5,5,2000-06-05,2000-06-09,0,False,False
2000-06-16,-4657240.4216601867,-4692434.2780917929,-4692433.8430423001,-4751089,5,5,5,2000-06-12,2000-06-16,0,False,False
2000-06-23,-4645509.9141040118,-4774551.5150338039,-4727627.5556123583,-4821476,5,5,5,2000-06-19,2000-06-23,0,False,False
2000-06-30,-4668972.0458766464,-4809744.9242773727,-4868400.6902625868,-5044367,5,5,5,2000-06-26,2000-06-30,0,False,False
2000-07-07,-4997441.7899312582,-4962248,-4962248.6325362576,-4973979.5,5,5,5,2000-07-03,2000-07-07,0,False,False
2000-07-14,-4927055.143960516,-4927055.143960516,-4903593,-4903593,5,5,5,2000-07-10,2000-07-14,0,False,False
2000-07-21,-4973979.5,-4973979.5,-4927055.2114363406,-4973979.5,5,5,5,2000-07-17,2000-07-21,0,False,False
2000-07-28,-4915324.4872287354,-4962248.7771599935,-4915324.8532870775,-4915325,5,5,5,2000-07-24,2000-07-28,0,False,False
2000-08-04,-4903593.7216161899,-4927055.143960516,-4903593.9567259531,-5161678,5,5,5,2000-07-31,2000-08-04,0,False,False
2000-08-11,-5091291.091750822,-5361107.2925259322,-5337644.7795489626,-5376356.5,5,5,5,2000-08-07,2000-08-11,0,False,False
2000-08-18,-5361106.4918956012,-5431492.069772671,-5361106.0651545189,-5339989.5,4,4,4,2000-08-14,2000-08-18,1,False,False
2000-08-25,-5302450.5687008044,-5396299.1571449405,-5466685.4914419735,-5565226.5,5,5,5,2000-08-21,2000-08-25,0,False,False
2000-09-01,-5513610.5527747292,-5572265.7185423421,-5900735.4202710278,-5872581,5,5,5,2000-08-28,2000-09-01,0,False,False
2000-09-08,-5701306.5742927212,-6018045.7147105588,-6100164.1342883306,-6127145.5,5,5,5,2000-09-04,2000-09-08,0,False,False
2000-09-15,-6076702.8413801063,-5842080.2172249435,-6053240.6919551501,-5823310.5,5,5,5,2000-09-11,2000-09-15,0,False,False
2000-09-22,-5865543.1673808889,-5560534.1418798342,-5630921.2769438885,-5634441,5,5,5,2000-09-18,2000-09-22,0,False,False
2000-09-29,-5630920.5676573953,-5630920.5741737625,-5619189.5783208376,-5669633.5,5,5,5,2000-09-25,2000-09-29,0,False,False
2000-10-06,-5619189.7105294475,-5384568.4262455758,-5619189.7105294475,-5349375,5,5,5,2000-10-02,2000-10-06,0,False,False
2000-10-13,-5278988.5568632539,-5314181.3589188159,-5278988.5568632539,-5255526.5,5,5,5,2000-10-09,2000-10-13,0,False,False
2000-10-20,-5267257.9811480604,-5255525.3581209304,-5161678.1058833869,-5114752.5,5,5,5,2000-10-16,2000-10-20,0,False,False
2000-10-27,-5056096.287996036,-5114751.842685557,-5431492.2084061392,-5466686,5,5,5,2000-10-23,2000-10-27,0,False,False
2000-11-03,-5490147.4882422481,-5606285,-5736501.1932620406,-5677845,5,5,5,2000-10-30,2000-11-03,0,False,False
2000-11-10,-5642651.2289059814,-5736500.2154349182,-5806887.4249132881,-5850292.5,5,5,5,2000-11-06,2000-11-10,0,False,False
2000-11-17,-5701306.5794356838,-5818617.296482496,-5795155.2889203569,-5867889.5,5,5,5,2000-11-13,2000-11-17,0,False,False
2000-11-24,-5842079.5048299525,-5454954.8710585162,-5478416.0732653411,-5541766,5,5,5,2000-11-20,2000-11-24,0,False,False
2000-12-01,-5525340.7892003478,-5501879.2183524705,-5513610.6248491937,-5483109.5,5,5,5,2000-11-27,2000-12-01,0,False,False
2000-12-08,-5419761.2420001924,-5349374.06804433,-5290719.5605201423,-5361106,5,5,5,2000-12-04,2000-12-08,0,False,False
2000-12-15,-5431493.209551028,-5372836.2853213158,-5431491.7859250251,-5277814.5,5,5,5,2000-12-11,2000-12-15,0,False,False
2000-12-22,-5337643.6356593277,-5337643.6356593277,-5325913.125207372,-5431493,5,5,5,2000-12-18,2000-12-22,0,False,False
2000-12-29,-5349374.9224412404,-5466686.0686560357,-5396298.509440138,-5555841.5,3,3,3,2000-12-25,2000-12-29,2,False,False
2001-01-05,-5525340.0805480843,-5513609.5744384769,-5372836.3009953443,-5481935,4,4,4,2001-01-01,2001-01-05,1,False,False
2001-01-12,-5454954.7740203589,-5513610.3469527839,-5501878.2169354986,-5564053,5,5,5,2001-01-08,2001-01-12,0,False,False
2001-01-19,-5537071.9233046873,-5595726.864802816,-5713039.201276551,-5744713,5,5,5,2001-01-15,2001-01-19,0,False,False
2001-01-26,-5736500.9781715693,-5867889.5,-5867889.5,-5851466,5,5,5,2001-01-22,2001-01-26,0,False,False
2001-02-02,-5818618.6963223377,-5795155.1395704038,-5965256.5,-5723595.5,4,4,4,2001-01-29,2001-02-02,1,False,False
2001-02-09,-5642651.8595820097,-5630921.0051507903,-5630920.9908012059,-5519475.5,5,5,5,2001-02-05,2001-02-09,0,False,False
2001-02-16,-5548803.206719364,-5572265.1457662415,-5537071.7767660208,-5513610,5,5,5,2001-02-12,2001-02-16,0,False,False
2001-02-23,-5548803.5730389394,-5384567.5686935233,-5513610.5554322917,-5341162.5,5,5,5,2001-02-19,2001-02-23,0,False,False
2001-03-02,-5337643.8386077024,-5408030.7397970716,-5384568.3363755522,-5260219,5,5,5,2001-02-26,2001-03-02,0,False,False
2001-03-09,-5243795.5743422797,-5220333.650713631,-5208601.9281322062,-5071348,5,5,5,2001-03-05,2001-03-09,0,False,False
2001-03-16,-4985710.9316263236,-4680702.7273116913,-4809744.5055573443,-4563392,5,5,5,2001-03-12,2001-03-16,0,False,False
2001-03-23,-4516467.4280499406,-4281846.5,-4563391.6468325192,-4281846.5,5,5,5,2001-03-19,2001-03-23,0,False,False
2001-03-30,-4317039.4789885562,-4469543.6366254613,-4751089.7037415719,-4798014,5,5,5,2001-03-26,2001-03-30,0,False,False
2001-04-06,-4786284.0440139119,-4551660.6450627055,-4633779.847393333,-4620874.5,5,5,5,2001-04-02,2001-04-06,0,False,False
2001-04-13,-4598585.4363583326,-4668972.2885718159,-4633778.5572725674,-4737012,4,4,4,2001-04-09,2001-04-13,1,False,False
2001-04-20,-4680703.1397478776,-4786283.008308663,-4751088.9248644318,-4766340.5,4,4,4,2001-04-16,2001-04-20,1,False,False
2001-04-27,-4739358.2095904062,-4774551.2224677177,-4751089.4283990581,-4856669,5,5,5,2001-04-23,2001-04-27,0,False,False
2001-05-04,-4821476.0100685386,-4833207.2156391339,-4774551.7051832173,-4799187,4,4,4,2001-04-30,2001-05-04,1,False,False
2001-05-11,-4809744.6355978698,-4844938.0577629432,-5009173.3536919802,-5032635.5,5,5,5,2001-05-07,2001-05-11,0,False,False
2001-05-18,-4985711.2026288155,-5044366.5580401309,-4985712.1989951367,-4988057,5,5,5,2001-05-14,2001-05-18,0,False,False
2001-05-25,96831.6328125,102182.85877445665,93773.794865083546,100399.0859375,5,0,0,2001-05-21,2001-05-25,0,True,True
2001-06-01,100399.10348988665,104476.22660936126,99634.666788675473,102870.859375,5,0,0,2001-05-28,2001-06-01,0,True,True
2001-06-08,102692.47962837906,102947.30386929846,96831.631858316221,99379.828125,5,0,0,2001-06-04,2001-06-08,0,True,True
2001-06-15,98360.544448418223,99634.647944079319,94793.072028784707,97188.3828125,5,0,0,2001-06-11,2001-06-15,0,True,True
2001-06-22,97341.267534227081,97850.907166285993,92754.517517994449,95455.5859375,5,0,0,2001-06-18,2001-06-22,0,True,True
2001-06-29,95047.887813369045,97596.094947859019,93009.320933132258,95251.742187500015,5,0,0,2001-06-25,2001-06-29,0,True,True
2001-07-06,94793.063695417703,95557.518651758568,92499.704351099979,93060.3125,5,0,0,2001-07-02,2001-07-06,0,True,True
2001-07-13,93264.160057855726,93773.799742264862,85874.355188796515,87479.726562499985,5,0,0,2001-07-09,2001-07-13,0,True,True
2001-07-20,87912.928024113091,88167.747052163497,83835.800432382079,85441.171875,5,0,0,2001-07-16,2001-07-20,0,True,True
2001-07-27,85874.355446374117,90970.7578125,84600.255512170188,90970.7578125,5,0,0,2001-07-23,2001-07-27,0,True,True
2001-08-03,91480.419738434619,94793.079282103921,90715.941681858691,92499.6953125,5,0,0,2001-07-30,2001-08-03,0,True,True
2001-08-10,92754.505529927643,94028.612263459436,87658.121629800604,89288.968749999985,5,0,0,2001-08-06,2001-08-10,0,True,True
2001-08-17,88422.564267151727,90970.76227585884,86893.641618647889,87403.28125,4,0,0,2001-08-13,2001-08-17,1,True,True
2001-08-24,87403.283585427402,89696.655206176816,85364.714320221014,89263.46875,5,0,0,2001-08-20,2001-08-24,0,True,True
2001-08-31,88932.199580867295,89441.839158035524,85109.900506808393,87428.7734375,5,0,0,2001-08-27,2001-08-31,0,True,True
2001-09-07,87658.107275936331,87912.931542694612,79503.854693908535,81032.7734375,5,0,0,2001-09-03,2001-09-07,0,True,True
2001-09-14,80523.135662862522,82561.705935802165,68291.790490570245,75681.562500000015,5,0,0,2001-09-10,2001-09-14,0,True,True
2001-09-21,73897.813236048329,75936.375962134945,61411.636782986498,63705.01953125,5,0,0,2001-09-17,2001-09-21,0,True,True
2001-09-28,64979.12109375,71731.837454628578,64214.661630168259,70839.9765625,4,0,0,2001-09-24,2001-09-28,1,True,True
2001-10-05,72241.498111599474,73643.010211707617,65616.161306423761,67527.3203125,5,0,0,2001-10-01,2001-10-05,0,True,True
2001-10-12,66762.856038892642,73897.825839755387,65616.17355687778,71935.7109375,5,0,0,2001-10-08,2001-10-12,0,True,True
2001-10-19,70457.751953899424,72114.074823462637,67782.144559910739,71247.6875,5,0,0,2001-10-15,2001-10-19,0,True,True
2001-10-26,71349.610591932564,73770.40422954064,69183.663374542826,72394.3671875,5,0,0,2001-10-22,2001-10-26,0,True,True
2001-11-02,71349.615079263531,73133.358123816957,66635.455365117552,68750.4609375,5,0,0,2001-10-29,2001-11-02,0,True,True
2001-11-09,69438.465419200147,75554.153874381169,69438.465419200147,72012.15625,5,0,0,2001-11-05,2001-11-09,0,True,True
2001-11-16,71604.430595129947,79503.864618562438,67527.309596301129,78917.78125,5,0,0,2001-11-12,2001-11-16,0,True,True
2001-11-23,79249.048864423021,80013.503882051329,75681.562500000015,77567.234375,5,0,0,2001-11-19,2001-11-23,0,True,True
2001-11-30,77974.948203647407,80268.322235051906,73643.000420730168,74585.8359375,5,0,0,2001-11-26,2001-11-30,0,True,True
2001-12-07,74280.051224241193,78739.396076993493,72878.544430878101,74407.453125,5,0,0,2001-12-03,2001-12-07,0,True,True
2001-12-14,74407.468275494102,75171.927789476438,68291.78098651758,68954.3125,5,0,0,2001-12-10,2001-12-14,0,True,True
2001-12-21,68801.418132938852,71094.801543621186,66508.035197677891,69922.625,5,0,0,2001-12-17,2001-12-21,0,True,True
2001-12-28,69311.055719965312,72623.736574119044,68801.416127430639,71349.6328125,2,0,0,2001-12-24,2001-12-28,3,True,True
2002-01-04,71094.79551135395,72878.538561725421,69693.280159429836,70253.8828125,3,0,0,2001-12-31,2002-01-04,2,True,True
2002-01-11,71859.255022444209,73388.187635138864,69820.695127705039,71094.8046875,5,0,0,2002-01-07,2002-01-11,0,True,True
2002-01-18,70839.974497569376,73388.190531215281,68546.594869439155,73337.2265625,5,0,0,2002-01-14,2002-01-18,0,True,True
2002-01-25,73388.184097304271,76191.193714950365,71604.440902695729,76114.75,5,0,0,2002-01-21,2002-01-25,0,True,True
2002-02-01,76446.021094896554,78229.760687740476,72878.532147025297,75477.703125,5,0,0,2002-01-28,2002-02-01,0,True,True
2002-02-08,75681.559828100086,75808.971957216272,70330.349985347464,72751.125,5,0,0,2002-02-04,2002-02-08,0,True,True
2002-02-15,73643.008453891176,74917.091247057426,70075.526754687307,73388.1875,5,0,0,2002-02-11,2002-02-15,0,True,True
2002-02-22,73388.176960961486,74534.868267996746,69693.286631169889,71604.4453125,5,0,0,2002-02-18,2002-02-22,0,True,True
2002-03-01,72368.900102115775,76191.19942895649,70330.337218953835,75961.859375,5,0,0,2002-02-25,2002-03-01,0,True,True
2002-03-08,76955.665098336074,79758.694503315783,76446.025462103134,78739.40625,5,0,0,2002-03-04,2002-03-08,0,True,True
2002-03-15,78229.749089123783,84600.272472460158,77720.109522296902,84090.6328125,5,0,0,2002-03-11,2002-03-15,0,True,True
2002-03-22,82561.706012333903,84600.263134756198,80268.323351717016,82281.3984375,5,0,0,2002-03-18,2002-03-22,0,True,True
2002-03-29,82052.069372877071,86638.810325368438,80268.331798275598,85619.53125,4,0,0,2002-03-25,2002-03-29,1,True,True
2002-04-05,84855.067497521144,86129.1796875,83071.336374461986,84014.171875,4,0,0,2002-04-01,2002-04-05,1,True,True
2002-04-12,83835.800635210646,90970.771494270273,81287.602575572339,89951.4921875,5,0,0,2002-04-08,2002-04-12,0,True,True
2002-04-19,89951.479442718133,91735.207708999107,86893.633063751447,90206.2890625,5,0,0,2002-04-15,2002-04-19,0,True,True
2002-04-26,90461.123164199438,98870.176054053692,89696.659311492651,96398.421875,5,0,0,2002-04-22,2002-04-26,0,True,True
2002-05-03,96321.985290481185,96321.985290481185,89441.834185203057,91251.078125,4,0,0,2002-04-29,2002-05-03,1,True,True
2002-05-10,91735.2265625,92754.514761556289,86129.177660321147,88244.1796875,5,0,0,2002-05-06,2002-05-10,0,True,True
2002-05-17,87403.289514569871,95047.884112487343,87403.289514569871,92321.3203125,5,0,0,2002-05-13,2002-05-17,0,True,True
2002-05-24,93378.356487505356,93378.356487505356,90755.371516753614,91201.28125,5,0,0,2002-05-20,2002-05-24,0,True,True
2002-05-31,91279.982346431832,95214.4765625,89706.191125437443,95214.4765625,5,0,0,2002-05-27,2002-05-31,0,True,True
2002-06-07,94689.87591668297,96001.373288294082,88132.399904443067,90860.3046875,5,0,0,2002-06-03,2002-06-07,0,True,True
2002-06-14,91017.68707284244,91804.570882870219,81574.929389501558,83489.7109375,5,0,0,2002-06-10,2002-06-14,0,True,True
2002-06-21,83148.73501997198,86820.904897320201,81050.330120753177,82597.8984375,5,0,0,2002-06-17,2002-06-21,0,True,True
2002-06-28,81837.227926464198,86820.917690613816,78689.645405288044,86375.0078125,5,0,0,2002-06-24,2002-06-28,0,True,True
2002-07-05,85771.716842898517,90230.79697939707,82361.829330790788,86689.757812500015,5,0,0,2002-07-01,2002-07-05,0,True,True
2002-07-12,86558.621017831523,88394.707667512717,80525.729719824463,80788.0390625,5,0,0,2002-07-08,2002-07-12,0,True,True
2002-07-19,80788.037093663486,84460.220144697858,77115.857739138068,79214.25,5,0,0,2002-07-15,2002-07-19,0,True,True
2002-07-26,78689.647214779019,79214.24431370497,69509.183122333066,74414.171875,5,0,0,2002-07-22,2002-07-26,0,True,True
2002-08-02,74492.868268047911,78558.49309146349,73181.360548287441,74466.6328125,5,0,0,2002-07-29,2002-08-02,0,True,True
2002-08-09,74755.167813713691,78951.94555775242,71738.721333004389,78558.5,5,0,0,2002-08-05,2002-08-09,0,True,True
2002-08-16,78165.048203922779,80263.428265668044,76591.253696190543,79607.6796875,4,0,0,2002-08-12,2002-08-16,1,True,True
2002-08-23,79738.843039852087,83148.712950124318,79214.245930220743,81050.3359375,5,0,0,2002-08-19,2002-08-23,0,True,True
2002-08-30,80788.027950812117,83148.724994156699,74492.868268047911,75542.0625,5,0,0,2002-08-26,2002-08-30,0,True,True
2002-09-06,74624.016685489361,76853.556759231142,70033.778987256621,73181.3671875,5,0,0,2002-09-02,2002-09-06,0,True,True
2002-09-13,72525.615771015306,74492.86828672199,69509.19773440405,70820.6953125,5,0,0,2002-09-09,2002-09-13,0,True,True
2002-09-20,70820.690642236412,72263.323087286524,63738.615111478211,64918.9609375,5,0,0,2002-09-16,2002-09-20,0,True,True
2002-09-27,65705.8543481206,65705.8543481206,56525.389765092943,56918.839843749993,5,0,0,2002-09-23,2002-09-27,0,True,True
2002-10-04,56131.935744573057,56394.238829549337,48918.730842117584,49967.9296875,5,0,0,2002-09-30,2002-10-04,0,True,True
2002-10-11,48918.730084424256,54164.707926781812,45377.688754915253,53771.2578125,5,0,0,2002-10-07,2002-10-11,0,True,True
2002-10-18,54033.558434928767,60066.42541832562,52590.914062500007,59148.382812499993,5,0,0,2002-10-14,2002-10-18,0,True,True
2002-10-25,59541.836440037783,63082.858039252154,56525.39336817115,59672.98046875,5,0,0,2002-10-21,2002-10-25,0,True,True
2002-11-01,60197.575394216357,61509.068065508414,56525.394531464415,57312.289062500007,4,0,0,2002-10-28,2002-11-01,1,True,True
2002-11-08,58623.781440028106,61640.223333073554,51672.862476090319,53902.40234375,5,0,0,2002-11-04,2002-11-08,0,True,True
2002-11-15,53771.252857881038,54558.1484375,51148.267738820905,52171.234375,5,0,0,2002-11-11,2002-11-15,0,True,True
2002-11-22,52066.313284358919,55607.347775885792,50623.671173790863,54610.61328125,5,0,0,2002-11-18,2002-11-22,0,True,True
2002-11-29,55476.202076781898,63869.76876196896,54820.45339528496,63738.6171875,5,0,0,2002-11-25,2002-11-29,0,True,True
2002-12-06,64132.0624192549,64132.0624192549,56263.094497919134,58859.847656250007,5,0,0,2002-12-02,2002-12-06,0,True,True
2002-12-13,59279.52979485882,64000.902726859662,57968.037089080819,61141.851562500007,5,0,0,2002-12-09,2002-12-13,0,True,True
2002-12-20,60459.881966645997,63345.166073551314,58492.636678076669,61692.683593749993,5,0,0,2002-12-16,2002-12-20,0,True,True
2002-12-27,62295.967413849277,62558.265963878475,59410.69140625,59410.69140625,2,0,0,2002-12-23,2002-12-27,3,True,True
2003-01-03,59017.232923569572,63082.860681949627,58361.484263907478,62138.5859375,3,0,0,2002-12-30,2003-01-03,2,True,True
2003-01-10,62951.716518405847,64000.915004063194,60066.435359158233,63371.3984375,5,0,0,2003-01-06,2003-01-10,0,True,True
2003-01-17,64263.204127365701,65574.701358032791,59672.986585684004,59935.28515625,5,0,0,2003-01-13,2003-01-17,0,True,True
2003-01-24,59804.140167644182,60722.187553928503,56656.54131679119,56918.839843749993,5,0,0,2003-01-20,2003-01-24,0,True,True
2003-01-31,56394.251151504737,57705.739837120404,53902.406728383983,55240.128906249993,5,0,0,2003-01-27,2003-01-31,0,True,True
2003-02-07,56263.093669479225,57443.439380019969,53902.401002286511,54584.38671875,5,0,0,2003-02-03,2003-02-07,0,True,True
2003-02-14,54427.008564295989,56131.952149407545,52328.615501734617,55922.113281250007,5,0,0,2003-02-10,2003-02-14,0,True,True
2003-02-21,56394.25392302862,58754.93134756192,56263.089011418619,57653.273437500007,5,0,0,2003-02-17,2003-02-21,0,True,True
2003-02-28,57574.58325798883,57705.743863500917,54295.852421762647,57679.51171875,5,0,0,2003-02-24,2003-02-28,0,True,True
2003-03-07,57312.293727305805,57705.743863500917,51672.867785482391,52800.75390625,5,0,0,2003-03-03,2003-03-07,0,True,True
2003-03-14,52722.061798775117,56131.949456066744,50492.522336938549,55974.570312500007,5,0,0,2003-03-10,2003-03-14,0,True,True
2003-03-21,54295.86210246104,59935.28024550985,53902.41193608808,59725.441406249993,5,0,0,2003-03-17,2003-03-21,0,True,True
2003-03-28,59017.237411016948,59148.388983496872,53115.506727476801,56761.46875,5,0,0,2003-03-24,2003-03-28,0,True,True
2003-04-04,54951.598494706632,63738.607742011729,54033.551363946855,59830.35546875,5,0,0,2003-03-31,2003-04-04,0,True,True
2003-04-11,61377.919383270579,63607.459150812996,60853.310580066849,62951.703125,5,0,0,2003-04-07,2003-04-11,0,True,True
2003-04-18,62558.26144671841,68197.689165457268,62295.962915629068,67935.390625,4,0,0,2003-04-14,2003-04-18,1,True,True
2003-04-25,66886.194459262857,68722.29268945285,66755.04290474455,67804.25,3,0,0,2003-04-21,2003-04-25,2,True,True
2003-05-02,65836.996138469898,68853.435462957423,65181.247560491109,68433.7578125,4,0,0,2003-04-28,2003-05-02,1,True,True
2003-05-09,68591.143519950318,73050.223560815619,67541.934003581991,68984.578125,5,0,0,2003-05-05,2003-05-09,0,True,True
2003-05-16,69246.890590454655,69771.478419230945,66623.909656230477,69430.4921875,5,0,0,2003-05-12,2003-05-16,0,True,True
2003-05-23,68244.337537660918,68244.337537660918,63234.340345651843,64534.238281249993,5,0,0,2003-05-19,2003-05-23,0,True,True
2003-05-30,64452.986252893148,68921.375,63234.347229747276,68921.375,5,0,0,2003-05-26,2003-05-30,0,True,True
2003-06-06,68515.157730958905,69056.778970932661,65942.464040539649,66511.1640625,5,0,0,2003-06-02,2003-06-06,0,True,True
2003-06-13,66484.08164884735,69869.222788077284,65942.460360561905,66998.625,5,0,0,2003-06-09,2003-06-13,0,True,True
2003-06-20,66890.297271336924,71087.870506276595,65942.46235070788,67892.2890625,5,0,0,2003-06-16,2003-06-20,0,True,True
2003-06-27,67973.536263778602,68379.749829925146,65942.454258190104,67161.1015625,5,0,0,2003-06-23,2003-06-27,0,True,True
2003-07-04,66890.289186001915,67161.099805583595,62963.545026135165,64913.375,5,0,0,2003-06-30,2003-07-04,0,True,True
2003-07-11,65671.648146953739,67025.699384577951,64046.781432817705,65102.945312500007,5,0,0,2003-07-07,2003-07-11,0,True,True
2003-07-18,65265.435207522583,66213.274879972552,64046.775231474428,65373.757812500007,5,0,0,2003-07-14,2003-07-18,0,True,True
2003-07-25,64994.606970312685,65942.445340968537,64046.767554197511,65238.34765625,5,0,0,2003-07-21,2003-07-25,0,True,True
2003-08-01,65807.037063150754,67431.914855963958,65265.424361280398,65400.832031250007,5,0,0,2003-07-28,2003-08-01,0,True,True
2003-08-08,66077.865705487216,66077.865705487216,61338.676710463558,62719.804687499993,5,0,0,2003-08-04,2003-08-08,0,True,True
2003-08-15,62963.528868732647,64317.598386119505,62015.689397497263,63965.546875,4,0,0,2003-08-11,2003-08-15,1,True,True
2003-08-22,63640.564236587779,66619.475289419192,63640.564236587779,65536.234375,5,0,0,2003-08-18,2003-08-22,0,True,True
2003-08-29,65400.832031250007,65942.46048760353,63640.563603844937,64723.81640625,5,0,0,2003-08-25,2003-08-29,0,True,True
2003-09-05,64723.804229348476,68650.55488858842,63775.970605335548,67296.5078125,5,0,0,2003-09-01,2003-09-05,0,True,True
2003-09-12,67431.906730409188,68650.562371639098,64994.62313160616,66213.2734375,5,0,0,2003-09-08,2003-09-12,0,True,True
2003-09-19,66348.672306459819,70140.031293926135,65671.648075495861,69462.9921875,5,0,0,2003-09-15,2003-09-19,0,True,True
2003-09-26,68650.560917141789,69192.182158998505,64994.619477851782,65671.6484375,5,0,0,2003-09-22,2003-09-26,0,True,True
2003-10-03,65536.240755589446,66213.27158401208,63369.74198576418,65942.4609375,5,0,0,2003-09-29,2003-10-03,0,True,True
2003-10-10,65400.839644475847,67567.320644155916,64994.621312231538,67161.1015625,5,0,0,2003-10-06,2003-10-10,0,True,True
2003-10-17,67296.503790513365,69598.405825224836,67025.693185770055,68379.7421875,5,0,0,2003-10-13,2003-10-17,0,True,True
2003-10-24,68515.1640625,68785.974707512709,66077.865747977339,66077.8671875,5,0,0,2003-10-20,2003-10-24,0,True,True
2003-10-31,66348.674150269362,70275.428768308018,66077.863505367583,69462.9921875,5,0,0,2003-10-27,2003-10-31,0,True,True
2003-11-07,69327.583635436924,71629.484704977818,69327.583635436924,71223.2578125,5,0,0,2003-11-03,2003-11-07,0,True,True
2003-11-14,71358.667373009492,71764.880916432681,67973.538734302449,69056.78125,5,0,0,2003-11-10,2003-11-14,0,True,True
2003-11-21,68515.159992151224,71494.074823033021,68108.941686288599,71358.671875,5,0,0,2003-11-17,2003-11-21,0,True,True
2003-11-28,71223.271195350608,74473.004110765658,71223.271195350608,74202.1796875,5,0,0,2003-11-24,2003-11-28,0,True,True
2003-12-05,74066.783535161856,76233.277561544062,73389.75605704372,75691.65625,5,0,0,2003-12-01,2003-12-05,0,True,True
2003-12-12,76233.264938973574,77181.104439710354,72171.107590394051,73389.7578125,4,0,0,2003-12-08,2003-12-12,1,True,True
2003-12-19,74473.014369689816,74743.825056127782,70817.058382623378,72848.140625,5,0,0,2003-12-15,2003-12-19,0,True,True
2003-12-26,71494.081157639768,72577.328462642952,66348.675966705327,68785.9765625,2,0,0,2003-12-22,2003-12-26,3,True,True
2004-01-02,68515.161410679284,69462.996269062423,67838.125,68244.34375,3,0,0,2003-12-29,2004-01-02,2,True,True
2004-01-09,68515.152448212961,68650.556814229945,64452.990060987424,67838.125,4,0,0,2004-01-05,2004-01-09,1,True,True
2004-01-16,67025.697643141801,69869.213136773164,67025.697643141801,69056.78125,5,0,0,2004-01-12,2004-01-16,0,True,True
2004-01-23,69327.598878079079,70140.030846873487,68244.350776148072,68921.375,5,0,0,2004-01-19,2004-01-23,0,True,True
2004-01-30,69056.775331784287,73389.75919336472,68650.557060734864,70546.2421875,5,0,0,2004-01-26,2004-01-30,0,True,True
2004-02-06,70410.837750722189,71358.681162541412,68650.558929221443,70140.0234375,5,0,0,2004-02-02,2004-02-06,0,True,True
2004-02-13,70140.014216496827,72848.136460579088,70004.611282945087,70817.046875,5,0,0,2004-02-09,2004-02-13,0,True,True
2004-02-20,71087.857716092578,74202.189718919908,70952.45004984655,72441.921875,5,0,0,2004-02-16,2004-02-20,0,True,True
2004-02-27,72441.925549298816,73525.16820070117,69869.207389258881,71087.859375,5,0,0,2004-02-23,2004-02-27,0,True,True
2004-03-05,71629.482332576503,71629.482332576503,69192.18202402383,70817.046875,5,0,0,2004-03-01,2004-03-05,0,True,True
2004-03-12,70817.056120978494,71358.6774049878,66348.668723783616,67702.7265625,5,0,0,2004-03-08,2004-03-12,0,True,True
2004-03-19,67431.912388369296,67431.912388369296,63234.355355853062,64723.81640625,5,0,0,2004-03-15,2004-03-19,0,True,True
2004-03-26,64182.181369827209,65400.839828739088,62286.502355662269,64046.78125,5,0,0,2004-03-22,2004-03-26,0,True,True
2004-04-02,64182.195065187989,66754.894745685597,63640.561751021756,66213.2734375,5,0,0,2004-03-29,2004-04-02,0,True,True
2004-04-09,66348.671525742262,69192.185634531212,66348.671525742262,68921.375,4,0,0,2004-04-05,2004-04-09,1,True,True
2004-04-16,69192.180155394381,70140.019663672938,67973.533143350302,68244.34375,4,0,0,2004-04-12,2004-04-16,1,True,True
2004-04-23,68379.748112279121,72035.696065069045,67567.316275441757,71358.671875,5,0,0,2004-04-19,2004-04-23,0,True,True
2004-04-30,71494.079984431257,72577.327271658505,69598.393032386972,70410.828125,5,0,0,2004-04-26,2004-04-30,0,True,True
2004-05-07,70546.241741461854,70681.644692814429,66890.28996928937,67702.7265625,5,0,0,2004-05-03,2004-05-07,0,True,True
2004-05-14,66348.6640625,69462.996269062423,65807.043101949297,68921.375,5,0,0,2004-05-10,2004-05-14,0,True,True
2004-05-21,67973.538951315437,68515.160210893402,66213.270772685515,67973.53125,5,0,0,2004-05-17,2004-05-21,0,True,True
2004-05-28,68100.884858986916,70315.546875,67962.472271509658,70315.546875,5,0,0,2004-05-24,2004-05-28,0,True,True
2004-06-04,70038.704345713617,71699.708654146947,68516.122770427755,70869.2109375,4,0,0,2004-05-31,2004-06-04,1,True,True
2004-06-11,71561.300219254568,72114.96672326776,70315.555525101721,71284.4609375,5,0,0,2004-06-07,2004-06-11,0,True,True
2004-06-18,70869.2109375,72807.036754179324,70730.792236382375,71838.1328125,5,0,0,2004-06-14,2004-06-18,0,True,True
2004-06-25,72253.3671875,73637.536780509952,71699.70209372825,73222.28125,5,0,0,2004-06-21,2004-06-25,0,True,True
2004-07-02,73637.53125,74052.782492827537,70869.213194404976,71699.7109375,5,0,0,2004-06-28,2004-07-02,0,True,True
2004-07-09,71561.3046875,72114.969908561397,70177.130593387948,71146.046875,5,0,0,2004-07-05,2004-07-09,0,True,True
2004-07-16,70869.207757406388,71284.454182086833,68654.548749582566,69208.21875,5,0,0,2004-07-12,2004-07-16,0,True,True
2004-07-23,69208.220233653323,69623.465212788316,67547.209698240578,67962.4609375,5,0,0,2004-07-19,2004-07-23,0,True,True
2004-07-30,67962.474552404296,69346.633930802505,67131.9765625,68792.96875,5,0,0,2004-07-26,2004-07-30,0,True,True
2004-08-06,68654.550221366575,69069.802654177198,66716.725415084627,67270.390625,5,0,0,2004-08-02,2004-08-06,0,True,True
2004-08-13,66993.538847857548,67408.795967640122,64502.065998412734,64917.3125,5,0,0,2004-08-09,2004-08-13,0,True,True
2004-08-20,64778.889732190182,66439.891763695123,64363.638457488618,65332.550781249993,5,0,0,2004-08-16,2004-08-20,0,True,True
2004-08-27,65747.803399683282,67131.975680199059,65470.970817812056,66578.2890625,5,0,0,2004-08-23,2004-08-27,0,True,True
2004-09-03,66439.891763695123,69069.80134040126,65609.377407753302,68792.96875,5,0,0,2004-08-30,2004-09-03,0,True,True
2004-09-10,68931.375868101022,69623.459691221477,65886.2265625,66439.875,5,0,0,2004-09-06,2004-09-10,0,True,True
2004-09-17,66439.884080385469,66716.728915427666,64917.302538164797,66301.4609375,5,0,0,2004-09-13,2004-09-17,0,True,True
2004-09-24,66439.896295945742,66578.310190676508,65194.142645996064,65886.2265625,5,0,0,2004-09-20,2004-09-24,0,True,True
2004-10-01,65747.802229291599,66439.888570743948,63533.136753755731,66163.0546875,5,0,0,2004-09-27,2004-10-01,0,True,True
2004-10-08,66301.468563425733,67131.972453987895,65332.554878445873,66024.6328125,5,0,0,2004-10-04,2004-10-08,0,True,True
2004-10-15,65747.803399683282,66716.719851242451,65470.975246593625,66163.0546875,5,0,0,2004-10-11,2004-10-15,0,True,True
2004-10-22,66024.640447788741,66578.293487530231,64640.47433832557,65609.3984375,5,0,0,2004-10-18,2004-10-22,0,True,True
2004-10-29,64502.0546875,65747.797930183558,64086.803428709849,64778.890625,5,0,0,2004-10-25,2004-10-29,0,True,True
2004-11-05,65332.565818018084,66439.891763695123,65194.147093266918,65747.8046875,4,0,0,2004-11-01,2004-11-05,1,True,True
2004-11-12,65609.394995253882,67962.477735849738,65470.976277764959,66993.546875,5,0,0,2004-11-08,2004-11-12,0,True,True
2004-11-19,67131.971139059169,68792.952680137038,66024.628387469755,66855.125,5,0,0,2004-11-15,2004-11-19,0,True,True
2004-11-26,66855.130739500455,68654.532224632014,66578.293359981384,67547.2265625,5,0,0,2004-11-22,2004-11-26,0,True,True
2004-12-03,67824.034668933979,70038.708801883084,67547.202150367972,69623.453125,5,0,0,2004-11-29,2004-12-03,0,True,True
2004-12-10,69208.22557130018,71146.057229611673,69069.806850048044,70177.140625,4,0,0,2004-12-06,2004-12-10,1,True,True
2004-12-17,70453.960748227779,70592.391812398768,68792.956521308719,69069.7890625,5,0,0,2004-12-13,2004-12-17,0,True,True
2004-12-24,68931.373752866275,73637.532299145532,68654.550221366575,73083.8671875,4,0,0,2004-12-20,2004-12-24,1,True,True
2004-12-31,73499.122715825099,74052.787859708507,72253.373917160017,72668.625,4,0,0,2004-12-27,2004-12-31,1,True,True
2005-01-07,72668.618422838379,73083.874814847208,71422.881507621874,72945.4609375,4,0,0,2005-01-03,2005-01-07,1,True,True
2005-01-14,72945.458665778642,73222.291241871528,68654.537835703552,69346.625,5,0,0,2005-01-10,2005-01-14,0,True,True
2005-01-21,69623.466705343497,69900.299296476922,67131.980049586738,67824.0390625,5,0,0,2005-01-17,2005-01-21,0,True,True
2005-01-28,67547.21305187956,68654.543304856736,67270.377148740692,68100.8671875,5,0,0,2005-01-24,2005-01-28,0,True,True
2005-02-04,68239.300235622373,69969.496605974549,67893.258307020413,69692.6640625,5,0,0,2005-01-31,2005-02-04,0,True,True
2005-02-11,70038.715393302395,71215.256228832484,69485.040862398848,71146.046875,5,0,0,2005-02-07,2005-02-11,0,True,True
2005-02-18,71422.873213317915,71561.298167975096,69831.081504811053,70938.421875,5,0,0,2005-02-14,2005-02-18,0,True,True
2005-02-25,71076.827562178165,71422.862167861167,68654.539157600666,71076.8203125,5,0,0,2005-02-21,2005-02-25,0,True,True
2005-03-04,71146.046875,72945.450969724247,69900.291383119737,72391.7890625,5,0,0,2005-02-28,2005-03-04,0,True,True
2005-03-11,72253.362782491546,73014.655862528947,70177.123942913153,70730.7890625,5,0,0,2005-03-07,2005-03-11,0,True,True
2005-03-18,70661.590581731594,71699.715410803095,69623.45862842568,71422.8828125,5,0,0,2005-03-14,2005-03-18,0,True,True
2005-03-25,70523.179273094036,70523.179273094036,68377.699361687104,69277.40625,4,0,0,2005-03-21,2005-03-25,1,True,True
2005-04-01,69415.8488231581,73499.121824301663,69346.639462532039,73360.703125,4,0,0,2005-03-28,2005-04-01,1,True,True
2005-04-08,73360.707399561419,78551.327654766996,72461.000291735298,76821.1171875,5,0,0,2005-04-04,2005-04-08,0,True,True
2005-04-15,76682.704702694566,81042.812585757798,76405.872112722092,77582.40625,5,0,0,2005-04-11,2005-04-15,0,True,True
2005-04-22,76682.700262566155,77720.822631349278,75090.911408420317,76405.8671875,5,0,0,2005-04-18,2005-04-22,0,True,True
2005-04-29,76475.077819354789,76475.077819354789,74537.236533739764,75021.703125,4,0,0,2005-04-25,2005-04-29,1,True,True
2005-05-06,75367.74574708681,83188.269513545514,75160.11769686066,82496.1953125,5,0,0,2005-05-02,2005-05-06,0,True,True
2005-05-13,82773.014514317154,84364.813897000538,80004.687704854659,84295.609375,5,0,0,2005-05-09,2005-05-13,0,True,True
2005-05-20,84295.60373534984,86025.803620594568,80419.939611848895,84780.0546875,5,0,0,2005-05-16,2005-05-20,0,True,True
2005-05-27,84737.345722707687,85734.252164452162,83099.559301437039,83882.8359375,5,0,0,2005-05-23,2005-05-27,0,True,True
2005-06-03,83882.842687722252,84594.911315763791,80607.27141130087,81817.8046875,4,0,0,2005-05-30,2005-06-03,1,True,True
2005-06-10,81390.574063624183,82814.727696994538,80393.658916645509,81176.9375,5,0,0,2005-06-06,2005-06-10,0,True,True
2005-06-17,81105.746275153011,83099.555844238013,78471.049554509984,81746.609375,5,0,0,2005-06-13,2005-06-17,0,True,True
2005-06-24,81604.182629809802,85591.832298394162,80963.3114871664,83099.546875,5,0,0,2005-06-20,2005-06-24,0,True,True
2005-07-01,83028.350570225666,85022.166043709498,81960.235150025648,84594.921875,5,0,0,2005-06-27,2005-07-01,0,True,True
2005-07-08,84452.504899537249,84808.545024315012,79467.951915513797,81746.609375,5,0,0,2005-07-04,2005-07-08,0,True,True
2005-07-15,81675.394585813905,84025.243138876045,81034.523279110363,82529.890625,5,0,0,2005-07-11,2005-07-15,0,True,True
2005-07-22,82601.099639079781,97697.155154312815,82031.43746558782,97341.125,5,0,0,2005-07-18,2005-07-22,0,True,True
2005-07-29,97768.367498285486,97910.785521111946,88867.398287365257,89152.234375000015,5,0,0,2005-07-25,2005-07-29,0,True,True
2005-08-05,88938.594246989946,94706.437838884667,88724.972170275534,93282.2890625,5,0,0,2005-08-01,2005-08-05,0,True,True
2005-08-12,93709.524358828319,94279.186546894809,89721.894307014401,90861.21875,5,0,0,2005-08-08,2005-08-12,0,True,True
2005-08-19,91430.876049158382,91644.498128324078,89721.887742131876,91146.03125,4,0,0,2005-08-15,2005-08-19,1,True,True
2005-08-26,91502.0859375,92356.584247862265,88867.400251288709,89437.0625,5,0,0,2005-08-22,2005-08-26,0,True,True
2005-09-02,88867.388548099771,92285.363306857646,88084.104301668063,91430.875,5,0,0,2005-08-29,2005-09-02,0,True,True
2005-09-09,91929.33884751903,93709.530483503491,91573.305395645846,92926.2421875,5,0,0,2005-09-05,2005-09-09,0,True,True
2005-09-16,92783.829051693261,93424.709290294792,91146.046410422205,92570.2109375,5,0,0,2005-09-12,2005-09-16,0,True,True
2005-09-23,92285.375767793128,97412.34593540043,91715.713506586573,96201.7890625,5,0,0,2005-09-19,2005-09-23,0,True,True
2005-09-30,96344.22277359599,105672.4434553602,96344.22277359599,105102.78125,5,0,0,2005-09-26,2005-09-30,0,True,True
2005-10-07,105672.45612085957,113291.69372719726,105102.79384722181,108093.515625,5,0,0,2005-10-03,2005-10-07,0,True,True
2005-10-14,108948.00832494503,109090.42636072461,103108.97256534937,105957.27343749999,5,0,0,2005-10-10,2005-10-14,0,True,True
2005-10-21,105458.82444392148,105814.86457504034,100687.90110158063,104889.15625,5,0,0,2005-10-17,2005-10-21,0,True,True
2005-10-28,105387.61439301567,109304.04036809046,101969.63453169557,107381.42187499999,5,0,0,2005-10-24,2005-10-28,0,True,True
2005-11-04,108805.58202145452,111013.03125,106099.68924298701,111013.03125,4,0,0,2005-10-31,2005-11-04,1,True,True
2005-11-11,111084.23786290693,114502.2209876627,109944.91346770393,112223.56250000001,5,0,0,2005-11-07,2005-11-11,0,True,True
2005-11-18,112579.60487965956,112935.62495624271,109944.90997351745,111938.71875,5,0,0,2005-11-14,2005-11-18,0,True,True
2005-11-25,111725.11428799106,118774.6808226026,111440.27821900298,117920.1875,5,0,0,2005-11-21,2005-11-25,0,True,True
2005-12-02,117564.14461620782,118703.46891991563,114288.6070356304,116780.875,5,0,0,2005-11-28,2005-12-02,0,True,True
2005-12-09,116567.26673655017,117991.38963599362,115499.11807334417,117350.52343750001,4,0,0,2005-12-05,2005-12-09,1,True,True
2005-12-16,117421.7265625,117920.18467242048,106740.5554465779,107951.09375,5,0,0,2005-12-12,2005-12-16,0,True,True
2005-12-23,107951.10097835316,113006.85790996211,107666.26490936508,110941.828125,5,0,0,2005-12-19,2005-12-23,0,True,True
2005-12-30,110229.74116115656,113861.34585002132,110229.74116115656,112437.1953125,4,0,0,2005-12-26,2005-12-30,1,True,True
2006-01-06,111725.11033865082,113932.55877000242,111226.65220511494,112793.234375,4,0,0,2006-01-02,2006-01-06,1,True,True
2006-01-13,111938.73566347494,112223.56179151808,107951.11098035848,109517.6796875,5,0,0,2006-01-09,2006-01-13,0,True,True
2006-01-20,109161.63373798775,110229.75413018728,106028.47627625505,108805.60156250001,5,0,0,2006-01-16,2006-01-20,0,True,True
2006-01-27,107523.85413471486,112579.60460734744,107096.60994153268,111511.49218750001,5,0,0,2006-01-23,2006-01-27,0,True,True
2006-02-03,111796.31844940895,116282.41245262108,110941.8319687199,114502.21875,5,0,0,2006-01-30,2006-02-03,0,True,True
2006-02-10,116211.20790599714,123189.57455069554,115641.54570679991,120626.10156249999,5,0,0,2006-02-06,2006-02-10,0,True,True
2006-02-17,121195.77871919643,124115.26488800054,120056.45414109956,123474.40625,5,0,0,2006-02-13,2006-02-17,0,True,True
2006-02-24,123830.45008358786,127248.41820329592,123331.99192580425,126465.140625,5,0,0,2006-02-20,2006-02-24,0,True,True
2006-03-03,125895.48010233343,127319.64062500001,121195.76760117878,121480.59374999999,5,0,0,2006-02-27,2006-03-03,0,True,True
2006-03-10,121480.58475658935,129313.4609375,120341.27507159208,129313.4609375,5,0,0,2006-03-06,2006-03-10,0,True,True
2006-03-17,130452.78796678266,137075.12455003947,129171.04538502981,135152.515625,5,0,0,2006-03-13,2006-03-17,0,True,True
2006-03-24,136149.42047087109,137858.38907388074,131876.91509153289,132517.78125,5,0,0,2006-03-20,2006-03-24,0,True,True
2006-03-31,132660.22319797456,136434.2324926295,127889.29072624672,132304.15625,5,0,0,2006-03-27,2006-03-31,0,True,True
2006-04-07,132802.64123859804,137217.54235997546,132589.01259897617,133372.296875,5,0,0,2006-04-03,2006-04-07,0,True,True
2006-04-14,133585.92722378019,136576.65641853624,129028.61202285827,132873.84375,4,0,0,2006-04-10,2006-04-13,0,True,True
2006-04-21,132019.33989725573,136220.6191972089,131093.63766131233,135793.375,4,0,0,2006-04-18,2006-04-21,0,True,True
2006-04-28,134440.43367602423,135864.57444669356,132517.80531200831,133728.34375,4,0,0,2006-04-24,2006-04-28,1,True,True
2006-05-05,133585.93242674405,134867.67498001098,131734.52144033826,134226.796875,4,0,0,2006-05-02,2006-05-05,0,True,True
2006-05-12,136576.65186640894,144267.10574446482,136006.98965492556,140493.078125,5,0,0,2006-05-08,2006-05-12,0,True,True
2006-05-19,139923.41393923326,141205.15633439049,134084.37582422042,135010.078125,5,0,0,2006-05-15,2006-05-19,0,True,True
2006-05-26,134717.21716832599,135229.72425564559,130324.24020924742,135010.078125,5,0,0,2006-05-22,2006-05-26,0,True,True
2006-06-02,134717.20183372448,136474.38941404136,128859.96249308229,135961.875,4,0,0,2006-05-29,2006-06-02,1,True,True
2006-06-09,137206.56125081127,137426.21761945373,128347.43328713355,129665.32031250001,5,0,0,2006-06-05,2006-06-09,0,True,True
2006-06-16,128859.95301779656,132960.02458373524,125931.29920675217,129079.5859375,5,0,0,2006-06-12,2006-06-16,0,True,True
2006-06-23,129592.09571807321,138085.16289480668,128274.20882107427,135302.9375,5,0,0,2006-06-19,2006-06-23,0,True,True
2006-06-30,136840.49438648921,139915.53881757875,134131.47247883712,137645.859375,5,0,0,2006-06-26,2006-06-30,0,True,True
2006-07-07,138378.00423815753,139403.03315332561,134497.56583740527,134644,5,0,0,2006-07-03,2006-07-07,0,True,True
2006-07-14,135083.2936840404,137279.77285600774,130031.40750351766,130324.265625,5,0,0,2006-07-10,2006-07-14,0,True,True
2006-07-21,130324.27191067491,135888.68395039387,127322.4173965778,134131.484375,5,0,0,2006-07-17,2006-07-21,0,True,True
2006-07-28,134570.79375705527,138817.31227970659,133985.06730116875,137645.859375,5,0,0,2006-07-24,2006-07-28,0,True,True
2006-08-04,137645.85386658582,140208.40380133133,136035.09708945767,139403.03125,5,0,0,2006-07-31,2006-08-04,0,True,True
2006-08-11,138158.35564753829,138670.87009600704,134277.94210106207,135888.6875,5,0,0,2006-08-07,2006-08-11,0,True,True
2006-08-18,136254.74539420861,137060.11709598481,135302.96097134729,136547.625,4,0,0,2006-08-14,2006-08-18,0,True,True
2006-08-25,136767.25182134742,141013.78193047925,131495.71133145044,139183.390625,5,0,0,2006-08-21,2006-08-25,0,True,True
2006-09-01,141160.19254518152,141453.06082807502,137645.857195647,139695.90625,5,0,0,2006-08-28,2006-09-01,0,True,True
2006-09-08,139915.54904926245,140867.34776460144,136840.47019553324,139329.8125,5,0,0,2006-09-04,2006-09-08,0,True,True
2006-09-15,139110.16482915572,139915.54670162662,136986.90524691687,138524.4375,5,0,0,2006-09-11,2006-09-15,0,True,True
2006-09-22,138231.58272544944,143503.1370617589,135815.45567388198,139769.09375,5,0,0,2006-09-18,2006-09-22,0,True,True
2006-09-29,139549.47772100777,141160.20527692244,138963.75124841946,139988.765625,5,0,0,2006-09-25,2006-09-29,0,True,True
2006-10-06,139549.48229162756,143210.26203819879,137938.70346441894,141892.375,5,0,0,2006-10-02,2006-10-06,0,True,True
2006-10-13,141160.23337702343,145699.61378563111,141160.23337702343,144967.453125,5,0,0,2006-10-09,2006-10-13,0,True,True
2006-10-20,145699.60026402478,145992.45836944215,139549.47333920916,139988.765625,5,0,0,2006-10-16,2006-10-20,0,True,True
2006-10-27,140135.21015507451,142917.4084633695,138231.59154969628,138597.671875,5,0,0,2006-10-23,2006-10-27,0,True,True
2006-11-03,139476.25092765805,141672.71081532893,137792.28354218492,139988.765625,4,0,0,2006-10-30,2006-11-03,1,True,True
2006-11-10,140428.05864165025,145846.02640261021,140428.05864165025,142258.4375,5,0,0,2006-11-06,2006-11-10,0,True,True
2006-11-17,141453.07636549679,143210.2555975939,139988.76127514764,140720.921875,5,0,0,2006-11-13,2006-11-17,0,True,True
2006-11-24,139842.3228109722,148262.14243140019,139769.11084100895,146431.765625,5,0,0,2006-11-20,2006-11-24,0,True,True
2006-12-01,148481.81299984138,148774.68135377238,139403.04798787684,139915.5625,5,0,0,2006-11-27,2006-12-01,0,True,True
2006-12-08,140061.97108823742,143503.12719355486,140061.97108823742,143137.046875,4,0,0,2006-12-04,2006-12-08,1,True,True
2006-12-15,143503.11302718736,146651.40141208036,143503.11302718736,144821,5,0,0,2006-12-11,2006-12-15,0,True,True
2006-12-22,144088.85187436119,146285.33375847997,142038.82603791499,142185.25,5,0,0,2006-12-18,2006-12-22,0,True,True
2006-12-29,142624.53848071027,145699.60338257145,142404.89233981364,143576.34375,3,0,0,2006-12-27,2006-12-29,0,True,True
2007-01-05,144381.71440143266,145113.875,143356.67887033569,143722.75,4,0,0,2007-01-02,2007-01-05,0,True,True
2007-01-12,143942.43321706908,145992.45281596098,143063.83602956915,144967.453125,5,0,0,2007-01-08,2007-01-12,0,True,True
2007-01-19,145333.52458414674,146065.68520008671,142404.89645731743,143942.421875,5,0,0,2007-01-15,2007-01-19,0,True,True
2007-01-26,144308.48308926163,145406.75445606152,143356.67641516597,144088.84375,5,0,0,2007-01-22,2007-01-26,0,True,True
2007-02-02,143869.20995095765,152581.89832383962,143795.99797377645,151996.171875,5,0,0,2007-01-29,2007-02-02,0,True,True
2007-02-09,151996.16056140905,153460.47146480108,147310.34331918828,149360.390625,5,0,0,2007-02-05,2007-02-09,0,True,True
2007-02-16,148921.09503081028,150824.71844585091,148042.50030938888,148481.8125,5,0,0,2007-02-12,2007-02-16,0,True,True
2007-02-23,148628.22671719443,150824.69819160874,147603.21566338453,147896.09375,5,0,0,2007-02-19,2007-02-23,0,True,True
2007-03-02,148042.51669365788,148628.24316628737,138524.42139081587,140574.46875,5,0,0,2007-02-26,2007-03-02,0,True,True
2007-03-09,138597.66302738379,143210.24411852178,137206.55379226254,141745.953125,5,0,0,2007-03-05,2007-03-09,0,True,True
2007-03-16,142331.64015085521,142331.64015085521,134424.34623061342,135229.71875,5,0,0,2007-03-12,2007-03-16,0,True,True
2007-03-23,136181.53418727999,141745.94476641397,136181.53418727999,138817.3125,5,0,0,2007-03-19,2007-03-23,0,True,True
2007-03-30,139036.9298537258,139403.01008865575,134863.6445184199,137352.984375,5,0,0,2007-03-26,2007-03-30,0,True,True
2007-04-06,136620.82468438739,138963.73998339986,136181.53241841769,138231.578125,4,0,0,2007-04-02,2007-04-05,0,True,True
2007-04-13,138231.5984142166,141013.78343388412,137792.29587038019,140647.703125,4,0,0,2007-04-10,2007-04-13,0,True,True
2007-04-20,141160.20678290442,144528.14278464232,140867.35828355269,144162.0625,5,0,0,2007-04-16,2007-04-20,0,True,True
2007-04-27,144088.83815833789,146431.75894602246,142624.55595377728,144821,4,0,0,2007-04-23,2007-04-27,1,True,True
2007-05-04,144967.42772682081,146871.0579071441,144162.08048607674,146431.765625,4,0,0,2007-04-30,2007-05-04,0,True,True
2007-05-11,146431.765625,146871.0579071441,143796.00126148501,145479.96875,5,0,0,2007-05-07,2007-05-11,0,True,True
2007-05-18,145772.81340705467,153606.90562096809,144821.00443144041,152874.75,5,0,0,2007-05-14,2007-05-18,0,True,True
2007-05-25,156810.1497680835,161502.3391338517,153480.19666643409,154085.640625,5,0,0,2007-05-21,2007-05-25,0,True,True
2007-06-01,154691.08572922612,156810.1448816242,151512.51819671266,152723.40625,5,0,0,2007-05-28,2007-06-01,0,True,True
2007-06-08,152874.74078635202,153631.54831640355,146366.23312337758,147804.171875,5,0,0,2007-06-04,2007-06-08,0,True,True
2007-06-15,148182.55864057434,153480.20739107995,147123.04352591233,153328.84375,5,0,0,2007-06-11,2007-06-15,0,True,True
2007-06-22,152420.69231196266,154085.64873476373,150907.05181295561,152420.6875,5,0,0,2007-06-18,2007-06-22,0,True,True
2007-06-29,151966.60287332031,153177.49087667972,149242.09861196784,151815.234375,5,0,0,2007-06-25,2007-06-29,0,True,True
2007-07-06,151058.40698865565,154388.37888003912,150150.25064915817,153026.140625,5,0,0,2007-07-02,2007-07-06,0,True,True
2007-07-13,153328.82880548478,155901.96819925689,149393.46205448263,150831.375,5,0,0,2007-07-09,2007-07-13,0,True,True
2007-07-20,150907.07200265361,151815.24331129948,148258.26095638916,148333.9375,5,0,0,2007-07-16,2007-07-20,0,True,True
2007-07-27,148636.64021954185,149242.08415864396,139252.24423555122,140765.859375,5,0,0,2007-07-23,2007-07-27,0,True,True
2007-08-03,140917.22231785156,142355.15035528256,138192.736794086,138571.140625,5,0,0,2007-07-30,2007-08-03,0,True,True
2007-08-10,137738.6653191206,143793.0959948379,137057.5341541009,139857.6875,5,0,0,2007-08-06,2007-08-10,0,True,True
2007-08-17,140387.47797629982,142733.56881023917,137133.21329250725,141144.28125,4,0,0,2007-08-13,2007-08-17,0,True,True
2007-08-24,142203.79171909657,144247.18182260846,139176.56310241186,141598.375,5,0,0,2007-08-20,2007-08-24,0,True,True
2007-08-31,141976.76788240831,142203.80807361245,137284.56582468378,141219.953125,5,0,0,2007-08-27,2007-08-31,0,True,True
2007-09-07,141598.3573444699,142809.24534924474,134711.40272932136,135770.9375,5,0,0,2007-09-03,2007-09-07,0,True,True
2007-09-14,134862.79205159508,136225.04375677663,130548.99659282857,132441.015625,5,0,0,2007-09-10,2007-09-14,0,True,True
2007-09-21,131532.82689574547,136527.77593574725,129035.37457551539,132819.40625,5,0,0,2007-09-17,2007-09-21,0,True,True
2007-09-28,132289.65423702626,133122.14036093824,129413.78149808844,130246.265625,5,0,0,2007-09-24,2007-09-28,0,True,True
2007-10-05,128732.63673275901,136830.47723211572,127975.82922034565,135770.9375,5,0,0,2007-10-01,2007-10-05,0,True,True
2007-10-12,135165.50670594553,137738.63746068187,134787.10375748636,137133.203125,5,0,0,2007-10-08,2007-10-12,0,True,True
2007-10-19,137208.89202682726,137435.93221778327,130321.95386742405,132062.609375,5,0,0,2007-10-15,2007-10-19,0,True,True
2007-10-26,129943.5343935218,132592.37871566351,129489.45516008775,131003.0703125,5,0,0,2007-10-22,2007-10-26,0,True,True
2007-11-02,131608.52658567109,134105.97531361575,128732.64869685461,129565.1328125,5,0,0,2007-10-29,2007-11-02,0,True,True
2007-11-09,128884.01492292208,130776.04255748857,107769.13704076414,112461.3359375,5,0,0,2007-11-05,2007-11-09,0,True,True
2007-11-16,112234.29310423754,115034.46712870403,109131.39471212956,113596.5390625,5,0,0,2007-11-12,2007-11-16,0,True,True
2007-11-23,113520.85118872098,114429.02239262458,108980.03404238078,113520.85937500001,5,0,0,2007-11-19,2007-11-23,0,True,True
2007-11-30,114201.98641716329,118213.06517175405,111099.0843041429,115791.2890625,5,0,0,2007-11-26,2007-11-30,0,True,True
2007-12-07,115337.21167824279,117380.57641906396,113293.80962089173,116699.44531249999,5,0,0,2007-12-03,2007-12-07,0,True,True
2007-12-14,116245.34970912845,121845.72602093429,115185.84169060897,116472.40625,5,0,0,2007-12-10,2007-12-14,0,True,True
2007-12-21,114883.10757314187,115034.47120743724,108980.0282782783,110342.2734375,5,0,0,2007-12-17,2007-12-21,0,True,True
2007-12-28,110569.31921351059,111855.88034160656,109812.50838518822,111477.4765625,2,0,0,2007-12-27,2007-12-28,0,True,True
2008-01-04,110493.64642085716,111326.13064189955,104590.54822091645,105195.9921875,3,0,0,2008-01-02,2008-01-04,0,True,True
2008-01-11,105347.36141097765,105725.76615632419,101714.69939946769,104363.515625,5,0,0,2008-01-07,2008-01-11,0,True,True
2008-01-18,103682.38973949448,105877.12548507914,97854.979406087979,98309.0703125,5,0,0,2008-01-14,2008-01-18,0,True,True
2008-01-25,96719.777942977336,100882.20410829101,90211.246474856249,95281.84375,5,0,0,2008-01-21,2008-01-25,0,True,True
2008-02-01,93616.874481182225,97022.495516273179,91876.210119985233,96341.375,5,0,0,2008-01-28,2008-02-01,0,True,True
2008-02-08,97173.864767333551,97476.581493131656,91573.502233090258,92103.265625,5,0,0,2008-02-04,2008-02-08,0,True,True
2008-02-15,91422.138913480972,96265.68428130071,89605.805911152158,92027.578125,5,0,0,2008-02-11,2008-02-15,0,True,True
2008-02-22,92935.733971136215,94752.086059702546,90286.927849798551,90816.6953125,5,0,0,2008-02-18,2008-02-22,0,True,True
2008-02-29,92027.58238974135,94600.71875,90286.926941334692,90968.046875,5,0,0,2008-02-25,2008-02-29,0,True,True
2008-03-07,90211.237892806937,90513.954566861736,85670.407107784369,87411.0625,5,0,0,2008-03-03,2008-03-07,0,True,True
2008-03-14,87184.020080467133,91876.216800908078,83475.67671574642,84232.484375,5,0,0,2008-03-10,2008-03-14,0,True,True
2008-03-21,81205.252207078403,85821.766538931275,79918.682463317135,83324.3125,4,0,0,2008-03-17,2008-03-20,0,True,True
2008-03-28,86124.495434992263,88092.191059553894,84610.888660536599,85443.375,4,0,0,2008-03-25,2008-03-28,0,True,True
2008-04-04,85140.641724459696,89984.21033864448,84156.793980336486,87940.828125,5,0,0,2008-03-31,2008-04-04,0,True,True
2008-04-11,88621.955963117463,89000.359769511328,80372.76841929002,82567.515625,5,0,0,2008-04-07,2008-04-11,0,True,True
2008-04-18,81432.295510476964,86805.613626314924,79161.886248682655,86654.25,5,0,0,2008-04-14,2008-04-18,0,True,True
2008-04-25,86124.490508983567,89530.118383908659,77572.591673008836,86502.8984375,5,0,0,2008-04-21,2008-04-25,0,True,True
2008-05-02,68112.518679859888,68415.240679937444,65539.379038338753,67734.109375,4,0,0,2008-04-28,2008-05-02,0,True,True
2008-05-09,67507.074679704776,73107.437999168149,66750.264353379549,67734.109375,5,0,0,2008-05-05,2008-05-09,0,True,True
2008-05-16,67204.345130356262,70382.935884558683,65842.093642171254,69323.40625,5,0,0,2008-05-12,2008-05-16,0,True,True
2008-05-23,69323.413182422766,69656.698487243542,63724.214736892944,67323.703125,5,0,0,2008-05-19,2008-05-23,0,True,True
2008-05-30,67323.698936225919,68323.5625,65157.343458041418,68323.5625,5,0,0,2008-05-26,2008-05-30,0,True,True
2008-06-06,68656.840537196505,68656.840537196505,61557.85613427651,61824.484375000007,5,0,0,2008-06-02,2008-06-06,0,True,True
2008-06-13,61424.545410349914,62291.087240616216,58591.618798887604,59958.08984375,5,0,0,2008-06-09,2008-06-13,0,True,True
2008-06-20,60158.065183515726,60657.996103133315,56058.650420081409,57091.83203125,5,0,0,2008-06-16,2008-06-20,0,True,True
2008-06-27,56991.842667478501,60857.969177140956,54992.136300117119,56958.51171875,5,0,0,2008-06-23,2008-06-27,0,True,True
2008-07-04,56958.516162856977,60824.630886864681,56491.919257579641,58658.2734375,5,0,0,2008-06-30,2008-07-04,0,True,True
2008-07-11,59558.149426567223,61157.917505959078,56591.905535544611,57358.464843750007,5,0,0,2008-07-07,2008-07-11,0,True,True
2008-07-18,57625.097066906499,60258.04953782948,53425.689490809091,59958.08984375,5,0,0,2008-07-14,2008-07-18,0,True,True
2008-07-25,59458.159120341334,60891.285132213314,56958.519972715818,59658.12890625,5,0,0,2008-07-21,2008-07-25,0,True,True
2008-08-01,59858.103367861055,62291.083190907637,57825.061668986462,61657.84765625,5,0,0,2008-07-28,2008-08-01,0,True,True
2008-08-08,61657.847556576155,65323.98566357814,61057.933986493321,63824.203125000007,5,0,0,2008-08-04,2008-08-08,0,True,True
2008-08-15,63824.198916136134,65657.274738380016,60324.703500108728,61257.90234375,4,0,0,2008-08-11,2008-08-14,0,True,True
2008-08-22,60524.677151950207,61524.533096673018,57158.480574012989,58524.953125,5,0,0,2008-08-18,2008-08-22,0,True,True
2008-08-29,58225.003607686158,60891.296072411278,56491.914213647862,59924.765625,5,0,0,2008-08-25,2008-08-29,0,True,True
2008-09-05,59691.465071351566,61524.530945140767,57758.410605439283,58358.32421875,5,0,0,2008-09-01,2008-09-05,0,True,True
2008-09-12,61124.590816025382,63124.299956014627,59524.820118122196,60891.2890625,5,0,0,2008-09-08,2008-09-12,0,True,True
2008-09-19,59291.519920417792,65757.2578125,55292.087611207302,65757.2578125,5,0,0,2008-09-15,2008-09-19,0,True,True
2008-09-26,65390.640703879923,66657.130675882552,60324.706289725422,62224.4296875,5,0,0,2008-09-22,2008-09-26,0,True,True
2008-10-03,62457.733084430802,62457.733084430802,55325.422391702661,60324.70703125,5,0,0,2008-09-29,2008-10-03,0,True,True
2008-10-10,57725.076744365411,59658.128293177615,49826.200486532936,50126.16015625,5,0,0,2008-10-06,2008-10-10,0,True,True
2008-10-17,52992.415016109117,56325.276104472367,47793.161346821573,48659.703125,5,0,0,2008-10-13,2008-10-17,0,True,True
2008-10-24,49992.8515625,51325.992796468221,42093.977590408649,44660.27734375,5,0,0,2008-10-20,2008-10-24,0,True,True
2008-10-31,42327.279053597071,50326.137781651538,41660.708416726506,50326.1328125,5,0,0,2008-10-27,2008-10-31,0,True,True
2008-11-07,50459.452718316097,53692.320547504576,47993.13392541869,49826.203125,5,0,0,2008-11-03,2008-11-07,0,True,True
2008-11-14,51659.277191032328,51992.562512685567,45993.414959348069,48793.0234375,5,0,0,2008-11-10,2008-11-14,0,True,True
2008-11-21,47159.924124899371,48326.425771735943,40660.848870869217,42527.25,5,0,0,2008-11-17,2008-11-21,0,True,True
2008-11-28,43093.8322967153,47959.80859375,41860.677594826207,47959.80859375,5,0,0,2008-11-24,2008-11-28,0,True,True
2008-12-05,46959.945974860384,50326.1328125,46160.060732812621,49926.19140625,5,0,0,2008-12-01,2008-12-05,0,True,True
2008-12-12,51659.26989094515,53325.696263724923,46993.278607440974,50159.4921875,4,0,0,2008-12-08,2008-12-12,1,True,True
2008-12-19,50159.491319104585,51325.992187500007,48493.064028401059,51325.992187500007,5,0,0,2008-12-15,2008-12-19,0,True,True
2008-12-26,50926.046875,52059.21476485442,48659.703896350635,51825.91796875,2,0,0,2008-12-22,2008-12-23,0,True,True
2009-01-02,51359.3125,52625.807518474416,50659.419439062032,51992.5625,3,0,0,2008-12-29,2009-01-02,0,True,True
2009-01-09,52625.809589122699,53092.409057682511,49359.605892504733,49726.22265625,5,0,0,2009-01-05,2009-01-09,0,True,True
2009-01-16,49392.937554728254,49992.851140395636,43360.467520292914,43460.453125,5,0,0,2009-01-12,2009-01-16,0,True,True
2009-01-23,43760.403887765402,44227.00331187532,36061.511941041332,36361.46875,5,0,0,2009-01-19,2009-01-23,0,True,True
2009-01-30,36161.492314333715,40394.219184204921,35661.561464214908,37461.30859375,5,0,0,2009-01-26,2009-01-30,0,True,True
2009-02-06,37461.30954097199,37494.638074551731,33828.49430972588,34528.39453125,5,0,0,2009-02-02,2009-02-06,0,True,True
2009-02-13,34661.705145459659,34895.004849103192,33928.482554525646,34195.109375,5,0,0,2009-02-09,2009-02-13,0,True,True
2009-02-20,34261.766849102867,34495.066580342893,32695.318627807814,33145.2578125,5,0,0,2009-02-16,2009-02-20,0,True,True
2009-02-27,33595.19465838118,33995.137036577951,30828.92445129011,32695.322265625,5,0,0,2009-02-23,2009-02-27,0,True,True
2009-03-06,31995.424560549258,31995.424560549258,26662.85276114479,27762.697265625,5,0,0,2009-03-02,2009-03-06,0,True,True
2009-03-13,27262.770230629456,31928.769335693902,25712.98901885673,29962.3828125,5,0,0,2009-03-09,2009-03-13,0,True,True
2009-03-20,30928.908888525737,33161.92338709865,29079.174562099732,31662.136718749996,5,0,0,2009-03-16,2009-03-20,0,True,True
2009-03-27,32328.707637694108,39161.066784166054,32328.707637694108,36494.78125,5,0,0,2009-03-23,2009-03-27,0,True,True
2009-04-03,35328.28310607389,35761.550304456287,33078.60546875,34861.6796875,5,0,0,2009-03-30,2009-04-03,0,True,True
2009-04-10,34994.992439750866,37294.668988138539,33661.849704967783,36894.7265625,4,0,0,2009-04-06,2009-04-09,0,True,True
2009-04-17,37627.950611992004,43693.747513052826,37327.993822504082,42293.94921875,4,0,0,2009-04-14,2009-04-17,0,True,True
2009-04-24,41660.703254264736,42627.230557958072,38327.85025316965,41160.77734375,5,0,0,2009-04-20,2009-04-24,0,True,True
2009-05-01,40327.566633075039,41494.064067390689,38894.438507326609,40727.5078125,4,0,0,2009-04-27,2009-04-30,0,True,True
2009-05-08,40960.808070948297,45193.538611841162,40760.836871439176,44593.625,5,0,0,2009-05-04,2009-05-08,0,True,True
2009-05-15,45326.851970919939,45993.424303140077,40160.918549445996,42860.53515625,5,0,0,2009-05-11,2009-05-15,0,True,True
2009-05-22,42591.18968622906,46429.441521946137,40739.397808678368,44072.6171875,5,0,0,2009-05-18,2009-05-22,0,True,True
2009-05-29,43870.601760465157,44510.310583452694,40470.04296875,40470.04296875,5,0,0,2009-05-25,2009-05-29,0,True,True
2009-06-05,41412.771366507717,41715.791343917452,39695.66015625,39695.66015625,5,0,0,2009-06-01,2009-06-05,0,True,True
2009-06-12,39864.004552272709,41042.414043142737,37035.815020272421,40099.68359375,5,0,0,2009-06-08,2009-06-12,0,True,True
2009-06-19,40066.015511169258,40301.697713467256,35756.394348953596,36429.7734375,5,0,0,2009-06-15,2009-06-19,0,True,True
2009-06-26,36463.44232405653,38079.550555061942,35015.677649605292,37136.8203125,5,0,0,2009-06-22,2009-06-26,0,True,True
2009-07-03,36867.471044255224,40099.686350547949,36564.451048138057,38382.56640625,5,0,0,2009-06-29,2009-07-03,0,True,True
2009-07-10,38012.209493077004,38012.209493077004,35621.716474410816,35992.07421875,5,0,0,2009-07-06,2009-07-10,0,True,True
2009-07-17,36025.743861642281,40167.021364485918,35419.703903624686,40099.68359375,5,0,0,2009-07-13,2009-07-17,0,True,True
2009-07-24,40301.698300966622,41547.449912803044,40066.016095232961,41379.10546875,5,0,0,2009-07-20,2009-07-24,0,True,True
2009-07-31,41345.430602693152,44274.62890625,40705.721807773334,44274.62890625,5,0,0,2009-07-27,2009-07-31,0,True,True
2009-08-07,44106.285694925158,45924.409926118031,43668.589046084249,45789.734375,5,0,0,2009-08-03,2009-08-07,0,True,True
2009-08-14,45453.039705933421,50638.058263220351,45318.364171974703,49324.96875,5,0,0,2009-08-10,2009-08-14,0,True,True
2009-08-21,49055.617635198767,50469.710870293013,47708.859465409652,50065.68359375,5,0,0,2009-08-17,2009-08-21,0,True,True
2009-08-28,50570.721516025202,54509.983302965265,49122.954782366236,50065.68359375,5,0,0,2009-08-24,2009-08-28,0,True,True
2009-09-04,49796.333213622202,50032.016401150817,46463.107360159847,47843.5390625,5,0,0,2009-08-31,2009-09-04,0,True,True
2009-09-11,48213.893131912759,48786.267450094274,47304.830539526796,48112.88671875,5,0,0,2009-09-07,2009-09-11,0,True,True
2009-09-18,47641.524129672442,48718.9296875,46968.146360982675,48718.9296875,5,0,0,2009-09-14,2009-09-18,0,True,True
2009-09-25,48685.259141752795,48685.259141752795,47271.163899244282,47675.19140625,5,0,0,2009-09-21,2009-09-25,0,True,True
2009-10-02,47506.847256585614,49830.007773002384,46766.128709541386,47203.82421875,5,0,0,2009-09-28,2009-10-02,0,True,True
2009-10-09,47203.825135977968,48281.234142454057,46294.765214572857,48146.55859375,5,0,0,2009-10-05,2009-10-09,0,True,True
2009-10-16,48382.241037014544,50671.724212606183,47675.188708756126,49324.96875,5,0,0,2009-10-12,2009-10-16,0,True,True
2009-10-23,49661.657011547999,50402.374304526369,47506.844905001482,47607.8515625,5,0,0,2009-10-19,2009-10-23,0,True,True
2009-10-30,47776.198162124703,47944.542588587276,43264.564409889717,43567.5859375,5,0,0,2009-10-26,2009-10-30,0,True,True
2009-11-06,43399.2374056099,44543.979510985642,42187.159714156536,43634.91796875,5,0,0,2009-11-02,2009-11-06,0,True,True
2009-11-13,44106.2860885072,45015.348264508568,42725.864843766707,43668.59375,5,0,0,2009-11-09,2009-11-13,0,True,True
2009-11-20,44072.619254021083,44375.639251551227,42254.496588040813,43096.21875,5,0,0,2009-11-16,2009-11-20,0,True,True
2009-11-27,43399.242626703344,45958.075284766019,41816.795518856139,43769.59375,5,0,0,2009-11-23,2009-11-27,0,True,True
2009-12-04,43971.612845283125,44611.317728817332,42894.203889714467,43870.6015625,5,0,0,2009-11-30,2009-12-04,0,True,True
2009-12-11,43870.608453193207,44240.966249317906,41749.458959654396,41917.8046875,5,0,0,2009-12-07,2009-12-11,0,True,True
2009-12-18,42254.497931347461,43062.552880285752,40537.37890625,40537.37890625,5,0,0,2009-12-14,2009-12-18,0,True,True
2009-12-25,40739.397959206013,41581.115798402017,40402.709059712695,41345.43359375,3,0,0,2009-12-21,2009-12-23,0,True,True
2010-01-01,41547.448299996366,41715.792737514537,41244.426934613417,41345.43359375,3,0,0,2009-12-28,2009-12-30,0,True,True
2010-01-08,41278.09833880949,45385.706039466524,41244.429450376949,44813.33203125,5,0,0,2010-01-04,2010-01-08,0,True,True
2010-01-15,45150.024029275715,45419.375122694997,42321.833424864577,42557.515625,5,0,0,2010-01-11,2010-01-15,0,True,True
2010-01-22,42894.207028953257,42961.546213774585,40133.354563156361,40739.39453125,5,0,0,2010-01-18,2010-01-22,0,True,True
2010-01-29,40537.379145887448,40907.736885321967,39291.630302677651,39527.3125,5,0,0,2010-01-25,2010-01-29,0,True,True
2010-02-05,39392.641076688546,40941.408777774923,37540.848793704114,38214.2265625,5,0,0,2010-02-01,2010-02-05,0,True,True
2010-02-12,38887.603629376317,38887.603629376317,36530.776262685693,37002.140625,5,0,0,2010-02-08,2010-02-12,0,True,True
2010-02-19,37069.484375,37843.864872227212,36295.099940478351,37271.5,5,0,0,2010-02-15,2010-02-19,0,True,True
2010-02-26,37473.51171875,37911.203738707554,36059.412748198818,36631.78515625,5,0,0,2010-02-22,2010-02-26,0,True,True
2010-03-05,36833.803544179646,38853.936355191137,36295.101308554855,38752.9296875,5,0,0,2010-03-01,2010-03-05,0,True,True
2010-03-12,38853.929439199295,39864.003205250745,38247.893846114515,39459.9765625,5,0,0,2010-03-08,2010-03-12,0,True,True
2010-03-19,39358.970069613177,40234.362132523202,38247.892807883691,39560.984375,5,0,0,2010-03-15,2010-03-19,0,True,True
2010-03-26,39560.981584517976,39594.65047001926,37473.50831836732,38315.23046875,5,0,0,2010-03-22,2010-03-26,0,True,True
2010-04-02,38281.559939450279,38281.559939450279,36766.463695358638,37237.828125,4,0,0,2010-03-29,2010-04-01,0,True,True
2010-04-09,37136.817321578194,37338.830626047369,35958.407677218005,36766.4609375,4,0,0,2010-04-06,2010-04-09,0,True,True
2010-04-16,37002.140625,40167.021805614975,36766.458443842843,39123.2890625,5,0,0,2010-04-12,2010-04-16,0,True,True
2010-04-23,39123.284307081893,40503.708550325915,37035.813255504559,38584.58203125,5,0,0,2010-04-19,2010-04-23,0,True,True
2010-04-30,38988.608429568048,39257.962456531357,35015.673289611303,35251.35546875,5,0,0,2010-04-26,2010-04-30,0,True,True
2010-05-07,35318.6994589346,35318.6994589346,28786.928787116751,29409.8046875,5,0,0,2010-05-03,2010-05-07,0,True,True
2010-05-14,31732.954843468906,32978.706521352848,29460.304717392635,30032.67578125,5,0,0,2010-05-10,2010-05-14,0,True,True
2010-05-21,29914.837750871618,31009.078076626047,28988.94143908727,30268.361328125,5,0,0,2010-05-17,2010-05-21,0,True,True
2010-05-28,30638.722565606913,30908.07368874213,28214.553844850736,30268.361328125,5,0,0,2010-05-24,2010-05-28,0,True,True
2010-06-04,30234.691081378016,30739.727343327813,28113.550070549976,28265.058593749996,5,0,0,2010-05-31,2010-06-04,0,True,True
2010-06-11,27945.206341672423,30874.401995889719,27490.674635973646,30672.388671875,5,0,0,2010-06-07,2010-06-11,0,True,True
2010-06-18,30975.407410726362,34005.608214882377,30975.407410726362,33904.6015625,5,0,0,2010-06-14,2010-06-18,0,True,True
2010-06-25,34443.303179543262,34645.316481205395,31126.917349380554,33046.046875,5,0,0,2010-06-21,2010-06-25,0,True,True
2010-07-02,33096.545044980143,33837.263424877659,30352.531195464358,30470.375,5,0,0,2010-06-28,2010-07-02,0,True,True
2010-07-09,30621.88011406839,33500.574416480311,30083.177982810539,33029.2109375,5,0,0,2010-07-05,2010-07-09,0,True,True
2010-07-16,32894.534948555702,33534.246015848519,31463.605023914621,31766.625,5,0,0,2010-07-12,2010-07-16,0,True,True
2010-07-23,31648.784360142537,33113.3805064884,31042.743292385861,32389.498046875,5,0,0,2010-07-19,2010-07-23,0,True,True
2010-07-30,32642.019085428521,34948.337471023209,32221.156537572926,33971.94140625,5,0,0,2010-07-26,2010-07-30,0,True,True
2010-08-06,34140.287002494937,35015.677361689777,33668.920094138222,34241.29296875,5,0,0,2010-08-02,2010-08-06,0,True,True
2010-08-13,34678.990120204471,34813.664515216711,32136.984635887195,32827.1953125,5,0,0,2010-08-09,2010-08-13,0,True,True
2010-08-20,32827.197954834541,33130.217945411721,31042.74517652651,31076.4140625,5,0,0,2010-08-16,2010-08-20,0,True,True
2010-08-27,31110.083302591349,32608.349814144571,29561.31090530911,32170.654296875,5,0,0,2010-08-23,2010-08-27,0,True,True
2010-09-03,32473.675657125583,34476.975866646411,31143.754012392623,34072.94921875,5,0,0,2010-08-30,2010-09-03,0,True,True
2010-09-10,34072.947586580754,34746.324409273846,32440.004279235291,34072.94921875,5,0,0,2010-09-06,2010-09-10,0,True,True
2010-09-17,34510.644753971108,35722.724480276491,34342.300108364063,35083.015625,5,1,1,2010-09-13,2010-09-17,0,False,False
2010-09-24,35015.678996393079,35520.711392331141,33618.416397741195,34914.66796875,5,0,0,2010-09-20,2010-09-24,0,True,True
2010-10-01,35049.342084143085,35184.017614740565,33736.260574258013,33971.94140625,5,0,0,2010-09-27,2010-10-01,0,True,True
2010-10-08,34106.617401175026,35015.679002476805,33483.741115722019,34510.64453125,5,0,0,2010-10-04,2010-10-08,0,True,True
2010-10-15,34577.982071276288,35116.682876620936,33769.928786171149,34712.65625,5,0,0,2010-10-11,2010-10-15,0,True,True
2010-10-22,34544.308931333915,36665.451962028106,34510.640048599817,36564.4453125,5,0,0,2010-10-18,2010-10-22,0,True,True
2010-10-29,36362.43367585347,36564.446984145274,33668.927343182724,34039.28515625,5,0,0,2010-10-25,2010-10-29,0,True,True
2010-11-05,34342.302424737652,34342.302424737652,31211.090993839429,31312.097656249996,5,0,0,2010-11-01,2010-11-05,0,True,True
2010-11-12,31278.429776382549,32120.1517739052,29965.339983732454,31783.462890625004,5,0,0,2010-11-08,2010-11-12,0,True,True
2010-11-19,31732.957197550775,32153.819758410595,30335.695928381985,30689.220703125,5,0,0,2010-11-15,2010-11-19,0,True,True
2010-11-26,30958.568946104551,31211.087038721183,28618.586116455484,29325.6328125,5,0,0,2010-11-22,2010-11-26,0,True,True
2010-12-03,29325.629202638407,29931.669153218452,27591.68095467945,29796.9921875,5,0,0,2010-11-29,2010-12-03,0,True,True
2010-12-10,29881.167017076314,30621.885004676173,28820.597001994975,30184.189453125,5,0,0,2010-12-06,2010-12-10,0,True,True
2010-12-17,30302.025295449865,30571.379307505958,28248.225312730192,28652.251953125,5,0,0,2010-12-13,2010-12-17,0,True,True
2010-12-24,28736.42286075174,30116.85107834818,28366.065105001268,29830.664062499996,4,0,0,2010-12-20,2010-12-23,0,True,True
2010-12-31,29712.824215512388,29830.663853792877,28450.238632927598,28652.251953125,4,0,0,2010-12-27,2010-12-30,0,True,True
2011-01-07,29022.610151970628,29729.656783506256,27945.20703125,27945.20703125,5,0,0,2011-01-03,2011-01-07,0,True,True
2011-01-14,27945.206918497446,29712.822145663529,26598.447074082385,29645.484375,5,0,0,2011-01-10,2011-01-14,0,True,True
2011-01-21,29594.980231800375,32372.670390118485,29207.789510526436,32069.650390625,5,0,0,2011-01-17,2011-01-21,0,True,True
2011-01-28,32086.48073160517,32490.507364419016,30167.353407352635,31042.74609375,5,0,0,2011-01-24,2011-01-28,0,True,True
2011-02-04,30874.400167441567,31682.453415645803,29898.00243159795,30840.732421875,5,0,0,2011-01-31,2011-02-04,0,True,True
2011-02-11,30790.22965427722,32288.496674773163,30790.22965427722,31716.125,5,0,0,2011-02-07,2011-02-11,0,True,True
2011-02-18,31884.46768879615,34881.002751059983,31093.247390823333,33803.6015625,5,0,0,2011-02-14,2011-02-18,0,True,True
2011-02-25,33803.597105696899,33803.597105696899,31463.603950703404,33079.7109375,5,0,0,2011-02-21,2011-02-25,0,True,True
2011-03-04,32793.528835206482,32995.542160830097,31042.746300914205,31429.937500000004,5,0,0,2011-02-28,2011-03-04,0,True,True
2011-03-11,31362.59698251338,32086.481803897041,30520.874863830286,31160.5859375,5,0,0,2011-03-07,2011-03-11,0,True,True
2011-03-18,30992.24038512681,32440.005419453297,30807.061996664994,31211.09375,5,0,0,2011-03-14,2011-03-18,0,True,True
2011-03-25,31581.44632302639,32136.987221772724,31042.744165004122,31581.447265625,5,0,0,2011-03-21,2011-03-25,0,True,True
2011-04-01,31598.281648024338,32743.026184627121,29325.626278055515,30015.83984375,5,0,0,2011-03-28,2011-04-01,0,True,True
2011-04-08,29695.986890025659,31833.9661393938,28500.739965770183,31345.763671874996,5,0,0,2011-04-04,2011-04-08,0,True,True
2011-04-15,31160.58223496893,33197.554214860407,30453.537734136291,30807.0625,5,0,0,2011-04-11,2011-04-15,0,True,True
2011-04-22,30891.232881129472,30891.232881129472,29157.285062197101,30318.865234375,4,0,0,2011-04-18,2011-04-21,0,True,True
2011-04-29,30217.856737905517,31227.921294357147,30150.518964317722,30807.0625,4,0,0,2011-04-26,2011-04-29,0,True,True
2011-05-06,31042.744671784953,31093.246531334407,30049.512876296081,30722.890625,5,0,0,2011-05-02,2011-05-06,0,True,True
2011-05-13,30706.053790666945,31396.267912597839,29864.33255128808,31025.91015625,5,0,0,2011-05-09,2011-05-13,0,True,True
2011-05-20,30891.236344533612,30958.572564546619,29931.670999145434,29999.0078125,5,0,0,2011-05-16,2011-05-20,0,True,True
2011-05-27,29877.837206143962,30777.979711474949,28769.969409314581,29739.351562500004,5,0,0,2011-05-23,2011-05-27,0,True,True
2011-06-03,29739.35446673146,30379.841796875,26727.33532845855,27523.615234374996,5,0,0,2011-05-30,2011-06-03,0,True,True
2011-06-10,27558.234584434435,27627.47631157612,25082.841679871777,26156.087890625,5,0,0,2011-06-06,2011-06-10,0,True,True
2011-06-17,26259.950480507308,26831.197874610662,23542.213393758382,24511.59765625,5,0,0,2011-06-13,2011-06-17,0,True,True
2011-06-24,24170.522963539872,24313.906737128022,21282.35086903891,21835.404296875,5,0,0,2011-06-20,2011-06-24,0,True,True
2011-07-01,21835.403738670393,23023.445581779568,19864.891464333381,22716.193359375,5,0,0,2011-06-27,2011-07-01,0,True,True
2011-07-08,23207.798379074837,23965.68929243158,20913.649529256905,21118.484375,5,0,0,2011-07-04,2011-07-08,0,True,True
2011-07-15,20852.197017357186,21712.504733528207,19270.871036733421,20323.72265625,5,0,0,2011-07-11,2011-07-15,0,True,True
2011-07-22,20315.52889927095,24293.424651636135,18816.137155233988,22593.294921875,5,0,0,2011-07-18,2011-07-22,0,True,True
2011-07-29,22142.65444556241,22163.137624267452,20606.395779053386,21446.216796875,5,0,0,2011-07-25,2011-07-29,0,True,True
2011-08-05,22081.206919503904,22327.008106566635,17329.036672448034,18697.333984375,5,0,0,2011-08-01,2011-08-05,0,True,True
2011-08-12,18844.81457494391,20012.373989964759,16181.960664255532,18873.4921875,5,0,0,2011-08-08,2011-08-12,0,True,True
2011-08-19,18844.814974955014,20131.178602378553,17902.572510112044,18025.474609375,4,0,0,2011-08-16,2011-08-19,0,True,True
2011-08-26,18377.790661160772,18803.84655244866,17410.969936725694,17730.513671875,5,0,0,2011-08-22,2011-08-26,0,True,True
2011-09-02,18000.895295954582,18230.310242656607,16616.211095877796,16653.08203125,5,0,0,2011-08-29,2011-09-02,0,True,True
2011-09-09,16386.794863271734,16632.596187725776,15079.949561520087,15333.943359375,5,0,0,2011-09-05,2011-09-09,0,True,True
2011-09-16,15079.949493686563,17206.135154709224,14338.445944192879,16714.53125,5,0,0,2011-09-12,2011-09-16,0,True,True
2011-09-23,16714.530295664517,16735.013475917549,14748.116157930381,15710.840820312498,5,0,0,2011-09-19,2011-09-23,0,True,True
2011-09-30,15473.230583236234,17820.63954890594,15403.587166157959,17169.265625,5,0,0,2011-09-26,2011-09-30,0,True,True
2011-10-07,16673.564368331223,17554.353447350979,15854.226348282798,16862.01171875,5,0,0,2011-10-03,2011-10-07,0,True,True
2011-10-14,17083.233819057878,17800.154695085865,16345.830114339271,16743.208984375,5,0,0,2011-10-10,2011-10-14,0,True,True
2011-10-21,16964.431346776655,17087.331948693289,14338.446188893728,14911.983398437502,5,0,0,2011-10-17,2011-10-21,0,True,True
2011-10-28,15268.395343826642,15719.033376543186,14604.731401307621,14768.599609375,5,0,0,2011-10-24,2011-10-28,0,True,True
2011-11-04,14666.181808580513,14666.181808580513,12003.327249570768,12453.9638671875,5,0,0,2011-10-31,2011-11-04,0,True,True
2011-11-11,12290.096860688262,12576.865930898452,11384.726159775404,12003.328125,5,0,0,2011-11-07,2011-11-11,0,True,True
2011-11-18,12658.799396475497,12679.282577870204,11474.853510631039,11610.044921875,5,0,0,2011-11-14,2011-11-18,0,True,True
2011-11-25,11708.365446528418,11708.365446528418,9422.4068939519875,9766.529296875,5,0,0,2011-11-21,2011-11-25,0,True,True
2011-12-02,10036.911211308907,11282.3076171875,9647.7253345021763,11282.3076171875,5,0,0,2011-11-28,2011-12-02,0,True,True
2011-12-09,11667.398207694619,13314.271453350646,10528.51519193901,11642.8173828125,5,0,0,2011-12-05,2011-12-09,0,True,True
2011-12-16,11462.563240696587,11622.334768316288,10036.911810188751,10626.8369140625,5,0,0,2011-12-12,2011-12-16,0,True,True
2011-12-23,10651.417424377012,11061.087092989414,10335.9716796875,10569.482421875,5,0,0,2011-12-19,2011-12-23,0,True,True
2011-12-30,10626.836449594219,10733.350041424368,10077.879352765229,10319.583984375,4,0,0,2011-12-27,2011-12-30,0,True,True
2012-01-06,10323.681008461115,11143.020750298238,9217.5721490555825,9426.50390625,5,0,0,2012-01-02,2012-01-06,0,True,True
2012-01-13,9463.3742475683193,10036.910906556494,7783.7277481854035,8992.2529296875,5,0,0,2012-01-09,2012-01-13,0,True,True
2012-01-20,8734.1613911219483,9606.7588709123556,8357.2662341531395,9422.4072265625,5,0,0,2012-01-16,2012-01-20,0,True,True
2012-01-27,9627.2421932464695,13105.33945300328,9553.5018364425341,12212.259765625,5,0,0,2012-01-23,2012-01-27,0,True,True
2012-02-03,12466.254502462232,14338.446106557765,11413.403283700687,13650.201171875,5,0,0,2012-01-30,2012-02-03,0,True,True
2012-02-10,13428.977278908736,14297.479726884947,12748.927026825462,13158.5966796875,5,0,0,2012-02-06,2012-02-10,0,True,True
2012-02-17,13314.270818679197,14563.76279347427,12089.358447825958,14346.638671875,5,0,0,2012-02-13,2012-02-17,0,True,True
2012-02-24,14502.314200720073,17390.485686529762,14350.736546470987,16059.060546875,5,0,0,2012-02-20,2012-02-24,0,True,True
2012-03-02,16136.896076862668,17992.700354633289,14883.305564942781,17320.841796875,5,0,0,2012-02-27,2012-03-02,0,True,True
2012-03-09,17177.458373502319,17595.321925756452,15870.612013953652,16427.76171875,5,0,0,2012-03-05,2012-03-09,0,True,True
2012-03-16,16427.761917752032,16698.144740581152,15022.594348761262,15608.423828125,5,0,0,2012-03-12,2012-03-16,0,True,True
2012-03-23,15772.290098808222,16108.219382652085,14215.544718247433,14473.63671875,5,0,0,2012-03-19,2012-03-23,0,True,True
2012-03-30,14625.213766832676,15022.59588444767,12343.35367520269,12949.6650390625,5,0,0,2012-03-26,2012-03-30,0,True,True
2012-04-06,13072.566395059874,13588.75043427337,11679.688663712268,11847.6533203125,4,0,0,2012-04-02,2012-04-05,0,True,True
2012-04-13,11671.494992719372,12281.904247231994,10913.605545286759,10999.63671875,4,0,0,2012-04-10,2012-04-13,0,True,True
2012-04-20,10856.251307114697,11372.436418373583,9975.4614128255453,10127.0390625,5,0,0,2012-04-16,2012-04-20,0,True,True
2012-04-27,9918.1074947078268,10815.28515625,9393.7303129909251,10815.28515625,5,0,0,2012-04-23,2012-04-27,0,True,True
2012-05-04,11102.053671197462,11315.081616700287,9909.914942835956,10094.2666015625,4,0,0,2012-04-30,2012-05-04,0,True,True
2012-05-11,9746.0466233296756,10864.445057209357,9147.9278369107033,9832.0771484375,5,0,0,2012-05-07,2012-05-11,0,True,True
2012-05-18,9643.629561512178,10159.813161312966,8172.9140140257905,8635.8408203125,5,0,0,2012-05-14,2012-05-18,0,True,True
2012-05-25,8594.8741545206358,9705.0795903380549,8529.3269414657498,8615.357421875,5,0,0,2012-05-21,2012-05-25,0,True,True
2012-06-01,8685.0021137181011,8783.3225960397704,8009.0456514654643,8111.4633789062509,5,0,0,2012-05-28,2012-06-01,0,True,True
2012-06-08,8086.8829735808622,9455.1803885923291,8041.8196756568213,8820.1923828125,5,0,0,2012-06-04,2012-06-08,0,True,True
2012-06-15,9217.5728357695534,9328.1833745535587,7177.4166081238327,7877.9521484375,5,0,0,2012-06-11,2012-06-15,0,True,True
2012-06-22,8226.1702193578749,9209.3785121611363,7230.6733038689108,8873.44921875,5,0,0,2012-06-18,2012-06-22,0,True,True
2012-06-29,8807.9026117706671,9053.704569705651,7488.7652135170465,8037.72314453125,5,0,0,2012-06-25,2012-06-29,0,True,True
2012-07-06,8066.4001451349077,8414.6195049441922,7415.025390625,7415.025390625,5,0,0,2012-07-02,2012-07-06,0,True,True
2012-07-13,7406.8321031014066,7603.473823726792,7181.5127743951789,7468.2822265625,5,0,0,2012-07-09,2012-07-13,0,True,True
2012-07-20,7472.3786966168745,7533.8289930388592,6358.0765178815718,6444.10693359375,5,0,0,2012-07-16,2012-07-20,0,True,True
2012-07-27,6272.0459894431069,7279.8338751485235,5866.4728799488794,7066.80517578125,5,0,0,2012-07-23,2012-07-27,0,True,True
2012-08-03,7103.6752935053373,7783.7277363005614,6599.7816491946105,7333.09130859375,5,0,0,2012-07-30,2012-08-03,0,True,True
2012-08-10,7333.091316825502,7558.409373727719,7193.8026357559684,7308.51025390625,5,0,0,2012-08-06,2012-08-10,0,True,True
2012-08-17,7296.2201459523358,8889.8362567255845,7296.2201459523358,8848.869140625,4,0,0,2012-08-13,2012-08-17,0,True,True
2012-08-24,8857.0639010321465,10344.165758086305,8848.8700239600075,9873.0439453125,5,0,0,2012-08-20,2012-08-24,0,True,True
2012-08-31,9909.9142865505946,10057.395910258485,8611.2609804553686,9176.60546875,5,0,0,2012-08-27,2012-08-31,0,True,True
2012-09-07,9360.9576973925887,11114.344042011795,8930.8035830707049,10807.091796875,5,0,0,2012-09-03,2012-09-07,0,True,True
2012-09-14,10807.091904082217,12032.005334257088,10573.580014248166,11077.4736328125,5,0,0,2012-09-10,2012-09-14,0,True,True
2012-09-21,10745.640662476533,11052.893232267455,9418.3104216234315,10028.71875,5,0,0,2012-09-17,2012-09-21,0,True,True
2012-09-28,9918.1078478396867,10049.202324288126,9053.7037648862406,9242.15234375,5,0,0,2012-09-24,2012-09-28,0,True,True
2012-10-05,9168.4127001376892,9832.0774280077621,9152.0257017799868,9815.6904296875,5,0,0,2012-10-01,2012-10-05,0,True,True
2012-10-12,9750.1428235213807,9750.1428235213807,8668.6143513012157,9266.7333984375,5,0,0,2012-10-08,2012-10-12,0,True,True
2012-10-19,9229.8624412561385,10118.845703125,9229.8624412561385,9299.5068359375,5,0,0,2012-10-15,2012-10-19,0,True,True
2012-10-26,9381.4409843174381,9705.0795062492671,9201.1847785372611,9369.1494140625,5,0,0,2012-10-22,2012-10-26,0,True,True
2012-11-02,9246.2493065418639,9324.0866054509552,8500.6504879345266,9037.3173828125,5,0,0,2012-10-29,2012-11-02,0,True,True
2012-11-09,8902.1257573613948,9213.4748537118176,8398.232908249136,8537.5205078125,5,0,0,2012-11-05,2012-11-09,0,True,True
2012-11-16,8463.7788858065142,8766.9364514986937,8013.1421016388831,8078.68994140625,5,0,0,2012-11-12,2012-11-16,0,True,True
2012-11-23,8156.5283866898781,8385.943359375,7963.9835965730554,8250.751953125,5,0,0,2012-11-19,2012-11-23,0,True,True
2012-11-30,8234.3651713187246,8398.2335523460697,7947.5955021212885,8312.203125,5,0,0,2012-11-26,2012-11-30,0,True,True
2012-12-07,8291.7184913288966,9065.9942572892578,8234.3651295925956,8406.42578125,5,0,0,2012-12-03,2012-12-07,0,True,True
2012-12-14,8107.3670292855131,8447.3930245389729,7750.9538033172448,8344.9755859375,5,0,0,2012-12-10,2012-12-14,0,True,True
2012-12-21,8390.0390075091145,9369.1508534145378,8283.5246597683654,8947.1904296875,5,0,0,2012-12-17,2012-12-21,0,True,True
2012-12-28,8963.5760427309833,9356.8603158988662,8951.2859841879399,9246.2490234375,2,0,0,2012-12-27,2012-12-28,0,True,True
2013-01-04,9471.5669679566563,10897.219392112174,9381.4402432434727,10815.28515625,3,0,0,2013-01-02,2013-01-04,0,True,True
2013-01-11,10929.99230598306,12822.667510278179,10897.219065654102,12204.0654296875,5,0,0,2013-01-07,2013-01-11,0,True,True
2013-01-18,12314.676565990103,12478.544276999815,11769.815501938236,12101.6494140625,5,0,0,2013-01-14,2013-01-18,0,True,True
2013-01-25,12085.261299054328,12097.551358177694,9426.5038121860725,10643.22265625,5,0,0,2013-01-21,2013-01-25,0,True,True
2013-02-01,11306.889509993371,11429.790868663647,9385.5373828409101,9504.341796875,5,0,0,2013-01-28,2013-02-01,0,True,True
2013-02-08,9537.1156493367125,10241.747078822544,8852.9669340268392,9963.171875,5,0,0,2013-02-04,2013-02-08,0,True,True
2013-02-15,10077.87973070433,10098.363668076441,9422.4072265625,9422.4072265625,5,0,0,2013-02-11,2013-02-15,0,True,True
2013-02-22,9422.4077358669329,9705.0796907151271,9057.8011993413966,9279.0224609375,5,0,0,2013-02-18,2013-02-22,0,True,True
2013-03-01,9319.9908384267037,9934.4953803846365,8369.5558496475169,8447.3916015625,5,0,0,2013-02-25,2013-03-01,0,True,True
2013-03-08,8390.0389391635181,8959.4813013665353,7963.9827890172846,8644.03515625,5,0,0,2013-03-04,2013-03-08,0,True,True
2013-03-15,8500.6501748340106,8848.8697916812889,8385.9420450350081,8639.9375,5,0,0,2013-03-11,2013-03-15,0,True,True
2013-03-22,8394.1353255255071,8398.232263598924,7992.6590688714723,8365.458984375,5,0,0,2013-03-18,2013-03-22,0,True,True
2013-03-29,8451.4895512720886,8553.906964021995,7402.7350197378737,7578.8935546875,4,0,0,2013-03-25,2013-03-28,0,True,True
2013-04-05,7406.8313732883062,7517.4422725911545,6603.8783261441995,7034.0322265625,4,0,0,2013-04-02,2013-04-05,0,True,True
2013-04-12,7001.2584278511549,8316.298022845891,6698.1024013011338,7742.7607421875,5,0,0,2013-04-08,2013-04-12,0,True,True
2013-04-19,7783.7284602122691,8242.5585570031508,7640.3439210190627,8127.85107421875,5,0,0,2013-04-15,2013-04-19,0,True,True
2013-04-26,8357.2653223596753,8517.0364869414843,8070.4953992901856,8332.685546875,5,0,0,2013-04-22,2013-04-26,0,True,True
2013-05-03,8431.0067269674928,9209.3787032808796,8385.9426708239807,8582.583984375,4,0,0,2013-04-29,2013-05-03,0,True,True
2013-05-10,8619.4544170017289,9369.1501756670004,8492.456882381277,8803.8056640625,5,0,0,2013-05-06,2013-05-10,0,True,True
2013-05-17,8848.8696387746804,9864.8501390229594,8480.167083226781,9545.3076171875,5,0,0,2013-05-13,2013-05-17,0,True,True
2013-05-24,9586.275638481955,9954.9781972277724,9381.4404296875,9381.4404296875,5,0,0,2013-05-20,2013-05-24,0,True,True
2013-05-31,9463.3741420343267,10032.816242694538,9406.0200298760137,9852.5615234375,5,0,0,2013-05-27,2013-05-31,0,True,True
2013-06-07,9778.820220848369,10929.992771134606,9479.7605402115205,9737.8525390625,5,0,0,2013-06-03,2013-06-07,0,True,True
2013-06-14,9827.9804471766747,9946.7848631355264,8312.2015986954357,8545.7138671875,5,0,0,2013-06-10,2013-06-14,0,True,True
2013-06-21,8685.0013153391228,8848.8690224971215,7992.6588606931682,8033.6259765625,5,0,0,2013-06-17,2013-06-21,0,True,True
2013-06-28,8029.5301265521257,8471.9733815772015,7664.9237617662893,7988.5634765624991,5,0,0,2013-06-24,2013-06-28,0,True,True
2013-07-05,8111.463091549751,8603.0684751144272,7898.4354225200723,8275.3330078125,5,0,0,2013-07-01,2013-07-05,0,True,True
2013-07-12,8304.0079147855158,8996.3507112944972,8217.9775012475038,8603.0673828125,5,0,0,2013-07-08,2013-07-12,0,True,True
2013-07-19,8603.0675922375412,9217.5725684171757,8463.7799951755587,8922.6103515625,5,0,0,2013-07-15,2013-07-19,0,True,True
2013-07-26,8889.8362161267542,9094.6713008784336,8828.3858997094576,9004.5439453125,5,0,0,2013-07-22,2013-07-26,0,True,True
2013-08-02,9061.8975335096748,9065.9937164403909,8283.5247536372135,8332.685546875,5,0,0,2013-07-29,2013-08-02,0,True,True
2013-08-09,8357.2658361287195,8644.0346245910023,8209.7847131124709,8439.19921875,5,0,0,2013-08-05,2013-08-09,0,True,True
2013-08-16,8480.1671039801367,9725.5626631798932,8398.23286696594,9627.2421875,4,0,0,2013-08-12,2013-08-16,0,True,True
2013-08-23,9774.7234141361587,10184.393059404776,9119.2515699626201,9360.95703125,5,0,0,2013-08-19,2013-08-23,0,True,True
2013-08-30,9414.214289161604,9426.5051047302895,8816.0958203355422,8955.3828125,5,0,0,2013-08-26,2013-08-30,0,True,True
2013-09-06,9156.1215158182731,9176.6064636196588,8734.1610167437902,8857.0634765625,5,0,0,2013-09-02,2013-09-06,0,True,True
2013-09-13,8562.1009801130185,8721.8725231290919,8119.6571057757556,8541.6171875,5,0,0,2013-09-09,2013-09-13,0,True,True
2013-09-20,8644.0346878052496,8787.4193386928346,8336.7821426859628,8484.2626953125,5,0,0,2013-09-16,2013-09-20,0,True,True
2013-09-27,8418.7159641983271,8922.6098859658741,8357.26491503742,8414.619140625,5,0,0,2013-09-23,2013-09-27,0,True,True
2013-10-04,8398.232421875,9004.5441115884259,7894.3384765624996,8906.2236328125,5,0,0,2013-09-30,2013-10-04,0,True,True
2013-10-11,9463.3740234375,10098.362895265342,8971.7701584522583,9524.8251953125,5,0,0,2013-10-07,2013-10-11,0,True,True
2013-10-18,9561.6951619931333,10102.458562639089,9446.9878969344572,9524.8251953125,5,0,0,2013-10-14,2013-10-18,0,True,True
2013-10-25,9549.4047780619312,9647.7252525628737,8615.3577935628,8701.388671875,5,0,0,2013-10-21,2013-10-25,0,True,True
2013-11-01,8971.7699258672656,9696.8860185815702,8668.613889794151,9225.765625,5,0,0,2013-10-28,2013-11-01,0,True,True
2013-11-08,9319.9899554759922,9516.6315177945926,8971.7706231919601,9102.8642578125,5,0,0,2013-11-04,2013-11-08,0,True,True
2013-11-15,9033.2206436653178,9319.9898839194957,8926.7067960468848,8959.48046875,5,0,0,2013-11-11,2013-11-15,0,True,True
2013-11-22,9041.4141241726356,9102.865609866556,8664.517578125,8664.517578125,5,0,0,2013-11-18,2013-11-22,0,True,True
2013-11-29,8685.0016751633084,8742.3550352692382,7017.64530800379,7652.6337890625,5,0,0,2013-11-25,2013-11-29,0,True,True
2013-12-06,7673.116136899549,7718.1801883586058,6534.2346041180981,6677.6191406250009,5,0,0,2013-12-02,2013-12-06,0,True,True
2013-12-13,6964.387864228308,7201.996816075527,6730.8756787894772,6759.552734375,5,0,0,2013-12-09,2013-12-13,0,True,True
2013-12-20,6767.7465319734383,7066.8058775409618,6186.0152499839851,6943.9052734375,5,0,0,2013-12-16,2013-12-20,0,True,True
2013-12-27,7025.8382246535648,7578.8934589863866,7013.5484360107012,7087.28955078125,2,0,0,2013-12-23,2013-12-27,0,True,True
2014-01-03,6718.5860858424267,7320.8005196122313,6636.6518513615356,7238.8671875,3,0,0,2013-12-30,2014-01-03,0,True,True
2014-01-10,7353.5748729552497,7931.2080004820527,7300.3176934590083,7415.025390625,5,0,0,2014-01-06,2014-01-10,0,True,True
2014-01-17,7439.6045120959761,7898.4349313234388,7292.1237116376014,7681.31005859375,5,0,0,2014-01-13,2014-01-17,0,True,True
2014-01-24,7660.8264005527644,7677.2133976868345,7230.672626437894,7361.76708984375,5,0,0,2014-01-20,2014-01-24,0,True,True
2014-01-31,7275.7372160029099,7308.5104567468361,6714.4893120781117,6919.32470703125,5,0,0,2014-01-27,2014-01-31,0,True,True
2014-02-07,6882.4530489311037,7615.7630923019815,6657.1360309083739,7390.4443359374991,5,0,0,2014-02-03,2014-02-07,0,True,True
2014-02-14,7578.893115383853,7722.2772735711942,7455.9917663761062,7480.572265625,5,0,0,2014-02-10,2014-02-14,0,True,True
2014-02-21,7533.8286723776409,7566.6019107221819,7189.7064918289898,7394.5419921875009,5,0,0,2014-02-17,2014-02-21,0,True,True
2014-02-28,7369.9618716595187,7619.8590239354944,7308.5108152827206,7533.82861328125,5,0,0,2014-02-24,2014-02-28,0,True,True
2014-03-07,7394.5419610291792,10073.781616153312,7230.6734847906673,8709.58203125,5,0,0,2014-03-03,2014-03-07,0,True,True
2014-03-14,8631.7436116641729,9762.4340934424345,8627.6466738428335,9487.955078125,5,0,0,2014-03-10,2014-03-14,0,True,True
2014-03-21,9676.4023420470585,10434.291996871319,9487.9545135971257,9549.4052734375,5,0,0,2014-03-17,2014-03-21,0,True,True
2014-03-28,9647.7257240402814,10389.228578376082,9446.9869544455632,10352.3583984375,5,0,0,2014-03-24,2014-03-28,0,True,True
2014-04-04,10446.582296043091,11933.683548924881,10426.098360154914,11610.044921875,5,0,0,2014-03-31,2014-04-04,0,True,True
2014-04-11,11466.659876794749,11540.400231419721,9918.1074719347234,10856.251953125,5,0,0,2014-04-07,2014-04-11,0,True,True
2014-04-18,10774.318262698387,10934.089799439886,9176.6049763533156,9729.6591796875,4,0,0,2014-04-14,2014-04-17,0,True,True
2014-04-25,9750.1429499467504,10413.808422568487,9504.341756515596,10139.3291015625,4,0,0,2014-04-22,2014-04-25,0,True,True
2014-05-02,10131.136439376192,10307.294308342773,9709.1768282478679,9815.6904296875,4,0,0,2014-04-28,2014-05-02,0,True,True
2014-05-09,9442.8823624939414,10237.641565128557,9217.564350997829,9401.9150390625,5,0,0,2014-05-05,2014-05-09,0,True,True
2014-05-16,9426.4950526466728,10184.384051318957,8750.5402376952316,8918.5048828125,5,0,0,2014-05-12,2014-05-16,0,True,True
2014-05-23,8893.924546405824,9111.0511342633326,8471.9648524537788,9070.0830078125,5,0,0,2014-05-19,2014-05-23,0,True,True
2014-05-30,9336.3679552215872,10184.3837890625,9221.6604810208282,10184.3837890625,5,0,0,2014-05-26,2014-05-30,0,True,True
2014-06-06,10188.480110359416,10557.183312455447,9782.9076580740511,10094.2568359375,5,0,0,2014-06-02,2014-06-06,0,True,True
2014-06-13,14527.828125,14527.828125,10836.869617252805,11951.3681640625,4,0,0,2014-06-09,2014-06-13,1,True,True
2014-06-20,11957.924120489792,17897.551795609172,11957.924120489792,14318.0419921875,5,0,0,2014-06-16,2014-06-20,0,True,True
2014-06-27,13111.759628508193,14370.489193133168,9492.9144128036314,9637.1435546875,5,0,0,2014-06-23,2014-06-27,0,True,True
2014-07-04,9768.26106766663,10299.28671865558,9112.6731424255067,9833.8203125,5,0,0,2014-06-30,2014-07-04,0,True,True
2014-07-11,9860.0430886989689,9964.9370918179866,8561.9788177736482,8791.43359375,5,0,0,2014-07-07,2014-07-11,0,True,True
2014-07-18,8883.2163995018382,9047.1142275414713,8457.084590395194,8653.7607421875,5,0,0,2014-07-14,2014-07-18,0,True,True
2014-07-25,8719.3192413296783,9368.3519510634505,8391.5256936412461,9119.228515625,5,0,0,2014-07-21,2014-07-25,0,True,True
2014-08-01,9184.7874973353519,9276.5699390847694,8647.2053797793815,8765.2109375,5,0,0,2014-07-28,2014-08-01,0,True,True
2014-08-08,8811.1024930477251,8830.7702134400824,6621.438549470914,6877.1181640625,5,0,0,2014-08-04,2014-08-08,0,True,True
2014-08-15,7047.5706864100757,7191.7999999399799,6519.8228305299353,6844.33837890625,4,0,0,2014-08-11,2014-08-14,0,True,True
2014-08-22,6883.6738175039945,7237.6918800861804,6765.6680119073408,7159.02099609375,5,0,0,2014-08-18,2014-08-22,0,True,True
2014-08-29,7342.5852959142539,7749.0495205661973,7270.4705764288656,7460.5913085937491,5,0,0,2014-08-25,2014-08-29,0,True,True
2014-09-05,7506.4820809725143,7853.9440487487236,7211.467059547369,7729.3823242187509,5,0,0,2014-09-01,2014-09-05,0,True,True
2014-09-12,7742.4938529038272,7821.1647333472747,7224.5793752066256,7513.0380859375009,5,0,0,2014-09-08,2014-09-12,0,True,True
2014-09-19,7486.8143497490591,7499.9259103291561,6883.6743303598987,6936.12060546875,5,0,0,2014-09-15,2014-09-19,0,True,True
2014-09-26,6883.673523125658,6929.5643628226571,6523.10013136002,6765.66748046875,5,0,0,2014-09-22,2014-09-26,0,True,True
2014-10-03,6785.3351207542928,6962.3439118674187,6428.0400390625,6588.65869140625,5,0,0,2014-09-29,2014-10-03,0,True,True
2014-10-10,6621.4379486912794,6759.1120330398107,6477.2095100422775,6536.2119140625,5,0,0,2014-10-06,2014-10-10,0,True,True
2014-10-17,6500.1544761979749,6647.6616085054657,5129.9761576142218,5582.33154296875,5,0,0,2014-10-13,2014-10-17,0,True,True
2014-10-24,5526.6064202649213,6575.5476032520191,5293.8726249428182,6555.8798828125,5,0,0,2014-10-20,2014-10-24,0,True,True
2014-10-31,5703.6153988587512,5706.8934780381169,3936.8057982458699,3985.9750976562505,5,0,0,2014-10-27,2014-10-31,0,True,True
2014-11-07,4018.7542833174975,4713.6774674227909,3818.799766352241,4372.77197265625,5,0,0,2014-11-03,2014-11-07,0,True,True
2014-11-14,4294.1011032208944,4631.7291870675881,4143.3161666416427,4405.55078125,5,0,0,2014-11-10,2014-11-14,0,True,True
2014-11-21,4359.659502927173,4618.6173913202256,4267.8779455812546,4418.6630859375,5,0,0,2014-11-17,2014-11-21,0,True,True
2014-11-28,4415.384765625,4507.1672020133892,4241.6540643060862,4254.765625,5,0,0,2014-11-24,2014-11-28,0,True,True
2014-12-05,4228.5424564101486,4261.3221157623866,3913.8599940246977,3969.584716796875,5,0,0,2014-12-01,2014-12-05,0,True,True
2014-12-12,3926.9719079539377,4081.0353117537556,3743.4072265625,3743.4072265625,5,0,0,2014-12-08,2014-12-12,0,True,True
2014-12-19,3772.9088245347384,3835.1896885327155,3245.1604134054151,3266.7946777343755,5,0,0,2014-12-15,2014-12-19,0,True,True
2014-12-26,3264.8283609012578,3276.62876658082,2996.0371898319968,3081.9189453125,2,0,0,2014-12-22,2014-12-23,0,True,True
2015-01-02,3081.9191805194973,3194.0245814526288,2986.2032706736545,3156.00048828125,3,0,0,2014-12-29,2015-01-02,0,True,True
2015-01-09,3165.8342263167756,3441.8370291994693,3022.2607471926262,3117.9765625,5,0,0,2015-01-05,2015-01-09,0,True,True
2015-01-16,3131.0883491708382,3145.511255968087,2950.1460249768315,3008.4931640625,5,0,0,2015-01-12,2015-01-16,0,True,True
2015-01-23,2989.4811834921693,3474.6163013028145,2989.4811834921693,3194.02490234375,5,0,0,2015-01-19,2015-01-23,0,True,True
2015-01-30,3134.3662383322094,3225.4929144889702,2603.9952439491185,2622.351806640625,5,0,0,2015-01-26,2015-01-30,0,True,True
2015-02-06,2594.8171232457885,2887.2096393254483,2546.9591716752634,2835.418212890625,5,0,0,2015-02-02,2015-02-06,0,True,True
2015-02-13,2817.717412178672,3363.1664308565782,2651.8532918888523,3154.689208984375,5,0,0,2015-02-09,2015-02-13,0,True,True
2015-02-20,3179.6016202884402,3897.47021484375,3168.4566042126758,3897.47021484375,5,0,0,2015-02-16,2015-02-20,0,True,True
2015-02-27,4143.315764208196,4258.0436168101141,3776.1867262271799,4038.4221191406255,5,0,0,2015-02-23,2015-02-27,0,True,True
2015-03-06,4044.9778873136315,4120.3703098521291,3422.1691767077186,3867.96923828125,5,0,0,2015-03-02,2015-03-06,0,True,True
2015-03-13,3848.3011806497548,3995.8083291721291,3802.4099184963234,3851.57958984375,5,0,0,2015-03-09,2015-03-13,0,True,True
2015-03-20,3838.4676415758863,3900.7485035252921,3638.5138313782063,3867.96923828125,5,0,0,2015-03-16,2015-03-20,0,True,True
2015-03-27,3874.524894351709,4156.4280586506056,3786.020533923509,3959.7512207031255,5,0,0,2015-03-23,2015-03-27,0,True,True
2015-04-03,3985.9752352105406,4136.760108562381,3966.3075147676641,4061.3671875,4,0,0,2015-03-30,2015-04-02,0,True,True
2015-04-10,4094.1466122617417,4176.0950679200978,4035.1436918190907,4058.089111328125,4,0,0,2015-04-07,2015-04-10,0,True,True
2015-04-17,4051.5339078361853,4136.7602215670195,3763.074962615794,3776.1865234375,5,0,0,2015-04-13,2015-04-17,0,True,True
2015-04-24,3753.24112592042,3874.5248538842102,3674.570826757039,3743.4072265625,5,0,0,2015-04-20,2015-04-24,0,True,True
2015-05-01,3766.3525390625,3789.2989318563605,3474.6161501398874,3625.4013671875,4,0,0,2015-04-27,2015-04-30,0,True,True
2015-05-08,3654.9028230987074,3992.5312246645767,3553.2865296282425,3881.0810546875,5,0,0,2015-05-04,2015-05-08,0,True,True
2015-05-15,4058.0892996548851,4061.3673786776071,3569.6766375478214,3579.510498046875,5,0,0,2015-05-11,2015-05-15,0,True,True
2015-05-22,3556.5647734450768,3638.5133522978881,2922.283212052047,3097.653076171875,5,0,0,2015-05-18,2015-05-22,0,True,True
2015-05-29,3447.69580078125,3447.69580078125,2824.2106508485572,2972.42919921875,5,0,0,2015-05-25,2015-05-29,0,True,True
2015-06-05,2961.1518184632687,2985.3179782415932,2814.544188860571,2870.931640625,5,0,0,2015-06-01,2015-06-05,0,True,True
2015-06-12,2856.4322547267584,3096.4818240863801,2795.2113035761645,2890.2646484375,5,0,0,2015-06-08,2015-06-12,0,True,True
2015-06-19,2843.5437033080489,3012.705810546875,2722.7132291811899,2977.262451171875,5,0,0,2015-06-15,2015-06-19,0,True,True
2015-06-26,3015.9282746119566,3220.5347362546272,3006.2618487245968,3177.035400390625,5,0,0,2015-06-22,2015-06-26,0,True,True
2015-07-03,2940.2078133504883,3012.7061026807678,2766.2118903199807,2800.04443359375,5,0,0,2015-06-29,2015-07-03,0,True,True
2015-07-10,2706.6024908436316,2774.267578125,2290.945726842614,2774.267578125,5,0,0,2015-07-06,2015-07-10,0,True,True
2015-07-17,2804.8778542725063,2983.7067555772828,2682.4361435423853,2941.81884765625,5,0,0,2015-07-13,2015-07-17,0,True,True
2015-07-24,2964.3736852680572,3077.149252963241,2914.4306002440303,2975.651611328125,5,0,0,2015-07-20,2015-07-24,0,True,True
2015-07-31,2961.1517191749649,2985.3176332211115,2816.1550436308689,2909.597412109375,5,0,0,2015-07-27,2015-07-31,0,True,True
2015-08-07,2899.9311268606975,3206.0351497291826,2764.6008423518433,3173.8134765625,5,0,0,2015-08-03,2015-08-07,0,True,True
2015-08-14,3201.2014755535715,3280.1440845611814,3048.1498909865841,3125.481201171875,5,0,0,2015-08-10,2015-08-14,0,True,True
2015-08-21,3154.4805797101963,3193.1461222479948,2917.65283203125,2917.65283203125,5,0,0,2015-08-17,2015-08-21,0,True,True
2015-08-28,2827.4326562767428,3064.260509125244,2629.270833333333,3035.26123046875,5,0,0,2015-08-24,2015-08-28,0,True,True
2015-09-04,3011.0948970232967,3080.3711678244053,2870.9318143989653,2904.764404296875,5,0,0,2015-08-31,2015-09-04,0,True,True
2015-09-11,2938.5969013488439,3130.3145109784955,2899.9310085899947,2917.65283203125,5,0,0,2015-09-07,2015-09-11,0,True,True
2015-09-18,2922.4860216521524,2932.1524475057554,2679.2140603395897,2695.32470703125,5,0,0,2015-09-14,2015-09-18,0,True,True
2015-09-25,2684.0472679407244,2766.2120840383545,2385.998760821506,2569.660888671875,5,0,0,2015-09-21,2015-09-25,0,True,True
2015-10-02,2559.9945913290926,2650.2147655477988,2339.2776342010939,2640.54833984375,5,0,0,2015-09-28,2015-10-02,0,True,True
2015-10-09,2680.8254145549167,2841.9325817397462,2648.603929381035,2772.656494140625,5,0,0,2015-10-05,2015-10-09,0,True,True
2015-10-16,2769.4340689283736,2806.4886692008567,2559.9945722284197,2643.7705078125,5,0,0,2015-10-12,2015-10-16,0,True,True
2015-10-23,2645.3815846035145,2750.1012267573524,2587.3830089467847,2696.935791015625,5,0,0,2015-10-19,2015-10-23,0,True,True
2015-10-30,2696.9358138176835,2803.2668584548042,2667.9367004061623,2693.713623046875,5,0,0,2015-10-26,2015-10-30,0,True,True
2015-11-06,2685.6581580031857,2761.3786470128148,2522.9401733333884,2626.048583984375,5,0,0,2015-11-02,2015-11-06,0,True,True
2015-11-13,2630.8820772234812,2677.6031062285047,2363.4439512361446,2398.887451171875,5,0,0,2015-11-09,2015-11-13,0,True,True
2015-11-20,2352.1661730205096,2410.1649308213409,2308.6673630517598,2336.055419921875,5,0,0,2015-11-16,2015-11-20,0,True,True
2015-11-27,2336.0555103262072,2477.8299444298923,2310.2784374622411,2400.49853515625,5,0,0,2015-11-23,2015-11-27,0,True,True
2015-12-04,2408.5537433804575,2424.664578716372,2186.2256025657834,2229.724609375,5,0,0,2015-11-30,2015-12-04,0,True,True
2015-12-11,2252.2795475738012,2258.723956946319,1926.8429372512237,1939.7315673828125,5,0,0,2015-12-07,2015-12-11,0,True,True
2015-12-18,1933.2874935152927,2002.5636329535778,1859.1781005859377,1949.398193359375,5,0,0,2015-12-14,2015-12-18,0,True,True
2015-12-25,1934.8983892911151,2021.8963208360578,1923.6207439638454,2009.0076904296875,3,0,0,2015-12-21,2015-12-23,0,True,True
2016-01-01,2018.6742128251244,2078.2838717616983,1984.8416748046875,1984.8416748046875,3,0,0,2015-12-28,2015-12-31,1,True,True
2016-01-08,1954.2313058523362,1955.8424083748557,1630.4055899677517,1680.348876953125,5,0,0,2016-01-04,2016-01-08,0,True,True
2016-01-15,1667.4602663786479,1698.070646621238,1429.8271371928786,1446.7432861328125,5,0,0,2016-01-11,2016-01-15,0,True,True
2016-01-22,1447.5489019405989,1461.2429893011317,802.31430371605495,1208.3045654296875,5,0,0,2016-01-18,2016-01-22,0,True,True
2016-01-29,1301.7467539761553,1328.3294714171245,998.86506069952907,1068.1412353515625,5,0,0,2016-01-25,2016-01-29,0,True,True
2016-02-05,1079.4188470142603,1121.3066622748161,840.17446852878913,950.53302001953125,5,0,0,2016-02-01,2016-02-05,0,True,True
2016-02-12,974.69904155747281,981.14335692186171,676.65054536210926,739.80462646484375,5,0,0,2016-02-08,2016-02-12,0,True,True
2016-02-19,794.74218534993497,981.94884703774096,756.72088293582885,824.86932373046875,5,0,0,2016-02-15,2016-02-19,0,True,True
2016-02-26,845.81325971374963,934.42222958365608,811.17516239199233,828.89691162109375,5,0,0,2016-02-22,2016-02-26,0,True,True
2016-03-04,820.84156864097542,934.42224429172938,777.02038577021176,903.00634765625,5,0,0,2016-02-29,2016-03-04,0,True,True
2016-03-11,889.31223887584554,944.08864623188617,825.67482714660355,927.9779052734375,5,0,0,2016-03-07,2016-03-11,0,True,True
2016-03-18,950.53296277978518,1054.4470504650121,891.72884063694084,959.39392089843761,5,0,0,2016-03-14,2016-03-18,0,True,True
2016-03-25,959.39396053908865,1006.9206383793816,910.25616455078125,910.25616455078125,4,0,0,2016-03-21,2016-03-24,0,True,True
2016-04-01,933.61672952689696,945.69980962036573,777.98704762280852,804.24749755859375,4,0,0,2016-03-29,2016-04-01,0,True,True
2016-04-08,800.5420452450121,811.98068332495188,696.62782182531794,758.009765625,5,0,0,2016-04-04,2016-04-08,0,True,True
2016-04-15,763.97067668409795,977.9211962976816,763.97067668409795,967.44921874999989,5,0,0,2016-04-11,2016-04-15,0,True,True
2016-04-22,937.64439797822263,1126.945311284165,934.4222873091129,1098.7515869140625,5,0,0,2016-04-18,2016-04-22,0,True,True
2016-04-29,1098.7516328946467,1172.8609415477185,1060.8913873807774,1138.222900390625,5,0,0,2016-04-25,2016-04-29,0,True,True
2016-05-06,1151.9169365939952,1151.9169365939952,966.64368150862106,1043.97509765625,5,0,0,2016-05-02,2016-05-06,0,True,True
2016-05-13,1052.0305843258204,1059.2803568126958,866.75725142163674,903.81195068359375,5,0,0,2016-05-09,2016-05-13,0,True,True
2016-05-20,905.42291077951882,940.06101765193591,873.2015210481286,907.8394775390625,5,0,0,2016-05-16,2016-05-20,0,True,True
2016-05-27,907.03398905663573,1032.6977413322227,886.09003438086438,1014.1703491210939,5,0,0,2016-05-23,2016-05-27,0,True,True
2016-06-03,1026.2533922713935,1056.8637727686469,928.78351559365785,939.2554931640625,5,0,0,2016-05-30,2016-06-03,0,True,True
2016-06-10,940.0610499650536,1003.6983166905611,889.3122189431989,890.11767578125,5,0,0,2016-06-06,2016-06-10,0,True,True
2016-06-17,866.75719688326285,869.17385064011796,744.79901236718638,825.6748046875,5,0,0,2016-06-13,2016-06-17,0,True,True
2016-06-24,882.062312068643,891.7287375048802,628.47949039966124,731.749267578125,5,0,0,2016-06-20,2016-06-24,0,True,True
2016-07-01,734.81030447438638,755.27092864184885,590.45819946562051,616.2353515625,5,0,0,2016-06-27,2016-07-01,0,True,True
2016-07-08,623.48514568569669,623.48514568569669,408.56807900650574,450.29483032226562,5,0,0,2016-07-04,2016-07-08,0,True,True
2016-07-15,483.32186480091002,575.15296793532889,467.21112070650383,548.248046875,5,0,0,2016-07-11,2016-07-15,0,True,True
2016-07-22,531.81513141481355,559.04224275664671,499.11030436716112,502.65469360351562,5,0,0,2016-07-18,2016-07-22,0,True,True
2016-07-29,499.43252652695634,522.79308935659469,420.49001567095314,496.5325927734375,5,0,0,2016-07-25,2016-07-29,0,True,True
2016-08-05,547.76473291662865,550.9868906185277,405.18482148265718,410.6624755859375,5,0,0,2016-08-01,2016-08-05,0,True,True
2016-08-12,415.65678016775848,421.93993804406489,386.49636900966578,404.3792724609375,5,0,0,2016-08-08,2016-08-12,0,True,True
2016-08-19,406.79588410315426,407.27921486055675,364.42467642576094,368.9356689453125,4,0,0,2016-08-16,2016-08-19,0,True,True
2016-08-26,371.03009323871208,391.32959712488309,366.51907694509879,381.82424926757812,5,0,0,2016-08-22,2016-08-26,0,True,True
2016-09-02,379.40765109093127,398.25722344772754,379.40765109093127,388.75186157226562,5,0,0,2016-08-29,2016-09-02,0,True,True
2016-09-09,389.87961552953863,400.6738306494866,375.05771645176532,385.20751953125,5,0,0,2016-09-05,2016-09-09,0,True,True
2016-09-16,379.2465233799378,383.59642910427772,325.43670654296875,325.43670654296875,5,0,0,2016-09-12,2016-09-16,0,True,True
2016-09-23,332.04210532043828,338.32528692840037,295.30965287900978,303.52609252929688,5,0,0,2016-09-19,2016-09-23,0,True,True
2016-09-30,303.5261013673524,329.30326797122831,289.99311189451879,299.82064819335938,5,0,0,2016-09-26,2016-09-30,0,True,True
2016-10-07,301.27059201584802,302.23722982234767,260.18824407816891,273.88235473632812,5,0,0,2016-10-03,2016-10-07,0,True,True
2016-10-14,277.74895926311166,283.22658716167393,271.46577729863156,275.815673828125,5,0,0,2016-10-10,2016-10-14,0,True,True
2016-10-21,279.19889099531332,442.88387482833195,276.62117444884677,435.795166015625,5,0,0,2016-10-17,2016-10-21,0,True,True
2016-10-28,487.51061224645878,707.26097701736091,399.54602514758136,422.9066162109375,5,0,0,2016-10-24,2016-10-28,0,True,True
2016-11-04,422.90662386919252,432.41193994809822,339.93634033203125,339.93634033203125,5,0,0,2016-10-31,2016-11-04,0,True,True
2016-11-11,375.37995514603404,470.43325105433934,371.19115958732738,404.70147705078125,5,0,0,2016-11-07,2016-11-11,0,True,True
2016-11-18,423.06771674292145,463.18341268127625,362.81358817765124,380.85760498046875,5,0,0,2016-11-14,2016-11-18,0,True,True
2016-11-25,379.56874095161027,407.60141711773753,322.21456909179688,322.21456909179688,5,0,0,2016-11-21,2016-11-25,0,True,True
2016-12-02,306.10382489268216,356.04703531220161,269.04915011117185,314.1591796875,5,0,0,2016-11-28,2016-12-02,0,True,True
2016-12-09,294.82629302426773,362.6524829346273,283.70989345638054,314.1591796875,5,0,0,2016-12-05,2016-12-09,0,True,True
2016-12-16,316.57576232395695,349.44167512270633,315.9313633857185,337.19754028320312,5,0,0,2016-12-12,2016-12-16,0,True,True
2016-12-23,301.43171919078543,323.50342304796823,236.98879822481874,242.94978332519531,4,0,0,2016-12-19,2016-12-23,1,True,True
2016-12-30,,,,,0,0,0,2016-12-27,2016-12-30,4,False,False
2017-01-06,,,,,0,0,0,2017-01-02,2017-01-06,5,False,False
2017-01-13,,,,,0,0,0,2017-01-09,2017-01-13,5,False,False
2017-01-20,,,,,0,0,0,2017-01-16,2017-01-20,5,False,False
2017-01-27,,,,,0,0,0,2017-01-23,2017-01-27,5,False,False
2017-02-03,,,,,0,0,0,2017-01-30,2017-02-03,5,False,False
2017-02-10,,,,,0,0,0,2017-02-06,2017-02-10,5,False,False
2017-02-17,,,,,0,0,0,2017-02-13,2017-02-17,5,False,False
2017-02-24,,,,,0,0,0,2017-02-20,2017-02-24,5,False,False
2017-03-03,,,,,0,0,0,2017-02-27,2017-03-03,5,False,False
2017-03-10,,,,,0,0,0,2017-03-06,2017-03-10,5,False,False
2017-03-17,,,,,0,0,0,2017-03-13,2017-03-17,5,False,False
2017-03-24,,,,,0,0,0,2017-03-20,2017-03-24,5,False,False
2017-03-31,,,,,0,0,0,2017-03-27,2017-03-31,5,False,False
2017-04-07,,,,,0,0,0,2017-04-03,2017-04-07,5,False,False
2017-04-14,,,,,0,0,0,2017-04-10,2017-04-13,4,False,False
2017-04-21,,,,,0,0,0,2017-04-18,2017-04-21,4,False,False
2017-04-28,,,,,0,0,0,2017-04-24,2017-04-28,5,False,False
2017-05-05,,,,,0,0,0,2017-05-02,2017-05-05,4,False,False
2017-05-12,,,,,0,0,0,2017-05-08,2017-05-12,5,False,False
2017-05-19,,,,,0,0,0,2017-05-15,2017-05-19,5,False,False
2017-05-26,,,,,0,0,0,2017-05-22,2017-05-26,5,False,False
2017-06-02,,,,,0,0,0,2017-05-29,2017-06-02,5,False,False
2017-06-09,,,,,0,0,0,2017-06-05,2017-06-09,5,False,False
2017-06-16,,,,,0,0,0,2017-06-12,2017-06-16,5,False,False
2017-06-23,,,,,0,0,0,2017-06-19,2017-06-23,5,False,False
2017-06-30,,,,,0,0,0,2017-06-26,2017-06-30,5,False,False
2017-07-07,,,,,0,0,0,2017-07-03,2017-07-07,5,False,False
2017-07-14,,,,,0,0,0,2017-07-10,2017-07-14,5,False,False
2017-07-21,,,,,0,0,0,2017-07-17,2017-07-21,5,False,False
2017-07-28,,,,,0,0,0,2017-07-24,2017-07-28,5,False,False
2017-08-04,,,,,0,0,0,2017-07-31,2017-08-04,5,False,False
2017-08-11,,,,,0,0,0,2017-08-07,2017-08-11,5,False,False
2017-08-18,,,,,0,0,0,2017-08-14,2017-08-18,4,False,False
2017-08-25,,,,,0,0,0,2017-08-21,2017-08-25,5,False,False
2017-09-01,,,,,0,0,0,2017-08-28,2017-09-01,5,False,False
2017-09-08,,,,,0,0,0,2017-09-04,2017-09-08,5,False,False
2017-09-15,,,,,0,0,0,2017-09-11,2017-09-15,5,False,False
2017-09-22,,,,,0,0,0,2017-09-18,2017-09-22,5,False,False
2017-09-29,,,,,0,0,0,2017-09-25,2017-09-29,5,False,False
2017-10-06,,,,,0,0,0,2017-10-02,2017-10-06,5,False,False
2017-10-13,,,,,0,0,0,2017-10-09,2017-10-13,5,False,False
2017-10-20,,,,,0,0,0,2017-10-16,2017-10-20,5,False,False
2017-10-27,66.053977361247064,84.742423074527721,65.473993474525273,76.300399780273438,3,0,0,2017-10-23,2017-10-27,2,True,True
2017-11-03,75.752628884262606,76.171508398809095,73.400471002994408,73.787132263183594,5,0,0,2017-10-30,2017-11-03,0,True,True
2017-11-10,73.658242553416272,73.787127205960971,66.053977211025312,66.086196899414062,5,0,0,2017-11-06,2017-11-10,0,True,True
2017-11-17,66.2150953218419,66.666194608431624,52.682078758333567,57.257522583007812,5,0,0,2017-11-13,2017-11-17,0,True,True
2017-11-24,58.159730025087384,69.469460367365187,57.998619765747854,64.410690307617188,5,0,0,2017-11-20,2017-11-24,0,True,True
2017-12-01,64.410684827568403,67.310616616459171,64.217354898850715,64.797340393066406,5,0,0,2017-11-27,2017-12-01,0,True,True
2017-12-08,65.087340424134339,65.731769654054119,61.575192325105647,62.3485107421875,5,0,0,2017-12-04,2017-12-08,0,True,True
2017-12-15,61.832970350039155,62.960718475759947,59.609685444724946,59.931900024414062,5,0,0,2017-12-11,2017-12-15,0,True,True
2017-12-22,60.640779483396607,63.637375748674785,59.803020327019986,61.671855926513672,5,0,0,2017-12-18,2017-12-22,0,True,True
2017-12-29,61.671863054599484,63.637374307155682,60.415230211374883,63.057384490966797,3,0,0,2017-12-27,2017-12-29,0,True,True
2018-01-05,63.154053383484204,63.476268001755876,62.02629846230618,62.670734405517578,4,0,0,2018-01-02,2018-01-05,0,True,True
2018-01-12,62.638505326860134,66.021758281635456,61.865188375340757,64.732894897460938,5,0,0,2018-01-08,2018-01-12,0,True,True
2018-01-19,64.894000515383439,65.087330434463226,62.574069430147901,62.670734405517578,5,0,0,2018-01-15,2018-01-19,0,True,True
2018-01-26,62.79961484981127,63.798472776718867,62.477400253208351,63.379600524902337,5,0,0,2018-01-22,2018-01-26,0,True,True
2018-02-02,62.847943119259547,63.154047864700608,57.998613807488795,58.739707946777351,5,0,0,2018-01-29,2018-02-02,0,True,True
2018-02-09,58.804149912228006,60.898550191014145,55.775341962445275,60.898548126220703,5,0,0,2018-02-05,2018-02-09,0,True,True
2018-02-16,60.270225437586447,60.737440420077654,54.45425612593629,55.775337219238281,5,0,0,2018-02-12,2018-02-16,0,True,True
2018-02-23,55.485344311613041,56.226438476556893,49.9271400257404,50.42657470703125,5,0,0,2018-02-19,2018-02-23,0,True,True
2018-03-02,50.426578735220254,52.327644379426225,50.104364118073015,50.362129211425781,5,0,0,2018-02-26,2018-03-02,0,True,True
2018-03-09,49.894918350718498,51.667097088773772,48.332177939522268,50.587680816650391,5,0,0,2018-03-05,2018-03-09,0,True,True
2018-03-16,50.619902865862677,50.748790025073482,48.541621241364979,48.654396057128906,5,0,0,2018-03-12,2018-03-16,0,True,True
2018-03-23,48.654394869357056,48.654394869357056,40.760139479710936,43.305633544921875,5,0,0,2018-03-19,2018-03-23,0,True,True
2018-03-30,44.449496800595909,44.449496800595909,38.456303223395651,41.436786651611328,4,0,0,2018-03-26,2018-03-29,0,True,True
2018-04-06,41.050132776099616,47.752189992679156,39.954604320819577,47.204425811767578,4,0,0,2018-04-03,2018-04-06,0,True,True
2018-04-13,47.1883162940765,47.881077921582971,42.693425946407864,43.176746368408203,5,0,0,2018-04-09,2018-04-13,0,True,True
2018-04-20,43.160638366025267,44.465606041572983,42.451766825081513,43.756732940673828,5,0,0,2018-04-16,2018-04-20,0,True,True
2018-04-27,43.950061030043685,43.982280717937094,42.161772492546845,42.902862548828125,5,0,0,2018-04-23,2018-04-27,0,True,True
2018-05-04,43.176746477236499,43.498963520217799,42.3551025390625,42.3551025390625,4,0,0,2018-04-30,2018-05-04,0,True,True
2018-05-11,42.677314347267696,51.634880229888779,41.082355060742017,51.554325103759766,5,0,0,2018-05-07,2018-05-11,0,True,True
2018-05-18,52.359862668622441,56.065327549611695,44.675046941091829,45.4322509765625,5,0,0,2018-05-14,2018-05-18,0,True,True
2018-05-25,45.899457732850237,46.849994281550153,41.581785544068737,42.290657043457031,5,0,0,2018-05-21,2018-05-25,0,True,True
2018-06-01,43.5634049195573,45.1100351591353,36.442463914511443,43.015640258789062,5,0,0,2018-05-28,2018-06-01,0,True,True
2018-06-08,43.627850427996705,46.543890102739908,42.371211754702834,43.225078582763672,5,0,0,2018-06-04,2018-06-08,0,True,True
2018-06-15,43.627851876807426,46.737220764160156,43.627851876807426,46.737220764160156,5,0,0,2018-06-11,2018-06-15,0,True,True
2018-06-22,47.011100891003444,47.011100891003444,42.290658320128252,42.693428039550781,5,0,0,2018-06-18,2018-06-22,0,True,True
2018-06-29,42.951199549126549,43.015641881680331,38.987957624671694,39.712940216064453,5,0,0,2018-06-25,2018-06-29,0,True,True
2018-07-06,39.310173194371927,40.373482003784282,38.504636737542974,39.487388610839844,5,0,0,2018-07-02,2018-07-06,0,True,True
2018-07-13,39.793491741124079,40.276816560072042,38.585191089528429,38.987960815429688,5,0,0,2018-07-09,2018-07-13,0,True,True
2018-07-20,40.002934679670467,40.002934679670467,38.343530192491009,38.665744781494141,5,0,0,2018-07-16,2018-07-20,0,True,True
2018-07-27,38.343528904665916,41.533452523725785,37.537992888377488,40.260704040527344,5,0,0,2018-07-23,2018-07-27,0,True,True
2018-08-03,41.179015836805036,43.337852535114131,36.249135604757711,39.149066925048828,5,0,0,2018-07-30,2018-08-03,0,True,True
2018-08-10,38.891297529631608,39.310175307460419,36.68412325115716,37.247997283935547,5,0,0,2018-08-06,2018-08-10,0,True,True
2018-08-17,37.167444358004317,37.666877968673468,35.18582625005476,35.443595886230469,4,0,0,2018-08-13,2018-08-17,0,True,True
2018-08-24,35.459709816448168,36.684120990976183,34.847501614645225,35.201938629150391,5,0,0,2018-08-20,2018-08-24,0,True,True
2018-08-31,35.346934221540408,35.346934221540408,33.043099198759151,33.349205017089844,5,0,0,2018-08-27,2018-08-31,0,True,True
2018-09-07,32.720885619893998,37.26411055901908,32.559778321008679,35.395267486572266,5,0,0,2018-09-03,2018-09-07,0,True,True
2018-09-14,36.071917403909183,39.632390887095333,35.475821681308162,36.039695739746094,5,0,0,2018-09-10,2018-09-14,0,True,True
2018-09-21,35.733591371190442,39.986822432157325,35.604706713455982,38.762405395507812,5,0,0,2018-09-17,2018-09-21,0,True,True
2018-09-28,38.407974786746102,39.149068145009828,35.28249159086468,36.120250701904297,5,0,0,2018-09-24,2018-09-28,0,True,True
2018-10-05,35.765812669225852,36.394131988362595,31.931460949025325,32.479225158691406,5,0,0,2018-10-01,2018-10-05,0,True,True
2018-10-12,31.899239158551591,32.060346456821456,28.113218487249647,29.16041374206543,5,0,0,2018-10-08,2018-10-12,0,True,True
2018-10-19,29.144304857142011,29.224857030490213,25.132736252444484,25.624113082885742,5,0,0,2018-10-15,2018-10-19,0,True,True
2018-10-26,26.389372483000795,26.558534711175813,21.386987747015155,22.828897476196289,5,0,0,2018-10-22,2018-10-26,0,True,True
2018-11-02,23.521659812589881,25.261620414553182,23.151114926374298,24.770242691040039,5,0,0,2018-10-29,2018-11-02,0,True,True
2018-11-09,24.939404418286113,25.052179527886885,23.569992733706574,24.24664306640625,5,0,0,2018-11-05,2018-11-09,0,True,True
2018-11-16,24.439972393317984,24.705799582553354,22.079750865890603,22.200580596923828,5,0,0,2018-11-12,2018-11-16,0,True,True
2018-11-23,22.393910647399661,23.215557155808714,20.976165744362568,22.965841293334961,5,0,0,2018-11-19,2018-11-23,0,True,True
2018-11-30,23.682766820491988,27.388234138279721,23.682766820491988,25.849660873413086,5,0,0,2018-11-26,2018-11-30,0,True,True
2018-12-07,27.066018521691507,28.419319152832031,25.503280538223063,26.236316680908203,5,0,0,2018-12-03,2018-12-07,0,True,True
2018-12-14,25.777160325711503,27.001577845217774,23.924428906662708,24.810516357421875,5,0,0,2018-12-10,2018-12-14,0,True,True
2018-12-21,25.229397413646964,25.261620052839117,23.006116858582452,24.794406890869141,5,0,0,2018-12-17,2018-12-21,0,True,True
2018-12-28,24.174144996357189,24.74607545706283,23.360553590670534,24.093591690063477,2,0,0,2018-12-27,2018-12-28,0,True,True
2019-01-04,24.166090261439361,24.786353210897737,23.441107420871351,24.439971923828125,3,0,0,2019-01-02,2019-01-04,0,True,True
2019-01-11,24.842740944844987,25.575779436533654,24.1258115387995,24.278863906860352,5,0,0,2019-01-07,2019-01-11,0,True,True
2019-01-18,22.555017677273081,23.15111586973013,19.365092863790149,19.775917053222656,5,0,0,2019-01-14,2019-01-18,0,True,True
2019-01-25,19.89674573179683,20.48479015385205,19.203986599199254,20.009521484375,5,0,0,2019-01-21,2019-01-25,0,True,True
2019-02-01,19.792025356366416,20.621731109691776,19.348983086982571,19.469814300537109,5,0,0,2019-01-28,2019-02-01,0,True,True
2019-02-08,19.389257959752054,20.605618942642348,19.203984441152791,19.824249267578125,5,0,0,2019-02-04,2019-02-08,0,True,True
2019-02-15,19.816195765349949,22.853065425556782,19.437592267534434,21.644760131835938,5,0,0,2019-02-11,2019-02-15,0,True,True
2019-02-22,21.878367076925048,21.975032046221767,20.299514499957581,20.613674163818359,5,0,0,2019-02-18,2019-02-22,0,True,True
2019-03-01,20.790891621635375,22.265024728353236,20.73450542322022,21.63670539855957,5,0,0,2019-02-25,2019-03-01,0,True,True
2019-03-08,21.894477331492265,22.224747960294231,20.943944660246881,20.992277145385742,5,0,0,2019-03-04,2019-03-08,0,True,True
2019-03-15,21.056719421601848,21.266159206851341,20.154519574394044,20.420345306396484,5,0,0,2019-03-11,2019-03-15,0,True,True
2019-03-22,20.420346046936842,21.660872888433772,20.404235298523414,20.500900268554688,5,0,0,2019-03-18,2019-03-22,0,True,True
2019-03-29,20.460622536060292,20.863390282927007,19.856469734412357,20.057853698730469,5,0,0,2019-03-25,2019-03-29,0,True,True
2019-04-05,20.122297418518286,20.605620079585883,19.97729996953829,20.541177749633789,5,0,0,2019-04-01,2019-04-05,0,True,True
2019-04-12,20.605618646798952,22.281134850162864,19.912857821421706,21.588373184204102,5,0,0,2019-04-08,2019-04-12,0,True,True
2019-04-19,21.636704310790012,22.828900574517341,21.620594467074117,22.490575790405273,4,0,0,2019-04-15,2019-04-18,0,True,True
2019-04-26,22.31335675442125,22.538907860553216,21.040608500365632,21.16949462890625,4,0,0,2019-04-23,2019-04-26,0,True,True
2019-05-03,21.620595950265564,22.748346577598852,21.475598104979703,21.94281005859375,4,0,0,2019-04-29,2019-05-03,0,True,True
2019-05-10,21.620596076266466,21.668927085731596,19.332872284724974,19.574533462524414,5,0,0,2019-05-06,2019-05-10,0,True,True
2019-05-17,19.767861656323756,19.767861656323756,18.382337447382881,18.688444137573242,5,0,0,2019-05-13,2019-05-17,0,True,True
2019-05-24,18.720664394914163,19.042878984230839,17.480137812006614,17.866796493530273,5,0,0,2019-05-20,2019-05-24,0,True,True
2019-05-31,17.899018642811644,18.285677078904087,16.465161507368613,16.819597244262695,5,0,0,2019-05-27,2019-05-31,0,True,True
2019-06-07,16.513495424395412,16.916265059979821,16.191281945260044,16.384609222412109,5,0,0,2019-06-03,2019-06-07,0,True,True
2019-06-14,16.610158596073557,16.867931027210588,16.287944793701172,16.287944793701172,5,0,0,2019-06-10,2019-06-14,0,True,True
2019-06-21,16.304055778352044,17.592913793891697,15.877119487587288,17.206256866455078,5,0,0,2019-06-17,2019-06-21,0,True,True
2019-06-28,17.544579151030327,17.592911629694353,16.545717454060789,17.367361068725586,5,0,0,2019-06-24,2019-06-28,0,True,True
2019-07-05,17.721798441282672,26.099376284466722,17.673465960727565,25.164955139160156,5,0,0,2019-07-01,2019-07-05,0,True,True
2019-07-12,25.632167573480785,28.161552634528945,24.101648224809132,27.436567306518555,5,0,0,2019-07-08,2019-07-12,0,True,True
2019-07-19,27.710449939426709,27.758782424786435,24.214421048956694,24.375528335571289,5,0,0,2019-07-15,2019-07-19,0,True,True
2019-07-26,24.488304677393238,25.374394809357369,22.941674160965512,23.151115417480469,5,0,0,2019-07-22,2019-07-26,0,True,True
2019-08-02,22.990005409889061,23.23166781799047,20.670062224829874,21.024497985839844,5,0,0,2019-07-29,2019-08-02,0,True,True
2019-08-09,20.847280255682385,21.668926568335188,19.091212575511506,19.155654907226562,5,0,0,2019-08-05,2019-08-09,0,True,True
2019-08-16,19.268427945409005,22.071694602959781,19.026767011717343,21.910587310791016,4,0,0,2019-08-12,2019-08-16,0,True,True
2019-08-23,22.232801760218003,23.086670698475157,21.056718826293945,21.056718826293945,5,0,0,2019-08-19,2019-08-23,0,True,True
2019-08-30,20.992276677850366,26.051046792719543,20.637840919259911,23.360553741455078,5,0,0,2019-08-26,2019-08-30,0,True,True
2019-09-06,24.246644032078489,27.565454791382521,24.166090382722214,25.551610946655273,5,0,0,2019-09-02,2019-09-06,0,True,True
2019-09-13,25.777160863677864,26.985468760464418,25.487167801484343,26.308816909790039,5,0,0,2019-09-09,2019-09-13,0,True,True
2019-09-20,26.453812716487558,27.194906607766455,25.664387263788395,26.099376678466793,5,0,0,2019-09-16,2019-09-20,0,True,True
2019-09-27,26.099377635873722,26.099377635873722,23.827763516548206,24.24664306640625,5,0,0,2019-09-23,2019-09-27,0,True,True
2019-10-04,24.327197879707086,25.019957837623689,23.408884458192659,24.24664306640625,5,0,0,2019-09-30,2019-10-04,0,True,True
2019-10-11,24.166091534246618,24.327198840636004,22.716124411734643,23.892206192016602,5,0,0,2019-10-07,2019-10-11,0,True,True
2019-10-18,23.569993056832708,24.810519454614312,23.392774442989325,24.359418869018555,5,0,0,2019-10-14,2019-10-18,0,True,True
2019-10-25,24.214422481077801,24.907182220286682,23.714988840468006,23.924428939819336,5,0,0,2019-10-21,2019-10-25,0,True,True
2019-11-01,23.795544111570504,24.214422898187024,22.973895839360623,23.39277458190918,5,0,0,2019-10-28,2019-11-01,0,True,True
2019-11-08,23.586103524657794,26.067155906226176,23.424997700616476,23.843875885009766,5,0,0,2019-11-04,2019-11-08,0,True,True
2019-11-15,23.843875292129169,24.359418799014811,23.553881865500497,23.763322830200195,5,0,0,2019-11-11,2019-11-15,0,True,True
2019-11-22,23.779432963865158,24.069427591529287,23.135001842925302,23.634435653686523,5,0,0,2019-11-18,2019-11-22,0,True,True
2019-11-29,23.731100892524204,24.327198840636004,23.376665572322167,23.763322830200195,5,0,0,2019-11-25,2019-11-29,0,True,True
2019-12-06,23.553882738119221,24.021093322143187,22.297246091413623,22.635570526123047,5,0,0,2019-12-02,2019-12-06,0,True,True
2019-12-13,22.716125333625897,23.424995938479778,22.393908864232994,22.796676635742188,5,0,0,2019-12-09,2019-12-13,0,True,True
2019-12-20,22.861120204277938,22.941673851981697,21.443376570209121,22.555017471313477,5,0,0,2019-12-16,2019-12-20,0,True,True
2019-12-27,22.393909778231556,22.555017074651644,22.136137514071283,22.361688613891602,2,0,0,2019-12-23,2019-12-27,0,True,True
2020-01-03,22.361689329285152,23.038339767348781,22.2328031930817,22.458354949951172,3,0,0,2019-12-30,2020-01-03,0,True,True
2020-01-10,22.297245616619808,27.871556515945532,21.668926294589671,27.71044921875,5,0,0,2020-01-06,2020-01-10,0,True,True
2020-01-17,27.54934112855058,28.532094728322697,25.616055459445779,27.501008987426758,5,0,0,2020-01-13,2020-01-17,0,True,True
2020-01-24,27.549342459789962,31.367585711014343,27.146575683652554,28.838201522827148,5,0,0,2020-01-20,2020-01-24,0,True,True
2020-01-31,28.838197935335451,30.368721227595696,27.146574742595316,27.307682037353516,5,0,0,2020-01-27,2020-01-31,0,True,True
2020-02-07,27.323791881997149,31.174258906009978,26.7760276697074,28.838201522827148,5,0,0,2020-02-03,2020-02-07,0,True,True
2020-02-14,28.918755888561964,30.336499814274227,27.758782150280915,28.773759841918945,5,0,0,2020-02-10,2020-02-14,0,True,True
2020-02-21,29.095971176382037,36.088025810864515,28.757646753244714,32.865882873535156,5,0,0,2020-02-17,2020-02-21,0,True,True
2020-02-28,30.449274172778861,31.593136213103243,28.838201588425374,29.402078628540039,5,0,0,2020-02-24,2020-02-28,0,True,True
2020-03-06,30.771488897511571,30.771488897511571,22.265025749977742,23.038339614868164,5,0,0,2020-03-02,2020-03-06,0,True,True
2020-03-13,19.655087064444992,21.346713666652565,16.126838684082031,18.172897338867188,5,0,0,2020-03-09,2020-03-13,0,True,True
2020-03-20,16.948483746150895,17.721798846144498,15.707957902053852,16.078506469726562,5,0,0,2020-03-16,2020-03-20,0,True,True
2020-03-27,16.110727434946096,19.058990651344274,15.772402981706207,17.80235481262207,5,0,0,2020-03-23,2020-03-27,0,True,True
2020-04-03,17.754018783569336,18.462891807191191,17.157922150170094,18.382339477539062,5,0,0,2020-03-30,2020-04-03,0,True,True
2020-04-10,18.688442954913469,20.138407878382239,18.527335662634556,19.203985214233398,4,0,0,2020-04-06,2020-04-09,0,True,True
2020-04-17,19.655087401786528,19.655087401786528,17.399585345359306,17.737911224365234,4,0,0,2020-04-14,2020-04-17,0,True,True
2020-04-24,18.076233339430566,18.1567895380362,17.15792405898231,17.254587173461914,5,0,0,2020-04-20,2020-04-24,0,True,True
2020-05-01,17.705689127209411,18.881771215625154,17.399585840242036,17.947349548339844,4,0,0,2020-04-27,2020-04-30,0,True,True
2020-05-08,17.721800447458381,18.140676808482606,17.431805330625384,17.721797943115234,5,0,0,2020-05-04,2020-05-08,0,True,True
2020-05-15,17.947347546405144,18.253452881200602,17.57680251909477,17.737911224365234,5,0,0,2020-05-11,2020-05-15,0,True,True
2020-05-22,18.044015118009458,18.156788371271567,16.030171850200933,16.497383117675781,5,0,0,2020-05-18,2020-05-22,0,True,True
2020-05-29,16.755156032575584,22.26502611688576,16.304055303500309,21.185606002807617,5,0,0,2020-05-25,2020-05-29,0,True,True
2020-06-05,22.55501757956765,24.327198510382086,21.137272461622562,24.004983901977539,5,0,0,2020-06-01,2020-06-05,0,True,True
2020-06-12,24.488306052893183,26.034935303453846,21.233937423811582,22.861120223999023,5,0,0,2020-06-08,2020-06-12,0,True,True
2020-06-19,22.232802553445456,24.649411435993066,21.894478114705379,23.956649780273438,5,0,0,2020-06-15,2020-06-19,0,True,True
2020-06-26,23.972762019462866,27.1143518566059,23.731101070383431,25.229396820068359,5,0,0,2020-06-22,2020-06-26,0,True,True
2020-07-03,25.438838268157113,27.17879343910348,24.198312340184643,25.197177886962891,5,0,0,2020-06-29,2020-07-03,0,True,True
2020-07-10,25.390504945348962,26.018824294596996,24.29497521065829,25.132734298706055,5,0,0,2020-07-06,2020-07-10,0,True,True
2020-07-17,25.229396278467508,25.583835537807207,24.327195622147169,25.213287353515625,5,0,0,2020-07-13,2020-07-17,0,True,True
2020-07-24,25.213285960020684,31.94757255548555,25.036068829372958,28.209884643554684,5,0,0,2020-07-20,2020-07-24,0,True,True
2020-07-31,27.662114995529262,28.242101818857513,24.552744911217577,24.665519714355469,5,0,0,2020-07-27,2020-07-31,0,True,True
2020-08-07,24.649411074197527,26.421589951552875,22.877233182115244,23.457220077514648,5,0,0,2020-08-03,2020-08-07,0,True,True
2020-08-14,23.698879457053934,24.810517869429169,22.812789983395184,23.038339614868164,5,0,0,2020-08-10,2020-08-14,0,True,True
2020-08-21,22.877232792624813,24.327196989975494,22.216692321660744,23.586103439331055,5,0,0,2020-08-17,2020-08-21,0,True,True
2020-08-28,23.84387543387005,24.439972397771335,23.006116278989126,23.714988708496094,5,0,0,2020-08-24,2020-08-28,0,True,True
2020-09-04,23.859983713803217,24.053315095875302,22.748345538547376,23.102781295776367,5,0,0,2020-08-31,2020-09-04,0,True,True
2020-09-11,23.215557181127409,23.908316614969223,22.426131691431504,22.941673278808594,5,0,0,2020-09-07,2020-09-11,0,True,True
2020-09-18,22.925565122790704,23.151116232168341,21.652816772460938,21.652816772460938,5,0,0,2020-09-14,2020-09-18,0,True,True
2020-09-25,21.556152235545113,22.361688685125312,20.782836706280033,22.055582046508789,5,0,0,2020-09-21,2020-09-25,0,True,True
2020-10-02,22.297245424456182,22.732236599957048,21.314490886229063,21.862255096435547,5,0,0,2020-09-28,2020-10-02,0,True,True
2020-10-09,22.410022847491945,22.716124097875756,19.864525685632593,20.267293930053711,5,0,0,2020-10-05,2020-10-09,0,True,True
2020-10-16,20.138406659557671,21.233937506456847,18.317897076271041,18.736776351928711,5,0,0,2020-10-12,2020-10-16,0,True,True
2020-10-23,18.720663790429718,19.800082481377775,17.931238661982277,18.849550247192383,5,0,0,2020-10-19,2020-10-23,0,True,True
2020-10-30,18.527335527540654,18.768996464196931,16.175167386870648,16.658489227294922,5,0,0,2020-10-26,2020-10-30,0,True,True
2020-11-06,16.545715848031989,19.091210812940464,16.449050881751951,17.995681762695312,5,0,0,2020-11-02,2020-11-06,0,True,True
2020-11-13,18.205121615699824,18.930104452364709,17.963459455648554,18.623998641967773,5,0,0,2020-11-09,2020-11-13,0,True,True
2020-11-20,18.591776612631296,20.380069021404161,18.52733429038086,19.783971786499023,5,0,0,2020-11-16,2020-11-20,0,True,True
2020-11-27,20.299513090982938,20.718393698479211,18.124566333887802,18.172897338867188,5,0,0,2020-11-23,2020-11-27,0,True,True
2020-12-04,18.350117893827267,20.299513611179194,18.092345624456687,18.720664978027344,5,0,0,2020-11-30,2020-12-04,0,True,True
2020-12-11,18.720664316850147,18.720664316850147,17.399583381432407,17.754018783569336,5,0,0,2020-12-07,2020-12-11,0,True,True
2020-12-18,17.850685197484324,18.011792625434143,16.819596690825868,17.431804656982422,5,0,0,2020-12-14,2020-12-18,0,True,True
2020-12-25,16.835707395345896,17.319029223425879,16.771265074823283,16.916263580322266,3,0,0,2020-12-21,2020-12-23,0,True,True
2021-01-01,17.061258886531061,17.222366180448528,16.706822813331691,16.803487777709961,3,0,0,2020-12-28,2020-12-30,0,True,True
2021-01-08,16.835707825338559,19.042878704598856,16.642380027163544,18.366226196289062,5,0,0,2021-01-04,2021-01-08,0,True,True
2021-01-15,18.317896300083866,18.430671112273735,17.174035206963893,17.319032669067383,5,0,0,2021-01-11,2021-01-15,0,True,True
2021-01-22,17.174032416057496,18.0279020017399,17.077368931750794,17.351253509521484,5,0,0,2021-01-18,2021-01-22,0,True,True
2021-01-29,17.431806769574489,17.544581585626457,16.529603427003757,16.62626838684082,5,0,0,2021-01-25,2021-01-29,0,True,True
2021-02-05,16.755154974299927,18.962324265263604,16.739043655639001,18.672330856323242,5,0,0,2021-02-01,2021-02-05,0,True,True
2021-02-12,20.29951571264937,23.360554463438255,19.783971455206586,20.879501342773438,5,0,0,2021-02-08,2021-02-12,0,True,True
2021-02-19,21.121162422111524,21.443377010309604,19.912856874450963,20.573398590087891,5,0,0,2021-02-15,2021-02-19,0,True,True
2021-02-26,20.39617919921875,20.557286625645762,18.527336913987252,19.461759567260742,5,0,0,2021-02-22,2021-02-26,0,True,True
2021-03-05,19.510090578432507,20.138408470869305,18.962325001675676,19.365093231201172,5,0,0,2021-03-01,2021-03-05,0,True,True
2021-03-12,19.526199750661029,20.202850602732102,18.688441682428355,18.978433609008789,5,0,0,2021-03-08,2021-03-12,0,True,True
2021-03-19,19.477866770955426,19.477866770955426,18.704554099647648,18.930105209350586,5,0,0,2021-03-15,2021-03-19,0,True,True
2021-03-26,18.897879968354182,19.075099399427121,18.366226895635357,18.527334213256836,5,0,0,2021-03-22,2021-03-26,0,True,True
2021-04-02,18.430671313512995,19.808137742314685,18.366227023930051,19.091211318969727,4,0,0,2021-03-29,2021-04-01,0,True,True
2021-04-09,19.510089259910554,19.574533061651671,18.45483747507814,18.487058639526367,4,0,0,2021-04-06,2021-04-09,0,True,True
2021-04-16,18.446780090092037,19.808137433958684,18.366226445924994,18.897882461547852,5,0,0,2021-04-12,2021-04-16,0,True,True
2021-04-23,18.970380837137643,19.220096709049393,18.317896286702652,18.527334213256836,5,0,0,2021-04-19,2021-04-23,0,True,True
2021-04-30,18.454837260840357,18.696498203477159,18.221231514832883,18.309841156005859,5,0,0,2021-04-26,2021-04-30,0,True,True
2021-05-07,18.495112835305829,19.872578459080032,18.301784381491807,19.268426895141602,5,0,0,2021-05-03,2021-05-07,0,True,True
2021-05-14,19.655087474003661,19.751750968303149,18.873714048321684,19.220096588134766,5,0,0,2021-05-10,2021-05-14,0,True,True
2021-05-21,19.236208422935547,20.847279536949134,19.123433605873046,19.493980407714844,5,0,0,2021-05-17,2021-05-21,0,True,True
2021-05-28,19.485924091920964,20.93588976995623,19.091212493677283,19.985357284545898,5,0,0,2021-05-24,2021-05-28,0,True,True
2021-06-04,19.977300030168845,20.436456614533199,19.73564088599386,20.210906982421875,5,0,0,2021-05-31,2021-06-04,0,True,True
2021-06-11,20.098131309744684,21.072829942857467,19.920912809520487,20.041742324829102,5,0,0,2021-06-07,2021-06-11,0,True,True
2021-06-18,20.138409623289959,20.235074600605916,18.938159726041711,19.002603530883789,5,0,0,2021-06-14,2021-06-18,0,True,True
2021-06-25,18.93010632506531,19.332870593066733,18.849550247192383,18.849550247192383,5,0,0,2021-06-21,2021-06-25,0,True,True
2021-07-02,18.954269283774597,19.083155802982105,18.414559591315559,18.462890625,5,0,0,2021-06-28,2021-07-02,0,True,True
2021-07-09,18.438726155493864,18.672332104865841,17.762074437773244,17.995681762695312,5,0,0,2021-07-05,2021-07-09,0,True,True
2021-07-16,18.076236316959861,18.382339605561494,17.399584620541148,17.520414352416992,5,0,0,2021-07-12,2021-07-16,0,True,True
2021-07-23,17.480140480639371,19.300649013206741,16.835711229760836,18.382339477539062,5,0,0,2021-07-19,2021-07-23,0,True,True
2021-07-30,18.527336935382959,20.267294882611594,18.140677090860077,18.86566162109375,5,0,0,2021-07-26,2021-07-30,0,True,True
2021-08-06,19.171765411849258,19.332871266478499,18.076236588525905,19.2442626953125,5,0,0,2021-08-02,2021-08-06,0,True,True
2021-08-13,19.332872411045251,19.413426064525275,18.632054877064913,18.704553604125977,5,0,0,2021-08-09,2021-08-13,0,True,True
2021-08-20,18.704551222707121,18.768995019018906,17.657357061371229,18.044013977050781,5,0,0,2021-08-16,2021-08-20,0,True,True
2021-08-27,18.156789998128509,18.768995773345647,17.899015548573217,18.00373649597168,5,0,0,2021-08-23,2021-08-27,0,True,True
2021-09-03,18.060125214695795,18.559558454466242,17.979571561488978,18.060123443603516,5,0,0,2021-08-30,2021-09-03,0,True,True
2021-09-10,18.205122484490104,18.285676136852633,17.552637128267392,17.939294815063477,5,0,0,2021-09-06,2021-09-10,0,True,True
2021-09-17,18.044014246557229,18.205121542950067,17.657357467032423,17.7056884765625,5,0,0,2021-09-13,2021-09-17,0,True,True
2021-09-24,17.72179959447039,18.132623085566262,16.924318302757886,17.472084045410156,5,0,0,2021-09-20,2021-09-24,0,True,True
2021-10-01,17.592911823498067,17.86679592264635,17.23847829893614,17.633190155029297,5,0,0,2021-09-27,2021-10-01,0,True,True
2021-10-08,17.64124536887433,18.253452089174466,17.528469085693359,18.044013977050781,5,0,0,2021-10-04,2021-10-08,0,True,True
2021-10-15,18.100403188768272,18.100403188768272,17.496248032029296,17.560691833496094,5,0,0,2021-10-11,2021-10-15,0,True,True
2021-10-22,17.600969060247397,17.633190225709818,17.077371066002026,17.270698547363281,5,0,0,2021-10-18,2021-10-22,0,True,True
2021-10-29,15.630626100210725,17.190144220154451,15.627403836504046,16.610158920288086,5,0,0,2021-10-25,2021-10-29,0,True,True
2021-11-05,16.594047921026714,16.916262501035785,16.175166904213196,16.449050903320312,5,0,0,2021-11-01,2021-11-05,0,True,True
2021-11-12,16.432941436767578,16.674602383623583,16.134891656301292,16.175168991088867,5,0,0,2021-11-08,2021-11-12,0,True,True
2021-11-19,16.191280635384285,16.368497779838716,14.821868036048924,14.950754165649412,5,0,0,2021-11-15,2021-11-19,0,True,True
2021-11-26,15.031306909445799,15.285856889513056,12.556701079650802,13.678006172180176,5,0,0,2021-11-22,2021-11-26,0,True,True
2021-12-03,13.594231298615354,15.869065523267894,12.904693057194217,14.309548377990723,5,0,0,2021-11-29,2021-12-03,0,True,True
2021-12-10,14.564095456089937,15.591961034570581,14.344990367842916,14.515764236450195,5,0,0,2021-12-06,2021-12-10,0,True,True
2021-12-17,14.921755267848066,15.208525279679806,14.344990685769854,14.9378662109375,5,0,0,2021-12-13,2021-12-17,0,True,True
2021-12-24,14.660760205234711,15.031307103728752,14.051774481843312,14.518987655639648,4,0,0,2021-12-20,2021-12-23,0,True,True
2021-12-31,14.438431326710351,14.709092630332721,14.370766639709473,14.370766639709473,4,0,0,2021-12-27,2021-12-30,0,True,True
2022-01-07,14.409433464378937,15.546851357171841,14.409433464378937,14.928199768066406,5,0,0,2022-01-03,2022-01-07,0,True,True
2022-01-14,14.928199970643051,15.195636316067224,14.473876710439448,14.544763565063477,5,0,0,2022-01-10,2022-01-14,0,True,True
2022-01-21,14.657539874617644,14.821869447430153,14.515765440349208,14.564096450805664,5,0,0,2022-01-17,2022-01-21,0,True,True
2022-01-28,14.564096277396928,14.634984609681727,13.823003587484239,14.467432022094727,5,0,0,2022-01-24,2022-01-28,0,True,True
2022-02-04,14.51898630470675,15.466296498319201,14.51898630470675,14.902420997619629,5,0,0,2022-01-31,2022-02-04,0,True,True
2022-02-11,14.902421361181236,17.012925749833016,14.821867716258957,16.835708618164062,5,0,0,2022-02-07,2022-02-11,0,True,True
2022-02-18,16.287944616221353,16.956539951663345,14.982976270369329,15.137639045715332,5,0,0,2022-02-14,2022-02-18,0,True,True
2022-02-25,15.144084040954125,15.369633682837792,13.146352447187715,14.038886070251465,5,0,0,2022-02-21,2022-02-25,0,True,True
2022-03-04,13.739228254844511,14.154884065146083,12.321483076279808,12.324706077575684,5,0,0,2022-02-28,2022-03-04,0,True,True
2022-03-11,11.81882857744001,14.16777413703179,11.277508871282013,14.061442375183105,5,0,0,2022-03-07,2022-03-11,0,True,True
2022-03-18,14.17099552500831,15.901286760047295,14.035666331076539,15.746623992919922,5,0,0,2022-03-14,2022-03-18,0,True,True
2022-03-25,15.691847133319063,16.223501506494522,15.330967194216363,15.537184715270996,5,0,0,2022-03-21,2022-03-25,0,True,True
2022-04-01,15.546852715673392,16.2073932871882,15.031307395764538,15.119915962219238,5,0,0,2022-03-28,2022-04-01,0,True,True
2022-04-08,15.14408276398772,15.369632386852784,13.903557452531746,14.266048431396484,5,0,0,2022-04-04,2022-04-08,0,True,True
2022-04-15,14.338546455172128,14.547986235801549,13.710228140204482,13.798836708068849,4,0,0,2022-04-11,2022-04-14,0,True,True
2022-04-22,13.9841109257034,14.322436976451101,13.557176435057055,13.798836708068849,4,0,0,2022-04-19,2022-04-22,0,True,True
2022-04-29,13.613563403186271,14.499653182830981,12.824138782563606,12.969136238098145,5,0,0,2022-04-25,2022-04-29,0,True,True
2022-05-06,12.969136238098145,13.371902811596163,11.559445847461207,11.672222137451172,5,0,0,2022-05-02,2022-05-06,0,True,True
2022-05-13,11.921937916487348,11.921937916487348,11.051959037780762,11.325840950012207,5,0,0,2022-05-09,2022-05-13,0,True,True
2022-05-20,11.309730964235358,11.664166170344828,11.027791908480314,11.366116523742676,5,0,0,2022-05-16,2022-05-20,0,True,True
2022-05-27,11.438615596517492,12.300539310798023,11.333895708544214,12.002490997314453,5,0,0,2022-05-23,2022-05-27,0,True,True
2022-06-03,12.163599373561544,12.759694034382132,12.147488790456576,12.70330810546875,5,0,0,2022-05-30,2022-06-03,0,True,True
2022-06-10,12.727473217977634,13.057744201461681,11.615833999041882,11.776941299438477,5,0,0,2022-06-06,2022-06-10,0,True,True
2022-06-17,11.986379265940966,11.986379265940966,11.011681703045568,11.253341674804688,5,0,0,2022-06-13,2022-06-17,0,True,True
2022-06-24,11.438616007460233,11.543334681310874,10.512249330710587,10.858630180358887,5,0,0,2022-06-20,2022-06-24,0,True,True
2022-07-01,10.955293754385973,10.963349414011258,8.3453569412231445,8.3453569412231445,5,0,0,2022-06-27,2022-07-01,0,True,True
2022-07-08,8.3534122441711549,8.6514596939086914,7.3142692106350813,8.6514596939086914,5,0,0,2022-07-04,2022-07-08,0,True,True
2022-07-15,8.6997930446723579,8.7803466976296978,6.8502805045721074,6.8953914642333984,5,0,0,2022-07-11,2022-07-15,0,True,True
2022-07-22,6.9437224142667322,7.862033444117146,6.7246165398618656,6.7665047645568848,5,0,0,2022-07-18,2022-07-22,0,True,True
2022-07-29,6.7665049661701619,6.943722844530976,6.453957072607257,6.6666183471679688,5,0,0,2022-07-25,2022-07-29,0,True,True
2022-08-05,6.8470584095276994,7.1692728996276855,6.6053975858302714,6.6859512329101562,5,0,0,2022-08-01,2022-08-05,0,True,True
2022-08-12,6.685950792157489,6.9276123784060362,6.5248438996622875,6.9211678504943848,5,0,0,2022-08-08,2022-08-12,0,True,True
2022-08-19,6.937278366765244,7.0274980698672476,6.4442905149623968,6.479733943939209,4,0,0,2022-08-16,2022-08-19,0,True,True
2022-08-26,6.4281788194420839,6.4604007199235793,5.8030835868239263,5.8320832252502441,5,0,0,2022-08-22,2022-08-26,0,True,True
2022-09-02,5.7676400085710871,5.7966388091878924,4.8009966100375223,5.1296553611755371,5,0,0,2022-08-29,2022-09-02,0,True,True
2022-09-09,5.0491020737520431,5.0748790807354673,4.5174472684176656,4.9234380722045898,5,0,0,2022-09-05,2022-09-09,0,True,True
2022-09-16,4.971769947834372,6.4442903258098854,4.9298819919883643,5.6161990165710449,5,0,0,2022-09-12,2022-09-16,0,True,True
2022-09-23,5.4712028581150962,5.4776466486199942,4.5110028105394813,4.9169936180114746,5,0,0,2022-09-19,2022-09-23,0,True,True
2022-09-30,3.6249127824702141,4.913771553706952,3.5765806661103579,3.8577127456665044,4,0,0,2022-09-26,2022-09-30,1,True,True
2022-10-07,3.9326275898404308,4.2218152637766613,3.5451649988519494,3.6692173480987544,5,0,0,2022-10-03,2022-10-07,0,True,True
2022-10-14,3.639412782012271,4.3748674742633487,1.594961404800415,1.594961404800415,5,0,0,2022-10-10,2022-10-14,0,True,True
2022-10-21,1.6391376450140867,1.7164555732359092,1.5242434739189596,1.5386245250701904,5,0,0,2022-10-17,2022-10-21,0,True,True
2022-10-28,1.5424904473813204,1.5695517220555797,1.4875946974541931,1.4923883676528931,5,0,0,2022-10-24,2022-10-28,0,True,True
2022-11-04,1.5287279814034003,1.5834689360188174,1.1494067504750827,1.2525486946105957,5,0,0,2022-10-31,2022-11-04,0,True,True
2022-11-11,1.2510023066181462,1.4365651767945455,1.2417241036610627,1.3917207717895508,5,0,0,2022-11-07,2022-11-11,0,True,True
2022-11-18,1.3949680576246148,1.4535749850070558,1.3394538664610318,1.4017720222473145,5,0,0,2022-11-14,2022-11-18,0,True,True
2022-11-25,1.4081121513943973,1.4458431562532177,1.3615667516609009,1.3739376068115234,5,0,0,2022-11-21,2022-11-25,0,True,True
2022-12-02,1.3689892660626326,1.5571807471682622,1.3372889538034509,1.4606882333755493,5,0,0,2022-11-28,2022-12-02,0,True,True
2022-12-09,1.4749146795600783,1.5463563059438115,1.3700716143793614,1.409503698348999,5,0,0,2022-12-05,2022-12-09,0,True,True
2022-12-16,1.4040915448519216,1.5652990882755058,1.374865445273201,1.5110993385314941,5,0,0,2022-12-12,2022-12-16,0,True,True
2022-12-23,1.511099284519646,1.6433902032247087,1.4303797313968549,1.5216145515441895,5,0,0,2022-12-19,2022-12-23,0,True,True
2022-12-30,1.5467428959715104,1.5479027635036728,1.4608428814663705,1.4880586862564087,4,0,0,2022-12-27,2022-12-30,0,True,True
2023-01-06,1.5035222264545205,1.6356583630003547,1.50135733706304,1.5353772640228271,5,0,0,2023-01-02,2023-01-06,0,True,True
2023-01-13,1.5333670758944495,1.820834536570098,1.5316660779863447,1.7052443027496338,5,0,0,2023-01-09,2023-01-13,0,True,True
2023-01-20,1.7172287230810102,1.7400374855451719,1.5494490364810765,1.5680054426193237,5,0,0,2023-01-16,2023-01-20,0,True,True
2023-01-27,1.5780564612084227,1.7176151725282143,1.5707114327445779,1.6890077590942383,5,0,0,2023-01-23,2023-01-27,0,True,True
2023-02-03,1.6928737792130006,2.0284329765157603,1.6890077996428798,1.924826979637146,5,0,0,2023-01-30,2023-02-03,0,True,True
2023-02-10,1.921347764298714,2.0636122589465313,1.7558875359367567,1.9020184278488159,5,0,0,2023-02-06,2023-02-10,0,True,True
2023-02-17,1.9097499921470629,2.0856483154990912,1.825473829333121,2.0408039093017578,5,0,0,2023-02-13,2023-02-17,0,True,True
2023-02-24,2.070571136426925,2.3002050781366163,1.990160468815185,2.0636124610900879,5,0,0,2023-02-20,2023-02-24,0,True,True
2023-03-03,2.0752101376683547,2.1486620830222836,1.8362981417513857,1.9027913808822634,5,0,0,2023-02-27,2023-03-03,0,True,True
2023-03-10,1.9058842023421279,1.9313990771196157,1.7044712078188409,1.782562255859375,5,0,0,2023-03-06,2023-03-10,0,True,True
2023-03-17,1.7717376953104857,1.7717376953104857,1.4149160243600969,1.4620798826217651,5,0,0,2023-03-13,2023-03-17,0,True,True
2023-03-24,1.4125965555164341,1.5676186184733689,1.3570823670611876,1.4540388584136963,5,0,0,2023-03-20,2023-03-24,0,True,True
2023-03-31,1.497955329263198,1.574190625089136,1.3864631075214782,1.5506088733673096,5,0,0,2023-03-27,2023-03-31,0,True,True
2023-04-07,1.5308927312896077,1.5749638247871458,1.4659457742089719,1.4960997104644775,4,0,0,2023-04-03,2023-04-06,0,True,True
2023-04-14,1.5200681986181102,1.6344987154006958,1.5015119777542776,1.6344987154006958,4,0,0,2023-04-11,2023-04-14,0,True,True
2023-04-21,1.654601365524814,1.816968515095988,1.6267669410714227,1.7566608190536499,5,0,0,2023-04-17,2023-04-21,0,True,True
2023-04-28,1.742743449215459,1.7875878481812095,1.5718711069408833,1.6151691675186157,5,0,0,2023-04-24,2023-04-28,0,True,True
2023-05-05,1.6314057738164072,1.6747037446888611,1.528959796557458,1.5811494588851929,4,0,0,2023-05-02,2023-05-05,0,True,True
2023-05-12,1.60434472650189,1.7589803084200686,1.5865616272625531,1.6468696594238281,5,0,0,2023-05-08,2023-05-12,0,True,True
2023-05-19,1.6623331568589792,1.7551145325619177,1.6159423296418916,1.6553745269775391,5,0,0,2023-05-15,2023-05-19,0,True,True
2023-05-26,1.6584671050790869,1.7899074126532557,1.5579540725790999,1.6205813884735107,5,0,0,2023-05-22,2023-05-26,0,True,True
2023-06-02,1.6476427481214968,1.7303725481033325,1.5850151662746845,1.7303725481033325,5,0,0,2023-05-29,2023-06-02,0,True,True
2023-06-09,1.7303727759641212,1.9213477574880546,1.6801162958145142,1.6801162958145142,5,0,0,2023-06-05,2023-06-09,0,True,True
2023-06-16,1.68939432198533,1.8030514588076567,1.6290865439258833,1.7674852609634399,5,0,0,2023-06-12,2023-06-16,0,True,True
2023-06-23,1.7659387560151518,1.8517619228301068,1.7458362579345703,1.7458362579345703,5,0,0,2023-06-19,2023-06-23,0,True,True
2023-06-30,1.7326921294329083,1.8154224042006919,1.6816623849814456,1.7798562049865723,5,0,0,2023-06-26,2023-06-30,0,True,True
2023-07-07,1.8076906868316269,1.8347516276267604,1.7195481276490456,1.7705780267715452,5,0,0,2023-07-03,2023-07-07,0,True,True
2023-07-14,1.7558875646822512,1.9932532139906332,1.7466095460343667,1.9630992412567139,5,0,0,2023-07-10,2023-07-14,0,True,True
2023-07-21,1.9932533616766397,2.0025313802006481,1.9221209646257116,1.953821063041687,5,0,0,2023-07-17,2023-07-21,0,True,True
2023-07-28,1.9491820279514445,2.0651590059972262,1.9027913836074593,2.0056242942810059,5,0,0,2023-07-24,2023-07-28,0,True,True
2023-08-04,2.0218609779161465,2.0605198506187401,1.8571738683516121,1.9569138288497923,5,0,0,2023-07-31,2023-08-04,0,True,True
2023-08-11,1.9808825823382397,2.1463427073095644,1.9097501039505005,2.031912088394165,5,0,0,2023-08-07,2023-08-11,0,True,True
2023-08-18,2.0218609088160169,2.2491752348902749,1.9932533660498686,2.0118095874786377,4,0,0,2023-08-14,2023-08-18,0,True,True
2023-08-25,2.0373244048593735,2.0798492544528808,1.9290793889740065,1.9383575916290283,5,0,0,2023-08-21,2023-08-25,0,True,True
2023-09-01,1.9600065686445229,2.0659321687418246,1.9484088159237749,1.9600067138671875,5,0,0,2023-08-28,2023-09-01,0,True,True
2023-09-08,1.971604253202083,1.9917069028759118,1.7257337372566091,1.78681480884552,5,0,0,2023-09-04,2023-09-08,0,True,True
2023-09-15,1.8247004027712803,1.9399040753851065,1.7976392926340015,1.9267600774765015,5,0,0,2023-09-11,2023-09-15,0,True,True
2023-09-22,1.9329454773364061,2.1571672193852822,1.9267601314438292,2.0504686832427979,5,0,0,2023-09-18,2023-09-22,0,True,True
2023-09-29,2.069798038434886,2.1270131327418871,1.8270197570231383,1.867225170135498,5,0,0,2023-09-25,2023-09-29,0,True,True
2023-10-06,1.8679981905463949,2.0489222826239737,1.8641323959311864,2.0172219276428223,5,0,0,2023-10-02,2023-10-06,0,True,True
2023-10-13,1.9708311601455544,2.0690247021154571,1.8362980683926788,1.9484089612960815,5,0,0,2023-10-09,2023-10-13,0,True,True
2023-10-20,1.9623262366701915,2.0210879208457282,1.8347516059875488,1.8347516059875488,5,0,0,2023-10-16,2023-10-20,0,True,True
2023-10-27,1.8633594734030101,1.9058841561868589,1.7613000248887141,1.8780497312545776,5,0,0,2023-10-23,2023-10-27,0,True,True
2023-11-03,1.8819154853928319,2.1061373415440041,1.8533079417406209,2.055107593536377,5,0,0,2023-10-30,2023-11-03,0,True,True
2023-11-10,2.0875809329353778,2.1053642393721499,1.9592333291489263,2.074437141418457,5,0,0,2023-11-06,2023-11-10,0,True,True
2023-11-17,2.1045908739700594,2.4532943776317309,2.1045908739700594,2.3581933975219727,5,0,0,2023-11-13,2023-11-17,0,True,True
2023-11-24,2.4185013443655139,2.4416966674634772,2.1703111389201508,2.3071637153625488,5,0,0,2023-11-20,2023-11-24,0,True,True
2023-12-01,2.3272661349388963,2.4625723269943305,2.276236428579264,2.4277794361114502,5,0,0,2023-11-27,2023-12-01,0,True,True
2023-12-08,2.4664382997583956,2.6628255983561622,2.4370574479860867,2.5290656089782715,5,0,0,2023-12-04,2023-12-08,0,True,True
2023-12-15,2.5360244306883915,2.6504548050352463,2.2955661001438723,2.3087100982666016,5,0,0,2023-12-11,2023-12-15,0,True,True
2023-12-22,2.2808755998625831,2.4099964533024476,2.2654120514708396,2.3744301795959473,5,0,0,2023-12-18,2023-12-22,0,True,True
2023-12-29,2.4038111174478041,2.4455628387463033,2.3504617683507445,2.3551008701324463,3,0,0,2023-12-27,2023-12-29,0,True,True
2024-01-05,2.3682447014585621,2.6164350665900717,2.3651520286028429,2.5777761936187744,4,0,0,2024-01-02,2024-01-05,0,True,True
2024-01-12,2.5924665652261814,2.6272596448005383,2.4092229981323721,2.4471087455749512,5,0,0,2024-01-08,2024-01-12,0,True,True
2024-01-19,2.4045840123066515,2.5128290785226235,2.3520079431541077,2.5050973892211914,5,0,0,2024-01-15,2024-01-19,0,True,True
2024-01-26,2.5352511774166699,2.6342182552056519,2.4958189768087329,2.5058703422546387,5,0,0,2024-01-22,2024-01-26,0,True,True
2024-02-02,2.5197876599999995,2.5762296849740416,2.4355112525868385,2.4950459003448486,5,0,0,2024-01-29,2024-02-02,0,True,True
2024-02-09,2.5267461571870764,2.7934925350135904,2.4989119172533267,2.7177212238311768,5,0,0,2024-02-05,2024-02-09,0,True,True
2024-02-16,2.7525144909378252,2.8885936898166307,2.7022574605590757,2.7246799468994141,5,0,0,2024-02-12,2024-02-16,0,True,True
2024-02-23,2.7246796924913599,2.9303451408340355,2.6659183045168273,2.8924593925476074,5,0,0,2024-02-19,2024-02-23,0,True,True
2024-03-01,2.9187476487076816,3.0586928544712828,2.8391101276085933,2.9937458038330078,5,0,0,2024-02-26,2024-03-01,0,True,True
2024-03-08,3.0308585582903205,3.1043102517718699,2.9728700370296903,2.9829213619232178,5,0,0,2024-03-04,2024-03-08,0,True,True
2024-03-15,2.9504478998358024,3.2573995924423982,2.877769073328257,3.2318847179412842,5,0,0,2024-03-11,2024-03-15,0,True,True
2024-03-22,3.2674508073675934,3.4019840239693258,3.1901330622452524,3.2156479358673096,5,0,0,2024-03-18,2024-03-22,0,True,True
2024-03-29,3.2682240967069882,3.35868593952496,3.1522475788205071,3.2473480701446533,4,0,0,2024-03-25,2024-03-28,0,True,True
2024-04-05,3.2396164747144689,3.2736364281533441,3.0641052017842689,3.1321449279785156,4,0,0,2024-04-02,2024-04-05,0,True,True
2024-04-12,3.1437422961827761,3.2442555767628134,3.0555999572739467,3.07956862449646,5,0,0,2024-04-08,2024-04-12,0,True,True
2024-04-19,3.0888466126427541,3.2581731198603099,3.0440023980579789,3.2187409400939941,5,0,0,2024-04-15,2024-04-19,0,True,True
2024-04-26,3.2512144063611261,3.4847140312194824,3.2249264084130833,3.4847140312194824,5,0,0,2024-04-22,2024-04-26,0,True,True
2024-05-03,3.5024973904838652,3.7421827018075984,3.4290452553949464,3.5140950679779053,4,0,0,2024-04-29,2024-05-03,0,True,True
2024-05-10,3.548114619950395,3.7004303204733979,3.4986313156983431,3.6602253913879395,5,0,0,2024-05-06,2024-05-10,0,True,True
2024-05-17,3.6640911575653385,4.1473276892978719,3.6215664917425641,4.093205451965332,5,0,0,2024-05-13,2024-05-17,0,True,True
2024-05-24,4.1629944862174852,4.2441443970012642,3.9917680504673152,4.085090160369873,5,0,0,2024-05-20,2024-05-24,0,True,True
2024-05-31,4.0850898690162154,4.2425214344915574,3.7207266838564332,4.0088090896606445,5,0,0,2024-05-27,2024-05-31,0,True,True
2024-06-07,4.0574991303624222,4.0737291114057417,3.8091800100682724,3.9812183380126953,5,0,0,2024-06-03,2024-06-07,0,True,True
2024-06-14,3.9455125170395258,4.0161129218861307,3.3831429141939022,3.5162289142608643,5,0,0,2024-06-10,2024-06-14,0,True,True
2024-06-21,3.5332703862689359,3.7572444308320123,3.503244746621303,3.6054935455322266,5,0,0,2024-06-17,2024-06-21,0,True,True
2024-06-28,3.637953645825724,3.7815890980374367,3.5113597967569365,3.5584268569946289,5,0,0,2024-06-24,2024-06-28,0,True,True
2024-07-05,3.6525606150694867,4.0550649657789828,3.6379535162175447,3.9252245426177979,5,0,0,2024-07-01,2024-07-05,0,True,True
2024-07-12,3.9406433290466034,4.1207963723978356,3.9171099906716567,4.0088090896606445,5,0,0,2024-07-08,2024-07-12,0,True,True
2024-07-19,4.004751622832126,4.0737292996633903,3.8935760777902519,3.989332914352417,5,0,0,2024-07-15,2024-07-19,0,True,True
2024-07-26,4.0169239196300204,4.200323398987666,3.9544391608884286,4.0169243812561035,5,0,0,2024-07-22,2024-07-26,0,True,True
2024-08-02,4.0331540145824842,4.1272881401631558,3.6054934920872306,3.6347076892852783,5,0,0,2024-07-29,2024-08-02,0,True,True
2024-08-09,3.3352643776005353,4.1337801143590784,3.3271491936409379,4.1029434204101562,5,0,0,2024-08-05,2024-08-09,0,True,True
2024-08-16,4.1029432683120781,4.3171791961065624,4.0867129004782443,4.2603740692138672,4,0,0,2024-08-12,2024-08-16,0,True,True
2024-08-23,4.2587512849198905,4.3171792951648449,4.1759779887979986,4.2425212860107422,5,0,0,2024-08-19,2024-08-23,0,True,True
2024-08-30,4.2214223864291602,4.3139332704981062,4.1727321437161455,4.2668662071228027,5,0,0,2024-08-26,2024-08-30,0,True,True
2024-09-06,4.2928338568335196,4.2928338568335196,3.9649882058966828,3.9860875606536865,5,0,0,2024-09-02,2024-09-06,0,True,True
2024-09-13,4.0071864506905559,4.0769753182285768,3.9016911548023825,4.0623683929443359,5,0,0,2024-09-09,2024-09-13,0,True,True
2024-09-20,4.0477613420372114,4.0915817658626255,3.9698575026783072,4.0339655876159668,5,0,0,2024-09-16,2024-09-20,0,True,True
2024-09-27,4.0412693973324227,4.3723615610026885,3.9511928615803478,4.3252944946289062,5,0,0,2024-09-23,2024-09-27,0,True,True
2024-10-04,4.2879648735670948,4.3009490901425416,3.8789694815282467,4.0071864128112793,5,0,0,2024-09-30,2024-10-04,0,True,True
2024-10-11,4.0364001229699777,4.401574999395705,3.9755377906954403,4.333409309387207,5,0,0,2024-10-07,2024-10-11,0,True,True
2024-10-18,4.3658691460396222,4.3934602737426758,4.2100615611720356,4.3934602737426758,5,0,0,2024-10-14,2024-10-18,0,True,True
2024-10-25,4.3902138851549957,4.4161819319187847,4.022604309712297,4.0964508056640625,5,0,0,2024-10-21,2024-10-25,0,True,True
2024-11-01,4.1629943754902206,4.2035692946513672,4.0477613677673556,4.1451411247253418,5,0,0,2024-10-28,2024-11-01,0,True,True
2024-11-08,4.1613710889757742,4.424297427574051,3.989333274857497,4.3577542304992676,5,0,0,2024-11-04,2024-11-08,0,True,True
2024-11-15,4.412936325957042,5.1367938682201446,4.2701122571179617,4.8836064338684082,5,0,0,2024-11-11,2024-11-15,0,True,True
2024-11-22,4.9225582040565765,4.9858550781087443,4.677485339334206,4.8138175010681152,5,0,0,2024-11-18,2024-11-22,0,True,True
2024-11-29,4.9014591531819631,5.0475287437438965,4.6417790571032436,5.0475287437438965,5,0,0,2024-11-25,2024-11-29,0,True,True
2024-12-06,5.0718740167147116,5.222813167733551,5.0085770530234042,5.1708774566650391,5,0,0,2024-12-02,2024-12-06,0,True,True
2024-12-13,5.2325510815675047,5.5100838787995539,5.0994646767100331,5.4127039909362793,5,0,0,2024-12-09,2024-12-13,0,True,True
2024-12-20,5.4532787215945344,5.5295599816044145,5.1465317976544753,5.3364229202270508,5,0,0,2024-12-16,2024-12-20,0,True,True
2024-12-27,5.347784287699449,5.398097038269043,5.2585191933091,5.398097038269043,2,0,0,2024-12-23,2024-12-27,0,True,True
2025-01-03,5.4110809670099966,5.6025945002677826,5.2893558353229899,5.3948507308959961,3,0,0,2024-12-30,2025-01-03,0,True,True
2025-01-10,5.445164346171536,5.8022240793212596,5.4208191789737121,5.7243199348449707,5,0,0,2025-01-06,2025-01-10,0,True,True
2025-01-17,5.7275658879495133,5.8233226200906421,5.5814956704758112,5.7194504737854004,5,0,0,2025-01-13,2025-01-17,0,True,True
2025-01-24,5.7519106652123897,5.8395528730718178,5.0816121590251351,5.2682571411132812,5,0,0,2025-01-20,2025-01-24,0,True,True
2025-01-31,5.216320662337858,5.3072086301214227,4.9955933369125383,5.0426602363586426,5,0,0,2025-01-27,2025-01-31,0,True,True
2025-02-07,4.9663787503917716,5.250403682249801,4.9420339727558913,5.1741228103637695,5,0,0,2025-02-03,2025-02-07,0,True,True
2025-02-14,5.191975983281405,5.2471581812630106,4.9322962965749912,4.9972162246704102,5,0,0,2025-02-10,2025-02-14,0,True,True
2025-02-21,5.0280531369440604,5.234174127499017,4.9777399235004847,5.2179441452026367,5,0,0,2025-02-17,2025-02-21,0,True,True
2025-02-28,5.2179435754373591,5.7730094192018422,5.1643846010122623,5.6593999862670898,5,0,0,2025-02-24,2025-02-28,0,True,True
2025-03-07,5.6869909906267591,6.1089706651053746,5.5457901193603361,5.8541598320007324,5,0,0,2025-03-03,2025-03-07,0,True,True
2025-03-14,5.9044730089124746,5.9044730089124746,5.3997197912271186,5.8476676940917969,5,0,0,2025-03-10,2025-03-14,0,True,True
2025-03-21,5.875258633623285,6.4335704876969606,5.7989777603945694,6.1706452369689941,5,0,0,2025-03-17,2025-03-21,0,True,True
2025-03-28,6.2436797019100805,6.3507976967983693,6.1316928796211849,6.2095966339111328,5,0,0,2025-03-24,2025-03-28,0,True,True
2025-04-04,6.1170859318625768,6.1316930312606592,4.9355417208389847,5.0702509880065918,5,0,0,2025-03-31,2025-04-04,0,True,True
2025-04-11,4.6174341993576746,5.4581474695353842,4.5022010595248094,5.0134463310241699,5,0,0,2025-04-07,2025-04-11,0,True,True
2025-04-18,5.1400399803134382,5.4565251260893399,5.0872924452644082,5.3007168769836426,4,0,0,2025-04-14,2025-04-17,0,True,True
2025-04-25,5.3315542907608533,5.8655209933473769,5.2528387042287568,5.8427987098693848,4,0,0,2025-04-22,2025-04-25,0,True,True
2025-05-02,5.907719050682112,6.3167145793903421,5.8728243777486773,6.1503572463989258,4,0,0,2025-04-28,2025-05-02,0,True,True
2025-05-09,6.1592839313212027,6.4157177521801261,6.0261979292274477,6.3288869857788086,5,0,0,2025-05-05,2025-05-09,0,True,True
2025-05-16,6.45142369229543,6.8352638107079082,6.3037309756263769,6.552861213684082,5,0,0,2025-05-12,2025-05-16,0,True,True
2025-05-23,6.6663901726688648,6.9461238970028534,6.232257182093023,6.5428709983825684,5,0,0,2025-05-19,2025-05-23,0,True,True
2025-05-30,6.646408796028445,6.678196873696141,6.4665798437075361,6.603722095489502,5,0,0,2025-05-26,2025-05-30,0,True,True
2025-06-06,6.5837411859787673,6.70544351110102,6.3866559621383416,6.6291522979736328,5,0,0,2025-06-02,2025-06-06,0,True,True
2025-06-13,6.6418679557248579,6.6691145384669577,6.269494240074728,6.3666749000549316,5,0,0,2025-06-09,2025-06-13,0,True,True
2025-06-20,6.3812062828953158,6.5010922823059687,6.1269023357261316,6.2676777839660645,5,0,0,2025-06-16,2025-06-20,0,True,True
2025-06-27,6.2349816256831199,6.8008072347797173,6.1977443983818121,6.4611301422119141,5,0,0,2025-06-23,2025-06-27,0,True,True
2025-07-04,6.4611305337787197,6.5855577821380225,6.240431133090877,6.2849345207214355,5,0,0,2025-06-30,2025-07-04,0,True,True
2025-07-11,6.310364694909854,6.5937320084258602,6.2258995758158706,6.2785768508911133,5,0,0,2025-07-07,2025-07-11,0,True,True
2025-07-18,6.1850293495876016,6.4429656970289146,6.1577827665529945,6.3757572174072266,5,0,0,2025-07-14,2025-07-18,0,True,True
2025-07-25,6.3793900352205037,6.6509501545727883,6.2658615990947641,6.5256147384643555,5,0,0,2025-07-21,2025-07-25,0,True,True
2025-08-01,6.5574025058735472,6.8852725229317162,6.4929186949303022,6.6409592628479004,5,0,0,2025-07-28,2025-08-01,0,True,True
2025-08-08,6.688187020810143,7.3357532815080662,6.6636649238895993,7.3212218284606934,5,0,0,2025-08-04,2025-08-08,0,True,True
2025-08-15,7.3566429953661103,7.490151995731777,7.2222251089426681,7.4392914772033691,4,0,0,2025-08-11,2025-08-14,0,True,True
2025-08-22,7.5010506507250669,7.600956140559247,7.2839847584557758,7.5364723205566406,5,0,0,2025-08-18,2025-08-22,0,True,True
2025-08-29,7.5927815844784199,7.7962245235914311,7.0932565731825052,7.1232280731201172,5,0,0,2025-08-25,2025-08-29,0,True,True
2025-09-05,7.1522916191293744,7.2313073152458305,6.5219818559144489,6.6600322723388672,5,0,0,2025-09-01,2025-09-05,0,True,True
2025-09-12,6.6663898859125972,7.6291105443373022,6.6073550473526232,7.598231315612793,5,0,0,2025-09-08,2025-09-12,0,True,True
2025-09-19,7.6745222975640672,7.7199338463615499,7.1868043185813901,7.2485637664794922,5,0,0,2025-09-15,2025-09-19,0,True,True
2025-09-26,7.2231336180922199,7.4202187256779908,6.9134278579699693,7.0160574913024902,5,0,0,2025-09-22,2025-09-26,0,True,True
2025-10-03,7.0478455057873459,7.0878072732211539,6.7662946718716217,6.8516683578491211,5,0,0,2025-09-29,2025-10-03,0,True,True
2025-10-10,6.8298708205851932,6.8725574509590865,6.5283393830943153,6.5401463508605957,5,0,0,2025-10-06,2025-10-10,0,True,True
2025-10-17,6.5437789315298858,6.6573074054375221,6.209551559916239,6.3385200500488281,5,0,0,2025-10-13,2025-10-17,0,True,True
2025-10-24,6.46203867242681,6.6373265585415098,6.307640166128329,6.4329757690429688,5,0,0,2025-10-20,2025-10-24,0,True,True
2025-10-31,6.584649596422854,6.9897187776107375,6.5483205298473415,6.8879976272583008,5,0,0,2025-10-27,2025-10-31,0,True,True
2025-11-07,6.8680161319935387,7.0905323154505133,6.7036272558851246,7.043304443359375,5,0,0,2025-11-03,2025-11-07,0,True,True
2025-11-14,7.1931620668675667,8.0868579350217438,7.1795387752548274,7.8870477676391602,5,0,0,2025-11-10,2025-11-14,0,True,True
2025-11-21,7.9197440185991708,8.062335361490236,7.5264808535215231,7.6409182548522949,5,0,0,2025-11-17,2025-11-21,0,True,True
2025-11-28,7.721749966848555,8.0005763102649858,7.3384783891077454,7.4047789573669434,5,0,0,2025-11-24,2025-11-28,0,True,True
2025-12-05,7.2703611221672473,7.3266714756956022,6.8089816579645186,6.8943548202514648,5,0,0,2025-12-01,2025-12-05,0,True,True
2025-12-12,7.0660101842709242,7.5146745326393436,7.0324056037262039,7.415677547454834,5,0,0,2025-12-08,2025-12-12,0,True,True
2025-12-19,7.4529153153318051,8.1159205942287453,7.4274850556794973,8.1141042709350586,5,0,0,2025-12-15,2025-12-19,0,True,True
2025-12-26,8.1640575770509383,8.1667816290876498,7.9342756489362287,8.0605192184448242,2,0,0,2025-12-22,2025-12-23,0,True,True
2026-01-02,8.1004807687777607,8.5800244557590393,8.0269149095266474,8.4919271469116211,3,0,0,2025-12-29,2026-01-02,0,True,True
2026-01-09,8.5800250851834079,8.5854749215622821,8.0287308588281157,8.1667814254760742,5,0,0,2026-01-05,2026-01-09,0,True,True
2026-01-16,8.2076514766733411,8.5218994144290345,8.0014846684629788,8.0087499618530273,5,0,0,2026-01-12,2026-01-16,0,True,True
2026-01-23,7.8834148728443241,8.2612368681268826,7.8143896662840033,7.8934054374694824,5,0,0,2026-01-19,2026-01-23,0,True,True
2026-01-30,7.9015792244639469,8.0659679227093708,7.8298296799231935,7.9324593544006348,5,0,0,2026-01-26,2026-01-30,0,True,True
2026-02-06,7.890680502946779,8.4310759504279069,7.8643425144429449,8.0832242965698242,5,0,0,2026-02-02,2026-02-06,0,True,True
2026-02-13,8.2003866692325005,8.273952531364996,7.3757160334567011,7.4420166015625,5,0,0,2026-02-09,2026-02-13,0,True,True
2026-02-20,7.5192158100677835,8.059610273966106,7.3639085730830161,7.9724206924438477,5,0,0,2026-02-16,2026-02-20,0,True,True
2026-02-27,7.9924022086748456,8.2049278355630726,7.5364723205566406,7.5364723205566406,5,0,0,2026-02-23,2026-02-27,0,True,True
2026-03-06,7.2204083051342938,7.4420162055996659,6.3276208903066653,6.5065417289733887,5,0,0,2026-03-02,2026-03-06,0,True,True
2026-03-13,6.241339543905366,6.9043458053940432,6.2195419315796645,6.4820199012756348,5,0,0,2026-03-09,2026-03-13,0,True,True
2026-03-20,6.4892856446111233,6.7390479927454017,6.2822094350101514,6.4166274070739746,5,0,0,2026-03-16,2026-03-20,0,True,True
2026-03-27,6.304007188393923,6.9633802096207731,6.2213584115014831,6.8089818954467773,5,0,0,2026-03-23,2026-03-27,0,True,True
2026-04-03,6.7935418707589781,6.9570227311677133,6.630969187592183,6.7163424491882324,4,0,0,2026-03-30,2026-04-02,0,True,True
2026-04-10,6.7208833774019023,7.4174937834139758,6.6545828135411194,7.3384780883789062,4,0,0,2026-04-07,2026-04-10,0,True,True
2026-04-17,7.2076932231548447,8.3938383057736488,7.1886205290676539,8.3202724456787109,5,0,0,2026-04-13,2026-04-17,0,True,True
2026-04-24,8.1740473410454904,8.4574143975090337,8.0950317208955482,8.1658735275268555,5,0,0,2026-04-20,2026-04-24,0,True,True
2026-05-01,8.1740478890712396,8.3584177925511849,8.1077468926696259,8.2212753295898438,4,0,0,2026-04-27,2026-04-30,0,True,True
2026-05-08,8.2830345864485544,8.6254367245024692,8.0450794015268396,8.4755792617797852,5,0,0,2026-05-04,2026-05-08,0,True,True
2026-05-15,8.5010090947050223,8.800723689090356,8.1931198174947024,8.5110006332397461,5,0,0,2026-05-11,2026-05-15,0,True,True
2026-05-22,8.5810003280639648,8.9219999313354492,8.4370002746582031,8.7100000381469727,5,0,0,2026-05-18,2026-05-22,0,True,True
2026-05-29,8.7950000762939453,9.3400001525878906,8.7320003509521484,9.2279996871948242,5,0,0,2026-05-25,2026-05-29,0,True,True
2026-06-05,9.2279996871948242,9.2629995346069336,8.7519998550415039,8.9449996948242188,5,0,0,2026-06-01,2026-06-05,0,True,True
2026-06-12,9.8000001907348633,10.777999877929688,9.6420001983642578,10.715999603271484,5,0,0,2026-06-08,2026-06-12,0,True,True
2026-06-19,10.98799991607666,11.050000190734863,10.654000282287598,10.960000038146973,5,0,0,2026-06-15,2026-06-19,0,True,True
2026-06-26,10.970000267028809,10.98799991607666,10.72599983215332,10.815999984741211,5,0,0,2026-06-22,2026-06-26,0,True,True
2026-07-03,10.815999984741211,11.144000053405762,10.710000038146973,11.144000053405762,5,0,0,2026-06-29,2026-07-03,0,True,True
2026-07-10,11.25,11.350000381469727,10.779999732971191,11.267999649047852,5,0,0,2026-07-06,2026-07-10,0,True,True
2026-07-17,11.300000190734863,11.597999572753906,11.064000129699707,11.170000076293945,5,0,0,2026-07-13,2026-07-17,0,True,True
2026-07-24,11.156000137329102,11.645999908447266,11.156000137329102,11.62399959564209,5,0,0,2026-07-20,2026-07-24,0,True,True
2026-07-31,11.75,11.928000450134277,11.39799976348877,11.567999839782715,5,0,0,2026-07-27,2026-07-31,0,True,True
2026-08-07,11.420000076293945,12.083999633789062,11.420000076293945,11.899999618530273,5,0,0,2026-08-03,2026-08-07,0,True,True
2026-08-14,11.899999618530273,12.039999961853027,11.842000007629395,12.031999588012695,5,0,0,2026-08-10,2026-08-14,0,True,True
2026-08-21,12.057999610900879,12.083999633789062,11.472000122070312,11.571999549865723,5,0,0,2026-08-17,2026-08-21,0,True,True
2026-08-28,11.560000419616699,11.800000190734863,11.319999694824219,11.399999618530273,5,0,0,2026-08-24,2026-08-28,0,True,True
2026-09-04,11.390000343322754,11.631999969482422,11.302000045776367,11.61400032043457,5,0,0,2026-08-31,2026-09-04,0,True,True
