week,open,high,low,close,source_rows,bad_hlc,bad_ohlc,first_date,last_date,null_rows,valid_hlc,valid_ohlc
1985-10-04,110.62000274658203,112.54000091552734,109.85500335693359,110.07499694824219,4,0,0,1985-10-01,1985-10-04,0,False,False
1985-10-11,110.07499694824219,111.12000274658203,106.75,111.05000305175781,5,0,0,1985-10-07,1985-10-11,0,True,True
1985-10-18,111.05000305175781,115.33999633789062,111.05000305175781,114.31999969482422,5,0,0,1985-10-14,1985-10-18,0,True,True
1985-10-25,114.31999969482422,116.10500335693359,113.42500305175781,113.91000366210938,5,0,0,1985-10-21,1985-10-25,0,True,True
1985-11-01,113.91000366210938,116.77500152587891,113.20500183105469,116.27500152587891,5,0,0,1985-10-28,1985-11-01,0,True,True
1985-11-08,116.27500152587891,119.38999938964844,115.82499694824219,119.26000213623047,5,0,0,1985-11-04,1985-11-08,0,True,True
1985-11-15,119.26000213623047,123.09999847412109,119.18000030517578,122.17500305175781,5,0,0,1985-11-11,1985-11-15,0,True,True
1985-11-22,122.17500305175781,124.33499908447266,121.73000335693359,123.97000122070312,5,0,0,1985-11-18,1985-11-22,0,True,True
1985-11-29,123.97000122070312,126.43499755859375,122.81500244140625,126.05999755859375,4,0,0,1985-11-25,1985-11-29,0,True,True
1985-12-06,126.05999755859375,129.88999938964844,124.72000122070312,126.95500183105469,5,0,0,1985-12-02,1985-12-06,0,True,True
1985-12-13,126.95500183105469,132.16999816894531,126.83000183105469,132.125,5,0,0,1985-12-09,1985-12-13,0,True,True
1985-12-20,132.125,133.18499755859375,130.71499633789062,132.25999450683594,5,0,0,1985-12-16,1985-12-20,0,True,True
1985-12-27,132.25999450683594,132.25999450683594,129.30499267578125,131.48500061035156,4,0,0,1985-12-23,1985-12-27,0,True,True
1986-01-03,131.48500061035156,132.66000366210938,130,130.55000305175781,4,0,0,1985-12-30,1986-01-03,0,True,True
1986-01-10,130.55000305175781,133.88499450683594,128.05499267578125,129.56500244140625,5,0,0,1986-01-06,1986-01-10,0,True,True
1986-01-17,129.56500244140625,133.60000610351562,128.6300048828125,132.77000427246094,5,0,0,1986-01-13,1986-01-17,0,True,True
1986-01-24,132.77000427246094,132.78999328613281,128.46000671386719,130.19999694824219,5,0,0,1986-01-20,1986-01-24,0,True,True
1986-01-31,130.20500183105469,134.1300048828125,129.79499816894531,132.92500305175781,5,0,0,1986-01-27,1986-01-31,0,True,True
1986-02-07,132.92500305175781,137.48500061035156,132.92500305175781,137.41999816894531,5,0,0,1986-02-03,1986-02-07,0,True,True
1986-02-14,137.39999389648438,140.6300048828125,137.30499267578125,140.16000366210938,5,0,0,1986-02-10,1986-02-14,0,True,True
1986-02-21,140.16000366210938,141.23500061035156,138.94000244140625,141.14500427246094,4,0,0,1986-02-18,1986-02-21,0,True,True
1986-02-28,141.16499328613281,141.83000183105469,138.67500305175781,140.42500305175781,5,0,0,1986-02-24,1986-02-28,0,True,True
1986-03-07,140.42500305175781,141.77000427246094,139.56500244140625,140.71000671386719,5,0,0,1986-03-03,1986-03-07,0,True,True
1986-03-14,140.71000671386719,147.44999694824219,140.71000671386719,147,5,0,0,1986-03-10,1986-03-14,0,True,True
1986-03-21,147,148.78500366210938,145.57000732421875,148.0050048828125,5,0,0,1986-03-17,1986-03-21,0,True,True
1986-03-28,148.0050048828125,149.05499267578125,146.20500183105469,148.375,4,0,0,1986-03-24,1986-03-27,0,True,True
1986-04-04,148.375,149.93499755859375,146.94000244140625,147.03500366210938,5,0,0,1986-03-31,1986-04-04,0,True,True
1986-04-11,147.03500366210938,153.53999328613281,144.83000183105469,152.66499328613281,5,0,0,1986-04-07,1986-04-11,0,True,True
1986-04-18,152.66499328613281,159.86000061035156,152.48500061035156,157.66000366210938,5,0,0,1986-04-14,1986-04-18,0,True,True
1986-04-25,157.66000366210938,160.625,156.6300048828125,160.46000671386719,5,0,0,1986-04-21,1986-04-25,0,True,True
1986-05-02,160.46000671386719,160.94999694824219,153.72500610351562,155.00999450683594,5,0,0,1986-04-28,1986-05-02,0,True,True
1986-05-09,155.00999450683594,158.08999633789062,155.00999450683594,157.91499328613281,5,0,0,1986-05-05,1986-05-09,0,True,True
1986-05-16,157.91499328613281,158.2550048828125,154.38999938964844,154.9949951171875,5,0,0,1986-05-12,1986-05-16,0,True,True
1986-05-23,154.9949951171875,160.38999938964844,154.875,160.16499328613281,5,0,0,1986-05-19,1986-05-23,0,True,True
1986-05-30,160.16499328613281,163.6199951171875,159.94000244140625,163.16000366210938,4,0,0,1986-05-27,1986-05-30,0,True,True
1986-06-06,163.16000366210938,163.97999572753906,161.3699951171875,161.88499450683594,5,0,0,1986-06-02,1986-06-06,0,True,True
1986-06-13,161.88499450683594,162.52999877929688,157.17500305175781,162.35499572753906,5,0,0,1986-06-09,1986-06-13,0,True,True
1986-06-20,162.35499572753906,162.92500305175781,156.86500549316406,159.58500671386719,5,0,0,1986-06-16,1986-06-20,0,True,True
1986-06-27,159.58500671386719,162.52000427246094,159.35499572753906,161.61500549316406,5,0,0,1986-06-23,1986-06-27,0,True,True
1986-07-04,161.61500549316406,164.55999755859375,161.53500366210938,164.51499938964844,4,0,0,1986-06-30,1986-07-03,0,True,True
1986-07-11,164.51499938964844,164.54499816894531,152.42999267578125,152.85499572753906,5,0,0,1986-07-07,1986-07-11,0,True,True
1986-07-18,152.85499572753906,152.91999816894531,145.32000732421875,147.75999450683594,5,0,0,1986-07-14,1986-07-18,0,True,True
1986-07-25,147.75999450683594,148.41499328613281,146.58500671386719,148.25999450683594,5,0,0,1986-07-21,1986-07-25,0,True,True
1986-08-01,148.25999450683594,148.73500061035156,142.72999572753906,144.19000244140625,5,0,0,1986-07-28,1986-08-01,0,True,True
1986-08-08,144.19000244140625,144.19000244140625,140.17999267578125,142.29499816894531,5,0,0,1986-08-04,1986-08-08,0,True,True
1986-08-15,142.29499816894531,150.30000305175781,142.29499816894531,149.57499694824219,5,0,0,1986-08-11,1986-08-15,0,True,True
1986-08-22,149.57499694824219,151.2550048828125,147.97999572753906,150.94500732421875,5,0,0,1986-08-18,1986-08-22,0,True,True
1986-08-29,150.94500732421875,152.55499267578125,149.77499389648438,151.69999694824219,5,0,0,1986-08-25,1986-08-29,0,True,True
1986-09-05,151.69999694824219,152.07000732421875,148.59500122070312,149.66999816894531,4,0,0,1986-09-02,1986-09-05,0,True,True
1986-09-12,149.66999816894531,149.66999816894531,134.84500122070312,135.03500366210938,5,0,0,1986-09-08,1986-09-12,0,True,True
1986-09-19,135.03500366210938,138.57000732421875,133.27999877929688,138.45500183105469,5,0,0,1986-09-15,1986-09-19,0,True,True
1986-09-26,138.52000427246094,141.05999755859375,136.49000549316406,137.58500671386719,5,0,0,1986-09-22,1986-09-26,0,True,True
1986-10-03,137.58500671386719,139.3699951171875,134.81500244140625,138.55499267578125,5,0,0,1986-09-29,1986-10-03,0,True,True
1986-10-10,138.65499877929688,140.21499633789062,137.54499816894531,139.8699951171875,5,0,0,1986-10-06,1986-10-10,0,True,True
1986-10-17,139.8699951171875,142.47999572753906,139.625,141.19500732421875,5,0,0,1986-10-13,1986-10-17,0,True,True
1986-10-24,141.19500732421875,142.75,139.3800048828125,141.96499633789062,5,0,0,1986-10-20,1986-10-24,0,True,True
1986-10-31,141.96499633789062,145.17999267578125,141.25999450683594,144.47999572753906,5,0,0,1986-10-27,1986-10-31,0,True,True
1986-11-07,144.47999572753906,146.68499755859375,144.1199951171875,144.91000366210938,5,0,0,1986-11-03,1986-11-07,0,True,True
1986-11-14,144.91000366210938,145.91499328613281,142.86000061035156,143.5050048828125,5,0,0,1986-11-10,1986-11-14,0,True,True
1986-11-21,143.5050048828125,144.02000427246094,138.95500183105469,142.89999389648438,5,0,0,1986-11-17,1986-11-21,0,True,True
1986-11-28,142.89999389648438,147.96000671386719,142.77000427246094,147.94000244140625,4,0,0,1986-11-24,1986-11-28,0,True,True
1986-12-05,147.94000244140625,150.85000610351562,145.6300048828125,149.04499816894531,5,0,0,1986-12-01,1986-12-05,0,True,True
1986-12-12,149.04499816894531,149.04499816894531,144.75,144.97999572753906,5,0,0,1986-12-08,1986-12-12,0,True,True
1986-12-19,144.97999572753906,144.97999572753906,142.53500366210938,143.77000427246094,5,0,0,1986-12-15,1986-12-19,0,True,True
1986-12-26,143.77000427246094,144.38999938964844,142.32499694824219,142.93499755859375,4,0,0,1986-12-22,1986-12-26,0,True,True
1987-01-02,142.93499755859375,143.03500366210938,140.94500732421875,142.86000061035156,4,0,0,1986-12-29,1987-01-02,0,True,True
1987-01-09,142.86000061035156,157.38499450683594,142.86000061035156,156.99000549316406,5,0,0,1987-01-05,1987-01-09,0,True,True
1987-01-16,156.99000549316406,165.05000305175781,156.60000610351562,162.51499938964844,5,0,0,1987-01-12,1987-01-16,0,True,True
1987-01-23,162.51499938964844,170.27499389648438,161.71499633789062,166.76499938964844,5,0,0,1987-01-19,1987-01-23,0,True,True
1987-01-30,166.76499938964844,168.875,163.8800048828125,166.67500305175781,5,0,0,1987-01-26,1987-01-30,0,True,True
1987-02-06,166.70500183105469,175.48500061035156,166.58000183105469,174.6300048828125,5,0,0,1987-02-02,1987-02-06,0,True,True
1987-02-13,173.22500610351562,179.30499267578125,171.24000549316406,179.06500244140625,5,0,0,1987-02-09,1987-02-13,0,True,True
1987-02-20,179.06500244140625,184.72999572753906,178,178.68499755859375,4,0,0,1987-02-17,1987-02-20,0,True,True
1987-02-27,178.68499755859375,183.36000061035156,175.17999267578125,182.75,5,0,0,1987-02-23,1987-02-27,0,True,True
1987-03-06,182.75,185.7449951171875,179.86500549316406,184.28500366210938,5,0,0,1987-03-02,1987-03-06,0,True,True
1987-03-13,184.28500366210938,186.42500305175781,181.29499816894531,183.16499328613281,5,0,0,1987-03-09,1987-03-13,0,True,True
1987-03-20,183.16499328613281,190.42500305175781,181.41999816894531,189.82499694824219,5,0,0,1987-03-16,1987-03-20,0,True,True
1987-03-27,189.82499694824219,191.7449951171875,188.48500061035156,189.05000305175781,5,0,0,1987-03-23,1987-03-27,0,True,True
1987-04-03,189.05000305175781,191.42999267578125,179.81500244140625,191.36000061035156,5,0,0,1987-03-30,1987-04-03,0,True,True
1987-04-10,191.36000061035156,192.46000671386719,187.17999267578125,188.28500366210938,5,0,0,1987-04-06,1987-04-10,0,True,True
1987-04-17,188.28500366210938,188.28999328613281,179.02499389648438,183.7449951171875,4,0,0,1987-04-13,1987-04-16,0,True,True
1987-04-24,183.7449951171875,185.68499755859375,180.17500305175781,180.375,5,0,0,1987-04-20,1987-04-24,0,True,True
1987-05-01,180.375,186.16999816894531,177.50999450683594,185.83000183105469,5,0,0,1987-04-27,1987-05-01,0,True,True
1987-05-08,185.83000183105469,191.41999816894531,185.00999450683594,190.36000061035156,5,0,0,1987-05-04,1987-05-08,0,True,True
1987-05-15,190.36000061035156,191.69999694824219,187.46499633789062,187.91000366210938,5,0,0,1987-05-11,1987-05-15,0,True,True
1987-05-22,187.91000366210938,188.1199951171875,179.73500061035156,181.63999938964844,5,0,0,1987-05-18,1987-05-22,0,True,True
1987-05-29,181.63999938964844,189.83000183105469,181.63999938964844,188.77000427246094,4,0,0,1987-05-26,1987-05-29,0,True,True
1987-06-05,188.77000427246094,189.15499877929688,184.44000244140625,185.68499755859375,5,0,0,1987-06-01,1987-06-05,0,True,True
1987-06-12,185.68499755859375,191.83999633789062,185.01499938964844,190.36000061035156,5,0,0,1987-06-08,1987-06-12,0,True,True
1987-06-19,190.36000061035156,193.19500732421875,188.63499450683594,192.05000305175781,5,0,0,1987-06-15,1987-06-19,0,True,True
1987-06-26,192.05000305175781,193.36000061035156,189.31500244140625,191.05999755859375,5,0,0,1987-06-22,1987-06-26,0,True,True
1987-07-03,191.05999755859375,191.29499816894531,188.35000610351562,190.38499450683594,4,0,0,1987-06-29,1987-07-02,0,True,True
1987-07-10,190.38499450683594,191.16999816894531,186.56500244140625,188.73500061035156,5,0,0,1987-07-06,1987-07-10,0,True,True
1987-07-17,188.73500061035156,197.30499267578125,188.05999755859375,195.86500549316406,5,0,0,1987-07-13,1987-07-17,0,True,True
1987-07-24,195.86500549316406,195.86500549316406,190.46000671386719,193.02499389648438,5,0,0,1987-07-20,1987-07-24,0,True,True
1987-07-31,193.02499389648438,197.1199951171875,191.9949951171875,196.35000610351562,5,0,0,1987-07-27,1987-07-31,0,True,True
1987-08-07,196.35000610351562,204.70500183105469,194.09500122070312,203.72999572753906,5,0,0,1987-08-03,1987-08-07,0,True,True
1987-08-14,203.72999572753906,208.58500671386719,203.10000610351562,206.46499633789062,5,0,0,1987-08-10,1987-08-14,0,True,True
1987-08-21,206.46499633789062,210.71000671386719,203.30999755859375,210.57499694824219,5,0,0,1987-08-17,1987-08-21,0,True,True
1987-08-28,210.57499694824219,212.16499328613281,208.77499389648438,208.84500122070312,5,0,0,1987-08-24,1987-08-28,0,True,True
1987-09-04,208.84500122070312,210.77999877929688,203.68499755859375,204.05999755859375,5,0,0,1987-08-31,1987-09-04,0,True,True
1987-09-11,204.05999755859375,206.89500427246094,197.42500305175781,206.36500549316406,4,0,0,1987-09-08,1987-09-11,0,True,True
1987-09-18,206.36500549316406,207.07000732421875,200.71000671386719,201.67500305175781,5,0,0,1987-09-14,1987-09-18,0,True,True
1987-09-25,201.67500305175781,206.17500305175781,196.13499450683594,205.11500549316406,5,0,0,1987-09-21,1987-09-25,0,True,True
1987-10-02,205.11500549316406,212.22999572753906,203.67500305175781,212.14500427246094,5,0,0,1987-09-28,1987-10-02,0,True,True
1987-10-09,212.14500427246094,214.02999877929688,202.13999938964844,202.46499633789062,5,0,0,1987-10-05,1987-10-09,0,True,True
1987-10-16,202.46499633789062,202.46499633789062,182.96499633789062,183.28500366210938,5,0,0,1987-10-12,1987-10-16,0,True,True
1987-10-23,183.28500366210938,183.30000305175781,142.3800048828125,145.41999816894531,5,0,0,1987-10-19,1987-10-23,0,True,True
1987-10-30,145.41999816894531,152.11000061035156,126.25,150.07000732421875,5,0,0,1987-10-26,1987-10-30,0,True,True
1987-11-06,150.07000732421875,154.1199951171875,143.77999877929688,150.67999267578125,5,0,0,1987-11-02,1987-11-06,0,True,True
1987-11-13,150.67999267578125,151.02000427246094,143.1300048828125,147.94999694824219,5,0,0,1987-11-09,1987-11-13,0,True,True
1987-11-20,147.94999694824219,150.625,137.71000671386719,140.83500671386719,5,0,0,1987-11-16,1987-11-20,0,True,True
1987-11-27,140.83500671386719,145.86000061035156,139.77499389648438,143.35499572753906,4,0,0,1987-11-23,1987-11-27,0,True,True
1987-12-04,143.35499572753906,143.35499572753906,129.46499633789062,130.43499755859375,5,0,0,1987-11-30,1987-12-04,0,True,True
1987-12-11,130.43499755859375,141.46000671386719,130.43499755859375,139.82000732421875,5,0,0,1987-12-07,1987-12-11,0,True,True
1987-12-18,139.82000732421875,154.83999633789062,139.82000732421875,154.7449951171875,5,0,0,1987-12-14,1987-12-18,0,True,True
1987-12-25,154.7449951171875,158.41999816894531,153.13999938964844,158.18499755859375,4,0,0,1987-12-21,1987-12-24,0,True,True
1988-01-01,158.18499755859375,158.18499755859375,151.80000305175781,156.25,4,0,0,1987-12-28,1987-12-31,0,True,True
1988-01-08,156.25,169.13999938964844,156.25,158.19500732421875,5,0,0,1988-01-04,1988-01-08,0,True,True
1988-01-15,158.19500732421875,161.375,152.14500427246094,159.82499694824219,5,0,0,1988-01-11,1988-01-15,0,True,True
1988-01-22,159.82499694824219,159.8800048828125,151.57000732421875,154.35499572753906,5,0,0,1988-01-18,1988-01-22,0,True,True
1988-01-29,154.35499572753906,159.14500427246094,154.35499572753906,159.1300048828125,5,0,0,1988-01-25,1988-01-29,0,True,True
1988-02-05,159.1300048828125,160.40499877929688,156.09500122070312,158.01499938964844,5,0,0,1988-02-01,1988-02-05,0,True,True
1988-02-12,158.01499938964844,164.86000061035156,156.66499328613281,163.93499755859375,5,0,0,1988-02-08,1988-02-12,0,True,True
1988-02-19,163.93499755859375,167.77999877929688,163.35000610351562,167.07499694824219,4,0,0,1988-02-16,1988-02-19,0,True,True
1988-02-26,167.07499694824219,174.05000305175781,167.07499694824219,170.64500427246094,5,0,0,1988-02-22,1988-02-26,0,True,True
1988-03-04,170.64500427246094,177.41999816894531,170.19500732421875,177.38999938964844,5,0,0,1988-02-29,1988-03-04,0,True,True
1988-03-11,177.38999938964844,182.73500061035156,175.68499755859375,177.88999938964844,5,0,0,1988-03-07,1988-03-11,0,True,True
1988-03-18,177.88999938964844,182.57499694824219,177.36500549316406,181.03500366210938,5,0,0,1988-03-14,1988-03-18,0,True,True
1988-03-25,181.03500366210938,181.07000732421875,172.5050048828125,172.8800048828125,5,0,0,1988-03-21,1988-03-25,0,True,True
1988-04-01,172.8800048828125,175.125,170.52499389648438,173.25999450683594,4,0,0,1988-03-28,1988-03-31,0,True,True
1988-04-08,173.25999450683594,179.55999755859375,170.8699951171875,178.92999267578125,5,0,0,1988-04-04,1988-04-08,0,True,True
1988-04-15,179.38999938964844,180.91000366210938,170.13999938964844,173.13499450683594,5,0,0,1988-04-11,1988-04-15,0,True,True
1988-04-22,173.16999816894531,177.02499389648438,171.57499694824219,173.32000732421875,5,0,0,1988-04-18,1988-04-22,0,True,True
1988-04-29,173.375,177.78500366210938,173.375,175.91999816894531,5,0,0,1988-04-25,1988-04-29,0,True,True
1988-05-06,175.93499755859375,180.10499572753906,175.42999267578125,177.17999267578125,5,0,0,1988-05-02,1988-05-06,0,True,True
1988-05-13,177.11000061035156,177.11000061035156,169.82499694824219,173.84500122070312,5,0,0,1988-05-09,1988-05-13,0,True,True
1988-05-20,174.04499816894531,177.36000061035156,167.51499938964844,169.88499450683594,5,0,0,1988-05-16,1988-05-20,0,True,True
1988-05-27,169.74000549316406,170.14500427246094,166.76499938964844,169.58500671386719,5,0,0,1988-05-23,1988-05-27,0,True,True
1988-06-03,169.51499938964844,178.67999267578125,169.41000366210938,178.0050048828125,4,0,0,1988-05-31,1988-06-03,0,True,True
1988-06-10,177.92500305175781,185.17500305175781,177.875,184.28500366210938,5,0,0,1988-06-06,1988-06-10,0,True,True
1988-06-17,184.49000549316406,187.16000366210938,183.36500549316406,183.94000244140625,5,0,0,1988-06-13,1988-06-17,0,True,True
1988-06-24,184,187.7449951171875,182.75999450683594,187.35000610351562,5,0,0,1988-06-20,1988-06-24,0,True,True
1988-07-01,187.09500122070312,190.17500305175781,184.72500610351562,189.95500183105469,5,0,0,1988-06-27,1988-07-01,0,True,True
1988-07-08,189.94500732421875,192.77000427246094,187.80499267578125,188.14500427246094,4,0,0,1988-07-05,1988-07-08,0,True,True
1988-07-15,188.41999816894531,189.33000183105469,186.19500732421875,188.50999450683594,5,0,0,1988-07-11,1988-07-15,0,True,True
1988-07-22,188.58500671386719,189.3699951171875,180.36500549316406,181.86000061035156,5,0,0,1988-07-18,1988-07-22,0,True,True
1988-07-29,181.82499694824219,182.05499267578125,176.3800048828125,181.16000366210938,5,0,0,1988-07-25,1988-07-29,0,True,True
1988-08-05,181.15499877929688,182.19000244140625,179.64999389648438,179.89500427246094,5,0,0,1988-08-01,1988-08-05,0,True,True
1988-08-12,180.03500366210938,180.77000427246094,172.67500305175781,173.7449951171875,5,0,0,1988-08-08,1988-08-12,0,True,True
1988-08-19,173.6300048828125,174.55499267578125,169,172.81500244140625,5,0,0,1988-08-15,1988-08-19,0,True,True
1988-08-26,172.72999572753906,172.98500061035156,168.85000610351562,170.97999572753906,5,0,0,1988-08-22,1988-08-26,0,True,True
1988-09-02,171.13499450683594,173.25,167.16999816894531,171.46499633789062,5,0,0,1988-08-29,1988-09-02,0,True,True
1988-09-09,171.61000061035156,176.15499877929688,170.59500122070312,175.47999572753906,4,0,0,1988-09-06,1988-09-09,0,True,True
1988-09-16,175.63999938964844,177.90499877929688,174.15499877929688,176.64500427246094,5,0,0,1988-09-12,1988-09-16,0,True,True
1988-09-23,176.625,178.66499328613281,174.70500183105469,177.47500610351562,5,0,0,1988-09-19,1988-09-23,0,True,True
1988-09-30,177.55000305175781,180.30999755859375,175.27999877929688,179.36500549316406,5,0,0,1988-09-26,1988-09-30,0,True,True
1988-10-07,179.28999328613281,179.28999328613281,174.11500549316406,176,5,0,0,1988-10-03,1988-10-07,0,True,True
1988-10-14,175.97500610351562,176.77499389648438,172.80999755859375,175.3699951171875,5,0,0,1988-10-10,1988-10-14,0,True,True
1988-10-21,175.49000549316406,180.52499389648438,174.88499450683594,179.74000549316406,5,0,0,1988-10-17,1988-10-21,0,True,True
1988-10-28,179.79499816894531,180.22000122070312,172.95500183105469,174.88499450683594,5,0,0,1988-10-24,1988-10-28,0,True,True
1988-11-04,174.8699951171875,175.6199951171875,172.71499633789062,173.55999755859375,5,0,0,1988-10-31,1988-11-04,0,True,True
1988-11-11,173.45500183105469,174.39500427246094,169.08999633789062,169.24000549316406,5,0,0,1988-11-07,1988-11-11,0,True,True
1988-11-18,169.41499328613281,169.97999572753906,165.17500305175781,166.52499389648438,5,0,0,1988-11-14,1988-11-18,0,True,True
1988-11-25,165.38499450683594,167.48500061035156,162.65499877929688,165.72000122070312,4,0,0,1988-11-21,1988-11-25,0,True,True
1988-12-02,165.63999938964844,172.63999938964844,164.44000244140625,171.61500549316406,5,0,0,1988-11-28,1988-12-02,0,True,True
1988-12-09,172.85499572753906,174.2449951171875,171.21499633789062,171.79499816894531,5,0,0,1988-12-05,1988-12-09,0,True,True
1988-12-16,171.79499816894531,174.2449951171875,169.78500366210938,174.01499938964844,5,0,0,1988-12-12,1988-12-16,0,True,True
1988-12-23,174.01499938964844,176.82000732421875,173.75999450683594,175.61000061035156,5,0,0,1988-12-19,1988-12-23,0,True,True
1988-12-30,175.61000061035156,177.86000061035156,174.125,177.41000366210938,4,0,0,1988-12-27,1988-12-30,0,True,True
1989-01-06,177.39999389648438,179.25,172.94500732421875,177.52000427246094,4,0,0,1989-01-03,1989-01-06,0,True,True
1989-01-13,177.52000427246094,179.44500732421875,176.18499755859375,179.10000610351562,5,0,0,1989-01-09,1989-01-13,0,True,True
1989-01-20,179.10000610351562,181.61500549316406,176.35499572753906,180.32000732421875,5,0,0,1989-01-16,1989-01-20,0,True,True
1989-01-27,180.32000732421875,184.58500671386719,177.89500427246094,183.54499816894531,5,0,0,1989-01-23,1989-01-27,0,True,True
1989-02-03,183.54499816894531,191.1300048828125,183.54499816894531,189.97500610351562,5,0,0,1989-01-30,1989-02-03,0,True,True
1989-02-10,189.97500610351562,192.9949951171875,185.44500732421875,185.70500183105469,5,0,0,1989-02-06,1989-02-10,0,True,True
1989-02-17,185.70500183105469,189.44000244140625,184.61000061035156,188.50999450683594,5,0,0,1989-02-13,1989-02-17,0,True,True
1989-02-24,188.50999450683594,188.86000061035156,184.33000183105469,184.58999633789062,4,0,0,1989-02-21,1989-02-24,0,True,True
1989-03-03,184.58999633789062,186.16000366210938,183.22999572753906,185.81500244140625,5,0,0,1989-02-27,1989-03-03,0,True,True
1989-03-10,185.81500244140625,187.68499755859375,184.17999267578125,184.9949951171875,5,0,0,1989-03-06,1989-03-10,0,True,True
1989-03-17,184.9949951171875,187.41999816894531,181.78999328613281,182.00999450683594,5,0,0,1989-03-13,1989-03-17,0,True,True
1989-03-24,182.00999450683594,182.23500061035156,178.96499633789062,181.03999328613281,4,0,0,1989-03-20,1989-03-23,0,True,True
1989-03-31,181.03999328613281,186.17500305175781,180.36000061035156,185.8699951171875,5,0,0,1989-03-27,1989-03-31,0,True,True
1989-04-07,185.8699951171875,188.59500122070312,184.44999694824219,188.39999389648438,5,0,0,1989-04-03,1989-04-07,0,True,True
1989-04-14,188.39999389648438,194.71499633789062,188.30999755859375,194.6300048828125,5,0,0,1989-04-10,1989-04-14,0,True,True
1989-04-21,194.6300048828125,199.05499267578125,194.08000183105469,198.86000061035156,5,0,0,1989-04-17,1989-04-21,0,True,True
1989-04-28,198.86000061035156,200.4949951171875,196.67500305175781,200.47000122070312,5,0,0,1989-04-24,1989-04-28,0,True,True
1989-05-05,200.47000122070312,205.2550048828125,199.14500427246094,203.44000244140625,5,0,0,1989-05-01,1989-05-05,0,True,True
1989-05-12,203.44000244140625,207.18499755859375,201.80999755859375,207.15499877929688,5,0,0,1989-05-08,1989-05-12,0,True,True
1989-05-19,207.15499877929688,213.1300048828125,207,212.61000061035156,5,0,0,1989-05-15,1989-05-19,0,True,True
1989-05-26,212.61000061035156,214.46000671386719,209.70500183105469,214.43499755859375,5,0,0,1989-05-22,1989-05-26,0,True,True
1989-06-02,214.43499755859375,218.11000061035156,212.38499450683594,217.78999328613281,4,0,0,1989-05-30,1989-06-02,0,True,True
1989-06-09,217.78999328613281,220.80999755859375,212.82000732421875,218.79499816894531,5,0,0,1989-06-05,1989-06-09,0,True,True
1989-06-16,218.79499816894531,218.79499816894531,211.05999755859375,212.81500244140625,5,0,0,1989-06-12,1989-06-16,0,True,True
1989-06-23,212.81500244140625,214.44000244140625,210.38999938964844,214.25999450683594,5,0,0,1989-06-19,1989-06-23,0,True,True
1989-06-30,214.25999450683594,215.52999877929688,201.99000549316406,204.58500671386719,5,0,0,1989-06-26,1989-06-30,0,True,True
1989-07-07,204.58500671386719,210.22000122070312,203.61000061035156,209.58000183105469,4,0,0,1989-07-03,1989-07-07,0,True,True
1989-07-14,209.58000183105469,212.89500427246094,208.69999694824219,212.86500549316406,5,0,0,1989-07-10,1989-07-14,0,True,True
1989-07-21,212.86500549316406,214.19000244140625,209.88499450683594,210.86500549316406,5,0,0,1989-07-17,1989-07-21,0,True,True
1989-07-28,210.86500549316406,213.36000061035156,207.52000427246094,213.14500427246094,5,0,0,1989-07-24,1989-07-28,0,True,True
1989-08-04,213.14500427246094,215.72500610351562,211.63499450683594,215.13999938964844,5,0,0,1989-07-31,1989-08-04,0,True,True
1989-08-11,215.13999938964844,220.41499328613281,215.13999938964844,216.30499267578125,5,0,0,1989-08-07,1989-08-11,0,True,True
1989-08-18,216.30499267578125,217.19000244140625,214.33500671386719,216.72000122070312,5,0,0,1989-08-14,1989-08-18,0,True,True
1989-08-25,216.72000122070312,221.41999816894531,213.33500671386719,220.82000732421875,5,0,0,1989-08-21,1989-08-25,0,True,True
1989-09-01,220.82000732421875,223.94500732421875,219.52000427246094,223.51499938964844,5,0,0,1989-08-28,1989-09-01,0,True,True
1989-09-08,223.51499938964844,224.875,219.79499816894531,222.65499877929688,4,0,0,1989-09-05,1989-09-08,0,True,True
1989-09-15,222.65499877929688,227.32499694824219,221.38999938964844,221.96000671386719,5,0,0,1989-09-11,1989-09-15,0,True,True
1989-09-22,221.96000671386719,224.43499755859375,220.61500549316406,223.88999938964844,5,0,0,1989-09-18,1989-09-22,0,True,True
1989-09-29,223.88999938964844,227.63499450683594,220.97500610351562,226.38999938964844,5,0,0,1989-09-25,1989-09-29,0,True,True
1989-10-06,226.41499328613281,234.8800048828125,225.63999938964844,234.40499877929688,5,0,0,1989-10-02,1989-10-06,0,True,True
1989-10-13,234.40499877929688,238.84500122070312,224.51499938964844,224.66499328613281,5,0,0,1989-10-09,1989-10-13,0,True,True
1989-10-20,224.66499328613281,231.86000061035156,213.60499572753906,231.05000305175781,5,0,0,1989-10-16,1989-10-20,0,True,True
1989-10-27,231.05000305175781,231.64999389648438,217.21499633789062,218.83999633789062,5,0,0,1989-10-23,1989-10-27,0,True,True
1989-11-03,218.83999633789062,224.10000610351562,217.7550048828125,219.05499267578125,5,0,0,1989-10-30,1989-11-03,0,True,True
1989-11-10,219.05499267578125,223.19500732421875,214.65499877929688,222.52999877929688,5,0,0,1989-11-06,1989-11-10,0,True,True
1989-11-17,222.52999877929688,223.55000305175781,219.625,222.6300048828125,5,0,0,1989-11-13,1989-11-17,0,True,True
1989-11-24,222.6300048828125,225.03500366210938,221.07000732421875,224.83500671386719,4,0,0,1989-11-20,1989-11-24,0,True,True
1989-12-01,224.83500671386719,226.39999389648438,222.10499572753906,225.31500244140625,5,0,0,1989-11-27,1989-12-01,0,True,True
1989-12-08,225.31500244140625,227.85499572753906,223.57499694824219,224.02499389648438,5,0,0,1989-12-04,1989-12-08,0,True,True
1989-12-15,224.02499389648438,224.02499389648438,212.6300048828125,214.13999938964844,5,0,0,1989-12-11,1989-12-15,0,True,True
1989-12-22,214.13999938964844,219.21000671386719,208.68499755859375,217.625,5,0,0,1989-12-18,1989-12-22,0,True,True
1989-12-29,217.625,223.86000061035156,217.19000244140625,223.83500671386719,4,0,0,1989-12-26,1989-12-29,0,True,True
1990-01-05,223.83500671386719,228.94000244140625,220.43499755859375,223.13999938964844,4,0,0,1990-01-02,1990-01-05,0,True,True
1990-01-12,223.13999938964844,224.33000183105469,208.40499877929688,208.79499816894531,5,0,0,1990-01-08,1990-01-12,0,True,True
1990-01-19,208.79499816894531,214.88999938964844,204.75999450683594,213.91000366210938,5,0,0,1990-01-15,1990-01-19,0,True,True
1990-01-26,213.91000366210938,213.91000366210938,201.24000549316406,203.2449951171875,5,0,0,1990-01-22,1990-01-26,0,True,True
1990-02-02,203.2449951171875,206.7550048828125,196.68499755859375,205.61500549316406,5,0,0,1990-01-29,1990-02-02,0,True,True
1990-02-09,205.61500549316406,209.58000183105469,202.91000366210938,208.4949951171875,5,0,0,1990-02-05,1990-02-09,0,True,True
1990-02-16,208.4949951171875,210.43499755859375,205.34500122070312,208.35499572753906,5,0,0,1990-02-12,1990-02-16,0,True,True
1990-02-23,208.35499572753906,208.35499572753906,200.40499877929688,201.79499816894531,4,0,0,1990-02-20,1990-02-23,0,True,True
1990-03-02,201.79499816894531,211.54499816894531,201.39500427246094,211.53999328613281,5,0,0,1990-02-26,1990-03-02,0,True,True
1990-03-09,211.53999328613281,214.1300048828125,207.66999816894531,213.82000732421875,5,0,0,1990-03-05,1990-03-09,0,True,True
1990-03-16,213.82000732421875,218.80000305175781,210.71000671386719,217.96000671386719,5,0,0,1990-03-12,1990-03-16,0,True,True
1990-03-23,217.96000671386719,220.13499450683594,211.22500610351562,214.49000549316406,5,0,0,1990-03-19,1990-03-23,0,True,True
1990-03-30,214.49000549316406,217.94999694824219,211.70500183105469,213.14500427246094,5,0,0,1990-03-26,1990-03-30,0,True,True
1990-04-06,213.14500427246094,217.72999572753906,209.89500427246094,212.47500610351562,5,0,0,1990-04-02,1990-04-06,0,True,True
1990-04-13,212.47500610351562,217.19000244140625,211.27499389648438,216.04499816894531,4,0,0,1990-04-09,1990-04-12,0,True,True
1990-04-20,216.04499816894531,218.25,207.93499755859375,208.6199951171875,5,0,0,1990-04-16,1990-04-20,0,True,True
1990-04-27,208.58000183105469,208.58000183105469,203.01499938964844,203.66999816894531,5,0,0,1990-04-23,1990-04-27,0,True,True
1990-05-04,203.66999816894531,212.72999572753906,202.97000122070312,212.70500183105469,5,0,0,1990-04-30,1990-05-04,0,True,True
1990-05-11,212.70500183105469,221.09500122070312,212.70500183105469,220.88999938964844,5,0,0,1990-05-07,1990-05-11,0,True,True
1990-05-18,220.91999816894531,228.97500610351562,220.91999816894531,228.50999450683594,5,0,0,1990-05-14,1990-05-18,0,True,True
1990-05-25,228.50999450683594,237.82499694824219,228.50999450683594,232.19999694824219,5,0,0,1990-05-21,1990-05-25,0,True,True
1990-06-01,232.19999694824219,238.66999816894531,232.02000427246094,237.88499450683594,4,0,0,1990-05-29,1990-06-01,0,True,True
1990-06-08,237.88499450683594,240.97000122070312,233.15499877929688,234.72999572753906,5,0,0,1990-06-04,1990-06-08,0,True,True
1990-06-15,234.72999572753906,242.84500122070312,232.7550048828125,240.78500366210938,5,0,0,1990-06-11,1990-06-15,0,True,True
1990-06-22,240.78500366210938,240.78500366210938,234.94000244140625,235.74000549316406,5,0,0,1990-06-18,1990-06-22,0,True,True
1990-06-29,235.74000549316406,238.92999267578125,231.75999450683594,238.46000671386719,5,0,0,1990-06-25,1990-06-29,0,True,True
1990-07-06,238.46000671386719,238.90499877929688,235.83999633789062,238.46499633789062,4,0,0,1990-07-02,1990-07-06,0,True,True
1990-07-13,238.46499633789062,246.47000122070312,237.19000244140625,244.74000549316406,5,0,0,1990-07-09,1990-07-13,0,True,True
1990-07-20,244.74000549316406,246.81500244140625,232.13499450683594,232.44000244140625,5,0,0,1990-07-16,1990-07-20,0,True,True
1990-07-27,232.44000244140625,232.44000244140625,222.03999328613281,225.63499450683594,5,0,0,1990-07-23,1990-07-27,0,True,True
1990-08-03,225.63499450683594,225.63499450683594,204.61500549316406,212.60499572753906,5,0,0,1990-07-30,1990-08-03,0,True,True
1990-08-10,212.60499572753906,212.60499572753906,200.86500549316406,206.22999572753906,5,0,0,1990-08-06,1990-08-10,0,True,True
1990-08-17,206.22999572753906,210.8699951171875,194.02999877929688,196.84500122070312,5,0,0,1990-08-13,1990-08-17,0,True,True
1990-08-24,196.84500122070312,197.92999267578125,177.05499267578125,184.96499633789062,5,0,0,1990-08-20,1990-08-24,0,True,True
1990-08-31,184.96499633789062,195.98500061035156,184.96499633789062,193.61500549316406,5,0,0,1990-08-27,1990-08-31,0,True,True
1990-09-07,193.61500549316406,195.875,188.25999450683594,191.80000305175781,4,0,0,1990-09-04,1990-09-07,0,True,True
1990-09-14,191.80000305175781,195.8699951171875,187.51499938964844,189.52000427246094,5,0,0,1990-09-10,1990-09-14,0,True,True
1990-09-21,189.52000427246094,190.90499877929688,181.39999389648438,183.19999694824219,5,0,0,1990-09-17,1990-09-21,0,True,True
1990-09-28,183.19999694824219,183.19999694824219,169.32499694824219,177.05499267578125,5,0,0,1990-09-24,1990-09-28,0,True,True
1990-10-05,177.05499267578125,189.05499267578125,174.63499450683594,178.36500549316406,5,0,0,1990-10-01,1990-10-05,0,True,True
1990-10-12,178.36500549316406,180.78999328613281,162.55000305175781,166.71499633789062,5,0,0,1990-10-08,1990-10-12,0,True,True
1990-10-19,166.71499633789062,176.19500732421875,164.21499633789062,174.6199951171875,5,0,0,1990-10-15,1990-10-19,0,True,True
1990-10-26,174.6199951171875,180.1300048828125,173.76499938964844,174.21000671386719,5,0,0,1990-10-22,1990-10-26,0,True,True
1990-11-02,174.21000671386719,177.17500305175781,169.78500366210938,176.86500549316406,5,0,0,1990-10-29,1990-11-02,0,True,True
1990-11-09,176.86500549316406,182.58000183105469,176.19500732421875,182.24000549316406,5,0,0,1990-11-05,1990-11-09,0,True,True
1990-11-16,182.24000549316406,192.66999816894531,182.24000549316406,184.96000671386719,5,0,0,1990-11-12,1990-11-16,0,True,True
1990-11-23,184.96000671386719,187.54499816894531,182.36000061035156,184.27999877929688,4,0,0,1990-11-19,1990-11-23,0,True,True
1990-11-30,184.27999877929688,193.05499267578125,181.80000305175781,192.58000183105469,5,0,0,1990-11-26,1990-11-30,0,True,True
1990-12-07,192.65499877929688,203.48500061035156,192.65499877929688,199.34500122070312,5,0,0,1990-12-03,1990-12-07,0,True,True
1990-12-14,199.34500122070312,199.70500183105469,194.72000122070312,196.13499450683594,5,0,0,1990-12-10,1990-12-14,0,True,True
1990-12-21,196.13499450683594,203.01499938964844,193.375,202.7550048828125,5,0,0,1990-12-17,1990-12-21,0,True,True
1990-12-28,202.7550048828125,202.7550048828125,198.03500366210938,199.41999816894531,4,0,0,1990-12-24,1990-12-28,0,True,True
1991-01-04,199.41999816894531,200.80000305175781,195.66999816894531,196.82499694824219,4,0,0,1990-12-31,1991-01-04,0,True,True
1991-01-11,196.82499694824219,197.43499755859375,190.89500427246094,196.19500732421875,5,0,0,1991-01-07,1991-01-11,0,True,True
1991-01-18,196.19500732421875,213.71499633789062,191.55000305175781,211.4949951171875,5,0,0,1991-01-14,1991-01-18,0,True,True
1991-01-25,211.4949951171875,222.08000183105469,208.97500610351562,221.01499938964844,5,0,0,1991-01-21,1991-01-25,0,True,True
1991-02-01,221.01499938964844,236.01499938964844,220.03500366210938,234.44999694824219,5,0,0,1991-01-28,1991-02-01,0,True,True
1991-02-08,234.44999694824219,249.29499816894531,233.1300048828125,244.47500610351562,5,0,0,1991-02-04,1991-02-08,0,True,True
1991-02-15,244.47500610351562,251.71499633789062,244.46499633789062,248.33500671386719,5,0,0,1991-02-11,1991-02-15,0,True,True
1991-02-22,248.33500671386719,252.85000610351562,246.64999389648438,248.63499450683594,4,0,0,1991-02-19,1991-02-22,0,True,True
1991-03-01,248.63499450683594,252.8699951171875,246.3800048828125,252.38999938964844,5,0,0,1991-02-25,1991-03-01,0,True,True
1991-03-08,252.38999938964844,267.45999145507812,251.21499633789062,262.8599853515625,5,0,0,1991-03-04,1991-03-08,0,True,True
1991-03-15,262.8599853515625,262.8599853515625,250.31500244140625,254.6300048828125,5,0,0,1991-03-11,1991-03-15,0,True,True
1991-03-22,254.6300048828125,258.51998901367188,249.69999694824219,252.27000427246094,5,0,0,1991-03-18,1991-03-22,0,True,True
1991-03-29,252.27000427246094,267.92999267578125,252.22999572753906,264.90499877929688,4,0,0,1991-03-25,1991-03-28,0,True,True
1991-04-05,264.90499877929688,279.635009765625,262.73001098632812,275.44000244140625,5,0,0,1991-04-01,1991-04-05,0,True,True
1991-04-12,275.44000244140625,280.260009765625,269.5050048828125,279.20498657226562,5,0,0,1991-04-08,1991-04-12,0,True,True
1991-04-19,279.20498657226562,286.04998779296875,273.35501098632812,274.0050048828125,5,0,0,1991-04-15,1991-04-19,0,True,True
1991-04-26,274.0050048828125,275.19500732421875,268.6300048828125,271.29998779296875,5,0,0,1991-04-22,1991-04-26,0,True,True
1991-05-03,271.29998779296875,272.739990234375,259.35000610351562,267.1099853515625,5,0,0,1991-04-29,1991-05-03,0,True,True
1991-05-10,267.1099853515625,273.60000610351562,265.02499389648438,268.70999145507812,5,0,0,1991-05-06,1991-05-10,0,True,True
1991-05-17,268.70999145507812,270.635009765625,256.54501342773438,260.46499633789062,5,0,0,1991-05-13,1991-05-17,0,True,True
1991-05-24,260.46499633789062,270.02499389648438,257.82501220703125,269.5050048828125,5,0,0,1991-05-20,1991-05-24,0,True,True
1991-05-31,269.5050048828125,279,269.5050048828125,279,4,0,0,1991-05-28,1991-05-31,0,True,True
1991-06-07,279,281.42001342773438,268.80499267578125,270.57000732421875,5,0,0,1991-06-03,1991-06-07,0,True,True
1991-06-14,270.57000732421875,271.625,263.239990234375,267.79998779296875,5,0,0,1991-06-10,1991-06-14,0,True,True
1991-06-21,267.79998779296875,269.79501342773438,257.90499877929688,260.27999877929688,5,0,0,1991-06-17,1991-06-21,0,True,True
1991-06-28,260.27999877929688,260.27999877929688,249.78500366210938,254.19500732421875,5,0,0,1991-06-24,1991-06-28,0,True,True
1991-07-05,254.19500732421875,259.92498779296875,251.21000671386719,251.97500610351562,4,0,0,1991-07-01,1991-07-05,0,True,True
1991-07-12,251.97500610351562,267.72500610351562,249.9949951171875,267.44000244140625,5,0,0,1991-07-08,1991-07-12,0,True,True
1991-07-19,267.44000244140625,269.77999877929688,261.73001098632812,266.92498779296875,5,0,0,1991-07-15,1991-07-19,0,True,True
1991-07-26,266.92498779296875,266.92498779296875,257.85000610351562,264.22000122070312,5,0,0,1991-07-22,1991-07-26,0,True,True
1991-08-02,264.22000122070312,277.22000122070312,262.07501220703125,275.47000122070312,5,0,0,1991-07-29,1991-08-02,0,True,True
1991-08-09,275.47000122070312,280.1400146484375,271.52499389648438,278.15499877929688,5,0,0,1991-08-05,1991-08-09,0,True,True
1991-08-16,278.15499877929688,285.22500610351562,277.06500244140625,279.510009765625,5,0,0,1991-08-12,1991-08-16,0,True,True
1991-08-23,279.510009765625,287.71499633789062,263.54998779296875,286.77499389648438,5,0,0,1991-08-19,1991-08-23,0,True,True
1991-08-30,286.77499389648438,290.91500854492188,284.26998901367188,287.40499877929688,5,0,0,1991-08-26,1991-08-30,0,True,True
1991-09-06,287.40499877929688,287.885009765625,279.72500610351562,279.96499633789062,4,0,0,1991-09-03,1991-09-06,0,True,True
1991-09-13,279.96499633789062,285.89999389648438,276.32501220703125,279.4949951171875,5,0,0,1991-09-09,1991-09-13,0,True,True
1991-09-20,279.4949951171875,288.08999633789062,276.385009765625,286.635009765625,5,0,0,1991-09-16,1991-09-20,0,True,True
1991-09-27,286.635009765625,290.43499755859375,283.64999389648438,285.94000244140625,5,0,0,1991-09-23,1991-09-27,0,True,True
1991-10-04,285.94000244140625,289.15499877929688,279.75,280.5150146484375,5,0,0,1991-09-30,1991-10-04,0,True,True
1991-10-11,280.5150146484375,282.05499267578125,276.510009765625,281.5,5,0,0,1991-10-07,1991-10-11,0,True,True
1991-10-18,281.5,297.7650146484375,281.5,293.1099853515625,5,0,0,1991-10-14,1991-10-18,0,True,True
1991-10-25,293.1099853515625,293.70001220703125,282.56500244140625,282.94000244140625,5,0,0,1991-10-21,1991-10-25,0,True,True
1991-11-01,282.94000244140625,295.53500366210938,282.94000244140625,290.0050048828125,5,0,0,1991-10-28,1991-11-01,0,True,True
1991-11-08,290.0050048828125,296.47000122070312,286.39999389648438,295.54998779296875,5,0,0,1991-11-04,1991-11-08,0,True,True
1991-11-15,295.54998779296875,304.54998779296875,284.46499633789062,284.51998901367188,5,0,0,1991-11-11,1991-11-15,0,True,True
1991-11-22,284.51998901367188,289.3699951171875,277.89999389648438,286.32000732421875,5,0,0,1991-11-18,1991-11-22,0,True,True
1991-11-29,286.32000732421875,286.89498901367188,279.22000122070312,284.79000854492188,4,0,0,1991-11-25,1991-11-29,0,True,True
1991-12-06,284.79000854492188,297.93499755859375,281.09500122070312,296.1400146484375,5,0,0,1991-12-02,1991-12-06,0,True,True
1991-12-13,296.1400146484375,302.135009765625,292.43499755859375,301.32998657226562,5,0,0,1991-12-09,1991-12-13,0,True,True
1991-12-20,301.32998657226562,303.46499633789062,294.135009765625,295.82000732421875,5,0,0,1991-12-16,1991-12-20,0,True,True
1991-12-27,295.82000732421875,318.44000244140625,295.40499877929688,316.77499389648438,4,0,0,1991-12-23,1991-12-27,0,True,True
1992-01-03,316.77499389648438,335.33999633789062,316.77499389648438,334.82501220703125,4,0,0,1991-12-30,1992-01-03,0,True,True
1992-01-10,334.82501220703125,352.20001220703125,333.3900146484375,347.1099853515625,5,0,0,1992-01-06,1992-01-10,0,True,True
1992-01-17,347.1099853515625,357.70001220703125,344.0150146484375,349.73001098632812,5,0,0,1992-01-13,1992-01-17,0,True,True
1992-01-24,349.73001098632812,350.66000366210938,328.04000854492188,345.45498657226562,5,0,0,1992-01-20,1992-01-24,0,True,True
1992-01-31,345.45498657226562,346.5050048828125,336.05999755859375,338.31500244140625,5,0,0,1992-01-27,1992-01-31,0,True,True
1992-02-07,338.31500244140625,352.92999267578125,336.92001342773438,346.80499267578125,5,0,0,1992-02-03,1992-02-07,0,True,True
1992-02-14,346.80499267578125,356.27999877929688,342.625,346.69500732421875,5,0,0,1992-02-10,1992-02-14,0,True,True
1992-02-21,346.69500732421875,347.17999267578125,333.76998901367188,342.3900146484375,4,0,0,1992-02-18,1992-02-21,0,True,True
1992-02-28,342.3900146484375,350.8900146484375,332.97500610351562,345.8800048828125,5,0,0,1992-02-24,1992-02-28,0,True,True
1992-03-06,345.8800048828125,348.39498901367188,331.10000610351562,333,5,0,0,1992-03-02,1992-03-06,0,True,True
1992-03-13,333,340.79000854492188,331.02999877929688,336.47000122070312,5,0,0,1992-03-09,1992-03-13,0,True,True
1992-03-20,336.47000122070312,345,334.6300048828125,340.864990234375,5,0,0,1992-03-16,1992-03-20,0,True,True
1992-03-27,340.864990234375,341.2550048828125,321.76998901367188,324.22000122070312,5,0,0,1992-03-23,1992-03-27,0,True,True
1992-04-03,324.22000122070312,326.64498901367188,314.52999877929688,316.385009765625,5,0,0,1992-03-30,1992-04-03,0,True,True
1992-04-10,316.385009765625,326.23001098632812,304.70999145507812,312.9849853515625,5,0,0,1992-04-06,1992-04-10,0,True,True
1992-04-17,312.9849853515625,326.79000854492188,312.010009765625,319.2349853515625,4,0,0,1992-04-13,1992-04-16,0,True,True
1992-04-24,319.2349853515625,319.2349853515625,303.05499267578125,303.81500244140625,5,0,0,1992-04-20,1992-04-24,0,True,True
1992-05-01,303.81500244140625,309.85000610351562,291.35501098632812,307.47500610351562,5,0,0,1992-04-27,1992-05-01,0,True,True
1992-05-08,307.47500610351562,317.2650146484375,307.47500610351562,311.2650146484375,5,0,0,1992-05-04,1992-05-08,0,True,True
1992-05-15,311.2650146484375,313.55499267578125,300.53500366210938,303.0150146484375,5,0,0,1992-05-11,1992-05-15,0,True,True
1992-05-22,303.0150146484375,309.85501098632812,303.0150146484375,308.3800048828125,5,0,0,1992-05-18,1992-05-22,0,True,True
1992-05-29,308.3800048828125,317.16000366210938,304.9949951171875,315.29501342773438,4,0,0,1992-05-26,1992-05-29,0,True,True
1992-06-05,315.29501342773438,319.22500610351562,312.59500122070312,313.2449951171875,5,0,0,1992-06-01,1992-06-05,0,True,True
1992-06-12,313.2449951171875,313.3800048828125,301.6199951171875,304.1099853515625,5,0,0,1992-06-08,1992-06-12,0,True,True
1992-06-19,304.1099853515625,306.489990234375,290.85000610351562,296.864990234375,5,0,0,1992-06-15,1992-06-19,0,True,True
1992-06-26,296.864990234375,300.10000610351562,288.010009765625,290.02999877929688,5,0,0,1992-06-22,1992-06-26,0,True,True
1992-07-03,290.02999877929688,307.71499633789062,290.02999877929688,300.875,4,0,0,1992-06-29,1992-07-02,0,True,True
1992-07-10,300.875,304.17498779296875,292.79998779296875,302.83499145507812,5,0,0,1992-07-06,1992-07-10,0,True,True
1992-07-17,302.83499145507812,311.635009765625,302.22000122070312,305.54000854492188,5,0,0,1992-07-13,1992-07-17,0,True,True
1992-07-24,305.54000854492188,306.0150146484375,297.58999633789062,303.42498779296875,5,0,0,1992-07-20,1992-07-24,0,True,True
1992-07-31,303.42498779296875,311.7550048828125,301.1099853515625,310.89498901367188,5,0,0,1992-07-27,1992-07-31,0,True,True
1992-08-07,310.89498901367188,313.4849853515625,302.26998901367188,303.31500244140625,5,0,0,1992-08-03,1992-08-07,0,True,True
1992-08-14,303.31500244140625,305.64498901367188,300.82000732421875,302.23001098632812,5,0,0,1992-08-10,1992-08-14,0,True,True
1992-08-21,302.23001098632812,302.4949951171875,293.95498657226562,295.69000244140625,5,0,0,1992-08-17,1992-08-21,0,True,True
1992-08-28,295.69000244140625,300.84500122070312,287.635009765625,299.135009765625,5,0,0,1992-08-24,1992-08-28,0,True,True
1992-09-04,299.135009765625,309.95999145507812,297.01998901367188,306.39498901367188,5,0,0,1992-08-31,1992-09-04,0,True,True
1992-09-11,306.39498901367188,316.98001098632812,303.78500366210938,315.19000244140625,4,0,0,1992-09-08,1992-09-11,0,True,True
1992-09-18,315.19000244140625,324.69000244140625,315.19000244140625,319.91000366210938,5,0,0,1992-09-14,1992-09-18,0,True,True
1992-09-25,319.91000366210938,319.91000366210938,307.69500732421875,310.22500610351562,5,0,0,1992-09-21,1992-09-25,0,True,True
1992-10-02,310.22500610351562,313.45498657226562,303.67001342773438,304.3900146484375,5,0,0,1992-09-28,1992-10-02,0,True,True
1992-10-09,304.3900146484375,310.68499755859375,291.96499633789062,305.6300048828125,5,0,0,1992-10-05,1992-10-09,0,True,True
1992-10-16,305.6300048828125,316.95498657226562,305.6300048828125,316.385009765625,5,0,0,1992-10-12,1992-10-16,0,True,True
1992-10-23,316.385009765625,328.17999267578125,315.6400146484375,325.44000244140625,5,0,0,1992-10-19,1992-10-23,0,True,True
1992-10-30,325.44000244140625,332.46499633789062,321.7349853515625,329.15499877929688,5,0,0,1992-10-26,1992-10-30,0,True,True
1992-11-06,329.15499877929688,338.67999267578125,324.98001098632812,338.14498901367188,5,0,0,1992-11-02,1992-11-06,0,True,True
1992-11-13,338.14498901367188,349.77999877929688,336.135009765625,348.489990234375,5,0,0,1992-11-09,1992-11-13,0,True,True
1992-11-20,348.489990234375,349.8900146484375,337.34500122070312,348.80499267578125,5,0,0,1992-11-16,1992-11-20,0,True,True
1992-11-27,348.80499267578125,351.04998779296875,341.29998779296875,349.31500244140625,4,0,0,1992-11-23,1992-11-27,0,True,True
1992-12-04,349.31500244140625,359.05499267578125,348.01998901367188,358.39999389648438,5,0,0,1992-11-30,1992-12-04,0,True,True
1992-12-11,358.39999389648438,363.20498657226562,349.80999755859375,350.89498901367188,5,0,0,1992-12-07,1992-12-11,0,True,True
1992-12-18,350.89498901367188,359.79000854492188,344.79501342773438,357.89498901367188,5,0,0,1992-12-14,1992-12-18,0,True,True
1992-12-25,357.89498901367188,360.85000610351562,353.27999877929688,357.55999755859375,4,0,0,1992-12-21,1992-12-24,0,True,True
1993-01-01,357.55999755859375,362.77999877929688,356.52499389648438,360.18499755859375,4,0,0,1992-12-28,1992-12-31,0,True,True
1993-01-08,360.18499755859375,370.57000732421875,355.3599853515625,365.54000854492188,5,0,0,1993-01-04,1993-01-08,0,True,True
1993-01-15,365.54000854492188,382.78500366210938,364.52999877929688,379.2349853515625,5,0,0,1993-01-11,1993-01-15,0,True,True
1993-01-22,379.2349853515625,381.70001220703125,373.93499755859375,377.82000732421875,5,0,0,1993-01-18,1993-01-22,0,True,True
1993-01-29,377.82000732421875,384.67498779296875,368.07998657226562,370.55999755859375,5,0,0,1993-01-25,1993-01-29,0,True,True
1993-02-05,370.55999755859375,379.260009765625,363.9849853515625,369,5,0,0,1993-02-01,1993-02-05,0,True,True
1993-02-12,369,370.3699951171875,361.02499389648438,361.19000244140625,5,0,0,1993-02-08,1993-02-12,0,True,True
1993-02-19,361.19000244140625,361.19000244140625,341.489990234375,347.91500854492188,4,0,0,1993-02-16,1993-02-19,0,True,True
1993-02-26,347.91500854492188,353.16500854492188,337.14498901367188,351.1400146484375,5,0,0,1993-02-22,1993-02-26,0,True,True
1993-03-05,351.1400146484375,360.42498779296875,348.07998657226562,355.56500244140625,5,0,0,1993-03-01,1993-03-05,0,True,True
1993-03-12,355.56500244140625,364.66000366210938,355.114990234375,362.64999389648438,5,0,0,1993-03-08,1993-03-12,0,True,True
1993-03-19,362.64999389648438,366.53500366210938,351.45999145507812,351.55499267578125,5,0,0,1993-03-15,1993-03-19,0,True,True
1993-03-26,351.54998779296875,356.40499877929688,345.42999267578125,352.64498901367188,5,0,0,1993-03-22,1993-03-26,0,True,True
1993-04-02,352.64498901367188,363.17999267578125,341.14498901367188,341.17999267578125,5,0,0,1993-03-29,1993-04-02,0,True,True
1993-04-09,341.17999267578125,347.73001098632812,339.17498779296875,341.55999755859375,4,0,0,1993-04-05,1993-04-08,0,True,True
1993-04-16,341.55999755859375,351.82501220703125,340.385009765625,340.64999389648438,5,0,0,1993-04-12,1993-04-16,0,True,True
1993-04-23,340.64999389648438,343.76998901367188,332.68499755859375,333.66000366210938,5,0,0,1993-04-19,1993-04-23,0,True,True
1993-04-30,333.66000366210938,344.385009765625,326.55999755859375,339.94500732421875,5,0,0,1993-04-26,1993-04-30,0,True,True
1993-05-07,339.94500732421875,357.135009765625,339.94500732421875,353.23001098632812,5,0,0,1993-05-03,1993-05-07,0,True,True
1993-05-14,353.23001098632812,356.52499389648438,345.69000244140625,349.79998779296875,5,0,0,1993-05-10,1993-05-14,0,True,True
1993-05-21,349.79998779296875,370.8900146484375,349.52499389648438,366.67001342773438,5,0,0,1993-05-17,1993-05-21,0,True,True
1993-05-28,366.67001342773438,376.52999877929688,363.30999755859375,368.1099853515625,5,0,0,1993-05-24,1993-05-28,0,True,True
1993-06-04,368.1099853515625,374.91500854492188,367.989990234375,368.625,4,0,0,1993-06-01,1993-06-04,0,True,True
1993-06-11,368.625,371.76998901367188,356.44000244140625,363.07501220703125,5,0,0,1993-06-07,1993-06-11,0,True,True
1993-06-18,363.07501220703125,369.56500244140625,357.95999145507812,357.95999145507812,5,0,0,1993-06-14,1993-06-18,0,True,True
1993-06-25,357.95999145507812,363.6300048828125,352.7550048828125,362.22500610351562,5,0,0,1993-06-21,1993-06-25,0,True,True
1993-07-02,362.22500610351562,369.82501220703125,361.3699951171875,364.21499633789062,5,0,0,1993-06-28,1993-07-02,0,True,True
1993-07-09,364.21499633789062,365.23001098632812,355.77999877929688,362.45999145507812,4,0,0,1993-07-06,1993-07-09,0,True,True
1993-07-16,362.45999145507812,366.32501220703125,350.1099853515625,351.07000732421875,5,0,0,1993-07-12,1993-07-16,0,True,True
1993-07-23,351.07000732421875,356.32998657226562,346.5150146484375,353.20498657226562,5,0,0,1993-07-19,1993-07-23,0,True,True
1993-07-30,353.20498657226562,359.64498901367188,350.7550048828125,352.864990234375,5,0,0,1993-07-26,1993-07-30,0,True,True
1993-08-06,352.864990234375,364.83499145507812,352.864990234375,363.14498901367188,5,0,0,1993-08-02,1993-08-06,0,True,True
1993-08-13,363.14498901367188,365.364990234375,356.93499755859375,360.45498657226562,5,0,0,1993-08-09,1993-08-13,0,True,True
1993-08-20,360.45498657226562,379.6400146484375,360.45498657226562,370.8699951171875,5,0,0,1993-08-16,1993-08-20,0,True,True
1993-08-27,370.8699951171875,372.20498657226562,360.70498657226562,366.5,5,0,0,1993-08-23,1993-08-27,0,True,True
1993-09-03,366.5,376.97500610351562,366.5,373.70498657226562,5,0,0,1993-08-30,1993-09-03,0,True,True
1993-09-10,373.70498657226562,373.79998779296875,358.02499389648438,370.635009765625,4,0,0,1993-09-07,1993-09-10,0,True,True
1993-09-17,370.635009765625,371.7550048828125,360.135009765625,366.18499755859375,5,0,0,1993-09-13,1993-09-17,0,True,True
1993-09-24,366.18499755859375,378.46499633789062,362.30999755859375,378.04000854492188,5,0,0,1993-09-20,1993-09-24,0,True,True
1993-10-01,378.04000854492188,388.32998657226562,378.04000854492188,382.80999755859375,5,0,0,1993-09-27,1993-10-01,0,True,True
1993-10-08,382.80999755859375,386.52499389648438,375.635009765625,381.31500244140625,5,0,0,1993-10-04,1993-10-08,0,True,True
1993-10-15,381.31500244140625,396.20498657226562,379.114990234375,392.45001220703125,5,0,0,1993-10-11,1993-10-15,0,True,True
1993-10-22,392.45001220703125,394.22000122070312,380.7650146484375,388.19000244140625,5,0,0,1993-10-18,1993-10-22,0,True,True
1993-10-29,388.19000244140625,392.70498657226562,382.34500122070312,390.9849853515625,5,0,0,1993-10-25,1993-10-29,0,True,True
1993-11-05,390.9849853515625,396.09500122070312,371.82501220703125,383.635009765625,5,0,0,1993-11-01,1993-11-05,0,True,True
1993-11-12,383.635009765625,396.875,380.53500366210938,395.17498779296875,5,0,0,1993-11-08,1993-11-12,0,True,True
1993-11-19,395.17498779296875,395.93499755859375,378,380.56500244140625,5,0,0,1993-11-15,1993-11-19,0,True,True
1993-11-26,380.56500244140625,386.79501342773438,372.32501220703125,386.31500244140625,4,0,0,1993-11-22,1993-11-26,0,True,True
1993-12-03,386.31500244140625,401.80999755859375,380.8699951171875,401.77499389648438,5,0,0,1993-11-29,1993-12-03,0,True,True
1993-12-10,401.77499389648438,401.77499389648438,385.14999389648438,386.95999145507812,5,0,0,1993-12-06,1993-12-10,0,True,True
1993-12-17,386.95999145507812,389.89498901367188,381.83999633789062,389.03500366210938,5,0,0,1993-12-13,1993-12-17,0,True,True
1993-12-24,389.03500366210938,392.10000610351562,384.82501220703125,390.32000732421875,4,0,0,1993-12-20,1993-12-23,0,True,True
1993-12-31,390.32000732421875,400.54998779296875,389.739990234375,398.27999877929688,5,0,0,1993-12-27,1993-12-31,0,True,True
1994-01-07,398.260009765625,405.42001342773438,392.04998779296875,404.77999877929688,5,0,0,1994-01-03,1994-01-07,0,True,True
1994-01-14,404.77999877929688,412.3599853515625,404.44000244140625,411.75,5,0,0,1994-01-10,1994-01-14,0,True,True
1994-01-21,411.75,413.29000854492188,403.67001342773438,411.58999633789062,5,0,0,1994-01-17,1994-01-21,0,True,True
1994-01-28,411.58999633789062,412.64999389648438,403.44000244140625,412.51998901367188,5,0,0,1994-01-24,1994-01-28,0,True,True
1994-02-04,412.51998901367188,415.42001342773438,397.1099853515625,397.48001098632812,5,0,0,1994-01-31,1994-02-04,0,True,True
1994-02-11,397.48001098632812,405.95001220703125,392.32998657226562,401.82998657226562,5,0,0,1994-02-07,1994-02-11,0,True,True
1994-02-18,401.82998657226562,412.42999267578125,401.82998657226562,407.94000244140625,5,0,0,1994-02-14,1994-02-18,0,True,True
1994-02-25,407.94000244140625,412.3699951171875,400.41000366210938,406.45001220703125,4,0,0,1994-02-22,1994-02-25,0,True,True
1994-03-04,406.45001220703125,414.02999877929688,398.29998779296875,411.989990234375,5,0,0,1994-02-28,1994-03-04,0,True,True
1994-03-11,411.989990234375,416.29000854492188,406.95001220703125,409.42999267578125,5,0,0,1994-03-07,1994-03-11,0,True,True
1994-03-18,409.42999267578125,418.989990234375,409.42999267578125,417.51998901367188,5,0,0,1994-03-14,1994-03-18,0,True,True
1994-03-25,417.51998901367188,417.6099853515625,399.6300048828125,399.8599853515625,5,0,0,1994-03-21,1994-03-25,0,True,True
1994-04-01,399.8599853515625,401.45001220703125,372.32000732421875,382.95999145507812,4,0,0,1994-03-28,1994-03-31,0,True,True
1994-04-08,382.95999145507812,391.94000244140625,368.70999145507812,384.89999389648438,5,0,0,1994-04-04,1994-04-08,0,True,True
1994-04-15,384.89999389648438,385.010009765625,361.85000610351562,366.29000854492188,5,0,0,1994-04-11,1994-04-15,0,True,True
1994-04-22,366.29000854492188,371.8900146484375,352.1199951171875,369.07998657226562,5,0,0,1994-04-18,1994-04-22,0,True,True
1994-04-29,369.07998657226562,377.3699951171875,368.67001342773438,373.25,4,0,0,1994-04-25,1994-04-29,0,True,True
1994-05-06,373.25,381.30999755859375,371,374.57000732421875,5,0,0,1994-05-02,1994-05-06,0,True,True
1994-05-13,374.57000732421875,374.57000732421875,359.29000854492188,364.82000732421875,5,0,0,1994-05-09,1994-05-13,0,True,True
1994-05-20,364.82000732421875,374.91000366210938,353.42999267578125,370.3699951171875,5,0,0,1994-05-16,1994-05-20,0,True,True
1994-05-27,370.3699951171875,381.25,367.94000244140625,376.80999755859375,5,0,0,1994-05-23,1994-05-27,0,True,True
1994-06-03,376.80999755859375,385.16000366210938,364.17001342773438,382.77999877929688,4,0,0,1994-05-31,1994-06-03,0,True,True
1994-06-10,382.77999877929688,384.739990234375,368.3699951171875,374.6400146484375,5,0,0,1994-06-06,1994-06-10,0,True,True
1994-06-17,374.6400146484375,379.79998779296875,371.510009765625,371.94000244140625,5,0,0,1994-06-13,1994-06-17,0,True,True
1994-06-24,371.94000244140625,371.94000244140625,350.02999877929688,351.760009765625,5,0,0,1994-06-20,1994-06-24,0,True,True
1994-07-01,351.760009765625,367.23001098632812,350.239990234375,360.02999877929688,5,0,0,1994-06-27,1994-07-01,0,True,True
1994-07-08,360.02999877929688,362.73001098632812,352.739990234375,359.30999755859375,4,0,0,1994-07-05,1994-07-08,0,True,True
1994-07-15,359.30999755859375,373.42999267578125,354.91000366210938,367.239990234375,5,0,0,1994-07-11,1994-07-15,0,True,True
1994-07-22,368.35000610351562,368.73001098632812,357.92999267578125,365.05999755859375,5,0,0,1994-07-18,1994-07-22,0,True,True
1994-07-29,365.05999755859375,370.64999389648438,361.33999633789062,370.16000366210938,5,0,0,1994-07-25,1994-07-29,0,True,True
1994-08-05,370.16000366210938,376.6400146484375,363.80999755859375,367.14999389648438,5,0,0,1994-08-01,1994-08-05,0,True,True
1994-08-12,367.1400146484375,378.54000854492188,365.51998901367188,376.95999145507812,5,0,0,1994-08-08,1994-08-12,0,True,True
1994-08-19,376.95999145507812,388.489990234375,375.3800048828125,384.1199951171875,5,0,0,1994-08-15,1994-08-19,0,True,True
1994-08-26,384.1199951171875,401.29998779296875,381.60000610351562,399.260009765625,5,0,0,1994-08-22,1994-08-26,0,True,True
1994-09-02,399.260009765625,402.8699951171875,390.3800048828125,391.41000366210938,5,0,0,1994-08-29,1994-09-02,0,True,True
1994-09-09,391.41000366210938,401.42999267578125,390.79998779296875,394.83999633789062,4,0,0,1994-09-06,1994-09-09,0,True,True
1994-09-16,394.83999633789062,407.10000610351562,390.5,404.47000122070312,5,0,0,1994-09-12,1994-09-16,0,True,True
1994-09-23,404.47000122070312,406.79000854492188,388.95001220703125,390.20001220703125,5,0,0,1994-09-19,1994-09-23,0,True,True
1994-09-30,390.17999267578125,396.48001098632812,386.1099853515625,393.85000610351562,5,0,0,1994-09-26,1994-09-30,0,True,True
1994-10-07,393.85000610351562,394.94000244140625,376.79998779296875,387.3599853515625,5,0,0,1994-10-03,1994-10-07,0,True,True
1994-10-14,387.3599853515625,406.85000610351562,387.3599853515625,398.79998779296875,5,0,0,1994-10-10,1994-10-14,0,True,True
1994-10-21,398.79998779296875,405.60000610351562,396.26998901367188,400.51998901367188,5,0,0,1994-10-17,1994-10-21,0,True,True
1994-10-28,400.51998901367188,411.83999633789062,394.05999755859375,411.83999633789062,5,0,0,1994-10-24,1994-10-28,0,True,True
1994-11-04,411.83999633789062,416.08999633789062,401.3800048828125,401.45999145507812,5,0,0,1994-10-31,1994-11-04,0,True,True
1994-11-11,401.45999145507812,413.39999389648438,398.75,404.77999877929688,5,0,0,1994-11-07,1994-11-11,0,True,True
1994-11-18,404.77999877929688,415.75,404.77999877929688,412.42999267578125,5,0,0,1994-11-14,1994-11-18,0,True,True
1994-11-25,412.42999267578125,417.54998779296875,390.8900146484375,401.17001342773438,4,0,0,1994-11-21,1994-11-25,0,True,True
1994-12-02,401.17001342773438,412,395.70001220703125,402.04000854492188,5,0,0,1994-11-28,1994-12-02,0,True,True
1994-12-09,402.04000854492188,405.1400146484375,379.95999145507812,388.6300048828125,5,0,0,1994-12-05,1994-12-09,0,True,True
1994-12-16,388.6300048828125,395.95001220703125,381.47000122070312,392.010009765625,5,0,0,1994-12-12,1994-12-16,0,True,True
1994-12-23,392.010009765625,403.08999633789062,388.04998779296875,401.14999389648438,5,0,0,1994-12-19,1994-12-23,0,True,True
1994-12-30,401.14999389648438,406.52999877929688,398.79000854492188,404.26998901367188,4,0,0,1994-12-27,1994-12-30,0,True,True
1995-01-06,404.26998901367188,404.26998901367188,394.58999633789062,401.58999633789062,4,0,0,1995-01-03,1995-01-06,0,True,True
1995-01-13,401.58999633789062,411.16000366210938,400.91000366210938,410.48001098632812,5,0,0,1995-01-09,1995-01-13,0,True,True
1995-01-20,410.48001098632812,419.98001098632812,408.73001098632812,410.1300048828125,5,0,0,1995-01-16,1995-01-20,0,True,True
1995-01-27,410.1300048828125,414.04000854492188,404.57000732421875,407.22000122070312,5,0,0,1995-01-23,1995-01-27,0,True,True
1995-02-03,407.22000122070312,419.010009765625,401.07998657226562,416.1400146484375,5,0,0,1995-01-30,1995-02-03,0,True,True
1995-02-10,416.1400146484375,431.29998779296875,416.1400146484375,430.76998901367188,5,0,0,1995-02-06,1995-02-10,0,True,True
1995-02-17,430.76998901367188,433.44000244140625,425.32998657226562,425.66000366210938,5,0,0,1995-02-13,1995-02-17,0,True,True
1995-02-24,425.66000366210938,435.20001220703125,423.1199951171875,428.42001342773438,4,0,0,1995-02-21,1995-02-24,0,True,True
1995-03-03,428.42001342773438,436.8900146484375,424.04000854492188,436.67999267578125,5,0,0,1995-02-27,1995-03-03,0,True,True
1995-03-10,436.67999267578125,441.760009765625,430.41000366210938,441.760009765625,5,0,0,1995-03-06,1995-03-10,0,True,True
1995-03-17,441.75,447.75,440.29000854492188,443.94000244140625,5,0,0,1995-03-13,1995-03-17,0,True,True
1995-03-24,443.94000244140625,455.45001220703125,442.82998657226562,455.42999267578125,5,0,0,1995-03-20,1995-03-24,0,True,True
1995-03-31,455.42999267578125,462.989990234375,439.22000122070312,447.14999389648438,5,0,0,1995-03-27,1995-03-31,0,True,True
1995-04-07,447.14999389648438,450.89999389648438,438.3800048828125,444.010009765625,5,0,0,1995-04-03,1995-04-07,0,True,True
1995-04-14,444.010009765625,459.6099853515625,442.57998657226562,458.92999267578125,4,0,0,1995-04-10,1995-04-13,0,True,True
1995-04-21,458.92999267578125,466.79000854492188,442.70999145507812,451.33999633789062,5,0,0,1995-04-17,1995-04-21,0,True,True
1995-04-28,451.33999633789062,470.489990234375,448.92999267578125,469.55999755859375,5,0,0,1995-04-24,1995-04-28,0,True,True
1995-05-05,469.55999755859375,484.1300048828125,463.3800048828125,470.29998779296875,5,0,0,1995-05-01,1995-05-05,0,True,True
1995-05-12,470.29998779296875,486.23001098632812,469.70999145507812,483.19000244140625,5,0,0,1995-05-08,1995-05-12,0,True,True
1995-05-19,483.19000244140625,498.92999267578125,481.22000122070312,489.8699951171875,5,0,0,1995-05-15,1995-05-19,0,True,True
1995-05-26,489.76998901367188,509.239990234375,489.55999755859375,496.05999755859375,5,0,0,1995-05-22,1995-05-26,0,True,True
1995-06-02,496.05999755859375,498.14999389648438,474.17001342773438,492.64999389648438,4,0,0,1995-05-30,1995-06-02,0,True,True
1995-06-09,492.64999389648438,504.05999755859375,492.64999389648438,500.41000366210938,5,0,0,1995-06-05,1995-06-09,0,True,True
1995-06-16,500.41000366210938,518.41998291015625,499.41000366210938,517.57000732421875,5,0,0,1995-06-12,1995-06-16,0,True,True
1995-06-23,517.54998779296875,546.57000732421875,517.54998779296875,544.65997314453125,5,0,0,1995-06-19,1995-06-23,0,True,True
1995-06-30,544.65997314453125,546.3599853515625,522.09002685546875,538.030029296875,5,0,0,1995-06-26,1995-06-30,0,True,True
1995-07-07,538.030029296875,567.55999755859375,536.72998046875,567.55999755859375,4,0,0,1995-07-03,1995-07-07,0,True,True
1995-07-14,567.55999755859375,591.510009765625,563.92999267578125,589.8499755859375,5,0,0,1995-07-10,1995-07-14,0,True,True
1995-07-21,589.8499755859375,600.010009765625,530.4000244140625,547.780029296875,5,0,0,1995-07-17,1995-07-21,0,True,True
1995-07-28,547.780029296875,586.95001220703125,547.780029296875,574.17999267578125,5,0,0,1995-07-24,1995-07-28,0,True,True
1995-08-04,574.17999267578125,576.57000732421875,541.6400146484375,560.58001708984375,5,0,0,1995-07-31,1995-08-04,0,True,True
1995-08-11,560.58001708984375,577.47998046875,560.58001708984375,575.6400146484375,5,0,0,1995-08-07,1995-08-11,0,True,True
1995-08-18,575.66998291015625,601.6500244140625,573.46002197265625,595.52001953125,5,0,0,1995-08-14,1995-08-18,0,True,True
1995-08-25,595.52001953125,598.72998046875,576.9000244140625,580.0999755859375,5,0,0,1995-08-21,1995-08-25,0,True,True
1995-09-01,580.0999755859375,581.6199951171875,549.1199951171875,573.21002197265625,5,0,0,1995-08-28,1995-09-01,0,True,True
1995-09-08,573.21002197265625,604.3900146484375,573.21002197265625,604.27001953125,4,0,0,1995-09-05,1995-09-08,0,True,True
1995-09-15,604.27001953125,613.780029296875,586.27001953125,589.010009765625,5,0,0,1995-09-11,1995-09-15,0,True,True
1995-09-22,589.010009765625,608.21002197265625,581.78997802734375,592.6400146484375,5,0,0,1995-09-18,1995-09-22,0,True,True
1995-09-29,592.6400146484375,599.30999755859375,557.260009765625,585.08001708984375,5,0,0,1995-09-25,1995-09-29,0,True,True
1995-10-06,585.08001708984375,587.9000244140625,556.6099853515625,567.41998291015625,5,0,0,1995-10-02,1995-10-06,0,True,True
1995-10-13,567.40997314453125,579.67999267578125,527.8900146484375,570,5,0,0,1995-10-09,1995-10-13,0,True,True
1995-10-20,570.010009765625,605.17999267578125,567.010009765625,591.8800048828125,5,0,0,1995-10-16,1995-10-20,0,True,True
1995-10-27,587.84002685546875,597.55999755859375,572.489990234375,593.530029296875,5,0,0,1995-10-23,1995-10-27,0,True,True
1995-11-03,593.530029296875,621.71002197265625,593.530029296875,621.71002197265625,5,0,0,1995-10-30,1995-11-03,0,True,True
1995-11-10,621.71002197265625,623.530029296875,591.20001220703125,613.6099853515625,5,0,0,1995-11-06,1995-11-10,0,True,True
1995-11-17,613.6099853515625,616.15997314453125,582.40997314453125,588.80999755859375,5,0,0,1995-11-13,1995-11-17,0,True,True
1995-11-24,588.80999755859375,593.72998046875,562.5,578.32000732421875,4,0,0,1995-11-20,1995-11-24,0,True,True
1995-12-01,578.32000732421875,604.78997802734375,573.90997314453125,587.02001953125,5,0,0,1995-11-27,1995-12-01,0,True,True
1995-12-08,586.92999267578125,604.1300048828125,579.760009765625,599.3800048828125,5,0,0,1995-12-04,1995-12-08,0,True,True
1995-12-15,599.3800048828125,602.3900146484375,560.3499755859375,563.280029296875,5,0,0,1995-12-11,1995-12-15,0,True,True
1995-12-22,563.280029296875,585.44000244140625,540.969970703125,585.17999267578125,5,0,0,1995-12-18,1995-12-22,0,True,True
1995-12-29,585.17999267578125,587.80999755859375,569.45001220703125,576.22998046875,4,0,0,1995-12-26,1995-12-29,0,True,True
1996-01-05,576.22998046875,586.32000732421875,552.17999267578125,565.1400146484375,4,0,0,1996-01-02,1996-01-05,0,True,True
1996-01-12,565.1400146484375,568.22998046875,527.219970703125,552.71002197265625,5,0,0,1996-01-08,1996-01-12,0,True,True
1996-01-19,552.75,566.1199951171875,526.79998779296875,564.6400146484375,5,0,0,1996-01-15,1996-01-19,0,True,True
1996-01-26,564.6400146484375,584.55999755859375,563.67999267578125,577.04998779296875,5,0,0,1996-01-22,1996-01-26,0,True,True
1996-02-02,577.04998779296875,606.5999755859375,574.45001220703125,601.41998291015625,5,0,0,1996-01-29,1996-02-02,0,True,True
1996-02-09,601.5,629.4000244140625,600.66998291015625,623.010009765625,5,0,0,1996-02-05,1996-02-09,0,True,True
1996-02-16,623.010009765625,629.010009765625,612.03997802734375,619.03997802734375,5,0,0,1996-02-12,1996-02-16,0,True,True
1996-02-23,619.03997802734375,647.34002685546875,611.72998046875,642.59002685546875,4,0,0,1996-02-20,1996-02-23,0,True,True
1996-03-01,642.59002685546875,645.239990234375,601.03997802734375,604.760009765625,5,0,0,1996-02-26,1996-03-01,0,True,True
1996-03-08,604.760009765625,617.219970703125,585.33001708984375,591.71002197265625,5,0,0,1996-03-04,1996-03-08,0,True,True
1996-03-15,591.71002197265625,622.67999267578125,591.71002197265625,621.71002197265625,5,0,0,1996-03-11,1996-03-15,0,True,True
1996-03-22,621.71002197265625,637.91998291015625,605.8699951171875,612.8800048828125,5,0,0,1996-03-18,1996-03-22,0,True,True
1996-03-29,612.8800048828125,617.75,591.3499755859375,609.69000244140625,5,0,0,1996-03-25,1996-03-29,0,True,True
1996-04-05,609.69000244140625,620.59002685546875,609.69000244140625,618,4,0,0,1996-04-01,1996-04-04,0,True,True
1996-04-12,618,619.95001220703125,597.41998291015625,605.04998779296875,5,0,0,1996-04-08,1996-04-12,0,True,True
1996-04-19,605.04998779296875,648.1500244140625,605.04998779296875,633.010009765625,5,0,0,1996-04-15,1996-04-19,0,True,True
1996-04-26,633.010009765625,669.739990234375,633.010009765625,666.6500244140625,5,0,0,1996-04-22,1996-04-26,0,True,True
1996-05-03,666.6500244140625,673.8800048828125,656.6199951171875,661.07000732421875,5,0,0,1996-04-29,1996-05-03,0,True,True
1996-05-10,661.07000732421875,672.59002685546875,646.02001953125,672.53997802734375,5,0,0,1996-05-06,1996-05-10,0,True,True
1996-05-17,672.53997802734375,700.6500244140625,672.53997802734375,690.80999755859375,5,0,0,1996-05-13,1996-05-17,0,True,True
1996-05-24,690.80999755859375,696.83001708984375,684.15997314453125,688.90997314453125,5,0,0,1996-05-20,1996-05-24,0,True,True
1996-05-31,688.90997314453125,694.27001953125,674.6500244140625,692.3900146484375,4,0,0,1996-05-28,1996-05-31,0,True,True
1996-06-07,692.3900146484375,704.09002685546875,673.32000732421875,691.46002197265625,5,0,0,1996-06-03,1996-06-07,0,True,True
1996-06-14,691.46002197265625,702.1400146484375,681.07000732421875,681.1300048828125,5,0,0,1996-06-10,1996-06-14,0,True,True
1996-06-21,681.1400146484375,684.260009765625,648.92999267578125,672.530029296875,5,0,0,1996-06-17,1996-06-21,0,True,True
1996-06-28,672.530029296875,681.69000244140625,651.719970703125,677.29998779296875,5,0,0,1996-06-24,1996-06-28,0,True,True
1996-07-05,677.4000244140625,687.95001220703125,657.67999267578125,657.67999267578125,4,0,0,1996-07-01,1996-07-05,0,True,True
1996-07-12,657.67999267578125,665.1199951171875,625.09002685546875,635.05999755859375,5,0,0,1996-07-08,1996-07-12,0,True,True
1996-07-19,635.05999755859375,644.1099853515625,572.78997802734375,633.04998779296875,5,0,0,1996-07-15,1996-07-19,0,True,True
1996-07-26,633.04998779296875,633.67999267578125,577.80999755859375,633.3900146484375,5,0,0,1996-07-22,1996-07-26,0,True,True
1996-08-02,633.3900146484375,670.59002685546875,617.67999267578125,667.84002685546875,5,0,0,1996-07-29,1996-08-02,0,True,True
1996-08-09,667.84002685546875,682.47998046875,655.27001953125,678.30999755859375,5,0,0,1996-08-05,1996-08-09,0,True,True
1996-08-16,678.30999755859375,681.91998291015625,666.57000732421875,672.280029296875,5,0,0,1996-08-12,1996-08-16,0,True,True
1996-08-23,672.280029296875,685.1500244140625,658.469970703125,677.57000732421875,5,0,0,1996-08-19,1996-08-23,0,True,True
1996-08-30,677.57000732421875,681.40997314453125,663.16998291015625,663.57000732421875,5,0,0,1996-08-26,1996-08-30,0,True,True
1996-09-06,663.57000732421875,672.34002685546875,650.47998046875,664.219970703125,4,0,0,1996-09-03,1996-09-06,0,True,True
1996-09-13,664.219970703125,707.90997314453125,663.530029296875,707.8599853515625,5,0,0,1996-09-09,1996-09-13,0,True,True
1996-09-20,707.8599853515625,745.5999755859375,706.6500244140625,743.41998291015625,5,0,0,1996-09-16,1996-09-20,0,True,True
1996-09-27,743.41998291015625,757.83001708984375,731.29998779296875,744.72998046875,5,0,0,1996-09-23,1996-09-27,0,True,True
1996-10-04,744.72998046875,759.1300048828125,727.1400146484375,759.1199951171875,5,0,0,1996-09-30,1996-10-04,0,True,True
1996-10-11,759.1199951171875,770.739990234375,749.0999755859375,765.6400146484375,5,0,0,1996-10-07,1996-10-11,0,True,True
1996-10-18,765.6400146484375,794.08001708984375,751.5999755859375,756.83001708984375,5,0,0,1996-10-14,1996-10-18,0,True,True
1996-10-25,756.83001708984375,764.6400146484375,730.54998779296875,743.54998779296875,5,0,0,1996-10-21,1996-10-25,0,True,True
1996-11-01,743.54998779296875,760.1300048828125,730.45001220703125,755.510009765625,5,0,0,1996-10-28,1996-11-01,0,True,True
1996-11-08,755.510009765625,800.8699951171875,751.45001220703125,798.65997314453125,5,0,0,1996-11-04,1996-11-08,0,True,True
1996-11-15,798.65997314453125,814.30999755859375,790.1099853515625,799.44000244140625,5,0,0,1996-11-11,1996-11-15,0,True,True
1996-11-22,799.42999267578125,819.04998779296875,787.71002197265625,818.3699951171875,5,0,0,1996-11-18,1996-11-22,0,True,True
1996-11-29,818.510009765625,836.1500244140625,811.66998291015625,834.010009765625,4,0,0,1996-11-25,1996-11-29,0,True,True
1996-12-06,834.010009765625,855.78997802734375,805.07000732421875,827.21002197265625,5,0,0,1996-12-02,1996-12-06,0,True,True
1996-12-13,827.21002197265625,873,825.489990234375,828.45001220703125,5,0,0,1996-12-09,1996-12-13,0,True,True
1996-12-20,828.45001220703125,853.19000244140625,798.1300048828125,834.04998779296875,5,0,0,1996-12-16,1996-12-20,0,True,True
1996-12-27,834.04998779296875,845.04998779296875,821.42999267578125,835.46002197265625,4,0,0,1996-12-23,1996-12-27,0,True,True
1997-01-03,835.19000244140625,848.17999267578125,806.16998291015625,848.16998291015625,4,0,0,1996-12-30,1997-01-03,0,True,True
1997-01-10,848.52001953125,867.3699951171875,844.42999267578125,865.58001708984375,5,0,0,1997-01-06,1997-01-10,0,True,True
1997-01-17,865.59002685546875,886.3800048828125,861.54998779296875,883.44000244140625,5,0,0,1997-01-13,1997-01-17,0,True,True
1997-01-24,883.44000244140625,938.1099853515625,878.219970703125,898.3699951171875,5,0,0,1997-01-20,1997-01-24,0,True,True
1997-01-31,898.3699951171875,926.010009765625,884.16998291015625,921.54998779296875,5,0,0,1997-01-27,1997-01-31,0,True,True
1997-02-07,921.54998779296875,928.30999755859375,875.97998046875,899.84002685546875,5,0,0,1997-02-03,1997-02-07,0,True,True
1997-02-14,899.84002685546875,912.280029296875,856.03997802734375,899.90997314453125,5,0,0,1997-02-10,1997-02-14,0,True,True
1997-02-21,899.90997314453125,903.5999755859375,862.08001708984375,864.280029296875,4,0,0,1997-02-18,1997-02-21,0,True,True
1997-02-28,864.29998779296875,892.25,835.8699951171875,850.46002197265625,5,0,0,1997-02-24,1997-02-28,0,True,True
1997-03-07,850.46002197265625,874.280029296875,837.010009765625,841.030029296875,5,0,0,1997-03-03,1997-03-07,0,True,True
1997-03-14,841.030029296875,858.5,829.41998291015625,838.97998046875,5,0,0,1997-03-10,1997-03-14,0,True,True
1997-03-21,838.969970703125,850.8699951171875,798.25,812.72998046875,5,0,0,1997-03-17,1997-03-21,0,True,True
1997-03-28,812.72998046875,843.3499755859375,784.53997802734375,818.739990234375,4,0,0,1997-03-24,1997-03-27,0,True,True
1997-04-04,818.739990234375,823.9000244140625,779.16998291015625,822.4000244140625,5,0,0,1997-03-31,1997-04-04,0,True,True
1997-04-11,822.4000244140625,849.78997802734375,789.79998779296875,789.969970703125,5,0,0,1997-04-07,1997-04-11,0,True,True
1997-04-18,789.969970703125,828.3699951171875,785.08001708984375,816.42999267578125,5,0,0,1997-04-14,1997-04-18,0,True,True
1997-04-25,816.3499755859375,853.69000244140625,793.1300048828125,818.57000732421875,5,0,0,1997-04-21,1997-04-25,0,True,True
1997-05-02,818.57000732421875,909.55999755859375,812.25,909.489990234375,5,0,0,1997-04-28,1997-05-02,0,True,True
1997-05-09,909.489990234375,932.8900146484375,903.40997314453125,919.08001708984375,5,0,0,1997-05-05,1997-05-09,0,True,True
1997-05-16,919.1400146484375,932.4000244140625,900.239990234375,915.28997802734375,5,0,0,1997-05-12,1997-05-16,0,True,True
1997-05-23,915.28997802734375,961.47998046875,908.719970703125,959.08001708984375,5,0,0,1997-05-19,1997-05-23,0,True,True
1997-05-30,959.08001708984375,988.4000244140625,948.46002197265625,958.8499755859375,4,0,0,1997-05-27,1997-05-30,0,True,True
1997-06-06,958.8499755859375,967.9000244140625,915.96002197265625,944.989990234375,5,0,0,1997-06-02,1997-06-06,0,True,True
1997-06-13,945.010009765625,971.17999267578125,931.42999267578125,964.4000244140625,5,0,0,1997-06-09,1997-06-13,0,True,True
1997-06-20,964.4000244140625,991.8499755859375,945.82000732421875,981.40997314453125,5,0,0,1997-06-16,1997-06-20,0,True,True
1997-06-27,981.40997314453125,993.15997314453125,961.66998291015625,963.010009765625,5,0,0,1997-06-23,1997-06-27,0,True,True
1997-07-04,963.07000732421875,990.530029296875,947.780029296875,986.52001953125,4,0,0,1997-06-30,1997-07-03,0,True,True
1997-07-11,986.52001953125,1019.1799926757812,986.52001953125,1015.6199951171875,5,0,0,1997-07-07,1997-07-11,0,True,True
1997-07-18,1015.6199951171875,1108.1199951171875,1015.6199951171875,1070.989990234375,5,0,0,1997-07-14,1997-07-18,0,True,True
1997-07-25,1070.989990234375,1106.699951171875,1051.030029296875,1085.3900146484375,5,0,0,1997-07-21,1997-07-25,0,True,True
1997-08-01,1085.3900146484375,1113.989990234375,1069.25,1108.93994140625,5,0,0,1997-07-28,1997-08-01,0,True,True
1997-08-08,1108.949951171875,1151.8199462890625,1091.4300537109375,1115.02001953125,5,0,0,1997-08-04,1997-08-08,0,True,True
1997-08-15,1115.02001953125,1116.969970703125,1076.6400146484375,1076.6700439453125,5,0,0,1997-08-11,1997-08-15,0,True,True
1997-08-22,1076.6500244140625,1145.27001953125,1060.8800048828125,1110.9100341796875,5,0,0,1997-08-18,1997-08-22,0,True,True
1997-08-29,1110.9100341796875,1121.81005859375,1064.5699462890625,1074.050048828125,5,0,0,1997-08-25,1997-08-29,0,True,True
1997-09-05,1074.1700439453125,1119.8499755859375,1074.1700439453125,1111.1500244140625,4,0,0,1997-09-02,1997-09-05,0,True,True
1997-09-12,1111.1500244140625,1128.989990234375,1082.52001953125,1106.0699462890625,5,0,0,1997-09-08,1997-09-12,0,True,True
1997-09-19,1106.0699462890625,1122.4000244140625,1080.22998046875,1118.6800537109375,5,0,0,1997-09-15,1997-09-19,0,True,True
1997-09-26,1118.6800537109375,1139.699951171875,1102.1099853515625,1106.8199462890625,5,0,0,1997-09-22,1997-09-26,0,True,True
1997-10-03,1106.8199462890625,1135.18994140625,1089.3599853515625,1124.43994140625,5,0,0,1997-09-29,1997-10-03,0,True,True
1997-10-10,1124.43994140625,1153.8900146484375,1121.239990234375,1137.77001953125,5,0,0,1997-10-06,1997-10-10,0,True,True
1997-10-17,1137.77001953125,1146.1199951171875,1058.760009765625,1075.1199951171875,5,0,0,1997-10-13,1997-10-17,0,True,True
1997-10-24,1075.1199951171875,1114.4599609375,1046.77001953125,1057.3399658203125,5,0,0,1997-10-20,1997-10-24,0,True,True
1997-10-31,1057.3399658203125,1057.3499755859375,925.91998291015625,1019.6199951171875,5,0,0,1997-10-27,1997-10-31,0,True,True
1997-11-07,1019.6199951171875,1057.9000244140625,1010.3200073242188,1028.3199462890625,5,0,0,1997-11-03,1997-11-07,0,True,True
1997-11-14,1028.3199462890625,1040.050048828125,971.6099853515625,1027.8499755859375,5,0,0,1997-11-10,1997-11-14,0,True,True
1997-11-21,1027.8499755859375,1073.969970703125,1027.8499755859375,1056.5899658203125,5,0,0,1997-11-17,1997-11-21,0,True,True
1997-11-28,1056.5899658203125,1056.5899658203125,1026.1700439453125,1050.510009765625,4,0,0,1997-11-24,1997-11-28,0,True,True
1997-12-05,1050.510009765625,1079.3900146484375,1036.72998046875,1070.27001953125,5,0,0,1997-12-01,1997-12-05,0,True,True
1997-12-12,1070.27001953125,1085.3499755859375,974.1500244140625,978.489990234375,5,0,0,1997-12-08,1997-12-12,0,True,True
1997-12-19,978.489990234375,1011.9600219726562,937.69000244140625,969.9000244140625,5,0,0,1997-12-15,1997-12-19,0,True,True
1997-12-26,969.8900146484375,990.80999755859375,937.219970703125,954.07000732421875,4,0,0,1997-12-22,1997-12-26,0,True,True
1998-01-02,954.07000732421875,1008.22998046875,954.07000732421875,1008.22998046875,4,0,0,1997-12-29,1998-01-02,0,True,True
1998-01-09,1008.22998046875,1028.6199951171875,950.1400146484375,956.19000244140625,5,0,0,1998-01-05,1998-01-09,0,True,True
1998-01-16,956.19000244140625,1008.6199951171875,933.010009765625,1005.8699951171875,5,0,0,1998-01-12,1998-01-16,0,True,True
1998-01-23,1005.8699951171875,1029.7900390625,1005.8699951171875,1024.469970703125,4,0,0,1998-01-20,1998-01-23,0,True,True
1998-01-30,1024.469970703125,1082.0799560546875,1009.6799926757812,1071.1300048828125,5,0,0,1998-01-26,1998-01-30,0,True,True
1998-02-06,1071.1300048828125,1143.489990234375,1071.1300048828125,1134.3199462890625,5,0,0,1998-02-02,1998-02-06,0,True,True
1998-02-13,1134.3199462890625,1146.280029296875,1119.43994140625,1136.68994140625,5,0,0,1998-02-09,1998-02-13,0,True,True
1998-02-20,1136.6400146484375,1163.8399658203125,1125.77001953125,1159.72998046875,4,0,0,1998-02-17,1998-02-20,0,True,True
1998-02-27,1159.72998046875,1213.0899658203125,1159.72998046875,1194.1300048828125,5,0,0,1998-02-23,1998-02-27,0,True,True
1998-03-06,1194.1300048828125,1204.1199951171875,1123.8599853515625,1163.1099853515625,5,0,0,1998-03-02,1998-03-06,0,True,True
1998-03-13,1163.1099853515625,1180.9599609375,1128.3699951171875,1169.2900390625,5,0,0,1998-03-09,1998-03-13,0,True,True
1998-03-20,1169.3699951171875,1190.8800048828125,1157.3399658203125,1169.4300537109375,5,0,0,1998-03-16,1998-03-20,0,True,True
1998-03-27,1169.4300537109375,1230.9200439453125,1162.9300537109375,1211.6400146484375,5,0,0,1998-03-23,1998-03-27,0,True,True
1998-04-03,1211.6400146484375,1240.280029296875,1201.1700439453125,1233.6600341796875,5,0,0,1998-03-30,1998-04-03,0,True,True
1998-04-10,1233.6600341796875,1234.4200439453125,1172.8699951171875,1196.9000244140625,4,0,0,1998-04-06,1998-04-09,0,True,True
1998-04-17,1196.989990234375,1237.9000244140625,1184.0999755859375,1231.25,5,0,0,1998-04-13,1998-04-17,0,True,True
1998-04-24,1231.25,1310.0999755859375,1230.9000244140625,1250.1400146484375,5,0,0,1998-04-20,1998-04-24,0,True,True
1998-05-01,1250.1400146484375,1256.1400146484375,1204.8599853515625,1251.530029296875,5,0,0,1998-04-27,1998-05-01,0,True,True
1998-05-08,1251.530029296875,1268.030029296875,1217.030029296875,1254.030029296875,5,0,0,1998-05-04,1998-05-08,0,True,True
1998-05-15,1254.030029296875,1280.280029296875,1230.5799560546875,1249.489990234375,5,0,0,1998-05-11,1998-05-15,0,True,True
1998-05-22,1249.489990234375,1259.5699462890625,1210.510009765625,1214.1300048828125,5,0,0,1998-05-18,1998-05-22,0,True,True
1998-05-29,1214.1300048828125,1226.7900390625,1180.22998046875,1192.0699462890625,4,0,0,1998-05-26,1998-05-29,0,True,True
1998-06-05,1192.0699462890625,1207.72998046875,1160.1300048828125,1206.699951171875,5,0,0,1998-06-01,1998-06-05,0,True,True
1998-06-12,1206.699951171875,1224.4000244140625,1157.8800048828125,1186.989990234375,5,0,0,1998-06-08,1998-06-12,0,True,True
1998-06-19,1186.989990234375,1242.5400390625,1169.1400146484375,1239.7099609375,5,0,0,1998-06-15,1998-06-19,0,True,True
1998-06-26,1239.7099609375,1347.43994140625,1234.1800537109375,1320.93994140625,5,0,0,1998-06-22,1998-06-26,0,True,True
1998-07-03,1320.93994140625,1356.1600341796875,1320.93994140625,1332.530029296875,4,0,0,1998-06-29,1998-07-02,0,True,True
1998-07-10,1332.530029296875,1397.260009765625,1326.0699462890625,1391.1099853515625,5,0,0,1998-07-06,1998-07-10,0,True,True
1998-07-17,1391.1099853515625,1466.1300048828125,1391.1099853515625,1463.969970703125,5,0,0,1998-07-13,1998-07-17,0,True,True
1998-07-24,1463.969970703125,1485.969970703125,1385.8599853515625,1408.5999755859375,5,0,0,1998-07-20,1998-07-24,0,True,True
1998-07-31,1408.5999755859375,1433.7099609375,1370.969970703125,1377.260009765625,5,0,0,1998-07-27,1998-07-31,0,True,True
1998-08-07,1377.260009765625,1388.56005859375,1289.9100341796875,1364.0699462890625,5,0,0,1998-08-03,1998-08-07,0,True,True
1998-08-14,1364.0799560546875,1375.4100341796875,1316.47998046875,1330.0400390625,5,0,0,1998-08-10,1998-08-14,0,True,True
1998-08-21,1330.0400390625,1421.4000244140625,1322.18994140625,1374.77001953125,5,0,0,1998-08-17,1998-08-21,0,True,True
1998-08-28,1374.77001953125,1398.77001953125,1249.489990234375,1265.0400390625,5,0,0,1998-08-24,1998-08-28,0,True,True
1998-09-04,1265.0400390625,1278.8199462890625,1118.1199951171875,1205.4100341796875,5,0,0,1998-08-31,1998-09-04,0,True,True
1998-09-11,1205.4100341796875,1320.300048828125,1205.4100341796875,1290.199951171875,4,0,0,1998-09-08,1998-09-11,0,True,True
1998-09-18,1290.199951171875,1336.52001953125,1283.0799560546875,1300.699951171875,5,0,0,1998-09-14,1998-09-18,0,True,True
1998-09-25,1300.699951171875,1402.75,1259.300048828125,1390.0899658203125,5,0,0,1998-09-21,1998-09-25,0,True,True
1998-10-02,1390.0899658203125,1413.1600341796875,1228.699951171875,1276.43994140625,5,0,0,1998-09-28,1998-10-02,0,True,True
1998-10-09,1267.489990234375,1267.489990234375,1063.27001953125,1197.8699951171875,5,0,0,1998-10-05,1998-10-09,0,True,True
1998-10-16,1198.4200439453125,1318.3299560546875,1173.449951171875,1293.9100341796875,5,0,0,1998-10-12,1998-10-16,0,True,True
1998-10-23,1293.9100341796875,1360.81005859375,1282.8299560546875,1340.5999755859375,5,0,0,1998-10-19,1998-10-23,0,True,True
1998-10-30,1340.5999755859375,1414.5999755859375,1339.3900146484375,1400.52001953125,5,0,0,1998-10-26,1998-10-30,0,True,True
1998-11-06,1400.52001953125,1460.1199951171875,1395.530029296875,1458.3399658203125,5,0,0,1998-11-02,1998-11-06,0,True,True
1998-11-13,1458.3399658203125,1504.510009765625,1446.989990234375,1465.219970703125,5,0,0,1998-11-09,1998-11-13,0,True,True
1998-11-20,1465.219970703125,1554.9599609375,1457.469970703125,1544.219970703125,5,0,0,1998-11-16,1998-11-20,0,True,True
1998-11-27,1544.219970703125,1628.8599853515625,1544.219970703125,1628.3499755859375,4,0,0,1998-11-23,1998-11-27,0,True,True
1998-12-04,1628.3800048828125,1641.280029296875,1535.1800537109375,1630.010009765625,5,0,0,1998-11-30,1998-12-04,0,True,True
1998-12-11,1630.010009765625,1699.0400390625,1630.010009765625,1675.010009765625,5,0,0,1998-12-07,1998-12-11,0,True,True
1998-12-18,1674.6800537109375,1735.6199951171875,1607.530029296875,1735,5,0,0,1998-12-14,1998-12-18,0,True,True
1998-12-25,1735.5999755859375,1818.9599609375,1735.5999755859375,1806.0400390625,4,0,0,1998-12-21,1998-12-24,0,True,True
1999-01-01,1806.0400390625,1848.3599853515625,1802.8599853515625,1836.010009765625,4,0,0,1998-12-28,1998-12-31,0,True,True
1999-01-08,1836.010009765625,2008.260009765625,1833.4300537109375,1973.6600341796875,5,0,0,1999-01-04,1999-01-08,0,True,True
1999-01-15,1973.6600341796875,2007.0999755859375,1838.6500244140625,1981.6199951171875,5,0,0,1999-01-11,1999-01-15,0,True,True
1999-01-22,1981.6199951171875,2096.27001953125,1926.699951171875,1964.2099609375,4,0,0,1999-01-19,1999-01-22,0,True,True
1999-01-29,1964.2099609375,2128.18994140625,1951.2900390625,2127.18994140625,5,0,0,1999-01-25,1999-01-29,0,True,True
1999-02-05,2127.18994140625,2150.830078125,1963.800048828125,1988.550048828125,5,0,0,1999-02-01,1999-02-05,0,True,True
1999-02-12,1988.550048828125,2045.0799560546875,1924.530029296875,1958.5999755859375,5,0,0,1999-02-08,1999-02-12,0,True,True
1999-02-19,1958.5999755859375,2004.6400146484375,1864.9000244140625,1931.5899658203125,4,0,0,1999-02-16,1999-02-19,0,True,True
1999-02-26,1931.6500244140625,2055.820068359375,1914.699951171875,1925.280029296875,5,0,0,1999-02-22,1999-02-26,0,True,True
1999-03-05,1925.969970703125,1985.5400390625,1870.3699951171875,1969.8699951171875,5,0,0,1999-03-01,1999-03-05,0,True,True
1999-03-12,1969.8699951171875,2070.239990234375,1969.8699951171875,2008.9599609375,5,0,0,1999-03-08,1999-03-12,0,True,True
1999-03-19,2009.3599853515625,2121.56005859375,1999.22998046875,2053.68994140625,5,0,0,1999-03-15,1999-03-19,0,True,True
1999-03-26,2053.68994140625,2096.219970703125,1943.9200439453125,2067.300048828125,5,0,0,1999-03-22,1999-03-26,0,True,True
1999-04-02,2067.300048828125,2168.68994140625,2067.300048828125,2146.1298828125,4,0,0,1999-03-29,1999-04-01,0,True,True
1999-04-09,2146.1298828125,2251.2900390625,2146.1298828125,2232.469970703125,5,0,0,1999-04-05,1999-04-09,0,True,True
1999-04-16,2232.469970703125,2240.300048828125,2053.719970703125,2086.4599609375,5,0,0,1999-04-12,1999-04-16,0,True,True
1999-04-23,2086.4599609375,2224.39990234375,1952.3599853515625,2210.43994140625,5,0,0,1999-04-19,1999-04-23,0,True,True
1999-04-30,2210.449951171875,2283.550048828125,2081.669921875,2136.389892578125,5,0,0,1999-04-26,1999-04-30,0,True,True
1999-05-07,2136.389892578125,2170.52001953125,2047.77001953125,2117.72998046875,5,0,0,1999-05-03,1999-05-07,0,True,True
1999-05-14,2117.72998046875,2239.860107421875,2109.89990234375,2125.14990234375,5,0,0,1999-05-10,1999-05-14,0,True,True
1999-05-21,2125.14990234375,2193.449951171875,2099.72998046875,2114.39990234375,5,0,0,1999-05-17,1999-05-21,0,True,True
1999-05-28,2114.39990234375,2123.469970703125,1960.550048828125,2089.699951171875,5,0,0,1999-05-24,1999-05-28,0,True,True
1999-06-04,2089.699951171875,2109.469970703125,1987.4000244140625,2109.409912109375,4,0,0,1999-06-01,1999-06-04,0,True,True
1999-06-11,2109.409912109375,2158.800048828125,2057.18994140625,2062.2900390625,5,0,0,1999-06-07,1999-06-11,0,True,True
1999-06-18,2062.2900390625,2206.199951171875,2020.3800048828125,2205.4599609375,5,0,0,1999-06-14,1999-06-18,0,True,True
1999-06-25,2205.4599609375,2280.31005859375,2174.110107421875,2185.760009765625,5,0,0,1999-06-21,1999-06-25,0,True,True
1999-07-02,2185.760009765625,2348.219970703125,2185.760009765625,2347.8798828125,5,0,0,1999-06-28,1999-07-02,0,True,True
1999-07-09,2347.8798828125,2393.360107421875,2317.3798828125,2393.02001953125,4,0,0,1999-07-06,1999-07-09,0,True,True
1999-07-16,2393.02001953125,2466.800048828125,2352.52001953125,2459.47998046875,5,0,0,1999-07-12,1999-07-16,0,True,True
1999-07-23,2459.5,2468.419921875,2270,2302.02001953125,5,0,0,1999-07-19,1999-07-23,0,True,True
1999-07-30,2302.02001953125,2338.010009765625,2233.14990234375,2270.929931640625,5,0,0,1999-07-26,1999-07-30,0,True,True
1999-08-06,2270.929931640625,2307.550048828125,2148.22998046875,2212.14990234375,5,0,0,1999-08-02,1999-08-06,0,True,True
1999-08-13,2212.14990234375,2307.1298828125,2120.260009765625,2307.06005859375,5,0,0,1999-08-09,1999-08-13,0,True,True
1999-08-20,2307.06005859375,2351,2270.9599609375,2315.070068359375,5,0,0,1999-08-16,1999-08-20,0,True,True
1999-08-27,2315.070068359375,2467.4599609375,2315.070068359375,2402.570068359375,5,0,0,1999-08-23,1999-08-27,0,True,True
1999-09-03,2402.570068359375,2506.75,2326.989990234375,2506.68994140625,5,0,0,1999-08-30,1999-09-03,0,True,True
1999-09-10,2506.68994140625,2548.550048828125,2453.43994140625,2534.610107421875,4,0,0,1999-09-07,1999-09-10,0,True,True
1999-09-17,2533.360107421875,2539.260009765625,2413.02001953125,2536.909912109375,5,0,0,1999-09-13,1999-09-17,0,True,True
1999-09-24,2541.159912109375,2551.659912109375,2345.219970703125,2399.580078125,5,0,0,1999-09-20,1999-09-24,0,True,True
1999-10-01,2401.27001953125,2453.93994140625,2358.219970703125,2404.449951171875,5,0,0,1999-09-27,1999-10-01,0,True,True
1999-10-08,2406.449951171875,2558.10009765625,2406.449951171875,2555.360107421875,5,0,0,1999-10-04,1999-10-08,0,True,True
1999-10-15,2556.860107421875,2586.330078125,2382.239990234375,2403.81005859375,5,0,0,1999-10-11,1999-10-15,0,True,True
1999-10-22,2401.199951171875,2523.610107421875,2299.949951171875,2485.89990234375,5,0,0,1999-10-18,1999-10-22,0,True,True
1999-10-29,2488.159912109375,2651.1201171875,2423.2900390625,2637.43994140625,5,0,0,1999-10-25,1999-10-29,0,True,True
1999-11-05,2637.0400390625,2765.56005859375,2612.389892578125,2755.699951171875,5,0,0,1999-11-01,1999-11-05,0,True,True
1999-11-12,2732.530029296875,2889.699951171875,2725.199951171875,2888.909912109375,5,0,0,1999-11-08,1999-11-12,0,True,True
1999-11-19,2891.580078125,3034.780029296875,2869.449951171875,3028.840087890625,5,0,0,1999-11-15,1999-11-19,0,True,True
1999-11-26,3028.510009765625,3151.77001953125,2975.7099609375,3116.6201171875,4,0,0,1999-11-22,1999-11-26,0,True,True
1999-12-03,3114.8798828125,3209.929931640625,2956.7900390625,3172.3701171875,5,0,0,1999-11-29,1999-12-03,0,True,True
1999-12-10,3172.31005859375,3223.6298828125,3093.97998046875,3203.280029296875,5,0,0,1999-12-06,1999-12-10,0,True,True
1999-12-17,3198.35009765625,3434.219970703125,3121.320068359375,3359.860107421875,5,0,0,1999-12-13,1999-12-17,0,True,True
1999-12-24,3361.969970703125,3625.580078125,3351.530029296875,3590.280029296875,4,0,0,1999-12-20,1999-12-23,0,True,True
1999-12-31,3588.429931640625,3750.409912109375,3521.85009765625,3707.830078125,5,0,0,1999-12-27,1999-12-31,0,True,True
2000-01-07,3755.739990234375,3836.860107421875,3314.75,3529.60009765625,5,0,0,2000-01-03,2000-01-07,0,True,True
2000-01-14,3558.2099609375,3756.169921875,3447.89990234375,3704.739990234375,5,0,0,2000-01-10,2000-01-14,0,True,True
2000-01-21,3704.739990234375,3891.81005859375,3665.8701171875,3849.9599609375,4,0,0,2000-01-18,2000-01-21,0,True,True
2000-01-28,3888.330078125,3905.10009765625,3408.030029296875,3446.1298828125,5,0,0,2000-01-24,2000-01-28,0,True,True
2000-02-04,3438.090087890625,3929.81005859375,3349.06005859375,3874.3701171875,5,0,0,2000-01-31,2000-02-04,0,True,True
2000-02-11,3873.429931640625,4090.260009765625,3858.889892578125,3968.889892578125,5,0,0,2000-02-07,2000-02-11,0,True,True
2000-02-18,3969.949951171875,4135.60009765625,3848.3701171875,3965.75,5,0,0,2000-02-14,2000-02-18,0,True,True
2000-02-25,3970.530029296875,4297.4599609375,3856.02001953125,4178.580078125,4,0,0,2000-02-22,2000-02-25,0,True,True
2000-03-03,4178.580078125,4442.8701171875,4024.080078125,4442.8701171875,5,0,0,2000-02-28,2000-03-03,0,True,True
2000-03-10,4448.47998046875,4659.72021484375,4266.8701171875,4587.16015625,5,0,0,2000-03-06,2000-03-10,0,True,True
2000-03-17,4585.16015625,4585.16015625,4049.97998046875,4440.4501953125,5,0,0,2000-03-13,2000-03-17,0,True,True
2000-03-24,4443.35009765625,4816.35009765625,4155.33984375,4691.60986328125,5,0,0,2000-03-20,2000-03-24,0,True,True
2000-03-31,4687.60009765625,4781.18994140625,4151.1201171875,4397.83984375,5,0,0,2000-03-27,2000-03-31,0,True,True
2000-04-07,4355.7001953125,4355.7001953125,3525.43994140625,4291.52978515625,5,0,0,2000-04-03,2000-04-07,0,True,True
2000-04-14,4293.6298828125,4308.6201171875,3138.419921875,3207.9599609375,5,0,0,2000-04-10,2000-04-14,0,True,True
2000-04-21,3194.5,3753.449951171875,3107.419921875,3505.2900390625,4,0,0,2000-04-17,2000-04-20,0,True,True
2000-04-28,3448.22998046875,3790.780029296875,3200.89990234375,3773.179931640625,5,0,0,2000-04-24,2000-04-28,0,True,True
2000-05-05,3789.199951171875,3871.929931640625,3435.300048828125,3688.360107421875,5,0,0,2000-05-01,2000-05-05,0,True,True
2000-05-12,3688.360107421875,3688.360107421875,3234.9599609375,3406.25,5,0,0,2000-05-08,2000-05-12,0,True,True
2000-05-19,3404.56005859375,3653.760009765625,3259.179931640625,3260.639892578125,5,0,0,2000-05-15,2000-05-19,0,True,True
2000-05-26,3261.469970703125,3298.4599609375,2897.27001953125,3101.43994140625,5,0,0,2000-05-22,2000-05-26,0,True,True
2000-06-02,3101.429931640625,3759.81005859375,3101.429931640625,3755.669921875,4,0,0,2000-05-30,2000-06-02,0,True,True
2000-06-09,3742.280029296875,3817.25,3599.530029296875,3760.260009765625,5,0,0,2000-06-05,2000-06-09,0,True,True
2000-06-16,3761.14990234375,3817.85009765625,3582.52001953125,3787.360107421875,5,0,0,2000-06-12,2000-06-16,0,True,True
2000-06-23,3787.360107421875,3990.2099609375,3669.39990234375,3685.300048828125,5,0,0,2000-06-19,2000-06-23,0,True,True
2000-06-30,3685.300048828125,3840.5400390625,3634.030029296875,3763.7900390625,5,0,0,2000-06-26,2000-06-30,0,True,True
2000-07-07,3763.7900390625,3884.840087890625,3610.27001953125,3841.27001953125,4,0,0,2000-07-03,2000-07-07,0,True,True
2000-07-14,3841.510009765625,4051.89990234375,3720.02001953125,4041.14990234375,5,0,0,2000-07-10,2000-07-14,0,True,True
2000-07-21,4041.14990234375,4089.0400390625,3835.1201171875,3908.75,5,0,0,2000-07-17,2000-07-21,0,True,True
2000-07-28,3908.75,3966.830078125,3452.949951171875,3477.31005859375,5,0,0,2000-07-24,2000-07-28,0,True,True
2000-08-04,3477.530029296875,3715.570068359375,3341.830078125,3618.6298828125,5,0,0,2000-07-31,2000-08-04,0,True,True
2000-08-11,3618.6298828125,3780.429931640625,3521.530029296875,3644.610107421875,5,0,0,2000-08-07,2000-08-11,0,True,True
2000-08-18,3644.6298828125,3868.739990234375,3616.7099609375,3807.510009765625,5,0,0,2000-08-14,2000-08-18,0,True,True
2000-08-25,3809.860107421875,3986.72998046875,3760.1201171875,3931.25,5,0,0,2000-08-21,2000-08-25,0,True,True
2000-09-01,3933.330078125,4147.18994140625,3921.489990234375,4099.2998046875,5,0,0,2000-08-28,2000-09-01,0,True,True
2000-09-08,4085.889892578125,4085.889892578125,3811.60009765625,3813.43994140625,4,0,0,2000-09-05,2000-09-08,0,True,True
2000-09-15,3813.43994140625,3852.449951171875,3610.64990234375,3676.330078125,5,0,0,2000-09-11,2000-09-15,0,True,True
2000-09-22,3676.330078125,3810.300048828125,3505.179931640625,3701.179931640625,5,0,0,2000-09-18,2000-09-22,0,True,True
2000-09-29,3753.31005859375,3774.780029296875,3533.669921875,3570.610107421875,5,0,0,2000-09-25,2000-09-29,0,True,True
2000-10-06,3613.739990234375,3613.860107421875,3262.800048828125,3311.93994140625,5,0,0,2000-10-02,2000-10-06,0,True,True
2000-10-13,3306.75,3359.929931640625,2990.989990234375,3277.77001953125,5,0,0,2000-10-09,2000-10-13,0,True,True
2000-10-20,3265.9599609375,3514.9599609375,2982.0400390625,3456.610107421875,5,0,0,2000-10-16,2000-10-20,0,True,True
2000-10-27,3451.39990234375,3498.0400390625,2956.199951171875,3175.25,5,0,0,2000-10-23,2000-10-27,0,True,True
2000-11-03,3128.93994140625,3359.989990234375,3038.409912109375,3321.909912109375,5,0,0,2000-10-30,2000-11-03,0,True,True
2000-11-10,3346.14990234375,3369.469970703125,2890.02001953125,2890.260009765625,5,0,0,2000-11-06,2000-11-10,0,True,True
2000-11-17,2798.949951171875,3128.3701171875,2742.469970703125,2934.81005859375,5,0,0,2000-11-13,2000-11-17,0,True,True
2000-11-24,2838.2900390625,2885.31005859375,2667.110107421875,2830.090087890625,4,0,0,2000-11-20,2000-11-24,0,True,True
2000-12-01,2910.570068359375,2913.760009765625,2426.409912109375,2549.739990234375,5,0,0,2000-11-27,2000-12-01,0,True,True
2000-12-08,2572.8798828125,2914.969970703125,2475.6298828125,2895.389892578125,5,0,0,2000-12-04,2000-12-08,0,True,True
2000-12-15,2900.280029296875,2990.830078125,2511.35009765625,2543.090087890625,5,0,0,2000-12-11,2000-12-15,0,True,True
2000-12-22,2604.080078125,2639,2174.760009765625,2436.260009765625,5,0,0,2000-12-18,2000-12-22,0,True,True
2000-12-29,2435.510009765625,2505.64990234375,2328.860107421875,2341.699951171875,4,0,0,2000-12-26,2000-12-29,0,True,True
2001-01-05,2341.280029296875,2547.0400390625,2087.320068359375,2267.85009765625,4,0,0,2001-01-02,2001-01-05,0,True,True
2001-01-12,2245.43994140625,2591.550048828125,2151.159912109375,2506.050048828125,5,0,0,2001-01-08,2001-01-12,0,True,True
2001-01-19,2502.659912109375,2740.760009765625,2432.8701171875,2655.77001953125,4,0,0,2001-01-16,2001-01-19,0,True,True
2001-01-26,2639.610107421875,2771.6298828125,2526.550048828125,2631.780029296875,5,0,0,2001-01-22,2001-01-26,0,True,True
2001-02-02,2601.669921875,2718.510009765625,2471.510009765625,2472.179931640625,5,0,0,2001-01-29,2001-02-02,0,True,True
2001-02-09,2447.719970703125,2531.050048828125,2247.52001953125,2261.77001953125,5,0,0,2001-02-05,2001-02-09,0,True,True
2001-02-16,2247.199951171875,2423.64990234375,2173.419921875,2212.510009765625,5,0,0,2001-02-12,2001-02-16,0,True,True
2001-02-23,2229.909912109375,2235.739990234375,1935.2099609375,2056.06005859375,4,0,0,2001-02-20,2001-02-23,0,True,True
2001-03-02,2088.030029296875,2103.6298828125,1837.97998046875,1881.3399658203125,5,0,0,2001-02-26,2001-03-02,0,True,True
2001-03-09,1908.6199951171875,2029.010009765625,1802.9100341796875,1813.02001953125,5,0,0,2001-03-05,2001-03-09,0,True,True
2001-03-16,1758.06005859375,1813.6800537109375,1627.800048828125,1647.510009765625,5,0,0,2001-03-12,2001-03-16,0,True,True
2001-03-23,1659.699951171875,1754.6500244140625,1582.47998046875,1705.02001953125,5,0,0,2001-03-19,2001-03-23,0,True,True
2001-03-30,1735.530029296875,1751.1400146484375,1530.1400146484375,1573.25,5,0,0,2001-03-26,2001-03-30,0,True,True
2001-04-06,1569.6600341796875,1594.3599853515625,1348.52001953125,1448.1600341796875,5,0,0,2001-04-02,2001-04-06,0,True,True
2001-04-13,1472.81005859375,1714.68994140625,1437.8499755859375,1714.2900390625,4,0,0,2001-04-09,2001-04-12,0,True,True
2001-04-20,1682.1700439453125,1981.9000244140625,1603.989990234375,1933.5699462890625,5,0,0,2001-04-16,2001-04-20,0,True,True
2001-04-27,1881.52001953125,1881.5400390625,1743.449951171875,1810.469970703125,5,0,0,2001-04-23,2001-04-27,0,True,True
2001-05-04,1855.9000244140625,1980.1300048828125,1810.8599853515625,1924.1199951171875,5,0,0,2001-04-30,2001-05-04,0,True,True
2001-05-11,1924.6800537109375,1948.02001953125,1810.8900146484375,1821.199951171875,5,0,0,2001-05-07,2001-05-11,0,True,True
2001-05-18,1819.3900146484375,1955.77001953125,1768.6199951171875,1927.68994140625,5,0,0,2001-05-14,2001-05-18,0,True,True
2001-05-25,1931.2900390625,2073.97998046875,1927.0400390625,1960.739990234375,5,0,0,2001-05-21,2001-05-25,0,True,True
2001-06-01,1946.5699462890625,1946.5699462890625,1768.97998046875,1840.8299560546875,4,0,0,2001-05-29,2001-06-01,0,True,True
2001-06-08,1861.1199951171875,1963.8299560546875,1819.0799560546875,1896.219970703125,5,0,0,2001-06-04,2001-06-08,0,True,True
2001-06-15,1885.1700439453125,1885.1700439453125,1657.6500244140625,1701.530029296875,5,0,0,2001-06-11,2001-06-15,0,True,True
2001-06-22,1712.0400390625,1774.25,1655.260009765625,1727.469970703125,5,0,0,2001-06-18,2001-06-22,0,True,True
2001-06-29,1752.7099609375,1865.3599853515625,1705.9300537109375,1830.18994140625,5,0,0,2001-06-25,2001-06-29,0,True,True
2001-07-06,1831.4200439453125,1864.199951171875,1666.6199951171875,1668.5899658203125,4,0,0,2001-07-02,2001-07-06,0,True,True
2001-07-13,1680.8800048828125,1782.52001953125,1600.18994140625,1751.1099853515625,5,0,0,2001-07-09,2001-07-13,0,True,True
2001-07-20,1743.0899658203125,1758.9300537109375,1652,1676.4599609375,5,0,0,2001-07-16,2001-07-20,0,True,True
2001-07-27,1695.199951171875,1699.43994140625,1580.5699462890625,1683.1800537109375,5,0,0,2001-07-23,2001-07-27,0,True,True
2001-08-03,1689.2099609375,1766.5799560546875,1662.6700439453125,1725.9000244140625,5,0,0,2001-07-30,2001-08-03,0,True,True
2001-08-10,1705.8800048828125,1718.5899658203125,1576.0699462890625,1617.449951171875,5,0,0,2001-08-06,2001-08-10,0,True,True
2001-08-17,1627.3399658203125,1672.0699462890625,1514,1516.5799560546875,5,0,0,2001-08-13,2001-08-17,0,True,True
2001-08-24,1518.18994140625,1579.6800537109375,1467.5799560546875,1579.6199951171875,5,0,0,2001-08-20,2001-08-24,0,True,True
2001-08-31,1576.1600341796875,1601.969970703125,1438.9100341796875,1469.699951171875,5,0,0,2001-08-27,2001-08-31,0,True,True
2001-09-07,1466.3199462890625,1502.6700439453125,1339.8900146484375,1354.27001953125,4,0,0,2001-09-04,2001-09-07,0,True,True
2001-09-14,1342.0799560546875,1375.5999755859375,1339.4100341796875,1365.3900146484375,1,0,0,2001-09-10,2001-09-10,0,True,True
2001-09-21,1277.1199951171875,1310.22998046875,1088.9599609375,1126.949951171875,5,0,0,2001-09-17,2001-09-21,0,True,True
2001-09-28,1166.719970703125,1255.93994140625,1101.3900146484375,1168.3699951171875,5,0,0,2001-09-24,2001-09-28,0,True,True
2001-10-05,1161.739990234375,1313.6400146484375,1131.3199462890625,1271.72998046875,5,0,0,2001-10-01,2001-10-05,0,True,True
2001-10-12,1249.3199462890625,1396.2900390625,1235.4200439453125,1393.8399658203125,5,0,0,2001-10-08,2001-10-12,0,True,True
2001-10-19,1370.199951171875,1440.6300048828125,1302.530029296875,1347.5899658203125,5,0,0,2001-10-15,2001-10-19,0,True,True
2001-10-26,1340.9599609375,1487.4000244140625,1333.6199951171875,1454.9000244140625,5,0,0,2001-10-22,2001-10-26,0,True,True
2001-11-02,1445.6400146484375,1450.6800537109375,1320.47998046875,1425.780029296875,5,0,0,2001-10-29,2001-11-02,0,True,True
2001-11-09,1453.93994140625,1580.5899658203125,1453.75,1514.9599609375,5,0,0,2001-11-05,2001-11-09,0,True,True
2001-11-16,1511.77001953125,1614.77001953125,1463.1199951171875,1582.1400146484375,5,0,0,2001-11-12,2001-11-16,0,True,True
2001-11-23,1597.800048828125,1618.18994140625,1526.0799560546875,1577.469970703125,4,0,0,2001-11-19,2001-11-23,0,True,True
2001-11-30,1590.050048828125,1644.3800048828125,1557.030029296875,1596.050048828125,5,0,0,2001-11-26,2001-11-30,0,True,True
2001-12-07,1576.260009765625,1734.5799560546875,1562.72998046875,1673.9000244140625,5,0,0,2001-12-03,2001-12-07,0,True,True
2001-12-14,1658.469970703125,1695.1500244140625,1590.7099609375,1605.6700439453125,5,0,0,2001-12-10,2001-12-14,0,True,True
2001-12-21,1607.0799560546875,1665.3900146484375,1557.1800537109375,1578.27001953125,5,0,0,2001-12-17,2001-12-21,0,True,True
2001-12-28,1581.1600341796875,1637.5699462890625,1575.010009765625,1621.1300048828125,4,0,0,2001-12-24,2001-12-28,0,True,True
2002-01-04,1617.3499755859375,1698.4599609375,1565.0799560546875,1675.030029296875,4,0,0,2001-12-31,2002-01-04,0,True,True
2002-01-11,1691.3599853515625,1710.22998046875,1627.4200439453125,1634.1700439453125,5,0,0,2002-01-07,2002-01-11,0,True,True
2002-01-18,1624.9100341796875,1633.1199951171875,1537.989990234375,1548.219970703125,5,0,0,2002-01-14,2002-01-18,0,True,True
2002-01-25,1567.5899658203125,1586.3399658203125,1500.8900146484375,1558.260009765625,4,0,0,2002-01-22,2002-01-25,0,True,True
2002-02-01,1573.3900146484375,1582.6500244140625,1481.4599609375,1528.1500244140625,5,0,0,2002-01-28,2002-02-01,0,True,True
2002-02-08,1526.3199462890625,1528.300048828125,1405.7900390625,1452.1700439453125,5,0,0,2002-02-04,2002-02-08,0,True,True
2002-02-15,1451.1300048828125,1508.25,1432.9599609375,1436.699951171875,5,0,0,2002-02-11,2002-02-15,0,True,True
2002-02-22,1421.0699462890625,1424.0400390625,1329.9300537109375,1356.1600341796875,4,0,0,2002-02-19,2002-02-22,0,True,True
2002-03-01,1366.43994140625,1435.81005859375,1356.0400390625,1435.4100341796875,5,0,0,2002-02-25,2002-03-01,0,True,True
2002-03-08,1434.68994140625,1562.969970703125,1422.219970703125,1555.1099853515625,5,0,0,2002-03-04,2002-03-08,0,True,True
2002-03-15,1542.0899658203125,1573.4200439453125,1470.489990234375,1495.4100341796875,5,0,0,2002-03-11,2002-03-15,0,True,True
2002-03-22,1511.8299560546875,1523.27001953125,1443.1700439453125,1470.0999755859375,5,0,0,2002-03-18,2002-03-22,0,True,True
2002-03-29,1473.6199951171875,1481.969970703125,1423.030029296875,1452.81005859375,4,0,0,2002-03-25,2002-03-28,0,True,True
2002-04-05,1440.3800048828125,1481.739990234375,1375.6300048828125,1376.719970703125,5,0,0,2002-04-01,2002-04-05,0,True,True
2002-04-12,1346.77001953125,1405.0999755859375,1322.25,1351.8499755859375,5,0,0,2002-04-08,2002-04-12,0,True,True
2002-04-19,1358.760009765625,1426.010009765625,1336.4200439453125,1385.010009765625,5,0,0,2002-04-15,2002-04-19,0,True,True
2002-04-26,1365.3399658203125,1365.3399658203125,1250.8199462890625,1250.8900146484375,5,0,0,2002-04-22,2002-04-26,0,True,True
2002-05-03,1256.5799560546875,1292.18994140625,1185.7900390625,1190.739990234375,5,0,0,2002-04-29,2002-05-03,0,True,True
2002-05-10,1191.530029296875,1282.43994140625,1142.25,1188.780029296875,5,0,0,2002-05-06,2002-05-10,0,True,True
2002-05-17,1200.68994140625,1350.5400390625,1192.9000244140625,1325.800048828125,5,0,0,2002-05-13,2002-05-17,0,True,True
2002-05-24,1309.8299560546875,1313.260009765625,1233.780029296875,1253.030029296875,5,0,0,2002-05-20,2002-05-24,0,True,True
2002-05-31,1264.1300048828125,1264.8599853515625,1202.239990234375,1208.3399658203125,4,0,0,2002-05-28,2002-05-31,0,True,True
2002-06-07,1205.199951171875,1213.1800537109375,1106.6099853515625,1140.239990234375,5,0,0,2002-06-03,2002-06-07,0,True,True
2002-06-14,1142.510009765625,1155.760009765625,1055.5699462890625,1109.5999755859375,5,0,0,2002-06-10,2002-06-14,0,True,True
2002-06-21,1126.5400390625,1163.4599609375,1031.949951171875,1035.6300048828125,5,0,0,2002-06-17,2002-06-21,0,True,True
2002-06-28,1023.0599975585938,1075.6300048828125,979.8699951171875,1051.4100341796875,5,0,0,2002-06-24,2002-06-28,0,True,True
2002-07-05,1044.47998046875,1061.050048828125,950.33001708984375,1060.8900146484375,4,0,0,2002-07-01,2002-07-05,0,True,True
2002-07-12,1051.27001953125,1066.280029296875,945.8499755859375,1000.8200073242188,5,0,0,2002-07-08,2002-07-12,0,True,True
2002-07-19,990.97998046875,1060.77001953125,955.28997802734375,965.3699951171875,5,0,0,2002-07-15,2002-07-19,0,True,True
2002-07-26,958.34002685546875,980.6400146484375,869.16998291015625,910.90997314453125,5,0,0,2002-07-22,2002-07-26,0,True,True
2002-08-02,935.04998779296875,992.34002685546875,878.47998046875,892.510009765625,5,0,0,2002-07-29,2002-08-02,0,True,True
2002-08-09,889.489990234375,953.3800048828125,856.3499755859375,937.33001708984375,5,0,0,2002-08-05,2002-08-09,0,True,True
2002-08-16,925.67999267578125,1004.219970703125,904.469970703125,996.05999755859375,5,0,0,2002-08-12,2002-08-16,0,True,True
2002-08-23,997.3900146484375,1052.489990234375,993.46002197265625,1010.489990234375,5,0,0,2002-08-19,2002-08-23,0,True,True
2002-08-30,1017.6199951171875,1021.6599731445312,926.6099853515625,942.3800048828125,5,0,0,2002-08-26,2002-08-30,0,True,True
2002-09-06,928.5,932.96002197265625,882.8499755859375,922.219970703125,4,0,0,2002-09-03,2002-09-06,0,True,True
2002-09-13,913.67999267578125,978.46002197265625,901.1300048828125,923.83001708984375,5,0,0,2002-09-09,2002-09-13,0,True,True
2002-09-20,919.0999755859375,932.90997314453125,864.1300048828125,871.5999755859375,5,0,0,2002-09-16,2002-09-20,0,True,True
2002-09-27,860.989990234375,897.45001220703125,830.21002197265625,860.3499755859375,5,0,0,2002-09-23,2002-09-27,0,True,True
2002-10-04,848.719970703125,882.77001953125,809.94000244140625,815.4000244140625,5,0,0,2002-09-30,2002-10-04,0,True,True
2002-10-11,813.05999755859375,899.46002197265625,795.25,890.6099853515625,5,0,0,2002-10-07,2002-10-11,0,True,True
2002-10-18,878.75,957.15997314453125,876.21002197265625,956.1300048828125,5,0,0,2002-10-14,2002-10-18,0,True,True
2002-10-25,945.8599853515625,998.53997802734375,937.54998779296875,995.54998779296875,5,0,0,2002-10-21,2002-10-25,0,True,True
2002-11-01,1007.719970703125,1020.5900268554688,941.16998291015625,1019.0599975585938,5,0,0,2002-10-28,2002-11-01,0,True,True
2002-11-08,1049.489990234375,1070.510009765625,1004.0399780273438,1008.3499755859375,5,0,0,2002-11-04,2002-11-08,0,True,True
2002-11-15,1004.4099731445312,1062.8599853515625,972.34002685546875,1061.280029296875,5,0,0,2002-11-11,2002-11-15,0,True,True
2002-11-22,1073.8900146484375,1122.510009765625,1019.0700073242188,1116.010009765625,5,0,0,2002-11-18,2002-11-22,0,True,True
2002-11-29,1118.010009765625,1134.5999755859375,1083.8599853515625,1116.0999755859375,4,0,0,2002-11-25,2002-11-29,0,True,True
2002-12-06,1144.2099609375,1155.6800537109375,1035.550048828125,1065.969970703125,5,0,0,2002-12-02,2002-12-06,0,True,True
2002-12-13,1054.8699951171875,1055.3599853515625,1005.8499755859375,1005.8499755859375,5,0,0,2002-12-09,2002-12-13,0,True,True
2002-12-20,1011.8900146484375,1052.5899658203125,999.79998779296875,1013.9000244140625,5,0,0,2002-12-16,2002-12-20,0,True,True
2002-12-27,1012.4600219726562,1041.489990234375,996.0999755859375,997.8499755859375,4,0,0,2002-12-23,2002-12-27,0,True,True
2003-01-03,999.3900146484375,1033.3699951171875,977.59002685546875,1031.6300048828125,4,0,0,2002-12-30,2003-01-03,0,True,True
2003-01-10,1034.02001953125,1096.449951171875,1034.02001953125,1087.3599853515625,5,0,0,2003-01-06,2003-01-10,0,True,True
2003-01-17,1101.239990234375,1104.3199462890625,1017.530029296875,1017.5800170898438,5,0,0,2003-01-13,2003-01-17,0,True,True
2003-01-24,1022.9400024414062,1039.1600341796875,992.8499755859375,996.17999267578125,4,0,0,2003-01-21,2003-01-24,0,True,True
2003-01-31,985.08001708984375,1022.97998046875,968.34002685546875,983.04998779296875,5,0,0,2003-01-27,2003-01-31,0,True,True
2003-02-07,987.3699951171875,999.15997314453125,951.66998291015625,957.04998779296875,5,0,0,2003-02-03,2003-02-07,0,True,True
2003-02-14,961.69000244140625,989.32000732421875,938.52001953125,982.09002685546875,5,0,0,2003-02-10,2003-02-14,0,True,True
2003-02-21,990.21002197265625,1019.25,986.72998046875,1015.9199829101562,4,0,0,2003-02-18,2003-02-21,0,True,True
2003-02-28,1009.1400146484375,1013.3400268554688,969.55999755859375,1009.739990234375,5,0,0,2003-02-24,2003-02-28,0,True,True
2003-03-07,1015.8699951171875,1023.469970703125,964.25,986.82000732421875,5,0,0,2003-03-03,2003-03-07,0,True,True
2003-03-14,977.95001220703125,1042.56005859375,946.78997802734375,1030.449951171875,5,0,0,2003-03-10,2003-03-14,0,True,True
2003-03-21,1021.969970703125,1099.6099853515625,1018.760009765625,1093.1199951171875,5,0,0,2003-03-17,2003-03-21,0,True,True
2003-03-28,1064.6500244140625,1075.4300537109375,1044.3800048828125,1046.719970703125,5,0,0,2003-03-24,2003-03-28,0,True,True
2003-04-04,1028.4300537109375,1078.760009765625,1014.9600219726562,1050.699951171875,5,0,0,2003-03-31,2003-04-04,0,True,True
2003-04-11,1089.9300537109375,1091.739990234375,1018.1699829101562,1026.1500244140625,5,0,0,2003-04-07,2003-04-11,0,True,True
2003-04-18,1028,1084.81005859375,1025.800048828125,1083.56005859375,4,0,0,2003-04-14,2003-04-17,0,True,True
2003-04-25,1083.75,1115.6700439453125,1070.8599853515625,1083.18994140625,5,0,0,2003-04-21,2003-04-25,0,True,True
2003-05-02,1086.5799560546875,1137.449951171875,1084.77001953125,1136.3499755859375,5,0,0,2003-04-28,2003-05-02,0,True,True
2003-05-09,1139.5999755859375,1161,1116.6700439453125,1143.550048828125,5,0,0,2003-05-05,2003-05-09,0,True,True
2003-05-16,1141.0799560546875,1165.530029296875,1133.8900146484375,1154.47998046875,5,0,0,2003-05-12,2003-05-16,0,True,True
2003-05-23,1146.739990234375,1152.5899658203125,1103.199951171875,1130.050048828125,5,0,0,2003-05-19,2003-05-23,0,True,True
2003-05-30,1123.6600341796875,1201.25,1123.25,1197.8900146484375,4,0,0,2003-05-27,2003-05-30,0,True,True
2003-06-06,1210.77001953125,1265.68994140625,1180.010009765625,1213.1099853515625,5,0,0,2003-06-02,2003-06-06,0,True,True
2003-06-13,1206.949951171875,1235.8800048828125,1188.0400390625,1203.9100341796875,5,0,0,2003-06-09,2003-06-13,0,True,True
2003-06-20,1211.5799560546875,1255.3900146484375,1206.1300048828125,1223.4000244140625,5,0,0,2003-06-16,2003-06-20,0,True,True
2003-06-27,1220.18994140625,1229.1099853515625,1186.530029296875,1205.239990234375,5,0,0,2003-06-23,2003-06-27,0,True,True
2003-07-04,1212.510009765625,1250.6199951171875,1180.1099853515625,1231.3399658203125,4,0,0,2003-06-30,2003-07-03,0,True,True
2003-07-11,1250.030029296875,1307.030029296875,1250.030029296875,1280.5699462890625,5,0,0,2003-07-07,2003-07-11,0,True,True
2003-07-18,1301.18994140625,1316.4200439453125,1244.1099853515625,1259.9100341796875,5,0,0,2003-07-14,2003-07-18,0,True,True
2003-07-25,1256.1199951171875,1287.449951171875,1232.1600341796875,1278.31005859375,5,0,0,2003-07-21,2003-07-25,0,True,True
2003-08-01,1281.5,1298.81005859375,1257.1300048828125,1264.3399658203125,5,0,0,2003-07-28,2003-08-01,0,True,True
2003-08-08,1263.6199951171875,1277.0699462890625,1204.2900390625,1207.280029296875,5,0,0,2003-08-04,2003-08-08,0,True,True
2003-08-15,1209.3499755859375,1257.4599609375,1208.3299560546875,1253.6300048828125,5,0,0,2003-08-11,2003-08-15,0,True,True
2003-08-22,1258.1800537109375,1342.6400146484375,1256.9000244140625,1304.5400390625,5,0,0,2003-08-18,2003-08-22,0,True,True
2003-08-29,1302.5,1344.739990234375,1280.5899658203125,1341.199951171875,5,0,0,2003-08-25,2003-08-29,0,True,True
2003-09-05,1347.6400146484375,1380.239990234375,1333.2900390625,1361.9000244140625,4,0,0,2003-09-02,2003-09-05,0,True,True
2003-09-12,1366.550048828125,1387.449951171875,1327.9200439453125,1357.6300048828125,5,0,0,2003-09-08,2003-09-12,0,True,True
2003-09-19,1359.969970703125,1406.6099853515625,1345.93994140625,1392.260009765625,5,0,0,2003-09-15,2003-09-19,0,True,True
2003-09-26,1371.1800537109375,1388.6700439453125,1309.199951171875,1309.31005859375,5,0,0,2003-09-22,2003-09-26,0,True,True
2003-10-03,1318.3299560546875,1385.7900390625,1302.260009765625,1375.3199462890625,5,0,0,2003-09-29,2003-10-03,0,True,True
2003-10-10,1378.199951171875,1418.0899658203125,1368.1300048828125,1404.8699951171875,5,0,0,2003-10-06,2003-10-10,0,True,True
2003-10-17,1412.3699951171875,1439.969970703125,1392.0799560546875,1394.02001953125,5,0,0,2003-10-13,2003-10-17,0,True,True
2003-10-24,1395.4100341796875,1424.800048828125,1346.010009765625,1370.6099853515625,5,0,0,2003-10-20,2003-10-24,0,True,True
2003-10-31,1378.949951171875,1443.1800537109375,1369.3800048828125,1416.3900146484375,5,0,0,2003-10-27,2003-10-31,0,True,True
2003-11-07,1423.1300048828125,1453.4599609375,1414.3699951171875,1436.72998046875,5,0,0,2003-11-03,2003-11-07,0,True,True
2003-11-14,1435.8699951171875,1448.06005859375,1401.449951171875,1407.510009765625,5,0,0,2003-11-10,2003-11-14,0,True,True
2003-11-21,1399.3800048828125,1405.93994140625,1357.25,1373.3199462890625,5,0,0,2003-11-17,2003-11-21,0,True,True
2003-11-28,1385.199951171875,1426.760009765625,1385.199951171875,1424.25,4,0,0,2003-11-24,2003-11-28,0,True,True
2003-12-05,1434.0999755859375,1452.030029296875,1405.550048828125,1406.9100341796875,5,0,0,2003-12-01,2003-12-05,0,True,True
2003-12-12,1406.02001953125,1425.010009765625,1372.8699951171875,1417.27001953125,5,0,0,2003-12-08,2003-12-12,0,True,True
2003-12-19,1442.050048828125,1442.6500244140625,1384.52001953125,1426.1700439453125,5,0,0,2003-12-15,2003-12-19,0,True,True
2003-12-26,1422.7900390625,1451.2099609375,1419.8199462890625,1443.8599853515625,4,0,0,2003-12-22,2003-12-26,0,True,True
2004-01-02,1447.6199951171875,1479.5899658203125,1447.6199951171875,1463.5699462890625,4,0,0,2003-12-29,2004-01-02,0,True,True
2004-01-09,1474.550048828125,1541.8399658203125,1474.18994140625,1520.4599609375,5,0,0,2004-01-05,2004-01-09,0,True,True
2004-01-16,1524.5400390625,1553.6400146484375,1513.2099609375,1553.6199951171875,5,0,0,2004-01-12,2004-01-16,0,True,True
2004-01-23,1558.8900146484375,1559.469970703125,1519.739990234375,1531.2099609375,4,0,0,2004-01-20,2004-01-23,0,True,True
2004-01-30,1526.5699462890625,1553.6600341796875,1474.1300048828125,1493.0799560546875,5,0,0,2004-01-26,2004-01-30,0,True,True
2004-02-06,1497.780029296875,1507.5899658203125,1461.010009765625,1498.949951171875,5,0,0,2004-02-02,2004-02-06,0,True,True
2004-02-13,1502.3199462890625,1516.2099609375,1478.5400390625,1484.469970703125,5,0,0,2004-02-09,2004-02-13,0,True,True
2004-02-20,1498.699951171875,1524.0899658203125,1470.9200439453125,1482.0999755859375,4,0,0,2004-02-17,2004-02-20,0,True,True
2004-02-27,1488.280029296875,1489.4000244140625,1452.489990234375,1470.3800048828125,5,0,0,2004-02-23,2004-02-27,0,True,True
2004-03-05,1476.0400390625,1494.6700439453125,1456.8699951171875,1472.989990234375,5,0,0,2004-03-01,2004-03-05,0,True,True
2004-03-12,1476.8499755859375,1481.18994140625,1402.199951171875,1431.4000244140625,5,0,0,2004-03-08,2004-03-12,0,True,True
2004-03-19,1423.1500244140625,1432.22998046875,1394.1099853515625,1398.5799560546875,5,0,0,2004-03-15,2004-03-19,0,True,True
2004-03-26,1386.760009765625,1431.22998046875,1368.0799560546875,1415.3900146484375,5,0,0,2004-03-22,2004-03-26,0,True,True
2004-04-02,1429.5400390625,1490.300048828125,1429.0899658203125,1490.300048828125,5,0,0,2004-03-29,2004-04-02,0,True,True
2004-04-09,1488.449951171875,1508.3699951171875,1475.6199951171875,1485.510009765625,4,0,0,2004-04-05,2004-04-08,0,True,True
2004-04-16,1489.5899658203125,1502.52001953125,1440.56005859375,1449.06005859375,5,0,0,2004-04-12,2004-04-16,0,True,True
2004-04-23,1448.8900146484375,1497.1700439453125,1434.1600341796875,1497.010009765625,5,0,0,2004-04-19,2004-04-23,0,True,True
2004-04-30,1496.6700439453125,1499.449951171875,1401.3599853515625,1401.3599853515625,5,0,0,2004-04-26,2004-04-30,0,True,True
2004-05-07,1409.06005859375,1438.489990234375,1403.3599853515625,1406.18994140625,5,0,0,2004-05-03,2004-05-07,0,True,True
2004-05-14,1395.2099609375,1425.68994140625,1378.6400146484375,1399.8499755859375,5,0,0,2004-05-10,2004-05-14,0,True,True
2004-05-21,1379.989990234375,1427.510009765625,1372.4599609375,1408.1700439453125,5,0,0,2004-05-17,2004-05-21,0,True,True
2004-05-28,1418.77001953125,1469.22998046875,1406.199951171875,1466.219970703125,5,0,0,2004-05-24,2004-05-28,0,True,True
2004-06-04,1457.7099609375,1474.0999755859375,1445.2099609375,1455.0400390625,4,0,0,2004-06-01,2004-06-04,0,True,True
2004-06-11,1465.56005859375,1496,1464.010009765625,1481.27001953125,4,0,0,2004-06-07,2004-06-10,0,True,True
2004-06-18,1470.6199951171875,1487.8299560546875,1451.780029296875,1464.6500244140625,5,0,0,2004-06-14,2004-06-18,0,True,True
2004-06-25,1467.97998046875,1503.9100341796875,1448.8199462890625,1498.3800048828125,5,0,0,2004-06-21,2004-06-25,0,True,True
2004-07-02,1507.3199462890625,1523.47998046875,1473.72998046875,1481.18994140625,5,0,0,2004-06-28,2004-07-02,0,True,True
2004-07-09,1470.469970703125,1471.2099609375,1430.81005859375,1440,4,0,0,2004-07-06,2004-07-09,0,True,True
2004-07-16,1429.9100341796875,1439.780029296875,1392.1700439453125,1392.1700439453125,5,0,0,2004-07-12,2004-07-16,0,True,True
2004-07-23,1398.9200439453125,1433.27001953125,1370.699951171875,1375.47998046875,5,0,0,2004-07-19,2004-07-23,0,True,True
2004-07-30,1376.800048828125,1412,1359.199951171875,1400.3900146484375,5,0,0,2004-07-26,2004-07-30,0,True,True
2004-08-06,1390.2099609375,1408.31005859375,1314.969970703125,1315.300048828125,5,0,0,2004-08-02,2004-08-06,0,True,True
2004-08-13,1320.8299560546875,1346.7099609375,1301.9300537109375,1307.8199462890625,5,0,0,2004-08-09,2004-08-13,0,True,True
2004-08-20,1309.5,1373.010009765625,1309.5,1366.72998046875,5,0,0,2004-08-16,2004-08-20,0,True,True
2004-08-27,1370.510009765625,1393.22998046875,1360.8199462890625,1388.56005859375,5,0,0,2004-08-23,2004-08-27,0,True,True
2004-09-03,1383.1199951171875,1402.0699462890625,1354.0999755859375,1371.8199462890625,5,0,0,2004-08-30,2004-09-03,0,True,True
2004-09-10,1382.47998046875,1414.550048828125,1372.530029296875,1413,4,0,0,2004-09-07,2004-09-10,0,True,True
2004-09-17,1417.8399658203125,1435.949951171875,1412.5400390625,1426.300048828125,5,0,0,2004-09-13,2004-09-17,0,True,True
2004-09-24,1417.3900146484375,1440.81005859375,1397.5,1399.050048828125,5,0,0,2004-09-20,2004-09-24,0,True,True
2004-10-01,1389.93994140625,1452.93994140625,1376.989990234375,1452.93994140625,5,0,0,2004-09-27,2004-10-01,0,True,True
2004-10-08,1463.219970703125,1474.699951171875,1428.1099853515625,1430.9599609375,5,0,0,2004-10-04,2004-10-08,0,True,True
2004-10-15,1435.5400390625,1453.719970703125,1416.2900390625,1430.97998046875,5,0,0,2004-10-11,2004-10-15,0,True,True
2004-10-22,1428.0799560546875,1478.4599609375,1424.8199462890625,1438.25,5,0,0,2004-10-18,2004-10-22,0,True,True
2004-10-29,1435.6800537109375,1496.97998046875,1423.97998046875,1486.719970703125,5,0,0,2004-10-25,2004-10-29,0,True,True
2004-11-05,1486.25,1534.8399658203125,1479.8599853515625,1525.239990234375,5,0,0,2004-11-01,2004-11-05,0,True,True
2004-11-12,1525.1300048828125,1558.4100341796875,1514.3199462890625,1558.4100341796875,5,0,0,2004-11-08,2004-11-12,0,True,True
2004-11-19,1554.31005859375,1581.7900390625,1541.8399658203125,1552.1099853515625,5,0,0,2004-11-15,2004-11-19,0,True,True
2004-11-26,1551.1600341796875,1587.0799560546875,1543.969970703125,1578.260009765625,4,0,0,2004-11-22,2004-11-26,0,True,True
2004-12-03,1586.4599609375,1631.9000244140625,1567.27001953125,1614.4000244140625,5,0,0,2004-11-29,2004-12-03,0,True,True
2004-12-10,1612.3299560546875,1628.25,1577.77001953125,1605.1600341796875,5,0,0,2004-12-06,2004-12-10,0,True,True
2004-12-17,1617.530029296875,1635.699951171875,1596.47998046875,1596.6099853515625,5,0,0,2004-12-13,2004-12-17,0,True,True
2004-12-24,1603.8399658203125,1619.56005859375,1587.2099609375,1613.77001953125,4,0,0,2004-12-20,2004-12-23,0,True,True
2004-12-31,1621.3299560546875,1629.9000244140625,1600.25,1621.1199951171875,5,0,0,2004-12-27,2004-12-31,0,True,True
2005-01-07,1628.75,1635.449951171875,1551.2900390625,1564.81005859375,5,0,0,2005-01-03,2005-01-07,0,True,True
2005-01-14,1561.22998046875,1577.7099609375,1543.0400390625,1561.1099853515625,5,0,0,2005-01-10,2005-01-14,0,True,True
2005-01-21,1554.18994140625,1574.3900146484375,1502.47998046875,1503.6400146484375,4,0,0,2005-01-18,2005-01-21,0,True,True
2005-01-28,1507.7900390625,1513.43994140625,1480.6600341796875,1499.4599609375,5,0,0,2005-01-24,2005-01-28,0,True,True
2005-02-04,1515.1600341796875,1534.969970703125,1501.9599609375,1534.489990234375,5,0,0,2005-01-31,2005-02-04,0,True,True
2005-02-11,1534.47998046875,1542.4100341796875,1497.3499755859375,1530.510009765625,5,0,0,2005-02-07,2005-02-11,0,True,True
2005-02-18,1531.18994140625,1561.1700439453125,1512.72998046875,1515.4000244140625,5,0,0,2005-02-14,2005-02-18,0,True,True
2005-02-25,1502.93994140625,1528,1489.989990234375,1526.9000244140625,4,0,0,2005-02-22,2005-02-25,0,True,True
2005-03-04,1517.06005859375,1541.1400146484375,1498.1700439453125,1520.5799560546875,5,0,0,2005-02-28,2005-03-04,0,True,True
2005-03-11,1524.0400390625,1552.530029296875,1501.989990234375,1505.6400146484375,5,0,0,2005-03-07,2005-03-11,0,True,True
2005-03-18,1509.18994140625,1520.4300537109375,1475.260009765625,1484.4000244140625,5,0,0,2005-03-14,2005-03-18,0,True,True
2005-03-25,1483.1600341796875,1490.5699462890625,1463.4300537109375,1469.93994140625,4,0,0,2005-03-21,2005-03-24,0,True,True
2005-04-01,1476.4000244140625,1495.5799560546875,1458.260009765625,1469.3499755859375,5,0,0,2005-03-28,2005-04-01,0,True,True
2005-04-08,1469.4200439453125,1503.2099609375,1461.27001953125,1485.5999755859375,5,0,0,2005-04-04,2005-04-08,0,True,True
2005-04-15,1490.4300537109375,1492.3199462890625,1407.8199462890625,1408.5899658203125,5,0,0,2005-04-11,2005-04-15,0,True,True
2005-04-22,1406.300048828125,1448.3699951171875,1404.8599853515625,1421.2099609375,5,0,0,2005-04-18,2005-04-22,0,True,True
2005-04-29,1430.989990234375,1446.8199462890625,1394.3599853515625,1420.7900390625,5,0,0,2005-04-25,2005-04-29,0,True,True
2005-05-06,1421.9000244140625,1460.760009765625,1415.5999755859375,1456,5,0,0,2005-05-02,2005-05-06,0,True,True
2005-05-13,1455.6800537109375,1478.8900146484375,1432.8299560546875,1470.6300048828125,5,0,0,2005-05-09,2005-05-13,0,True,True
2005-05-20,1470.31005859375,1528.06005859375,1465.8499755859375,1528.06005859375,5,0,0,2005-05-16,2005-05-20,0,True,True
2005-05-27,1526.969970703125,1551.1199951171875,1524.4100341796875,1549.800048828125,5,0,0,2005-05-23,2005-05-27,0,True,True
2005-06-03,1549.47998046875,1568.9599609375,1538.5400390625,1544.47998046875,4,0,0,2005-05-31,2005-06-03,0,True,True
2005-06-10,1544.9599609375,1559.530029296875,1515.9599609375,1521.02001953125,5,0,0,2005-06-06,2005-06-10,0,True,True
2005-06-17,1519.6099853515625,1550.6300048828125,1510.8199462890625,1538.1300048828125,5,0,0,2005-06-13,2005-06-17,0,True,True
2005-06-24,1529.6500244140625,1549,1500.1800537109375,1500.1800537109375,5,0,0,2005-06-20,2005-06-24,0,True,True
2005-07-01,1497.2900390625,1512.77001953125,1489.739990234375,1490.530029296875,5,0,0,2005-06-27,2005-07-01,0,True,True
2005-07-08,1485.9599609375,1534.2900390625,1484.1800537109375,1533.27001953125,4,0,0,2005-07-05,2005-07-08,0,True,True
2005-07-15,1536.449951171875,1582.4000244140625,1535.0699462890625,1577.8199462890625,5,0,0,2005-07-11,2005-07-15,0,True,True
2005-07-22,1573.6199951171875,1610.8399658203125,1570.02001953125,1600.760009765625,5,0,0,2005-07-18,2005-07-22,0,True,True
2005-07-29,1600.6199951171875,1619.949951171875,1591.4000244140625,1605.1400146484375,5,0,0,2005-07-25,2005-07-29,0,True,True
2005-08-05,1609.739990234375,1628.5699462890625,1600.25,1601.5899658203125,5,0,0,2005-08-01,2005-08-05,0,True,True
2005-08-12,1604.22998046875,1610.2099609375,1581.4100341796875,1591.75,5,0,0,2005-08-08,2005-08-12,0,True,True
2005-08-19,1587.5899658203125,1606.9599609375,1572.43994140625,1573.719970703125,5,0,0,2005-08-15,2005-08-19,0,True,True
2005-08-26,1577.1500244140625,1588.9200439453125,1552.989990234375,1558.8399658203125,5,0,0,2005-08-22,2005-08-26,0,True,True
2005-09-02,1551.3599853515625,1587.8199462890625,1551.31005859375,1573.1199951171875,5,0,0,2005-08-29,2005-09-02,0,True,True
2005-09-09,1580.2099609375,1610.1199951171875,1578.989990234375,1607.8299560546875,4,0,0,2005-09-06,2005-09-09,0,True,True
2005-09-16,1607.5999755859375,1619.1199951171875,1585.0699462890625,1599.43994140625,5,0,0,2005-09-12,2005-09-16,0,True,True
2005-09-23,1595.0799560546875,1604.02001953125,1551.81005859375,1571.75,5,0,0,2005-09-19,2005-09-23,0,True,True
2005-09-30,1581.1600341796875,1601.68994140625,1560.8699951171875,1601.6600341796875,5,0,0,2005-09-26,2005-09-30,0,True,True
2005-10-07,1603.469970703125,1617.77001953125,1540.3399658203125,1555.9200439453125,5,0,0,2005-10-03,2005-10-07,0,True,True
2005-10-14,1554.739990234375,1560.6500244140625,1515.4200439453125,1544.2900390625,5,0,0,2005-10-10,2005-10-14,0,True,True
2005-10-21,1544.5799560546875,1576.4599609375,1526.8199462890625,1565.1199951171875,5,0,0,2005-10-17,2005-10-21,0,True,True
2005-10-28,1570.3299560546875,1593.469970703125,1538.780029296875,1557.1099853515625,5,0,0,2005-10-24,2005-10-28,0,True,True
2005-11-04,1559.8399658203125,1631.7900390625,1559.8399658203125,1628.030029296875,5,0,0,2005-10-31,2005-11-04,0,True,True
2005-11-11,1630.760009765625,1659.719970703125,1620.739990234375,1653.3599853515625,5,0,0,2005-11-07,2005-11-11,0,True,True
2005-11-18,1653.6500244140625,1689.5899658203125,1638.969970703125,1679.8499755859375,5,0,0,2005-11-14,2005-11-18,0,True,True
2005-11-25,1678.699951171875,1704.4200439453125,1673.050048828125,1701.050048828125,4,0,0,2005-11-21,2005-11-25,0,True,True
2005-12-02,1702.4000244140625,1709.0999755859375,1671.3399658203125,1709.0999755859375,5,0,0,2005-11-28,2005-12-02,0,True,True
2005-12-09,1704.1199951171875,1716.6500244140625,1674.739990234375,1692.6199951171875,5,0,0,2005-12-05,2005-12-09,0,True,True
2005-12-16,1698.1500244140625,1711.8299560546875,1688.0699462890625,1688.6800537109375,5,0,0,2005-12-12,2005-12-16,0,True,True
2005-12-23,1692.2099609375,1694.6500244140625,1657.7099609375,1682.9200439453125,5,0,0,2005-12-19,2005-12-23,0,True,True
2005-12-30,1686.9200439453125,1693.5799560546875,1641.8599853515625,1645.199951171875,4,0,0,2005-12-27,2005-12-30,0,True,True
2006-01-06,1654.3900146484375,1735.5,1633.6199951171875,1734.989990234375,4,0,0,2006-01-03,2006-01-06,0,True,True
2006-01-13,1734.5,1761.4599609375,1729.5999755859375,1746.780029296875,5,0,0,2006-01-09,2006-01-13,0,True,True
2006-01-20,1733.9100341796875,1740.5899658203125,1674.3199462890625,1676.3800048828125,4,0,0,2006-01-17,2006-01-20,0,True,True
2006-01-27,1681.4599609375,1722.9300537109375,1670.3299560546875,1711.1099853515625,5,0,0,2006-01-23,2006-01-27,0,True,True
2006-02-03,1712.8399658203125,1720.8800048828125,1658.3800048828125,1664.530029296875,5,0,0,2006-01-30,2006-02-03,0,True,True
2006-02-10,1663.7099609375,1681.9200439453125,1637.260009765625,1663.75,5,0,0,2006-02-06,2006-02-10,0,True,True
2006-02-17,1653.760009765625,1688.6099853515625,1638.530029296875,1675.2099609375,5,0,0,2006-02-13,2006-02-17,0,True,True
2006-02-24,1675.8800048828125,1687.5899658203125,1650.93994140625,1676.5,4,0,0,2006-02-21,2006-02-24,0,True,True
2006-03-03,1681.449951171875,1706.4100341796875,1665.6300048828125,1684.3199462890625,5,0,0,2006-02-27,2006-03-03,0,True,True
2006-03-10,1688.8699951171875,1691.1099853515625,1634.25,1648.22998046875,5,0,0,2006-03-06,2006-03-10,0,True,True
2006-03-17,1655.3499755859375,1703.1099853515625,1650.9300537109375,1685.6600341796875,5,0,0,2006-03-13,2006-03-17,0,True,True
2006-03-24,1690.9000244140625,1707.68994140625,1660.8199462890625,1679.81005859375,5,0,0,2006-03-20,2006-03-24,0,True,True
2006-03-31,1678.9300537109375,1720.199951171875,1667.949951171875,1703.6600341796875,5,0,0,2006-03-27,2006-03-31,0,True,True
2006-04-07,1715.1199951171875,1750.22998046875,1704.9200439453125,1723.030029296875,5,0,0,2006-04-03,2006-04-07,0,True,True
2006-04-14,1724.6500244140625,1727.8199462890625,1696.6700439453125,1712.0699462890625,4,0,0,2006-04-10,2006-04-13,0,True,True
2006-04-21,1710.9100341796875,1741.3499755859375,1684.3499755859375,1709.02001953125,5,0,0,2006-04-17,2006-04-21,0,True,True
2006-04-28,1706.510009765625,1727.7900390625,1688.25,1700.7099609375,5,0,0,2006-04-24,2006-04-28,0,True,True
2006-05-05,1706.800048828125,1716.18994140625,1679.260009765625,1713.8399658203125,5,0,0,2006-05-01,2006-05-05,0,True,True
2006-05-12,1713.739990234375,1721.1300048828125,1634.6500244140625,1635.81005859375,5,0,0,2006-05-08,2006-05-12,0,True,True
2006-05-19,1629.25,1640.0999755859375,1575.81005859375,1600.8599853515625,5,0,0,2006-05-15,2006-05-19,0,True,True
2006-05-26,1587.97998046875,1606.4599609375,1554.760009765625,1606.3699951171875,5,0,0,2006-05-22,2006-05-26,0,True,True
2006-06-02,1599.1099853515625,1626.2900390625,1568.219970703125,1612.9000244140625,4,0,0,2006-05-30,2006-06-02,0,True,True
2006-06-09,1606.1099853515625,1612.9000244140625,1525.780029296875,1550.969970703125,5,0,0,2006-06-05,2006-06-09,0,True,True
2006-06-16,1553.6500244140625,1576.7900390625,1511.530029296875,1562.8399658203125,5,0,0,2006-06-12,2006-06-16,0,True,True
2006-06-23,1568.3800048828125,1585.8800048828125,1543.8499755859375,1551.050048828125,5,0,0,2006-06-19,2006-06-23,0,True,True
2006-06-30,1553.47998046875,1590.8299560546875,1520.9300537109375,1575.22998046875,5,0,0,2006-06-26,2006-06-30,0,True,True
2006-07-07,1580.6300048828125,1586.43994140625,1529.4000244140625,1533.7099609375,4,0,0,2006-07-03,2006-07-07,0,True,True
2006-07-14,1538.780029296875,1543.1199951171875,1456.3800048828125,1462.1700439453125,5,0,0,2006-07-10,2006-07-14,0,True,True
2006-07-21,1462.3900146484375,1498.3199462890625,1446.77001953125,1451.8800048828125,5,0,0,2006-07-17,2006-07-21,0,True,True
2006-07-28,1459.3900146484375,1511,1457.1099853515625,1510.300048828125,5,0,0,2006-07-24,2006-07-28,0,True,True
2006-08-04,1506.81005859375,1530.0400390625,1476.06005859375,1503.8399658203125,5,0,0,2006-07-31,2006-08-04,0,True,True
2006-08-11,1501.4300537109375,1517.9000244140625,1476.47998046875,1486.739990234375,5,0,0,2006-08-07,2006-08-11,0,True,True
2006-08-18,1500.6500244140625,1584.719970703125,1493.739990234375,1576.4599609375,5,0,0,2006-08-14,2006-08-18,0,True,True
2006-08-25,1566.1600341796875,1577.5400390625,1542.5699462890625,1557.699951171875,5,0,0,2006-08-21,2006-08-25,0,True,True
2006-09-01,1557.2099609375,1593.6600341796875,1552.4000244140625,1589.469970703125,5,0,0,2006-08-28,2006-09-01,0,True,True
2006-09-08,1589.9200439453125,1605.02001953125,1560.050048828125,1574.7099609375,4,0,0,2006-09-05,2006-09-08,0,True,True
2006-09-15,1563.0799560546875,1645.5999755859375,1558.1700439453125,1632.43994140625,5,0,0,2006-09-11,2006-09-15,0,True,True
2006-09-22,1631.47998046875,1654.4000244140625,1608.510009765625,1622.3699951171875,5,0,0,2006-09-18,2006-09-22,0,True,True
2006-09-29,1631.3399658203125,1666.030029296875,1615.1400146484375,1654.1300048828125,5,0,0,2006-09-25,2006-09-29,0,True,True
2006-10-06,1650.3199462890625,1690.800048828125,1623.0699462890625,1684.8800048828125,5,0,0,2006-10-02,2006-10-06,0,True,True
2006-10-13,1683.199951171875,1729.260009765625,1675.97998046875,1727.2099609375,5,0,0,2006-10-09,2006-10-13,0,True,True
2006-10-20,1728.22998046875,1733.72998046875,1693.18994140625,1709.5799560546875,5,0,0,2006-10-16,2006-10-20,0,True,True
2006-10-27,1706.1800537109375,1745.7900390625,1702.5799560546875,1717.6099853515625,5,0,0,2006-10-23,2006-10-27,0,True,True
2006-11-03,1715.7900390625,1739.7900390625,1693.18994140625,1703.97998046875,5,0,0,2006-10-30,2006-11-03,0,True,True
2006-11-10,1712.030029296875,1762.949951171875,1712.030029296875,1751.1099853515625,5,0,0,2006-11-06,2006-11-10,0,True,True
2006-11-17,1751.8399658203125,1806,1749.52001953125,1800.6700439453125,5,0,0,2006-11-13,2006-11-17,0,True,True
2006-11-24,1795.6800537109375,1824.2099609375,1790.469970703125,1815.530029296875,4,0,0,2006-11-20,2006-11-24,0,True,True
2006-12-01,1810.9100341796875,1813.9200439453125,1760.010009765625,1775.1199951171875,5,0,0,2006-11-27,2006-12-01,0,True,True
2006-12-08,1782.5999755859375,1810.8199462890625,1767.8299560546875,1786.2099609375,5,0,0,2006-12-04,2006-12-08,0,True,True
2006-12-15,1786.2099609375,1821.1800537109375,1771.300048828125,1808.56005859375,5,0,0,2006-12-11,2006-12-15,0,True,True
2006-12-22,1812.9300537109375,1820.93994140625,1748.6099853515625,1748.6099853515625,5,0,0,2006-12-18,2006-12-22,0,True,True
2006-12-29,1746.8599853515625,1774.6400146484375,1746.0699462890625,1756.9000244140625,4,0,0,2006-12-26,2006-12-29,0,True,True
2007-01-05,1769.219970703125,1799.0699462890625,1731.7099609375,1785.300048828125,3,0,0,2007-01-03,2007-01-05,0,True,True
2007-01-12,1786.3900146484375,1845.6800537109375,1776.72998046875,1844.81005859375,5,0,0,2007-01-08,2007-01-12,0,True,True
2007-01-19,1844.72998046875,1847.5400390625,1787.52001953125,1796.81005859375,4,0,0,2007-01-16,2007-01-19,0,True,True
2007-01-26,1800.3299560546875,1810.239990234375,1763.300048828125,1772.969970703125,5,0,0,2007-01-22,2007-01-26,0,True,True
2007-02-02,1771.050048828125,1806.81005859375,1764.6300048828125,1798.1300048828125,5,0,0,2007-01-29,2007-02-02,0,True,True
2007-02-09,1796.47998046875,1819.300048828125,1776.510009765625,1785.530029296875,5,0,0,2007-02-05,2007-02-09,0,True,True
2007-02-16,1787.1099853515625,1824.0899658203125,1774.25,1821.489990234375,5,0,0,2007-02-12,2007-02-16,0,True,True
2007-02-23,1817.8399658203125,1851.469970703125,1808.1099853515625,1839.77001953125,4,0,0,2007-02-20,2007-02-23,0,True,True
2007-03-02,1848.47998046875,1849.0899658203125,1717.949951171875,1726.030029296875,5,0,0,2007-02-26,2007-03-02,0,True,True
2007-03-09,1726.030029296875,1760.9599609375,1710.969970703125,1744.739990234375,5,0,0,2007-03-05,2007-03-09,0,True,True
2007-03-16,1742.97998046875,1758.489990234375,1711.280029296875,1742.22998046875,5,0,0,2007-03-12,2007-03-16,0,True,True
2007-03-23,1752.18994140625,1807.4300537109375,1747.050048828125,1794.0400390625,5,0,0,2007-03-19,2007-03-23,0,True,True
2007-03-30,1796.010009765625,1802.949951171875,1753.4300537109375,1772.3599853515625,5,0,0,2007-03-26,2007-03-30,0,True,True
2007-04-06,1775.9200439453125,1812.93994140625,1761.6500244140625,1812.93994140625,4,0,0,2007-04-02,2007-04-05,0,True,True
2007-04-13,1818.75,1819.0400390625,1788.4000244140625,1816.8499755859375,5,0,0,2007-04-09,2007-04-13,0,True,True
2007-04-20,1823.68994140625,1856.4300537109375,1819.31005859375,1845.8900146484375,5,0,0,2007-04-16,2007-04-20,0,True,True
2007-04-27,1848.489990234375,1896.77001953125,1844.050048828125,1891.06005859375,5,0,0,2007-04-23,2007-04-27,0,True,True
2007-05-04,1891.81005859375,1905.8499755859375,1857.3299560546875,1895.699951171875,5,0,0,2007-04-30,2007-05-04,0,True,True
2007-05-11,1896.0999755859375,1909.300048828125,1874.239990234375,1898.7900390625,5,0,0,2007-05-07,2007-05-11,0,True,True
2007-05-18,1902.0999755859375,1906.3800048828125,1866.97998046875,1896.9300537109375,5,0,0,2007-05-14,2007-05-18,0,True,True
2007-05-25,1899.5999755859375,1925.4300537109375,1869.510009765625,1889.25,5,0,0,2007-05-21,2007-05-25,0,True,True
2007-06-01,1891.0699462890625,1940.81005859375,1884.449951171875,1928.260009765625,4,0,0,2007-05-29,2007-06-01,0,True,True
2007-06-08,1921.949951171875,1935.8499755859375,1876.52001953125,1906.260009765625,5,0,0,2007-06-04,2007-06-08,0,True,True
2007-06-15,1904.9100341796875,1946.699951171875,1887.77001953125,1942.4100341796875,5,0,0,2007-06-11,2007-06-15,0,True,True
2007-06-22,1947.7900390625,1948.5799560546875,1915.77001953125,1921.93994140625,5,0,0,2007-06-18,2007-06-22,0,True,True
2007-06-29,1924.1800537109375,1947,1899.9200439453125,1934.0999755859375,5,0,0,2007-06-25,2007-06-29,0,True,True
2007-07-06,1943.280029296875,1989.4300537109375,1939.739990234375,1988.31005859375,4,0,0,2007-07-02,2007-07-06,0,True,True
2007-07-13,1989.760009765625,2032.280029296875,1965.6099853515625,2032.1600341796875,5,0,0,2007-07-09,2007-07-13,0,True,True
2007-07-20,2030.3399658203125,2060.2900390625,2019.1700439453125,2035.8800048828125,5,0,0,2007-07-16,2007-07-20,0,True,True
2007-07-27,2043.8199462890625,2045.81005859375,1955.6199951171875,1956.18994140625,5,0,0,2007-07-23,2007-07-27,0,True,True
2007-08-03,1961.780029296875,1992.530029296875,1912.0999755859375,1918.56005859375,5,0,0,2007-07-30,2007-08-03,0,True,True
2007-08-10,1931.3800048828125,1995,1896.68994140625,1925.1400146484375,5,0,0,2007-08-06,2007-08-10,0,True,True
2007-08-17,1941.4100341796875,1946.75,1805.6600341796875,1888.780029296875,5,0,0,2007-08-13,2007-08-17,0,True,True
2007-08-24,1891.1300048828125,1961.3800048828125,1874.27001953125,1961.3800048828125,5,0,0,2007-08-20,2007-08-24,0,True,True
2007-08-31,1954.8800048828125,1993.72998046875,1899.239990234375,1988.72998046875,5,0,0,2007-08-27,2007-08-31,0,True,True
2007-09-07,1989.280029296875,2032.0999755859375,1949.8699951171875,1958.3499755859375,4,0,0,2007-09-04,2007-09-07,0,True,True
2007-09-14,1975.6700439453125,2006.3699951171875,1943.27001953125,2000.8199462890625,5,0,0,2007-09-10,2007-09-14,0,True,True
2007-09-21,1993.5,2056.27001953125,1975.2900390625,2049.47998046875,5,0,0,2007-09-17,2007-09-21,0,True,True
2007-09-28,2054.77001953125,2101.9599609375,2047.510009765625,2091.110107421875,5,0,0,2007-09-24,2007-09-28,0,True,True
2007-10-05,2092.60009765625,2151.719970703125,2088.7900390625,2149.669921875,5,0,0,2007-10-01,2007-10-05,0,True,True
2007-10-12,2151.110107421875,2194.139892578125,2127.070068359375,2177.989990234375,5,0,0,2007-10-08,2007-10-12,0,True,True
2007-10-19,2182.06005859375,2191.659912109375,2131.080078125,2131.080078125,5,0,0,2007-10-15,2007-10-19,0,True,True
2007-10-26,2121.010009765625,2205.179931640625,2116.639892578125,2194.590087890625,5,0,0,2007-10-22,2007-10-26,0,True,True
2007-11-02,2202.9599609375,2239.22998046875,2181.5,2213.860107421875,5,0,0,2007-10-29,2007-11-02,0,True,True
2007-11-09,2193.06005859375,2224.429931640625,2033.8800048828125,2034.300048828125,5,0,0,2007-11-05,2007-11-09,0,True,True
2007-11-16,2028.9100341796875,2091.06005859375,1980.1800537109375,2048.6201171875,5,0,0,2007-11-12,2007-11-16,0,True,True
2007-11-23,2040.1700439453125,2064.080078125,1986.449951171875,2028.9000244140625,4,0,0,2007-11-19,2007-11-23,0,True,True
2007-11-30,2033.239990234375,2122.639892578125,1988.300048828125,2089.10009765625,5,0,0,2007-11-26,2007-11-30,0,True,True
2007-12-07,2080.10009765625,2135.239990234375,2048.64990234375,2130,5,0,0,2007-12-03,2007-12-07,0,True,True
2007-12-14,2131.669921875,2147.679931640625,2069.93994140625,2072.110107421875,5,0,0,2007-12-10,2007-12-14,0,True,True
2007-12-21,2064.449951171875,2111.77001953125,1999.5899658203125,2111.77001953125,5,0,0,2007-12-17,2007-12-21,0,True,True
2007-12-28,2113.1201171875,2141.080078125,2092.030029296875,2107.050048828125,4,0,0,2007-12-24,2007-12-28,0,True,True
2008-01-04,2097.909912109375,2102.389892578125,1963.02001953125,1963.52001953125,4,0,0,2007-12-31,2008-01-04,0,True,True
2008-01-11,1971.280029296875,1983.1400146484375,1889.9200439453125,1912.81005859375,5,0,0,2008-01-07,2008-01-11,0,True,True
2008-01-18,1940.3299560546875,1952.550048828125,1829.6199951171875,1844.0899658203125,5,0,0,2008-01-14,2008-01-18,0,True,True
2008-01-25,1740.530029296875,1864,1693.06005859375,1789.1700439453125,4,0,0,2008-01-22,2008-01-25,0,True,True
2008-02-01,1788.1400146484375,1864.969970703125,1773.699951171875,1855.27001953125,5,0,0,2008-01-28,2008-02-01,0,True,True
2008-02-08,1854.6199951171875,1854.6199951171875,1714.8599853515625,1773.739990234375,5,0,0,2008-02-04,2008-02-08,0,True,True
2008-02-15,1780.3599853515625,1824.219970703125,1767.3399658203125,1780.3800048828125,5,0,0,2008-02-11,2008-02-15,0,True,True
2008-02-22,1802.1700439453125,1807.449951171875,1739.1500244140625,1773.43994140625,4,0,0,2008-02-19,2008-02-22,0,True,True
2008-02-29,1773.050048828125,1808.6500244140625,1740.9000244140625,1745.27001953125,5,0,0,2008-02-25,2008-02-29,0,True,True
2008-03-07,1743.9200439453125,1768.1300048828125,1682.030029296875,1707.5,5,0,0,2008-03-03,2008-03-07,0,True,True
2008-03-14,1705.550048828125,1764.719970703125,1672.760009765625,1713.8299560546875,5,0,0,2008-03-10,2008-03-14,0,True,True
2008-03-21,1680.5400390625,1772.0899658203125,1668.5699462890625,1751.989990234375,4,0,0,2008-03-17,2008-03-20,0,True,True
2008-03-28,1760.1400146484375,1831.97998046875,1760.1400146484375,1767.5699462890625,5,0,0,2008-03-24,2008-03-28,0,True,True
2008-04-04,1772.9599609375,1884.1300048828125,1767.8599853515625,1865.8699951171875,5,0,0,2008-03-31,2008-04-04,0,True,True
2008-04-11,1878.300048828125,1885.9300537109375,1794.8199462890625,1798.719970703125,5,0,0,2008-04-07,2008-04-11,0,True,True
2008-04-18,1796.77001953125,1908,1776.5999755859375,1900.280029296875,5,0,0,2008-04-14,2008-04-18,0,True,True
2008-04-25,1892.969970703125,1942.97998046875,1867.719970703125,1918.5799560546875,5,0,0,2008-04-21,2008-04-25,0,True,True
2008-05-02,1920.530029296875,1996.52001953125,1912.81005859375,1981.8699951171875,5,0,0,2008-04-28,2008-05-02,0,True,True
2008-05-09,1980.8399658203125,2000.719970703125,1946.280029296875,1960.2900390625,5,0,0,2008-05-05,2008-05-09,0,True,True
2008-05-16,1969.5,2035.81005859375,1959.47998046875,2031.27001953125,5,0,0,2008-05-12,2008-05-16,0,True,True
2008-05-23,2031.8199462890625,2050.7900390625,1943.8499755859375,1958.9599609375,5,0,0,2008-05-19,2008-05-23,0,True,True
2008-05-30,1965,2040.969970703125,1963.050048828125,2032.5699462890625,4,0,0,2008-05-27,2008-05-30,0,True,True
2008-06-06,2026.5799560546875,2055.820068359375,1977.8699951171875,1990.3900146484375,5,0,0,2008-06-02,2008-06-06,0,True,True
2008-06-13,1995.3699951171875,1997.93994140625,1909.8900146484375,1966.010009765625,5,0,0,2008-06-09,2008-06-13,0,True,True
2008-06-20,1954.0400390625,1993.1199951171875,1920.3199462890625,1928.3900146484375,5,0,0,2008-06-16,2008-06-20,0,True,True
2008-06-27,1936.7099609375,1951.489990234375,1829.300048828125,1855.719970703125,5,0,0,2008-06-23,2008-06-27,0,True,True
2008-07-04,1852.8299560546875,1874.8299560546875,1801.6600341796875,1816.3499755859375,4,0,0,2008-06-30,2008-07-03,0,True,True
2008-07-11,1834.280029296875,1871.280029296875,1784.3900146484375,1810.8800048828125,5,0,0,2008-07-07,2008-07-11,0,True,True
2008-07-18,1834.8599853515625,1862.989990234375,1761.0799560546875,1823.22998046875,5,0,0,2008-07-14,2008-07-18,0,True,True
2008-07-25,1831.8599853515625,1865.18994140625,1784.260009765625,1846.550048828125,5,0,0,2008-07-21,2008-07-25,0,True,True
2008-08-01,1841.3199462890625,1874.5400390625,1798.31005859375,1826.56005859375,5,0,0,2008-07-28,2008-08-01,0,True,True
2008-08-08,1825.6800537109375,1928.52001953125,1802.0899658203125,1926.22998046875,5,0,0,2008-08-04,2008-08-08,0,True,True
2008-08-15,1921.760009765625,1973.56005859375,1917.8499755859375,1957.56005859375,5,0,0,2008-08-11,2008-08-15,0,True,True
2008-08-22,1962.1700439453125,1963.510009765625,1886.239990234375,1931.469970703125,5,0,0,2008-08-18,2008-08-22,0,True,True
2008-08-29,1918.449951171875,1921.18994140625,1866.81005859375,1872.5400390625,5,0,0,2008-08-25,2008-08-29,0,True,True
2008-09-05,1904.2099609375,1912.719970703125,1740.43994140625,1768.22998046875,4,0,0,2008-09-02,2008-09-05,0,True,True
2008-09-12,1794.0799560546875,1796.8199462890625,1713.8599853515625,1767.1300048828125,5,0,0,2008-09-08,2008-09-12,0,True,True
2008-09-19,1721.780029296875,1773.8299560546875,1606.300048828125,1745.06005859375,5,0,0,2008-09-15,2008-09-19,0,True,True
2008-09-26,1742.52001953125,1743.3399658203125,1635.5400390625,1672.0400390625,5,0,0,2008-09-22,2008-09-26,0,True,True
2008-10-03,1638.3800048828125,1643.219970703125,1469,1470.8399658203125,5,0,0,2008-09-29,2008-10-03,0,True,True
2008-10-10,1431.010009765625,1440.18994140625,1196.1099853515625,1269.800048828125,5,0,0,2008-10-06,2008-10-10,0,True,True
2008-10-17,1338.5999755859375,1470.989990234375,1192.25,1311.719970703125,5,0,0,2008-10-13,2008-10-17,0,True,True
2008-10-24,1329.6800537109375,1352.760009765625,1149.1199951171875,1202.27001953125,5,0,0,2008-10-20,2008-10-24,0,True,True
2008-10-31,1182.6199951171875,1358.75,1167.699951171875,1334.780029296875,5,0,0,2008-10-27,2008-10-31,0,True,True
2008-11-07,1333.18994140625,1382.6500244140625,1235.8499755859375,1271.6199951171875,5,0,0,2008-11-03,2008-11-07,0,True,True
2008-11-14,1297.969970703125,1298.0899658203125,1109.8900146484375,1179.6300048828125,5,0,0,2008-11-10,2008-11-14,0,True,True
2008-11-21,1157.5400390625,1187.97998046875,1018.8599853515625,1085.5699462890625,5,0,0,2008-11-17,2008-11-21,0,True,True
2008-11-28,1106.02001953125,1193.0899658203125,1096.550048828125,1185.75,4,0,0,2008-11-24,2008-11-28,0,True,True
2008-12-05,1185.75,1185.75,1091.0400390625,1177.8699951171875,5,0,0,2008-12-01,2008-12-05,0,True,True
2008-12-12,1202.780029296875,1251.56005859375,1157.1500244140625,1206.6500244140625,5,0,0,2008-12-08,2008-12-12,0,True,True
2008-12-19,1206.8800048828125,1244.81005859375,1167.449951171875,1217.18994140625,5,0,0,2008-12-15,2008-12-19,0,True,True
2008-12-26,1212.31005859375,1214.550048828125,1169.22998046875,1185.43994140625,4,0,0,2008-12-22,2008-12-26,0,True,True
2009-01-02,1185.9599609375,1266.449951171875,1158.0699462890625,1263.699951171875,4,0,0,2008-12-29,2009-01-02,0,True,True
2009-01-09,1254.699951171875,1286.0799560546875,1217.5899658203125,1223.010009765625,5,0,0,2009-01-05,2009-01-09,0,True,True
2009-01-16,1225.1199951171875,1225.780029296875,1141.739990234375,1198.1400146484375,5,0,0,2009-01-12,2009-01-16,0,True,True
2009-01-23,1193.97998046875,1195.8900146484375,1136.6099853515625,1175.8900146484375,4,0,0,2009-01-20,2009-01-23,0,True,True
2009-01-30,1177.43994140625,1245.97998046875,1169.2099609375,1180.25,5,0,0,2009-01-26,2009-01-30,0,True,True
2009-02-06,1168.1300048828125,1280.4000244140625,1167.489990234375,1277.489990234375,5,0,0,2009-02-02,2009-02-06,0,True,True
2009-02-13,1276.719970703125,1286.9000244140625,1204.3800048828125,1236.8499755859375,5,0,0,2009-02-09,2009-02-13,0,True,True
2009-02-20,1197.5899658203125,1204.56005859375,1153.1800537109375,1172.7099609375,4,0,0,2009-02-17,2009-02-20,0,True,True
2009-02-27,1180.0999755859375,1183.9300537109375,1112.1199951171875,1116.989990234375,5,0,0,2009-02-23,2009-02-27,0,True,True
2009-03-06,1098.989990234375,1124.6700439453125,1043.5999755859375,1064.699951171875,5,0,0,2009-03-02,2009-03-06,0,True,True
2009-03-13,1058.8499755859375,1170.47998046875,1040.4100341796875,1168.52001953125,5,0,0,2009-03-09,2009-03-13,0,True,True
2009-03-20,1177.3299560546875,1225.1600341796875,1144.2099609375,1187.1800537109375,5,0,0,2009-03-16,2009-03-20,0,True,True
2009-03-27,1213.1199951171875,1281.300048828125,1203.8499755859375,1251.469970703125,5,0,0,2009-03-23,2009-03-27,0,True,True
2009-04-03,1230.8900146484375,1316.7099609375,1204.9599609375,1316.1600341796875,5,0,0,2009-03-30,2009-04-03,0,True,True
2009-04-10,1301.4300537109375,1341.77001953125,1268.7900390625,1340.280029296875,4,0,0,2009-04-06,2009-04-09,0,True,True
2009-04-17,1333.719970703125,1361.6800537109375,1295.0999755859375,1353.9200439453125,5,0,0,2009-04-13,2009-04-17,0,True,True
2009-04-24,1330.1800537109375,1379.3800048828125,1303.72998046875,1373.280029296875,5,0,0,2009-04-20,2009-04-24,0,True,True
2009-05-01,1359.8800048828125,1418.77001953125,1355.989990234375,1396.6199951171875,5,0,0,2009-04-27,2009-05-01,0,True,True
2009-05-08,1407.6500244140625,1435.800048828125,1377.06005859375,1394.1600341796875,5,0,0,2009-05-04,2009-05-08,0,True,True
2009-05-15,1375.050048828125,1410.4300537109375,1339.8199462890625,1355.1099853515625,5,0,0,2009-05-11,2009-05-15,0,True,True
2009-05-22,1367.050048828125,1423.1300048828125,1353.530029296875,1363.1700439453125,5,0,0,2009-05-18,2009-05-22,0,True,True
2009-05-29,1351.1300048828125,1435.5699462890625,1350.949951171875,1435.5699462890625,4,0,0,2009-05-26,2009-05-29,0,True,True
2009-06-05,1451.3699951171875,1505.77001953125,1446.969970703125,1493.2099609375,5,0,0,2009-06-01,2009-06-05,0,True,True
2009-06-12,1482.2099609375,1511.93994140625,1467.1300048828125,1489.969970703125,5,0,0,2009-06-08,2009-06-12,0,True,True
2009-06-19,1472.77001953125,1477.949951171875,1439.3800048828125,1471.22998046875,5,0,0,2009-06-15,2009-06-19,0,True,True
2009-06-26,1455.780029296875,1483.5699462890625,1413.5400390625,1480.199951171875,5,0,0,2009-06-22,2009-06-26,0,True,True
2009-07-03,1483.6600341796875,1497.7099609375,1443.75,1446.280029296875,4,0,0,2009-06-29,2009-07-02,0,True,True
2009-07-10,1435.4000244140625,1444.300048828125,1394.8699951171875,1419.8399658203125,5,0,0,2009-07-06,2009-07-10,0,True,True
2009-07-17,1423.199951171875,1527.260009765625,1402.18994140625,1527.260009765625,5,0,0,2009-07-13,2009-07-17,0,True,True
2009-07-24,1534.3900146484375,1605.0899658203125,1529.449951171875,1599.06005859375,5,0,0,2009-07-20,2009-07-24,0,True,True
2009-07-31,1597.02001953125,1632.969970703125,1580.52001953125,1603.3599853515625,5,0,0,2009-07-27,2009-07-31,0,True,True
2009-08-07,1619.239990234375,1633.1600341796875,1595.3599853515625,1619.489990234375,5,0,0,2009-08-03,2009-08-07,0,True,True
2009-08-14,1612.72998046875,1634.1199951171875,1587.4000244140625,1611.5799560546875,5,0,0,2009-08-10,2009-08-14,0,True,True
2009-08-21,1583.2900390625,1639.22998046875,1563.1400146484375,1637.780029296875,5,0,0,2009-08-17,2009-08-21,0,True,True
2009-08-28,1641.449951171875,1668.010009765625,1611.72998046875,1643.239990234375,5,0,0,2009-08-24,2009-08-28,0,True,True
2009-09-04,1628.2099609375,1648.27001953125,1585.56005859375,1638.0699462890625,5,0,0,2009-08-31,2009-09-04,0,True,True
2009-09-11,1651.6400146484375,1689.6800537109375,1643.43994140625,1685.4599609375,4,0,0,2009-09-08,2009-09-11,0,True,True
2009-09-18,1673.550048828125,1732.4200439453125,1673.1300048828125,1725.239990234375,5,0,0,2009-09-14,2009-09-18,0,True,True
2009-09-25,1717.3699951171875,1754.5400390625,1690.6800537109375,1694.1500244140625,5,0,0,2009-09-21,2009-09-25,0,True,True
2009-10-02,1702.949951171875,1733.7900390625,1656.5699462890625,1662.489990234375,5,0,0,2009-09-28,2009-10-02,0,True,True
2009-10-09,1668.699951171875,1732.1099853515625,1660.3699951171875,1727.760009765625,5,0,0,2009-10-05,2009-10-09,0,True,True
2009-10-16,1732.75,1756.25,1719.02001953125,1739.3199462890625,5,0,0,2009-10-12,2009-10-16,0,True,True
2009-10-23,1741.4300537109375,1780.8299560546875,1732.02001953125,1753.6300048828125,5,0,0,2009-10-19,2009-10-23,0,True,True
2009-10-30,1756.5,1778.47998046875,1663.93994140625,1667.1300048828125,5,0,0,2009-10-26,2009-10-30,0,True,True
2009-11-06,1667.06005859375,1733.219970703125,1652.43994140625,1730.760009765625,5,0,0,2009-11-02,2009-11-06,0,True,True
2009-11-13,1743.550048828125,1794.1199951171875,1742.969970703125,1788.6099853515625,5,0,0,2009-11-09,2009-11-13,0,True,True
2009-11-20,1794.8800048828125,1814.25,1758,1764.3900146484375,5,0,0,2009-11-16,2009-11-20,0,True,True
2009-11-27,1782.9200439453125,1801.219970703125,1742.199951171875,1765.4599609375,4,0,0,2009-11-23,2009-11-27,0,True,True
2009-12-04,1762.989990234375,1815.5999755859375,1750.8800048828125,1791.9100341796875,5,0,0,2009-11-30,2009-12-04,0,True,True
2009-12-11,1791.3499755859375,1810.31005859375,1759.3399658203125,1792.06005859375,5,0,0,2009-12-07,2009-12-11,0,True,True
2009-12-18,1802.280029296875,1814.489990234375,1777.0799560546875,1807.3599853515625,5,0,0,2009-12-14,2009-12-18,0,True,True
2009-12-25,1818.3900146484375,1869.9000244140625,1818.3900146484375,1869.8399658203125,4,0,0,2009-12-21,2009-12-24,0,True,True
2010-01-01,1874.7099609375,1882.5799560546875,1860.31005859375,1860.31005859375,4,0,0,2009-12-28,2009-12-31,0,True,True
2010-01-08,1882.68994140625,1893.25,1867.6199951171875,1892.5899658203125,5,0,0,2010-01-04,2010-01-08,0,True,True
2010-01-15,1896.050048828125,1897.489990234375,1852.31005859375,1864.52001953125,5,0,0,2010-01-11,2010-01-15,0,True,True
2010-01-22,1869.239990234375,1896.5400390625,1791.4000244140625,1794.8199462890625,4,0,0,2010-01-19,2010-01-22,0,True,True
2010-01-29,1806.5999755859375,1825.949951171875,1734.030029296875,1741.0400390625,5,0,0,2010-01-25,2010-01-29,0,True,True
2010-02-05,1745.9100341796875,1787.8900146484375,1712.8900146484375,1746.1199951171875,5,0,0,2010-02-01,2010-02-05,0,True,True
2010-02-12,1744.02001953125,1783.699951171875,1734.1199951171875,1779.1099853515625,5,0,0,2010-02-08,2010-02-12,0,True,True
2010-02-19,1792.9000244140625,1830.3800048828125,1782.72998046875,1823.3199462890625,4,0,0,2010-02-16,2010-02-19,0,True,True
2010-02-26,1828.68994140625,1829.1800537109375,1781.1199951171875,1818.6800537109375,5,0,0,2010-02-22,2010-02-26,0,True,True
2010-03-05,1826.6199951171875,1889.6800537109375,1826.6099853515625,1888.56005859375,5,0,0,2010-03-01,2010-03-05,0,True,True
2010-03-12,1888.0400390625,1930.1700439453125,1885.989990234375,1924.4300537109375,5,0,0,2010-03-08,2010-03-12,0,True,True
2010-03-19,1918.1400146484375,1949.1400146484375,1906.010009765625,1932.4300537109375,5,0,0,2010-03-15,2010-03-19,0,True,True
2010-03-26,1922.72998046875,1976.3800048828125,1921.7099609375,1952.6300048828125,5,0,0,2010-03-22,2010-03-26,0,True,True
2010-04-02,1960.6300048828125,1979.489990234375,1943.969970703125,1959.56005859375,4,0,0,2010-03-29,2010-04-01,0,True,True
2010-04-09,1964.030029296875,1994.47998046875,1958.010009765625,1994.4300537109375,5,0,0,2010-04-05,2010-04-09,0,True,True
2010-04-16,1995.3499755859375,2040.489990234375,1986.8299560546875,2012.8399658203125,5,0,0,2010-04-12,2010-04-16,0,True,True
2010-04-23,2011.4000244140625,2055.6298828125,1988.3699951171875,2055.330078125,5,0,0,2010-04-19,2010-04-23,0,True,True
2010-04-30,2054.840087890625,2059.419921875,1991.949951171875,2000.6300048828125,5,0,0,2010-04-26,2010-04-30,0,True,True
2010-05-07,2010.93994140625,2039.52001953125,1752.31005859375,1849.43994140625,5,0,0,2010-05-03,2010-05-07,0,True,True
2010-05-14,1931.52001953125,1983.1300048828125,1885.510009765625,1907.0999755859375,5,0,0,2010-05-10,2010-05-14,0,True,True
2010-05-21,1911.3800048828125,1933.25,1767.93994140625,1822.77001953125,5,0,0,2010-05-17,2010-05-21,0,True,True
2010-05-28,1818.4599609375,1867.719970703125,1756.6300048828125,1852.3900146484375,5,0,0,2010-05-24,2010-05-28,0,True,True
2010-06-04,1846.5999755859375,1898.9300537109375,1824.7099609375,1832.0400390625,4,0,0,2010-06-01,2010-06-04,0,True,True
2010-06-11,1839.77001953125,1848.6199951171875,1770.4599609375,1847.1500244140625,5,0,0,2010-06-07,2010-06-11,0,True,True
2010-06-18,1862.699951171875,1925.199951171875,1844.1600341796875,1913.47998046875,5,0,0,2010-06-14,2010-06-18,0,True,True
2010-06-25,1939.77001953125,1939.77001953125,1829.300048828125,1838.52001953125,5,0,0,2010-06-21,2010-06-25,0,True,True
2010-07-02,1843.27001953125,1852.6600341796875,1700.0400390625,1728.3399658203125,5,0,0,2010-06-28,2010-07-02,0,True,True
2010-07-09,1752.97998046875,1815.239990234375,1719.199951171875,1814.7900390625,4,0,0,2010-07-06,2010-07-09,0,True,True
2010-07-16,1814.489990234375,1863.52001953125,1802.5400390625,1803.47998046875,5,0,0,2010-07-12,2010-07-16,0,True,True
2010-07-23,1807.989990234375,1875.3800048828125,1784.550048828125,1875.3800048828125,5,0,0,2010-07-19,2010-07-23,0,True,True
2010-07-30,1875.77001953125,1900.1500244140625,1833.9000244140625,1864,5,0,0,2010-07-26,2010-07-30,0,True,True
2010-08-06,1886.6099853515625,1911.010009765625,1873.43994140625,1902.8800048828125,5,0,0,2010-08-02,2010-08-06,0,True,True
2010-08-13,1911.3800048828125,1918.780029296875,1807.4599609375,1818.800048828125,5,0,0,2010-08-09,2010-08-13,0,True,True
2010-08-20,1806.969970703125,1862.3699951171875,1801.739990234375,1825.75,5,0,0,2010-08-16,2010-08-20,0,True,True
2010-08-27,1833.3299560546875,1842.7900390625,1747.3199462890625,1791.6400146484375,5,0,0,2010-08-23,2010-08-27,0,True,True
2010-09-03,1785.97998046875,1870.31005859375,1755.3800048828125,1870.31005859375,5,0,0,2010-08-30,2010-09-03,0,True,True
2010-09-10,1862.8800048828125,1897.9300537109375,1854.4300537109375,1892.3399658203125,4,0,0,2010-09-07,2010-09-10,0,True,True
2010-09-17,1908.75,1961.010009765625,1908.4100341796875,1955.8299560546875,5,0,0,2010-09-13,2010-09-17,0,True,True
2010-09-24,1962.1500244140625,2023.8499755859375,1960.4300537109375,2023.8399658203125,5,0,0,2010-09-20,2010-09-24,0,True,True
2010-10-01,2021.6800537109375,2029.6500244140625,1979.739990234375,1996.5999755859375,5,0,0,2010-09-27,2010-10-01,0,True,True
2010-10-08,1990.1300048828125,2030.8900146484375,1963.6800537109375,2027.030029296875,5,0,0,2010-10-04,2010-10-08,0,True,True
2010-10-15,2028.530029296875,2097.72998046875,2007.1300048828125,2097.72998046875,5,0,0,2010-10-11,2010-10-15,0,True,True
2010-10-22,2100.2099609375,2106.239990234375,2054.610107421875,2104.2099609375,5,0,0,2010-10-18,2010-10-22,0,True,True
2010-10-29,2113.22998046875,2137.330078125,2094.840087890625,2124.449951171875,5,0,0,2010-10-25,2010-10-29,0,True,True
2010-11-05,2135.570068359375,2193.659912109375,2117.590087890625,2186.7099609375,5,0,0,2010-11-01,2010-11-05,0,True,True
2010-11-12,2179.699951171875,2200.159912109375,2122.419921875,2137.949951171875,5,0,0,2010-11-08,2010-11-12,0,True,True
2010-11-19,2147.06005859375,2152.889892578125,2085.27001953125,2135.27001953125,5,0,0,2010-11-15,2010-11-19,0,True,True
2010-11-26,2126.39990234375,2165.14990234375,2105.610107421875,2153.909912109375,4,0,0,2010-11-22,2010-11-26,0,True,True
2010-12-03,2144.0400390625,2192.889892578125,2110.239990234375,2191.169921875,5,0,0,2010-11-29,2010-12-03,0,True,True
2010-12-10,2192.1201171875,2217.47998046875,2182.989990234375,2215.340087890625,5,0,0,2010-12-06,2010-12-10,0,True,True
2010-12-17,2223.889892578125,2227.0400390625,2196.8798828125,2218.2900390625,5,0,0,2010-12-13,2010-12-17,0,True,True
2010-12-24,2225.409912109375,2238.919921875,2206.300048828125,2230.27001953125,4,0,0,2010-12-20,2010-12-23,0,True,True
2010-12-31,2223.760009765625,2236.18994140625,2208.800048828125,2217.860107421875,5,0,0,2010-12-27,2010-12-31,0,True,True
2011-01-07,2238.659912109375,2282.8701171875,2237.72998046875,2276.699951171875,5,0,0,2011-01-03,2011-01-07,0,True,True
2011-01-14,2270.64990234375,2323.429931640625,2265,2323.429931640625,5,0,0,2011-01-10,2011-01-14,0,True,True
2011-01-21,2300.929931640625,2331.6298828125,2267.169921875,2268.320068359375,4,0,0,2011-01-18,2011-01-21,0,True,True
2011-01-28,2271.72998046875,2336.0400390625,2260.60009765625,2270.510009765625,5,0,0,2011-01-24,2011-01-28,0,True,True
2011-02-04,2274.219970703125,2338.659912109375,2258.050048828125,2338.199951171875,5,0,0,2011-01-31,2011-02-04,0,True,True
2011-02-11,2340.43994140625,2381.39990234375,2338.8701171875,2379.14990234375,5,0,0,2011-02-07,2011-02-11,0,True,True
2011-02-18,2379.52001953125,2403.52001953125,2371.18994140625,2392.469970703125,5,0,0,2011-02-14,2011-02-18,0,True,True
2011-02-25,2353.81005859375,2366.429931640625,2284.64990234375,2346.2900390625,4,0,0,2011-02-22,2011-02-25,0,True,True
2011-03-04,2354.8701171875,2375.669921875,2308.050048828125,2359.9599609375,5,0,0,2011-02-28,2011-03-04,0,True,True
2011-03-11,2367.919921875,2370.909912109375,2275.070068359375,2299.260009765625,5,0,0,2011-03-07,2011-03-11,0,True,True
2011-03-18,2286.77001953125,2302.919921875,2188.919921875,2221.070068359375,5,0,0,2011-03-14,2011-03-18,0,True,True
2011-03-25,2250.889892578125,2331.6298828125,2234.93994140625,2316.360107421875,5,0,0,2011-03-21,2011-03-25,0,True,True
2011-04-01,2325.1298828125,2359.159912109375,2291.780029296875,2342.919921875,5,0,0,2011-03-28,2011-04-01,0,True,True
2011-04-08,2347.7099609375,2352.25,2313.330078125,2321.179931640625,5,0,0,2011-04-04,2011-04-08,0,True,True
2011-04-15,2330.260009765625,2333.97998046875,2288.679931640625,2307.580078125,5,0,0,2011-04-11,2011-04-15,0,True,True
2011-04-22,2281.919921875,2381.199951171875,2254.8798828125,2377.300048828125,4,0,0,2011-04-18,2011-04-21,0,True,True
2011-04-29,2377.909912109375,2415.85009765625,2375.1201171875,2404.080078125,5,0,0,2011-04-25,2011-04-29,0,True,True
2011-05-06,2410.239990234375,2417.830078125,2366.72998046875,2383.179931640625,5,0,0,2011-05-02,2011-05-06,0,True,True
2011-05-13,2384.199951171875,2415.89990234375,2372.18994140625,2379.239990234375,5,0,0,2011-05-09,2011-05-13,0,True,True
2011-05-20,2368.469970703125,2375.360107421875,2320.330078125,2351.429931640625,5,0,0,2011-05-16,2011-05-20,0,True,True
2011-05-27,2318.159912109375,2339.10009765625,2298.719970703125,2336.090087890625,5,0,0,2011-05-23,2011-05-27,0,True,True
2011-06-03,2359.050048828125,2373.820068359375,2289.409912109375,2292.31005859375,4,0,0,2011-05-31,2011-06-03,0,True,True
2011-06-10,2288.610107421875,2299.39990234375,2220.830078125,2221.090087890625,5,0,0,2011-06-06,2011-06-10,0,True,True
2011-06-17,2225.2099609375,2256.4599609375,2180.93994140625,2192.9599609375,5,0,0,2011-06-13,2011-06-17,0,True,True
2011-06-24,2187.2099609375,2256.699951171875,2186.77001953125,2217.06005859375,5,0,0,2011-06-20,2011-06-24,0,True,True
2011-07-01,2217.6298828125,2363.360107421875,2215.139892578125,2361.389892578125,5,0,0,2011-06-27,2011-07-01,0,True,True
2011-07-08,2363.080078125,2418.989990234375,2357.31005859375,2405.889892578125,4,0,0,2011-07-05,2011-07-08,0,True,True
2011-07-15,2380.56005859375,2392.090087890625,2318.199951171875,2356.669921875,5,0,0,2011-07-11,2011-07-15,0,True,True
2011-07-22,2346.530029296875,2432.840087890625,2322.6201171875,2429.5,5,0,0,2011-07-18,2011-07-22,0,True,True
2011-07-29,2408.64990234375,2438.43994140625,2341.820068359375,2362.81005859375,5,0,0,2011-07-25,2011-07-29,0,True,True
2011-08-05,2391.419921875,2396.5,2131.52001953125,2194.3798828125,5,0,0,2011-08-01,2011-08-05,0,True,True
2011-08-12,2127.8701171875,2195.25,2034.9200439453125,2182.050048828125,5,0,0,2011-08-08,2011-08-12,0,True,True
2011-08-19,2189.489990234375,2214.260009765625,2035.300048828125,2038.219970703125,5,0,0,2011-08-15,2011-08-19,0,True,True
2011-08-26,2084.27001953125,2169.409912109375,2038.1400146484375,2161.969970703125,5,0,0,2011-08-22,2011-08-26,0,True,True
2011-09-02,2188.669921875,2268.070068359375,2156.989990234375,2167.830078125,5,0,0,2011-08-29,2011-09-02,0,True,True
2011-09-09,2116.47998046875,2244.510009765625,2112.840087890625,2163.659912109375,4,0,0,2011-09-06,2011-09-09,0,True,True
2011-09-16,2145.780029296875,2308.9599609375,2139.580078125,2306.090087890625,5,0,0,2011-09-12,2011-09-16,0,True,True
2011-09-23,2277.639892578125,2337.699951171875,2151.47998046875,2206.860107421875,5,0,0,2011-09-19,2011-09-23,0,True,True
2011-09-30,2216.659912109375,2290.7099609375,2139.169921875,2139.179931640625,5,0,0,2011-09-26,2011-09-30,0,True,True
2011-10-07,2128.02001953125,2227.3798828125,2042.9000244140625,2202.760009765625,5,0,0,2011-10-03,2011-10-07,0,True,True
2011-10-14,2241.169921875,2371.93994140625,2237.47998046875,2371.93994140625,5,0,0,2011-10-10,2011-10-14,0,True,True
2011-10-21,2359.530029296875,2375.260009765625,2274.489990234375,2335.929931640625,5,0,0,2011-10-17,2011-10-21,0,True,True
2011-10-28,2341.7099609375,2412.52001953125,2291.780029296875,2401.2900390625,5,0,0,2011-10-24,2011-10-28,0,True,True
2011-11-04,2376.989990234375,2389.2900390625,2287.739990234375,2356.320068359375,5,0,0,2011-10-31,2011-11-04,0,True,True
2011-11-11,2353.820068359375,2402.510009765625,2290.530029296875,2355.780029296875,5,0,0,2011-11-07,2011-11-11,0,True,True
2011-11-18,2350.909912109375,2375.10009765625,2250.93994140625,2253.949951171875,5,0,0,2011-11-14,2011-11-18,0,True,True
2011-11-25,2219.8798828125,2225.5400390625,2150.7099609375,2150.8798828125,4,0,0,2011-11-21,2011-11-25,0,True,True
2011-12-02,2207.679931640625,2331.1201171875,2205.77001953125,2302.0400390625,5,0,0,2011-11-28,2011-12-02,0,True,True
2011-12-09,2336.550048828125,2343.10009765625,2278.419921875,2318.679931640625,5,0,0,2011-12-05,2011-12-09,0,True,True
2011-12-16,2295.429931640625,2316.89990234375,2219.679931640625,2238.179931640625,5,0,0,2011-12-12,2011-12-16,0,True,True
2011-12-23,2244.3701171875,2287.9599609375,2209.570068359375,2287.570068359375,5,0,0,2011-12-19,2011-12-23,0,True,True
2011-12-30,2284.2900390625,2301.300048828125,2262.219970703125,2277.830078125,4,0,0,2011-12-27,2011-12-30,0,True,True
2012-01-06,2323.159912109375,2362.580078125,2307.56005859375,2356.169921875,4,0,0,2012-01-03,2012-01-06,0,True,True
2012-01-13,2362.530029296875,2384.260009765625,2342.340087890625,2371.97998046875,5,0,0,2012-01-09,2012-01-13,0,True,True
2012-01-20,2396.139892578125,2445.590087890625,2385.7900390625,2437.02001953125,4,0,0,2012-01-17,2012-01-20,0,True,True
2012-01-27,2437.06005859375,2479.31005859375,2423.239990234375,2461.77001953125,5,0,0,2012-01-23,2012-01-27,0,True,True
2012-02-03,2438.52001953125,2532.260009765625,2433.6298828125,2529.169921875,5,0,0,2012-01-30,2012-02-03,0,True,True
2012-02-10,2519.330078125,2567.280029296875,2513.510009765625,2547.320068359375,5,0,0,2012-02-06,2012-02-10,0,True,True
2012-02-17,2564.929931640625,2600.9599609375,2551.35009765625,2584.239990234375,5,0,0,2012-02-13,2012-02-17,0,True,True
2012-02-24,2589.2099609375,2609.449951171875,2570.070068359375,2604.2099609375,4,0,0,2012-02-21,2012-02-24,0,True,True
2012-03-02,2589.43994140625,2650,2579.6298828125,2641.580078125,5,0,0,2012-02-27,2012-03-02,0,True,True
2012-03-09,2636.60009765625,2651.97998046875,2575.1298828125,2646.85009765625,5,0,0,2012-03-05,2012-03-09,0,True,True
2012-03-16,2646.97998046875,2720.489990234375,2635.760009765625,2712.780029296875,5,0,0,2012-03-12,2012-03-16,0,True,True
2012-03-23,2716.97998046875,2752.4599609375,2710.6298828125,2728.550048828125,5,0,0,2012-03-19,2012-03-23,0,True,True
2012-03-30,2746.97998046875,2794,2741.320068359375,2755.27001953125,5,0,0,2012-03-26,2012-03-30,0,True,True
2012-04-06,2752.25,2795.35009765625,2729.2099609375,2762.5,4,0,0,2012-04-02,2012-04-05,0,True,True
2012-04-13,2726.080078125,2751.43994140625,2688.2099609375,2698.989990234375,5,0,0,2012-04-09,2012-04-13,0,True,True
2012-04-20,2713.889892578125,2738.590087890625,2660.9599609375,2676.0400390625,5,0,0,2012-04-16,2012-04-20,0,True,True
2012-04-27,2651.1298828125,2750.5,2628.9599609375,2741.340087890625,5,0,0,2012-04-23,2012-04-27,0,True,True
2012-05-04,2731.260009765625,2756.81005859375,2637.72998046875,2637.919921875,5,0,0,2012-04-30,2012-05-04,0,True,True
2012-05-11,2622.669921875,2651.739990234375,2587.530029296875,2615.97998046875,5,0,0,2012-05-07,2012-05-11,0,True,True
2012-05-18,2593.75,2617.22998046875,2474.699951171875,2478.530029296875,5,0,0,2012-05-14,2012-05-18,0,True,True
2012-05-25,2482.31005859375,2562.47998046875,2478.360107421875,2527.050048828125,5,0,0,2012-05-21,2012-05-25,0,True,True
2012-06-01,2542.659912109375,2570.7900390625,2458.72998046875,2458.830078125,4,0,0,2012-05-29,2012-06-01,0,True,True
2012-06-08,2458.969970703125,2570.47998046875,2443.919921875,2559.2099609375,5,0,0,2012-06-04,2012-06-08,0,True,True
2012-06-15,2578.72998046875,2579.22998046875,2510.75,2571.22998046875,5,0,0,2012-06-11,2012-06-15,0,True,True
2012-06-22,2570.97998046875,2633.2099609375,2554.64990234375,2585.530029296875,5,0,0,2012-06-18,2012-06-22,0,True,True
2012-06-29,2562.97998046875,2615.820068359375,2510.3701171875,2615.719970703125,5,0,0,2012-06-25,2012-06-29,0,True,True
2012-07-06,2616.52001953125,2660.260009765625,2596.10009765625,2612.2900390625,4,0,0,2012-07-02,2012-07-06,0,True,True
2012-07-13,2610.3798828125,2630.030029296875,2522.889892578125,2584.969970703125,5,0,0,2012-07-09,2012-07-13,0,True,True
2012-07-20,2579.9599609375,2663.1201171875,2554.340087890625,2618.0400390625,5,0,0,2012-07-16,2012-07-20,0,True,True
2012-07-27,2575.2900390625,2649.97998046875,2535.0400390625,2647.030029296875,5,0,0,2012-07-23,2012-07-27,0,True,True
2012-08-03,2649.780029296875,2684.580078125,2606.5400390625,2676,5,0,0,2012-07-30,2012-08-03,0,True,True
2012-08-10,2686.3798828125,2727.31005859375,2681.719970703125,2722.9599609375,5,0,0,2012-08-06,2012-08-10,0,True,True
2012-08-17,2721.489990234375,2780.77001953125,2708.3798828125,2780.300048828125,5,0,0,2012-08-13,2012-08-17,0,True,True
2012-08-24,2777.7099609375,2802.909912109375,2750.639892578125,2778.050048828125,5,0,0,2012-08-20,2012-08-24,0,True,True
2012-08-31,2792,2794.27001953125,2746.679931640625,2772.239990234375,5,0,0,2012-08-27,2012-08-31,0,True,True
2012-09-07,2766.929931640625,2829.949951171875,2744.2900390625,2825.110107421875,4,0,0,2012-09-04,2012-09-07,0,True,True
2012-09-14,2821.030029296875,2865.3701171875,2775.39990234375,2855.22998046875,5,0,0,2012-09-10,2012-09-14,0,True,True
2012-09-21,2857.52001953125,2878.3798828125,2842.590087890625,2861.639892578125,5,0,0,2012-09-17,2012-09-21,0,True,True
2012-09-28,2836.35009765625,2858.679931640625,2768.580078125,2799.18994140625,5,0,0,2012-09-24,2012-09-28,0,True,True
2012-10-05,2811.449951171875,2845.969970703125,2779.010009765625,2811.93994140625,5,0,0,2012-10-01,2012-10-05,0,True,True
2012-10-12,2797.330078125,2801.85009765625,2714.169921875,2720.139892578125,5,0,0,2012-10-08,2012-10-12,0,True,True
2012-10-19,2729.199951171875,2784.81005859375,2675.570068359375,2678.320068359375,5,0,0,2012-10-15,2012-10-19,0,True,True
2012-10-26,2678.889892578125,2699.080078125,2636.830078125,2665.830078125,5,0,0,2012-10-22,2012-10-26,0,True,True
2012-11-02,2663.56005859375,2701.909912109375,2639.6298828125,2656.280029296875,3,0,0,2012-10-31,2012-11-02,0,True,True
2012-11-09,2657.72998046875,2696.4599609375,2571.860107421875,2584.10009765625,5,0,0,2012-11-05,2012-11-09,0,True,True
2012-11-16,2596.570068359375,2600.64990234375,2494.3798828125,2534.159912109375,5,0,0,2012-11-12,2012-11-16,0,True,True
2012-11-23,2564.22998046875,2640.389892578125,2562.52001953125,2639.590087890625,4,0,0,2012-11-19,2012-11-23,0,True,True
2012-11-30,2634.429931640625,2688.949951171875,2613.219970703125,2677.8798828125,5,0,0,2012-11-26,2012-11-30,0,True,True
2012-12-07,2697.43994140625,2699.0400390625,2623.6201171875,2640.5400390625,5,0,0,2012-12-03,2012-12-07,0,True,True
2012-12-14,2634.5400390625,2696.89990234375,2620.080078125,2628.090087890625,5,0,0,2012-12-10,2012-12-14,0,True,True
2012-12-21,2629.760009765625,2713.389892578125,2627.3701171875,2664.669921875,5,0,0,2012-12-17,2012-12-21,0,True,True
2012-12-28,2658.64990234375,2663.56005859375,2599.6298828125,2606.360107421875,4,0,0,2012-12-24,2012-12-28,0,True,True
2013-01-04,2600.919921875,2750.820068359375,2598.570068359375,2724.489990234375,4,0,0,2012-12-31,2013-01-04,0,True,True
2013-01-11,2713.43994140625,2749.360107421875,2703.75,2748.260009765625,5,0,0,2013-01-07,2013-01-11,0,True,True
2013-01-18,2733.4599609375,2756.679931640625,2710.800048828125,2743.239990234375,5,0,0,2013-01-14,2013-01-18,0,True,True
2013-01-25,2744.27001953125,2769.31005859375,2719.830078125,2736.72998046875,4,0,0,2013-01-22,2013-01-25,0,True,True
2013-02-01,2737.6201171875,2768.6298828125,2722.52001953125,2763.9599609375,5,0,0,2013-01-28,2013-02-01,0,True,True
2013-02-08,2749.39990234375,2780.1298828125,2715.510009765625,2775.56005859375,5,0,0,2013-02-04,2013-02-08,0,True,True
2013-02-15,2774.43994140625,2783.18994140625,2756.429931640625,2764.669921875,5,0,0,2013-02-11,2013-02-15,0,True,True
2013-02-22,2770.699951171875,2782.860107421875,2700.320068359375,2737.280029296875,4,0,0,2013-02-19,2013-02-22,0,True,True
2013-03-01,2756.18994140625,2763.9599609375,2689.830078125,2747.75,5,0,0,2013-02-25,2013-03-01,0,True,True
2013-03-08,2738.2099609375,2812.72998046875,2734.919921875,2804.110107421875,5,0,0,2013-03-04,2013-03-08,0,True,True
2013-03-15,2798.1298828125,2812.2900390625,2787.719970703125,2799.409912109375,5,0,0,2013-03-11,2013-03-15,0,True,True
2013-03-22,2771.530029296875,2811.47998046875,2763.1201171875,2800.81005859375,5,0,0,2013-03-18,2013-03-22,0,True,True
2013-03-29,2810.75,2820.669921875,2778.780029296875,2818.68994140625,4,0,0,2013-03-25,2013-03-28,0,True,True
2013-04-05,2819.780029296875,2828.639892578125,2744.260009765625,2771.75,5,0,0,2013-04-01,2013-04-05,0,True,True
2013-04-12,2772.300048828125,2863.659912109375,2764.340087890625,2856.47998046875,5,0,0,2013-04-08,2013-04-12,0,True,True
2013-04-19,2841.260009765625,2849.159912109375,2730.969970703125,2780.4599609375,5,0,0,2013-04-15,2013-04-19,0,True,True
2013-04-26,2791.77001953125,2860.68994140625,2780.820068359375,2840.550048828125,5,0,0,2013-04-22,2013-04-26,0,True,True
2013-05-03,2849.5400390625,2952.219970703125,2849.0400390625,2944.590087890625,5,0,0,2013-04-29,2013-05-03,0,True,True
2013-05-10,2948.89990234375,2981.02001953125,2942.25,2981.02001953125,5,0,0,2013-05-06,2013-05-10,0,True,True
2013-05-17,2972.9599609375,3028.9599609375,2971.72998046875,3028.9599609375,5,0,0,2013-05-13,2013-05-17,0,True,True
2013-05-24,3019.280029296875,3053.510009765625,2965.300048828125,2991.02001953125,5,0,0,2013-05-20,2013-05-24,0,True,True
2013-05-31,3024.3798828125,3037,2979.89990234375,2981.760009765625,4,0,0,2013-05-28,2013-05-31,0,True,True
2013-06-07,2984.590087890625,3007.300048828125,2911.93994140625,2990.8701171875,5,0,0,2013-06-03,2013-06-07,0,True,True
2013-06-14,2995.030029296875,3004.669921875,2914.199951171875,2943.860107421875,5,0,0,2013-06-10,2013-06-14,0,True,True
2013-06-21,2967.330078125,3001.889892578125,2853.68994140625,2877.93994140625,5,0,0,2013-06-17,2013-06-21,0,True,True
2013-06-28,2852.64990234375,2927.489990234375,2825.179931640625,2909.60009765625,5,0,0,2013-06-24,2013-06-28,0,True,True
2013-07-05,2933.47998046875,2963.820068359375,2913.47998046875,2963.219970703125,4,0,0,2013-07-01,2013-07-05,0,True,True
2013-07-12,2976.610107421875,3079.070068359375,2955.3701171875,3079.070068359375,5,0,0,2013-07-08,2013-07-12,0,True,True
2013-07-19,3077.02001953125,3091.2099609375,3035.989990234375,3044.929931640625,5,0,0,2013-07-15,2013-07-19,0,True,True
2013-07-26,3061.5,3076.22998046875,3029.070068359375,3076.22998046875,5,0,0,2013-07-22,2013-07-26,0,True,True
2013-08-02,3067.47998046875,3143.52001953125,3062.909912109375,3143.52001953125,5,0,0,2013-07-29,2013-08-02,0,True,True
2013-08-09,3136.77001953125,3145.25,3096.409912109375,3118.570068359375,5,0,0,2013-08-05,2013-08-09,0,True,True
2013-08-16,3107.06005859375,3149.239990234375,3068.070068359375,3073.909912109375,5,0,0,2013-08-12,2013-08-16,0,True,True
2013-08-23,3074.3798828125,3127.050048828125,3061.419921875,3124.27001953125,5,0,0,2013-08-19,2013-08-23,0,True,True
2013-08-30,3127.010009765625,3147.8701171875,3053.260009765625,3073.81005859375,5,0,0,2013-08-26,2013-08-30,0,True,True
2013-09-06,3097.64990234375,3148.989990234375,3077.1298828125,3133.3798828125,4,0,0,2013-09-03,2013-09-06,0,True,True
2013-09-13,3146.02001953125,3189.239990234375,3146.02001953125,3178.280029296875,5,0,0,2013-09-09,2013-09-13,0,True,True
2013-09-20,3203.18994140625,3248.52001953125,3163.1298828125,3224.72998046875,5,0,0,2013-09-16,2013-09-20,0,True,True
2013-09-27,3242.320068359375,3243.429931640625,3202.75,3230.300048828125,5,0,0,2013-09-23,2013-09-27,0,True,True
2013-10-04,3190.39990234375,3256.7099609375,3186.860107421875,3242.570068359375,5,0,0,2013-09-30,2013-10-04,0,True,True
2013-10-11,3215.77001953125,3240.110107421875,3117.68994140625,3233.830078125,5,0,0,2013-10-07,2013-10-11,0,True,True
2013-10-18,3213.3798828125,3355.6298828125,3212.050048828125,3353.8798828125,5,0,0,2013-10-14,2013-10-18,0,True,True
2013-10-25,3361.760009765625,3400.0400390625,3330.199951171875,3383.830078125,5,0,0,2013-10-21,2013-10-25,0,True,True
2013-11-01,3382.179931640625,3408.280029296875,3364.64990234375,3379.760009765625,5,0,0,2013-10-28,2013-11-01,0,True,True
2013-11-08,3388.699951171875,3401.27001953125,3318.39990234375,3366.840087890625,5,0,0,2013-11-04,2013-11-08,0,True,True
2013-11-15,3359.830078125,3422.580078125,3346.409912109375,3422.580078125,5,0,0,2013-11-11,2013-11-15,0,True,True
2013-11-22,3423.469970703125,3429.199951171875,3359.31005859375,3422.02001953125,5,0,0,2013-11-18,2013-11-22,0,True,True
2013-11-29,3433.919921875,3495.969970703125,3420.360107421875,3487.820068359375,4,0,0,2013-11-25,2013-11-29,0,True,True
2013-12-06,3496.18994140625,3511.10009765625,3453.219970703125,3504.260009765625,5,0,0,2013-12-02,2013-12-06,0,True,True
2013-12-13,3515.669921875,3524.010009765625,3449.739990234375,3456.39990234375,5,0,0,2013-12-09,2013-12-13,0,True,True
2013-12-20,3470.429931640625,3540.969970703125,3422.860107421875,3531.18994140625,5,0,0,2013-12-16,2013-12-20,0,True,True
2013-12-27,3563.18994140625,3591.31005859375,3552.300048828125,3574.02001953125,4,0,0,2013-12-23,2013-12-27,0,True,True
2014-01-03,3570.860107421875,3592,3537.610107421875,3538.72998046875,4,0,0,2013-12-30,2014-01-03,0,True,True
2014-01-10,3539.02001953125,3579.39990234375,3512.449951171875,3565.080078125,5,0,0,2014-01-06,2014-01-10,0,True,True
2014-01-17,3559.389892578125,3615.699951171875,3499.3701171875,3591.25,5,0,0,2014-01-13,2014-01-17,0,True,True
2014-01-24,3611.6298828125,3634.64990234375,3541.3798828125,3541.47998046875,4,0,0,2014-01-21,2014-01-24,0,True,True
2014-01-31,3543.5,3548.47998046875,3461.639892578125,3521.919921875,5,0,0,2014-01-27,2014-01-31,0,True,True
2014-02-07,3524.22998046875,3563.139892578125,3418.8798828125,3561.909912109375,5,0,0,2014-02-03,2014-02-07,0,True,True
2014-02-14,3558.590087890625,3671.0400390625,3557.780029296875,3663.8798828125,5,0,0,2014-02-10,2014-02-14,0,True,True
2014-02-21,3668.989990234375,3687.159912109375,3640.6298828125,3662.60009765625,4,0,0,2014-02-18,2014-02-21,0,True,True
2014-02-28,3670.070068359375,3722.3798828125,3663.75,3696.10009765625,5,0,0,2014-02-24,2014-02-28,0,True,True
2014-03-07,3657.320068359375,3738.320068359375,3637.669921875,3703.39990234375,5,0,0,2014-03-03,2014-03-07,0,True,True
2014-03-14,3702.139892578125,3725.7099609375,3626.860107421875,3627.8701171875,5,0,0,2014-03-10,2014-03-14,0,True,True
2014-03-21,3653.18994140625,3717.360107421875,3643.35009765625,3653.070068359375,5,0,0,2014-03-17,2014-03-21,0,True,True
2014-03-28,3665.3798828125,3665.580078125,3543.070068359375,3571.489990234375,5,0,0,2014-03-24,2014-03-28,0,True,True
2014-04-04,3598.080078125,3676.360107421875,3532.280029296875,3539.3798828125,5,0,0,2014-03-31,2014-04-04,0,True,True
2014-04-11,3522.2099609375,3602.35009765625,3440.550048828125,3446.85009765625,5,0,0,2014-04-07,2014-04-11,0,True,True
2014-04-18,3479.659912109375,3551.02001953125,3414.110107421875,3534.530029296875,4,0,0,2014-04-14,2014-04-17,0,True,True
2014-04-25,3543.64990234375,3613.199951171875,3525.590087890625,3533.10009765625,5,0,0,2014-04-21,2014-04-25,0,True,True
2014-05-02,3546.9599609375,3613.030029296875,3489.60009765625,3587.639892578125,5,0,0,2014-04-28,2014-05-02,0,True,True
2014-05-09,3566.260009765625,3605.260009765625,3506.35009765625,3555.699951171875,5,0,0,2014-05-05,2014-05-09,0,True,True
2014-05-16,3574.239990234375,3625.77001953125,3542.6298828125,3587.199951171875,5,0,0,2014-05-12,2014-05-16,0,True,True
2014-05-23,3577.85009765625,3678.169921875,3572.280029296875,3677.330078125,5,0,0,2014-05-19,2014-05-23,0,True,True
2014-05-30,3693.179931640625,3741.570068359375,3691.090087890625,3736.820068359375,4,0,0,2014-05-27,2014-05-30,0,True,True
2014-06-06,3740.7099609375,3795.139892578125,3707.889892578125,3794.570068359375,5,0,0,2014-06-02,2014-06-06,0,True,True
2014-06-13,3795.85009765625,3804.0400390625,3751.68994140625,3775.56005859375,5,0,0,2014-06-09,2014-06-13,0,True,True
2014-06-20,3768.3701171875,3811.239990234375,3761.419921875,3802.639892578125,5,0,0,2014-06-16,2014-06-20,0,True,True
2014-06-27,3802.25,3844.889892578125,3791.1201171875,3844.43994140625,5,0,0,2014-06-23,2014-06-27,0,True,True
2014-07-04,3844.449951171875,3923.14990234375,3841.699951171875,3923.010009765625,4,0,0,2014-06-30,2014-07-03,0,True,True
2014-07-11,3917.889892578125,3923.919921875,3837.159912109375,3904.580078125,5,0,0,2014-07-07,2014-07-11,0,True,True
2014-07-18,3923.60009765625,3947.489990234375,3866.219970703125,3939.889892578125,5,0,0,2014-07-14,2014-07-18,0,True,True
2014-07-25,3933.110107421875,3997.5,3917.739990234375,3965.169921875,5,0,0,2014-07-21,2014-07-25,0,True,True
2014-08-01,3966.31005859375,3989,3855.35009765625,3879.669921875,5,0,0,2014-07-28,2014-08-01,0,True,True
2014-08-08,3890.6298828125,3922.25,3845.199951171875,3888.090087890625,5,0,0,2014-08-04,2014-08-08,0,True,True
2014-08-15,3899.97998046875,3997.080078125,3887.580078125,3987.510009765625,5,0,0,2014-08-11,2014-08-15,0,True,True
2014-08-22,4007.18994140625,4060.89990234375,4003.4599609375,4052.75,5,0,0,2014-08-18,2014-08-22,0,True,True
2014-08-29,4073.47998046875,4082.969970703125,4054.610107421875,4082.56005859375,5,0,0,2014-08-25,2014-08-29,0,True,True
2014-09-05,4093.1201171875,4104.43017578125,4051.75,4089.919921875,4,0,0,2014-09-02,2014-09-05,0,True,True
2014-09-12,4086.52001953125,4110.85986328125,4053.110107421875,4069.22998046875,5,0,0,2014-09-08,2014-09-12,0,True,True
2014-09-19,4070.199951171875,4118.91015625,4009.97998046875,4100.08984375,5,0,0,2014-09-15,2014-09-19,0,True,True
2014-09-26,4091.8701171875,4096.27001953125,4007.6298828125,4053.719970703125,5,0,0,2014-09-22,2014-09-26,0,True,True
2014-10-03,4009.659912109375,4070.43994140625,3934.93994140625,4027.31005859375,5,0,0,2014-09-29,2014-10-03,0,True,True
2014-10-10,4041.39990234375,4048.7900390625,3870.860107421875,3870.860107421875,5,0,0,2014-10-06,2014-10-10,0,True,True
2014-10-17,3866.889892578125,3893.659912109375,3700.22998046875,3815.469970703125,5,0,0,2014-10-13,2014-10-17,0,True,True
2014-10-24,3813.60009765625,4045.18994140625,3804.969970703125,4042.02001953125,5,0,0,2014-10-20,2014-10-24,0,True,True
2014-10-31,4031.8798828125,4170.8701171875,4019.22998046875,4158.2099609375,5,0,0,2014-10-27,2014-10-31,0,True,True
2014-11-07,4160.60009765625,4179.93017578125,4126.72021484375,4160.5,5,0,0,2014-11-03,2014-11-07,0,True,True
2014-11-14,4162.58984375,4228.68017578125,4151.47998046875,4224.990234375,5,0,0,2014-11-10,2014-11-14,0,True,True
2014-11-21,4215.2900390625,4285.27001953125,4194.18017578125,4251.31982421875,5,0,0,2014-11-17,2014-11-21,0,True,True
2014-11-28,4262.08984375,4347.08984375,4258.41015625,4337.7900390625,4,0,0,2014-11-24,2014-11-28,0,True,True
2014-12-05,4323.9501953125,4332.5498046875,4274.68017578125,4311.56982421875,5,0,0,2014-12-01,2014-12-05,0,True,True
2014-12-12,4301.27001953125,4320.080078125,4199.27978515625,4199.27978515625,5,0,0,2014-12-08,2014-12-12,0,True,True
2014-12-19,4224.169921875,4300.39990234375,4089.090087890625,4281.77978515625,5,0,0,2014-12-15,2014-12-19,0,True,True
2014-12-26,4271.8701171875,4322.4501953125,4270.5400390625,4314.08984375,4,0,0,2014-12-22,2014-12-26,0,True,True
2015-01-02,4309.7001953125,4321.2001953125,4206.4599609375,4230.240234375,4,0,0,2014-12-29,2015-01-02,0,True,True
2015-01-09,4206.5498046875,4253.97021484375,4090.330078125,4213.27978515625,5,0,0,2015-01-05,2015-01-09,0,True,True
2015-01-16,4221.52001953125,4252.7001953125,4078.85009765625,4142.14013671875,5,0,0,2015-01-12,2015-01-16,0,True,True
2015-01-23,4164.43017578125,4292.8798828125,4117.14990234375,4278.14013671875,4,0,0,2015-01-20,2015-01-23,0,True,True
2015-01-30,4271.10009765625,4282.47998046875,4103.7099609375,4148.43017578125,5,0,0,2015-01-26,2015-01-30,0,True,True
2015-02-06,4162.2001953125,4271.27978515625,4094.72998046875,4228.68017578125,5,0,0,2015-02-02,2015-02-06,0,True,True
2015-02-13,4209.81005859375,4384.02978515625,4206.759765625,4384.02978515625,5,0,0,2015-02-09,2015-02-13,0,True,True
2015-02-20,4379.31982421875,4444.6201171875,4370.6298828125,4443.0498046875,4,0,0,2015-02-17,2015-02-20,0,True,True
2015-02-27,4441.259765625,4464.31005859375,4428.81982421875,4440.669921875,5,0,0,2015-02-23,2015-02-27,0,True,True
2015-03-06,4452.7998046875,4483.97021484375,4389.81982421875,4399.22998046875,5,0,0,2015-03-02,2015-03-06,0,True,True
2015-03-13,4406.8701171875,4424.22021484375,4289.2998046875,4314.89990234375,5,0,0,2015-03-09,2015-03-13,0,True,True
2015-03-20,4338.2900390625,4478.68017578125,4327.27001953125,4458.5400390625,5,0,0,2015-03-16,2015-03-20,0,True,True
2015-03-27,4454.14990234375,4467.7900390625,4280.9501953125,4332.85986328125,5,0,0,2015-03-23,2015-03-27,0,True,True
2015-04-03,4359.77978515625,4384.18017578125,4284.06005859375,4316.009765625,4,0,0,2015-03-30,2015-04-02,0,True,True
2015-04-10,4286.16015625,4422.6298828125,4283.91015625,4422.02001953125,5,0,0,2015-04-06,2015-04-10,0,True,True
2015-04-17,4428.1298828125,4448.2001953125,4333.10986328125,4351.7998046875,5,0,0,2015-04-13,2015-04-17,0,True,True
2015-04-24,4373.64990234375,4543.64013671875,4373.08984375,4536.77978515625,5,0,0,2015-04-20,2015-04-24,0,True,True
2015-05-01,4548.509765625,4562.330078125,4395.10009765625,4479.06005859375,5,0,0,2015-04-27,2015-05-01,0,True,True
2015-05-08,4491.18994140625,4510.47021484375,4349.93017578125,4458.64990234375,5,0,0,2015-05-04,2015-05-08,0,True,True
2015-05-15,4457.6201171875,4509.1298828125,4380.52001953125,4494.2900390625,5,0,0,2015-05-11,2015-05-15,0,True,True
2015-05-22,4487.14013671875,4542.4599609375,4483.759765625,4527.16015625,5,0,0,2015-05-18,2015-05-22,0,True,True
2015-05-29,4516.6298828125,4551.52978515625,4456.759765625,4508.25,4,0,0,2015-05-26,2015-05-29,0,True,True
2015-06-05,4530.02978515625,4539.35009765625,4452.31982421875,4477.18994140625,5,0,0,2015-06-01,2015-06-05,0,True,True
2015-06-12,4476.68994140625,4511.31982421875,4392.4501953125,4453.7900390625,5,0,0,2015-06-08,2015-06-12,0,True,True
2015-06-19,4416.14013671875,4540.68994140625,4396.1298828125,4513.419921875,5,0,0,2015-06-15,2015-06-19,0,True,True
2015-06-26,4541.85009765625,4561.64013671875,4469.22998046875,4484.27978515625,5,0,0,2015-06-22,2015-06-26,0,True,True
2015-07-03,4433.10986328125,4460.080078125,4377.22998046875,4433.39013671875,4,0,0,2015-06-29,2015-07-02,0,True,True
2015-07-10,4394.43994140625,4444.41015625,4344.14990234375,4420.14990234375,5,0,0,2015-07-06,2015-07-10,0,True,True
2015-07-17,4457.759765625,4661.60009765625,4456.5400390625,4661.60009765625,5,0,0,2015-07-13,2015-07-17,0,True,True
2015-07-24,4670.22998046875,4694.1298828125,4552.39990234375,4557.3701171875,5,0,0,2015-07-20,2015-07-24,0,True,True
2015-07-31,4530.3701171875,4616.47998046875,4506.18994140625,4588.91015625,5,0,0,2015-07-27,2015-07-31,0,True,True
2015-08-07,4595.259765625,4634.7001953125,4485.5,4520.080078125,5,0,0,2015-08-03,2015-08-07,0,True,True
2015-08-14,4558.68017578125,4583.6298828125,4436.5400390625,4530.740234375,5,0,0,2015-08-10,2015-08-14,0,True,True
2015-08-21,4516.8798828125,4568.58984375,4197.27001953125,4197.27001953125,5,0,0,2015-08-17,2015-08-21,0,True,True
2015-08-28,3847.1201171875,4340.7001953125,3787.22998046875,4329.1201171875,5,0,0,2015-08-24,2015-08-28,0,True,True
2015-09-04,4299.8798828125,4324.740234375,4121.830078125,4184.72021484375,5,0,0,2015-08-31,2015-09-04,0,True,True
2015-09-11,4267.39990234375,4352.9599609375,4242.47021484375,4323.22998046875,4,0,0,2015-09-08,2015-09-11,0,True,True
2015-09-18,4334.85986328125,4450.66015625,4293.77001953125,4323.85986328125,5,0,0,2015-09-14,2015-09-18,0,True,True
2015-09-25,4343.77001953125,4372.419921875,4198.10986328125,4224.740234375,5,0,0,2015-09-21,2015-09-25,0,True,True
2015-10-02,4206.68017578125,4267.4501953125,4053.1201171875,4267.4501953125,5,0,0,2015-09-28,2015-10-02,0,True,True
2015-10-09,4296.5400390625,4378.259765625,4273.7001953125,4370.009765625,5,0,0,2015-10-05,2015-10-09,0,True,True
2015-10-16,4378.64013671875,4438.75,4328.9599609375,4438.6201171875,5,0,0,2015-10-12,2015-10-16,0,True,True
2015-10-23,4428.06005859375,4645.9599609375,4409.89990234375,4624.08984375,5,0,0,2015-10-19,2015-10-23,0,True,True
2015-10-30,4621.14013671875,4681.22998046875,4606.66015625,4648.830078125,5,0,0,2015-10-26,2015-10-30,0,True,True
2015-11-06,4658.7900390625,4737.1201171875,4652.4501953125,4707.22998046875,5,0,0,2015-11-02,2015-11-06,0,True,True
2015-11-13,4687.35009765625,4694.27001953125,4499.14990234375,4502.14013671875,5,0,0,2015-11-09,2015-11-13,0,True,True
2015-11-20,4494.56005859375,4691.58984375,4486.08984375,4686.35986328125,5,0,0,2015-11-16,2015-11-20,0,True,True
2015-11-27,4689.97998046875,4706.6201171875,4621.6298828125,4680.47021484375,4,0,0,2015-11-23,2015-11-27,0,True,True
2015-12-04,4692.56982421875,4739.75,4579.91015625,4716.1201171875,5,0,0,2015-11-30,2015-12-04,0,True,True
2015-12-11,4718.5498046875,4720.81982421875,4534.0498046875,4537.56005859375,5,0,0,2015-12-07,2015-12-11,0,True,True
2015-12-18,4535.56005859375,4681.1298828125,4478.25,4514.830078125,5,0,0,2015-12-14,2015-12-18,0,True,True
2015-12-25,4547.919921875,4635.58984375,4519.81982421875,4622.77001953125,4,0,0,2015-12-21,2015-12-24,0,True,True
2016-01-01,4610.41015625,4702.740234375,4580.1298828125,4593.27001953125,4,0,0,2015-12-28,2015-12-31,0,True,True
2016-01-08,4485.06005859375,4522.1201171875,4264.81005859375,4270.77978515625,5,0,0,2016-01-04,2016-01-08,0,True,True
2016-01-15,4300.97021484375,4359.5,4085.7900390625,4141.080078125,5,0,0,2016-01-11,2016-01-15,0,True,True
2016-01-22,4199.56005859375,4260.5498046875,3992.909912109375,4259.77001953125,4,0,0,2016-01-19,2016-01-22,0,True,True
2016-01-29,4245.47021484375,4279.169921875,4111.93017578125,4279.169921875,5,0,0,2016-01-25,2016-01-29,0,True,True
2016-02-05,4254.41015625,4301.6298828125,4008.449951171875,4024.469970703125,5,0,0,2016-02-01,2016-02-05,0,True,True
2016-02-12,3947.989990234375,4045.47998046875,3888.780029296875,4019.18994140625,5,0,0,2016-02-08,2016-02-12,0,True,True
2016-02-19,4077.330078125,4212.580078125,4049.8798828125,4164.08984375,4,0,0,2016-02-16,2016-02-19,0,True,True
2016-02-26,4203.60009765625,4275.830078125,4088.1201171875,4235.6201171875,5,0,0,2016-02-22,2016-02-26,0,True,True
2016-03-04,4228.56982421875,4356.33984375,4200.14990234375,4329,5,0,0,2016-02-29,2016-03-04,0,True,True
2016-03-11,4303.81005859375,4361.830078125,4232.080078125,4361.830078125,5,0,0,2016-03-07,2016-03-11,0,True,True
2016-03-18,4347.93994140625,4420.8798828125,4339.85986328125,4410.830078125,5,0,0,2016-03-14,2016-03-18,0,True,True
2016-03-25,4403.08984375,4450.759765625,4374.7099609375,4405.52978515625,4,0,0,2016-03-21,2016-03-24,0,True,True
2016-04-01,4415.0400390625,4534.31982421875,4384.27001953125,4532.080078125,5,0,0,2016-03-28,2016-04-01,0,True,True
2016-04-08,4526.39013671875,4544.58984375,4459.56005859375,4474.93017578125,5,0,0,2016-04-04,2016-04-08,0,True,True
2016-04-15,4496.259765625,4569.72998046875,4435.0498046875,4543.16015625,5,0,0,2016-04-11,2016-04-15,0,True,True
2016-04-22,4535.2099609375,4574.3798828125,4440.14013671875,4474.18994140625,5,0,0,2016-04-18,2016-04-22,0,True,True
2016-04-29,4459.669921875,4490.06005859375,4307.10009765625,4341.2998046875,5,0,0,2016-04-25,2016-04-29,0,True,True
2016-05-06,4350.830078125,4386.97998046875,4282,4330.169921875,5,0,0,2016-05-02,2016-05-06,0,True,True
2016-05-13,4331.66015625,4407.93017578125,4312.8798828125,4326.52978515625,5,0,0,2016-05-09,2016-05-13,0,True,True
2016-05-20,4335.330078125,4395.7001953125,4284.3701171875,4362.89990234375,5,0,0,2016-05-16,2016-05-20,0,True,True
2016-05-27,4364.72998046875,4512.5400390625,4353.35986328125,4512.5400390625,5,0,0,2016-05-23,2016-05-27,0,True,True
2016-06-03,4513.85009765625,4531.35009765625,4480.7998046875,4509.7900390625,4,0,0,2016-05-31,2016-06-03,0,True,True
2016-06-10,4517.8798828125,4536.5498046875,4447.330078125,4461.0498046875,5,0,0,2016-06-06,2016-06-10,0,True,True
2016-06-17,4436.1201171875,4461.27001953125,4362.16015625,4374.3798828125,5,0,0,2016-06-13,2016-06-17,0,True,True
2016-06-24,4424.10986328125,4467.47998046875,4274.5400390625,4285.7001953125,5,0,0,2016-06-20,2016-06-24,0,True,True
2016-07-01,4247.7099609375,4453.85986328125,4179.740234375,4437.4501953125,5,0,0,2016-06-27,2016-07-01,0,True,True
2016-07-08,4414.35009765625,4529.72021484375,4375.72021484375,4528.35986328125,4,0,0,2016-07-05,2016-07-08,0,True,True
2016-07-15,4544.330078125,4607.18017578125,4544.330078125,4589.830078125,5,0,0,2016-07-11,2016-07-15,0,True,True
2016-07-22,4595.06005859375,4670.5400390625,4591.830078125,4666.06982421875,5,0,0,2016-07-18,2016-07-22,0,True,True
2016-07-29,4662.89990234375,4743.25,4648.919921875,4730.22998046875,5,0,0,2016-07-25,2016-07-29,0,True,True
2016-08-05,4734.43994140625,4799.85986328125,4689.5498046875,4791.2099609375,5,0,0,2016-08-01,2016-08-05,0,True,True
2016-08-12,4791.10009765625,4813.35986328125,4770.22021484375,4807.080078125,5,0,0,2016-08-08,2016-08-12,0,True,True
2016-08-19,4814.77001953125,4837.669921875,4772.43017578125,4806.14013671875,5,0,0,2016-08-15,2016-08-19,0,True,True
2016-08-26,4797.9501953125,4836.4501953125,4758.10009765625,4783.68994140625,5,0,0,2016-08-22,2016-08-26,0,True,True
2016-09-02,4787.93017578125,4816.7001953125,4750.240234375,4798.740234375,5,0,0,2016-08-29,2016-09-02,0,True,True
2016-09-09,4806.66015625,4839.58984375,4681.5400390625,4681.5400390625,4,0,0,2016-09-06,2016-09-09,0,True,True
2016-09-16,4656.58984375,4826.02001953125,4656.509765625,4818.0498046875,5,0,0,2016-09-12,2016-09-16,0,True,True
2016-09-23,4833.83984375,4895.5,4787.43994140625,4858.91015625,5,0,0,2016-09-19,2016-09-23,0,True,True
2016-09-30,4830.169921875,4889.22998046875,4811.27978515625,4875.7001953125,5,0,0,2016-09-26,2016-09-30,0,True,True
2016-10-07,4864.6298828125,4891.5,4840.93017578125,4864.52001953125,5,0,0,2016-10-03,2016-10-07,0,True,True
2016-10-14,4887.72998046875,4904.72021484375,4760.06982421875,4808.47998046875,5,0,0,2016-10-10,2016-10-14,0,True,True
2016-10-21,4808.47021484375,4860.68017578125,4790.4501953125,4851.85986328125,5,0,0,2016-10-17,2016-10-21,0,True,True
2016-10-28,4884.16015625,4911.759765625,4794.06982421875,4805.58984375,5,0,0,2016-10-24,2016-10-28,0,True,True
2016-11-04,4821.31005859375,4823.919921875,4647.58984375,4660.4599609375,5,0,0,2016-10-31,2016-11-04,0,True,True
2016-11-11,4737.97998046875,4855.7900390625,4685.740234375,4751.9501953125,5,0,0,2016-11-07,2016-11-11,0,True,True
2016-11-18,4752.60986328125,4840.81005859375,4677.41015625,4808.0400390625,5,0,0,2016-11-14,2016-11-18,0,True,True
2016-11-25,4822.02978515625,4884.6298828125,4819.56982421875,4870.02001953125,4,0,0,2016-11-21,2016-11-25,0,True,True
2016-12-02,4861.72998046875,4896.56982421875,4721.41015625,4739.3701171875,5,0,0,2016-11-28,2016-12-02,0,True,True
2016-12-09,4762.33984375,4897.240234375,4743.52978515625,4895.89990234375,5,0,0,2016-12-05,2016-12-09,0,True,True
2016-12-16,4878.0400390625,4960.47998046875,4854.27001953125,4914.85986328125,5,0,0,2016-12-12,2016-12-16,0,True,True
2016-12-23,4919.16015625,4963,4911.75,4940.02001953125,5,0,0,2016-12-19,2016-12-23,0,True,True
2016-12-30,4948.919921875,4992.080078125,4853.93017578125,4863.6201171875,4,0,0,2016-12-27,2016-12-30,0,True,True
2017-01-06,4900.85009765625,5020.7001953125,4884.52001953125,5007.080078125,4,0,0,2017-01-03,2017-01-06,0,True,True
2017-01-13,5013.81982421875,5066.9501953125,4995.06982421875,5059.509765625,5,0,0,2017-01-09,2017-01-13,0,True,True
2017-01-20,5043.06982421875,5085.33984375,5029.60986328125,5063.2001953125,4,0,0,2017-01-17,2017-01-20,0,True,True
2017-01-27,5055.97021484375,5172.43017578125,5035.490234375,5168.06005859375,5,0,0,2017-01-23,2017-01-27,0,True,True
2017-02-03,5146.41015625,5165.47021484375,5086.330078125,5161.60009765625,5,0,0,2017-01-30,2017-02-03,0,True,True
2017-02-10,5154.18017578125,5234.27001953125,5148.06005859375,5226.68994140625,5,0,0,2017-02-06,2017-02-10,0,True,True
2017-02-17,5242.490234375,5324.72021484375,5238.68994140625,5324.72021484375,5,0,0,2017-02-13,2017-02-17,0,True,True
2017-02-24,5334.56982421875,5358.52978515625,5304.009765625,5343.31005859375,4,0,0,2017-02-21,2017-02-24,0,True,True
2017-03-03,5330.56005859375,5398.43017578125,5316.7001953125,5373.47998046875,5,0,0,2017-02-27,2017-03-03,0,True,True
2017-03-10,5352.60986328125,5394.66015625,5336.080078125,5385.89990234375,5,0,0,2017-03-06,2017-03-10,0,True,True
2017-03-17,5387.72998046875,5426.83984375,5360.7001953125,5408.759765625,5,0,0,2017-03-13,2017-03-17,0,True,True
2017-03-24,5406.02001953125,5439.580078125,5327.25,5364,5,0,0,2017-03-20,2017-03-24,0,True,True
2017-03-31,5320.9599609375,5451.5,5316.02001953125,5436.22998046875,5,0,0,2017-03-27,2017-03-31,0,True,True
2017-04-07,5440.2001953125,5479.85986328125,5400.080078125,5418.3701171875,5,0,0,2017-04-03,2017-04-07,0,True,True
2017-04-14,5423.56982421875,5442.7099609375,5353.58984375,5353.58984375,4,0,0,2017-04-10,2017-04-13,0,True,True
2017-04-21,5369.2099609375,5455.8798828125,5367.58984375,5442.0498046875,5,0,0,2017-04-17,2017-04-21,0,True,True
2017-04-28,5503.27001953125,5600,5494.4599609375,5583.52978515625,5,0,0,2017-04-24,2017-04-28,0,True,True
2017-05-05,5602.43994140625,5646.08984375,5600.31005859375,5646.08984375,5,0,0,2017-05-01,2017-05-05,0,True,True
2017-05-12,5649.18017578125,5691.2099609375,5637.39990234375,5686.81005859375,5,0,0,2017-05-08,2017-05-12,0,True,True
2017-05-19,5687.97021484375,5724.7099609375,5568.47021484375,5651.56005859375,5,0,0,2017-05-15,2017-05-19,0,True,True
2017-05-26,5662.9501953125,5793.1298828125,5661.58984375,5788.35986328125,5,0,0,2017-05-22,2017-05-26,0,True,True
2017-06-02,5785.3798828125,5881.4599609375,5762.56005859375,5881.4599609375,4,0,0,2017-05-30,2017-06-02,0,True,True
2017-06-09,5881.22021484375,5897.68994140625,5657.759765625,5741.93994140625,5,0,0,2017-06-05,2017-06-09,0,True,True
2017-06-16,5677.16015625,5774.2001953125,5633.33984375,5681.47998046875,5,0,0,2017-06-12,2017-06-16,0,True,True
2017-06-23,5729.5400390625,5810.31005859375,5724.490234375,5803.10986328125,5,0,0,2017-06-19,2017-06-23,0,True,True
2017-06-30,5832.31005859375,5845.14990234375,5599.43994140625,5646.919921875,5,0,0,2017-06-26,2017-06-30,0,True,True
2017-07-07,5680.35986328125,5684.97998046875,5579.64013671875,5656.47021484375,4,0,0,2017-07-03,2017-07-07,0,True,True
2017-07-14,5662.7099609375,5844.7998046875,5650.259765625,5838.080078125,5,0,0,2017-07-10,2017-07-14,0,True,True
2017-07-21,5845.81982421875,5932.60986328125,5818.2001953125,5921.52978515625,5,0,0,2017-07-17,2017-07-21,0,True,True
2017-07-28,5920.93017578125,5995.77001953125,5847.0498046875,5908.919921875,5,0,0,2017-07-24,2017-07-28,0,True,True
2017-08-04,5928.68017578125,5936.14990234375,5859.6201171875,5899.91015625,5,0,0,2017-07-31,2017-08-04,0,True,True
2017-08-11,5909.4501953125,5972.93017578125,5783.35986328125,5831.52978515625,5,0,0,2017-08-07,2017-08-11,0,True,True
2017-08-18,5878.64013671875,5944.97998046875,5770.14013671875,5790.91015625,5,0,0,2017-08-14,2017-08-18,0,True,True
2017-08-25,5791.0400390625,5879,5750.5,5822.52978515625,5,0,0,2017-08-21,2017-08-25,0,True,True
2017-09-01,5839.27001953125,6009.60986328125,5785.22021484375,5987.89990234375,5,0,0,2017-08-28,2017-09-01,0,True,True
2017-09-08,5966.64013671875,5980.91015625,5890.25,5913.3701171875,4,0,0,2017-09-05,2017-09-08,0,True,True
2017-09-15,5962.35009765625,6009.4501953125,5957.85009765625,5988,5,0,0,2017-09-11,2017-09-15,0,True,True
2017-09-22,5997.509765625,6012.9501953125,5911.47998046875,5932.31982421875,5,0,0,2017-09-18,2017-09-22,0,True,True
2017-09-29,5904.06005859375,5980.22021484375,5839.89013671875,5979.2998046875,5,0,0,2017-09-25,2017-09-29,0,True,True
2017-10-06,5988.9599609375,6064.669921875,5955.830078125,6064.56982421875,5,0,0,2017-10-02,2017-10-06,0,True,True
2017-10-13,6071.9599609375,6100.06005859375,6036.72021484375,6092.4501953125,5,0,0,2017-10-09,2017-10-13,0,True,True
2017-10-20,6108.66015625,6129.490234375,6051.47021484375,6108.81982421875,5,0,0,2017-10-16,2017-10-20,0,True,True
2017-10-27,6122.240234375,6223.52001953125,6011.240234375,6213.47021484375,5,0,0,2017-10-23,2017-10-27,0,True,True
2017-11-03,6209.7998046875,6297.6201171875,6194.580078125,6295.580078125,5,0,0,2017-10-30,2017-11-03,0,True,True
2017-11-10,6292.14990234375,6346.97998046875,6248.2900390625,6309.06982421875,5,0,0,2017-11-06,2017-11-10,0,True,True
2017-11-17,6286.009765625,6352.47021484375,6227.990234375,6314.509765625,5,0,0,2017-11-13,2017-11-17,0,True,True
2017-11-24,6319.56982421875,6410.77001953125,6301.8798828125,6409.2900390625,4,0,0,2017-11-20,2017-11-24,0,True,True
2017-12-01,6409.52001953125,6426.0400390625,6244.83984375,6337.8701171875,5,0,0,2017-11-27,2017-12-01,0,True,True
2017-12-08,6380.68017578125,6380.77001953125,6234.22021484375,6344.56982421875,5,0,0,2017-12-04,2017-12-08,0,True,True
2017-12-15,6351.240234375,6470.919921875,6347.91015625,6466.31982421875,5,0,0,2017-12-11,2017-12-15,0,True,True
2017-12-22,6504.89013671875,6522.7001953125,6447.93017578125,6465.169921875,5,0,0,2017-12-18,2017-12-22,0,True,True
2017-12-29,6427.31982421875,6452.06982421875,6396.419921875,6396.419921875,4,0,0,2017-12-26,2017-12-29,0,True,True
2018-01-05,6431.58984375,6654.97998046875,6417.75,6653.2900390625,4,0,0,2018-01-02,2018-01-05,0,True,True
2018-01-12,6651.68017578125,6763.97998046875,6619.35009765625,6758.5400390625,5,0,0,2018-01-08,2018-01-12,0,True,True
2018-01-19,6807.85009765625,6843.240234375,6719.10986328125,6834.330078125,4,0,0,2018-01-16,2018-01-19,0,True,True
2018-01-26,6829.5498046875,7022.97021484375,6822.85009765625,7022.97021484375,5,0,0,2018-01-22,2018-01-26,0,True,True
2018-02-02,7000.68017578125,7020.64013671875,6756.5400390625,6760.2900390625,5,0,0,2018-01-29,2018-02-02,0,True,True
2018-02-09,6687.47021484375,6807.9599609375,6164.43017578125,6412.68017578125,5,0,0,2018-02-05,2018-02-09,0,True,True
2018-02-16,6477.0400390625,6840.60009765625,6424.2998046875,6770.66015625,5,0,0,2018-02-12,2018-02-16,0,True,True
2018-02-23,6742.14990234375,6897.52978515625,6740.47998046875,6896.60009765625,4,0,0,2018-02-20,2018-02-23,0,True,True
2018-03-02,6933.81982421875,7003.1298828125,6645.02978515625,6811.0400390625,5,0,0,2018-02-26,2018-03-02,0,True,True
2018-03-09,6777.6298828125,7101.31005859375,6753.830078125,7101.18017578125,5,0,0,2018-03-05,2018-03-09,0,True,True
2018-03-16,7122.47021484375,7186.08984375,7010.009765625,7019.9501953125,5,0,0,2018-03-12,2018-03-16,0,True,True
2018-03-23,6945.97021484375,6949.02001953125,6507.83984375,6508.08984375,5,0,0,2018-03-19,2018-03-23,0,True,True
2018-03-30,6644.39990234375,6793.5,6410.0400390625,6581.1298828125,4,0,0,2018-03-26,2018-03-29,0,True,True
2018-04-06,6528.22998046875,6632.2099609375,6322.60009765625,6433.2099609375,5,0,0,2018-04-02,2018-04-06,0,True,True
2018-04-13,6488.47998046875,6703.31005859375,6466.0400390625,6628.33984375,5,0,0,2018-04-09,2018-04-13,0,True,True
2018-04-20,6675.919921875,6856.9599609375,6633.080078125,6667.75,5,0,0,2018-04-16,2018-04-20,0,True,True
2018-04-27,6699.16015625,6750.77978515625,6426.56982421875,6656.35009765625,5,0,0,2018-04-23,2018-04-27,0,True,True
2018-05-04,6669.43994140625,6783.35986328125,6539.8701171875,6769.1201171875,5,0,0,2018-04-30,2018-05-04,0,True,True
2018-05-11,6803.4501953125,6969.2998046875,6770.2998046875,6952.56005859375,5,0,0,2018-05-07,2018-05-11,0,True,True
2018-05-18,6977.35009765625,7008.259765625,6852.72998046875,6866.25,5,0,0,2018-05-14,2018-05-18,0,True,True
2018-05-25,6920.31982421875,6982.52001953125,6846.93994140625,6960.919921875,5,0,0,2018-05-21,2018-05-25,0,True,True
2018-06-01,6928.5,7084.83984375,6887.1201171875,7083.93017578125,4,0,0,2018-05-29,2018-06-01,0,True,True
2018-06-08,7099.5,7212.4501953125,7099.08984375,7152.6201171875,5,0,0,2018-06-04,2018-06-08,0,True,True
2018-06-15,7149.64990234375,7291.31005859375,7146.08984375,7255.759765625,5,0,0,2018-06-11,2018-06-15,0,True,True
2018-06-22,7201.18017578125,7309.990234375,7138.02001953125,7197.509765625,5,0,0,2018-06-18,2018-06-22,0,True,True
2018-06-29,7131.0498046875,7144.2900390625,6950.22998046875,7040.7998046875,5,0,0,2018-06-25,2018-06-29,0,True,True
2018-07-06,6979.5400390625,7217,6969.16015625,7207.330078125,4,0,0,2018-07-02,2018-07-06,0,True,True
2018-07-13,7251.18017578125,7387.740234375,7220.22998046875,7375.81982421875,5,0,0,2018-07-09,2018-07-13,0,True,True
2018-07-20,7381.02978515625,7418.43017578125,7288.2998046875,7350.22998046875,5,0,0,2018-07-16,2018-07-20,0,True,True
2018-07-27,7335.419921875,7511.39013671875,7255.31982421875,7296.77978515625,5,0,0,2018-07-23,2018-07-27,0,True,True
2018-08-03,7292.72021484375,7395.490234375,7158.77978515625,7395.490234375,5,0,0,2018-07-30,2018-08-03,0,True,True
2018-08-10,7390.81982421875,7498.3701171875,7381.580078125,7408.2998046875,5,0,0,2018-08-06,2018-08-10,0,True,True
2018-08-17,7420.18017578125,7468.81982421875,7308.52001953125,7377.5400390625,5,0,0,2018-08-13,2018-08-17,0,True,True
2018-08-24,7393.580078125,7489.5400390625,7343.47021484375,7485.39990234375,5,0,0,2018-08-20,2018-08-24,0,True,True
2018-08-31,7527.3701171875,7691.10009765625,7512.02001953125,7654.5498046875,5,0,0,2018-08-27,2018-08-31,0,True,True
2018-09-07,7629.33984375,7643.4501953125,7400.990234375,7430.259765625,4,0,0,2018-09-04,2018-09-07,0,True,True
2018-09-14,7466.759765625,7581.2998046875,7401.72021484375,7545.5,5,0,0,2018-09-10,2018-09-14,0,True,True
2018-09-21,7522.58984375,7603.85986328125,7427.7900390625,7531.06982421875,5,0,0,2018-09-17,2018-09-21,0,True,True
2018-09-28,7477.4501953125,7657.7998046875,7447.22998046875,7627.64990234375,5,0,0,2018-09-24,2018-09-28,0,True,True
2018-10-05,7673,7700.56005859375,7327.43994140625,7399.009765625,5,0,0,2018-10-01,2018-10-05,0,True,True
2018-10-12,7356.5400390625,7430.35986328125,6892.89013671875,7157.2099609375,5,0,0,2018-10-08,2018-10-12,0,True,True
2018-10-19,7129.31005859375,7311.85009765625,7047.47021484375,7107.22998046875,5,0,0,2018-10-15,2018-10-19,0,True,True
2018-10-26,7146.02978515625,7193.72021484375,6743.77978515625,6852.39990234375,5,0,0,2018-10-22,2018-10-26,0,True,True
2018-11-02,6954.68994140625,7085.27001953125,6574.75,6965.2900390625,5,0,0,2018-10-29,2018-11-02,0,True,True
2018-11-09,6946.14990234375,7205.9599609375,6859.7998046875,7039.14990234375,5,0,0,2018-11-05,2018-11-09,0,True,True
2018-11-16,6990.3701171875,6998.7998046875,6702.419921875,6867.02001953125,5,0,0,2018-11-12,2018-11-16,0,True,True
2018-11-23,6832.25,6841.43994140625,6442.35986328125,6527.35009765625,4,0,0,2018-11-19,2018-11-23,0,True,True
2018-11-30,6616.7900390625,6951.1298828125,6590.89013671875,6949.009765625,5,0,0,2018-11-26,2018-11-30,0,True,True
2018-12-07,7106.83984375,7107,6594.5400390625,6613.27978515625,4,0,0,2018-12-03,2018-12-07,0,True,True
2018-12-14,6603.35986328125,6867.66015625,6534.330078125,6594.9599609375,5,0,0,2018-12-10,2018-12-14,0,True,True
2018-12-21,6571,6621.6298828125,6013.97998046875,6046.56005859375,5,0,0,2018-12-17,2018-12-21,0,True,True
2018-12-28,5994.080078125,6388.35986328125,5895.1201171875,6285.27001953125,4,0,0,2018-12-24,2018-12-28,0,True,True
2019-01-04,6354.85009765625,6445.2001953125,6139.39990234375,6422.669921875,4,0,0,2018-12-31,2019-01-04,0,True,True
2019-01-11,6434.5498046875,6631.06005859375,6412.97998046875,6601.39990234375,5,0,0,2019-01-07,2019-01-11,0,True,True
2019-01-18,6536.3701171875,6816.22998046875,6512.64013671875,6784.60986328125,5,0,0,2019-01-14,2019-01-18,0,True,True
2019-01-25,6736.64990234375,6800.97021484375,6584.5,6787.3701171875,4,0,0,2019-01-22,2019-01-25,0,True,True
2019-02-01,6691.83984375,6936.33984375,6613.419921875,6875.52001953125,5,0,0,2019-01-28,2019-02-01,0,True,True
2019-02-08,6876.56005859375,7034.93994140625,6836.7001953125,6913.1298828125,5,0,0,2019-02-04,2019-02-08,0,True,True
2019-02-15,6941.259765625,7073.990234375,6893.7998046875,7055.18017578125,5,0,0,2019-02-11,2019-02-15,0,True,True
2019-02-22,7033.3701171875,7096.14990234375,7001.7998046875,7090.6298828125,4,0,0,2019-02-19,2019-02-22,0,True,True
2019-03-01,7144.33984375,7161.72998046875,7045.41015625,7151.56982421875,5,0,0,2019-02-25,2019-03-01,0,True,True
2019-03-08,7193.8798828125,7205.93994140625,6940.72021484375,7015.68994140625,5,0,0,2019-03-04,2019-03-08,0,True,True
2019-03-15,7050.0498046875,7331.2998046875,7049.56005859375,7306.990234375,5,0,0,2019-03-11,2019-03-15,0,True,True
2019-03-22,7311.6298828125,7505.41015625,7293.85009765625,7326.06005859375,5,0,0,2019-03-18,2019-03-22,0,True,True
2019-03-29,7299.93017578125,7417.259765625,7252.06005859375,7378.77001953125,5,0,0,2019-03-25,2019-03-29,0,True,True
2019-04-05,7450.81005859375,7589.68994140625,7422.43994140625,7578.83984375,5,0,0,2019-04-01,2019-04-05,0,True,True
2019-04-12,7565.06005859375,7630.52001953125,7536.419921875,7628.14990234375,5,0,0,2019-04-08,2019-04-12,0,True,True
2019-04-19,7630.60009765625,7715.06982421875,7578.5400390625,7689.72021484375,4,0,0,2019-04-15,2019-04-18,0,True,True
2019-04-26,7658.3701171875,7851.97021484375,7653.89013671875,7826.68017578125,5,0,0,2019-04-22,2019-04-26,0,True,True
2019-05-03,7825.64013671875,7851.85009765625,7672.5400390625,7845.72998046875,5,0,0,2019-04-29,2019-05-03,0,True,True
2019-05-10,7662.919921875,7804.5400390625,7426.75,7586.52978515625,5,0,0,2019-05-06,2019-05-10,0,True,True
2019-05-17,7385.5498046875,7627.02978515625,7303.64013671875,7503.68017578125,5,0,0,2019-05-13,2019-05-17,0,True,True
2019-05-24,7391.72998046875,7472.7099609375,7261.4599609375,7300.9599609375,5,0,0,2019-05-20,2019-05-24,0,True,True
2019-05-31,7321.27001953125,7362.2900390625,7125.97021484375,7127.9599609375,4,0,0,2019-05-28,2019-05-31,0,True,True
2019-06-07,7110.33984375,7445.990234375,6936.68017578125,7417.2900390625,5,0,0,2019-06-03,2019-06-07,0,True,True
2019-06-14,7472.60009765625,7595.56982421875,7454.8701171875,7479.10986328125,5,0,0,2019-06-10,2019-06-14,0,True,True
2019-06-21,7500.27978515625,7772.52978515625,7492.169921875,7728.77978515625,5,0,0,2019-06-17,2019-06-21,0,True,True
2019-06-28,7737,7746.68017578125,7584.169921875,7671.080078125,5,0,0,2019-06-24,2019-06-28,0,True,True
2019-07-05,7816.56005859375,7857.68994140625,7735.669921875,7841.2998046875,4,0,0,2019-07-01,2019-07-05,0,True,True
2019-07-12,7790.4599609375,7944.080078125,7748.22998046875,7943.240234375,5,0,0,2019-07-08,2019-07-12,0,True,True
2019-07-19,7961.06982421875,7969.7900390625,7827.490234375,7834.89990234375,5,0,0,2019-07-15,2019-07-19,0,True,True
2019-07-26,7862.3798828125,8027.18017578125,7862.27001953125,8016.9501953125,5,0,0,2019-07-22,2019-07-26,0,True,True
2019-08-02,8010.0498046875,8010.0498046875,7645.18017578125,7692.7998046875,5,0,0,2019-07-29,2019-08-02,0,True,True
2019-08-09,7510.02001953125,7726.4599609375,7356.27001953125,7646.27001953125,5,0,0,2019-08-05,2019-08-09,0,True,True
2019-08-16,7597.18994140625,7778.33984375,7429.35986328125,7604.10986328125,5,0,0,2019-08-12,2019-08-16,0,True,True
2019-08-23,7715.41015625,7764.7900390625,7442.93017578125,7464.990234375,5,0,0,2019-08-19,2019-08-23,0,True,True
2019-08-30,7540.68994140625,7747.080078125,7500.22021484375,7691,5,0,0,2019-08-26,2019-08-30,0,True,True
2019-09-06,7634.02978515625,7879.97021484375,7584.81982421875,7852.5400390625,4,0,0,2019-09-03,2019-09-06,0,True,True
2019-09-13,7876.39990234375,7975.330078125,7743.60986328125,7892.9501953125,5,0,0,2019-09-09,2019-09-13,0,True,True
2019-09-20,7833.72998046875,7950.2099609375,7791.580078125,7823.5498046875,5,0,0,2019-09-16,2019-09-20,0,True,True
2019-09-27,7815.22998046875,7873.25,7626.81982421875,7681.580078125,5,0,0,2019-09-23,2019-09-27,0,True,True
2019-10-04,7705.97021484375,7821.72021484375,7463.56982421875,7754.10009765625,5,0,0,2019-09-30,2019-10-04,0,True,True
2019-10-11,7725.68017578125,7904.0498046875,7603.759765625,7843.8798828125,5,0,0,2019-10-07,2019-10-11,0,True,True
2019-10-18,7834.740234375,7981.14013671875,7827.16015625,7868.490234375,5,0,0,2019-10-14,2019-10-18,0,True,True
2019-10-25,7911.580078125,8033.2900390625,7845.08984375,8029.22021484375,5,0,0,2019-10-21,2019-10-25,0,True,True
2019-11-01,8071.39013671875,8161.97998046875,8017.919921875,8161.169921875,5,0,0,2019-10-28,2019-11-01,0,True,True
2019-11-08,8218.9296875,8271.8203125,8157.35986328125,8255.8896484375,5,0,0,2019-11-04,2019-11-08,0,True,True
2019-11-15,8212.3701171875,8315.900390625,8202.3603515625,8315.51953125,5,0,0,2019-11-11,2019-11-15,0,True,True
2019-11-22,8303.2197265625,8357.7998046875,8226.25,8272.0498046875,5,0,0,2019-11-18,2019-11-22,0,True,True
2019-11-29,8309.5498046875,8445.6103515625,8309.5498046875,8403.6796875,4,0,0,2019-11-25,2019-11-29,0,True,True
2019-12-06,8409.8701171875,8409.8701171875,8167.35986328125,8397.3701171875,5,0,0,2019-12-02,2019-12-06,0,True,True
2019-12-13,8388.75,8517.51953125,8339.3701171875,8487.7099609375,5,0,0,2019-12-09,2019-12-13,0,True,True
2019-12-20,8544.26953125,8687.66015625,8542.419921875,8678.490234375,5,0,0,2019-12-16,2019-12-20,0,True,True
2019-12-27,8703.0595703125,8811.099609375,8684.1201171875,8770.98046875,4,0,0,2019-12-23,2019-12-27,0,True,True
2020-01-03,8766.3896484375,8873.6298828125,8671.919921875,8793.900390625,4,0,0,2019-12-30,2020-01-03,0,True,True
2020-01-10,8713.8896484375,9024.8701171875,8713.8896484375,8966.6396484375,5,0,0,2020-01-06,2020-01-10,0,True,True
2020-01-17,9007.9404296875,9176.4697265625,8991.349609375,9173.73046875,5,0,0,2020-01-13,2020-01-17,0,True,True
2020-01-24,9145.6396484375,9272.3701171875,9101.4404296875,9141.4697265625,4,0,0,2020-01-21,2020-01-24,0,True,True
2020-01-31,8913.16015625,9170.2197265625,8910.9697265625,8991.509765625,5,0,0,2020-01-27,2020-01-31,0,True,True
2020-02-07,9033.51953125,9453.240234375,9031.0703125,9401.099609375,5,0,0,2020-02-03,2020-02-07,0,True,True
2020-02-14,9373.2001953125,9636.41015625,9373.2001953125,9623.580078125,5,0,0,2020-02-10,2020-02-14,0,True,True
2020-02-21,9567.2802734375,9736.5703125,9406.3798828125,9446.6904296875,4,0,0,2020-02-18,2020-02-21,0,True,True
2020-02-28,9055.2998046875,9194.91015625,8133.85009765625,8461.830078125,5,0,0,2020-02-24,2020-02-28,0,True,True
2020-03-06,8569.91015625,9000.4599609375,8319.900390625,8530.33984375,5,0,0,2020-03-02,2020-03-06,0,True,True
2020-03-13,7912.14013671875,8376.4404296875,7255.6201171875,7995.259765625,5,0,0,2020-03-09,2020-03-13,0,True,True
2020-03-20,7502.259765625,7563.4501953125,6837.52978515625,6994.2900390625,5,0,0,2020-03-16,2020-03-20,0,True,True
2020-03-27,6952.7099609375,7913.10986328125,6771.91015625,7588.3701171875,5,0,0,2020-03-23,2020-03-27,0,True,True
2020-04-03,7678.830078125,8011.60009765625,7423.97021484375,7528.10986328125,5,0,0,2020-03-30,2020-04-03,0,True,True
2020-04-10,7819.06005859375,8334.23046875,7763.08984375,8238.5302734375,4,0,0,2020-04-06,2020-04-09,0,True,True
2020-04-17,8209.6796875,8879.240234375,8158.580078125,8832.41015625,5,0,0,2020-04-13,2020-04-17,0,True,True
2020-04-24,8742.5400390625,8855.1796875,8359.83984375,8786.599609375,5,0,0,2020-04-20,2020-04-24,0,True,True
2020-05-01,8865.580078125,9025.8203125,8668.669921875,8718.1796875,5,0,0,2020-04-27,2020-05-01,0,True,True
2020-05-08,8683.9404296875,9224.490234375,8665.400390625,9220.349609375,5,0,0,2020-05-04,2020-05-08,0,True,True
2020-05-15,9155.2099609375,9354.4501953125,8860.76953125,9152.6396484375,5,0,0,2020-05-11,2020-05-15,0,True,True
2020-05-22,9281.3603515625,9515.0498046875,9248.7802734375,9413.990234375,5,0,0,2020-05-18,2020-05-22,0,True,True
2020-05-29,9570.5302734375,9573.5498046875,9182.4501953125,9555.5302734375,4,0,0,2020-05-26,2020-05-29,0,True,True
2020-06-05,9526.4296875,9846.6298828125,9511.8798828125,9824.3896484375,5,0,0,2020-06-01,2020-06-05,0,True,True
2020-06-12,9805.6904296875,10155.2001953125,9499.08984375,9663.7802734375,5,0,0,2020-06-08,2020-06-12,0,True,True
2020-06-19,9517.1396484375,10121.669921875,9489.580078125,10008.6396484375,5,0,0,2020-06-15,2020-06-19,0,True,True
2020-06-26,10009,10306.900390625,9837.740234375,9849.3603515625,5,0,0,2020-06-22,2020-06-26,0,True,True
2020-07-03,9850.5498046875,10432.5498046875,9742.8896484375,10341.8896484375,4,0,0,2020-06-29,2020-07-02,0,True,True
2020-07-10,10487.7001953125,10842.7802734375,10485.8203125,10836.330078125,5,0,0,2020-07-06,2020-07-10,0,True,True
2020-07-17,10951.5400390625,11069.259765625,10370.7900390625,10645.2197265625,5,0,0,2020-07-13,2020-07-17,0,True,True
2020-07-24,10672.9599609375,11017.4296875,10313.9404296875,10483.1298828125,5,0,0,2020-07-20,2020-07-24,0,True,True
2020-07-31,10547.1103515625,10908.33984375,10527.4296875,10905.8798828125,5,0,0,2020-07-27,2020-07-31,0,True,True
2020-08-07,11018.01953125,11282.240234375,10997.669921875,11139.3896484375,5,0,0,2020-08-03,2020-08-07,0,True,True
2020-08-14,11153.509765625,11271.2197265625,10855.0595703125,11164.4501953125,5,0,0,2020-08-10,2020-08-14,0,True,True
2020-08-21,11231.9697265625,11574.7900390625,11228.1396484375,11555.16015625,5,0,0,2020-08-17,2020-08-21,0,True,True
2020-08-28,11703.33984375,12047.990234375,11535.5498046875,11995.849609375,5,0,0,2020-08-24,2020-08-28,0,True,True
2020-09-04,12017.4599609375,12439.48046875,11145.990234375,11622.1298828125,5,0,0,2020-08-31,2020-09-04,0,True,True
2020-09-11,11143.91015625,11566.33984375,10945.2197265625,11087.400390625,4,0,0,2020-09-08,2020-09-11,0,True,True
2020-09-18,11250.7998046875,11495.400390625,10769.400390625,10936.98046875,5,0,0,2020-09-14,2020-09-18,0,True,True
2020-09-25,10768.009765625,11207.080078125,10677.849609375,11151.1298828125,5,0,0,2020-09-21,2020-09-25,0,True,True
2020-10-02,11332.3203125,11606.73046875,11225.169921875,11255.6904296875,5,0,0,2020-09-28,2020-10-02,0,True,True
2020-10-09,11345.240234375,11727.599609375,11256.259765625,11725.849609375,5,0,0,2020-10-05,2020-10-09,0,True,True
2020-10-16,11900.1201171875,12204.75,11765.490234375,11852.169921875,5,0,0,2020-10-12,2020-10-16,0,True,True
2020-10-23,11913.009765625,11962.4697265625,11529.73046875,11692.5703125,5,0,0,2020-10-19,2020-10-23,0,True,True
2020-10-30,11584.169921875,11708.080078125,10960.01953125,11052.9501953125,5,0,0,2020-10-26,2020-10-30,0,True,True
2020-11-06,11152.48046875,12117.0400390625,10957.1103515625,12091.349609375,5,0,0,2020-11-02,2020-11-06,0,True,True
2020-11-13,12194.7099609375,12268.66015625,11512.4599609375,11937.83984375,5,0,0,2020-11-09,2020-11-13,0,True,True
2020-11-20,11925.3603515625,12047.1298828125,11842.66015625,11906.4404296875,5,0,0,2020-11-16,2020-11-20,0,True,True
2020-11-27,11959.8896484375,12306.7099609375,11817.5302734375,12258.2099609375,4,0,0,2020-11-23,2020-11-27,0,True,True
2020-12-04,12278.7802734375,12538.919921875,12090.9296875,12528.48046875,5,0,0,2020-11-30,2020-12-04,0,True,True
2020-12-11,12523.5703125,12651.349609375,12226.1298828125,12375.41015625,5,0,0,2020-12-07,2020-12-11,0,True,True
2020-12-18,12427.8603515625,12793.4697265625,12426.25,12738.1796875,5,0,0,2020-12-14,2020-12-18,0,True,True
2020-12-25,12575.599609375,12761.23046875,12474.0302734375,12711.009765625,4,0,0,2020-12-21,2020-12-24,0,True,True
2021-01-01,12813.9697265625,12925.5302734375,12747.0498046875,12888.2802734375,4,0,0,2020-12-28,2020-12-31,0,True,True
2021-01-08,12950.2197265625,13113.08984375,12537.419921875,13105.2001953125,5,0,0,2021-01-04,2021-01-08,0,True,True
2021-01-15,12961.5,13037.0498046875,12758.099609375,12803.9296875,5,0,0,2021-01-11,2021-01-15,0,True,True
2021-01-22,12921.6103515625,13433.6904296875,12861.2998046875,13366.400390625,4,0,0,2021-01-19,2021-01-22,0,True,True
2021-01-29,13515.6298828125,13563.7001953125,12845.4296875,12925.3798828125,5,0,0,2021-01-25,2021-01-29,0,True,True
2021-02-05,13067.650390625,13642.9599609375,12983.099609375,13603.9599609375,5,0,0,2021-02-01,2021-02-05,0,True,True
2021-02-12,13672.330078125,13816.25,13531.9296875,13807.7001953125,5,0,0,2021-02-08,2021-02-12,0,True,True
2021-02-19,13841.0302734375,13879.76953125,13477.169921875,13580.7802734375,4,0,0,2021-02-16,2021-02-19,0,True,True
2021-02-26,13414.0400390625,13447.3701171875,12758.1201171875,12909.4404296875,5,0,0,2021-02-22,2021-02-26,0,True,True
2021-03-05,13106.01953125,13301.6201171875,12208.3896484375,12668.509765625,5,0,0,2021-03-01,2021-03-05,0,True,True
2021-03-12,12629.5595703125,13117.8603515625,12287.5703125,12937.2900390625,5,0,0,2021-03-08,2021-03-12,0,True,True
2021-03-19,12936.1298828125,13297.48046875,12704.0703125,12866.990234375,5,0,0,2021-03-15,2021-03-19,0,True,True
2021-03-26,12943.1396484375,13180.66015625,12627.9296875,12979.1201171875,5,0,0,2021-03-22,2021-03-26,0,True,True
2021-04-02,12950.509765625,13333.41015625,12798.0302734375,13329.51953125,4,0,0,2021-03-29,2021-04-01,0,True,True
2021-04-09,13434.0400390625,13849.3095703125,13420.8095703125,13845.0595703125,5,0,0,2021-04-05,2021-04-09,0,True,True
2021-04-16,13792.740234375,14050.3798828125,13747.6298828125,14041.91015625,5,0,0,2021-04-12,2021-04-16,0,True,True
2021-04-23,13970.830078125,14025.6396484375,13716.759765625,13941.4404296875,5,0,0,2021-04-19,2021-04-23,0,True,True
2021-04-30,13954.9404296875,14073.48046875,13836.099609375,13860.759765625,5,0,0,2021-04-26,2021-04-30,0,True,True
2021-05-07,13923.0400390625,13955,13396.1103515625,13719.6298828125,5,0,0,2021-05-03,2021-05-07,0,True,True
2021-05-14,13647.73046875,13648.490234375,12967.1796875,13393.1201171875,5,0,0,2021-05-10,2021-05-14,0,True,True
2021-05-21,13329.8603515625,13573.83984375,12994.349609375,13411.740234375,5,0,0,2021-05-17,2021-05-21,0,True,True
2021-05-28,13504.3896484375,13765.7998046875,13500.1201171875,13686.509765625,5,0,0,2021-05-24,2021-05-28,0,True,True
2021-06-04,13764.26953125,13784.76953125,13469.849609375,13770.76953125,4,0,0,2021-06-01,2021-06-04,0,True,True
2021-06-11,13744.150390625,13998.650390625,13710.1103515625,13998.2998046875,5,0,0,2021-06-07,2021-06-11,0,True,True
2021-06-18,14002.1396484375,14205.4296875,13843.599609375,14049.580078125,5,0,0,2021-06-14,2021-06-18,0,True,True
2021-06-25,14055.0400390625,14429.1396484375,13967.8896484375,14345.1796875,5,0,0,2021-06-21,2021-06-25,0,True,True
2021-07-02,14401.6298828125,14738.1396484375,14400.58984375,14727.6298828125,5,0,0,2021-06-28,2021-07-02,0,True,True
2021-07-09,14755.150390625,14891.1904296875,14551.759765625,14826.08984375,4,0,0,2021-07-06,2021-07-09,0,True,True
2021-07-16,14878.7099609375,15002.2802734375,14667.099609375,14681.3798828125,5,0,0,2021-07-12,2021-07-16,0,True,True
2021-07-23,14517.9599609375,15125.83984375,14455.0703125,15111.7900390625,5,0,0,2021-07-19,2021-07-23,0,True,True
2021-07-30,15088.2802734375,15142.349609375,14787.7998046875,14959.900390625,5,0,0,2021-07-26,2021-07-30,0,True,True
2021-08-06,15046.099609375,15184.26953125,14864.5302734375,15109.3603515625,5,0,0,2021-08-02,2021-08-06,0,True,True
2021-08-13,15136.1396484375,15169.4501953125,14956.25,15136.6796875,5,0,0,2021-08-09,2021-08-13,0,True,True
2021-08-20,15090.0498046875,15142.0302734375,14773.1904296875,15092.5703125,5,0,0,2021-08-16,2021-08-20,0,True,True
2021-08-27,15140.1396484375,15447.0302734375,15140.1396484375,15432.9501953125,5,0,0,2021-08-23,2021-08-27,0,True,True
2021-09-03,15460.9296875,15696.419921875,15459.740234375,15652.8603515625,5,0,0,2021-08-30,2021-09-03,0,True,True
2021-09-10,15662.2998046875,15701.400390625,15433.4296875,15440.75,4,0,0,2021-09-07,2021-09-10,0,True,True
2021-09-17,15545.66015625,15562.2802734375,15291.0400390625,15333.4697265625,5,0,0,2021-09-13,2021-09-17,0,True,True
2021-09-24,15068.650390625,15356.919921875,14821.0302734375,15329.6796875,5,0,0,2021-09-20,2021-09-24,0,True,True
2021-10-01,15205.23046875,15240.580078125,14555.1201171875,14791.8701171875,5,0,0,2021-09-27,2021-10-01,0,True,True
2021-10-08,14713.599609375,15010.3203125,14384.9296875,14820.75,5,0,0,2021-10-04,2021-10-08,0,True,True
2021-10-15,14765.6904296875,15150.1396484375,14636.330078125,15146.919921875,5,0,0,2021-10-11,2021-10-15,0,True,True
2021-10-22,15091.580078125,15497.580078125,15074.7099609375,15355.0703125,5,0,0,2021-10-18,2021-10-22,0,True,True
2021-10-29,15417.25,15856.900390625,15338.490234375,15850.4697265625,5,0,0,2021-10-25,2021-10-29,0,True,True
2021-11-05,15879.6103515625,16454.48046875,15785.3095703125,16359.3798828125,5,0,0,2021-11-01,2021-11-05,0,True,True
2021-11-12,16351.490234375,16401.9296875,15905.2802734375,16199.8896484375,5,0,0,2021-11-08,2021-11-12,0,True,True
2021-11-19,16227.009765625,16625.859375,16096.3701171875,16573.33984375,5,0,0,2021-11-15,2021-11-19,0,True,True
2021-11-26,16644.76953125,16764.859375,15988.9501953125,16025.580078125,4,0,0,2021-11-22,2021-11-26,0,True,True
2021-12-03,16263.4296875,16454.560546875,15543.3095703125,15712.0400390625,5,0,0,2021-11-29,2021-12-03,0,True,True
2021-12-10,15744.91015625,16413.279296875,15557.7802734375,16331.98046875,5,0,0,2021-12-06,2021-12-10,0,True,True
2021-12-17,16317.900390625,16340.5302734375,15664.099609375,15801.4599609375,5,0,0,2021-12-13,2021-12-17,0,True,True
2021-12-24,15566.830078125,16360.75,15508.740234375,16308.2099609375,4,0,0,2021-12-20,2021-12-23,0,True,True
2021-12-31,16361.0703125,16607.189453125,16317.259765625,16320.080078125,5,0,0,2021-12-27,2021-12-31,0,True,True
2022-01-07,16395.509765625,16513.869140625,15526.7998046875,15592.1904296875,5,0,0,2022-01-03,2022-01-07,0,True,True
2022-01-14,15383.1796875,16017.3896484375,15165.5302734375,15611.58984375,5,0,0,2022-01-10,2022-01-14,0,True,True
2022-01-21,15378.0595703125,15446.2998046875,14432.6396484375,14438.400390625,4,0,0,2022-01-18,2022-01-21,0,True,True
2022-01-28,14160.91015625,14646.5400390625,13724.849609375,14454.6103515625,5,0,0,2022-01-24,2022-01-28,0,True,True
2022-02-04,14505.0703125,15196.400390625,14442.8798828125,14694.349609375,5,0,0,2022-01-31,2022-02-04,0,True,True
2022-02-11,14716.4296875,15057.900390625,14194.5400390625,14253.83984375,5,0,0,2022-02-07,2022-02-11,0,True,True
2022-02-18,14233.400390625,14647.7900390625,13918.759765625,14009.5400390625,5,0,0,2022-02-14,2022-02-18,0,True,True
2022-02-25,13892.8095703125,14193,13065.4404296875,14189.16015625,4,0,0,2022-02-22,2022-02-25,0,True,True
2022-03-04,14058.6103515625,14342.5595703125,13738.6103515625,13837.830078125,5,0,0,2022-02-28,2022-03-04,0,True,True
2022-03-11,13853.5302734375,13879.099609375,13129.400390625,13301.830078125,5,0,0,2022-03-07,2022-03-11,0,True,True
2022-03-18,13248.08984375,14427.4697265625,13020.400390625,14420.080078125,5,0,0,2022-03-14,2022-03-18,0,True,True
2022-03-25,14377.150390625,14805.8798828125,14190.5302734375,14754.3095703125,5,0,0,2022-03-21,2022-03-25,0,True,True
2022-04-01,14763.16015625,15265.419921875,14705.919921875,14861.2099609375,5,0,0,2022-03-28,2022-04-01,0,True,True
2022-04-08,14903.3798828125,15161.8896484375,14307.6796875,14327.259765625,5,0,0,2022-04-04,2022-04-08,0,True,True
2022-04-15,14149.599609375,14264.740234375,13882.75,13893.2099609375,4,0,0,2022-04-11,2022-04-14,0,True,True
2022-04-22,13859.4697265625,14277.2099609375,13342.7900390625,13356.8701171875,5,0,0,2022-04-18,2022-04-22,0,True,True
2022-04-29,13275.41015625,13542.5595703125,12835.48046875,12854.7998046875,5,0,0,2022-04-25,2022-04-29,0,True,True
2022-05-06,12864.830078125,13556.669921875,12522.76953125,12693.5302734375,5,0,0,2022-05-02,2022-05-06,0,True,True
2022-05-13,12465.91015625,12542.3203125,11692.1201171875,12387.400390625,5,0,0,2022-05-09,2022-05-13,0,True,True
2022-05-20,12297.0703125,12572.990234375,11492.2900390625,11835.6201171875,5,0,0,2022-05-16,2022-05-20,0,True,True
2022-05-27,11867.080078125,12682.580078125,11576.1103515625,12681.419921875,5,0,0,2022-05-23,2022-05-27,0,True,True
2022-06-03,12688.9501953125,12897.6298828125,12447.76953125,12548.0302734375,4,0,0,2022-05-31,2022-06-03,0,True,True
2022-06-10,12745.8896484375,12804.4599609375,11825.349609375,11832.8203125,5,0,0,2022-06-06,2022-06-10,0,True,True
2022-06-17,11472.1904296875,11751.2900390625,11037.2099609375,11265.990234375,5,0,0,2022-06-13,2022-06-17,0,True,True
2022-06-24,11446.98046875,12112.8203125,11423.2001953125,12105.849609375,4,0,0,2022-06-21,2022-06-24,0,True,True
2022-07-01,12157.9296875,12175.98046875,11322.8603515625,11585.6796875,5,0,0,2022-06-27,2022-07-01,0,True,True
2022-07-08,11419.33984375,12179.3203125,11366.0703125,12125.6904296875,4,0,0,2022-07-05,2022-07-08,0,True,True
2022-07-15,12008.759765625,12026.0595703125,11488.26953125,11983.6201171875,5,0,0,2022-07-11,2022-07-15,0,True,True
2022-07-22,12089.6796875,12662.8603515625,11836.51953125,12396.4697265625,5,0,0,2022-07-18,2022-07-22,0,True,True
2022-07-29,12391.2099609375,12986.6396484375,12051.2099609375,12947.9697265625,5,0,0,2022-07-25,2022-07-29,0,True,True
2022-08-05,12877.0400390625,13326.7197265625,12809.009765625,13207.6904296875,5,0,0,2022-08-01,2022-08-05,0,True,True
2022-08-12,13227.08984375,13565.8701171875,12945.599609375,13565.8701171875,5,0,0,2022-08-08,2022-08-12,0,True,True
2022-08-19,13529.66015625,13720.91015625,13210.8203125,13242.900390625,5,0,0,2022-08-15,2022-08-19,0,True,True
2022-08-26,13056.3896484375,13175.25,12603.41015625,12605.169921875,5,0,0,2022-08-22,2022-08-26,0,True,True
2022-09-02,12488.4599609375,12594.33984375,12012.98046875,12098.4404296875,5,0,0,2022-08-29,2022-09-02,0,True,True
2022-09-09,12106.5703125,12610.4296875,11928.8095703125,12588.2900390625,4,0,0,2022-09-06,2022-09-09,0,True,True
2022-09-16,12649.23046875,12752.830078125,11710.259765625,11861.3798828125,5,0,0,2022-09-12,2022-09-16,0,True,True
2022-09-23,11753.599609375,12062.51953125,11169.66015625,11311.240234375,5,0,0,2022-09-19,2022-09-23,0,True,True
2022-09-30,11283.1396484375,11546.8701171875,10966.9501953125,10971.2197265625,5,0,0,2022-09-26,2022-09-30,0,True,True
2022-10-07,11059.169921875,11660.5498046875,10985.009765625,11039.4697265625,5,0,0,2022-10-03,2022-10-07,0,True,True
2022-10-14,11048.509765625,11152.8896484375,10440.6396484375,10692.0595703125,5,0,0,2022-10-10,2022-10-14,0,True,True
2022-10-21,10967.25,11374.3798828125,10959.740234375,11310.330078125,5,0,0,2022-10-17,2022-10-21,0,True,True
2022-10-28,11321.1103515625,11681.849609375,11166.490234375,11546.2099609375,5,0,0,2022-10-24,2022-10-28,0,True,True
2022-11-04,11465.2099609375,11574.3896484375,10632.3896484375,10857.0302734375,5,0,0,2022-10-31,2022-11-04,0,True,True
2022-11-11,10900.830078125,11840.0703125,10790.349609375,11817.009765625,5,0,0,2022-11-07,2022-11-11,0,True,True
2022-11-18,11728.1103515625,12024.9501953125,11519.3798828125,11677.01953125,5,0,0,2022-11-14,2022-11-18,0,True,True
2022-11-25,11623.349609375,11866.419921875,11503.33984375,11756.0302734375,4,0,0,2022-11-21,2022-11-25,0,True,True
2022-12-02,11684.0703125,12115.33984375,11450.33984375,11994.259765625,5,0,0,2022-11-28,2022-12-02,0,True,True
2022-12-09,11899.5400390625,11957.3603515625,11431.9599609375,11563.330078125,5,0,0,2022-12-05,2022-12-09,0,True,True
2022-12-16,11572.259765625,12166.41015625,11175.5400390625,11243.7197265625,5,0,0,2022-12-12,2022-12-16,0,True,True
2022-12-23,11243,11285.7802734375,10784.01953125,10985.4501953125,5,0,0,2022-12-19,2022-12-23,0,True,True
2022-12-30,10944.2998046875,10981.0595703125,10671.1904296875,10939.759765625,4,0,0,2022-12-27,2022-12-30,0,True,True
2023-01-06,11038.419921875,11093.099609375,10696.419921875,11040.349609375,4,0,0,2023-01-03,2023-01-06,0,True,True
2023-01-13,11133.0703125,11547.9599609375,11050.6796875,11541.48046875,5,0,0,2023-01-09,2023-01-13,0,True,True
2023-01-20,11531.5400390625,11690.26953125,11251.9404296875,11619.0302734375,4,0,0,2023-01-17,2023-01-20,0,True,True
2023-01-27,11652,12248.150390625,11550.0703125,12166.599609375,5,0,0,2023-01-23,2023-01-27,0,True,True
2023-02-03,12047.16015625,12880.98046875,11906.1103515625,12573.3603515625,5,0,0,2023-01-30,2023-02-03,0,True,True
2023-02-10,12468.7998046875,12771.58984375,12204.2099609375,12304.919921875,5,0,0,2023-02-06,2023-02-10,0,True,True
2023-02-17,12356.5,12689.33984375,12233.7900390625,12358.1796875,5,0,0,2023-02-13,2023-02-17,0,True,True
2023-02-24,12205.2099609375,12257.0595703125,11900.83984375,11969.650390625,4,0,0,2023-02-21,2023-02-24,0,True,True
2023-03-03,12106.7900390625,12300.4599609375,11830.08984375,12290.8095703125,5,0,0,2023-02-27,2023-03-03,0,True,True
2023-03-10,12344.650390625,12466.8798828125,11789.8603515625,11830.2802734375,5,0,0,2023-03-06,2023-03-10,0,True,True
2023-03-17,11752.099609375,12674.33984375,11695.41015625,12519.8798828125,5,0,0,2023-03-13,2023-03-17,0,True,True
2023-03-24,12487.7900390625,12943.6201171875,12407.8203125,12767.0498046875,5,0,0,2023-03-20,2023-03-24,0,True,True
2023-03-31,12797.900390625,13188.830078125,12517.8701171875,13181.349609375,5,0,0,2023-03-27,2023-03-31,0,True,True
2023-04-07,13084.099609375,13204.080078125,12846.0302734375,13062.599609375,4,0,0,2023-04-03,2023-04-06,0,True,True
2023-04-14,12936.51953125,13152.2802734375,12833.3095703125,13079.51953125,5,0,0,2023-04-10,2023-04-14,0,True,True
2023-04-21,13053.259765625,13196.1796875,12899.6396484375,13000.76953125,5,0,0,2023-04-17,2023-04-21,0,True,True
2023-04-28,12981.7099609375,13247.3896484375,12724.240234375,13245.990234375,5,0,0,2023-04-24,2023-04-28,0,True,True
2023-05-05,13229.1103515625,13291.1103515625,12938.4501953125,13259.1298828125,5,0,0,2023-05-01,2023-05-05,0,True,True
2023-05-12,13247.08984375,13427.419921875,13193.080078125,13340.1796875,5,0,0,2023-05-08,2023-05-12,0,True,True
2023-05-19,13352.259765625,13874.419921875,13297.849609375,13803.490234375,5,0,0,2023-05-15,2023-05-19,0,True,True
2023-05-26,13805.330078125,14329.490234375,13520.919921875,14298.41015625,5,0,0,2023-05-22,2023-05-26,0,True,True
2023-06-02,14465.58984375,14595.8095703125,14216.16015625,14546.6396484375,4,0,0,2023-05-30,2023-06-02,0,True,True
2023-06-09,14550.1298828125,14672.849609375,14283.8798828125,14528.3603515625,5,0,0,2023-06-05,2023-06-09,0,True,True
2023-06-16,14617.349609375,15284.650390625,14571.3603515625,15083.919921875,5,0,0,2023-06-12,2023-06-16,0,True,True
2023-06-23,15036.48046875,15127.419921875,14794.9501953125,14891.48046875,4,0,0,2023-06-20,2023-06-23,0,True,True
2023-06-30,14866.66015625,15213.75,14687.01953125,15179.2099609375,5,0,0,2023-06-26,2023-06-30,0,True,True
2023-07-07,15190.5400390625,15275.1796875,14969.1396484375,15036.849609375,4,0,0,2023-07-03,2023-07-07,0,True,True
2023-07-14,15031.9501953125,15720.0595703125,14924.6396484375,15565.599609375,5,0,0,2023-07-10,2023-07-14,0,True,True
2023-07-21,15608.2802734375,15932.0498046875,15410.5703125,15425.669921875,5,0,0,2023-07-17,2023-07-21,0,True,True
2023-07-28,15475.150390625,15795.509765625,15374.66015625,15750.9296875,5,0,0,2023-07-24,2023-07-28,0,True,True
2023-08-04,15774.2998046875,15803.5498046875,15258.6904296875,15274.919921875,5,0,0,2023-07-31,2023-08-04,0,True,True
2023-08-11,15355.6201171875,15410.849609375,14973.669921875,15028.0703125,5,0,0,2023-08-07,2023-08-11,0,True,True
2023-08-18,14988.419921875,15206.259765625,14557.830078125,14694.83984375,5,0,0,2023-08-14,2023-08-18,0,True,True
2023-08-25,14762.009765625,15279.240234375,14715.3603515625,14941.830078125,5,0,0,2023-08-21,2023-08-25,0,True,True
2023-09-01,15035.48046875,15618.849609375,14948.919921875,15490.8603515625,5,0,0,2023-08-28,2023-09-01,0,True,True
2023-09-08,15460.51953125,15556.849609375,15138.73046875,15280.23046875,4,0,0,2023-09-05,2023-09-08,0,True,True
2023-09-15,15409.76953125,15512.8203125,15173.7099609375,15202.400390625,5,0,0,2023-09-11,2023-09-15,0,True,True
2023-09-22,15161.169921875,15268.9599609375,14686.83984375,14701.099609375,5,0,0,2023-09-18,2023-09-22,0,True,True
2023-09-29,14662.6904296875,14901.849609375,14432.599609375,14715.240234375,5,0,0,2023-09-25,2023-09-29,0,True,True
2023-10-06,14717.900390625,15021.3798828125,14504.1396484375,14973.240234375,5,0,0,2023-10-02,2023-10-06,0,True,True
2023-10-13,14871.5703125,15333.98046875,14816.3203125,14995.1201171875,5,0,0,2023-10-09,2023-10-13,0,True,True
2023-10-20,15054.48046875,15209.5,14552.1201171875,14560.8798828125,5,0,0,2023-10-16,2023-10-20,0,True,True
2023-10-27,14514.1103515625,14774.16015625,14058.330078125,14180.419921875,5,0,0,2023-10-23,2023-10-27,0,True,True
2023-11-03,14283.98046875,15149.7802734375,14225.8603515625,15099.490234375,5,0,0,2023-10-30,2023-11-03,0,True,True
2023-11-10,15137.16015625,15535.2001953125,15064.91015625,15529.1201171875,5,0,0,2023-11-06,2023-11-10,0,True,True
2023-11-17,15469.2099609375,15904.6298828125,15404.7099609375,15837.990234375,5,0,0,2023-11-13,2023-11-17,0,True,True
2023-11-24,15845.2001953125,16119.3095703125,15844.830078125,15982.009765625,4,0,0,2023-11-20,2023-11-24,0,True,True
2023-12-01,15969.7197265625,16166.509765625,15825.669921875,15997.580078125,5,0,0,2023-11-27,2023-12-01,0,True,True
2023-12-08,15837.1201171875,16100.8603515625,15695.580078125,16084.6904296875,5,0,0,2023-12-04,2023-12-08,0,True,True
2023-12-15,16069.6201171875,16669.76953125,16061.8701171875,16623.44921875,5,0,0,2023-12-11,2023-12-15,0,True,True
2023-12-22,16631.109375,16860.6796875,16552.060546875,16777.400390625,5,0,0,2023-12-18,2023-12-22,0,True,True
2023-12-29,16816.779296875,16969.169921875,16757.890625,16825.9296875,4,0,0,2023-12-26,2023-12-29,0,True,True
2024-01-05,16667.30078125,16686.599609375,16249.1904296875,16305.98046875,4,0,0,2024-01-02,2024-01-05,0,True,True
2024-01-12,16354.2197265625,16900.369140625,16349.3896484375,16832.919921875,5,0,0,2024-01-08,2024-01-12,0,True,True
2024-01-19,16775.099609375,17317.2109375,16561.490234375,17314,4,0,0,2024-01-16,2024-01-19,0,True,True
2024-01-26,17403.619140625,17665.259765625,17286.01953125,17421.009765625,5,0,0,2024-01-22,2024-01-26,0,True,True
2024-02-02,17438.029296875,17682.2890625,17128.740234375,17642.73046875,5,0,0,2024-01-29,2024-02-02,0,True,True
2024-02-09,17634.689453125,17987.900390625,17469.619140625,17962.41015625,5,0,0,2024-02-05,2024-02-09,0,True,True
2024-02-16,17942.279296875,18041.44921875,17478.23046875,17685.98046875,5,0,0,2024-02-12,2024-02-16,0,True,True
2024-02-23,17591.169921875,18091.619140625,17319.439453125,17937.609375,4,0,0,2024-02-20,2024-02-23,0,True,True
2024-03-01,17970.2109375,18333.259765625,17840.359375,18302.91015625,5,0,0,2024-02-26,2024-03-01,0,True,True
2024-03-08,18290.099609375,18416.73046875,17804.5,18018.44921875,5,0,0,2024-03-04,2024-03-08,0,True,True
2024-03-15,17959.6796875,18228.369140625,17764.990234375,17808.25,5,0,0,2024-03-11,2024-03-15,0,True,True
2024-03-22,18024.240234375,18464.69921875,17809.150390625,18339.439453125,5,0,0,2024-03-18,2024-03-22,0,True,True
2024-03-29,18215.5390625,18378.69921875,18168.19921875,18254.689453125,4,0,0,2024-03-25,2024-03-28,0,True,True
2024-04-05,18280.8203125,18391.580078125,17875.75,18108.4609375,5,0,0,2024-04-01,2024-04-05,0,True,True
2024-04-12,18130.439453125,18337.150390625,17932.419921875,18003.490234375,5,0,0,2024-04-08,2024-04-12,0,True,True
2024-04-19,18143.25,18152.080078125,16973.939453125,17037.650390625,5,0,0,2024-04-15,2024-04-19,0,True,True
2024-04-26,17161.109375,17772.779296875,17010.25,17718.30078125,5,0,0,2024-04-22,2024-04-26,0,True,True
2024-05-03,17801.140625,17926.98046875,17284.369140625,17890.80078125,5,0,0,2024-04-29,2024-05-03,0,True,True
2024-05-10,17950.98046875,18247.609375,17937.279296875,18161.1796875,5,0,0,2024-05-06,2024-05-10,0,True,True
2024-05-17,18228.400390625,18669.5,18147.5703125,18546.23046875,5,0,0,2024-05-13,2024-05-17,0,True,True
2024-05-24,18559.220703125,18907.5390625,18549.83984375,18808.349609375,5,0,0,2024-05-20,2024-05-24,0,True,True
2024-05-31,18855.150390625,18875.19921875,18189.779296875,18536.650390625,4,0,0,2024-05-28,2024-05-31,0,True,True
2024-06-07,18666.720703125,19113.880859375,18392.5703125,19000.94921875,5,0,0,2024-06-03,2024-06-07,0,True,True
2024-06-14,18945.310546875,19664.58984375,18940.7109375,19659.80078125,5,0,0,2024-06-10,2024-06-14,0,True,True
2024-06-21,19681.859375,19979.9296875,19623.7109375,19700.4296875,4,0,0,2024-06-17,2024-06-21,0,True,True
2024-06-28,19648.23046875,20017.7109375,19472.529296875,19682.869140625,5,0,0,2024-06-24,2024-06-28,0,True,True
2024-07-05,19720.109375,20407,19577.5390625,20391.970703125,4,0,0,2024-07-01,2024-07-05,0,True,True
2024-07-12,20393.890625,20690.970703125,20165,20331.490234375,5,0,0,2024-07-08,2024-07-12,0,True,True
2024-07-19,20401.01953125,20585.169921875,19479.380859375,19522.619140625,5,0,0,2024-07-15,2024-07-19,0,True,True
2024-07-26,19751.01953125,19904.599609375,18721.7109375,19023.66015625,5,0,0,2024-07-22,2024-07-26,0,True,True
2024-08-02,19122.4296875,19538.970703125,18263.5,18440.849609375,5,0,0,2024-07-29,2024-08-02,0,True,True
2024-08-09,17444.400390625,18567.630859375,17435.390625,18513.099609375,5,0,0,2024-08-05,2024-08-09,0,True,True
2024-08-16,18548.23046875,19561.240234375,18433.609375,19508.51953125,5,0,0,2024-08-12,2024-08-16,0,True,True
2024-08-23,19521.9296875,19938.890625,19445.099609375,19720.869140625,5,0,0,2024-08-19,2024-08-23,0,True,True
2024-08-30,19679.240234375,19726.900390625,19221.48046875,19574.640625,5,0,0,2024-08-26,2024-08-30,0,True,True
2024-09-06,19438.109375,19438.109375,18400.970703125,18421.310546875,4,0,0,2024-09-03,2024-09-06,0,True,True
2024-09-13,18579.80078125,19556.80078125,18469.400390625,19514.58984375,5,0,0,2024-09-09,2024-09-13,0,True,True
2024-09-20,19412.7890625,19951.7890625,19294.1796875,19791.490234375,5,0,0,2024-09-16,2024-09-20,0,True,True
2024-09-27,19848.7109375,20273.30078125,19739.669921875,20008.619140625,5,0,0,2024-09-23,2024-09-27,0,True,True
2024-10-04,19959.259765625,20072.4296875,19622.2890625,20035.01953125,5,0,0,2024-09-30,2024-10-04,0,True,True
2024-10-11,19954.66015625,20314.240234375,19763.0390625,20271.970703125,5,0,0,2024-10-07,2024-10-11,0,True,True
2024-10-18,20366.060546875,20493.900390625,20036.73046875,20324.0390625,5,0,0,2024-10-14,2024-10-18,0,True,True
2024-10-25,20280.490234375,20552.8203125,19934.919921875,20352.01953125,5,0,0,2024-10-21,2024-10-25,0,True,True
2024-11-01,20455.009765625,20600.099609375,19880.259765625,20033.140625,5,0,0,2024-10-28,2024-11-01,0,True,True
2024-11-08,20011.55078125,21155,19898.5703125,21117.1796875,5,0,0,2024-11-04,2024-11-08,0,True,True
2024-11-15,21171.240234375,21182.029296875,20315.080078125,20394.130859375,5,0,0,2024-11-11,2024-11-15,0,True,True
2024-11-22,20450.2109375,20814.9296875,20401.259765625,20776.23046875,5,0,0,2024-11-18,2024-11-22,0,True,True
2024-11-29,20918.759765625,20998.490234375,20615.419921875,20930.369140625,4,0,0,2024-11-25,2024-11-29,0,True,True
2024-12-06,20971.759765625,21626.310546875,20971.759765625,21622.25,5,0,0,2024-12-02,2024-12-06,0,True,True
2024-12-13,21573.759765625,21886.740234375,21313.26953125,21780.25,5,0,0,2024-12-09,2024-12-13,0,True,True
2024-12-20,21891.359375,22133.220703125,20913.720703125,21289.150390625,5,0,0,2024-12-16,2024-12-20,0,True,True
2024-12-27,21364.259765625,21837.69921875,21224.26953125,21473.01953125,4,0,0,2024-12-23,2024-12-27,0,True,True
2025-01-03,21189.099609375,21359.630859375,20800.5,21326.16015625,4,0,0,2024-12-30,2025-01-03,0,True,True
2025-01-10,21551.1796875,21703.490234375,20718.779296875,20847.580078125,4,0,0,2025-01-06,2025-01-10,0,True,True
2025-01-17,20593.650390625,21515.759765625,20538.330078125,21441.16015625,5,0,0,2025-01-13,2025-01-17,0,True,True
2025-01-24,21557.8203125,21945.48046875,21379.060546875,21774.009765625,4,0,0,2025-01-21,2025-01-24,0,True,True
2025-01-31,21000.169921875,21846.009765625,20974.900390625,21478.05078125,5,0,0,2025-01-27,2025-01-31,0,True,True
2025-02-07,21084.640625,21869.3203125,21004.349609375,21491.310546875,5,0,0,2025-02-03,2025-02-07,0,True,True
2025-02-14,21670.060546875,22139.4296875,21454.189453125,22114.689453125,5,0,0,2025-02-10,2025-02-14,0,True,True
2025-02-21,22176.009765625,22222.609375,21597.16015625,21614.080078125,4,0,0,2025-02-18,2025-02-21,0,True,True
2025-02-28,21669.359375,21727.580078125,20407.44921875,20884.41015625,5,0,0,2025-02-24,2025-02-28,0,True,True
2025-03-07,20989.580078125,21073.80078125,19736.810546875,20201.369140625,5,0,0,2025-03-03,2025-03-07,0,True,True
2025-03-14,19826.9609375,19867.080078125,19152.5703125,19704.640625,5,0,0,2025-03-10,2025-03-14,0,True,True
2025-03-21,19670.689453125,19943.810546875,19397.080078125,19753.970703125,5,0,0,2025-03-17,2025-03-21,0,True,True
2025-03-28,20041.2109375,20292.189453125,19241.5390625,19281.400390625,5,0,0,2025-03-24,2025-03-28,0,True,True
2025-04-04,18998.5390625,19707.33984375,17387.830078125,17397.69921875,5,0,0,2025-03-31,2025-04-04,0,True,True
2025-04-11,16771.76953125,19234.01953125,16542.19921875,18690.05078125,5,0,0,2025-04-07,2025-04-11,0,True,True
2025-04-18,19095.490234375,19115.150390625,17995.9609375,18258.08984375,4,0,0,2025-04-14,2025-04-17,0,True,True
2025-04-25,18023.009765625,19447.560546875,17592.919921875,19432.560546875,5,0,0,2025-04-21,2025-04-25,0,True,True
2025-05-02,19432.720703125,20176.599609375,19011.98046875,20102.609375,5,0,0,2025-04-28,2025-05-02,0,True,True
2025-05-09,19928.8203125,20249.759765625,19605.0703125,20061.44921875,5,0,0,2025-05-05,2025-05-09,0,True,True
2025-05-16,20818.779296875,21443.880859375,20613.26953125,21427.939453125,5,0,0,2025-05-12,2025-05-16,0,True,True
2025-05-23,21138.130859375,21482.98046875,20777.970703125,20915.66015625,5,0,0,2025-05-19,2025-05-23,0,True,True
2025-05-30,21201.44921875,21611.5390625,21032.560546875,21340.990234375,4,0,0,2025-05-27,2025-05-30,0,True,True
2025-06-06,21270.5703125,21891.890625,21199.369140625,21761.7890625,5,0,0,2025-06-02,2025-06-06,0,True,True
2025-06-13,21779.1796875,22041.830078125,21591.109375,21631.0390625,5,0,0,2025-06-09,2025-06-13,0,True,True
2025-06-20,21783.080078125,21979.76953125,21552.810546875,21626.390625,4,0,0,2025-06-16,2025-06-20,0,True,True
2025-06-27,21632.779296875,22603.220703125,21532.3203125,22534.19921875,5,0,0,2025-06-23,2025-06-27,0,True,True
2025-07-04,22632.919921875,22896.009765625,22388.08984375,22866.970703125,4,0,0,2025-06-30,2025-07-03,0,True,True
2025-07-11,22754.380859375,22915.330078125,22587.470703125,22780.599609375,5,0,0,2025-07-07,2025-07-11,0,True,True
2025-07-18,22780.189453125,23153.2109375,22669.369140625,23065.470703125,5,0,0,2025-07-14,2025-07-18,0,True,True
2025-07-25,23124.970703125,23326.30078125,22953.849609375,23272.25,5,0,0,2025-07-21,2025-07-25,0,True,True
2025-08-01,23343.130859375,23589.369140625,22673.880859375,22763.310546875,5,0,0,2025-07-28,2025-08-01,0,True,True
2025-08-08,22986.76953125,23619.240234375,22973.599609375,23611.26953125,5,0,0,2025-08-04,2025-08-08,0,True,True
2025-08-15,23629.01953125,23969.279296875,23484.25,23712.0703125,5,0,0,2025-08-11,2025-08-15,0,True,True
2025-08-22,23692.130859375,23733.5,22959.69921875,23498.119140625,5,0,0,2025-08-18,2025-08-22,0,True,True
2025-08-29,23454.279296875,23741.23046875,23353.9609375,23415.419921875,5,0,0,2025-08-25,2025-08-29,0,True,True
2025-09-05,23020.470703125,23860.25,22977.880859375,23652.439453125,4,0,0,2025-09-02,2025-09-05,0,True,True
2025-09-12,23759.619140625,24137.060546875,23698,24092.189453125,5,0,0,2025-09-08,2025-09-12,0,True,True
2025-09-19,24178.599609375,24641.9296875,23999.75,24626.25,5,0,0,2025-09-15,2025-09-19,0,True,True
2025-09-26,24588.1796875,24781.73046875,24186.369140625,24503.849609375,5,0,0,2025-09-22,2025-09-26,0,True,True
2025-10-03,24629.01953125,24958.259765625,24505.140625,24785.51953125,5,0,0,2025-09-29,2025-10-03,0,True,True
2025-10-10,24986.259765625,25195.279296875,24207.150390625,24221.740234375,5,0,0,2025-10-06,2025-10-10,0,True,True
2025-10-17,24625.740234375,24998.30078125,24256.279296875,24817.94921875,5,0,0,2025-10-13,2025-10-17,0,True,True
2025-10-24,24991.099609375,25418.640625,24652.109375,25358.16015625,5,0,0,2025-10-20,2025-10-24,0,True,True
2025-10-31,25701.94921875,26182.099609375,25656.380859375,25858.130859375,5,0,0,2025-10-27,2025-10-31,0,True,True
2025-11-07,26114.109375,26132.869140625,24603.779296875,25059.810546875,5,0,0,2025-11-03,2025-11-07,0,True,True
2025-11-14,25418.169921875,25663.169921875,24534.900390625,25008.240234375,5,0,0,2025-11-10,2025-11-14,0,True,True
2025-11-21,24890.099609375,25222.94921875,23854.029296875,24239.5703125,5,0,0,2025-11-17,2025-11-21,0,True,True
2025-11-28,24462.869140625,25435.76953125,24455.650390625,25434.890625,4,0,0,2025-11-24,2025-11-28,0,True,True
2025-12-05,25232.75,25827.080078125,25158.630859375,25692.05078125,5,0,0,2025-12-01,2025-12-05,0,True,True
2025-12-12,25758.8203125,25835.029296875,25104.6796875,25196.73046875,5,0,0,2025-12-08,2025-12-12,0,True,True
2025-12-19,25352.869140625,25377.619140625,24647.609375,25346.1796875,5,0,0,2025-12-15,2025-12-19,0,True,True
2025-12-26,25527.6796875,25716.7109375,25401.58984375,25644.390625,4,0,0,2025-12-22,2025-12-26,0,True,True
2026-01-02,25462.25,25598.140625,25086.359375,25206.169921875,4,0,0,2025-12-29,2026-01-02,0,True,True
2026-01-09,25471.7890625,25813.169921875,25354.66015625,25766.259765625,5,0,0,2026-01-05,2026-01-09,0,True,True
2026-01-16,25616.810546875,25873.1796875,25266.19921875,25529.259765625,5,0,0,2026-01-12,2026-01-16,0,True,True
2026-01-23,25155.029296875,25709.740234375,24954.1796875,25605.470703125,4,0,0,2026-01-20,2026-01-23,0,True,True
2026-01-30,25631.009765625,26165.080078125,25418.5390625,25552.390625,5,0,0,2026-01-26,2026-01-30,0,True,True
2026-02-06,25491.640625,25840.0390625,24455.400390625,25075.76953125,5,0,0,2026-02-02,2026-02-06,0,True,True
2026-02-13,24953.6796875,25382.83984375,24514.9609375,24732.73046875,5,0,0,2026-02-09,2026-02-13,0,True,True
2026-02-20,24567.5390625,25077.560546875,24387.470703125,25012.619140625,4,0,0,2026-02-17,2026-02-20,0,True,True
2026-02-27,24935.51953125,25343.970703125,24618.23046875,24960.0390625,5,0,0,2026-02-23,2026-02-27,0,True,True
2026-03-06,24599.41015625,25179.359375,24315.83984375,24643.01953125,5,0,0,2026-03-02,2026-03-06,0,True,True
2026-03-13,24429.669921875,25189.169921875,24289.220703125,24380.73046875,5,0,0,2026-03-09,2026-03-13,0,True,True
2026-03-20,24646.1796875,24884.6796875,23759.970703125,23898.150390625,5,0,0,2026-03-16,2026-03-20,0,True,True
2026-03-27,24270.76953125,24465.16015625,23088.990234375,23132.76953125,5,0,0,2026-03-23,2026-03-27,0,True,True
2026-04-03,23307.75,24162.6796875,22841.419921875,24045.529296875,4,0,0,2026-03-30,2026-04-02,0,True,True
2026-04-10,24143.01953125,25226.060546875,23779.849609375,25116.33984375,5,0,0,2026-04-06,2026-04-10,0,True,True
2026-04-17,25069.0703125,26719.560546875,24999.19921875,26672.4296875,5,0,0,2026-04-13,2026-04-17,0,True,True
2026-04-24,26662.3203125,27314.2109375,26405.30078125,27303.669921875,5,0,0,2026-04-20,2026-04-24,0,True,True
2026-05-01,27278.279296875,27787.119140625,26877.58984375,27710.359375,5,0,0,2026-04-27,2026-05-01,0,True,True
2026-05-08,27731.33984375,29234.990234375,27504.08984375,29234.990234375,5,0,0,2026-05-04,2026-05-08,0,True,True
2026-05-15,29185.830078125,29678.890625,28628.640625,29125.19921875,5,0,0,2026-05-11,2026-05-15,0,True,True
2026-05-22,29246.19921875,29663.890625,28567.16015625,29481.640625,5,0,0,2026-05-18,2026-05-22,0,True,True
2026-05-29,29854.580078125,30470.029296875,29753.08984375,30333.1796875,4,0,0,2026-05-26,2026-05-29,0,True,True
2026-06-05,30295.25,30762.19921875,28929.880859375,28957.599609375,5,0,0,2026-06-01,2026-06-05,0,True,True
2026-06-12,29482.189453125,29805.30078125,28196.900390625,29635.94921875,5,0,0,2026-06-08,2026-06-12,0,True,True
2026-06-19,30289.970703125,30587.16015625,29604.9296875,30406.189453125,4,0,0,2026-06-15,2026-06-18,0,True,True
2026-06-26,30529.990234375,30642.5703125,28890.740234375,29118.240234375,5,0,0,2026-06-22,2026-06-26,0,True,True
2026-07-03,29310.259765625,30328.7890625,28991.51953125,29329.2109375,4,0,0,2026-06-29,2026-07-02,0,True,True
2026-07-10,29575.5703125,29856.939453125,28814.5703125,29825.109375,5,0,0,2026-07-06,2026-07-10,0,True,True
2026-07-17,29471.01953125,29771.890625,28231.3203125,28592.66015625,5,0,0,2026-07-13,2026-07-17,0,True,True
2026-07-24,28871.16015625,29192.2890625,28053.080078125,28128.33984375,5,0,0,2026-07-20,2026-07-24,0,True,True
2026-07-31,28412.310546875,28606.779296875,27176.029296875,28274.19921875,5,0,0,2026-07-27,2026-07-31,0,True,True
2026-08-07,28278.58984375,29946.939453125,28196.880859375,29722.30078125,5,0,0,2026-08-03,2026-08-07,0,True,True
2026-08-14,29709.490234375,30179.8203125,29427.609375,30046.140625,5,0,0,2026-08-10,2026-08-14,0,True,True
2026-08-21,30150.779296875,30195.720703125,29118.0703125,29308.859375,5,0,0,2026-08-17,2026-08-21,0,True,True
2026-08-28,29094.720703125,29752.779296875,28875.9609375,29433.4296875,5,0,0,2026-08-24,2026-08-28,0,True,True
2026-09-04,29404.2890625,29655.220703125,28953.259765625,29544.150390625,5,0,0,2026-08-31,2026-09-04,0,True,True
