week,open,high,low,close,source_rows,bad_hlc,bad_ohlc,first_date,last_date,null_rows,valid_hlc,valid_ohlc
1982-04-30,118.94000244140625,119.33000183105469,116.06999969482422,116.44000244140625,5,0,0,1982-04-26,1982-04-30,0,True,True
1982-05-07,115.95999908447266,119.88999938964844,115.91000366210938,119.47000122070312,5,0,0,1982-05-03,1982-05-07,0,True,True
1982-05-14,119.08000183105469,119.91999816894531,118.01000213623047,118.01000213623047,5,0,0,1982-05-10,1982-05-14,0,True,True
1982-05-21,117.62000274658203,118.01999664306641,114.37000274658203,114.88999938964844,5,0,0,1982-05-17,1982-05-21,0,True,True
1982-05-28,114.45999908447266,115.51000213623047,111.66000366210938,111.87999725341797,5,0,0,1982-05-24,1982-05-28,0,True,True
1982-06-04,111.97000122070312,112.48000335693359,110.01999664306641,110.08999633789062,4,0,0,1982-06-01,1982-06-04,0,True,True
1982-06-11,109.58999633789062,111.48000335693359,108.52999877929688,111.23999786376953,5,0,0,1982-06-07,1982-06-11,0,True,True
1982-06-18,110.5,111.22000122070312,107.06999969482422,107.27999877929688,5,0,0,1982-06-14,1982-06-18,0,True,True
1982-06-25,107.27999877929688,110.91999816894531,107.01000213623047,109.13999938964844,5,0,0,1982-06-21,1982-06-25,0,True,True
1982-07-02,109.30000305175781,111,107.59999847412109,107.65000152587891,5,0,0,1982-06-28,1982-07-02,0,True,True
1982-07-09,107.26999664306641,108.97000122070312,105.56999969482422,108.83000183105469,4,0,0,1982-07-06,1982-07-09,0,True,True
1982-07-16,109.48000335693359,111.48000335693359,108.88999938964844,111.06999969482422,5,0,0,1982-07-12,1982-07-16,0,True,True
1982-07-23,111.75,112.38999938964844,110.34999847412109,111.16999816894531,5,0,0,1982-07-19,1982-07-23,0,True,True
1982-07-30,110.66000366210938,111.16000366210938,106.62000274658203,107.08999633789062,5,0,0,1982-07-26,1982-07-30,0,True,True
1982-08-06,107.70999908447266,109.43000030517578,103.66999816894531,103.70999908447266,5,0,0,1982-08-02,1982-08-06,0,True,True
1982-08-13,103.69000244140625,103.84999847412109,102.19999694824219,103.84999847412109,5,0,0,1982-08-09,1982-08-13,0,True,True
1982-08-20,103.86000061035156,113.01999664306641,103.86000061035156,113.01999664306641,5,0,0,1982-08-16,1982-08-20,0,True,True
1982-08-27,113.01999664306641,120.26000213623047,112.65000152587891,117.11000061035156,5,0,0,1982-08-23,1982-08-27,0,True,True
1982-09-03,117.05000305175781,123.63999938964844,115.79000091552734,122.68000030517578,5,0,0,1982-08-30,1982-09-03,0,True,True
1982-09-10,122.68000030517578,123.22000122070312,120.26999664306641,120.97000122070312,4,0,0,1982-09-07,1982-09-10,0,True,True
1982-09-17,120.94000244140625,124.87999725341797,120.25,122.55000305175781,5,0,0,1982-09-13,1982-09-17,0,True,True
1982-09-24,122.54000091552734,126.43000030517578,121.48000335693359,123.31999969482422,5,0,0,1982-09-20,1982-09-24,0,True,True
1982-10-01,123.31999969482422,124.16000366210938,120.13999938964844,121.97000122070312,5,0,0,1982-09-27,1982-10-01,0,True,True
1982-10-08,121.97000122070312,131.11000061035156,120.55999755859375,131.05000305175781,5,0,0,1982-10-04,1982-10-08,0,True,True
1982-10-15,131.05999755859375,137.97000122070312,131.05999755859375,133.57000732421875,5,0,0,1982-10-11,1982-10-15,0,True,True
1982-10-22,133.58999633789062,140.39999389648438,133.58999633789062,138.83000183105469,5,0,0,1982-10-18,1982-10-22,0,True,True
1982-10-29,138.80999755859375,138.80999755859375,131.5,133.72000122070312,5,0,0,1982-10-25,1982-10-29,0,True,True
1982-11-05,133.72000122070312,143.99000549316406,133.22000122070312,142.16000366210938,5,0,0,1982-11-01,1982-11-05,0,True,True
1982-11-12,142.1199951171875,144.36000061035156,139.52999877929688,139.52999877929688,5,0,0,1982-11-08,1982-11-12,0,True,True
1982-11-19,139.53999328613281,139.53999328613281,134.05000305175781,137.02000427246094,5,0,0,1982-11-15,1982-11-19,0,True,True
1982-11-26,137.02999877929688,137.10000610351562,132.88999938964844,134.8800048828125,4,0,0,1982-11-22,1982-11-26,0,True,True
1982-12-03,134.88999938964844,140.3699951171875,133.69000244140625,138.69000244140625,5,0,0,1982-11-29,1982-12-03,0,True,True
1982-12-10,138.69999694824219,143.67999267578125,138.00999450683594,139.57000732421875,5,0,0,1982-12-06,1982-12-10,0,True,True
1982-12-17,139.57000732421875,142.5,134.78999328613281,137.49000549316406,5,0,0,1982-12-13,1982-12-17,0,True,True
1982-12-24,137.49000549316406,139.94000244140625,136.07000732421875,139.72000122070312,4,0,0,1982-12-20,1982-12-23,0,True,True
1982-12-31,139.72999572753906,142.33999633789062,139.72000122070312,140.63999938964844,5,0,0,1982-12-27,1982-12-31,0,True,True
1983-01-07,140.64999389648438,146.46000671386719,138.08000183105469,145.17999267578125,5,0,0,1983-01-03,1983-01-07,0,True,True
1983-01-14,145.19000244140625,148.36000061035156,144.58000183105469,146.64999389648438,5,0,0,1983-01-10,1983-01-14,0,True,True
1983-01-21,146.64999389648438,147.89999389648438,143.25,143.85000610351562,5,0,0,1983-01-17,1983-01-21,0,True,True
1983-01-28,143.83999633789062,145.47000122070312,139.10000610351562,144.50999450683594,5,0,0,1983-01-24,1983-01-28,0,True,True
1983-02-04,144.50999450683594,146.13999938964844,141.89999389648438,146.13999938964844,5,0,0,1983-01-31,1983-02-04,0,True,True
1983-02-11,146.13999938964844,148.80999755859375,144.08999633789062,147.64999389648438,5,0,0,1983-02-07,1983-02-11,0,True,True
1983-02-18,147.71000671386719,149.41000366210938,143.83999633789062,148,5,0,0,1983-02-14,1983-02-18,0,True,True
1983-02-25,148.00999450683594,150.8800048828125,145.39999389648438,149.74000549316406,4,0,0,1983-02-22,1983-02-25,0,True,True
1983-03-04,149.74000549316406,154.16000366210938,147.80999755859375,153.66999816894531,5,0,0,1983-02-28,1983-03-04,0,True,True
1983-03-11,153.66999816894531,154.00999450683594,150.64999389648438,151.24000549316406,5,0,0,1983-03-07,1983-03-11,0,True,True
1983-03-18,151.27999877929688,151.6199951171875,149.1199951171875,149.89999389648438,5,0,0,1983-03-14,1983-03-18,0,True,True
1983-03-25,149.82000732421875,153.77999877929688,149.32000732421875,152.66999816894531,5,0,0,1983-03-21,1983-03-25,0,True,True
1983-04-01,152.66999816894531,155.02000427246094,151.41999816894531,152.96000671386719,4,0,0,1983-03-28,1983-03-31,0,True,True
1983-04-08,152.91999816894531,153.91999816894531,150.16999816894531,152.85000610351562,5,0,0,1983-04-04,1983-04-08,0,True,True
1983-04-15,152.8699951171875,158.75,152.8699951171875,158.75,5,0,0,1983-04-11,1983-04-15,0,True,True
1983-04-22,158.75,161.08000183105469,158.41000366210938,160.41999816894531,5,0,0,1983-04-18,1983-04-22,0,True,True
1983-04-29,160.42999267578125,164.42999267578125,158.07000732421875,164.42999267578125,5,0,0,1983-04-25,1983-04-29,0,True,True
1983-05-06,164.41000366210938,166.99000549316406,160.80000305175781,166.10000610351562,5,0,0,1983-05-02,1983-05-06,0,True,True
1983-05-13,166.10000610351562,166.46000671386719,163.82000732421875,164.91000366210938,5,0,0,1983-05-09,1983-05-13,0,True,True
1983-05-20,164.89999389648438,165.17999267578125,161.25,162.13999938964844,5,0,0,1983-05-16,1983-05-20,0,True,True
1983-05-27,162.05999755859375,166.38999938964844,160.28999328613281,164.46000671386719,5,0,0,1983-05-23,1983-05-27,0,True,True
1983-06-03,164.44000244140625,164.78999328613281,161.33000183105469,164.41999816894531,4,0,0,1983-05-31,1983-06-03,0,True,True
1983-06-10,164.42999267578125,165.08999633789062,160.80000305175781,162.67999267578125,5,0,0,1983-06-06,1983-06-10,0,True,True
1983-06-17,162.69999694824219,169.63999938964844,162.69999694824219,169.1300048828125,5,0,0,1983-06-13,1983-06-17,0,True,True
1983-06-24,169.1300048828125,171.60000610351562,168.25,170.41000366210938,5,0,0,1983-06-20,1983-06-24,0,True,True
1983-07-01,170.39999389648438,170.46000671386719,165.42999267578125,168.63999938964844,5,0,0,1983-06-27,1983-07-01,0,True,True
1983-07-08,166.55000305175781,169.14999389648438,165.80000305175781,167.08000183105469,4,0,0,1983-07-05,1983-07-08,0,True,True
1983-07-15,167.08999633789062,168.11000061035156,164.02999877929688,164.28999328613281,5,0,0,1983-07-11,1983-07-15,0,True,True
1983-07-22,164.27999877929688,169.80000305175781,163.30000305175781,168.88999938964844,5,0,0,1983-07-18,1983-07-22,0,True,True
1983-07-29,167.66999816894531,170.72000122070312,161.5,162.55999755859375,5,0,0,1983-07-25,1983-07-29,0,True,True
1983-08-05,162.33999633789062,163.44000244140625,159.6300048828125,161.74000549316406,5,0,0,1983-08-01,1983-08-05,0,True,True
1983-08-12,161.72999572753906,162.60000610351562,158.5,162.16000366210938,5,0,0,1983-08-08,1983-08-12,0,True,True
1983-08-19,162.22000122070312,165.91000366210938,162.22000122070312,163.97999572753906,5,0,0,1983-08-15,1983-08-19,0,True,True
1983-08-26,164.17999267578125,165.63999938964844,159.96000671386719,162.13999938964844,5,0,0,1983-08-22,1983-08-26,0,True,True
1983-09-02,162.13999938964844,165.07000732421875,160.97000122070312,165,5,0,0,1983-08-29,1983-09-02,0,True,True
1983-09-09,165.19999694824219,168.47999572753906,165.02999877929688,166.91999816894531,4,0,0,1983-09-06,1983-09-09,0,True,True
1983-09-16,166.94999694824219,169.19999694824219,164.16999816894531,166.25,5,0,0,1983-09-12,1983-09-16,0,True,True
1983-09-23,166.27000427246094,170.16999816894531,166.25999450683594,169.50999450683594,5,0,0,1983-09-19,1983-09-23,0,True,True
1983-09-30,169.52999877929688,170.41000366210938,165.6300048828125,166.07000732421875,5,0,0,1983-09-26,1983-09-30,0,True,True
1983-10-07,165.99000549316406,171.10000610351562,164.92999267578125,170.80000305175781,5,0,0,1983-10-03,1983-10-07,0,True,True
1983-10-14,170.77000427246094,172.64999389648438,169.1300048828125,169.86000061035156,5,0,0,1983-10-10,1983-10-14,0,True,True
1983-10-21,169.85000610351562,171.17999267578125,164.97999572753906,165.94999694824219,5,0,0,1983-10-17,1983-10-21,0,True,True
1983-10-28,165.85000610351562,167.14999389648438,163.22999572753906,163.3699951171875,5,0,0,1983-10-24,1983-10-28,0,True,True
1983-11-04,163.3699951171875,165.21000671386719,162.22000122070312,162.44000244140625,5,0,0,1983-10-31,1983-11-04,0,True,True
1983-11-11,162.41999816894531,166.30000305175781,161.6300048828125,166.28999328613281,5,0,0,1983-11-07,1983-11-11,0,True,True
1983-11-18,166.28999328613281,167.58000183105469,164.5,165.08999633789062,5,0,0,1983-11-14,1983-11-18,0,True,True
1983-11-25,165.03999328613281,167.25999450683594,165,167.17999267578125,4,0,0,1983-11-21,1983-11-25,0,True,True
1983-12-02,167.19999694824219,168.07000732421875,165.25,165.44000244140625,5,0,0,1983-11-28,1983-12-02,0,True,True
1983-12-09,165.44000244140625,166.33999633789062,164.5,165.08000183105469,5,0,0,1983-12-05,1983-12-09,0,True,True
1983-12-16,165.1300048828125,165.6300048828125,161.58000183105469,162.38999938964844,5,0,0,1983-12-12,1983-12-16,0,True,True
1983-12-23,162.33999633789062,164.17999267578125,161.63999938964844,163.22000122070312,5,0,0,1983-12-19,1983-12-23,0,True,True
1983-12-30,163.22000122070312,165.83999633789062,163.22000122070312,164.92999267578125,4,0,0,1983-12-27,1983-12-30,0,True,True
1984-01-06,164.92999267578125,169.30999755859375,163.97999572753906,169.27999877929688,4,0,0,1984-01-03,1984-01-06,0,True,True
1984-01-13,169.17999267578125,169.53999328613281,166.63999938964844,167.02000427246094,5,0,0,1984-01-09,1984-01-13,0,True,True
1984-01-20,167.02000427246094,168.33999633789062,165.8699951171875,166.21000671386719,5,0,0,1984-01-16,1984-01-20,0,True,True
1984-01-27,166.21000671386719,167.1199951171875,163.07000732421875,163.94000244140625,5,0,0,1984-01-23,1984-01-27,0,True,True
1984-02-03,164.39999389648438,164.66999816894531,160.82000732421875,160.91000366210938,5,0,0,1984-01-30,1984-02-03,0,True,True
1984-02-10,160.91000366210938,160.91000366210938,154.30000305175781,156.30000305175781,5,0,0,1984-02-06,1984-02-10,0,True,True
1984-02-17,156.30000305175781,157.47999572753906,154.1300048828125,155.74000549316406,5,0,0,1984-02-13,1984-02-17,0,True,True
1984-02-24,155.71000671386719,157.50999450683594,152.1300048828125,157.50999450683594,4,0,0,1984-02-21,1984-02-24,0,True,True
1984-03-02,157.50999450683594,159.89999389648438,156.41000366210938,159.24000549316406,5,0,0,1984-02-27,1984-03-02,0,True,True
1984-03-09,159.24000549316406,159.24000549316406,153.77000427246094,154.35000610351562,5,0,0,1984-03-05,1984-03-09,0,True,True
1984-03-16,154.35000610351562,160.44999694824219,154.35000610351562,159.27000427246094,5,0,0,1984-03-12,1984-03-16,0,True,True
1984-03-23,159.27000427246094,159.27000427246094,156.02000427246094,156.86000061035156,5,0,0,1984-03-19,1984-03-23,0,True,True
1984-03-30,156.86000061035156,160.46000671386719,156.30999755859375,159.17999267578125,5,0,0,1984-03-26,1984-03-30,0,True,True
1984-04-06,159.17999267578125,159.8699951171875,154.1199951171875,155.47999572753906,5,0,0,1984-04-02,1984-04-06,0,True,True
1984-04-13,155.47999572753906,158.8699951171875,154.16999816894531,157.30999755859375,5,0,0,1984-04-09,1984-04-13,0,True,True
1984-04-20,157.30999755859375,159.58999633789062,156.49000549316406,158.02000427246094,4,0,0,1984-04-16,1984-04-19,0,True,True
1984-04-27,158.02000427246094,160.69000244140625,156.61000061035156,159.88999938964844,5,0,0,1984-04-23,1984-04-27,0,True,True
1984-05-04,159.88999938964844,162.11000061035156,158.92999267578125,159.11000061035156,5,0,0,1984-04-30,1984-05-04,0,True,True
1984-05-11,159.11000061035156,161.30999755859375,157.41999816894531,158.49000549316406,5,0,0,1984-05-07,1984-05-11,0,True,True
1984-05-18,158.49000549316406,158.49000549316406,155.24000549316406,155.77999877929688,5,0,0,1984-05-14,1984-05-18,0,True,True
1984-05-25,155.77999877929688,156.11000061035156,150.80000305175781,151.6199951171875,5,0,0,1984-05-21,1984-05-25,0,True,True
1984-06-01,151.6199951171875,153.24000549316406,148.67999267578125,153.24000549316406,4,0,0,1984-05-29,1984-06-01,0,True,True
1984-06-08,153.24000549316406,155.39999389648438,153.24000549316406,155.16999816894531,5,0,0,1984-06-04,1984-06-08,0,True,True
1984-06-15,155.16999816894531,155.16999816894531,149.02000427246094,149.02999877929688,5,0,0,1984-06-11,1984-06-15,0,True,True
1984-06-22,149.02999877929688,155.63999938964844,148.52999877929688,154.46000671386719,5,0,0,1984-06-18,1984-06-22,0,True,True
1984-06-29,154.46000671386719,154.66999816894531,151.30000305175781,153.17999267578125,5,0,0,1984-06-25,1984-06-29,0,True,True
1984-07-06,153.16000366210938,153.8699951171875,151.6300048828125,152.24000549316406,4,0,0,1984-07-02,1984-07-06,0,True,True
1984-07-13,152.24000549316406,153.52999877929688,149.6300048828125,150.8800048828125,5,0,0,1984-07-09,1984-07-13,0,True,True
1984-07-20,150.8800048828125,152.60000610351562,149.07000732421875,149.55000305175781,5,0,0,1984-07-16,1984-07-20,0,True,True
1984-07-27,149.55000305175781,151.3800048828125,147.25999450683594,151.19000244140625,5,0,0,1984-07-23,1984-07-27,0,True,True
1984-08-03,151.19000244140625,162.55999755859375,149.64999389648438,162.35000610351562,5,0,0,1984-07-30,1984-08-03,0,True,True
1984-08-10,162.35000610351562,168.58999633789062,160.80999755859375,165.41999816894531,5,0,0,1984-08-06,1984-08-10,0,True,True
1984-08-17,164.83999633789062,166.08999633789062,162.75,164.13999938964844,5,0,0,1984-08-13,1984-08-17,0,True,True
1984-08-24,164.13999938964844,168.80000305175781,163.75999450683594,167.50999450683594,5,0,0,1984-08-20,1984-08-24,0,True,True
1984-08-31,167.50999450683594,168.21000671386719,165.77999877929688,166.67999267578125,5,0,0,1984-08-27,1984-08-31,0,True,True
1984-09-07,166.67999267578125,166.67999267578125,163.83999633789062,164.3699951171875,4,0,0,1984-09-04,1984-09-07,0,True,True
1984-09-14,164.3699951171875,169.64999389648438,163.05999755859375,168.77999877929688,5,0,0,1984-09-10,1984-09-14,0,True,True
1984-09-21,168.77999877929688,169.3699951171875,165.66000366210938,165.66999816894531,5,0,0,1984-09-17,1984-09-21,0,True,True
1984-09-28,165.66999816894531,167.19999694824219,164.44999694824219,166.10000610351562,5,0,0,1984-09-24,1984-09-28,0,True,True
1984-10-05,166.10000610351562,166.10000610351562,162.19999694824219,162.67999267578125,5,0,0,1984-10-01,1984-10-05,0,True,True
1984-10-12,162.67999267578125,164.47000122070312,160.02000427246094,164.17999267578125,5,0,0,1984-10-08,1984-10-12,0,True,True
1984-10-19,164.17999267578125,169.6199951171875,163.71000671386719,167.96000671386719,5,0,0,1984-10-15,1984-10-19,0,True,True
1984-10-26,167.96000671386719,168.36000061035156,164.92999267578125,165.28999328613281,5,0,0,1984-10-22,1984-10-26,0,True,True
1984-11-02,165.28999328613281,167.94999694824219,164.66999816894531,167.41999816894531,5,0,0,1984-10-29,1984-11-02,0,True,True
1984-11-09,167.41999816894531,170.41000366210938,167.33000183105469,167.60000610351562,5,0,0,1984-11-05,1984-11-09,0,True,True
1984-11-16,167.64999389648438,167.64999389648438,164.08999633789062,164.10000610351562,5,0,0,1984-11-12,1984-11-16,0,True,True
1984-11-23,164.10000610351562,166.91999816894531,163.02999877929688,166.91999816894531,4,0,0,1984-11-19,1984-11-23,0,True,True
1984-11-30,166.91999816894531,166.91999816894531,162.99000549316406,163.58000183105469,5,0,0,1984-11-26,1984-11-30,0,True,True
1984-12-07,163.58000183105469,163.91000366210938,161.75999450683594,162.25999450683594,5,0,0,1984-12-03,1984-12-07,0,True,True
1984-12-14,162.25999450683594,163.52999877929688,161.53999328613281,162.69000244140625,5,0,0,1984-12-10,1984-12-14,0,True,True
1984-12-21,162.69000244140625,169.02999877929688,162.44000244140625,165.50999450683594,5,0,0,1984-12-17,1984-12-21,0,True,True
1984-12-28,165.50999450683594,166.92999267578125,165.5,166.25999450683594,4,0,0,1984-12-24,1984-12-28,0,True,True
1985-01-04,166.25999450683594,167.33999633789062,163.36000061035156,163.67999267578125,4,0,0,1984-12-31,1985-01-04,0,True,True
1985-01-11,163.67999267578125,168.72000122070312,163.67999267578125,167.91000366210938,5,0,0,1985-01-07,1985-01-11,0,True,True
1985-01-18,167.91000366210938,171.94000244140625,167.58000183105469,171.32000732421875,5,0,0,1985-01-14,1985-01-18,0,True,True
1985-01-25,171.32000732421875,178.16000366210938,171.30999755859375,177.35000610351562,5,0,0,1985-01-21,1985-01-25,0,True,True
1985-02-01,177.35000610351562,180.27000427246094,176.55999755859375,178.6300048828125,5,0,0,1985-01-28,1985-02-01,0,True,True
1985-02-08,178.6300048828125,182.38999938964844,177.75,182.19000244140625,5,0,0,1985-02-04,1985-02-08,0,True,True
1985-02-15,182.19000244140625,183.94999694824219,179.44999694824219,181.60000610351562,5,0,0,1985-02-11,1985-02-15,0,True,True
1985-02-22,181.60000610351562,182.10000610351562,179.22999572753906,179.36000061035156,4,0,0,1985-02-19,1985-02-22,0,True,True
1985-03-01,179.36000061035156,183.88999938964844,178.1300048828125,183.22999572753906,5,0,0,1985-02-25,1985-03-01,0,True,True
1985-03-08,183.22999572753906,183.41000366210938,179.07000732421875,179.10000610351562,5,0,0,1985-03-04,1985-03-08,0,True,True
1985-03-15,179.10000610351562,180.13999938964844,176.52999877929688,176.52999877929688,5,0,0,1985-03-11,1985-03-15,0,True,True
1985-03-22,176.52999877929688,180.22000122070312,176.52999877929688,179.03999328613281,5,0,0,1985-03-18,1985-03-22,0,True,True
1985-03-29,179.03999328613281,180.66000366210938,177.85000610351562,180.66000366210938,5,0,0,1985-03-25,1985-03-29,0,True,True
1985-04-05,180.66000366210938,181.86000061035156,178.28999328613281,179.02999877929688,4,0,0,1985-04-01,1985-04-04,0,True,True
1985-04-12,179.02999877929688,180.91000366210938,177.86000061035156,180.53999328613281,5,0,0,1985-04-08,1985-04-12,0,True,True
1985-04-19,180.53999328613281,182.55999755859375,180.19000244140625,181.11000061035156,5,0,0,1985-04-15,1985-04-19,0,True,True
1985-04-26,181.11000061035156,183.61000061035156,180.25,182.17999267578125,5,0,0,1985-04-22,1985-04-26,0,True,True
1985-05-03,182.17999267578125,182.33999633789062,178.35000610351562,180.08000183105469,5,0,0,1985-04-29,1985-05-03,0,True,True
1985-05-10,180.08000183105469,184.74000549316406,179.82000732421875,184.27999877929688,5,0,0,1985-05-06,1985-05-10,0,True,True
1985-05-17,184.27999877929688,187.94000244140625,183.64999389648438,187.41999816894531,5,0,0,1985-05-13,1985-05-17,0,True,True
1985-05-24,187.41999816894531,189.97999572753906,187.28999328613281,188.28999328613281,5,0,0,1985-05-20,1985-05-24,0,True,True
1985-05-31,188.28999328613281,189.58999633789062,187.08999633789062,189.55000305175781,4,0,0,1985-05-28,1985-05-31,0,True,True
1985-06-07,189.55000305175781,191.28999328613281,188.8800048828125,189.67999267578125,5,0,0,1985-06-03,1985-06-07,0,True,True
1985-06-14,189.67999267578125,189.67999267578125,185.02999877929688,187.10000610351562,5,0,0,1985-06-10,1985-06-14,0,True,True
1985-06-21,187.10000610351562,189.66000366210938,185.97000122070312,189.61000061035156,5,0,0,1985-06-17,1985-06-21,0,True,True
1985-06-28,188.77000427246094,191.85000610351562,187.83999633789062,191.85000610351562,5,0,0,1985-06-24,1985-06-28,0,True,True
1985-07-05,191.85000610351562,192.66999816894531,191.16999816894531,192.52000427246094,4,0,0,1985-07-01,1985-07-05,0,True,True
1985-07-12,192.47000122070312,193.32000732421875,190.80999755859375,193.28999328613281,5,0,0,1985-07-08,1985-07-12,0,True,True
1985-07-19,193.28999328613281,196.07000732421875,192.55000305175781,195.1300048828125,5,0,0,1985-07-15,1985-07-19,0,True,True
1985-07-26,195.1300048828125,195.1300048828125,190.66000366210938,192.39999389648438,5,0,0,1985-07-22,1985-07-26,0,True,True
1985-08-02,192.39999389648438,192.41999816894531,189.30000305175781,191.47999572753906,5,0,0,1985-07-29,1985-08-02,0,True,True
1985-08-09,191.47999572753906,191.47999572753906,187.38999938964844,188.32000732421875,5,0,0,1985-08-05,1985-08-09,0,True,True
1985-08-16,188.32000732421875,188.32000732421875,186.10000610351562,186.10000610351562,5,0,0,1985-08-12,1985-08-16,0,True,True
1985-08-23,186.10000610351562,189.22999572753906,186.10000610351562,187.16999816894531,5,0,0,1985-08-19,1985-08-23,0,True,True
1985-08-30,187.16999816894531,189.1300048828125,186.46000671386719,188.6300048828125,5,0,0,1985-08-26,1985-08-30,0,True,True
1985-09-06,188.6300048828125,188.6300048828125,186.88999938964844,188.24000549316406,4,0,0,1985-09-03,1985-09-06,0,True,True
1985-09-13,188.24000549316406,188.80000305175781,182.05000305175781,182.91000366210938,5,0,0,1985-09-09,1985-09-13,0,True,True
1985-09-20,182.91000366210938,183.99000549316406,180.77999877929688,182.05000305175781,5,0,0,1985-09-16,1985-09-20,0,True,True
1985-09-27,182.05000305175781,184.64999389648438,179.44999694824219,181.28999328613281,4,0,0,1985-09-23,1985-09-26,0,True,True
1985-10-04,181.30000305175781,185.94000244140625,181.22000122070312,183.22000122070312,5,0,0,1985-09-30,1985-10-04,0,True,True
1985-10-11,183.22000122070312,184.27999877929688,181.16000366210938,184.27999877929688,5,0,0,1985-10-07,1985-10-11,0,True,True
1985-10-18,184.30999755859375,188.52000427246094,184.27999877929688,187.03999328613281,5,0,0,1985-10-14,1985-10-18,0,True,True
1985-10-25,187.03999328613281,189.44999694824219,186.78999328613281,187.52000427246094,5,0,0,1985-10-21,1985-10-25,0,True,True
1985-11-01,187.52000427246094,191.52999877929688,186.92999267578125,191.52999877929688,5,0,0,1985-10-28,1985-11-01,0,True,True
1985-11-08,191.44999694824219,193.97000122070312,190.66000366210938,193.72000122070312,5,0,0,1985-11-04,1985-11-08,0,True,True
1985-11-15,193.72000122070312,199.58000183105469,193.69999694824219,198.11000061035156,5,0,0,1985-11-11,1985-11-15,0,True,True
1985-11-22,198.11000061035156,202.00999450683594,197.50999450683594,201.52000427246094,5,0,0,1985-11-18,1985-11-22,0,True,True
1985-11-29,201.52000427246094,203.39999389648438,200.08000183105469,202.16999816894531,4,0,0,1985-11-25,1985-11-29,0,True,True
1985-12-06,202.16999816894531,205.86000061035156,200.10000610351562,202.99000549316406,5,0,0,1985-12-02,1985-12-06,0,True,True
1985-12-13,202.99000549316406,210.30999755859375,202.97999572753906,209.94000244140625,5,0,0,1985-12-09,1985-12-13,0,True,True
1985-12-20,209.94000244140625,213.08000183105469,209.24000549316406,210.94000244140625,5,0,0,1985-12-16,1985-12-20,0,True,True
1985-12-27,210.57000732421875,210.94000244140625,206.44000244140625,209.61000061035156,4,0,0,1985-12-23,1985-12-27,0,True,True
1986-01-03,209.61000061035156,211.61000061035156,208.92999267578125,210.8800048828125,4,0,0,1985-12-30,1986-01-03,0,True,True
1986-01-10,210.8800048828125,214.57000732421875,204.50999450683594,205.96000671386719,5,0,0,1986-01-06,1986-01-10,0,True,True
1986-01-17,205.96000671386719,209.39999389648438,205.52000427246094,208.42999267578125,5,0,0,1986-01-13,1986-01-17,0,True,True
1986-01-24,208.42999267578125,208.42999267578125,202.60000610351562,206.42999267578125,5,0,0,1986-01-20,1986-01-24,0,True,True
1986-01-31,206.42999267578125,212.41999816894531,206.42999267578125,211.77999877929688,5,0,0,1986-01-27,1986-01-31,0,True,True
1986-02-07,211.77999877929688,215.27000427246094,210.82000732421875,214.55999755859375,5,0,0,1986-02-03,1986-02-07,0,True,True
1986-02-14,214.55999755859375,219.75999450683594,214.47000122070312,219.75999450683594,5,0,0,1986-02-10,1986-02-14,0,True,True
1986-02-21,219.75999450683594,224.6199951171875,219.22000122070312,224.6199951171875,4,0,0,1986-02-18,1986-02-21,0,True,True
1986-02-28,224.58000183105469,227.91999816894531,222.6300048828125,226.91999816894531,5,0,0,1986-02-24,1986-02-28,0,True,True
1986-03-07,226.91999816894531,227.33000183105469,222.17999267578125,225.57000732421875,5,0,0,1986-03-03,1986-03-07,0,True,True
1986-03-14,225.57000732421875,236.55000305175781,225.36000061035156,236.55000305175781,5,0,0,1986-03-10,1986-03-14,0,True,True
1986-03-21,236.55000305175781,237.35000610351562,233.28999328613281,233.33999633789062,5,0,0,1986-03-17,1986-03-21,0,True,True
1986-03-28,233.33999633789062,240.11000061035156,232.91999816894531,238.97000122070312,4,0,0,1986-03-24,1986-03-27,0,True,True
1986-04-04,238.97000122070312,239.86000061035156,228.32000732421875,228.69000244140625,5,0,0,1986-03-31,1986-04-04,0,True,True
1986-04-11,228.69000244140625,237.85000610351562,226.30000305175781,235.97000122070312,5,0,0,1986-04-07,1986-04-11,0,True,True
1986-04-18,235.97000122070312,243.47000122070312,235.42999267578125,242.3800048828125,5,0,0,1986-04-14,1986-04-18,0,True,True
1986-04-25,242.3800048828125,245.47000122070312,240.08000183105469,242.28999328613281,5,0,0,1986-04-21,1986-04-25,0,True,True
1986-05-02,242.28999328613281,243.57000732421875,234.14999389648438,234.78999328613281,5,0,0,1986-04-28,1986-05-02,0,True,True
1986-05-09,234.78999328613281,238.27999877929688,233.97999572753906,237.85000610351562,5,0,0,1986-05-05,1986-05-09,0,True,True
1986-05-16,237.85000610351562,238.52999877929688,232.25999450683594,232.75999450683594,5,0,0,1986-05-12,1986-05-16,0,True,True
1986-05-23,232.75999450683594,242.16000366210938,232.41000366210938,241.35000610351562,5,0,0,1986-05-19,1986-05-23,0,True,True
1986-05-30,241.35000610351562,249.19000244140625,241.35000610351562,247.35000610351562,4,0,0,1986-05-27,1986-05-30,0,True,True
1986-06-06,246.03999328613281,247.74000549316406,242.58999633789062,245.66999816894531,5,0,0,1986-06-02,1986-06-06,0,True,True
1986-06-13,245.66999816894531,245.91000366210938,238.22999572753906,245.72999572753906,5,0,0,1986-06-09,1986-06-13,0,True,True
1986-06-20,245.72999572753906,247.60000610351562,242.57000732421875,247.58000183105469,5,0,0,1986-06-16,1986-06-20,0,True,True
1986-06-27,247.58000183105469,250.1300048828125,244.44999694824219,249.60000610351562,5,0,0,1986-06-23,1986-06-27,0,True,True
1986-07-04,249.60000610351562,253.19999694824219,249.60000610351562,251.78999328613281,4,0,0,1986-06-30,1986-07-03,0,True,True
1986-07-11,251.78999328613281,251.80999755859375,239.07000732421875,242.22000122070312,5,0,0,1986-07-07,1986-07-11,0,True,True
1986-07-18,242.22000122070312,242.22000122070312,233.60000610351562,236.36000061035156,5,0,0,1986-07-14,1986-07-18,0,True,True
1986-07-25,236.36000061035156,240.36000061035156,235.52999877929688,240.22000122070312,5,0,0,1986-07-21,1986-07-25,0,True,True
1986-08-01,240.19999694824219,240.25,233.07000732421875,234.91000366210938,5,0,0,1986-07-28,1986-08-01,0,True,True
1986-08-08,234.91000366210938,238.30999755859375,231.91999816894531,236.8800048828125,5,0,0,1986-08-04,1986-08-08,0,True,True
1986-08-15,236.8800048828125,247.14999389648438,236.8699951171875,247.14999389648438,5,0,0,1986-08-11,1986-08-15,0,True,True
1986-08-22,247.14999389648438,250.61000061035156,245.47999572753906,250.19000244140625,5,0,0,1986-08-18,1986-08-22,0,True,True
1986-08-29,250.19000244140625,254.24000549316406,247.75999450683594,252.92999267578125,5,0,0,1986-08-25,1986-08-29,0,True,True
1986-09-05,252.92999267578125,254.1300048828125,247.58999633789062,250.47000122070312,4,0,0,1986-09-02,1986-09-05,0,True,True
1986-09-12,250.47000122070312,250.47000122070312,228.74000549316406,230.66999816894531,5,0,0,1986-09-08,1986-09-12,0,True,True
1986-09-19,230.66999816894531,233.80999755859375,228.32000732421875,232.21000671386719,5,0,0,1986-09-15,1986-09-19,0,True,True
1986-09-26,232.19999694824219,237.05999755859375,230.63999938964844,232.22999572753906,5,0,0,1986-09-22,1986-09-26,0,True,True
1986-10-03,232.22999572753906,236.16000366210938,228.08000183105469,233.71000671386719,5,0,0,1986-09-29,1986-10-03,0,True,True
1986-10-10,233.71000671386719,238.19999694824219,233.16999816894531,235.47999572753906,5,0,0,1986-10-06,1986-10-10,0,True,True
1986-10-17,235.52000427246094,240.17999267578125,234.3699951171875,238.83999633789062,5,0,0,1986-10-13,1986-10-17,0,True,True
1986-10-24,238.83999633789062,239.75999450683594,234.77999877929688,238.25999450683594,5,0,0,1986-10-20,1986-10-24,0,True,True
1986-10-31,238.22000122070312,244.50999450683594,236.72000122070312,243.97999572753906,5,0,0,1986-10-27,1986-10-31,0,True,True
1986-11-07,243.97000122070312,247.05000305175781,243.92999267578125,245.77000427246094,5,0,0,1986-11-03,1986-11-07,0,True,True
1986-11-14,245.75,247.66999816894531,241.96000671386719,244.5,5,0,0,1986-11-10,1986-11-14,0,True,True
1986-11-21,244.5,246.3800048828125,235.50999450683594,245.86000061035156,5,0,0,1986-11-17,1986-11-21,0,True,True
1986-11-28,245.86000061035156,249.22000122070312,245.21000671386719,249.22000122070312,4,0,0,1986-11-24,1986-11-28,0,True,True
1986-12-05,249.22000122070312,254.8699951171875,245.72000122070312,251.16999816894531,5,0,0,1986-12-01,1986-12-05,0,True,True
1986-12-12,251.16000366210938,252.36000061035156,247.02000427246094,247.35000610351562,5,0,0,1986-12-08,1986-12-12,0,True,True
1986-12-19,247.30999755859375,250.03999328613281,244.91999816894531,249.72999572753906,5,0,0,1986-12-15,1986-12-19,0,True,True
1986-12-26,249.72999572753906,249.72999572753906,245.85000610351562,246.91999816894531,4,0,0,1986-12-22,1986-12-26,0,True,True
1987-01-02,246.89999389648438,246.91999816894531,241.27999877929688,246.44999694824219,4,0,0,1986-12-29,1987-01-02,0,True,True
1987-01-09,246.44999694824219,259.20001220703125,246.44999694824219,258.73001098632812,5,0,0,1987-01-05,1987-01-09,0,True,True
1987-01-16,258.72000122070312,267.239990234375,257.92001342773438,266.27999877929688,5,0,0,1987-01-12,1987-01-16,0,True,True
1987-01-23,266.260009765625,280.95999145507812,264,270.10000610351562,5,0,0,1987-01-19,1987-01-23,0,True,True
1987-01-30,270.10000610351562,276.85000610351562,267.73001098632812,274.07998657226562,5,0,0,1987-01-26,1987-01-30,0,True,True
1987-02-06,274.07998657226562,282.260009765625,273.16000366210938,280.04000854492188,5,0,0,1987-02-02,1987-02-06,0,True,True
1987-02-13,280.04000854492188,280.91000366210938,273.489990234375,279.70001220703125,5,0,0,1987-02-09,1987-02-13,0,True,True
1987-02-20,279.70001220703125,287.54998779296875,279.70001220703125,285.48001098632812,4,0,0,1987-02-17,1987-02-20,0,True,True
1987-02-27,285.48001098632812,285.5,279.3699951171875,284.20001220703125,5,0,0,1987-02-23,1987-02-27,0,True,True
1987-03-06,284.17001342773438,291.239990234375,282.29998779296875,290.66000366210938,5,0,0,1987-03-02,1987-03-06,0,True,True
1987-03-13,290.66000366210938,292.510009765625,287.1199951171875,289.8900146484375,5,0,0,1987-03-09,1987-03-13,0,True,True
1987-03-20,289.8800048828125,298.17001342773438,286.6400146484375,298.17001342773438,5,0,0,1987-03-16,1987-03-20,0,True,True
1987-03-27,298.16000366210938,302.72000122070312,296.05999755859375,296.1300048828125,5,0,0,1987-03-23,1987-03-27,0,True,True
1987-04-03,296.10000610351562,301.29998779296875,286.69000244140625,300.41000366210938,5,0,0,1987-03-30,1987-04-03,0,True,True
1987-04-10,300.45999145507812,303.64999389648438,290.94000244140625,292.489990234375,5,0,0,1987-04-06,1987-04-10,0,True,True
1987-04-17,292.48001098632812,293.3599853515625,275.67001342773438,286.91000366210938,4,0,0,1987-04-13,1987-04-16,0,True,True
1987-04-24,286.91000366210938,293.45999145507812,281.17999267578125,281.51998901367188,5,0,0,1987-04-20,1987-04-24,0,True,True
1987-05-01,281.51998901367188,290.07998657226562,276.22000122070312,288.02999877929688,5,0,0,1987-04-27,1987-05-01,0,True,True
1987-05-08,288.01998901367188,296.79998779296875,286.3900146484375,293.3699951171875,5,0,0,1987-05-04,1987-05-08,0,True,True
1987-05-15,293.3699951171875,298.69000244140625,287.1099853515625,287.42999267578125,5,0,0,1987-05-11,1987-05-15,0,True,True
1987-05-22,287.42999267578125,287.42999267578125,277.010009765625,282.16000366210938,5,0,0,1987-05-18,1987-05-22,0,True,True
1987-05-29,282.16000366210938,292.8699951171875,282.16000366210938,290.10000610351562,4,0,0,1987-05-26,1987-05-29,0,True,True
1987-06-05,290.1199951171875,295.1099853515625,286.92999267578125,293.45001220703125,5,0,0,1987-06-01,1987-06-05,0,True,True
1987-06-12,293.45999145507812,302.260009765625,291.54998779296875,301.6199951171875,5,0,0,1987-06-08,1987-06-12,0,True,True
1987-06-19,301.6199951171875,306.97000122070312,301.6199951171875,306.97000122070312,5,0,0,1987-06-15,1987-06-19,0,True,True
1987-06-26,306.98001098632812,310.26998901367188,306.32000732421875,307.16000366210938,5,0,0,1987-06-22,1987-06-26,0,True,True
1987-07-03,307.14999389648438,308.14999389648438,302.52999877929688,305.6300048828125,4,0,0,1987-06-29,1987-07-02,0,True,True
1987-07-10,305.6400146484375,309.55999755859375,304.23001098632812,308.3699951171875,5,0,0,1987-07-06,1987-07-10,0,True,True
1987-07-17,308.41000366210938,314.58999633789062,305.489990234375,314.58999633789062,5,0,0,1987-07-13,1987-07-17,0,True,True
1987-07-24,314.55999755859375,314.58999633789062,306.10000610351562,309.26998901367188,5,0,0,1987-07-20,1987-07-24,0,True,True
1987-07-31,309.29998779296875,318.85000610351562,308.6099853515625,318.66000366210938,5,0,0,1987-07-27,1987-07-31,0,True,True
1987-08-07,318.6199951171875,324.14999389648438,314.510009765625,323,5,0,0,1987-08-03,1987-08-07,0,True,True
1987-08-14,322.98001098632812,336.07998657226562,322.95001220703125,333.989990234375,5,0,0,1987-08-10,1987-08-14,0,True,True
1987-08-21,333.98001098632812,336.3699951171875,326.42999267578125,335.89999389648438,5,0,0,1987-08-17,1987-08-21,0,True,True
1987-08-28,335.8900146484375,337.8900146484375,327.02999877929688,327.04000854492188,5,0,0,1987-08-24,1987-08-28,0,True,True
1987-09-04,327.02999877929688,332.17999267578125,316.52999877929688,316.70001220703125,5,0,0,1987-08-31,1987-09-04,0,True,True
1987-09-11,316.67999267578125,322.45001220703125,308.55999755859375,321.98001098632812,4,0,0,1987-09-08,1987-09-11,0,True,True
1987-09-18,322.01998901367188,323.80999755859375,313.45001220703125,314.8599853515625,5,0,0,1987-09-14,1987-09-18,0,True,True
1987-09-25,314.92001342773438,322.010009765625,308.69000244140625,320.16000366210938,5,0,0,1987-09-21,1987-09-25,0,True,True
1987-10-02,320.16000366210938,328.94000244140625,320.16000366210938,328.07000732421875,5,0,0,1987-09-28,1987-10-02,0,True,True
1987-10-09,328.07000732421875,328.57000732421875,310.97000122070312,311.07000732421875,5,0,0,1987-10-05,1987-10-09,0,True,True
1987-10-16,311.07000732421875,314.52999877929688,281.51998901367188,282.70001220703125,5,0,0,1987-10-12,1987-10-16,0,True,True
1987-10-23,282.70001220703125,282.70001220703125,216.46000671386719,248.22000122070312,5,0,0,1987-10-19,1987-10-23,0,True,True
1987-10-30,248.19999694824219,254.03999328613281,226.25999450683594,251.78999328613281,5,0,0,1987-10-26,1987-10-30,0,True,True
1987-11-06,251.72999572753906,257.20999145507812,242.77999877929688,250.41000366210938,5,0,0,1987-11-02,1987-11-06,0,True,True
1987-11-13,250.41000366210938,250.41000366210938,237.63999938964844,245.63999938964844,5,0,0,1987-11-09,1987-11-13,0,True,True
1987-11-20,245.69000244140625,249.53999328613281,235.88999938964844,242,5,0,0,1987-11-16,1987-11-20,0,True,True
1987-11-27,242,247.89999389648438,240.33999633789062,240.33999633789062,4,0,0,1987-11-23,1987-11-27,0,True,True
1987-12-04,240.27000427246094,240.33999633789062,221.24000549316406,223.91999816894531,5,0,0,1987-11-30,1987-12-04,0,True,True
1987-12-11,223.97999572753906,240.08999633789062,223.91999816894531,235.32000732421875,5,0,0,1987-12-07,1987-12-11,0,True,True
1987-12-18,235.30000305175781,249.17999267578125,235.03999328613281,249.16000366210938,5,0,0,1987-12-14,1987-12-18,0,True,True
1987-12-25,249.13999938964844,253.35000610351562,247.00999450683594,252.02999877929688,4,0,0,1987-12-21,1987-12-24,0,True,True
1988-01-01,252.00999450683594,252.02000427246094,244.19000244140625,247.08000183105469,4,0,0,1987-12-28,1987-12-31,0,True,True
1988-01-08,247.10000610351562,261.77999877929688,242.94999694824219,243.39999389648438,5,0,0,1988-01-04,1988-01-08,0,True,True
1988-01-15,243.3800048828125,253.64999389648438,240.46000671386719,252.05000305175781,5,0,0,1988-01-11,1988-01-15,0,True,True
1988-01-22,252.05000305175781,253.33000183105469,240.16999816894531,246.5,5,0,0,1988-01-18,1988-01-22,0,True,True
1988-01-29,246.52999877929688,257.07000732421875,246.5,257.07000732421875,5,0,0,1988-01-25,1988-01-29,0,True,True
1988-02-05,257.04998779296875,258.26998901367188,250.33999633789062,250.96000671386719,5,0,0,1988-02-01,1988-02-05,0,True,True
1988-02-12,250.94999694824219,258.8599853515625,247.82000732421875,257.6300048828125,5,0,0,1988-02-08,1988-02-12,0,True,True
1988-02-19,257.6099853515625,261.6099853515625,256.57000732421875,261.6099853515625,4,0,0,1988-02-16,1988-02-19,0,True,True
1988-02-26,261.60000610351562,267.75,260.8800048828125,262.45999145507812,5,0,0,1988-02-22,1988-02-26,0,True,True
1988-03-04,262.45999145507812,268.75,262.45999145507812,267.29998779296875,5,0,0,1988-02-29,1988-03-04,0,True,True
1988-03-11,267.27999877929688,270.760009765625,261.26998901367188,264.94000244140625,5,0,0,1988-03-07,1988-03-11,0,True,True
1988-03-18,264.92999267578125,272.6400146484375,264.51998901367188,271.1199951171875,5,0,0,1988-03-14,1988-03-18,0,True,True
1988-03-25,271.10000610351562,271.1199951171875,258.1199951171875,258.510009765625,5,0,0,1988-03-21,1988-03-25,0,True,True
1988-04-01,258.5,261.58999633789062,256.07000732421875,258.8900146484375,4,0,0,1988-03-28,1988-03-31,0,True,True
1988-04-08,258.8900146484375,270.22000122070312,255.67999267578125,269.42999267578125,5,0,0,1988-04-04,1988-04-08,0,True,True
1988-04-15,269.42999267578125,272.04998779296875,255.97000122070312,259.76998901367188,5,0,0,1988-04-11,1988-04-15,0,True,True
1988-04-22,259.75,262.3800048828125,254.71000671386719,260.1400146484375,5,0,0,1988-04-18,1988-04-22,0,True,True
1988-04-29,260.14999389648438,265.08999633789062,259.97000122070312,261.32998657226562,5,0,0,1988-04-25,1988-04-29,0,True,True
1988-05-06,261.3599853515625,263.70001220703125,257.02999877929688,257.48001098632812,5,0,0,1988-05-02,1988-05-06,0,True,True
1988-05-13,257.47000122070312,258.29998779296875,252.32000732421875,256.77999877929688,5,0,0,1988-05-09,1988-05-13,0,True,True
1988-05-20,256.75,260.20001220703125,248.85000610351562,253.02000427246094,5,0,0,1988-05-16,1988-05-20,0,True,True
1988-05-27,253,255.33999633789062,249.82000732421875,253.41999816894531,5,0,0,1988-05-23,1988-05-27,0,True,True
1988-06-03,253.44000244140625,267.42999267578125,253.41999816894531,266.45001220703125,4,0,0,1988-05-31,1988-06-03,0,True,True
1988-06-10,266.45999145507812,273.20999145507812,264.5,271.260009765625,5,0,0,1988-06-06,1988-06-10,0,True,True
1988-06-17,271.27999877929688,276.1400146484375,268.08999633789062,270.67999267578125,5,0,0,1988-06-13,1988-06-17,0,True,True
1988-06-24,270.67001342773438,276.8800048828125,267.51998901367188,273.77999877929688,5,0,0,1988-06-20,1988-06-24,0,True,True
1988-07-01,273.77999877929688,273.79998779296875,268.85000610351562,271.77999877929688,5,0,0,1988-06-27,1988-07-01,0,True,True
1988-07-08,271.77999877929688,276.3599853515625,269.30999755859375,270.01998901367188,4,0,0,1988-07-05,1988-07-08,0,True,True
1988-07-15,270.02999877929688,272.05999755859375,266.1199951171875,272.04998779296875,5,0,0,1988-07-11,1988-07-15,0,True,True
1988-07-22,271.989990234375,272.04998779296875,263.29000854492188,263.5,5,0,0,1988-07-18,1988-07-22,0,True,True
1988-07-29,263.489990234375,272.01998901367188,262.48001098632812,272.01998901367188,5,0,0,1988-07-25,1988-07-29,0,True,True
1988-08-05,272.02999877929688,274.20001220703125,270.07998657226562,271.14999389648438,5,0,0,1988-08-01,1988-08-05,0,True,True
1988-08-12,271.1300048828125,272.47000122070312,260.33999633789062,262.54998779296875,5,0,0,1988-08-08,1988-08-12,0,True,True
1988-08-19,262.489990234375,262.760009765625,257.5,260.239990234375,5,0,0,1988-08-15,1988-08-19,0,True,True
1988-08-26,260.239990234375,261.1300048828125,256.52999877929688,259.67999267578125,5,0,0,1988-08-22,1988-08-26,0,True,True
1988-09-02,259.67999267578125,264.89999389648438,256.98001098632812,264.48001098632812,5,0,0,1988-08-29,1988-09-02,0,True,True
1988-09-09,264.42001342773438,268.260009765625,263.66000366210938,266.83999633789062,4,0,0,1988-09-06,1988-09-09,0,True,True
1988-09-16,266.85000610351562,270.80999755859375,265.22000122070312,270.64999389648438,5,0,0,1988-09-12,1988-09-16,0,True,True
1988-09-23,270.6400146484375,270.64999389648438,267.41000366210938,269.760009765625,5,0,0,1988-09-19,1988-09-23,0,True,True
1988-09-30,269.76998901367188,274.8699951171875,267.76998901367188,271.91000366210938,5,0,0,1988-09-26,1988-09-30,0,True,True
1988-10-07,271.8900146484375,278.07000732421875,268.83999633789062,278.07000732421875,5,0,0,1988-10-03,1988-10-07,0,True,True
1988-10-14,278.05999755859375,278.69000244140625,273.04998779296875,275.5,5,0,0,1988-10-10,1988-10-14,0,True,True
1988-10-21,275.48001098632812,283.66000366210938,274.41000366210938,283.66000366210938,5,0,0,1988-10-17,1988-10-21,0,True,True
1988-10-28,283.6300048828125,283.95001220703125,276,278.52999877929688,5,0,0,1988-10-24,1988-10-28,0,True,True
1988-11-04,278.54000854492188,280.3699951171875,276.30999755859375,276.30999755859375,5,0,0,1988-10-31,1988-11-04,0,True,True
1988-11-11,276.29998779296875,276.30999755859375,267.92001342773438,267.92001342773438,5,0,0,1988-11-07,1988-11-11,0,True,True
1988-11-18,267.92999267578125,269.25,262.85000610351562,266.47000122070312,5,0,0,1988-11-14,1988-11-18,0,True,True
1988-11-25,266.35000610351562,269.55999755859375,263.41000366210938,267.23001098632812,4,0,0,1988-11-21,1988-11-25,0,True,True
1988-12-02,267.22000122070312,274.3599853515625,266.97000122070312,271.80999755859375,5,0,0,1988-11-28,1988-12-02,0,True,True
1988-12-09,274.92999267578125,279.010009765625,271.80999755859375,277.02999877929688,5,0,0,1988-12-05,1988-12-09,0,True,True
1988-12-16,277.02999877929688,278.82000732421875,274.010009765625,276.29000854492188,5,0,0,1988-12-12,1988-12-16,0,True,True
1988-12-23,276.29000854492188,280.45001220703125,275.6099853515625,277.8699951171875,5,0,0,1988-12-19,1988-12-23,0,True,True
1988-12-30,277.8699951171875,279.77999877929688,276.17001342773438,277.72000122070312,4,0,0,1988-12-27,1988-12-30,0,True,True
1989-01-06,277.72000122070312,282.05999755859375,273.80999755859375,280.67001342773438,4,0,0,1989-01-03,1989-01-06,0,True,True
1989-01-13,280.67001342773438,284.6300048828125,279.44000244140625,283.8699951171875,5,0,0,1989-01-09,1989-01-13,0,True,True
1989-01-20,283.8699951171875,287.89999389648438,282.64999389648438,286.6300048828125,5,0,0,1989-01-16,1989-01-20,0,True,True
1989-01-27,287.85000610351562,296.07998657226562,284.5,293.82000732421875,5,0,0,1989-01-23,1989-01-27,0,True,True
1989-02-03,293.82000732421875,298.32998657226562,293.54000854492188,296.97000122070312,5,0,0,1989-01-30,1989-02-03,0,True,True
1989-02-10,296.97000122070312,300.57000732421875,291.95999145507812,292.01998901367188,5,0,0,1989-02-06,1989-02-10,0,True,True
1989-02-17,292.01998901367188,297.1199951171875,290.8800048828125,296.760009765625,5,0,0,1989-02-13,1989-02-17,0,True,True
1989-02-24,296.760009765625,297.04000854492188,287.1300048828125,287.1300048828125,4,0,0,1989-02-21,1989-02-24,0,True,True
1989-03-03,287.1300048828125,291.17999267578125,286.260009765625,291.17999267578125,5,0,0,1989-02-27,1989-03-03,0,True,True
1989-03-10,291.20001220703125,295.6199951171875,291.17999267578125,292.8800048828125,5,0,0,1989-03-06,1989-03-10,0,True,True
1989-03-17,292.8800048828125,299.989990234375,291.07998657226562,292.69000244140625,5,0,0,1989-03-13,1989-03-17,0,True,True
1989-03-24,292.69000244140625,292.69000244140625,288.55999755859375,288.98001098632812,4,0,0,1989-03-20,1989-03-23,0,True,True
1989-03-31,288.98001098632812,294.95999145507812,288.07000732421875,294.8699951171875,5,0,0,1989-03-27,1989-03-31,0,True,True
1989-04-07,294.8699951171875,297.6199951171875,294.35000610351562,297.16000366210938,5,0,0,1989-04-03,1989-04-07,0,True,True
1989-04-14,297.16000366210938,301.3800048828125,296.26998901367188,301.3599853515625,5,0,0,1989-04-10,1989-04-14,0,True,True
1989-04-21,301.3599853515625,309.6099853515625,300.70999145507812,309.6099853515625,5,0,0,1989-04-17,1989-04-21,0,True,True
1989-04-28,309.6099853515625,310.45001220703125,306.07000732421875,309.6400146484375,5,0,0,1989-04-24,1989-04-28,0,True,True
1989-05-05,309.6400146484375,310.69000244140625,306.98001098632812,307.6099853515625,5,0,0,1989-05-01,1989-05-05,0,True,True
1989-05-12,307.6099853515625,313.83999633789062,304.05999755859375,313.83999633789062,5,0,0,1989-05-08,1989-05-12,0,True,True
1989-05-19,313.83999633789062,321.3800048828125,313.83999633789062,321.239990234375,5,0,0,1989-05-15,1989-05-19,0,True,True
1989-05-26,321.239990234375,323.05999755859375,317.57998657226562,321.58999633789062,5,0,0,1989-05-22,1989-05-26,0,True,True
1989-06-02,321.58999633789062,325.6300048828125,317.82998657226562,325.51998901367188,4,0,0,1989-05-30,1989-06-02,0,True,True
1989-06-09,325.51998901367188,327.3900146484375,321.26998901367188,326.69000244140625,5,0,0,1989-06-05,1989-06-09,0,True,True
1989-06-16,326.69000244140625,326.69000244140625,318.69000244140625,321.35000610351562,5,0,0,1989-06-12,1989-06-16,0,True,True
1989-06-23,321.35000610351562,328,319.25,328,5,0,0,1989-06-19,1989-06-23,0,True,True
1989-06-30,328,329.19000244140625,314.3800048828125,317.98001098632812,5,0,0,1989-06-26,1989-06-30,0,True,True
1989-07-07,317.98001098632812,325.8699951171875,317.260009765625,324.91000366210938,4,0,0,1989-07-03,1989-07-07,0,True,True
1989-07-14,324.92999267578125,331.8900146484375,324.91000366210938,331.83999633789062,5,0,0,1989-07-10,1989-07-14,0,True,True
1989-07-21,331.77999877929688,337.39999389648438,330.75,335.89999389648438,5,0,0,1989-07-17,1989-07-21,0,True,True
1989-07-28,335.89999389648438,342.95999145507812,332.60000610351562,342.14999389648438,5,0,0,1989-07-24,1989-07-28,0,True,True
1989-08-04,342.1300048828125,347.989990234375,342.01998901367188,343.92001342773438,5,0,0,1989-07-31,1989-08-04,0,True,True
1989-08-11,343.92001342773438,351.17999267578125,343.91000366210938,344.739990234375,5,0,0,1989-08-07,1989-08-11,0,True,True
1989-08-18,344.70999145507812,346.3900146484375,341.95999145507812,346.02999877929688,5,0,0,1989-08-14,1989-08-18,0,True,True
1989-08-25,346.02999877929688,352.73001098632812,339,350.51998901367188,5,0,0,1989-08-21,1989-08-25,0,True,True
1989-09-01,350.51998901367188,353.89999389648438,348.66000366210938,353.73001098632812,5,0,0,1989-08-28,1989-09-01,0,True,True
1989-09-08,353.73001098632812,354.1300048828125,345.739990234375,348.760009765625,4,0,0,1989-09-05,1989-09-08,0,True,True
1989-09-15,348.760009765625,350.10000610351562,341.3699951171875,345.05999755859375,5,0,0,1989-09-11,1989-09-15,0,True,True
1989-09-22,345.05999755859375,348.45999145507812,344.60000610351562,347.04998779296875,5,0,0,1989-09-18,1989-09-22,0,True,True
1989-09-29,347.04998779296875,350.30999755859375,342.85000610351562,349.14999389648438,5,0,0,1989-09-25,1989-09-29,0,True,True
1989-10-06,349.14999389648438,359.04998779296875,348.35000610351562,358.77999877929688,5,0,0,1989-10-02,1989-10-06,0,True,True
1989-10-13,358.760009765625,360.44000244140625,332.80999755859375,333.64999389648438,5,0,0,1989-10-09,1989-10-13,0,True,True
1989-10-20,333.64999389648438,348.82000732421875,327.1199951171875,347.16000366210938,5,0,0,1989-10-16,1989-10-20,0,True,True
1989-10-27,347.1099853515625,348.19000244140625,333.260009765625,335.05999755859375,5,0,0,1989-10-23,1989-10-27,0,True,True
1989-11-03,335.05999755859375,341.739990234375,334.48001098632812,337.6199951171875,5,0,0,1989-10-30,1989-11-03,0,True,True
1989-11-10,337.6099853515625,339.41000366210938,330.91000366210938,339.10000610351562,5,0,0,1989-11-06,1989-11-10,0,True,True
1989-11-17,339.07998657226562,342.239990234375,337.05999755859375,341.6099853515625,5,0,0,1989-11-13,1989-11-17,0,True,True
1989-11-24,341.6099853515625,344.239990234375,337.52999877929688,343.97000122070312,4,0,0,1989-11-20,1989-11-24,0,True,True
1989-12-01,343.98001098632812,351.8800048828125,343.3599853515625,350.6300048828125,5,0,0,1989-11-27,1989-12-01,0,True,True
1989-12-08,350.6300048828125,352.239990234375,346,348.69000244140625,5,0,0,1989-12-04,1989-12-08,0,True,True
1989-12-15,348.67999267578125,354.10000610351562,346.07998657226562,350.1400146484375,5,0,0,1989-12-11,1989-12-15,0,True,True
1989-12-22,350.1400146484375,350.8800048828125,339.6300048828125,347.42001342773438,5,0,0,1989-12-18,1989-12-22,0,True,True
1989-12-29,347.42001342773438,353.41000366210938,346.52999877929688,353.39999389648438,4,0,0,1989-12-26,1989-12-29,0,True,True
1990-01-05,353.39999389648438,360.58999633789062,351.35000610351562,352.20001220703125,4,0,0,1990-01-02,1990-01-05,0,True,True
1990-01-12,352.20001220703125,354.239990234375,339.489990234375,339.92999267578125,5,0,0,1990-01-08,1990-01-12,0,True,True
1990-01-19,339.92999267578125,342.010009765625,333.3699951171875,339.14999389648438,5,0,0,1990-01-15,1990-01-19,0,True,True
1990-01-26,339.1400146484375,339.95999145507812,321.44000244140625,325.79998779296875,5,0,0,1990-01-22,1990-01-26,0,True,True
1990-02-02,325.79998779296875,332.10000610351562,319.82998657226562,330.92001342773438,5,0,0,1990-01-29,1990-02-02,0,True,True
1990-02-09,330.92001342773438,336.08999633789062,326.54998779296875,333.6199951171875,5,0,0,1990-02-05,1990-02-09,0,True,True
1990-02-16,333.6199951171875,335.6400146484375,327.92001342773438,332.72000122070312,5,0,0,1990-02-12,1990-02-16,0,True,True
1990-02-23,332.72000122070312,332.72000122070312,322.10000610351562,324.14999389648438,4,0,0,1990-02-20,1990-02-23,0,True,True
1990-03-02,324.16000366210938,335.54000854492188,323.98001098632812,335.54000854492188,5,0,0,1990-02-26,1990-03-02,0,True,True
1990-03-09,335.54000854492188,340.66000366210938,333.489990234375,337.92999267578125,5,0,0,1990-03-05,1990-03-09,0,True,True
1990-03-16,337.92999267578125,341.91000366210938,334.92999267578125,341.91000366210938,5,0,0,1990-03-12,1990-03-16,0,True,True
1990-03-23,341.91000366210938,344.489990234375,333.6199951171875,337.22000122070312,5,0,0,1990-03-19,1990-03-23,0,True,True
1990-03-30,337.22000122070312,342.57998657226562,337.02999877929688,339.94000244140625,5,0,0,1990-03-26,1990-03-30,0,True,True
1990-04-06,339.94000244140625,344.1199951171875,336.32998657226562,340.07998657226562,5,0,0,1990-04-02,1990-04-06,0,True,True
1990-04-13,340.07998657226562,344.79000854492188,339.8800048828125,344.33999633789062,4,0,0,1990-04-09,1990-04-12,0,True,True
1990-04-20,344.33999633789062,347.29998779296875,333.41000366210938,335.1199951171875,5,0,0,1990-04-16,1990-04-20,0,True,True
1990-04-27,335.1199951171875,335.1199951171875,328.70999145507812,329.1099853515625,5,0,0,1990-04-23,1990-04-27,0,True,True
1990-05-04,329.1099853515625,338.45999145507812,327.760009765625,338.3900146484375,5,0,0,1990-04-30,1990-05-04,0,True,True
1990-05-11,338.3900146484375,352.30999755859375,338.1099853515625,352,5,0,0,1990-05-07,1990-05-11,0,True,True
1990-05-18,352,358.41000366210938,351.95001220703125,354.6400146484375,5,0,0,1990-05-14,1990-05-18,0,True,True
1990-05-25,354.6400146484375,360.5,353.77999877929688,354.57998657226562,5,0,0,1990-05-21,1990-05-25,0,True,True
1990-06-01,354.57998657226562,363.51998901367188,354.54998779296875,363.16000366210938,4,0,0,1990-05-29,1990-06-01,0,True,True
1990-06-08,363.16000366210938,368.77999877929688,357.67999267578125,358.70999145507812,5,0,0,1990-06-04,1990-06-08,0,True,True
1990-06-15,358.70999145507812,367.26998901367188,357.70001220703125,362.91000366210938,5,0,0,1990-06-11,1990-06-15,0,True,True
1990-06-22,362.91000366210938,363.20001220703125,355.30999755859375,355.42999267578125,5,0,0,1990-06-18,1990-06-22,0,True,True
1990-06-29,355.42001342773438,359.08999633789062,351.23001098632812,358.01998901367188,5,0,0,1990-06-25,1990-06-29,0,True,True
1990-07-06,358.01998901367188,360.73001098632812,354.6400146484375,358.42001342773438,4,0,0,1990-07-02,1990-07-06,0,True,True
1990-07-13,358.42001342773438,369.67999267578125,356.41000366210938,367.30999755859375,5,0,0,1990-07-09,1990-07-13,0,True,True
1990-07-20,367.30999755859375,369.77999877929688,361.29000854492188,361.6099853515625,5,0,0,1990-07-16,1990-07-20,0,True,True
1990-07-27,361.6099853515625,361.6099853515625,350.08999633789062,353.44000244140625,5,0,0,1990-07-23,1990-07-27,0,True,True
1990-08-03,353.44000244140625,357.54000854492188,338.20001220703125,344.8599853515625,5,0,0,1990-07-30,1990-08-03,0,True,True
1990-08-10,344.8599853515625,344.8599853515625,332.22000122070312,335.51998901367188,5,0,0,1990-08-06,1990-08-10,0,True,True
1990-08-17,335.3900146484375,341.92001342773438,324.6300048828125,327.82998657226562,5,0,0,1990-08-13,1990-08-17,0,True,True
1990-08-24,327.82998657226562,329.89999389648438,306.17999267578125,311.510009765625,5,0,0,1990-08-20,1990-08-24,0,True,True
1990-08-31,311.54998779296875,325.82998657226562,311.54998779296875,322.55999755859375,5,0,0,1990-08-27,1990-08-31,0,True,True
1990-09-07,322.55999755859375,324.51998901367188,319.1099853515625,323.39999389648438,4,0,0,1990-09-04,1990-09-07,0,True,True
1990-09-14,323.42001342773438,326.52999877929688,314.760009765625,316.82998657226562,5,0,0,1990-09-10,1990-09-14,0,True,True
1990-09-21,316.82998657226562,319.35000610351562,307.98001098632812,311.32000732421875,5,0,0,1990-09-17,1990-09-21,0,True,True
1990-09-28,311.29998779296875,311.29998779296875,295.98001098632812,306.04998779296875,5,0,0,1990-09-24,1990-09-28,0,True,True
1990-10-05,306.10000610351562,319.69000244140625,305.760009765625,311.5,5,0,0,1990-10-01,1990-10-05,0,True,True
1990-10-12,311.5,315.02999877929688,294.510009765625,300.02999877929688,5,0,0,1990-10-08,1990-10-12,0,True,True
1990-10-19,300.02999877929688,312.48001098632812,296.41000366210938,312.48001098632812,5,0,0,1990-10-15,1990-10-19,0,True,True
1990-10-26,312.48001098632812,315.82998657226562,304.70999145507812,304.70999145507812,5,0,0,1990-10-22,1990-10-26,0,True,True
1990-11-02,304.739990234375,311.94000244140625,299.44000244140625,311.85000610351562,5,0,0,1990-10-29,1990-11-02,0,True,True
1990-11-09,311.85000610351562,314.760009765625,305.02999877929688,313.739990234375,5,0,0,1990-11-05,1990-11-09,0,True,True
1990-11-16,313.739990234375,321.70001220703125,313.73001098632812,317.1199951171875,5,0,0,1990-11-12,1990-11-16,0,True,True
1990-11-23,317.14999389648438,319.3900146484375,312.42001342773438,315.10000610351562,4,0,0,1990-11-19,1990-11-23,0,True,True
1990-11-30,315.07998657226562,323.01998901367188,311.48001098632812,322.22000122070312,5,0,0,1990-11-26,1990-11-30,0,True,True
1990-12-07,322.23001098632812,333.98001098632812,321.97000122070312,327.75,5,0,0,1990-12-03,1990-12-07,0,True,True
1990-12-14,327.75,330.57998657226562,325.16000366210938,326.82000732421875,5,0,0,1990-12-10,1990-12-14,0,True,True
1990-12-21,326.82000732421875,332.47000122070312,324.45999145507812,331.75,5,0,0,1990-12-17,1990-12-21,0,True,True
1990-12-28,331.739990234375,331.739990234375,327.239990234375,328.72000122070312,4,0,0,1990-12-24,1990-12-28,0,True,True
1991-01-04,328.70999145507812,330.75,318.8699951171875,321,4,0,0,1990-12-31,1991-01-04,0,True,True
1991-01-11,320.97000122070312,320.97000122070312,310.92999267578125,315.23001098632812,5,0,0,1991-01-07,1991-01-11,0,True,True
1991-01-18,315.23001098632812,332.23001098632812,309.35000610351562,332.23001098632812,5,0,0,1991-01-14,1991-01-18,0,True,True
1991-01-25,332.23001098632812,336.92001342773438,327.82998657226562,336.07000732421875,5,0,0,1991-01-21,1991-01-25,0,True,True
1991-02-01,336.05999755859375,344.89999389648438,334.260009765625,343.04998779296875,5,0,0,1991-01-28,1991-02-01,0,True,True
1991-02-08,343.04998779296875,363.42999267578125,342.95999145507812,359.35000610351562,5,0,0,1991-02-04,1991-02-08,0,True,True
1991-02-15,359.3599853515625,370.54000854492188,359.32000732421875,369.05999755859375,5,0,0,1991-02-11,1991-02-15,0,True,True
1991-02-22,369.05999755859375,370.95999145507812,364.23001098632812,365.64999389648438,4,0,0,1991-02-19,1991-02-22,0,True,True
1991-03-01,365.64999389648438,370.47000122070312,362.19000244140625,370.47000122070312,5,0,0,1991-02-25,1991-03-01,0,True,True
1991-03-08,370.47000122070312,379.66000366210938,369.07000732421875,374.95001220703125,5,0,0,1991-03-04,1991-03-08,0,True,True
1991-03-15,374.94000244140625,378.27999877929688,369.54998779296875,373.58999633789062,5,0,0,1991-03-11,1991-03-15,0,True,True
1991-03-22,373.58999633789062,374.08999633789062,365.57998657226562,367.48001098632812,5,0,0,1991-03-18,1991-03-22,0,True,True
1991-03-29,367.48001098632812,378.48001098632812,367.45999145507812,375.22000122070312,4,0,0,1991-03-25,1991-03-28,0,True,True
1991-04-05,375.22000122070312,381.8800048828125,370.26998901367188,375.3599853515625,5,0,0,1991-04-01,1991-04-05,0,True,True
1991-04-12,375.35000610351562,381.07000732421875,371.20999145507812,380.39999389648438,5,0,0,1991-04-08,1991-04-12,0,True,True
1991-04-19,380.39999389648438,391.260009765625,378.77999877929688,384.20001220703125,5,0,0,1991-04-15,1991-04-19,0,True,True
1991-04-26,384.19000244140625,384.19000244140625,376.76998901367188,379.01998901367188,5,0,0,1991-04-22,1991-04-26,0,True,True
1991-05-03,379.010009765625,382.1400146484375,373.010009765625,380.79998779296875,5,0,0,1991-04-29,1991-05-03,0,True,True
1991-05-10,380.77999877929688,383.91000366210938,375.6099853515625,375.739990234375,5,0,0,1991-05-06,1991-05-10,0,True,True
1991-05-17,375.739990234375,377.01998901367188,365.82998657226562,372.3900146484375,5,0,0,1991-05-13,1991-05-17,0,True,True
1991-05-24,372.3900146484375,378.07998657226562,371.260009765625,377.489990234375,5,0,0,1991-05-20,1991-05-24,0,True,True
1991-05-31,377.489990234375,389.85000610351562,377.1199951171875,389.82998657226562,4,0,0,1991-05-28,1991-05-31,0,True,True
1991-06-07,389.80999755859375,389.80999755859375,378.760009765625,379.42999267578125,5,0,0,1991-06-03,1991-06-07,0,True,True
1991-06-14,379.42999267578125,382.29998779296875,374.45999145507812,382.29000854492188,5,0,0,1991-06-10,1991-06-14,0,True,True
1991-06-21,382.29998779296875,382.30999755859375,373.8699951171875,377.75,5,0,0,1991-06-17,1991-06-21,0,True,True
1991-06-28,377.739990234375,377.739990234375,367.98001098632812,371.16000366210938,5,0,0,1991-06-24,1991-06-28,0,True,True
1991-07-05,371.17999267578125,377.92999267578125,371.17999267578125,374.07998657226562,4,0,0,1991-07-01,1991-07-05,0,True,True
1991-07-12,374.08999633789062,381.41000366210938,370.92001342773438,380.25,5,0,0,1991-07-08,1991-07-12,0,True,True
1991-07-19,380.27999877929688,385.82998657226562,380.239990234375,384.22000122070312,5,0,0,1991-07-15,1991-07-19,0,True,True
1991-07-26,384.20999145507812,384.8599853515625,378.14999389648438,380.92999267578125,5,0,0,1991-07-22,1991-07-26,0,True,True
1991-08-02,380.92999267578125,389.55999755859375,380.45001220703125,387.17999267578125,5,0,0,1991-07-29,1991-08-02,0,True,True
1991-08-09,387.17001342773438,391.79998779296875,384.29000854492188,387.1199951171875,5,0,0,1991-08-05,1991-08-09,0,True,True
1991-08-16,387.1099853515625,392.1199951171875,383.16000366210938,385.57998657226562,5,0,0,1991-08-12,1991-08-16,0,True,True
1991-08-23,385.57998657226562,395.33999633789062,374.08999633789062,394.17001342773438,5,0,0,1991-08-19,1991-08-23,0,True,True
1991-08-30,394.17001342773438,396.82000732421875,391.76998901367188,395.42999267578125,5,0,0,1991-08-26,1991-08-30,0,True,True
1991-09-06,395.42999267578125,397.6199951171875,387.3599853515625,389.10000610351562,4,0,0,1991-09-03,1991-09-06,0,True,True
1991-09-13,389.1099853515625,389.33999633789062,382.85000610351562,383.58999633789062,5,0,0,1991-09-09,1991-09-13,0,True,True
1991-09-20,383.58999633789062,389.42001342773438,382.76998901367188,387.92001342773438,5,0,0,1991-09-16,1991-09-20,0,True,True
1991-09-27,387.89999389648438,389.08999633789062,384.45999145507812,385.89999389648438,5,0,0,1991-09-23,1991-09-27,0,True,True
1991-10-04,385.91000366210938,390.02999877929688,381.239990234375,381.25,5,0,0,1991-09-30,1991-10-04,0,True,True
1991-10-11,381.22000122070312,381.45999145507812,376.1099853515625,381.45001220703125,5,0,0,1991-10-07,1991-10-11,0,True,True
1991-10-18,381.45001220703125,393.80999755859375,381.45001220703125,392.5,5,0,0,1991-10-14,1991-10-18,0,True,True
1991-10-25,392.489990234375,392.489990234375,382.97000122070312,384.20001220703125,5,0,0,1991-10-21,1991-10-25,0,True,True
1991-11-01,384.20001220703125,395.10000610351562,384.20001220703125,391.32000732421875,5,0,0,1991-10-28,1991-11-01,0,True,True
1991-11-08,391.29000854492188,396.42999267578125,387.57998657226562,392.8900146484375,5,0,0,1991-11-04,1991-11-08,0,True,True
1991-11-15,392.89999389648438,398.22000122070312,382.6199951171875,382.6199951171875,5,0,0,1991-11-11,1991-11-15,0,True,True
1991-11-22,382.6199951171875,385.39999389648438,374.51998901367188,376.1400146484375,5,0,0,1991-11-18,1991-11-22,0,True,True
1991-11-29,376.1400146484375,378.29000854492188,371.6300048828125,375.22000122070312,4,0,0,1991-11-25,1991-11-29,0,True,True
1991-12-06,375.1099853515625,382.3900146484375,371.3599853515625,379.10000610351562,5,0,0,1991-12-02,1991-12-06,0,True,True
1991-12-13,379.08999633789062,385.04000854492188,374.77999877929688,384.47000122070312,5,0,0,1991-12-09,1991-12-13,0,True,True
1991-12-20,384.48001098632812,388.239990234375,380.6400146484375,387.04000854492188,5,0,0,1991-12-16,1991-12-20,0,True,True
1991-12-27,387.04998779296875,406.57998657226562,386.95999145507812,406.45999145507812,4,0,0,1991-12-23,1991-12-27,0,True,True
1992-01-03,406.489990234375,419.79000854492188,406.489990234375,419.33999633789062,4,0,0,1991-12-30,1992-01-03,0,True,True
1992-01-10,419.30999755859375,420.5,413.30999755859375,415.10000610351562,5,0,0,1992-01-06,1992-01-10,0,True,True
1992-01-17,415.04998779296875,421.17999267578125,413.54000854492188,418.8599853515625,5,0,0,1992-01-13,1992-01-17,0,True,True
1992-01-24,418.8599853515625,419.77999877929688,411.32000732421875,415.48001098632812,5,0,0,1992-01-20,1992-01-24,0,True,True
1992-01-31,415.44000244140625,417.82998657226562,408.6400146484375,408.77999877929688,5,0,0,1992-01-27,1992-01-31,0,True,True
1992-02-07,408.79000854492188,416.17001342773438,407.45001220703125,411.08999633789062,5,0,0,1992-02-03,1992-02-07,0,True,True
1992-02-14,411.07000732421875,418.07998657226562,411.07000732421875,412.48001098632812,5,0,0,1992-02-10,1992-02-14,0,True,True
1992-02-21,412.48001098632812,414.260009765625,406.33999633789062,411.42999267578125,4,0,0,1992-02-18,1992-02-21,0,True,True
1992-02-28,411.45999145507812,416.07000732421875,408.01998901367188,412.70001220703125,5,0,0,1992-02-24,1992-02-28,0,True,True
1992-03-06,412.67999267578125,413.77999877929688,403.64999389648438,404.44000244140625,5,0,0,1992-03-02,1992-03-06,0,True,True
1992-03-13,404.45001220703125,409.16000366210938,401.94000244140625,405.83999633789062,5,0,0,1992-03-09,1992-03-13,0,True,True
1992-03-20,405.85000610351562,411.29998779296875,403.54998779296875,411.29998779296875,5,0,0,1992-03-16,1992-03-20,0,True,True
1992-03-27,411.29000854492188,411.42999267578125,402.8699951171875,403.5,5,0,0,1992-03-23,1992-03-27,0,True,True
1992-04-03,403.5,405.20999145507812,398.20999145507812,401.54998779296875,5,0,0,1992-03-30,1992-04-03,0,True,True
1992-04-10,401.54000854492188,405.92999267578125,392.41000366210938,404.29000854492188,5,0,0,1992-04-06,1992-04-10,0,True,True
1992-04-17,404.27999877929688,416.27999877929688,403.89999389648438,416.04000854492188,4,0,0,1992-04-13,1992-04-16,0,True,True
1992-04-24,416.04998779296875,416.04998779296875,406.8599853515625,409.01998901367188,5,0,0,1992-04-20,1992-04-24,0,True,True
1992-05-01,409.02999877929688,415.20999145507812,406.32998657226562,412.52999877929688,5,0,0,1992-04-27,1992-05-01,0,True,True
1992-05-08,412.54000854492188,418.52999877929688,412.54000854492188,416.04998779296875,5,0,0,1992-05-04,1992-05-08,0,True,True
1992-05-15,416.04998779296875,418.75,409.85000610351562,410.08999633789062,5,0,0,1992-05-11,1992-05-15,0,True,True
1992-05-22,410.1300048828125,416.82998657226562,410.1300048828125,414.01998901367188,5,0,0,1992-05-18,1992-05-22,0,True,True
1992-05-29,414.01998901367188,418.3599853515625,410.23001098632812,415.35000610351562,4,0,0,1992-05-26,1992-05-29,0,True,True
1992-06-05,415.35000610351562,417.29998779296875,410.97000122070312,413.48001098632812,5,0,0,1992-06-01,1992-06-05,0,True,True
1992-06-12,413.48001098632812,413.95001220703125,406.1099853515625,409.760009765625,5,0,0,1992-06-08,1992-06-12,0,True,True
1992-06-19,409.760009765625,411.67999267578125,400.510009765625,403.67001342773438,5,0,0,1992-06-15,1992-06-19,0,True,True
1992-06-26,403.6400146484375,405.52999877929688,399.92001342773438,403.45001220703125,5,0,0,1992-06-22,1992-06-26,0,True,True
1992-07-03,403.47000122070312,415.70999145507812,403.47000122070312,411.76998901367188,4,0,0,1992-06-29,1992-07-02,0,True,True
1992-07-10,411.76998901367188,415.8800048828125,407.20001220703125,414.6199951171875,5,0,0,1992-07-06,1992-07-10,0,True,True
1992-07-17,414.6199951171875,417.92999267578125,412.95999145507812,415.6199951171875,5,0,0,1992-07-13,1992-07-17,0,True,True
1992-07-24,415.6199951171875,415.6199951171875,409.80999755859375,411.60000610351562,5,0,0,1992-07-20,1992-07-24,0,True,True
1992-07-31,411.60000610351562,424.79998779296875,411.26998901367188,424.20999145507812,5,0,0,1992-07-27,1992-07-31,0,True,True
1992-08-07,424.19000244140625,425.1400146484375,418.510009765625,418.8800048828125,5,0,0,1992-08-03,1992-08-07,0,True,True
1992-08-14,418.8699951171875,420.39999389648438,416.39999389648438,419.91000366210938,5,0,0,1992-08-10,1992-08-14,0,True,True
1992-08-21,419.8900146484375,421.8900146484375,413.57998657226562,414.85000610351562,5,0,0,1992-08-17,1992-08-21,0,True,True
1992-08-28,414.79998779296875,415.82998657226562,408.29998779296875,414.83999633789062,5,0,0,1992-08-24,1992-08-28,0,True,True
1992-09-04,414.8699951171875,420.30999755859375,413.35000610351562,417.07998657226562,5,0,0,1992-08-31,1992-09-04,0,True,True
1992-09-11,417.07998657226562,420.57998657226562,414.29998779296875,419.57998657226562,4,0,0,1992-09-08,1992-09-11,0,True,True
1992-09-18,419.64999389648438,425.26998901367188,417.76998901367188,422.92999267578125,5,0,0,1992-09-14,1992-09-18,0,True,True
1992-09-25,422.89999389648438,422.89999389648438,412.70999145507812,414.35000610351562,5,0,0,1992-09-21,1992-09-25,0,True,True
1992-10-02,414.35000610351562,418.67001342773438,410.45001220703125,410.47000122070312,5,0,0,1992-09-28,1992-10-02,0,True,True
1992-10-09,410.47000122070312,410.47000122070312,396.79998779296875,402.66000366210938,5,0,0,1992-10-05,1992-10-09,0,True,True
1992-10-16,402.66000366210938,411.73001098632812,402.66000366210938,411.73001098632812,5,0,0,1992-10-12,1992-10-16,0,True,True
1992-10-23,411.73001098632812,417.98001098632812,410.66000366210938,414.10000610351562,5,0,0,1992-10-19,1992-10-23,0,True,True
1992-10-30,414.08999633789062,421.16000366210938,413.70999145507812,418.67999267578125,5,0,0,1992-10-26,1992-10-30,0,True,True
1992-11-06,418.66000366210938,422.80999755859375,415.57998657226562,417.57998657226562,5,0,0,1992-11-02,1992-11-06,0,True,True
1992-11-13,417.57998657226562,423.10000610351562,416.79000854492188,422.42999267578125,5,0,0,1992-11-09,1992-11-13,0,True,True
1992-11-20,422.44000244140625,426.98001098632812,418.30999755859375,426.64999389648438,5,0,0,1992-11-16,1992-11-20,0,True,True
1992-11-27,426.64999389648438,431.92999267578125,424.82998657226562,430.16000366210938,4,0,0,1992-11-23,1992-11-27,0,True,True
1992-12-04,430.19000244140625,432.8900146484375,428.6099853515625,432.05999755859375,5,0,0,1992-11-30,1992-12-04,0,True,True
1992-12-11,432.05999755859375,436.989990234375,432.05999755859375,433.73001098632812,5,0,0,1992-12-07,1992-12-11,0,True,True
1992-12-18,433.73001098632812,441.29000854492188,430.8800048828125,441.27999877929688,5,0,0,1992-12-14,1992-12-18,0,True,True
1992-12-25,441.260009765625,441.6400146484375,438.25,439.76998901367188,4,0,0,1992-12-21,1992-12-24,0,True,True
1993-01-01,439.76998901367188,442.64999389648438,435.70999145507812,435.70999145507812,4,0,0,1992-12-28,1992-12-31,0,True,True
1993-01-08,435.70001220703125,437.32000732421875,426.8800048828125,429.04998779296875,5,0,0,1993-01-04,1993-01-08,0,True,True
1993-01-15,429.04000854492188,439.489990234375,428.19000244140625,437.14999389648438,5,0,0,1993-01-11,1993-01-15,0,True,True
1993-01-22,437.1300048828125,437.80999755859375,432.48001098632812,436.1099853515625,5,0,0,1993-01-18,1993-01-22,0,True,True
1993-01-29,436.1099853515625,442.66000366210938,436.1099853515625,438.77999877929688,5,0,0,1993-01-25,1993-01-29,0,True,True
1993-02-05,438.77999877929688,449.8599853515625,438.77999877929688,448.92999267578125,5,0,0,1993-02-01,1993-02-05,0,True,True
1993-02-12,448.94000244140625,450.04000854492188,444.239990234375,444.57998657226562,5,0,0,1993-02-08,1993-02-12,0,True,True
1993-02-19,444.52999877929688,444.52999877929688,428.25,434.22000122070312,4,0,0,1993-02-16,1993-02-19,0,True,True
1993-02-26,434.20999145507812,443.76998901367188,432.41000366210938,443.3800048828125,5,0,0,1993-02-22,1993-02-26,0,True,True
1993-03-05,443.3800048828125,450,441.07000732421875,446.1099853515625,5,0,0,1993-03-01,1993-03-05,0,True,True
1993-03-12,446.1199951171875,456.760009765625,446.1199951171875,449.82998657226562,5,0,0,1993-03-08,1993-03-12,0,True,True
1993-03-19,449.82998657226562,453.32000732421875,447.989990234375,450.17999267578125,5,0,0,1993-03-15,1993-03-19,0,True,True
1993-03-26,450.17001342773438,452.08999633789062,446.07998657226562,447.77999877929688,5,0,0,1993-03-22,1993-03-26,0,True,True
1993-04-02,447.760009765625,454.8800048828125,440.70999145507812,441.3900146484375,5,0,0,1993-03-29,1993-04-02,0,True,True
1993-04-09,441.42001342773438,443.76998901367188,439.48001098632812,441.83999633789062,4,0,0,1993-04-05,1993-04-08,0,True,True
1993-04-16,441.83999633789062,450.39999389648438,441.83999633789062,448.94000244140625,5,0,0,1993-04-12,1993-04-16,0,True,True
1993-04-23,448.94000244140625,449.1400146484375,436.82000732421875,437.02999877929688,5,0,0,1993-04-19,1993-04-23,0,True,True
1993-04-30,437.02999877929688,442.29000854492188,432.29998779296875,440.19000244140625,5,0,0,1993-04-26,1993-04-30,0,True,True
1993-05-07,440.19000244140625,446.08999633789062,438.25,442.30999755859375,5,0,0,1993-05-03,1993-05-07,0,True,True
1993-05-14,442.33999633789062,445.42001342773438,438.10000610351562,439.55999755859375,5,0,0,1993-05-10,1993-05-14,0,True,True
1993-05-21,439.55999755859375,450.58999633789062,436.8599853515625,445.83999633789062,5,0,0,1993-05-17,1993-05-21,0,True,True
1993-05-28,445.83999633789062,454.54998779296875,445.260009765625,450.19000244140625,5,0,0,1993-05-24,1993-05-28,0,True,True
1993-06-04,450.23001098632812,455.6300048828125,448.92001342773438,450.05999755859375,4,0,0,1993-06-01,1993-06-04,0,True,True
1993-06-11,450.07000732421875,450.75,444.08999633789062,447.260009765625,5,0,0,1993-06-07,1993-06-11,0,True,True
1993-06-18,447.260009765625,448.98001098632812,443.6099853515625,443.67999267578125,5,0,0,1993-06-14,1993-06-18,0,True,True
1993-06-25,443.67999267578125,448.6400146484375,442.5,447.60000610351562,5,0,0,1993-06-21,1993-06-25,0,True,True
1993-07-02,447.60000610351562,451.89999389648438,445.20001220703125,445.83999633789062,5,0,0,1993-06-28,1993-07-02,0,True,True
1993-07-09,445.8599853515625,448.94000244140625,441.39999389648438,448.1099853515625,4,0,0,1993-07-06,1993-07-09,0,True,True
1993-07-16,448.1300048828125,451.1199951171875,445.66000366210938,445.75,5,0,0,1993-07-12,1993-07-16,0,True,True
1993-07-23,445.75,447.6300048828125,443.70999145507812,447.10000610351562,5,0,0,1993-07-19,1993-07-23,0,True,True
1993-07-30,447.05999755859375,450.76998901367188,446.58999633789062,448.1300048828125,5,0,0,1993-07-26,1993-07-30,0,True,True
1993-08-06,448.1300048828125,450.42999267578125,446.94000244140625,448.67999267578125,5,0,0,1993-08-02,1993-08-06,0,True,True
1993-08-13,448.67999267578125,451.6300048828125,447.52999877929688,450.1400146484375,5,0,0,1993-08-09,1993-08-13,0,True,True
1993-08-20,450.25,456.989990234375,450.25,456.16000366210938,5,0,0,1993-08-16,1993-08-20,0,True,True
1993-08-27,456.1199951171875,462.8699951171875,454.29000854492188,460.54000854492188,5,0,0,1993-08-23,1993-08-27,0,True,True
1993-09-03,460.54000854492188,463.79998779296875,459.91000366210938,461.33999633789062,5,0,0,1993-08-30,1993-09-03,0,True,True
1993-09-10,461.33999633789062,462.07000732421875,453.75,461.72000122070312,4,0,0,1993-09-07,1993-09-10,0,True,True
1993-09-17,461.70001220703125,463.3800048828125,456.30999755859375,458.82998657226562,5,0,0,1993-09-13,1993-09-17,0,True,True
1993-09-24,458.83999633789062,459.91000366210938,449.6400146484375,457.6300048828125,5,0,0,1993-09-20,1993-09-24,0,True,True
1993-10-01,457.6300048828125,462.17001342773438,457.6300048828125,461.27999877929688,5,0,0,1993-09-27,1993-10-01,0,True,True
1993-10-08,461.27999877929688,463.14999389648438,456.39999389648438,460.30999755859375,5,0,0,1993-10-04,1993-10-08,0,True,True
1993-10-15,460.30999755859375,471.10000610351562,460.30999755859375,469.5,5,0,0,1993-10-11,1993-10-15,0,True,True
1993-10-22,469.5,470.04000854492188,463.26998901367188,463.26998901367188,5,0,0,1993-10-18,1993-10-22,0,True,True
1993-10-29,463.26998901367188,468.760009765625,462.04998779296875,467.82998657226562,5,0,0,1993-10-25,1993-10-29,0,True,True
1993-11-05,467.82998657226562,469.1099853515625,454.3599853515625,459.57000732421875,5,0,0,1993-11-01,1993-11-05,0,True,True
1993-11-12,459.57000732421875,465.83999633789062,458.77999877929688,465.3900146484375,5,0,0,1993-11-08,1993-11-12,0,True,True
1993-11-19,465.3900146484375,467.239990234375,460.02999877929688,462.60000610351562,5,0,0,1993-11-15,1993-11-19,0,True,True
1993-11-26,462.60000610351562,463.6300048828125,457.07998657226562,463.05999755859375,4,0,0,1993-11-22,1993-11-26,0,True,True
1993-12-03,463.05999755859375,464.8900146484375,460.45001220703125,464.8900146484375,5,0,0,1993-11-29,1993-12-03,0,True,True
1993-12-10,464.8900146484375,466.8900146484375,462.66000366210938,463.92999267578125,5,0,0,1993-12-06,1993-12-10,0,True,True
1993-12-17,463.92999267578125,466.3800048828125,461.83999633789062,466.3800048828125,5,0,0,1993-12-13,1993-12-17,0,True,True
1993-12-24,466.3800048828125,468.97000122070312,464.02999877929688,467.3800048828125,4,0,0,1993-12-20,1993-12-23,0,True,True
1993-12-31,467.39999389648438,471.29000854492188,466.45001220703125,466.45001220703125,5,0,0,1993-12-27,1993-12-31,0,True,True
1994-01-07,466.510009765625,470.260009765625,464.3599853515625,469.89999389648438,5,0,0,1994-01-03,1994-01-07,0,True,True
1994-01-14,469.89999389648438,475.32000732421875,469.54998779296875,474.91000366210938,5,0,0,1994-01-10,1994-01-14,0,True,True
1994-01-21,474.91000366210938,475.55999755859375,472.20999145507812,474.72000122070312,5,0,0,1994-01-17,1994-01-21,0,True,True
1994-01-28,474.72000122070312,479.75,470.26998901367188,478.70001220703125,5,0,0,1994-01-24,1994-01-28,0,True,True
1994-02-04,478.70001220703125,482.85000610351562,469.27999877929688,469.80999755859375,5,0,0,1994-01-31,1994-02-04,0,True,True
1994-02-11,469.80999755859375,473.41000366210938,466.8900146484375,470.17999267578125,5,0,0,1994-02-07,1994-02-11,0,True,True
1994-02-18,470.17999267578125,475.1199951171875,466.07000732421875,467.69000244140625,5,0,0,1994-02-14,1994-02-18,0,True,True
1994-02-25,467.69000244140625,472.41000366210938,464.260009765625,466.07000732421875,4,0,0,1994-02-22,1994-02-25,0,True,True
1994-03-04,466.07000732421875,469.16000366210938,457.489990234375,464.739990234375,5,0,0,1994-02-28,1994-03-04,0,True,True
1994-03-11,464.739990234375,468.07000732421875,462.45999145507812,466.44000244140625,5,0,0,1994-03-07,1994-03-11,0,True,True
1994-03-18,466.44000244140625,471.08999633789062,465.48001098632812,471.05999755859375,5,0,0,1994-03-14,1994-03-18,0,True,True
1994-03-25,471.05999755859375,471.05999755859375,460.57998657226562,460.57998657226562,5,0,0,1994-03-21,1994-03-25,0,True,True
1994-04-01,460.57998657226562,461.1199951171875,436.16000366210938,445.76998901367188,4,0,0,1994-03-28,1994-03-31,0,True,True
1994-04-08,445.66000366210938,451.10000610351562,435.8599853515625,447.10000610351562,5,0,0,1994-04-04,1994-04-08,0,True,True
1994-04-15,447.1199951171875,450.79998779296875,442.6199951171875,446.17999267578125,5,0,0,1994-04-11,1994-04-15,0,True,True
1994-04-22,446.26998901367188,449.95999145507812,438.82998657226562,447.6300048828125,5,0,0,1994-04-18,1994-04-22,0,True,True
1994-04-29,447.6400146484375,452.79000854492188,447.57998657226562,450.91000366210938,4,0,0,1994-04-25,1994-04-29,0,True,True
1994-05-06,450.91000366210938,453.98001098632812,445.6400146484375,447.82000732421875,5,0,0,1994-05-02,1994-05-06,0,True,True
1994-05-13,447.82000732421875,447.82000732421875,440.77999877929688,444.1400146484375,5,0,0,1994-05-09,1994-05-13,0,True,True
1994-05-20,444.14999389648438,456.8800048828125,443.6199951171875,454.92001342773438,5,0,0,1994-05-16,1994-05-20,0,True,True
1994-05-27,454.92001342773438,457.76998901367188,451.79000854492188,457.32998657226562,5,0,0,1994-05-23,1994-05-27,0,True,True
1994-06-03,457.32000732421875,460.8599853515625,453.989990234375,460.1300048828125,4,0,0,1994-05-31,1994-06-03,0,True,True
1994-06-10,460.1300048828125,461.8699951171875,455.42999267578125,458.67001342773438,5,0,0,1994-06-06,1994-06-10,0,True,True
1994-06-17,458.67001342773438,463.23001098632812,457.17999267578125,458.45001220703125,5,0,0,1994-06-13,1994-06-17,0,True,True
1994-06-24,458.45001220703125,458.45001220703125,442.510009765625,442.79998779296875,5,0,0,1994-06-20,1994-06-24,0,True,True
1994-07-01,442.77999877929688,449.82998657226562,439.82998657226562,446.20001220703125,5,0,0,1994-06-27,1994-07-01,0,True,True
1994-07-08,446.20001220703125,449.75,444.17999267578125,449.54998779296875,4,0,0,1994-07-05,1994-07-08,0,True,True
1994-07-15,449.55999755859375,454.32998657226562,444.64999389648438,454.16000366210938,5,0,0,1994-07-11,1994-07-15,0,True,True
1994-07-22,454.41000366210938,455.70999145507812,450.69000244140625,453.1099853515625,5,0,0,1994-07-18,1994-07-22,0,True,True
1994-07-29,453.10000610351562,459.32998657226562,451.3599853515625,458.260009765625,5,0,0,1994-07-25,1994-07-29,0,True,True
1994-08-05,458.27999877929688,462.76998901367188,456.07998657226562,457.08999633789062,5,0,0,1994-08-01,1994-08-05,0,True,True
1994-08-12,457.07998657226562,462.26998901367188,456.66000366210938,461.94000244140625,5,0,0,1994-08-08,1994-08-12,0,True,True
1994-08-19,461.97000122070312,465.91000366210938,459.8900146484375,463.67999267578125,5,0,0,1994-08-15,1994-08-19,0,True,True
1994-08-26,463.6099853515625,474.64999389648438,461.45999145507812,473.79998779296875,5,0,0,1994-08-22,1994-08-26,0,True,True
1994-09-02,473.8900146484375,477.58999633789062,470.67001342773438,470.989990234375,5,0,0,1994-08-29,1994-09-02,0,True,True
1994-09-09,471,473.39999389648438,466.54998779296875,468.17999267578125,4,0,0,1994-09-06,1994-09-09,0,True,True
1994-09-16,468.17999267578125,474.80999755859375,466.14999389648438,471.19000244140625,5,0,0,1994-09-12,1994-09-16,0,True,True
1994-09-23,471.20999145507812,473.14999389648438,458.47000122070312,459.67001342773438,5,0,0,1994-09-19,1994-09-23,0,True,True
1994-09-30,459.64999389648438,465.54998779296875,459.30999755859375,462.70999145507812,5,0,0,1994-09-26,1994-09-30,0,True,True
1994-10-07,462.69000244140625,463.30999755859375,449.26998901367188,455.10000610351562,5,0,0,1994-10-03,1994-10-07,0,True,True
1994-10-14,455.1199951171875,471.29998779296875,455.1199951171875,469.10000610351562,5,0,0,1994-10-10,1994-10-14,0,True,True
1994-10-21,469.1099853515625,471.42999267578125,463.82998657226562,464.8900146484375,5,0,0,1994-10-17,1994-10-21,0,True,True
1994-10-28,464.8900146484375,473.77999877929688,458.260009765625,473.76998901367188,5,0,0,1994-10-24,1994-10-28,0,True,True
1994-11-04,473.760009765625,474.739990234375,462.27999877929688,462.27999877929688,5,0,0,1994-10-31,1994-11-04,0,True,True
1994-11-11,462.30999755859375,469.95001220703125,461.25,462.35000610351562,5,0,0,1994-11-07,1994-11-11,0,True,True
1994-11-18,462.44000244140625,468.510009765625,460.25,461.47000122070312,5,0,0,1994-11-14,1994-11-18,0,True,True
1994-11-25,461.69000244140625,463.41000366210938,444.17999267578125,452.29000854492188,4,0,0,1994-11-21,1994-11-25,0,True,True
1994-12-02,452.260009765625,457.1300048828125,447.97000122070312,453.29998779296875,5,0,0,1994-11-28,1994-12-02,0,True,True
1994-12-09,453.29998779296875,455.04000854492188,442.8800048828125,446.95999145507812,5,0,0,1994-12-05,1994-12-09,0,True,True
1994-12-16,446.95001220703125,458.79998779296875,445.6199951171875,458.79998779296875,5,0,0,1994-12-12,1994-12-16,0,True,True
1994-12-23,458.77999877929688,461.70001220703125,456.3699951171875,459.82998657226562,5,0,0,1994-12-19,1994-12-23,0,True,True
1994-12-30,459.85000610351562,462.73001098632812,459,459.26998901367188,4,0,0,1994-12-27,1994-12-30,0,True,True
1995-01-06,459.20999145507812,462.489990234375,457.20001220703125,460.67999267578125,4,0,0,1995-01-03,1995-01-06,0,True,True
1995-01-13,460.67001342773438,466.42999267578125,458.64999389648438,465.97000122070312,5,0,0,1995-01-09,1995-01-13,0,True,True
1995-01-20,465.97000122070312,470.42999267578125,463.989990234375,464.77999877929688,5,0,0,1995-01-16,1995-01-20,0,True,True
1995-01-27,464.77999877929688,471.3599853515625,461.1400146484375,470.3900146484375,5,0,0,1995-01-23,1995-01-27,0,True,True
1995-02-03,470.3900146484375,479.91000366210938,467.489990234375,478.64999389648438,5,0,0,1995-01-30,1995-02-03,0,True,True
1995-02-10,478.6400146484375,482.60000610351562,478.3599853515625,481.45999145507812,5,0,0,1995-02-06,1995-02-10,0,True,True
1995-02-17,481.45999145507812,485.54000854492188,480.8900146484375,481.97000122070312,5,0,0,1995-02-13,1995-02-17,0,True,True
1995-02-24,481.95001220703125,489.19000244140625,481.94000244140625,488.1099853515625,4,0,0,1995-02-21,1995-02-24,0,True,True
1995-03-03,488.260009765625,488.260009765625,483.07000732421875,485.42001342773438,5,0,0,1995-02-27,1995-03-03,0,True,True
1995-03-10,485.42001342773438,490.3699951171875,479.70001220703125,489.57000732421875,5,0,0,1995-03-06,1995-03-10,0,True,True
1995-03-17,489.57000732421875,496.67001342773438,489.35000610351562,495.51998901367188,5,0,0,1995-03-13,1995-03-17,0,True,True
1995-03-24,495.51998901367188,500.97000122070312,493.67001342773438,500.97000122070312,5,0,0,1995-03-20,1995-03-24,0,True,True
1995-03-31,500.97000122070312,508.14999389648438,495.70001220703125,500.70999145507812,5,0,0,1995-03-27,1995-03-31,0,True,True
1995-04-07,500.70001220703125,507.19000244140625,500.20001220703125,506.42001342773438,5,0,0,1995-04-03,1995-04-07,0,True,True
1995-04-14,506.29998779296875,509.82998657226562,504.6099853515625,509.23001098632812,4,0,0,1995-04-10,1995-04-13,0,True,True
1995-04-21,509.23001098632812,512.030029296875,501.19000244140625,508.489990234375,5,0,0,1995-04-17,1995-04-21,0,True,True
1995-04-28,508.489990234375,515.28997802734375,507.44000244140625,514.71002197265625,5,0,0,1995-04-24,1995-04-28,0,True,True
1995-05-05,514.760009765625,525.4000244140625,513.030029296875,520.1199951171875,5,0,0,1995-05-01,1995-05-05,0,True,True
1995-05-12,520.09002685546875,527.04998779296875,519.1400146484375,525.54998779296875,5,0,0,1995-05-08,1995-05-12,0,True,True
1995-05-19,525.54998779296875,529.08001708984375,517.07000732421875,519.19000244140625,5,0,0,1995-05-15,1995-05-19,0,True,True
1995-05-26,519.19000244140625,531.90997314453125,519.19000244140625,523.6500244140625,5,0,0,1995-05-22,1995-05-26,0,True,True
1995-06-02,523.6500244140625,536.90997314453125,521.3800048828125,532.510009765625,4,0,0,1995-05-30,1995-06-02,0,True,True
1995-06-09,532.510009765625,537.72998046875,526,527.94000244140625,5,0,0,1995-06-05,1995-06-09,0,True,True
1995-06-16,527.94000244140625,539.97998046875,527.94000244140625,539.83001708984375,5,0,0,1995-06-12,1995-06-16,0,True,True
1995-06-23,539.83001708984375,551.07000732421875,539.83001708984375,549.71002197265625,5,0,0,1995-06-19,1995-06-23,0,True,True
1995-06-30,549.71002197265625,549.78997802734375,540.719970703125,544.75,5,0,0,1995-06-26,1995-06-30,0,True,True
1995-07-07,544.75,556.57000732421875,544.42999267578125,556.3699951171875,4,0,0,1995-07-03,1995-07-07,0,True,True
1995-07-14,556.3699951171875,562,553.79998779296875,559.8900146484375,5,0,0,1995-07-10,1995-07-14,0,True,True
1995-07-21,560.34002685546875,562.94000244140625,542.510009765625,553.6199951171875,5,0,0,1995-07-17,1995-07-21,0,True,True
1995-07-28,553.6199951171875,565.4000244140625,553.6199951171875,562.92999267578125,5,0,0,1995-07-24,1995-07-28,0,True,True
1995-08-04,562.92999267578125,565.6199951171875,554.0999755859375,558.94000244140625,5,0,0,1995-07-31,1995-08-04,0,True,True
1995-08-11,558.94000244140625,561.59002685546875,553.03997802734375,555.1099853515625,5,0,0,1995-08-07,1995-08-11,0,True,True
1995-08-18,555.1099853515625,561.239990234375,554.760009765625,559.21002197265625,5,0,0,1995-08-14,1995-08-18,0,True,True
1995-08-25,559.21002197265625,563.34002685546875,555.20001220703125,560.0999755859375,5,0,0,1995-08-21,1995-08-25,0,True,True
1995-09-01,560.0999755859375,564.6199951171875,555.71002197265625,563.84002685546875,5,0,0,1995-08-28,1995-09-01,0,True,True
1995-09-08,563.8599853515625,572.67999267578125,563.84002685546875,572.67999267578125,4,0,0,1995-09-05,1995-09-08,0,True,True
1995-09-15,572.67999267578125,585.07000732421875,572.67999267578125,583.3499755859375,5,0,0,1995-09-11,1995-09-15,0,True,True
1995-09-22,583.3499755859375,586.78997802734375,578.25,581.72998046875,5,0,0,1995-09-18,1995-09-22,0,True,True
1995-09-29,581.72998046875,587.6099853515625,574.67999267578125,584.40997314453125,5,0,0,1995-09-25,1995-09-29,0,True,True
1995-10-06,584.40997314453125,585.04998779296875,578.47998046875,582.489990234375,5,0,0,1995-10-02,1995-10-06,0,True,True
1995-10-13,582.489990234375,587.3900146484375,571.54998779296875,584.5,5,0,0,1995-10-09,1995-10-13,0,True,True
1995-10-20,584.5,590.65997314453125,581.9000244140625,587.46002197265625,5,0,0,1995-10-16,1995-10-20,0,True,True
1995-10-27,587.46002197265625,587.46002197265625,572.530029296875,579.70001220703125,5,0,0,1995-10-23,1995-10-27,0,True,True
1995-11-03,579.70001220703125,590.57000732421875,579.70001220703125,590.57000732421875,5,0,0,1995-10-30,1995-11-03,0,True,True
1995-11-10,590.57000732421875,593.9000244140625,584.239990234375,592.719970703125,5,0,0,1995-11-06,1995-11-10,0,True,True
1995-11-17,592.719970703125,600.1400146484375,588.3599853515625,600.07000732421875,5,0,0,1995-11-13,1995-11-17,0,True,True
1995-11-24,600.07000732421875,600.71002197265625,595.41998291015625,599.969970703125,4,0,0,1995-11-20,1995-11-24,0,True,True
1995-12-01,599.969970703125,608.69000244140625,599.02001953125,606.97998046875,5,0,0,1995-11-27,1995-12-01,0,True,True
1995-12-08,606.97998046875,621.1099853515625,606.84002685546875,617.47998046875,5,0,0,1995-12-04,1995-12-08,0,True,True
1995-12-15,617.47998046875,622.8800048828125,614.46002197265625,616.34002685546875,5,0,0,1995-12-11,1995-12-15,0,True,True
1995-12-22,616.34002685546875,616.34002685546875,605.04998779296875,611.95001220703125,5,0,0,1995-12-18,1995-12-22,0,True,True
1995-12-29,611.96002197265625,615.92999267578125,611.96002197265625,615.92999267578125,4,0,0,1995-12-26,1995-12-29,0,True,True
1996-01-05,615.92999267578125,624.489990234375,612.02001953125,616.71002197265625,4,0,0,1996-01-02,1996-01-05,0,True,True
1996-01-12,616.71002197265625,619.1500244140625,597.28997802734375,601.80999755859375,5,0,0,1996-01-08,1996-01-12,0,True,True
1996-01-19,601.80999755859375,612.91998291015625,598.469970703125,611.83001708984375,5,0,0,1996-01-15,1996-01-19,0,True,True
1996-01-26,611.83001708984375,621.70001220703125,610.6500244140625,621.6199951171875,5,0,0,1996-01-22,1996-01-26,0,True,True
1996-02-02,621.6199951171875,639.260009765625,621.41998291015625,635.84002685546875,5,0,0,1996-01-29,1996-02-02,0,True,True
1996-02-09,635.84002685546875,661.08001708984375,633.71002197265625,656.3699951171875,5,0,0,1996-02-05,1996-02-09,0,True,True
1996-02-16,656.3699951171875,664.22998046875,646.989990234375,647.97998046875,5,0,0,1996-02-12,1996-02-16,0,True,True
1996-02-23,647.97998046875,663,638.78997802734375,659.08001708984375,4,0,0,1996-02-20,1996-02-23,0,True,True
1996-03-01,659.08001708984375,659.08001708984375,635,644.3699951171875,5,0,0,1996-02-26,1996-03-01,0,True,True
1996-03-08,644.3699951171875,656.969970703125,627.6300048828125,633.5,5,0,0,1996-03-04,1996-03-08,0,True,True
1996-03-15,633.5,644.16998291015625,628.82000732421875,641.42999267578125,5,0,0,1996-03-11,1996-03-15,0,True,True
1996-03-22,641.42999267578125,656.17999267578125,641.42999267578125,650.6199951171875,5,0,0,1996-03-18,1996-03-22,0,True,True
1996-03-29,650.6199951171875,655.5,644.8900146484375,645.5,5,0,0,1996-03-25,1996-03-29,0,True,True
1996-04-05,645.5,656.67999267578125,645.5,655.8599853515625,4,0,0,1996-04-01,1996-04-04,0,True,True
1996-04-12,655.8599853515625,655.8599853515625,624.1400146484375,636.71002197265625,5,0,0,1996-04-08,1996-04-12,0,True,True
1996-04-19,636.71002197265625,647.32000732421875,636.71002197265625,645.07000732421875,5,0,0,1996-04-15,1996-04-19,0,True,True
1996-04-26,645.07000732421875,656.42999267578125,645.07000732421875,653.46002197265625,5,0,0,1996-04-22,1996-04-26,0,True,True
1996-05-03,653.46002197265625,656.44000244140625,640.22998046875,641.6300048828125,5,0,0,1996-04-29,1996-05-03,0,True,True
1996-05-10,641.6300048828125,653,630.07000732421875,652.09002685546875,5,0,0,1996-05-06,1996-05-10,0,True,True
1996-05-17,652.09002685546875,669.84002685546875,652.09002685546875,668.90997314453125,5,0,0,1996-05-13,1996-05-17,0,True,True
1996-05-24,668.90997314453125,681.0999755859375,667.6400146484375,678.510009765625,5,0,0,1996-05-20,1996-05-24,0,True,True
1996-05-31,678.510009765625,679.97998046875,664.55999755859375,669.1199951171875,4,0,0,1996-05-28,1996-05-31,0,True,True
1996-06-07,669.1199951171875,680.32000732421875,662.47998046875,673.30999755859375,5,0,0,1996-06-03,1996-06-07,0,True,True
1996-06-14,673.30999755859375,676.719970703125,664.3499755859375,665.8499755859375,5,0,0,1996-06-10,1996-06-14,0,True,True
1996-06-21,665.8499755859375,668.27001953125,658.75,666.84002685546875,5,0,0,1996-06-17,1996-06-21,0,True,True
1996-06-28,666.84002685546875,672.67999267578125,661.55999755859375,670.6300048828125,5,0,0,1996-06-24,1996-06-28,0,True,True
1996-07-05,670.6300048828125,675.8800048828125,657.40997314453125,657.44000244140625,4,0,0,1996-07-01,1996-07-05,0,True,True
1996-07-12,657.44000244140625,657.6500244140625,639.52001953125,646.19000244140625,5,0,0,1996-07-08,1996-07-12,0,True,True
1996-07-19,646.19000244140625,646.19000244140625,605.8800048828125,638.72998046875,5,0,0,1996-07-15,1996-07-19,0,True,True
1996-07-26,638.72998046875,638.72998046875,616.42999267578125,635.9000244140625,5,0,0,1996-07-22,1996-07-26,0,True,True
1996-08-02,635.9000244140625,662.489990234375,629.219970703125,662.489990234375,5,0,0,1996-07-29,1996-08-02,0,True,True
1996-08-09,662.489990234375,665.3699951171875,656.83001708984375,662.0999755859375,5,0,0,1996-08-05,1996-08-09,0,True,True
1996-08-16,662.0999755859375,666.34002685546875,658.469970703125,665.21002197265625,5,0,0,1996-08-12,1996-08-16,0,True,True
1996-08-23,665.21002197265625,670.67999267578125,662.15997314453125,667.030029296875,5,0,0,1996-08-19,1996-08-23,0,True,True
1996-08-30,667.030029296875,667.40997314453125,650.52001953125,651.989990234375,5,0,0,1996-08-26,1996-08-30,0,True,True
1996-09-06,651.989990234375,658.21002197265625,643.969970703125,655.67999267578125,4,0,0,1996-09-03,1996-09-06,0,True,True
1996-09-13,655.67999267578125,681.3900146484375,655.67999267578125,680.53997802734375,5,0,0,1996-09-09,1996-09-13,0,True,True
1996-09-20,680.53997802734375,687.07000732421875,679.05999755859375,687.030029296875,5,0,0,1996-09-16,1996-09-20,0,True,True
1996-09-27,687.030029296875,690.8800048828125,681.010009765625,686.19000244140625,5,0,0,1996-09-23,1996-09-27,0,True,True
1996-10-04,686.19000244140625,701.739990234375,684.44000244140625,701.46002197265625,5,0,0,1996-09-30,1996-10-04,0,True,True
1996-10-11,701.46002197265625,705.760009765625,693.34002685546875,700.65997314453125,5,0,0,1996-10-07,1996-10-11,0,True,True
1996-10-18,700.65997314453125,711.03997802734375,699.07000732421875,710.82000732421875,5,0,0,1996-10-14,1996-10-18,0,True,True
1996-10-25,710.82000732421875,714.0999755859375,700.530029296875,700.91998291015625,5,0,0,1996-10-21,1996-10-25,0,True,True
1996-11-01,700.91998291015625,708.5999755859375,696.219970703125,703.77001953125,5,0,0,1996-10-28,1996-11-01,0,True,True
1996-11-08,703.77001953125,730.82000732421875,702.84002685546875,730.82000732421875,5,0,0,1996-11-04,1996-11-08,0,True,True
1996-11-15,730.82000732421875,741.91998291015625,728.030029296875,737.6199951171875,5,0,0,1996-11-11,1996-11-15,0,True,True
1996-11-22,737.6199951171875,748.72998046875,734.3900146484375,748.72998046875,5,0,0,1996-11-18,1996-11-22,0,True,True
1996-11-29,748.72998046875,762.1199951171875,747.989990234375,757.02001953125,4,0,0,1996-11-25,1996-11-29,0,True,True
1996-12-06,757.02001953125,761.75,726.8900146484375,739.5999755859375,5,0,0,1996-12-02,1996-12-06,0,True,True
1996-12-13,739.5999755859375,753.42999267578125,721.969970703125,728.6400146484375,5,0,0,1996-12-09,1996-12-13,0,True,True
1996-12-20,728.6400146484375,755.40997314453125,716.69000244140625,748.8699951171875,5,0,0,1996-12-16,1996-12-20,0,True,True
1996-12-27,748.8699951171875,758.75,743.280029296875,756.78997802734375,4,0,0,1996-12-23,1996-12-27,0,True,True
1997-01-03,756.78997802734375,759.20001220703125,729.54998779296875,748.030029296875,4,0,0,1996-12-30,1997-01-03,0,True,True
1997-01-10,748.030029296875,759.6500244140625,742.17999267578125,759.5,5,0,0,1997-01-06,1997-01-10,0,True,True
1997-01-17,759.5,776.3699951171875,756.69000244140625,776.16998291015625,5,0,0,1997-01-13,1997-01-17,0,True,True
1997-01-24,776.16998291015625,794.66998291015625,768.16998291015625,770.52001953125,5,0,0,1997-01-20,1997-01-24,0,True,True
1997-01-31,770.52001953125,791.8599853515625,761.75,786.15997314453125,5,0,0,1997-01-27,1997-01-31,0,True,True
1997-02-07,786.15997314453125,792.71002197265625,773.42999267578125,789.55999755859375,5,0,0,1997-02-03,1997-02-07,0,True,True
1997-02-14,789.55999755859375,812.92999267578125,780.95001220703125,808.47998046875,5,0,0,1997-02-10,1997-02-14,0,True,True
1997-02-21,808.47998046875,817.67999267578125,799.989990234375,801.77001953125,4,0,0,1997-02-18,1997-02-21,0,True,True
1997-02-28,801.77001953125,812.8499755859375,788.5,790.82000732421875,5,0,0,1997-02-24,1997-02-28,0,True,True
1997-03-07,790.82000732421875,808.19000244140625,785.65997314453125,804.969970703125,5,0,0,1997-03-03,1997-03-07,0,True,True
1997-03-14,804.969970703125,814.9000244140625,789.44000244140625,793.16998291015625,5,0,0,1997-03-10,1997-03-14,0,True,True
1997-03-21,793.16998291015625,797.17999267578125,778.03997802734375,784.0999755859375,5,0,0,1997-03-17,1997-03-21,0,True,True
1997-03-28,784.0999755859375,798.1099853515625,767.32000732421875,773.8800048828125,4,0,0,1997-03-24,1997-03-27,0,True,True
1997-04-04,773.8800048828125,773.8800048828125,744.03997802734375,757.9000244140625,5,0,0,1997-03-31,1997-04-04,0,True,True
1997-04-11,757.9000244140625,769.530029296875,737.6400146484375,737.6500244140625,5,0,0,1997-04-07,1997-04-11,0,True,True
1997-04-18,737.6500244140625,768.54998779296875,733.53997802734375,766.34002685546875,5,0,0,1997-04-14,1997-04-18,0,True,True
1997-04-25,766.34002685546875,779.8900146484375,756.3800048828125,765.3699951171875,5,0,0,1997-04-21,1997-04-25,0,True,True
1997-05-02,765.3699951171875,812.989990234375,763.29998779296875,812.969970703125,5,0,0,1997-04-28,1997-05-02,0,True,True
1997-05-09,812.969970703125,832.28997802734375,811.79998779296875,824.780029296875,5,0,0,1997-05-05,1997-05-09,0,True,True
1997-05-16,824.780029296875,842.45001220703125,824.780029296875,829.75,5,0,0,1997-05-12,1997-05-16,0,True,True
1997-05-23,829.75,848.489990234375,826.40997314453125,847.030029296875,5,0,0,1997-05-19,1997-05-23,0,True,True
1997-05-30,847.030029296875,851.8699951171875,831.8699951171875,848.280029296875,4,0,0,1997-05-27,1997-05-30,0,True,True
1997-06-06,848.280029296875,859.239990234375,838.82000732421875,858.010009765625,5,0,0,1997-06-02,1997-06-06,0,True,True
1997-06-13,858.010009765625,894.69000244140625,858.010009765625,893.27001953125,5,0,0,1997-06-09,1997-06-13,0,True,True
1997-06-20,893.27001953125,901.77001953125,886.19000244140625,898.70001220703125,5,0,0,1997-06-16,1997-06-20,0,True,True
1997-06-27,898.70001220703125,902.09002685546875,878.42999267578125,887.29998779296875,5,0,0,1997-06-23,1997-06-27,0,True,True
1997-07-04,887.29998779296875,917.82000732421875,879.82000732421875,916.91998291015625,4,0,0,1997-06-30,1997-07-03,0,True,True
1997-07-11,916.91998291015625,923.260009765625,902.47998046875,916.67999267578125,5,0,0,1997-07-07,1997-07-11,0,True,True
1997-07-18,916.67999267578125,939.32000732421875,912.02001953125,915.29998779296875,5,0,0,1997-07-14,1997-07-18,0,True,True
1997-07-25,915.29998779296875,945.6500244140625,907.1199951171875,938.78997802734375,5,0,0,1997-07-21,1997-07-25,0,True,True
1997-08-01,938.78997802734375,957.72998046875,932.55999755859375,947.1400146484375,5,0,0,1997-07-28,1997-08-01,0,True,True
1997-08-08,947.1400146484375,964.16998291015625,925.739990234375,933.53997802734375,5,0,0,1997-08-04,1997-08-08,0,True,True
1997-08-15,933.53997802734375,942.989990234375,900.80999755859375,900.80999755859375,5,0,0,1997-08-11,1997-08-15,0,True,True
1997-08-22,900.80999755859375,939.469970703125,893.34002685546875,923.53997802734375,5,0,0,1997-08-18,1997-08-22,0,True,True
1997-08-29,923.54998779296875,930.92999267578125,896.82000732421875,899.469970703125,5,0,0,1997-08-25,1997-08-29,0,True,True
1997-09-05,899.469970703125,940.3699951171875,899.469970703125,929.04998779296875,4,0,0,1997-09-02,1997-09-05,0,True,True
1997-09-12,929.04998779296875,938.9000244140625,902.55999755859375,923.90997314453125,5,0,0,1997-09-08,1997-09-12,0,True,True
1997-09-19,923.90997314453125,958.19000244140625,919.40997314453125,950.510009765625,5,0,0,1997-09-15,1997-09-19,0,True,True
1997-09-26,950.510009765625,960.59002685546875,937.3800048828125,945.219970703125,5,0,0,1997-09-22,1997-09-26,0,True,True
1997-10-03,945.219970703125,975.469970703125,941.94000244140625,965.030029296875,5,0,0,1997-09-29,1997-10-03,0,True,True
1997-10-10,965.030029296875,983.1199951171875,963.34002685546875,966.97998046875,5,0,0,1997-10-06,1997-10-10,0,True,True
1997-10-17,966.97998046875,973.46002197265625,931.58001708984375,944.15997314453125,5,0,0,1997-10-13,1997-10-17,0,True,True
1997-10-24,944.15997314453125,972.6099853515625,937.54998779296875,941.6400146484375,5,0,0,1997-10-20,1997-10-24,0,True,True
1997-10-31,941.6400146484375,941.6400146484375,855.27001953125,914.6199951171875,5,0,0,1997-10-27,1997-10-31,0,True,True
1997-11-07,914.6199951171875,949.6199951171875,914.6199951171875,927.510009765625,5,0,0,1997-11-03,1997-11-07,0,True,True
1997-11-14,927.510009765625,935.9000244140625,900.6099853515625,928.3499755859375,5,0,0,1997-11-10,1997-11-14,0,True,True
1997-11-21,928.3499755859375,964.54998779296875,928.3499755859375,963.09002685546875,5,0,0,1997-11-17,1997-11-21,0,True,True
1997-11-28,963.09002685546875,963.09002685546875,944.71002197265625,955.4000244140625,4,0,0,1997-11-24,1997-11-28,0,True,True
1997-12-05,955.4000244140625,986.25,955.4000244140625,983.78997802734375,5,0,0,1997-12-01,1997-12-05,0,True,True
1997-12-12,983.78997802734375,985.66998291015625,947,953.3900146484375,5,0,0,1997-12-08,1997-12-12,0,True,True
1997-12-19,953.3900146484375,974.29998779296875,924.91998291015625,946.780029296875,5,0,0,1997-12-15,1997-12-19,0,True,True
1997-12-26,946.780029296875,956.72998046875,932.70001220703125,936.46002197265625,4,0,0,1997-12-22,1997-12-26,0,True,True
1998-01-02,936.46002197265625,975.03997802734375,936.46002197265625,975.03997802734375,4,0,0,1997-12-29,1998-01-02,0,True,True
1998-01-09,975.03997802734375,982.6300048828125,921.719970703125,927.69000244140625,5,0,0,1998-01-05,1998-01-09,0,True,True
1998-01-16,927.69000244140625,965.1199951171875,912.83001708984375,961.510009765625,5,0,0,1998-01-12,1998-01-16,0,True,True
1998-01-23,961.510009765625,978.5999755859375,950.8599853515625,957.59002685546875,4,0,0,1998-01-20,1998-01-23,0,True,True
1998-01-30,957.59002685546875,992.6500244140625,954.239990234375,980.280029296875,5,0,0,1998-01-26,1998-01-30,0,True,True
1998-02-06,980.280029296875,1013.510009765625,980.280029296875,1012.4600219726562,5,0,0,1998-02-02,1998-02-06,0,True,True
1998-02-13,1012.4600219726562,1026.300048828125,1006.280029296875,1020.0900268554688,5,0,0,1998-02-09,1998-02-13,0,True,True
1998-02-20,1020.0900268554688,1034.2099609375,1020.0900268554688,1034.2099609375,4,0,0,1998-02-17,1998-02-20,0,True,True
1998-02-27,1034.2099609375,1051.6600341796875,1028.8900146484375,1049.3399658203125,5,0,0,1998-02-23,1998-02-27,0,True,True
1998-03-06,1049.3399658203125,1055.68994140625,1030.8699951171875,1055.68994140625,5,0,0,1998-03-02,1998-03-06,0,True,True
1998-03-13,1055.68994140625,1075.8599853515625,1050.02001953125,1068.6099853515625,5,0,0,1998-03-09,1998-03-13,0,True,True
1998-03-20,1068.6099853515625,1101.0400390625,1068.6099853515625,1099.1600341796875,5,0,0,1998-03-16,1998-03-20,0,True,True
1998-03-27,1099.1600341796875,1113.0699462890625,1091.1400146484375,1095.43994140625,5,0,0,1998-03-23,1998-03-27,0,True,True
1998-04-03,1095.43994140625,1126.3599853515625,1090.02001953125,1122.699951171875,5,0,0,1998-03-30,1998-04-03,0,True,True
1998-04-10,1122.699951171875,1131.989990234375,1098.2099609375,1110.6700439453125,4,0,0,1998-04-06,1998-04-09,0,True,True
1998-04-17,1110.6700439453125,1122.719970703125,1100.5999755859375,1122.719970703125,5,0,0,1998-04-13,1998-04-17,0,True,True
1998-04-24,1122.719970703125,1132.97998046875,1104.77001953125,1107.9000244140625,5,0,0,1998-04-20,1998-04-24,0,True,True
1998-05-01,1107.9000244140625,1121.02001953125,1076.699951171875,1121,5,0,0,1998-04-27,1998-05-01,0,True,True
1998-05-08,1121,1130.52001953125,1094.530029296875,1108.1400146484375,5,0,0,1998-05-04,1998-05-08,0,True,True
1998-05-15,1108.1400146484375,1124.030029296875,1102.780029296875,1108.72998046875,5,0,0,1998-05-11,1998-05-15,0,True,True
1998-05-22,1108.72998046875,1124.449951171875,1097.989990234375,1110.469970703125,5,0,0,1998-05-18,1998-05-22,0,True,True
1998-05-29,1110.469970703125,1116.7900390625,1074.3900146484375,1090.8199462890625,4,0,0,1998-05-26,1998-05-29,0,True,True
1998-06-05,1090.8199462890625,1113.8800048828125,1078.0999755859375,1113.8599853515625,5,0,0,1998-06-01,1998-06-05,0,True,True
1998-06-12,1113.8599853515625,1126,1080.8299560546875,1098.8399658203125,5,0,0,1998-06-08,1998-06-12,0,True,True
1998-06-19,1098.8399658203125,1112.8699951171875,1074.6700439453125,1100.6500244140625,5,0,0,1998-06-15,1998-06-19,0,True,True
1998-06-26,1100.6500244140625,1142.0400390625,1099.4200439453125,1133.199951171875,5,0,0,1998-06-22,1998-06-26,0,True,True
1998-07-03,1133.199951171875,1148.56005859375,1131.97998046875,1146.4200439453125,4,0,0,1998-06-29,1998-07-02,0,True,True
1998-07-10,1146.4200439453125,1166.9300537109375,1145.030029296875,1164.3299560546875,5,0,0,1998-07-06,1998-07-10,0,True,True
1998-07-17,1164.3299560546875,1188.0999755859375,1160.2099609375,1186.75,5,0,0,1998-07-13,1998-07-17,0,True,True
1998-07-24,1186.75,1190.5799560546875,1129.1099853515625,1140.800048828125,5,0,0,1998-07-20,1998-07-24,0,True,True
1998-07-31,1140.800048828125,1147.27001953125,1114.300048828125,1120.6700439453125,5,0,0,1998-07-27,1998-07-31,0,True,True
1998-08-07,1120.6700439453125,1121.7900390625,1057.3499755859375,1089.449951171875,5,0,0,1998-08-03,1998-08-07,0,True,True
1998-08-14,1089.449951171875,1092.8199462890625,1054,1062.75,5,0,0,1998-08-10,1998-08-14,0,True,True
1998-08-21,1062.75,1106.3199462890625,1054.9200439453125,1081.239990234375,5,0,0,1998-08-17,1998-08-21,0,True,True
1998-08-28,1081.239990234375,1106.6400146484375,1021.0399780273438,1027.1400146484375,5,0,0,1998-08-24,1998-08-28,0,True,True
1998-09-04,1027.1400146484375,1033.469970703125,939.97998046875,973.8900146484375,5,0,0,1998-08-31,1998-09-04,0,True,True
1998-09-11,973.8900146484375,1027.719970703125,968.6400146484375,1009.0599975585938,4,0,0,1998-09-08,1998-09-11,0,True,True
1998-09-18,1009.0599975585938,1046.0699462890625,1009.0599975585938,1020.0900268554688,5,0,0,1998-09-14,1998-09-18,0,True,True
1998-09-25,1020.0900268554688,1066.1099853515625,993.82000732421875,1044.75,5,0,0,1998-09-21,1998-09-25,0,True,True
1998-10-02,1044.75,1061.4599609375,971.69000244140625,1002.5999755859375,5,0,0,1998-09-28,1998-10-02,0,True,True
1998-10-09,1002.5999755859375,1008.77001953125,923.32000732421875,984.3900146484375,5,0,0,1998-10-05,1998-10-09,0,True,True
1998-10-16,984.3900146484375,1062.6500244140625,984.3900146484375,1056.4200439453125,5,0,0,1998-10-12,1998-10-16,0,True,True
1998-10-23,1056.4200439453125,1084.06005859375,1054.22998046875,1070.6700439453125,5,0,0,1998-10-19,1998-10-23,0,True,True
1998-10-30,1070.6700439453125,1103.780029296875,1059.6500244140625,1098.6700439453125,5,0,0,1998-10-26,1998-10-30,0,True,True
1998-11-06,1098.6700439453125,1141.300048828125,1098.6700439453125,1141.010009765625,5,0,0,1998-11-02,1998-11-06,0,True,True
1998-11-13,1141.010009765625,1141.010009765625,1115.550048828125,1125.719970703125,5,0,0,1998-11-09,1998-11-13,0,True,True
1998-11-20,1125.719970703125,1163.550048828125,1125.719970703125,1163.550048828125,5,0,0,1998-11-16,1998-11-20,0,True,True
1998-11-27,1163.550048828125,1192.969970703125,1163.550048828125,1192.3299560546875,4,0,0,1998-11-23,1998-11-27,0,True,True
1998-12-04,1192.3299560546875,1192.719970703125,1149.6099853515625,1176.739990234375,5,0,0,1998-11-30,1998-12-04,0,True,True
1998-12-11,1176.739990234375,1193.530029296875,1153.18994140625,1166.4599609375,5,0,0,1998-12-07,1998-12-11,0,True,True
1998-12-18,1166.4599609375,1188.8900146484375,1136.8900146484375,1188.030029296875,5,0,0,1998-12-14,1998-12-18,0,True,True
1998-12-25,1188.030029296875,1229.8900146484375,1188.030029296875,1226.27001953125,4,0,0,1998-12-21,1998-12-24,0,True,True
1999-01-01,1226.27001953125,1244.9300537109375,1220.780029296875,1229.22998046875,4,0,0,1998-12-28,1998-12-31,0,True,True
1999-01-08,1229.22998046875,1278.239990234375,1219.0999755859375,1275.0899658203125,5,0,0,1999-01-04,1999-01-08,0,True,True
1999-01-15,1275.0899658203125,1276.219970703125,1205.4599609375,1243.260009765625,5,0,0,1999-01-11,1999-01-15,0,True,True
1999-01-22,1243.260009765625,1274.0699462890625,1217.969970703125,1225.18994140625,4,0,0,1999-01-19,1999-01-22,0,True,True
1999-01-29,1225.18994140625,1280.3699951171875,1219.4599609375,1279.6400146484375,5,0,0,1999-01-25,1999-01-29,0,True,True
1999-02-05,1279.6400146484375,1283.75,1232.280029296875,1239.4000244140625,5,0,0,1999-02-01,1999-02-05,0,True,True
1999-02-12,1239.4000244140625,1254.050048828125,1211.8900146484375,1230.1300048828125,5,0,0,1999-02-08,1999-02-12,0,True,True
1999-02-19,1230.1300048828125,1252.1700439453125,1220.699951171875,1239.219970703125,4,0,0,1999-02-16,1999-02-19,0,True,True
1999-02-26,1239.219970703125,1283.8399658203125,1225.010009765625,1238.3299560546875,5,0,0,1999-02-22,1999-02-26,0,True,True
1999-03-05,1238.3299560546875,1275.72998046875,1216.030029296875,1275.469970703125,5,0,0,1999-03-01,1999-03-05,0,True,True
1999-03-12,1275.469970703125,1306.4300537109375,1271.5799560546875,1294.5899658203125,5,0,0,1999-03-08,1999-03-12,0,True,True
1999-03-19,1294.5899658203125,1323.8199462890625,1291.030029296875,1299.2900390625,5,0,0,1999-03-15,1999-03-19,0,True,True
1999-03-26,1299.2900390625,1303.8399658203125,1256.4300537109375,1282.800048828125,5,0,0,1999-03-22,1999-03-26,0,True,True
1999-04-02,1282.800048828125,1313.5999755859375,1282.56005859375,1293.719970703125,4,0,0,1999-03-29,1999-04-01,0,True,True
1999-04-09,1293.719970703125,1351.219970703125,1293.719970703125,1348.3499755859375,5,0,0,1999-04-05,1999-04-09,0,True,True
1999-04-16,1348.3499755859375,1362.3800048828125,1308.3800048828125,1319,5,0,0,1999-04-12,1999-04-16,0,True,True
1999-04-23,1319,1363.6500244140625,1284.2099609375,1356.8499755859375,5,0,0,1999-04-19,1999-04-23,0,True,True
1999-04-30,1356.8499755859375,1371.56005859375,1314.5799560546875,1335.1800537109375,5,0,0,1999-04-26,1999-04-30,0,True,True
1999-05-07,1335.1800537109375,1354.6400146484375,1317.43994140625,1345,5,0,0,1999-05-03,1999-05-07,0,True,True
1999-05-14,1345,1375.97998046875,1332.6300048828125,1337.800048828125,5,0,0,1999-05-10,1999-05-14,0,True,True
1999-05-21,1337.800048828125,1350.489990234375,1321.18994140625,1330.2900390625,5,0,0,1999-05-17,1999-05-21,0,True,True
1999-05-28,1330.2900390625,1333.02001953125,1277.31005859375,1301.8399658203125,5,0,0,1999-05-24,1999-05-28,0,True,True
1999-06-04,1301.8399658203125,1327.75,1277.469970703125,1327.75,4,0,0,1999-06-01,1999-06-04,0,True,True
1999-06-11,1327.75,1336.4200439453125,1287.8800048828125,1293.6400146484375,5,0,0,1999-06-07,1999-06-11,0,True,True
1999-06-18,1293.6400146484375,1344.47998046875,1292.199951171875,1342.8399658203125,5,0,0,1999-06-14,1999-06-18,0,True,True
1999-06-25,1342.8399658203125,1351.1199951171875,1308.469970703125,1315.31005859375,5,0,0,1999-06-21,1999-06-25,0,True,True
1999-07-02,1315.31005859375,1391.219970703125,1315.31005859375,1391.219970703125,5,0,0,1999-06-28,1999-07-02,0,True,True
1999-07-09,1391.219970703125,1405.2900390625,1384.949951171875,1403.280029296875,4,0,0,1999-07-06,1999-07-09,0,True,True
1999-07-16,1403.280029296875,1418.780029296875,1386.510009765625,1418.780029296875,5,0,0,1999-07-12,1999-07-16,0,True,True
1999-07-23,1418.780029296875,1420.3299560546875,1349.9100341796875,1356.93994140625,5,0,0,1999-07-19,1999-07-23,0,True,True
1999-07-30,1356.93994140625,1370.530029296875,1328.489990234375,1328.719970703125,5,0,0,1999-07-26,1999-07-30,0,True,True
1999-08-06,1328.719970703125,1344.68994140625,1287.22998046875,1300.2900390625,5,0,0,1999-08-02,1999-08-06,0,True,True
1999-08-13,1300.2900390625,1327.719970703125,1267.72998046875,1327.6800537109375,5,0,0,1999-08-09,1999-08-13,0,True,True
1999-08-20,1327.6800537109375,1344.1600341796875,1315.3499755859375,1336.6099853515625,5,0,0,1999-08-16,1999-08-20,0,True,True
1999-08-27,1336.6099853515625,1382.8399658203125,1336.6099853515625,1348.27001953125,5,0,0,1999-08-23,1999-08-27,0,True,True
1999-09-03,1348.27001953125,1357.739990234375,1304.8800048828125,1357.239990234375,5,0,0,1999-08-30,1999-09-03,0,True,True
1999-09-10,1357.239990234375,1361.3900146484375,1333.9100341796875,1351.6600341796875,4,0,0,1999-09-07,1999-09-10,0,True,True
1999-09-17,1351.6600341796875,1351.6600341796875,1299.969970703125,1335.4200439453125,5,0,0,1999-09-13,1999-09-17,0,True,True
1999-09-24,1335.4200439453125,1338.3800048828125,1263.8399658203125,1277.3599853515625,5,0,0,1999-09-20,1999-09-24,0,True,True
1999-10-01,1277.3599853515625,1295.030029296875,1256.260009765625,1282.81005859375,5,0,0,1999-09-27,1999-10-01,0,True,True
1999-10-08,1282.81005859375,1336.6099853515625,1282.81005859375,1336.02001953125,5,0,0,1999-10-04,1999-10-08,0,True,True
1999-10-15,1336.02001953125,1339.22998046875,1245.3900146484375,1247.4100341796875,5,0,0,1999-10-11,1999-10-15,0,True,True
1999-10-22,1247.4100341796875,1308.81005859375,1233.699951171875,1301.6500244140625,5,0,0,1999-10-18,1999-10-22,0,True,True
1999-10-29,1301.6500244140625,1373.1700439453125,1280.47998046875,1362.9300537109375,5,0,0,1999-10-25,1999-10-29,0,True,True
1999-11-05,1362.9300537109375,1387.47998046875,1346.4100341796875,1370.22998046875,5,0,0,1999-11-01,1999-11-05,0,True,True
1999-11-12,1370.22998046875,1396.1199951171875,1359.97998046875,1396.06005859375,5,0,0,1999-11-08,1999-11-12,0,True,True
1999-11-19,1396.06005859375,1425.31005859375,1392.280029296875,1422,5,0,0,1999-11-15,1999-11-19,0,True,True
1999-11-26,1422,1425.239990234375,1399.1700439453125,1416.6199951171875,4,0,0,1999-11-22,1999-11-26,0,True,True
1999-12-03,1416.6199951171875,1447.4200439453125,1386.949951171875,1433.300048828125,5,0,0,1999-11-29,1999-12-03,0,True,True
1999-12-10,1433.300048828125,1434.1500244140625,1391.469970703125,1417.0400390625,5,0,0,1999-12-06,1999-12-10,0,True,True
1999-12-17,1417.0400390625,1431.77001953125,1396.199951171875,1421.030029296875,5,0,0,1999-12-13,1999-12-17,0,True,True
1999-12-24,1421.030029296875,1461.43994140625,1411.0999755859375,1458.3399658203125,4,0,0,1999-12-20,1999-12-23,0,True,True
1999-12-31,1458.3399658203125,1473.0999755859375,1450.8299560546875,1469.25,5,0,0,1999-12-27,1999-12-31,0,True,True
2000-01-07,1469.25,1478,1377.6800537109375,1441.469970703125,5,0,0,2000-01-03,2000-01-07,0,True,True
2000-01-14,1441.469970703125,1473,1427.0799560546875,1465.1500244140625,5,0,0,2000-01-10,2000-01-14,0,True,True
2000-01-21,1465.1500244140625,1465.7099609375,1438.5400390625,1441.3599853515625,4,0,0,2000-01-18,2000-01-21,0,True,True
2000-01-28,1441.3599853515625,1454.0899658203125,1356.199951171875,1360.1600341796875,5,0,0,2000-01-24,2000-01-28,0,True,True
2000-02-04,1360.1600341796875,1435.9100341796875,1350.1400146484375,1424.3699951171875,5,0,0,2000-01-31,2000-02-04,0,True,True
2000-02-11,1424.3699951171875,1444.550048828125,1378.8900146484375,1387.1199951171875,5,0,0,2000-02-07,2000-02-11,0,True,True
2000-02-18,1387.1199951171875,1407.719970703125,1345.3199462890625,1346.0899658203125,5,0,0,2000-02-14,2000-02-18,0,True,True
2000-02-25,1346.0899658203125,1370.1099853515625,1329.1500244140625,1333.3599853515625,4,0,0,2000-02-22,2000-02-25,0,True,True
2000-03-03,1333.3599853515625,1410.8800048828125,1325.0699462890625,1409.1700439453125,5,0,0,2000-02-28,2000-03-03,0,True,True
2000-03-10,1409.1700439453125,1413.4599609375,1346.6199951171875,1395.0699462890625,5,0,0,2000-03-06,2000-03-10,0,True,True
2000-03-17,1395.0699462890625,1477.3299560546875,1356.989990234375,1464.469970703125,5,0,0,2000-03-13,2000-03-17,0,True,True
2000-03-24,1464.469970703125,1552.8699951171875,1446.06005859375,1527.4599609375,5,0,0,2000-03-20,2000-03-24,0,True,True
2000-03-31,1527.4599609375,1534.6300048828125,1474.6300048828125,1498.5799560546875,5,0,0,2000-03-27,2000-03-31,0,True,True
2000-04-07,1498.5799560546875,1526.449951171875,1416.4100341796875,1516.3499755859375,5,0,0,2000-04-03,2000-04-07,0,True,True
2000-04-14,1516.3499755859375,1527.18994140625,1339.4000244140625,1356.56005859375,5,0,0,2000-04-10,2000-04-14,0,True,True
2000-04-21,1356.56005859375,1447.68994140625,1346.5,1434.5400390625,4,0,0,2000-04-17,2000-04-20,0,True,True
2000-04-28,1434.5400390625,1482.93994140625,1407.1300048828125,1452.4300537109375,5,0,0,2000-04-24,2000-04-28,0,True,True
2000-05-05,1452.4300537109375,1481.510009765625,1398.3599853515625,1432.6300048828125,5,0,0,2000-05-01,2000-05-05,0,True,True
2000-05-12,1432.6300048828125,1432.6300048828125,1375.1400146484375,1420.9599609375,5,0,0,2000-05-08,2000-05-12,0,True,True
2000-05-19,1420.9599609375,1470.4000244140625,1401.739990234375,1406.949951171875,5,0,0,2000-05-15,2000-05-19,0,True,True
2000-05-26,1406.949951171875,1411.6500244140625,1361.0899658203125,1378.02001953125,5,0,0,2000-05-22,2000-05-26,0,True,True
2000-06-02,1378.02001953125,1483.22998046875,1378.02001953125,1477.260009765625,4,0,0,2000-05-30,2000-06-02,0,True,True
2000-06-09,1477.260009765625,1477.280029296875,1454.739990234375,1456.949951171875,5,0,0,2000-06-05,2000-06-09,0,True,True
2000-06-16,1456.949951171875,1483.6199951171875,1442.3800048828125,1464.4599609375,5,0,0,2000-06-12,2000-06-16,0,True,True
2000-06-23,1464.4599609375,1488.9300537109375,1438.31005859375,1441.47998046875,5,0,0,2000-06-19,2000-06-23,0,True,True
2000-06-30,1441.47998046875,1467.6300048828125,1434.6300048828125,1454.5999755859375,5,0,0,2000-06-26,2000-06-30,0,True,True
2000-07-07,1454.5999755859375,1484.1199951171875,1439.56005859375,1478.9000244140625,4,0,0,2000-07-03,2000-07-07,0,True,True
2000-07-14,1478.9000244140625,1509.989990234375,1470.47998046875,1509.97998046875,5,0,0,2000-07-10,2000-07-14,0,True,True
2000-07-21,1509.97998046875,1517.3199462890625,1477.9100341796875,1480.18994140625,5,0,0,2000-07-17,2000-07-21,0,True,True
2000-07-28,1480.18994140625,1485.8800048828125,1413.8900146484375,1419.8900146484375,5,0,0,2000-07-24,2000-07-28,0,True,True
2000-08-04,1419.8900146484375,1462.9300537109375,1418.7099609375,1462.9300537109375,5,0,0,2000-07-31,2000-08-04,0,True,True
2000-08-11,1462.9300537109375,1490.3299560546875,1453.06005859375,1471.8399658203125,5,0,0,2000-08-07,2000-08-11,0,True,True
2000-08-18,1471.8399658203125,1499.469970703125,1468.56005859375,1491.719970703125,5,0,0,2000-08-14,2000-08-18,0,True,True
2000-08-25,1491.719970703125,1513.469970703125,1489.52001953125,1506.449951171875,5,0,0,2000-08-21,2000-08-25,0,True,True
2000-09-01,1506.449951171875,1530.0899658203125,1500.0899658203125,1520.77001953125,5,0,0,2000-08-28,2000-09-01,0,True,True
2000-09-08,1520.77001953125,1520.77001953125,1489.8800048828125,1494.5,4,0,0,2000-09-05,2000-09-08,0,True,True
2000-09-15,1494.5,1506.760009765625,1460.219970703125,1465.81005859375,5,0,0,2000-09-11,2000-09-15,0,True,True
2000-09-22,1465.81005859375,1467.77001953125,1421.8800048828125,1448.719970703125,5,0,0,2000-09-18,2000-09-22,0,True,True
2000-09-29,1448.719970703125,1461.68994140625,1419.43994140625,1436.510009765625,5,0,0,2000-09-25,2000-09-29,0,True,True
2000-10-06,1436.52001953125,1454.8199462890625,1397.06005859375,1408.989990234375,5,0,0,2000-10-02,2000-10-06,0,True,True
2000-10-13,1408.989990234375,1409.68994140625,1327.0799560546875,1374.1700439453125,5,0,0,2000-10-09,2000-10-13,0,True,True
2000-10-20,1374.1700439453125,1408.469970703125,1305.7900390625,1396.9300537109375,5,0,0,2000-10-16,2000-10-20,0,True,True
2000-10-27,1396.9300537109375,1415.6400146484375,1337.81005859375,1379.5799560546875,5,0,0,2000-10-23,2000-10-27,0,True,True
2000-11-03,1379.5799560546875,1433.4000244140625,1376.8599853515625,1426.68994140625,5,0,0,2000-10-30,2000-11-03,0,True,True
2000-11-10,1428.760009765625,1438.4599609375,1365.969970703125,1365.97998046875,5,0,0,2000-11-06,2000-11-10,0,True,True
2000-11-17,1365.97998046875,1395.9599609375,1328.6199951171875,1367.719970703125,5,0,0,2000-11-13,2000-11-17,0,True,True
2000-11-24,1367.719970703125,1367.719970703125,1321.8900146484375,1341.77001953125,4,0,0,2000-11-20,2000-11-24,0,True,True
2000-12-01,1341.77001953125,1362.5,1294.9000244140625,1315.22998046875,5,0,0,2000-11-27,2000-12-01,0,True,True
2000-12-08,1315.1800537109375,1380.3299560546875,1310.22998046875,1369.8900146484375,5,0,0,2000-12-04,2000-12-08,0,True,True
2000-12-15,1369.8900146484375,1389.050048828125,1305.3800048828125,1312.1500244140625,5,0,0,2000-12-11,2000-12-15,0,True,True
2000-12-22,1312.1500244140625,1346.43994140625,1254.0699462890625,1305.949951171875,5,0,0,2000-12-18,2000-12-22,0,True,True
2000-12-29,1305.969970703125,1340.0999755859375,1301.6400146484375,1320.280029296875,4,0,0,2000-12-26,2000-12-29,0,True,True
2001-01-05,1320.280029296875,1350.239990234375,1274.6199951171875,1298.3499755859375,4,0,0,2001-01-02,2001-01-05,0,True,True
2001-01-12,1298.3499755859375,1333.2099609375,1276.2900390625,1318.550048828125,5,0,0,2001-01-08,2001-01-12,0,True,True
2001-01-19,1318.3199462890625,1354.550048828125,1313.3299560546875,1342.5400390625,4,0,0,2001-01-16,2001-01-19,0,True,True
2001-01-26,1342.5400390625,1369.75,1333.8399658203125,1354.949951171875,5,0,0,2001-01-22,2001-01-26,0,True,True
2001-02-02,1354.9200439453125,1383.3699951171875,1348.719970703125,1349.469970703125,5,0,0,2001-01-29,2001-02-02,0,True,True
2001-02-09,1349.469970703125,1363.550048828125,1309.97998046875,1314.760009765625,5,0,0,2001-02-05,2001-02-09,0,True,True
2001-02-16,1314.760009765625,1336.6199951171875,1293.1800537109375,1301.530029296875,5,0,0,2001-02-12,2001-02-16,0,True,True
2001-02-23,1301.530029296875,1307.1600341796875,1215.43994140625,1245.8599853515625,4,0,0,2001-02-20,2001-02-23,0,True,True
2001-03-02,1245.8599853515625,1272.760009765625,1214.5,1234.1800537109375,5,0,0,2001-02-26,2001-03-02,0,True,True
2001-03-09,1234.1800537109375,1267.4200439453125,1228.4200439453125,1233.4200439453125,5,0,0,2001-03-05,2001-03-09,0,True,True
2001-03-16,1233.4200439453125,1233.4200439453125,1148.6400146484375,1150.530029296875,5,0,0,2001-03-12,2001-03-16,0,True,True
2001-03-23,1150.530029296875,1180.56005859375,1081.18994140625,1139.8299560546875,5,0,0,2001-03-19,2001-03-23,0,True,True
2001-03-30,1139.8299560546875,1183.3499755859375,1136.260009765625,1160.3299560546875,5,0,0,2001-03-26,2001-03-30,0,True,True
2001-04-06,1160.3299560546875,1169.510009765625,1091.989990234375,1128.4300537109375,5,0,0,2001-04-02,2001-04-06,0,True,True
2001-04-13,1128.4300537109375,1183.510009765625,1126.3800048828125,1183.5,4,0,0,2001-04-09,2001-04-12,0,True,True
2001-04-20,1183.5,1253.7099609375,1167.3800048828125,1242.97998046875,5,0,0,2001-04-16,2001-04-20,0,True,True
2001-04-27,1242.97998046875,1253.0699462890625,1207.3800048828125,1253.050048828125,5,0,0,2001-04-23,2001-04-27,0,True,True
2001-05-04,1253.050048828125,1272.9300537109375,1232,1266.6099853515625,5,0,0,2001-04-30,2001-05-04,0,True,True
2001-05-11,1266.6099853515625,1270,1240.7900390625,1245.6700439453125,5,0,0,2001-05-07,2001-05-11,0,True,True
2001-05-18,1245.6700439453125,1296.47998046875,1241.02001953125,1291.9599609375,5,0,0,2001-05-14,2001-05-18,0,True,True
2001-05-25,1291.9599609375,1315.9300537109375,1276.4200439453125,1277.8900146484375,5,0,0,2001-05-21,2001-05-25,0,True,True
2001-06-01,1277.8900146484375,1278.4200439453125,1245.9599609375,1260.6700439453125,4,0,0,2001-05-29,2001-06-01,0,True,True
2001-06-08,1260.6700439453125,1286.6199951171875,1256.3599853515625,1264.9599609375,5,0,0,2001-06-04,2001-06-08,0,True,True
2001-06-15,1264.9599609375,1264.9599609375,1203.030029296875,1214.3599853515625,5,0,0,2001-06-11,2001-06-15,0,True,True
2001-06-22,1214.3599853515625,1240.239990234375,1207.7099609375,1225.3499755859375,5,0,0,2001-06-18,2001-06-22,0,True,True
2001-06-29,1225.3499755859375,1237.2900390625,1204.6400146484375,1224.3800048828125,5,0,0,2001-06-25,2001-06-29,0,True,True
2001-07-06,1224.4200439453125,1239.780029296875,1188.739990234375,1190.5899658203125,4,0,0,2001-07-02,2001-07-06,0,True,True
2001-07-13,1190.5899658203125,1218.5400390625,1168.4599609375,1215.6800537109375,5,0,0,2001-07-09,2001-07-13,0,True,True
2001-07-20,1215.6800537109375,1225.0400390625,1196.1400146484375,1210.8499755859375,5,0,0,2001-07-16,2001-07-20,0,True,True
2001-07-27,1210.8499755859375,1215.219970703125,1165.5400390625,1205.8199462890625,5,0,0,2001-07-23,2001-07-27,0,True,True
2001-08-03,1205.8199462890625,1226.27001953125,1200.4100341796875,1214.3499755859375,5,0,0,2001-07-30,2001-08-03,0,True,True
2001-08-10,1214.3499755859375,1214.3499755859375,1169.550048828125,1190.1600341796875,5,0,0,2001-08-06,2001-08-10,0,True,True
2001-08-17,1190.1600341796875,1198.7900390625,1156.0699462890625,1161.969970703125,5,0,0,2001-08-13,2001-08-17,0,True,True
2001-08-24,1161.969970703125,1185.1500244140625,1153.3399658203125,1184.9300537109375,5,0,0,2001-08-20,2001-08-24,0,True,True
2001-08-31,1184.9300537109375,1186.8499755859375,1124.8699951171875,1133.5799560546875,5,0,0,2001-08-27,2001-08-31,0,True,True
2001-09-07,1133.5799560546875,1155.4000244140625,1082.1199951171875,1085.780029296875,4,0,0,2001-09-04,2001-09-07,0,True,True
2001-09-14,1085.780029296875,1096.93994140625,1073.1500244140625,1092.5400390625,1,0,0,2001-09-10,2001-09-10,0,True,True
2001-09-21,1092.5400390625,1092.5400390625,944.75,965.79998779296875,5,0,0,2001-09-17,2001-09-21,0,True,True
2001-09-28,965.79998779296875,1040.93994140625,965.79998779296875,1040.93994140625,5,0,0,2001-09-24,2001-09-28,0,True,True
2001-10-05,1040.93994140625,1084.1199951171875,1026.760009765625,1071.3800048828125,5,0,0,2001-10-01,2001-10-05,0,True,True
2001-10-12,1071.3699951171875,1099.1600341796875,1052.760009765625,1091.6500244140625,5,0,0,2001-10-08,2001-10-12,0,True,True
2001-10-19,1091.6500244140625,1107.1199951171875,1057.239990234375,1073.47998046875,5,0,0,2001-10-15,2001-10-19,0,True,True
2001-10-26,1073.47998046875,1110.6099853515625,1065.6400146484375,1104.6099853515625,5,0,0,2001-10-22,2001-10-26,0,True,True
2001-11-02,1104.6099853515625,1104.6099853515625,1053.6099853515625,1087.199951171875,5,0,0,2001-10-29,2001-11-02,0,True,True
2001-11-09,1087.199951171875,1135.75,1087.199951171875,1120.31005859375,5,0,0,2001-11-05,2001-11-09,0,True,True
2001-11-16,1120.31005859375,1148.280029296875,1098.3199462890625,1138.6500244140625,5,0,0,2001-11-12,2001-11-16,0,True,True
2001-11-23,1138.6500244140625,1152.449951171875,1129.780029296875,1150.3399658203125,4,0,0,2001-11-19,2001-11-23,0,True,True
2001-11-30,1150.3399658203125,1163.3800048828125,1125.510009765625,1139.449951171875,5,0,0,2001-11-26,2001-11-30,0,True,True
2001-12-07,1139.449951171875,1173.6199951171875,1125.780029296875,1158.31005859375,5,0,0,2001-12-03,2001-12-07,0,True,True
2001-12-14,1158.31005859375,1158.31005859375,1114.530029296875,1123.0899658203125,5,0,0,2001-12-10,2001-12-14,0,True,True
2001-12-21,1123.0899658203125,1152.43994140625,1122.6600341796875,1144.8900146484375,5,0,0,2001-12-17,2001-12-21,0,True,True
2001-12-28,1144.8900146484375,1164.6400146484375,1144.6199951171875,1161.02001953125,4,0,0,2001-12-24,2001-12-28,0,True,True
2002-01-04,1161.02001953125,1176.550048828125,1136.22998046875,1172.510009765625,4,0,0,2001-12-31,2002-01-04,0,True,True
2002-01-11,1172.510009765625,1176.969970703125,1145.449951171875,1145.5999755859375,5,0,0,2002-01-07,2002-01-11,0,True,True
2002-01-18,1145.5999755859375,1148.81005859375,1124.449951171875,1127.5799560546875,5,0,0,2002-01-14,2002-01-18,0,True,True
2002-01-25,1127.5799560546875,1139.5,1117.4300537109375,1133.280029296875,4,0,0,2002-01-22,2002-01-25,0,True,True
2002-02-01,1133.280029296875,1138.6300048828125,1081.6600341796875,1122.199951171875,5,0,0,2002-01-28,2002-02-01,0,True,True
2002-02-08,1122.199951171875,1122.199951171875,1077.780029296875,1096.219970703125,5,0,0,2002-02-04,2002-02-08,0,True,True
2002-02-15,1096.219970703125,1124.719970703125,1094.6800537109375,1104.1800537109375,5,0,0,2002-02-11,2002-02-15,0,True,True
2002-02-22,1104.1800537109375,1104.1800537109375,1074.3599853515625,1089.8399658203125,4,0,0,2002-02-19,2002-02-22,0,True,True
2002-03-01,1089.8399658203125,1131.7900390625,1089.8399658203125,1131.780029296875,5,0,0,2002-02-25,2002-03-01,0,True,True
2002-03-08,1131.780029296875,1172.760009765625,1130.9300537109375,1164.31005859375,5,0,0,2002-03-04,2002-03-08,0,True,True
2002-03-15,1164.31005859375,1173.030029296875,1151.010009765625,1166.1600341796875,5,0,0,2002-03-11,2002-03-15,0,True,True
2002-03-22,1166.1600341796875,1173.93994140625,1139.47998046875,1148.699951171875,5,0,0,2002-03-18,2002-03-22,0,True,True
2002-03-29,1148.699951171875,1154.449951171875,1131.6099853515625,1147.3900146484375,4,0,0,2002-03-25,2002-03-28,0,True,True
2002-04-05,1147.3900146484375,1147.8399658203125,1119.489990234375,1122.72998046875,5,0,0,2002-04-01,2002-04-05,0,True,True
2002-04-12,1122.72998046875,1131.760009765625,1102.4200439453125,1111.010009765625,5,0,0,2002-04-08,2002-04-12,0,True,True
2002-04-19,1111.010009765625,1133,1099.4100341796875,1125.1700439453125,5,0,0,2002-04-15,2002-04-19,0,True,True
2002-04-26,1125.1700439453125,1125.1700439453125,1076.31005859375,1076.3199462890625,5,0,0,2002-04-22,2002-04-26,0,True,True
2002-05-03,1076.3199462890625,1091.4200439453125,1063.4599609375,1073.4300537109375,5,0,0,2002-04-29,2002-05-03,0,True,True
2002-05-10,1073.4300537109375,1088.9200439453125,1048.9599609375,1054.989990234375,5,0,0,2002-05-06,2002-05-10,0,True,True
2002-05-17,1054.989990234375,1106.5899658203125,1053.9000244140625,1106.5899658203125,5,0,0,2002-05-13,2002-05-17,0,True,True
2002-05-24,1106.5899658203125,1106.5899658203125,1075.6400146484375,1083.8199462890625,5,0,0,2002-05-20,2002-05-24,0,True,True
2002-05-31,1083.8199462890625,1085.97998046875,1054.260009765625,1067.1400146484375,4,0,0,2002-05-28,2002-05-31,0,True,True
2002-06-07,1067.1400146484375,1070.739990234375,1012.489990234375,1027.530029296875,5,0,0,2002-06-03,2002-06-07,0,True,True
2002-06-14,1027.530029296875,1039.0400390625,981.6300048828125,1007.27001953125,5,0,0,2002-06-10,2002-06-14,0,True,True
2002-06-21,1007.27001953125,1040.8299560546875,985.6500244140625,989.1400146484375,5,0,0,2002-06-17,2002-06-21,0,True,True
2002-06-28,989.1400146484375,1005.8800048828125,952.91998291015625,989.82000732421875,5,0,0,2002-06-24,2002-06-28,0,True,True
2002-07-05,989.82000732421875,994.46002197265625,934.8699951171875,989.030029296875,4,0,0,2002-07-01,2002-07-05,0,True,True
2002-07-12,989.030029296875,993.55999755859375,900.94000244140625,921.3900146484375,5,0,0,2002-07-08,2002-07-12,0,True,True
2002-07-19,921.3900146484375,926.52001953125,842.07000732421875,847.75,5,0,0,2002-07-15,2002-07-19,0,True,True
2002-07-26,847.760009765625,854.1300048828125,775.67999267578125,852.84002685546875,5,0,0,2002-07-22,2002-07-26,0,True,True
2002-08-02,852.84002685546875,911.6400146484375,852.84002685546875,864.239990234375,5,0,0,2002-07-29,2002-08-02,0,True,True
2002-08-09,864.239990234375,913.95001220703125,833.44000244140625,908.6400146484375,5,0,0,2002-08-05,2002-08-09,0,True,True
2002-08-16,908.6400146484375,935.3800048828125,876.20001220703125,928.77001953125,5,0,0,2002-08-12,2002-08-16,0,True,True
2002-08-23,928.77001953125,965,927.21002197265625,940.8599853515625,5,0,0,2002-08-19,2002-08-23,0,True,True
2002-08-30,940.8599853515625,955.82000732421875,903.33001708984375,916.07000732421875,5,0,0,2002-08-26,2002-08-30,0,True,True
2002-09-06,916.07000732421875,916.07000732421875,870.5,893.91998291015625,4,0,0,2002-09-03,2002-09-06,0,True,True
2002-09-13,893.91998291015625,924.02001953125,877.04998779296875,889.80999755859375,5,0,0,2002-09-09,2002-09-13,0,True,True
2002-09-20,889.80999755859375,902.67999267578125,839.09002685546875,845.3900146484375,5,0,0,2002-09-16,2002-09-20,0,True,True
2002-09-27,845.3900146484375,856.5999755859375,817.3800048828125,827.3699951171875,5,0,0,2002-09-23,2002-09-27,0,True,True
2002-10-04,827.3699951171875,851.92999267578125,794.0999755859375,800.58001708984375,5,0,0,2002-09-30,2002-10-04,0,True,True
2002-10-11,800.58001708984375,843.27001953125,768.6300048828125,835.32000732421875,5,0,0,2002-10-07,2002-10-11,0,True,True
2002-10-18,835.32000732421875,886.67999267578125,828.3699951171875,884.3900146484375,5,0,0,2002-10-14,2002-10-18,0,True,True
2002-10-25,884.3900146484375,902.94000244140625,873.05999755859375,897.6500244140625,5,0,0,2002-10-21,2002-10-25,0,True,True
2002-11-01,897.6500244140625,907.44000244140625,867.90997314453125,900.96002197265625,5,0,0,2002-10-28,2002-11-01,0,True,True
2002-11-08,900.96002197265625,925.65997314453125,891.6199951171875,894.739990234375,5,0,0,2002-11-04,2002-11-08,0,True,True
2002-11-15,894.739990234375,910.21002197265625,872.04998779296875,909.83001708984375,5,0,0,2002-11-11,2002-11-15,0,True,True
2002-11-22,909.83001708984375,937.280029296875,893.09002685546875,930.54998779296875,5,0,0,2002-11-18,2002-11-22,0,True,True
2002-11-29,930.54998779296875,941.82000732421875,912.0999755859375,936.30999755859375,4,0,0,2002-11-25,2002-11-29,0,True,True
2002-12-06,936.30999755859375,954.280029296875,895.96002197265625,912.22998046875,5,0,0,2002-12-02,2002-12-06,0,True,True
2002-12-13,912.22998046875,912.22998046875,888.47998046875,889.47998046875,5,0,0,2002-12-09,2002-12-13,0,True,True
2002-12-20,889.47998046875,911.219970703125,880.32000732421875,895.760009765625,5,0,0,2002-12-16,2002-12-20,0,True,True
2002-12-27,895.739990234375,903.8900146484375,873.6199951171875,875.4000244140625,4,0,0,2002-12-23,2002-12-27,0,True,True
2003-01-03,875.4000244140625,911.25,869.45001220703125,908.59002685546875,4,0,0,2002-12-30,2003-01-03,0,True,True
2003-01-10,908.59002685546875,932.8900146484375,908.32000732421875,927.57000732421875,5,0,0,2003-01-06,2003-01-10,0,True,True
2003-01-17,927.57000732421875,935.04998779296875,899.02001953125,901.780029296875,5,0,0,2003-01-13,2003-01-17,0,True,True
2003-01-24,901.780029296875,906,859.71002197265625,861.4000244140625,4,0,0,2003-01-21,2003-01-24,0,True,True
2003-01-31,861.4000244140625,868.719970703125,840.34002685546875,855.70001220703125,5,0,0,2003-01-27,2003-01-31,0,True,True
2003-02-07,855.70001220703125,864.6400146484375,826.70001220703125,829.69000244140625,5,0,0,2003-02-03,2003-02-07,0,True,True
2003-02-14,829.69000244140625,843.02001953125,806.28997802734375,834.8900146484375,5,0,0,2003-02-10,2003-02-14,0,True,True
2003-02-21,834.8900146484375,852.8699951171875,831.47998046875,848.16998291015625,4,0,0,2003-02-18,2003-02-21,0,True,True
2003-02-28,848.16998291015625,848.16998291015625,818.53997802734375,841.1500244140625,5,0,0,2003-02-24,2003-02-28,0,True,True
2003-03-07,841.1500244140625,852.34002685546875,811.22998046875,828.8900146484375,5,0,0,2003-03-03,2003-03-07,0,True,True
2003-03-14,828.8900146484375,841.3900146484375,788.9000244140625,833.27001953125,5,0,0,2003-03-10,2003-03-14,0,True,True
2003-03-21,833.27001953125,895.9000244140625,827.16998291015625,895.78997802734375,5,0,0,2003-03-17,2003-03-21,0,True,True
2003-03-28,895.78997802734375,895.78997802734375,858.09002685546875,863.5,5,0,0,2003-03-24,2003-03-28,0,True,True
2003-04-04,863.5,885.8900146484375,843.67999267578125,878.8499755859375,5,0,0,2003-03-31,2003-04-04,0,True,True
2003-04-11,878.8499755859375,904.8900146484375,862.760009765625,868.29998779296875,5,0,0,2003-04-07,2003-04-11,0,True,True
2003-04-18,868.29998779296875,896.77001953125,868.29998779296875,893.58001708984375,4,0,0,2003-04-14,2003-04-17,0,True,True
2003-04-25,893.58001708984375,919.739990234375,886.70001220703125,898.80999755859375,5,0,0,2003-04-21,2003-04-25,0,True,True
2003-05-02,898.80999755859375,930.55999755859375,898.80999755859375,930.08001708984375,5,0,0,2003-04-28,2003-05-02,0,True,True
2003-05-09,930.08001708984375,939.6099853515625,919.719970703125,933.40997314453125,5,0,0,2003-05-05,2003-05-09,0,True,True
2003-05-16,933.40997314453125,948.6500244140625,929.29998779296875,944.29998779296875,5,0,0,2003-05-12,2003-05-16,0,True,True
2003-05-23,944.29998779296875,944.29998779296875,912.04998779296875,933.219970703125,5,0,0,2003-05-19,2003-05-23,0,True,True
2003-05-30,933.219970703125,965.3800048828125,927.33001708984375,963.59002685546875,4,0,0,2003-05-27,2003-05-30,0,True,True
2003-06-06,963.59002685546875,1007.6900024414062,963.59002685546875,987.760009765625,5,0,0,2003-06-02,2003-06-06,0,True,True
2003-06-13,987.760009765625,1002.739990234375,972.59002685546875,988.6099853515625,5,0,0,2003-06-09,2003-06-13,0,True,True
2003-06-20,988.6099853515625,1015.3300170898438,988.6099853515625,995.69000244140625,5,0,0,2003-06-16,2003-06-20,0,True,True
2003-06-27,995.69000244140625,995.69000244140625,973.79998779296875,976.219970703125,5,0,0,2003-06-23,2003-06-27,0,True,True
2003-07-04,976.219970703125,995,962.0999755859375,985.70001220703125,4,0,0,2003-06-30,2003-07-03,0,True,True
2003-07-11,985.70001220703125,1010.4299926757812,983.6300048828125,998.1400146484375,5,0,0,2003-07-07,2003-07-11,0,True,True
2003-07-18,998.1400146484375,1015.4099731445312,978.5999755859375,993.32000732421875,5,0,0,2003-07-14,2003-07-18,0,True,True
2003-07-25,993.32000732421875,998.8900146484375,975.6300048828125,998.67999267578125,5,0,0,2003-07-21,2003-07-25,0,True,True
2003-08-01,998.67999267578125,1004.5900268554688,978.8599853515625,980.1500244140625,5,0,0,2003-07-28,2003-08-01,0,True,True
2003-08-08,980.1500244140625,985.75,960.84002685546875,977.59002685546875,5,0,0,2003-08-04,2003-08-08,0,True,True
2003-08-15,977.59002685546875,992.5,974.21002197265625,990.66998291015625,5,0,0,2003-08-11,2003-08-15,0,True,True
2003-08-22,990.66998291015625,1011.010009765625,990.66998291015625,993.05999755859375,5,0,0,2003-08-18,2003-08-22,0,True,True
2003-08-29,993.05999755859375,1008.8499755859375,983.57000732421875,1008.010009765625,5,0,0,2003-08-25,2003-08-29,0,True,True
2003-09-05,1008.010009765625,1029.3399658203125,1005.72998046875,1021.3900146484375,4,0,0,2003-09-02,2003-09-05,0,True,True
2003-09-12,1021.3900146484375,1032.4100341796875,1007.7100219726562,1018.6300048828125,5,0,0,2003-09-08,2003-09-12,0,True,True
2003-09-19,1018.6300048828125,1040.2900390625,1013.5900268554688,1036.300048828125,5,0,0,2003-09-15,2003-09-19,0,True,True
2003-09-26,1036.300048828125,1036.300048828125,996.08001708984375,996.8499755859375,5,0,0,2003-09-22,2003-09-26,0,True,True
2003-10-03,996.8499755859375,1039.31005859375,990.3599853515625,1029.8499755859375,5,0,0,2003-09-29,2003-10-03,0,True,True
2003-10-10,1029.8499755859375,1048.280029296875,1026.27001953125,1038.06005859375,5,0,0,2003-10-06,2003-10-10,0,True,True
2003-10-17,1038.06005859375,1053.7900390625,1036.5699462890625,1039.3199462890625,5,0,0,2003-10-13,2003-10-17,0,True,True
2003-10-24,1039.3199462890625,1048.5699462890625,1018.3200073242188,1028.9100341796875,5,0,0,2003-10-20,2003-10-24,0,True,True
2003-10-31,1028.9100341796875,1053.0899658203125,1028.9100341796875,1050.7099609375,5,0,0,2003-10-27,2003-10-31,0,True,True
2003-11-07,1050.7099609375,1062.3900146484375,1044.8800048828125,1053.2099609375,5,0,0,2003-11-03,2003-11-07,0,True,True
2003-11-14,1053.2099609375,1063.6500244140625,1043.4599609375,1050.3499755859375,5,0,0,2003-11-10,2003-11-14,0,True,True
2003-11-21,1050.3499755859375,1050.3499755859375,1031.199951171875,1035.280029296875,5,0,0,2003-11-17,2003-11-21,0,True,True
2003-11-28,1035.280029296875,1060.6300048828125,1035.280029296875,1058.199951171875,4,0,0,2003-11-24,2003-11-28,0,True,True
2003-12-05,1058.199951171875,1074.300048828125,1058.199951171875,1061.5,5,0,0,2003-12-01,2003-12-05,0,True,True
2003-12-12,1061.5,1074.760009765625,1053.4100341796875,1074.1400146484375,5,0,0,2003-12-08,2003-12-12,0,True,True
2003-12-19,1074.1400146484375,1091.06005859375,1068,1088.6600341796875,5,0,0,2003-12-15,2003-12-19,0,True,True
2003-12-26,1088.6600341796875,1098.469970703125,1086.1400146484375,1095.8900146484375,4,0,0,2003-12-22,2003-12-26,0,True,True
2004-01-02,1095.8900146484375,1118.8499755859375,1095.8900146484375,1108.47998046875,4,0,0,2003-12-29,2004-01-02,0,True,True
2004-01-09,1108.47998046875,1131.9200439453125,1108.47998046875,1121.8599853515625,5,0,0,2004-01-05,2004-01-09,0,True,True
2004-01-16,1121.8599853515625,1139.8299560546875,1115.18994140625,1139.8299560546875,5,0,0,2004-01-12,2004-01-16,0,True,True
2004-01-23,1139.8299560546875,1150.510009765625,1134.6199951171875,1141.550048828125,4,0,0,2004-01-20,2004-01-23,0,True,True
2004-01-30,1141.550048828125,1155.3800048828125,1122.3800048828125,1131.1300048828125,5,0,0,2004-01-26,2004-01-30,0,True,True
2004-02-06,1131.1300048828125,1142.7900390625,1124.43994140625,1142.760009765625,5,0,0,2004-02-02,2004-02-06,0,True,True
2004-02-13,1142.760009765625,1158.8900146484375,1138.699951171875,1145.81005859375,5,0,0,2004-02-09,2004-02-13,0,True,True
2004-02-20,1145.81005859375,1158.97998046875,1139,1144.1099853515625,4,0,0,2004-02-17,2004-02-20,0,True,True
2004-02-27,1144.1099853515625,1151.6800537109375,1134.4300537109375,1144.93994140625,5,0,0,2004-02-23,2004-02-27,0,True,True
2004-03-05,1144.93994140625,1163.22998046875,1143.780029296875,1156.8599853515625,5,0,0,2004-03-01,2004-03-05,0,True,True
2004-03-12,1156.8599853515625,1159.93994140625,1105.8699951171875,1120.5699462890625,5,0,0,2004-03-08,2004-03-12,0,True,True
2004-03-19,1120.5699462890625,1125.760009765625,1102.6099853515625,1109.780029296875,5,0,0,2004-03-15,2004-03-19,0,True,True
2004-03-26,1109.780029296875,1115.27001953125,1087.1600341796875,1108.06005859375,5,0,0,2004-03-22,2004-03-26,0,True,True
2004-04-02,1108.06005859375,1144.81005859375,1108.06005859375,1141.81005859375,5,0,0,2004-03-29,2004-04-02,0,True,True
2004-04-09,1141.81005859375,1150.5699462890625,1134.52001953125,1139.3199462890625,4,0,0,2004-04-05,2004-04-08,0,True,True
2004-04-16,1139.3199462890625,1147.780029296875,1120.75,1134.6099853515625,5,0,0,2004-04-12,2004-04-16,0,True,True
2004-04-23,1134.56005859375,1142.77001953125,1116.030029296875,1140.5999755859375,5,0,0,2004-04-19,2004-04-23,0,True,True
2004-04-30,1140.5999755859375,1146.56005859375,1107.22998046875,1107.300048828125,5,0,0,2004-04-26,2004-04-30,0,True,True
2004-05-07,1107.300048828125,1127.739990234375,1098.6300048828125,1098.699951171875,5,0,0,2004-05-03,2004-05-07,0,True,True
2004-05-14,1098.699951171875,1102.77001953125,1076.3199462890625,1095.699951171875,5,0,0,2004-05-10,2004-05-14,0,True,True
2004-05-21,1095.699951171875,1105.9300537109375,1079.3599853515625,1093.56005859375,5,0,0,2004-05-17,2004-05-21,0,True,True
2004-05-28,1093.56005859375,1123.949951171875,1090.739990234375,1120.6800537109375,5,0,0,2004-05-24,2004-05-28,0,True,True
2004-06-04,1120.6800537109375,1129.1700439453125,1113.3199462890625,1122.5,4,0,0,2004-06-01,2004-06-04,0,True,True
2004-06-11,1122.5,1142.1800537109375,1122.5,1136.469970703125,4,0,0,2004-06-07,2004-06-10,0,True,True
2004-06-18,1136.469970703125,1138.9599609375,1122.1600341796875,1135.02001953125,5,0,0,2004-06-14,2004-06-18,0,True,True
2004-06-25,1135.02001953125,1146.3399658203125,1124.3699951171875,1134.4300537109375,5,0,0,2004-06-21,2004-06-25,0,True,True
2004-07-02,1134.4300537109375,1144.199951171875,1123.06005859375,1125.3800048828125,5,0,0,2004-06-28,2004-07-02,0,True,True
2004-07-09,1125.3800048828125,1125.3800048828125,1108.719970703125,1112.81005859375,4,0,0,2004-07-06,2004-07-09,0,True,True
2004-07-16,1112.81005859375,1119.5999755859375,1101.0699462890625,1101.3900146484375,5,0,0,2004-07-12,2004-07-16,0,True,True
2004-07-23,1101.3900146484375,1116.27001953125,1083.56005859375,1086.199951171875,5,0,0,2004-07-19,2004-07-23,0,True,True
2004-07-30,1086.199951171875,1103.72998046875,1078.780029296875,1101.719970703125,5,0,0,2004-07-26,2004-07-30,0,True,True
2004-08-06,1101.719970703125,1108.5999755859375,1062.22998046875,1063.969970703125,5,0,0,2004-08-02,2004-08-06,0,True,True
2004-08-13,1063.969970703125,1079.0400390625,1060.719970703125,1064.800048828125,5,0,0,2004-08-09,2004-08-13,0,True,True
2004-08-20,1064.800048828125,1100.260009765625,1064.800048828125,1098.3499755859375,5,0,0,2004-08-16,2004-08-20,0,True,True
2004-08-27,1098.3499755859375,1109.6800537109375,1092.8199462890625,1107.77001953125,5,0,0,2004-08-23,2004-08-27,0,True,True
2004-09-03,1107.77001953125,1120.800048828125,1094.719970703125,1113.6300048828125,5,0,0,2004-08-30,2004-09-03,0,True,True
2004-09-10,1113.6300048828125,1125.260009765625,1113.6199951171875,1123.9200439453125,4,0,0,2004-09-07,2004-09-10,0,True,True
2004-09-17,1123.9200439453125,1130.1400146484375,1119.8199462890625,1128.550048828125,5,0,0,2004-09-13,2004-09-17,0,True,True
2004-09-24,1128.550048828125,1131.5400390625,1108.050048828125,1110.1099853515625,5,0,0,2004-09-20,2004-09-24,0,True,True
2004-10-01,1110.1099853515625,1131.6400146484375,1101.2900390625,1131.5,5,0,0,2004-09-27,2004-10-01,0,True,True
2004-10-08,1131.5,1142.050048828125,1120.18994140625,1122.1400146484375,5,0,0,2004-10-04,2004-10-08,0,True,True
2004-10-15,1122.1400146484375,1127.010009765625,1102.06005859375,1108.199951171875,5,0,0,2004-10-11,2004-10-15,0,True,True
2004-10-22,1108.199951171875,1117.9599609375,1094.25,1095.739990234375,5,0,0,2004-10-18,2004-10-22,0,True,True
2004-10-29,1095.739990234375,1131.4000244140625,1090.2900390625,1130.199951171875,5,0,0,2004-10-25,2004-10-29,0,True,True
2004-11-05,1130.199951171875,1170.8699951171875,1127.5999755859375,1166.1700439453125,5,0,0,2004-11-01,2004-11-05,0,True,True
2004-11-12,1166.1700439453125,1184.1700439453125,1162.3199462890625,1184.1700439453125,5,0,0,2004-11-08,2004-11-12,0,True,True
2004-11-19,1184.1700439453125,1188.4599609375,1169.18994140625,1170.3399658203125,5,0,0,2004-11-15,2004-11-19,0,True,True
2004-11-26,1170.3399658203125,1186.6199951171875,1167.8900146484375,1182.6500244140625,4,0,0,2004-11-22,2004-11-26,0,True,True
2004-12-03,1182.6500244140625,1197.4599609375,1172.3699951171875,1191.1700439453125,5,0,0,2004-11-29,2004-12-03,0,True,True
2004-12-10,1191.1700439453125,1192.4100341796875,1173.7900390625,1188,5,0,0,2004-12-06,2004-12-10,0,True,True
2004-12-17,1188,1207.969970703125,1188,1194.199951171875,5,0,0,2004-12-13,2004-12-17,0,True,True
2004-12-24,1194.199951171875,1213.6600341796875,1193.3599853515625,1210.1300048828125,4,0,0,2004-12-20,2004-12-23,0,True,True
2004-12-31,1210.1300048828125,1217.3299560546875,1204.9200439453125,1211.9200439453125,5,0,0,2004-12-27,2004-12-31,0,True,True
2005-01-07,1211.9200439453125,1217.800048828125,1182.1600341796875,1186.18994140625,5,0,0,2005-01-03,2005-01-07,0,True,True
2005-01-14,1186.18994140625,1194.780029296875,1175.6400146484375,1184.52001953125,5,0,0,2005-01-10,2005-01-14,0,True,True
2005-01-21,1184.52001953125,1195.97998046875,1167.8199462890625,1167.8699951171875,4,0,0,2005-01-18,2005-01-21,0,True,True
2005-01-28,1167.8699951171875,1177.5,1163.75,1171.3599853515625,5,0,0,2005-01-24,2005-01-28,0,True,True
2005-02-04,1171.3599853515625,1203.469970703125,1171.3599853515625,1203.030029296875,5,0,0,2005-01-31,2005-02-04,0,True,True
2005-02-11,1203.030029296875,1208.3800048828125,1191.5400390625,1205.300048828125,5,0,0,2005-02-07,2005-02-11,0,True,True
2005-02-18,1205.300048828125,1212.43994140625,1197.3499755859375,1201.5899658203125,5,0,0,2005-02-14,2005-02-18,0,True,True
2005-02-25,1201.5899658203125,1212.1500244140625,1184.1600341796875,1211.3699951171875,4,0,0,2005-02-22,2005-02-25,0,True,True
2005-03-04,1211.3699951171875,1224.760009765625,1198.1300048828125,1222.1199951171875,5,0,0,2005-02-28,2005-03-04,0,True,True
2005-03-11,1222.1199951171875,1229.1099853515625,1198.1500244140625,1200.0799560546875,5,0,0,2005-03-07,2005-03-11,0,True,True
2005-03-18,1200.0799560546875,1210.5400390625,1182.780029296875,1189.6500244140625,5,0,0,2005-03-14,2005-03-18,0,True,True
2005-03-25,1189.6500244140625,1189.6500244140625,1168.699951171875,1171.4200439453125,4,0,0,2005-03-21,2005-03-24,0,True,True
2005-04-01,1171.4200439453125,1189.800048828125,1163.68994140625,1172.9200439453125,5,0,0,2005-03-28,2005-04-01,0,True,True
2005-04-08,1172.7900390625,1191.8800048828125,1167.719970703125,1181.199951171875,5,0,0,2005-04-04,2005-04-08,0,True,True
2005-04-15,1181.199951171875,1190.1700439453125,1141.9200439453125,1142.6199951171875,5,0,0,2005-04-11,2005-04-15,0,True,True
2005-04-22,1142.6199951171875,1159.949951171875,1136.1500244140625,1152.1199951171875,5,0,0,2005-04-18,2005-04-22,0,True,True
2005-04-29,1152.1199951171875,1164.800048828125,1139.18994140625,1156.8499755859375,5,0,0,2005-04-25,2005-04-29,0,True,True
2005-05-06,1156.8499755859375,1178.6199951171875,1154.7099609375,1171.3499755859375,5,0,0,2005-05-02,2005-05-06,0,True,True
2005-05-13,1171.3499755859375,1178.8699951171875,1146.1800537109375,1154.050048828125,5,0,0,2005-05-09,2005-05-13,0,True,True
2005-05-20,1154.050048828125,1191.219970703125,1153.6400146484375,1189.280029296875,5,0,0,2005-05-16,2005-05-20,0,True,True
2005-05-27,1189.280029296875,1199.56005859375,1185.9599609375,1198.780029296875,5,0,0,2005-05-23,2005-05-27,0,True,True
2005-06-03,1198.780029296875,1205.6400146484375,1191.030029296875,1196.02001953125,4,0,0,2005-05-31,2005-06-03,0,True,True
2005-06-10,1196.02001953125,1208.8499755859375,1191.0899658203125,1198.1099853515625,5,0,0,2005-06-06,2005-06-10,0,True,True
2005-06-17,1198.1099853515625,1219.550048828125,1194.510009765625,1216.9599609375,5,0,0,2005-06-13,2005-06-17,0,True,True
2005-06-24,1216.9599609375,1219.5899658203125,1191.449951171875,1191.5699462890625,5,0,0,2005-06-20,2005-06-24,0,True,True
2005-07-01,1191.5699462890625,1204.0699462890625,1188.300048828125,1194.43994140625,5,0,0,2005-06-27,2005-07-01,0,True,True
2005-07-08,1194.43994140625,1212.72998046875,1183.550048828125,1211.8599853515625,4,0,0,2005-07-05,2005-07-08,0,True,True
2005-07-15,1211.8599853515625,1233.1600341796875,1211.8599853515625,1227.9200439453125,5,0,0,2005-07-11,2005-07-15,0,True,True
2005-07-22,1227.9200439453125,1236.56005859375,1221.1300048828125,1233.6800537109375,5,0,0,2005-07-18,2005-07-22,0,True,True
2005-07-29,1233.6800537109375,1245.1500244140625,1228.1500244140625,1234.1800537109375,5,0,0,2005-07-25,2005-07-29,0,True,True
2005-08-05,1234.1800537109375,1245.8599853515625,1225.6199951171875,1226.4200439453125,5,0,0,2005-08-01,2005-08-05,0,True,True
2005-08-12,1226.4200439453125,1242.68994140625,1222.6700439453125,1230.3900146484375,5,0,0,2005-08-08,2005-08-12,0,True,True
2005-08-19,1230.4000244140625,1236.239990234375,1215.9300537109375,1219.7099609375,5,0,0,2005-08-15,2005-08-19,0,True,True
2005-08-26,1219.7099609375,1228.9599609375,1204.22998046875,1205.0999755859375,5,0,0,2005-08-22,2005-08-26,0,True,True
2005-09-02,1205.0999755859375,1227.2900390625,1201.0699462890625,1218.02001953125,5,0,0,2005-08-29,2005-09-02,0,True,True
2005-09-09,1218.02001953125,1243.1300048828125,1218.02001953125,1241.47998046875,4,0,0,2005-09-06,2005-09-09,0,True,True
2005-09-16,1241.47998046875,1242.5999755859375,1224.8499755859375,1237.9100341796875,5,0,0,2005-09-12,2005-09-16,0,True,True
2005-09-23,1237.9100341796875,1237.9100341796875,1205.3499755859375,1215.2900390625,5,0,0,2005-09-19,2005-09-23,0,True,True
2005-09-30,1215.2900390625,1229.5699462890625,1211.1099853515625,1228.81005859375,5,0,0,2005-09-26,2005-09-30,0,True,True
2005-10-07,1228.81005859375,1233.3399658203125,1181.9200439453125,1195.9000244140625,5,0,0,2005-10-03,2005-10-07,0,True,True
2005-10-14,1195.9000244140625,1196.52001953125,1168.199951171875,1186.5699462890625,5,0,0,2005-10-10,2005-10-14,0,True,True
2005-10-21,1186.5699462890625,1197.300048828125,1170.550048828125,1179.5899658203125,5,0,0,2005-10-17,2005-10-21,0,True,True
2005-10-28,1179.5899658203125,1204.010009765625,1178.8900146484375,1198.4100341796875,5,0,0,2005-10-24,2005-10-28,0,True,True
2005-11-04,1198.4100341796875,1224.699951171875,1198.4100341796875,1220.1400146484375,5,0,0,2005-10-31,2005-11-04,0,True,True
2005-11-11,1220.1400146484375,1235.699951171875,1215.050048828125,1234.719970703125,5,0,0,2005-11-07,2005-11-11,0,True,True
2005-11-18,1234.719970703125,1249.5799560546875,1226.4100341796875,1248.27001953125,5,0,0,2005-11-14,2005-11-18,0,True,True
2005-11-25,1248.27001953125,1270.6400146484375,1246.9000244140625,1268.25,4,0,0,2005-11-21,2005-11-25,0,True,True
2005-12-02,1268.25,1268.43994140625,1249.3900146484375,1265.0799560546875,5,0,0,2005-11-28,2005-12-02,0,True,True
2005-12-09,1265.0799560546875,1272.8900146484375,1250.9100341796875,1259.3699951171875,5,0,0,2005-12-05,2005-12-09,0,True,True
2005-12-16,1259.3699951171875,1275.800048828125,1255.52001953125,1267.3199462890625,5,0,0,2005-12-12,2005-12-16,0,True,True
2005-12-23,1267.3199462890625,1270.510009765625,1257.2099609375,1268.6600341796875,5,0,0,2005-12-19,2005-12-23,0,True,True
2005-12-30,1268.6600341796875,1271.8299560546875,1246.5899658203125,1248.2900390625,4,0,0,2005-12-27,2005-12-30,0,True,True
2006-01-06,1248.2900390625,1286.0899658203125,1245.739990234375,1285.449951171875,4,0,0,2006-01-03,2006-01-06,0,True,True
2006-01-13,1285.449951171875,1294.9000244140625,1282.780029296875,1287.6099853515625,5,0,0,2006-01-09,2006-01-13,0,True,True
2006-01-20,1287.6099853515625,1287.7900390625,1260.9200439453125,1261.489990234375,4,0,0,2006-01-17,2006-01-20,0,True,True
2006-01-27,1261.489990234375,1286.3800048828125,1259.4200439453125,1283.719970703125,5,0,0,2006-01-23,2006-01-27,0,True,True
2006-02-03,1283.719970703125,1287.93994140625,1261.02001953125,1264.030029296875,5,0,0,2006-01-30,2006-02-03,0,True,True
2006-02-10,1264.030029296875,1274.56005859375,1253.6099853515625,1266.989990234375,5,0,0,2006-02-06,2006-02-10,0,True,True
2006-02-17,1266.989990234375,1289.469970703125,1258.3399658203125,1287.239990234375,5,0,0,2006-02-13,2006-02-17,0,True,True
2006-02-24,1287.239990234375,1294.1700439453125,1281.3299560546875,1289.4300537109375,4,0,0,2006-02-21,2006-02-24,0,True,True
2006-03-03,1289.4300537109375,1297.5699462890625,1278.6600341796875,1287.22998046875,5,0,0,2006-02-27,2006-03-03,0,True,True
2006-03-10,1287.22998046875,1288.22998046875,1268.4200439453125,1281.4200439453125,5,0,0,2006-03-06,2006-03-10,0,True,True
2006-03-17,1281.5799560546875,1310.449951171875,1281.5799560546875,1307.25,5,0,0,2006-03-13,2006-03-17,0,True,True
2006-03-24,1307.25,1310.8800048828125,1295.81005859375,1302.949951171875,5,0,0,2006-03-20,2006-03-24,0,True,True
2006-03-31,1302.949951171875,1310.1500244140625,1291.8399658203125,1294.8699951171875,5,0,0,2006-03-27,2006-03-31,0,True,True
2006-04-07,1302.8800048828125,1314.0699462890625,1294.1800537109375,1295.5,5,0,0,2006-04-03,2006-04-07,0,True,True
2006-04-14,1295.510009765625,1300.739990234375,1282.9599609375,1289.1199951171875,4,0,0,2006-04-10,2006-04-13,0,True,True
2006-04-21,1289.1199951171875,1318.1600341796875,1280.739990234375,1311.280029296875,5,0,0,2006-04-17,2006-04-21,0,True,True
2006-04-28,1311.280029296875,1316.0400390625,1295.5699462890625,1310.6099853515625,5,0,0,2006-04-24,2006-04-28,0,True,True
2006-05-05,1310.6099853515625,1326.530029296875,1303.4599609375,1325.760009765625,5,0,0,2006-05-01,2006-05-05,0,True,True
2006-05-12,1325.760009765625,1326.699951171875,1290.3800048828125,1291.239990234375,5,0,0,2006-05-08,2006-05-12,0,True,True
2006-05-19,1291.18994140625,1297.8800048828125,1256.280029296875,1267.030029296875,5,0,0,2006-05-15,2006-05-19,0,True,True
2006-05-26,1267.030029296875,1280.5400390625,1245.3399658203125,1280.1600341796875,5,0,0,2006-05-22,2006-05-26,0,True,True
2006-06-02,1280.0400390625,1290.6800537109375,1259.3800048828125,1288.219970703125,4,0,0,2006-05-30,2006-06-02,0,True,True
2006-06-09,1288.1600341796875,1288.1600341796875,1235.1800537109375,1252.300048828125,5,0,0,2006-06-05,2006-06-09,0,True,True
2006-06-16,1252.27001953125,1258.6400146484375,1219.2900390625,1251.5400390625,5,0,0,2006-06-12,2006-06-16,0,True,True
2006-06-23,1251.5400390625,1257.9599609375,1237.1700439453125,1244.5,5,0,0,2006-06-19,2006-06-23,0,True,True
2006-06-30,1244.5,1276.300048828125,1237.5899658203125,1270.199951171875,5,0,0,2006-06-26,2006-06-30,0,True,True
2006-07-07,1270.06005859375,1280.3800048828125,1263.1300048828125,1265.47998046875,4,0,0,2006-07-03,2006-07-07,0,True,True
2006-07-14,1265.4599609375,1274.06005859375,1228.449951171875,1236.199951171875,5,0,0,2006-07-10,2006-07-14,0,True,True
2006-07-21,1236.199951171875,1262.56005859375,1224.5400390625,1240.2900390625,5,0,0,2006-07-17,2006-07-21,0,True,True
2006-07-28,1240.25,1280.4200439453125,1240.25,1278.550048828125,5,0,0,2006-07-24,2006-07-28,0,True,True
2006-08-04,1278.530029296875,1292.9200439453125,1265.7099609375,1279.3599853515625,5,0,0,2006-07-31,2006-08-04,0,True,True
2006-08-11,1279.31005859375,1283.739990234375,1261.300048828125,1266.739990234375,5,0,0,2006-08-07,2006-08-11,0,True,True
2006-08-18,1266.6700439453125,1302.300048828125,1266.6700439453125,1302.300048828125,5,0,0,2006-08-14,2006-08-18,0,True,True
2006-08-25,1302.300048828125,1302.489990234375,1289.8199462890625,1295.0899658203125,5,0,0,2006-08-21,2006-08-25,0,True,True
2006-09-01,1295.0899658203125,1312.030029296875,1293.969970703125,1311.010009765625,5,0,0,2006-08-28,2006-09-01,0,True,True
2006-09-08,1310.93994140625,1314.6700439453125,1292.1300048828125,1298.9200439453125,4,0,0,2006-09-05,2006-09-08,0,True,True
2006-09-15,1298.8599853515625,1324.6500244140625,1290.9300537109375,1319.6600341796875,5,0,0,2006-09-11,2006-09-15,0,True,True
2006-09-22,1319.8499755859375,1328.530029296875,1310.93994140625,1314.780029296875,5,0,0,2006-09-18,2006-09-22,0,True,True
2006-09-29,1314.780029296875,1340.280029296875,1311.5799560546875,1335.8499755859375,5,0,0,2006-09-25,2006-09-29,0,True,True
2006-10-06,1335.8199462890625,1353.7900390625,1327.0999755859375,1349.5899658203125,5,0,0,2006-10-02,2006-10-06,0,True,True
2006-10-13,1349.5799560546875,1366.6300048828125,1343.5699462890625,1365.6199951171875,5,0,0,2006-10-09,2006-10-13,0,True,True
2006-10-20,1365.6099853515625,1372.8699951171875,1356.8699951171875,1368.5999755859375,5,0,0,2006-10-16,2006-10-20,0,True,True
2006-10-27,1368.5799560546875,1389.449951171875,1363.93994140625,1377.3399658203125,5,0,0,2006-10-23,2006-10-27,0,True,True
2006-11-03,1377.300048828125,1381.949951171875,1360.97998046875,1364.300048828125,5,0,0,2006-10-30,2006-11-03,0,True,True
2006-11-10,1364.27001953125,1388.9200439453125,1364.27001953125,1380.9000244140625,5,0,0,2006-11-06,2006-11-10,0,True,True
2006-11-17,1380.5799560546875,1403.760009765625,1378.800048828125,1401.199951171875,5,0,0,2006-11-13,2006-11-17,0,True,True
2006-11-24,1401.1700439453125,1407.8900146484375,1397.8499755859375,1400.949951171875,4,0,0,2006-11-20,2006-11-24,0,True,True
2006-12-01,1400.949951171875,1406.300048828125,1377.8299560546875,1396.7099609375,5,0,0,2006-11-27,2006-12-01,0,True,True
2006-12-08,1396.6700439453125,1418.27001953125,1396.6700439453125,1409.8399658203125,5,0,0,2006-12-04,2006-12-08,0,True,True
2006-12-15,1409.81005859375,1431.6300048828125,1404.75,1427.0899658203125,5,0,0,2006-12-11,2006-12-15,0,True,True
2006-12-22,1427.0799560546875,1431.81005859375,1410.280029296875,1410.760009765625,5,0,0,2006-12-18,2006-12-22,0,True,True
2006-12-29,1410.75,1427.719970703125,1410.449951171875,1418.300048828125,4,0,0,2006-12-26,2006-12-29,0,True,True
2007-01-05,1418.030029296875,1429.4200439453125,1405.75,1409.7099609375,3,0,0,2007-01-03,2007-01-05,0,True,True
2007-01-12,1409.260009765625,1431.22998046875,1403.969970703125,1430.72998046875,5,0,0,2007-01-08,2007-01-12,0,True,True
2007-01-19,1430.72998046875,1435.27001953125,1424.2099609375,1430.5,4,0,0,2007-01-16,2007-01-19,0,True,True
2007-01-26,1430.469970703125,1440.68994140625,1416.9599609375,1422.1800537109375,5,0,0,2007-01-22,2007-01-26,0,True,True
2007-02-02,1422.030029296875,1449.3299560546875,1418.4599609375,1448.3900146484375,5,0,0,2007-01-29,2007-02-02,0,True,True
2007-02-09,1448.3299560546875,1452.989990234375,1433.43994140625,1438.06005859375,5,0,0,2007-02-05,2007-02-09,0,True,True
2007-02-16,1438,1457.969970703125,1431.43994140625,1455.5400390625,5,0,0,2007-02-12,2007-02-16,0,True,True
2007-02-23,1455.530029296875,1461.5699462890625,1448.3599853515625,1451.18994140625,4,0,0,2007-02-20,2007-02-23,0,True,True
2007-03-02,1451.0400390625,1456.949951171875,1380.8699951171875,1387.1700439453125,5,0,0,2007-02-26,2007-03-02,0,True,True
2007-03-09,1387.1099853515625,1410.1500244140625,1373.969970703125,1402.8399658203125,5,0,0,2007-03-05,2007-03-09,0,True,True
2007-03-16,1402.800048828125,1409.3399658203125,1363.97998046875,1386.949951171875,5,0,0,2007-03-12,2007-03-16,0,True,True
2007-03-23,1386.949951171875,1438.8900146484375,1386.949951171875,1436.1099853515625,5,0,0,2007-03-19,2007-03-23,0,True,True
2007-03-30,1436.1099853515625,1437.6500244140625,1408.9000244140625,1420.8599853515625,5,0,0,2007-03-26,2007-03-30,0,True,True
2007-04-06,1420.8299560546875,1444.8800048828125,1416.3699951171875,1443.760009765625,4,0,0,2007-04-02,2007-04-05,0,True,True
2007-04-13,1443.77001953125,1453.1099853515625,1433.9100341796875,1452.8499755859375,5,0,0,2007-04-09,2007-04-13,0,True,True
2007-04-20,1452.8399658203125,1484.739990234375,1452.8399658203125,1484.3499755859375,5,0,0,2007-04-16,2007-04-20,0,True,True
2007-04-27,1484.3299560546875,1498.02001953125,1473.739990234375,1494.0699462890625,5,0,0,2007-04-23,2007-04-27,0,True,True
2007-05-04,1494.0699462890625,1510.3399658203125,1476.699951171875,1505.6199951171875,5,0,0,2007-04-30,2007-05-04,0,True,True
2007-05-11,1505.5699462890625,1513.800048828125,1491.4200439453125,1505.8499755859375,5,0,0,2007-05-07,2007-05-11,0,True,True
2007-05-18,1505.760009765625,1522.75,1498.3399658203125,1522.75,5,0,0,2007-05-14,2007-05-18,0,True,True
2007-05-25,1522.75,1532.4300537109375,1505.1800537109375,1515.72998046875,5,0,0,2007-05-21,2007-05-25,0,True,True
2007-06-01,1515.550048828125,1540.56005859375,1510.06005859375,1536.3399658203125,4,0,0,2007-05-29,2007-06-01,0,True,True
2007-06-08,1536.280029296875,1540.530029296875,1487.4100341796875,1507.6700439453125,5,0,0,2007-06-04,2007-06-08,0,True,True
2007-06-15,1507.6400146484375,1538.7099609375,1492.6500244140625,1532.9100341796875,5,0,0,2007-06-11,2007-06-15,0,True,True
2007-06-22,1532.9000244140625,1537.3199462890625,1500.739990234375,1502.56005859375,5,0,0,2007-06-18,2007-06-22,0,True,True
2007-06-29,1502.56005859375,1517.530029296875,1484.1800537109375,1503.3499755859375,5,0,0,2007-06-25,2007-06-29,0,True,True
2007-07-06,1504.6600341796875,1532.4000244140625,1504.6600341796875,1530.43994140625,4,0,0,2007-07-02,2007-07-06,0,True,True
2007-07-13,1530.4300537109375,1555.0999755859375,1506.0999755859375,1552.5,5,0,0,2007-07-09,2007-07-13,0,True,True
2007-07-20,1552.5,1555.9000244140625,1529.199951171875,1534.0999755859375,5,0,0,2007-07-16,2007-07-20,0,True,True
2007-07-27,1534.06005859375,1547.22998046875,1458.949951171875,1458.949951171875,5,0,0,2007-07-23,2007-07-27,0,True,True
2007-08-03,1458.9300537109375,1488.300048828125,1432.800048828125,1433.06005859375,5,0,0,2007-07-30,2007-08-03,0,True,True
2007-08-10,1433.0400390625,1503.8900146484375,1427.3900146484375,1453.6400146484375,5,0,0,2007-08-06,2007-08-10,0,True,True
2007-08-17,1453.4200439453125,1466.2900390625,1370.5999755859375,1445.93994140625,5,0,0,2007-08-13,2007-08-17,0,True,True
2007-08-24,1445.93994140625,1479.4000244140625,1430.5400390625,1479.3699951171875,5,0,0,2007-08-20,2007-08-24,0,True,True
2007-08-31,1479.3599853515625,1481.469970703125,1432.010009765625,1473.989990234375,5,0,0,2007-08-27,2007-08-31,0,True,True
2007-09-07,1473.9599609375,1496.4000244140625,1449.0699462890625,1453.550048828125,4,0,0,2007-09-04,2007-09-07,0,True,True
2007-09-14,1453.5,1489.5799560546875,1439.2900390625,1484.25,5,0,0,2007-09-10,2007-09-14,0,True,True
2007-09-21,1484.239990234375,1538.739990234375,1471.8199462890625,1525.75,5,0,0,2007-09-17,2007-09-21,0,True,True
2007-09-28,1525.75,1533.739990234375,1507.1300048828125,1526.75,5,0,0,2007-09-24,2007-09-28,0,True,True
2007-10-05,1527.2900390625,1561.9100341796875,1527.25,1557.5899658203125,5,0,0,2007-10-01,2007-10-05,0,True,True
2007-10-12,1556.510009765625,1576.0899658203125,1546.719970703125,1561.800048828125,5,0,0,2007-10-08,2007-10-12,0,True,True
2007-10-19,1562.25,1564.739990234375,1500.260009765625,1500.6300048828125,5,0,0,2007-10-15,2007-10-19,0,True,True
2007-10-26,1497.7900390625,1535.530029296875,1489.56005859375,1535.280029296875,5,0,0,2007-10-22,2007-10-26,0,True,True
2007-11-02,1536.9200439453125,1552.760009765625,1492.530029296875,1509.6500244140625,5,0,0,2007-10-29,2007-11-02,0,True,True
2007-11-09,1505.6099853515625,1520.77001953125,1448.510009765625,1453.699951171875,5,0,0,2007-11-05,2007-11-09,0,True,True
2007-11-16,1453.6600341796875,1492.1400146484375,1438.530029296875,1458.739990234375,5,0,0,2007-11-12,2007-11-16,0,True,True
2007-11-23,1456.699951171875,1456.699951171875,1415.6400146484375,1440.699951171875,4,0,0,2007-11-19,2007-11-23,0,True,True
2007-11-30,1440.739990234375,1488.93994140625,1406.0999755859375,1481.1400146484375,5,0,0,2007-11-26,2007-11-30,0,True,True
2007-12-07,1479.6300048828125,1510.6300048828125,1460.6600341796875,1504.6600341796875,5,0,0,2007-12-03,2007-12-07,0,True,True
2007-12-14,1505.1099853515625,1523.5699462890625,1467.780029296875,1467.949951171875,5,0,0,2007-12-10,2007-12-14,0,True,True
2007-12-21,1465.050048828125,1485.4000244140625,1435.6500244140625,1484.4599609375,5,0,0,2007-12-17,2007-12-21,0,True,True
2007-12-28,1484.550048828125,1498.8499755859375,1471.699951171875,1478.489990234375,4,0,0,2007-12-24,2007-12-28,0,True,True
2008-01-04,1475.25,1475.8299560546875,1411.18994140625,1411.6300048828125,4,0,0,2007-12-31,2008-01-04,0,True,True
2008-01-11,1414.0699462890625,1430.280029296875,1378.699951171875,1401.02001953125,5,0,0,2008-01-07,2008-01-11,0,True,True
2008-01-18,1402.9100341796875,1417.8900146484375,1312.510009765625,1325.18994140625,5,0,0,2008-01-14,2008-01-18,0,True,True
2008-01-25,1312.93994140625,1368.56005859375,1270.050048828125,1330.6099853515625,4,0,0,2008-01-22,2008-01-25,0,True,True
2008-02-01,1330.699951171875,1396.02001953125,1322.260009765625,1395.4200439453125,5,0,0,2008-01-28,2008-02-01,0,True,True
2008-02-08,1395.3800048828125,1395.3800048828125,1316.75,1331.2900390625,5,0,0,2008-02-04,2008-02-08,0,True,True
2008-02-15,1331.9200439453125,1369.22998046875,1320.3199462890625,1349.989990234375,5,0,0,2008-02-11,2008-02-15,0,True,True
2008-02-22,1355.8599853515625,1367.93994140625,1327.0400390625,1353.1099853515625,4,0,0,2008-02-19,2008-02-22,0,True,True
2008-02-29,1352.75,1388.3399658203125,1325.4200439453125,1330.6300048828125,5,0,0,2008-02-25,2008-02-29,0,True,True
2008-03-07,1330.449951171875,1344.18994140625,1282.4300537109375,1293.3699951171875,5,0,0,2008-03-03,2008-03-07,0,True,True
2008-03-14,1293.1600341796875,1333.260009765625,1272.6600341796875,1288.1400146484375,5,0,0,2008-03-10,2008-03-14,0,True,True
2008-03-21,1283.2099609375,1341.510009765625,1256.97998046875,1329.510009765625,4,0,0,2008-03-17,2008-03-20,0,True,True
2008-03-28,1330.2900390625,1359.6800537109375,1312.949951171875,1315.219970703125,5,0,0,2008-03-24,2008-03-28,0,True,True
2008-04-04,1315.9200439453125,1380.9100341796875,1312.81005859375,1370.4000244140625,5,0,0,2008-03-31,2008-04-04,0,True,True
2008-04-11,1373.68994140625,1386.739990234375,1331.2099609375,1332.8299560546875,5,0,0,2008-04-07,2008-04-11,0,True,True
2008-04-18,1332.199951171875,1395.9000244140625,1324.3499755859375,1390.3299560546875,5,0,0,2008-04-14,2008-04-18,0,True,True
2008-04-25,1387.719970703125,1399.1099853515625,1369.8399658203125,1397.8399658203125,5,0,0,2008-04-21,2008-04-25,0,True,True
2008-05-02,1397.9599609375,1422.719970703125,1383.0699462890625,1413.9000244140625,5,0,0,2008-04-28,2008-05-02,0,True,True
2008-05-09,1415.3399658203125,1421.5699462890625,1384.1099853515625,1388.280029296875,5,0,0,2008-05-05,2008-05-09,0,True,True
2008-05-16,1389.4000244140625,1425.8199462890625,1386.199951171875,1425.3499755859375,5,0,0,2008-05-12,2008-05-16,0,True,True
2008-05-23,1425.280029296875,1440.239990234375,1373.719970703125,1375.9300537109375,5,0,0,2008-05-19,2008-05-23,0,True,True
2008-05-30,1375.969970703125,1406.3199462890625,1373.0699462890625,1400.3800048828125,4,0,0,2008-05-27,2008-05-30,0,True,True
2008-06-06,1399.6199951171875,1404.050048828125,1359.9000244140625,1360.6800537109375,5,0,0,2008-06-02,2008-06-06,0,True,True
2008-06-13,1360.8299560546875,1370.6300048828125,1331.2900390625,1360.030029296875,5,0,0,2008-06-09,2008-06-13,0,True,True
2008-06-20,1358.8499755859375,1366.5899658203125,1314.4599609375,1317.9300537109375,5,0,0,2008-06-16,2008-06-20,0,True,True
2008-06-27,1319.77001953125,1335.6300048828125,1272,1278.3800048828125,5,0,0,2008-06-23,2008-06-27,0,True,True
2008-07-04,1278.06005859375,1292.1700439453125,1252.010009765625,1262.9000244140625,4,0,0,2008-06-30,2008-07-03,0,True,True
2008-07-11,1262.9000244140625,1277.3599853515625,1225.3499755859375,1239.489990234375,5,0,0,2008-07-07,2008-07-11,0,True,True
2008-07-18,1241.6099853515625,1262.31005859375,1200.43994140625,1260.6800537109375,5,0,0,2008-07-14,2008-07-18,0,True,True
2008-07-25,1261.8199462890625,1291.1700439453125,1248.8299560546875,1257.760009765625,5,0,0,2008-07-21,2008-07-25,0,True,True
2008-08-01,1257.760009765625,1284.9300537109375,1234.3699951171875,1260.31005859375,5,0,0,2008-07-28,2008-08-01,0,True,True
2008-08-08,1253.27001953125,1297.8499755859375,1247.449951171875,1296.3199462890625,5,0,0,2008-08-04,2008-08-08,0,True,True
2008-08-15,1294.4200439453125,1313.1500244140625,1274.8599853515625,1298.199951171875,5,0,0,2008-08-11,2008-08-15,0,True,True
2008-08-22,1298.1400146484375,1300.219970703125,1261.1600341796875,1292.199951171875,5,0,0,2008-08-18,2008-08-22,0,True,True
2008-08-29,1290.469970703125,1300.6800537109375,1263.2099609375,1282.8299560546875,5,0,0,2008-08-25,2008-08-29,0,True,True
2008-09-05,1287.8299560546875,1303.0400390625,1217.22998046875,1242.31005859375,4,0,0,2008-09-02,2008-09-05,0,True,True
2008-09-12,1249.5,1274.4200439453125,1211.5400390625,1251.699951171875,5,0,0,2008-09-08,2008-09-12,0,True,True
2008-09-19,1250.9200439453125,1265.1199951171875,1133.5,1255.0799560546875,5,0,0,2008-09-15,2008-09-19,0,True,True
2008-09-26,1255.3699951171875,1255.3699951171875,1179.7900390625,1213.27001953125,5,0,0,2008-09-22,2008-09-26,0,True,True
2008-10-03,1209.0699462890625,1209.0699462890625,1098.1400146484375,1099.22998046875,5,0,0,2008-09-29,2008-10-03,0,True,True
2008-10-10,1097.56005859375,1097.56005859375,839.79998779296875,899.219970703125,5,0,0,2008-10-06,2008-10-10,0,True,True
2008-10-17,912.75,1044.31005859375,865.83001708984375,940.54998779296875,5,0,0,2008-10-13,2008-10-17,0,True,True
2008-10-24,943.510009765625,985.44000244140625,852.8499755859375,876.77001953125,5,0,0,2008-10-20,2008-10-24,0,True,True
2008-10-31,874.280029296875,984.3800048828125,845.27001953125,968.75,5,0,0,2008-10-27,2008-10-31,0,True,True
2008-11-07,968.66998291015625,1007.510009765625,899.72998046875,930.989990234375,5,0,0,2008-11-03,2008-11-07,0,True,True
2008-11-14,936.75,951.95001220703125,818.69000244140625,873.28997802734375,5,0,0,2008-11-10,2008-11-14,0,True,True
2008-11-21,873.22998046875,882.28997802734375,741.02001953125,800.030029296875,5,0,0,2008-11-17,2008-11-21,0,True,True
2008-11-28,801.20001220703125,896.25,801.20001220703125,896.239990234375,4,0,0,2008-11-24,2008-11-28,0,True,True
2008-12-05,888.6099853515625,888.6099853515625,815.69000244140625,876.07000732421875,5,0,0,2008-12-01,2008-12-05,0,True,True
2008-12-12,882.71002197265625,918.57000732421875,851.3499755859375,879.72998046875,5,0,0,2008-12-08,2008-12-12,0,True,True
2008-12-19,881.07000732421875,918.8499755859375,857.719970703125,887.8800048828125,5,0,0,2008-12-15,2008-12-19,0,True,True
2008-12-26,887.20001220703125,887.3699951171875,857.09002685546875,872.79998779296875,4,0,0,2008-12-22,2008-12-26,0,True,True
2009-01-02,872.3699951171875,934.72998046875,857.07000732421875,931.79998779296875,4,0,0,2008-12-29,2009-01-02,0,True,True
2009-01-09,929.16998291015625,943.8499755859375,888.30999755859375,890.3499755859375,5,0,0,2009-01-05,2009-01-09,0,True,True
2009-01-16,890.4000244140625,890.4000244140625,817.03997802734375,850.1199951171875,5,0,0,2009-01-12,2009-01-16,0,True,True
2009-01-23,849.6400146484375,849.6400146484375,804.29998779296875,831.95001220703125,4,0,0,2009-01-20,2009-01-23,0,True,True
2009-01-30,832.5,877.8599853515625,821.66998291015625,825.8800048828125,5,0,0,2009-01-26,2009-01-30,0,True,True
2009-02-06,823.09002685546875,870.75,812.8699951171875,868.5999755859375,5,0,0,2009-02-02,2009-02-06,0,True,True
2009-02-13,868.239990234375,875.010009765625,808.05999755859375,826.84002685546875,5,0,0,2009-02-09,2009-02-13,0,True,True
2009-02-20,818.6099853515625,818.6099853515625,754.25,770.04998779296875,4,0,0,2009-02-17,2009-02-20,0,True,True
2009-02-27,773.25,780.1199951171875,734.52001953125,735.09002685546875,5,0,0,2009-02-23,2009-02-27,0,True,True
2009-03-06,729.57000732421875,729.57000732421875,666.78997802734375,683.3800048828125,5,0,0,2009-03-02,2009-03-06,0,True,True
2009-03-13,680.760009765625,758.28997802734375,672.8800048828125,756.54998779296875,5,0,0,2009-03-09,2009-03-13,0,True,True
2009-03-20,758.84002685546875,803.239990234375,749.92999267578125,768.53997802734375,5,0,0,2009-03-16,2009-03-20,0,True,True
2009-03-27,772.30999755859375,832.97998046875,772.30999755859375,815.94000244140625,5,0,0,2009-03-23,2009-03-27,0,True,True
2009-04-03,809.07000732421875,845.6099853515625,779.80999755859375,842.5,5,0,0,2009-03-30,2009-04-03,0,True,True
2009-04-10,839.75,856.90997314453125,814.530029296875,856.55999755859375,4,0,0,2009-04-06,2009-04-09,0,True,True
2009-04-17,855.33001708984375,875.6300048828125,835.58001708984375,869.5999755859375,5,0,0,2009-04-13,2009-04-17,0,True,True
2009-04-24,868.27001953125,871.79998779296875,826.83001708984375,866.22998046875,5,0,0,2009-04-20,2009-04-24,0,True,True
2009-05-01,862.82000732421875,888.70001220703125,847.1199951171875,877.52001953125,5,0,0,2009-04-27,2009-05-01,0,True,True
2009-05-08,879.21002197265625,930.16998291015625,879.21002197265625,929.22998046875,5,0,0,2009-05-04,2009-05-08,0,True,True
2009-05-15,922.989990234375,922.989990234375,878.94000244140625,882.8800048828125,5,0,0,2009-05-11,2009-05-15,0,True,True
2009-05-22,886.07000732421875,924.5999755859375,879.6099853515625,887,5,0,0,2009-05-18,2009-05-22,0,True,True
2009-05-29,887,920.02001953125,881.46002197265625,919.1400146484375,4,0,0,2009-05-26,2009-05-29,0,True,True
2009-06-05,923.260009765625,951.69000244140625,923.260009765625,940.09002685546875,5,0,0,2009-06-01,2009-06-05,0,True,True
2009-06-12,938.1199951171875,956.22998046875,926.44000244140625,946.21002197265625,5,0,0,2009-06-08,2009-06-12,0,True,True
2009-06-19,942.45001220703125,942.45001220703125,903.780029296875,921.22998046875,5,0,0,2009-06-15,2009-06-19,0,True,True
2009-06-26,918.1300048828125,922,888.8599853515625,918.9000244140625,5,0,0,2009-06-22,2009-06-26,0,True,True
2009-07-03,919.8599853515625,931.91998291015625,896.41998291015625,896.41998291015625,4,0,0,2009-06-29,2009-07-02,0,True,True
2009-07-10,894.27001953125,898.719970703125,869.32000732421875,879.1300048828125,5,0,0,2009-07-06,2009-07-10,0,True,True
2009-07-17,879.57000732421875,943.96002197265625,875.32000732421875,940.3800048828125,5,0,0,2009-07-13,2009-07-17,0,True,True
2009-07-24,942.07000732421875,979.78997802734375,940.989990234375,979.260009765625,5,0,0,2009-07-20,2009-07-24,0,True,True
2009-07-31,978.6300048828125,996.67999267578125,968.6500244140625,987.47998046875,5,0,0,2009-07-27,2009-07-31,0,True,True
2009-08-07,990.219970703125,1018,990.219970703125,1010.47998046875,5,0,0,2009-08-03,2009-08-07,0,True,True
2009-08-14,1008.8900146484375,1013.1400146484375,992.4000244140625,1004.0900268554688,5,0,0,2009-08-10,2009-08-14,0,True,True
2009-08-21,998.17999267578125,1027.5899658203125,978.510009765625,1026.1300048828125,5,0,0,2009-08-17,2009-08-21,0,True,True
2009-08-28,1026.5899658203125,1039.469970703125,1016.2000122070312,1028.9300537109375,5,0,0,2009-08-24,2009-08-28,0,True,True
2009-09-04,1025.2099609375,1028.449951171875,991.969970703125,1016.4000244140625,5,0,0,2009-08-31,2009-09-04,0,True,True
2009-09-11,1018.6699829101562,1048.1800537109375,1018.6699829101562,1042.72998046875,4,0,0,2009-09-08,2009-09-11,0,True,True
2009-09-18,1040.1500244140625,1074.77001953125,1035,1068.300048828125,5,0,0,2009-09-14,2009-09-18,0,True,True
2009-09-25,1067.1400146484375,1080.1500244140625,1041.1700439453125,1044.3800048828125,5,0,0,2009-09-21,2009-09-25,0,True,True
2009-10-02,1045.3800048828125,1069.6199951171875,1019.9500122070312,1025.2099609375,5,0,0,2009-09-28,2009-10-02,0,True,True
2009-10-09,1026.8699951171875,1071.510009765625,1025.9200439453125,1071.489990234375,5,0,0,2009-10-05,2009-10-09,0,True,True
2009-10-16,1071.6300048828125,1096.56005859375,1066.7099609375,1087.6800537109375,5,0,0,2009-10-12,2009-10-16,0,True,True
2009-10-23,1088.219970703125,1101.3599853515625,1074.31005859375,1079.5999755859375,5,0,0,2009-10-19,2009-10-23,0,True,True
2009-10-30,1080.3599853515625,1091.75,1033.3800048828125,1036.18994140625,5,0,0,2009-10-26,2009-10-30,0,True,True
2009-11-06,1036.1800537109375,1071.47998046875,1029.3800048828125,1069.300048828125,5,0,0,2009-11-02,2009-11-06,0,True,True
2009-11-13,1072.31005859375,1105.3699951171875,1072.31005859375,1093.47998046875,5,0,0,2009-11-09,2009-11-13,0,True,True
2009-11-20,1094.1300048828125,1113.68994140625,1086.81005859375,1091.3800048828125,5,0,0,2009-11-16,2009-11-20,0,True,True
2009-11-27,1094.8599853515625,1112.3800048828125,1083.739990234375,1091.489990234375,4,0,0,2009-11-23,2009-11-27,0,True,True
2009-12-04,1091.0699462890625,1119.1300048828125,1086.25,1105.97998046875,5,0,0,2009-11-30,2009-12-04,0,True,True
2009-12-11,1105.52001953125,1110.719970703125,1085.8900146484375,1106.4100341796875,5,0,0,2009-12-07,2009-12-11,0,True,True
2009-12-18,1107.8399658203125,1116.2099609375,1093.8800048828125,1102.469970703125,5,0,0,2009-12-14,2009-12-18,0,True,True
2009-12-25,1105.31005859375,1126.47998046875,1105.31005859375,1126.47998046875,4,0,0,2009-12-21,2009-12-24,0,True,True
2010-01-01,1127.530029296875,1130.3800048828125,1114.81005859375,1115.0999755859375,4,0,0,2009-12-28,2009-12-31,0,True,True
2010-01-08,1116.56005859375,1145.3900146484375,1116.56005859375,1144.97998046875,5,0,0,2010-01-04,2010-01-08,0,True,True
2010-01-15,1145.9599609375,1150.4100341796875,1131.3900146484375,1136.030029296875,5,0,0,2010-01-11,2010-01-15,0,True,True
2010-01-22,1136.030029296875,1150.449951171875,1090.1800537109375,1091.760009765625,4,0,0,2010-01-19,2010-01-22,0,True,True
2010-01-29,1092.4000244140625,1103.68994140625,1071.5899658203125,1073.8699951171875,5,0,0,2010-01-25,2010-01-29,0,True,True
2010-02-05,1073.8900146484375,1104.72998046875,1044.5,1066.18994140625,5,0,0,2010-02-01,2010-02-05,0,True,True
2010-02-12,1065.510009765625,1080.0400390625,1056.510009765625,1075.510009765625,5,0,0,2010-02-08,2010-02-12,0,True,True
2010-02-19,1079.1300048828125,1112.4200439453125,1079.1300048828125,1109.1700439453125,4,0,0,2010-02-16,2010-02-19,0,True,True
2010-02-26,1110,1112.2900390625,1086.02001953125,1104.489990234375,5,0,0,2010-02-22,2010-02-26,0,True,True
2010-03-05,1105.3599853515625,1139.3800048828125,1105.3599853515625,1138.699951171875,5,0,0,2010-03-01,2010-03-05,0,True,True
2010-03-12,1138.4000244140625,1153.4100341796875,1134.9000244140625,1149.989990234375,5,0,0,2010-03-08,2010-03-12,0,True,True
2010-03-19,1148.530029296875,1169.8399658203125,1141.449951171875,1159.9000244140625,5,0,0,2010-03-15,2010-03-19,0,True,True
2010-03-26,1157.25,1180.68994140625,1152.8800048828125,1166.5899658203125,5,0,0,2010-03-22,2010-03-26,0,True,True
2010-04-02,1167.7099609375,1181.4300537109375,1165.77001953125,1178.0999755859375,4,0,0,2010-03-29,2010-04-01,0,True,True
2010-04-09,1178.7099609375,1194.6600341796875,1175.1199951171875,1194.3699951171875,5,0,0,2010-04-05,2010-04-09,0,True,True
2010-04-16,1194.93994140625,1213.9200439453125,1186.77001953125,1192.1300048828125,5,0,0,2010-04-12,2010-04-16,0,True,True
2010-04-23,1192.06005859375,1217.280029296875,1183.6800537109375,1217.280029296875,5,0,0,2010-04-19,2010-04-23,0,True,True
2010-04-30,1217.0699462890625,1219.800048828125,1181.6199951171875,1186.68994140625,5,0,0,2010-04-26,2010-04-30,0,True,True
2010-05-07,1188.5799560546875,1205.1300048828125,1065.7900390625,1110.8800048828125,5,0,0,2010-05-03,2010-05-07,0,True,True
2010-05-14,1122.27001953125,1173.5699462890625,1122.27001953125,1135.6800537109375,5,0,0,2010-05-10,2010-05-14,0,True,True
2010-05-21,1136.52001953125,1148.6600341796875,1055.9000244140625,1087.68994140625,5,0,0,2010-05-17,2010-05-21,0,True,True
2010-05-28,1084.780029296875,1103.52001953125,1040.780029296875,1089.4100341796875,5,0,0,2010-05-24,2010-05-28,0,True,True
2010-06-04,1087.300048828125,1105.6700439453125,1060.5,1064.8800048828125,4,0,0,2010-06-01,2010-06-04,0,True,True
2010-06-11,1065.8399658203125,1092.25,1042.1700439453125,1091.5999755859375,5,0,0,2010-06-07,2010-06-11,0,True,True
2010-06-18,1095,1121.010009765625,1089.030029296875,1117.510009765625,5,0,0,2010-06-14,2010-06-18,0,True,True
2010-06-25,1122.7900390625,1131.22998046875,1067.8900146484375,1076.760009765625,5,0,0,2010-06-21,2010-06-25,0,True,True
2010-07-02,1077.5,1082.5999755859375,1010.9099731445312,1022.5800170898438,5,0,0,2010-06-28,2010-07-02,0,True,True
2010-07-09,1028.0899658203125,1078.1600341796875,1018.3499755859375,1077.9599609375,4,0,0,2010-07-06,2010-07-09,0,True,True
2010-07-16,1077.22998046875,1099.4599609375,1063.3199462890625,1064.8800048828125,5,0,0,2010-07-12,2010-07-16,0,True,True
2010-07-23,1066.8499755859375,1103.72998046875,1056.8800048828125,1102.6600341796875,5,0,0,2010-07-19,2010-07-23,0,True,True
2010-07-30,1102.8900146484375,1120.949951171875,1088.010009765625,1101.5999755859375,5,0,0,2010-07-26,2010-07-30,0,True,True
2010-08-06,1107.530029296875,1128.75,1107.1700439453125,1121.6400146484375,5,0,0,2010-08-02,2010-08-06,0,True,True
2010-08-13,1122.800048828125,1129.239990234375,1076.68994140625,1079.25,5,0,0,2010-08-09,2010-08-13,0,True,True
2010-08-20,1077.489990234375,1100.1400146484375,1063.9100341796875,1071.68994140625,5,0,0,2010-08-16,2010-08-20,0,True,True
2010-08-27,1073.3599853515625,1081.5799560546875,1039.699951171875,1064.5899658203125,5,0,0,2010-08-23,2010-08-27,0,True,True
2010-09-03,1062.9000244140625,1105.0999755859375,1040.8800048828125,1104.510009765625,5,0,0,2010-08-30,2010-09-03,0,True,True
2010-09-10,1102.5999755859375,1110.8800048828125,1091.1500244140625,1109.550048828125,4,0,0,2010-09-07,2010-09-10,0,True,True
2010-09-17,1113.3800048828125,1131.469970703125,1113.3800048828125,1125.5899658203125,5,0,0,2010-09-13,2010-09-17,0,True,True
2010-09-24,1126.5699462890625,1148.9000244140625,1122.7900390625,1148.6700439453125,5,0,0,2010-09-20,2010-09-24,0,True,True
2010-10-01,1148.6400146484375,1157.1600341796875,1132.0899658203125,1146.239990234375,5,0,0,2010-09-27,2010-10-01,0,True,True
2010-10-08,1144.9599609375,1167.72998046875,1131.8699951171875,1165.1500244140625,5,0,0,2010-10-04,2010-10-08,0,True,True
2010-10-15,1165.3199462890625,1184.3800048828125,1155.7099609375,1176.18994140625,5,0,0,2010-10-11,2010-10-15,0,True,True
2010-10-22,1176.8299560546875,1189.4300537109375,1159.7099609375,1183.0799560546875,5,0,0,2010-10-18,2010-10-22,0,True,True
2010-10-29,1184.739990234375,1196.1400146484375,1171.699951171875,1183.260009765625,5,0,0,2010-10-25,2010-10-29,0,True,True
2010-11-05,1185.7099609375,1227.0799560546875,1177.6500244140625,1225.8499755859375,5,0,0,2010-11-01,2010-11-05,0,True,True
2010-11-12,1223.239990234375,1226.8399658203125,1194.0799560546875,1199.2099609375,5,0,0,2010-11-08,2010-11-12,0,True,True
2010-11-19,1200.43994140625,1207.4300537109375,1173,1199.72998046875,5,0,0,2010-11-15,2010-11-19,0,True,True
2010-11-26,1198.0699462890625,1198.93994140625,1176.9100341796875,1189.4000244140625,4,0,0,2010-11-22,2010-11-26,0,True,True
2010-12-03,1189.0799560546875,1225.5699462890625,1173.6400146484375,1224.7099609375,5,0,0,2010-11-29,2010-12-03,0,True,True
2010-12-10,1223.8699951171875,1240.4000244140625,1219.5,1240.4000244140625,5,0,0,2010-12-06,2010-12-10,0,True,True
2010-12-17,1242.52001953125,1246.72998046875,1232.8499755859375,1243.9100341796875,5,0,0,2010-12-13,2010-12-17,0,True,True
2010-12-24,1245.760009765625,1259.3900146484375,1241.510009765625,1256.77001953125,4,0,0,2010-12-20,2010-12-23,0,True,True
2010-12-31,1254.6600341796875,1262.5999755859375,1251.47998046875,1257.6400146484375,5,0,0,2010-12-27,2010-12-31,0,True,True
2011-01-07,1257.6199951171875,1278.1700439453125,1257.6199951171875,1271.5,5,0,0,2011-01-03,2011-01-07,0,True,True
2011-01-14,1270.8399658203125,1293.239990234375,1262.1800537109375,1293.239990234375,5,0,0,2011-01-10,2011-01-14,0,True,True
2011-01-21,1293.219970703125,1296.06005859375,1271.260009765625,1283.3499755859375,4,0,0,2011-01-18,2011-01-21,0,True,True
2011-01-28,1283.2900390625,1302.6700439453125,1275.0999755859375,1276.3399658203125,5,0,0,2011-01-24,2011-01-28,0,True,True
2011-02-04,1276.5,1311,1276.5,1310.8699951171875,5,0,0,2011-01-31,2011-02-04,0,True,True
2011-02-11,1311.8499755859375,1330.7900390625,1311.739990234375,1329.1500244140625,5,0,0,2011-02-07,2011-02-11,0,True,True
2011-02-18,1328.72998046875,1344.0699462890625,1324.6099853515625,1343.010009765625,5,0,0,2011-02-14,2011-02-18,0,True,True
2011-02-25,1338.9100341796875,1338.9100341796875,1294.260009765625,1319.8800048828125,4,0,0,2011-02-22,2011-02-25,0,True,True
2011-03-04,1321.6099853515625,1332.280029296875,1302.5799560546875,1321.1500244140625,5,0,0,2011-02-28,2011-03-04,0,True,True
2011-03-11,1322.719970703125,1327.6800537109375,1291.989990234375,1304.280029296875,5,0,0,2011-03-07,2011-03-11,0,True,True
2011-03-18,1301.18994140625,1301.18994140625,1249.050048828125,1279.2099609375,5,0,0,2011-03-14,2011-03-18,0,True,True
2011-03-25,1281.6500244140625,1319.1800537109375,1281.6500244140625,1313.800048828125,5,0,0,2011-03-21,2011-03-25,0,True,True
2011-04-01,1315.449951171875,1337.8499755859375,1305.260009765625,1332.4100341796875,5,0,0,2011-03-28,2011-04-01,0,True,True
2011-04-08,1333.56005859375,1339.4599609375,1322.93994140625,1328.1700439453125,5,0,0,2011-04-04,2011-04-08,0,True,True
2011-04-15,1329.010009765625,1333.77001953125,1302.4200439453125,1319.6800537109375,5,0,0,2011-04-11,2011-04-15,0,True,True
2011-04-22,1313.3499755859375,1337.489990234375,1294.699951171875,1337.3800048828125,4,0,0,2011-04-18,2011-04-21,0,True,True
2011-04-29,1337.1400146484375,1364.56005859375,1331.469970703125,1363.6099853515625,5,0,0,2011-04-25,2011-04-29,0,True,True
2011-05-06,1365.2099609375,1370.5799560546875,1329.1700439453125,1340.199951171875,5,0,0,2011-05-02,2011-05-06,0,True,True
2011-05-13,1340.199951171875,1359.43994140625,1332.030029296875,1337.77001953125,5,0,0,2011-05-09,2011-05-13,0,True,True
2011-05-20,1334.77001953125,1346.8199462890625,1318.510009765625,1333.27001953125,5,0,0,2011-05-16,2011-05-20,0,True,True
2011-05-27,1333.0699462890625,1334.6199951171875,1311.800048828125,1331.0999755859375,5,0,0,2011-05-23,2011-05-27,0,True,True
2011-06-03,1331.0999755859375,1345.199951171875,1297.9000244140625,1300.1600341796875,4,0,0,2011-05-31,2011-06-03,0,True,True
2011-06-10,1300.260009765625,1300.260009765625,1268.280029296875,1270.97998046875,5,0,0,2011-06-06,2011-06-10,0,True,True
2011-06-17,1271.31005859375,1292.5,1258.0699462890625,1271.5,5,0,0,2011-06-13,2011-06-17,0,True,True
2011-06-24,1271.5,1298.6099853515625,1262.8699951171875,1268.449951171875,5,0,0,2011-06-20,2011-06-24,0,True,True
2011-07-01,1268.43994140625,1341.010009765625,1267.530029296875,1339.6700439453125,5,0,0,2011-06-27,2011-07-01,0,True,True
2011-07-08,1339.5899658203125,1356.47998046875,1330.9200439453125,1343.800048828125,4,0,0,2011-07-05,2011-07-08,0,True,True
2011-07-15,1343.31005859375,1343.31005859375,1306.510009765625,1316.1400146484375,5,0,0,2011-07-11,2011-07-15,0,True,True
2011-07-22,1315.93994140625,1347,1295.9200439453125,1345.02001953125,5,0,0,2011-07-18,2011-07-22,0,True,True
2011-07-29,1344.3199462890625,1344.3199462890625,1282.8599853515625,1292.280029296875,5,0,0,2011-07-25,2011-07-29,0,True,True
2011-08-05,1292.5899658203125,1307.3800048828125,1168.0899658203125,1199.3800048828125,5,0,0,2011-08-01,2011-08-05,0,True,True
2011-08-12,1198.47998046875,1198.47998046875,1101.5400390625,1178.81005859375,5,0,0,2011-08-08,2011-08-12,0,True,True
2011-08-19,1178.8599853515625,1208.469970703125,1122.050048828125,1123.530029296875,5,0,0,2011-08-15,2011-08-19,0,True,True
2011-08-26,1123.550048828125,1190.6800537109375,1121.0899658203125,1176.800048828125,5,0,0,2011-08-22,2011-08-26,0,True,True
2011-09-02,1177.9100341796875,1230.7099609375,1170.56005859375,1173.969970703125,5,0,0,2011-08-29,2011-09-02,0,True,True
2011-09-09,1173.969970703125,1204.4000244140625,1140.1300048828125,1154.22998046875,4,0,0,2011-09-06,2011-09-09,0,True,True
2011-09-16,1153.5,1220.06005859375,1136.0699462890625,1216.010009765625,5,0,0,2011-09-12,2011-09-16,0,True,True
2011-09-23,1214.989990234375,1220.3900146484375,1114.219970703125,1136.4300537109375,5,0,0,2011-09-19,2011-09-23,0,True,True
2011-09-30,1136.9100341796875,1195.8599853515625,1131.0699462890625,1131.4200439453125,5,0,0,2011-09-26,2011-09-30,0,True,True
2011-10-07,1131.2099609375,1171.4000244140625,1074.77001953125,1155.4599609375,5,0,0,2011-10-03,2011-10-07,0,True,True
2011-10-14,1158.1500244140625,1224.6099853515625,1158.1500244140625,1224.5799560546875,5,0,0,2011-10-10,2011-10-14,0,True,True
2011-10-21,1224.469970703125,1239.030029296875,1191.47998046875,1238.25,5,0,0,2011-10-17,2011-10-21,0,True,True
2011-10-28,1238.719970703125,1292.6600341796875,1221.06005859375,1285.0899658203125,5,0,0,2011-10-24,2011-10-28,0,True,True
2011-11-04,1284.9599609375,1284.9599609375,1215.4200439453125,1253.22998046875,5,0,0,2011-10-31,2011-11-04,0,True,True
2011-11-11,1253.2099609375,1277.550048828125,1226.6400146484375,1263.8499755859375,5,0,0,2011-11-07,2011-11-11,0,True,True
2011-11-18,1263.8499755859375,1264.25,1209.4300537109375,1215.6500244140625,5,0,0,2011-11-14,2011-11-18,0,True,True
2011-11-25,1215.6199951171875,1215.6199951171875,1158.6600341796875,1158.6700439453125,4,0,0,2011-11-21,2011-11-25,0,True,True
2011-12-02,1158.6700439453125,1260.0799560546875,1158.6700439453125,1244.280029296875,5,0,0,2011-11-28,2011-12-02,0,True,True
2011-12-09,1244.3299560546875,1267.06005859375,1231.469970703125,1255.18994140625,5,0,0,2011-12-05,2011-12-09,0,True,True
2011-12-16,1255.050048828125,1255.050048828125,1209.469970703125,1219.6600341796875,5,0,0,2011-12-12,2011-12-16,0,True,True
2011-12-23,1219.739990234375,1265.4200439453125,1202.3699951171875,1265.3299560546875,5,0,0,2011-12-19,2011-12-23,0,True,True
2011-12-30,1265.02001953125,1269.3699951171875,1248.6400146484375,1257.5999755859375,4,0,0,2011-12-27,2011-12-30,0,True,True
2012-01-06,1258.8599853515625,1284.6199951171875,1258.8599853515625,1277.81005859375,4,0,0,2012-01-03,2012-01-06,0,True,True
2012-01-13,1277.8299560546875,1296.8199462890625,1274.550048828125,1289.0899658203125,5,0,0,2012-01-09,2012-01-13,0,True,True
2012-01-20,1290.219970703125,1315.489990234375,1290.219970703125,1315.3800048828125,4,0,0,2012-01-17,2012-01-20,0,True,True
2012-01-27,1315.2900390625,1333.469970703125,1306.06005859375,1316.3299560546875,5,0,0,2012-01-23,2012-01-27,0,True,True
2012-02-03,1316.1600341796875,1345.3399658203125,1300.489990234375,1344.9000244140625,5,0,0,2012-01-30,2012-02-03,0,True,True
2012-02-10,1344.3199462890625,1354.3199462890625,1335.9200439453125,1342.6400146484375,5,0,0,2012-02-06,2012-02-10,0,True,True
2012-02-17,1343.06005859375,1363.4000244140625,1340.800048828125,1361.22998046875,5,0,0,2012-02-13,2012-02-17,0,True,True
2012-02-24,1361.219970703125,1368.9200439453125,1352.280029296875,1365.739990234375,4,0,0,2012-02-21,2012-02-24,0,True,True
2012-03-02,1365.199951171875,1378.0400390625,1354.9200439453125,1369.6300048828125,5,0,0,2012-02-27,2012-03-02,0,True,True
2012-03-09,1369.5899658203125,1374.760009765625,1340.030029296875,1370.8699951171875,5,0,0,2012-03-05,2012-03-09,0,True,True
2012-03-16,1370.780029296875,1405.8800048828125,1366.68994140625,1404.1700439453125,5,0,0,2012-03-12,2012-03-16,0,True,True
2012-03-23,1404.1700439453125,1414,1386.8699951171875,1397.1099853515625,5,0,0,2012-03-19,2012-03-23,0,True,True
2012-03-30,1397.1099853515625,1419.1500244140625,1391.56005859375,1408.469970703125,5,0,0,2012-03-26,2012-03-30,0,True,True
2012-04-06,1408.469970703125,1422.3800048828125,1392.9200439453125,1398.0799560546875,4,0,0,2012-04-02,2012-04-05,0,True,True
2012-04-13,1397.449951171875,1397.449951171875,1357.3800048828125,1370.260009765625,5,0,0,2012-04-09,2012-04-13,0,True,True
2012-04-20,1370.27001953125,1392.760009765625,1365.3800048828125,1378.530029296875,5,0,0,2012-04-16,2012-04-20,0,True,True
2012-04-27,1378.530029296875,1406.6400146484375,1358.7900390625,1403.3599853515625,5,0,0,2012-04-23,2012-04-27,0,True,True
2012-05-04,1403.260009765625,1415.3199462890625,1367.9599609375,1369.0999755859375,5,0,0,2012-04-30,2012-05-04,0,True,True
2012-05-11,1368.7900390625,1373.9100341796875,1343.1300048828125,1353.3900146484375,5,0,0,2012-05-07,2012-05-11,0,True,True
2012-05-18,1351.9300537109375,1351.9300537109375,1291.97998046875,1295.219970703125,5,0,0,2012-05-14,2012-05-18,0,True,True
2012-05-25,1295.72998046875,1328.489990234375,1295.72998046875,1317.8199462890625,5,0,0,2012-05-21,2012-05-25,0,True,True
2012-06-01,1318.9000244140625,1334.9300537109375,1277.25,1278.0400390625,4,0,0,2012-05-29,2012-06-01,0,True,True
2012-06-08,1278.2900390625,1329.050048828125,1266.739990234375,1325.6600341796875,5,0,0,2012-06-04,2012-06-08,0,True,True
2012-06-15,1325.719970703125,1343.3199462890625,1306.6199951171875,1342.8399658203125,5,0,0,2012-06-11,2012-06-15,0,True,True
2012-06-22,1342.4200439453125,1363.4599609375,1324.4100341796875,1335.02001953125,5,0,0,2012-06-18,2012-06-22,0,True,True
2012-06-29,1334.9000244140625,1362.1700439453125,1309.27001953125,1362.1600341796875,5,0,0,2012-06-25,2012-06-29,0,True,True
2012-07-06,1362.3299560546875,1374.81005859375,1348.030029296875,1354.6800537109375,4,0,0,2012-07-02,2012-07-06,0,True,True
2012-07-13,1354.6600341796875,1361.5400390625,1325.4100341796875,1356.780029296875,5,0,0,2012-07-09,2012-07-13,0,True,True
2012-07-20,1356.5,1380.3900146484375,1345.0699462890625,1362.6600341796875,5,0,0,2012-07-16,2012-07-20,0,True,True
2012-07-27,1362.3399658203125,1389.18994140625,1329.239990234375,1385.969970703125,5,0,0,2012-07-23,2012-07-27,0,True,True
2012-08-03,1385.93994140625,1394.1600341796875,1354.6500244140625,1390.989990234375,5,0,0,2012-07-30,2012-08-03,0,True,True
2012-08-10,1391.0400390625,1407.1400146484375,1391.0400390625,1405.8699951171875,5,0,0,2012-08-06,2012-08-10,0,True,True
2012-08-17,1405.8699951171875,1418.7099609375,1397.3199462890625,1418.1600341796875,5,0,0,2012-08-13,2012-08-17,0,True,True
2012-08-24,1417.8499755859375,1426.6800537109375,1398.0400390625,1411.1300048828125,5,0,0,2012-08-20,2012-08-24,0,True,True
2012-08-31,1411.1300048828125,1416.1700439453125,1397.010009765625,1406.5799560546875,5,0,0,2012-08-27,2012-08-31,0,True,True
2012-09-07,1406.5400390625,1437.9200439453125,1396.56005859375,1437.9200439453125,4,0,0,2012-09-04,2012-09-07,0,True,True
2012-09-14,1437.9200439453125,1474.510009765625,1428.97998046875,1465.77001953125,5,0,0,2012-09-10,2012-09-14,0,True,True
2012-09-21,1465.4200439453125,1467.0699462890625,1449.97998046875,1460.1500244140625,5,0,0,2012-09-17,2012-09-21,0,True,True
2012-09-28,1459.760009765625,1463.239990234375,1430.530029296875,1440.6700439453125,5,0,0,2012-09-24,2012-09-28,0,True,True
2012-10-05,1440.9000244140625,1470.9599609375,1439.010009765625,1460.9300537109375,5,0,0,2012-10-01,2012-10-05,0,True,True
2012-10-12,1460.9300537109375,1460.9300537109375,1425.530029296875,1428.5899658203125,5,0,0,2012-10-08,2012-10-12,0,True,True
2012-10-19,1428.75,1464.02001953125,1427.239990234375,1433.18994140625,5,0,0,2012-10-15,2012-10-19,0,True,True
2012-10-26,1433.2099609375,1435.4599609375,1403.280029296875,1411.93994140625,5,0,0,2012-10-22,2012-10-26,0,True,True
2012-11-02,1410.989990234375,1434.27001953125,1405.949951171875,1414.199951171875,3,0,0,2012-10-31,2012-11-02,0,True,True
2012-11-09,1414.02001953125,1433.3800048828125,1373.030029296875,1379.8499755859375,5,0,0,2012-11-05,2012-11-09,0,True,True
2012-11-16,1379.8599853515625,1388.81005859375,1343.3499755859375,1359.8800048828125,5,0,0,2012-11-12,2012-11-16,0,True,True
2012-11-23,1359.8800048828125,1409.1600341796875,1359.8800048828125,1409.1500244140625,4,0,0,2012-11-19,2012-11-23,0,True,True
2012-11-30,1409.1500244140625,1419.699951171875,1385.4300537109375,1416.1800537109375,5,0,0,2012-11-26,2012-11-30,0,True,True
2012-12-07,1416.3399658203125,1423.72998046875,1398.22998046875,1418.0699462890625,5,0,0,2012-12-03,2012-12-07,0,True,True
2012-12-14,1418.0699462890625,1438.5899658203125,1411.8800048828125,1413.5799560546875,5,0,0,2012-12-10,2012-12-14,0,True,True
2012-12-21,1413.5400390625,1448,1413.5400390625,1430.1500244140625,5,0,0,2012-12-17,2012-12-21,0,True,True
2012-12-28,1430.1500244140625,1430.1500244140625,1401.5799560546875,1402.4300537109375,4,0,0,2012-12-24,2012-12-28,0,True,True
2013-01-04,1402.4300537109375,1467.93994140625,1398.1099853515625,1466.469970703125,4,0,0,2012-12-31,2013-01-04,0,True,True
2013-01-11,1466.469970703125,1472.75,1451.6400146484375,1472.050048828125,5,0,0,2013-01-07,2013-01-11,0,True,True
2013-01-18,1472.050048828125,1485.97998046875,1463.760009765625,1485.97998046875,5,0,0,2013-01-14,2013-01-18,0,True,True
2013-01-25,1485.97998046875,1503.260009765625,1481.1600341796875,1502.9599609375,4,0,0,2013-01-22,2013-01-25,0,True,True
2013-02-01,1502.9599609375,1514.4100341796875,1496.3299560546875,1513.1700439453125,5,0,0,2013-01-28,2013-02-01,0,True,True
2013-02-08,1513.1700439453125,1518.31005859375,1495.02001953125,1517.9300537109375,5,0,0,2013-02-04,2013-02-08,0,True,True
2013-02-15,1517.9300537109375,1524.68994140625,1513.6099853515625,1519.7900390625,5,0,0,2013-02-11,2013-02-15,0,True,True
2013-02-22,1519.7900390625,1530.93994140625,1497.2900390625,1515.5999755859375,4,0,0,2013-02-19,2013-02-22,0,True,True
2013-03-01,1515.5999755859375,1525.8399658203125,1485.010009765625,1518.199951171875,5,0,0,2013-02-25,2013-03-01,0,True,True
2013-03-08,1518.199951171875,1552.47998046875,1512.2900390625,1551.1800537109375,5,0,0,2013-03-04,2013-03-08,0,True,True
2013-03-15,1551.1500244140625,1563.6199951171875,1547.3599853515625,1560.699951171875,5,0,0,2013-03-11,2013-03-15,0,True,True
2013-03-22,1560.699951171875,1561.56005859375,1538.5699462890625,1556.8900146484375,5,0,0,2013-03-18,2013-03-22,0,True,True
2013-03-29,1556.8900146484375,1570.280029296875,1546.219970703125,1569.18994140625,4,0,0,2013-03-25,2013-03-28,0,True,True
2013-04-05,1569.1800537109375,1573.6600341796875,1539.5,1553.280029296875,5,0,0,2013-04-01,2013-04-05,0,True,True
2013-04-12,1553.260009765625,1597.3499755859375,1548.6300048828125,1588.8499755859375,5,0,0,2013-04-08,2013-04-12,0,True,True
2013-04-19,1588.8399658203125,1588.8399658203125,1536.030029296875,1555.25,5,0,0,2013-04-15,2013-04-19,0,True,True
2013-04-26,1555.25,1592.6400146484375,1548.18994140625,1582.239990234375,5,0,0,2013-04-22,2013-04-26,0,True,True
2013-05-03,1582.3399658203125,1618.4599609375,1581.280029296875,1614.4200439453125,5,0,0,2013-04-29,2013-05-03,0,True,True
2013-05-10,1614.4000244140625,1635.010009765625,1614.2099609375,1633.699951171875,5,0,0,2013-05-06,2013-05-10,0,True,True
2013-05-17,1632.0999755859375,1667.469970703125,1626.739990234375,1667.469970703125,5,0,0,2013-05-13,2013-05-17,0,True,True
2013-05-24,1665.7099609375,1687.1800537109375,1635.530029296875,1649.5999755859375,5,0,0,2013-05-20,2013-05-24,0,True,True
2013-05-31,1652.6300048828125,1674.2099609375,1630.739990234375,1630.739990234375,4,0,0,2013-05-28,2013-05-31,0,True,True
2013-06-07,1631.7099609375,1646.530029296875,1598.22998046875,1643.3800048828125,5,0,0,2013-06-03,2013-06-07,0,True,True
2013-06-14,1644.6700439453125,1648.68994140625,1608.0699462890625,1626.72998046875,5,0,0,2013-06-10,2013-06-14,0,True,True
2013-06-21,1630.6400146484375,1654.18994140625,1577.699951171875,1592.4300537109375,5,0,0,2013-06-17,2013-06-21,0,True,True
2013-06-28,1588.77001953125,1620.0699462890625,1560.3299560546875,1606.280029296875,5,0,0,2013-06-24,2013-06-28,0,True,True
2013-07-05,1609.780029296875,1632.0699462890625,1604.5699462890625,1631.8900146484375,4,0,0,2013-07-01,2013-07-05,0,True,True
2013-07-12,1634.199951171875,1680.18994140625,1634.199951171875,1680.18994140625,5,0,0,2013-07-08,2013-07-12,0,True,True
2013-07-19,1679.5899658203125,1693.1199951171875,1671.8399658203125,1692.0899658203125,5,0,0,2013-07-15,2013-07-19,0,True,True
2013-07-26,1694.4100341796875,1698.780029296875,1676.030029296875,1691.6500244140625,5,0,0,2013-07-22,2013-07-26,0,True,True
2013-08-02,1690.3199462890625,1709.6700439453125,1681.8599853515625,1709.6700439453125,5,0,0,2013-07-29,2013-08-02,0,True,True
2013-08-09,1708.010009765625,1709.239990234375,1684.9100341796875,1691.4200439453125,5,0,0,2013-08-05,2013-08-09,0,True,True
2013-08-16,1688.3699951171875,1696.81005859375,1652.6099853515625,1655.8299560546875,5,0,0,2013-08-12,2013-08-16,0,True,True
2013-08-23,1655.25,1664.8499755859375,1639.4300537109375,1663.5,5,0,0,2013-08-19,2013-08-23,0,True,True
2013-08-30,1664.2900390625,1669.510009765625,1627.469970703125,1632.969970703125,5,0,0,2013-08-26,2013-08-30,0,True,True
2013-09-06,1635.949951171875,1664.8299560546875,1633.4100341796875,1655.1700439453125,4,0,0,2013-09-03,2013-09-06,0,True,True
2013-09-13,1656.8499755859375,1689.969970703125,1656.8499755859375,1687.989990234375,5,0,0,2013-09-09,2013-09-13,0,True,True
2013-09-20,1691.699951171875,1729.8599853515625,1691.699951171875,1709.9100341796875,5,0,0,2013-09-16,2013-09-20,0,True,True
2013-09-27,1711.43994140625,1711.43994140625,1687.1099853515625,1691.75,5,0,0,2013-09-23,2013-09-27,0,True,True
2013-10-04,1687.260009765625,1696.550048828125,1670.3599853515625,1690.5,5,0,0,2013-09-30,2013-10-04,0,True,True
2013-10-11,1687.1500244140625,1703.43994140625,1646.469970703125,1703.199951171875,5,0,0,2013-10-07,2013-10-11,0,True,True
2013-10-18,1699.8599853515625,1745.31005859375,1692.1300048828125,1744.5,5,0,0,2013-10-14,2013-10-18,0,True,True
2013-10-25,1745.199951171875,1759.8199462890625,1740.5,1759.77001953125,5,0,0,2013-10-21,2013-10-25,0,True,True
2013-11-01,1759.4200439453125,1775.219970703125,1752.699951171875,1761.6400146484375,5,0,0,2013-10-28,2013-11-01,0,True,True
2013-11-08,1763.4000244140625,1774.5400390625,1746.199951171875,1770.6099853515625,5,0,0,2013-11-04,2013-11-08,0,True,True
2013-11-15,1769.9599609375,1798.219970703125,1760.6400146484375,1798.1800537109375,5,0,0,2013-11-11,2013-11-15,0,True,True
2013-11-22,1798.8199462890625,1804.8399658203125,1777.22998046875,1804.760009765625,5,0,0,2013-11-18,2013-11-22,0,True,True
2013-11-29,1806.3299560546875,1813.550048828125,1800.5799560546875,1805.81005859375,4,0,0,2013-11-25,2013-11-29,0,True,True
2013-12-06,1806.550048828125,1810.02001953125,1779.0899658203125,1805.0899658203125,5,0,0,2013-12-02,2013-12-06,0,True,True
2013-12-13,1806.2099609375,1811.52001953125,1772.280029296875,1775.3199462890625,5,0,0,2013-12-09,2013-12-13,0,True,True
2013-12-20,1777.47998046875,1823.75,1767.989990234375,1818.3199462890625,5,0,0,2013-12-16,2013-12-20,0,True,True
2013-12-27,1822.9200439453125,1844.8900146484375,1822.9200439453125,1841.4000244140625,4,0,0,2013-12-23,2013-12-27,0,True,True
2014-01-03,1841.469970703125,1849.43994140625,1827.739990234375,1831.3699951171875,4,0,0,2013-12-30,2014-01-03,0,True,True
2014-01-10,1832.31005859375,1843.22998046875,1823.72998046875,1842.3699951171875,5,0,0,2014-01-06,2014-01-10,0,True,True
2014-01-17,1841.260009765625,1850.8399658203125,1815.52001953125,1838.699951171875,5,0,0,2014-01-13,2014-01-17,0,True,True
2014-01-24,1841.050048828125,1849.31005859375,1790.2900390625,1790.2900390625,4,0,0,2014-01-21,2014-01-24,0,True,True
2014-01-31,1791.030029296875,1798.77001953125,1770.449951171875,1782.5899658203125,5,0,0,2014-01-27,2014-01-31,0,True,True
2014-02-07,1782.6800537109375,1798.030029296875,1737.9200439453125,1797.02001953125,5,0,0,2014-02-03,2014-02-07,0,True,True
2014-02-14,1796.199951171875,1841.6500244140625,1791.8299560546875,1838.6300048828125,5,0,0,2014-02-10,2014-02-14,0,True,True
2014-02-21,1839.030029296875,1847.5,1824.5799560546875,1836.25,4,0,0,2014-02-18,2014-02-21,0,True,True
2014-02-28,1836.780029296875,1867.9200439453125,1836.780029296875,1859.449951171875,5,0,0,2014-02-24,2014-02-28,0,True,True
2014-03-07,1857.6800537109375,1883.5699462890625,1834.43994140625,1878.0400390625,5,0,0,2014-03-03,2014-03-07,0,True,True
2014-03-14,1877.8599853515625,1882.3499755859375,1839.5699462890625,1841.1300048828125,5,0,0,2014-03-10,2014-03-14,0,True,True
2014-03-21,1842.81005859375,1883.969970703125,1842.81005859375,1866.52001953125,5,0,0,2014-03-17,2014-03-21,0,True,True
2014-03-28,1867.6700439453125,1875.9200439453125,1842.1099853515625,1857.6199951171875,5,0,0,2014-03-24,2014-03-28,0,True,True
2014-04-04,1859.1600341796875,1897.280029296875,1859.1600341796875,1865.0899658203125,5,0,0,2014-03-31,2014-04-04,0,True,True
2014-04-11,1863.9200439453125,1872.530029296875,1814.3599853515625,1815.68994140625,5,0,0,2014-04-07,2014-04-11,0,True,True
2014-04-18,1818.1800537109375,1869.6300048828125,1815.800048828125,1864.8499755859375,4,0,0,2014-04-14,2014-04-17,0,True,True
2014-04-25,1865.7900390625,1884.8900146484375,1859.699951171875,1863.4000244140625,5,0,0,2014-04-21,2014-04-25,0,True,True
2014-05-02,1865,1891.3299560546875,1850.6099853515625,1881.1400146484375,5,0,0,2014-04-28,2014-05-02,0,True,True
2014-05-09,1879.449951171875,1889.0699462890625,1859.7900390625,1878.47998046875,5,0,0,2014-05-05,2014-05-09,0,True,True
2014-05-16,1880.030029296875,1902.1700439453125,1862.3599853515625,1877.8599853515625,5,0,0,2014-05-12,2014-05-16,0,True,True
2014-05-23,1876.6600341796875,1901.260009765625,1868.1400146484375,1900.530029296875,5,0,0,2014-05-19,2014-05-23,0,True,True
2014-05-30,1902.010009765625,1924.030029296875,1902.010009765625,1923.5699462890625,4,0,0,2014-05-27,2014-05-30,0,True,True
2014-06-06,1923.8699951171875,1949.43994140625,1915.97998046875,1949.43994140625,5,0,0,2014-06-02,2014-06-06,0,True,True
2014-06-13,1948.969970703125,1955.550048828125,1925.780029296875,1936.1600341796875,5,0,0,2014-06-09,2014-06-13,0,True,True
2014-06-20,1934.8399658203125,1963.9100341796875,1930.9100341796875,1962.8699951171875,5,0,0,2014-06-16,2014-06-20,0,True,True
2014-06-27,1962.9200439453125,1968.1700439453125,1944.68994140625,1960.9599609375,5,0,0,2014-06-23,2014-06-27,0,True,True
2014-07-04,1960.7900390625,1985.5899658203125,1958.219970703125,1985.43994140625,4,0,0,2014-06-30,2014-07-03,0,True,True
2014-07-11,1984.219970703125,1984.219970703125,1952.8599853515625,1967.5699462890625,5,0,0,2014-07-07,2014-07-11,0,True,True
2014-07-18,1969.8599853515625,1983.93994140625,1955.5899658203125,1978.219970703125,5,0,0,2014-07-14,2014-07-18,0,True,True
2014-07-25,1976.9300537109375,1991.3900146484375,1965.77001953125,1978.3399658203125,5,0,0,2014-07-21,2014-07-25,0,True,True
2014-08-01,1978.25,1984.8499755859375,1916.3699951171875,1925.1500244140625,5,0,0,2014-07-28,2014-08-01,0,True,True
2014-08-08,1926.6199951171875,1942.9200439453125,1904.780029296875,1931.5899658203125,5,0,0,2014-08-04,2014-08-08,0,True,True
2014-08-15,1933.4300537109375,1964.0400390625,1928.2900390625,1955.06005859375,5,0,0,2014-08-11,2014-08-15,0,True,True
2014-08-22,1958.3599853515625,1994.760009765625,1958.3599853515625,1988.4000244140625,5,0,0,2014-08-18,2014-08-22,0,True,True
2014-08-29,1991.739990234375,2005.0400390625,1990.52001953125,2003.3699951171875,5,0,0,2014-08-25,2014-08-29,0,True,True
2014-09-05,2004.0699462890625,2011.1700439453125,1990.0999755859375,2007.7099609375,4,0,0,2014-09-02,2014-09-05,0,True,True
2014-09-12,2007.1700439453125,2007.1700439453125,1980.260009765625,1985.5400390625,5,0,0,2014-09-08,2014-09-12,0,True,True
2014-09-19,1986.0400390625,2019.260009765625,1978.47998046875,2010.4000244140625,5,0,0,2014-09-15,2014-09-19,0,True,True
2014-09-26,2009.0799560546875,2009.0799560546875,1965.989990234375,1982.8499755859375,5,0,0,2014-09-22,2014-09-26,0,True,True
2014-10-03,1978.9599609375,1985.1700439453125,1926.030029296875,1967.9000244140625,5,0,0,2014-09-29,2014-10-03,0,True,True
2014-10-10,1970.010009765625,1977.8399658203125,1906.050048828125,1906.1300048828125,5,0,0,2014-10-06,2014-10-10,0,True,True
2014-10-17,1905.6500244140625,1912.0899658203125,1820.6600341796875,1886.760009765625,5,0,0,2014-10-13,2014-10-17,0,True,True
2014-10-24,1885.6199951171875,1965.27001953125,1882.300048828125,1964.5799560546875,5,0,0,2014-10-20,2014-10-24,0,True,True
2014-10-31,1962.969970703125,2018.18994140625,1951.3699951171875,2018.050048828125,5,0,0,2014-10-27,2014-10-31,0,True,True
2014-11-07,2018.2099609375,2034.260009765625,2001.010009765625,2031.9200439453125,5,0,0,2014-11-03,2014-11-07,0,True,True
2014-11-14,2032.010009765625,2046.1800537109375,2030.1700439453125,2039.8199462890625,5,0,0,2014-11-10,2014-11-14,0,True,True
2014-11-21,2038.2900390625,2071.4599609375,2034.4599609375,2063.5,5,0,0,2014-11-17,2014-11-21,0,True,True
2014-11-28,2065.070068359375,2075.760009765625,2064.75,2067.56005859375,4,0,0,2014-11-24,2014-11-28,0,True,True
2014-12-05,2065.780029296875,2079.469970703125,2049.570068359375,2075.3701171875,5,0,0,2014-12-01,2014-12-05,0,True,True
2014-12-12,2074.840087890625,2075.780029296875,2002.3299560546875,2002.3299560546875,5,0,0,2014-12-08,2014-12-12,0,True,True
2014-12-19,2005.030029296875,2077.85009765625,1972.56005859375,2070.64990234375,5,0,0,2014-12-15,2014-12-19,0,True,True
2014-12-26,2069.280029296875,2092.699951171875,2069.280029296875,2088.77001953125,4,0,0,2014-12-22,2014-12-26,0,True,True
2015-01-02,2087.6298828125,2093.550048828125,2046.0400390625,2058.199951171875,4,0,0,2014-12-29,2015-01-02,0,True,True
2015-01-09,2054.43994140625,2064.429931640625,1992.43994140625,2044.81005859375,5,0,0,2015-01-05,2015-01-09,0,True,True
2015-01-16,2046.1300048828125,2056.929931640625,1988.1199951171875,2019.4200439453125,5,0,0,2015-01-12,2015-01-16,0,True,True
2015-01-23,2020.760009765625,2064.6201171875,2004.489990234375,2051.820068359375,4,0,0,2015-01-20,2015-01-23,0,True,True
2015-01-30,2050.419921875,2057.6201171875,1989.1800537109375,1994.989990234375,5,0,0,2015-01-26,2015-01-30,0,True,True
2015-02-06,1996.6700439453125,2072.39990234375,1980.9000244140625,2055.469970703125,5,0,0,2015-02-02,2015-02-06,0,True,True
2015-02-13,2053.469970703125,2097.030029296875,2041.8800048828125,2096.989990234375,5,0,0,2015-02-09,2015-02-13,0,True,True
2015-02-20,2096.469970703125,2110.610107421875,2085.43994140625,2110.300048828125,4,0,0,2015-02-17,2015-02-20,0,True,True
2015-02-27,2109.830078125,2119.590087890625,2103,2104.5,5,0,0,2015-02-23,2015-02-27,0,True,True
2015-03-06,2105.22998046875,2117.52001953125,2067.27001953125,2071.260009765625,5,0,0,2015-03-02,2015-03-06,0,True,True
2015-03-13,2072.25,2083.489990234375,2039.68994140625,2053.39990234375,5,0,0,2015-03-09,2015-03-13,0,True,True
2015-03-20,2055.35009765625,2113.919921875,2055.35009765625,2108.10009765625,5,0,0,2015-03-16,2015-03-20,0,True,True
2015-03-27,2107.989990234375,2114.860107421875,2045.5,2061.02001953125,5,0,0,2015-03-23,2015-03-27,0,True,True
2015-04-03,2064.110107421875,2088.969970703125,2048.3798828125,2066.9599609375,4,0,0,2015-03-30,2015-04-02,0,True,True
2015-04-10,2064.8701171875,2102.610107421875,2056.52001953125,2102.06005859375,5,0,0,2015-04-06,2015-04-10,0,True,True
2015-04-17,2102.030029296875,2111.909912109375,2072.3701171875,2081.179931640625,5,0,0,2015-04-13,2015-04-17,0,True,True
2015-04-24,2084.110107421875,2120.919921875,2084.110107421875,2117.68994140625,5,0,0,2015-04-20,2015-04-24,0,True,True
2015-05-01,2119.2900390625,2125.919921875,2077.590087890625,2108.2900390625,5,0,0,2015-04-27,2015-05-01,0,True,True
2015-05-08,2110.22998046875,2120.949951171875,2067.929931640625,2116.10009765625,5,0,0,2015-05-04,2015-05-08,0,True,True
2015-05-15,2115.56005859375,2123.889892578125,2085.570068359375,2122.72998046875,5,0,0,2015-05-11,2015-05-15,0,True,True
2015-05-22,2121.300048828125,2134.719970703125,2120.010009765625,2126.06005859375,5,0,0,2015-05-18,2015-05-22,0,True,True
2015-05-29,2125.340087890625,2126.219970703125,2099.179931640625,2107.389892578125,4,0,0,2015-05-26,2015-05-29,0,True,True
2015-06-05,2108.639892578125,2121.919921875,2085.669921875,2092.830078125,5,0,0,2015-06-01,2015-06-05,0,True,True
2015-06-12,2092.340087890625,2115.02001953125,2072.139892578125,2094.110107421875,5,0,0,2015-06-08,2015-06-12,0,True,True
2015-06-19,2091.340087890625,2126.64990234375,2072.489990234375,2109.989990234375,5,0,0,2015-06-15,2015-06-19,0,True,True
2015-06-26,2112.5,2129.8701171875,2095.3798828125,2101.489990234375,5,0,0,2015-06-22,2015-06-26,0,True,True
2015-07-03,2098.6298828125,2098.6298828125,2056.320068359375,2076.780029296875,4,0,0,2015-06-29,2015-07-02,0,True,True
2015-07-10,2073.949951171875,2083.739990234375,2044.02001953125,2076.6201171875,5,0,0,2015-07-06,2015-07-10,0,True,True
2015-07-17,2080.030029296875,2128.909912109375,2080.030029296875,2126.639892578125,5,0,0,2015-07-13,2015-07-17,0,True,True
2015-07-24,2126.85009765625,2132.820068359375,2077.090087890625,2079.64990234375,5,0,0,2015-07-20,2015-07-24,0,True,True
2015-07-31,2078.18994140625,2114.239990234375,2063.52001953125,2103.840087890625,5,0,0,2015-07-27,2015-07-31,0,True,True
2015-08-07,2104.489990234375,2112.659912109375,2067.909912109375,2077.570068359375,5,0,0,2015-08-03,2015-08-07,0,True,True
2015-08-14,2080.97998046875,2105.35009765625,2052.090087890625,2091.5400390625,5,0,0,2015-08-10,2015-08-14,0,True,True
2015-08-21,2089.699951171875,2103.469970703125,1970.8900146484375,1970.8900146484375,5,0,0,2015-08-17,2015-08-21,0,True,True
2015-08-28,1965.1500244140625,1993.47998046875,1867.010009765625,1988.8699951171875,5,0,0,2015-08-24,2015-08-28,0,True,True
2015-09-04,1986.72998046875,1986.72998046875,1903.0699462890625,1921.219970703125,5,0,0,2015-08-31,2015-09-04,0,True,True
2015-09-11,1927.300048828125,1988.6300048828125,1927.300048828125,1961.050048828125,4,0,0,2015-09-08,2015-09-11,0,True,True
2015-09-18,1963.06005859375,2020.8599853515625,1948.27001953125,1958.030029296875,5,0,0,2015-09-14,2015-09-18,0,True,True
2015-09-25,1960.8399658203125,1979.6400146484375,1908.9200439453125,1931.3399658203125,5,0,0,2015-09-21,2015-09-25,0,True,True
2015-10-02,1929.1800537109375,1951.3599853515625,1871.9100341796875,1951.3599853515625,5,0,0,2015-09-28,2015-10-02,0,True,True
2015-10-09,1954.3299560546875,2020.1300048828125,1954.3299560546875,2014.8900146484375,5,0,0,2015-10-05,2015-10-09,0,True,True
2015-10-16,2015.6500244140625,2033.5400390625,1990.72998046875,2033.1099853515625,5,0,0,2015-10-12,2015-10-16,0,True,True
2015-10-23,2031.72998046875,2079.739990234375,2017.219970703125,2075.14990234375,5,0,0,2015-10-19,2015-10-23,0,True,True
2015-10-30,2075.080078125,2094.320068359375,2058.840087890625,2079.360107421875,5,0,0,2015-10-26,2015-10-30,0,True,True
2015-11-06,2080.760009765625,2116.47998046875,2080.760009765625,2099.199951171875,5,0,0,2015-11-02,2015-11-06,0,True,True
2015-11-13,2096.56005859375,2096.56005859375,2022.02001953125,2023.0400390625,5,0,0,2015-11-09,2015-11-13,0,True,True
2015-11-20,2022.0799560546875,2097.06005859375,2019.3900146484375,2089.169921875,5,0,0,2015-11-16,2015-11-20,0,True,True
2015-11-27,2089.409912109375,2095.610107421875,2070.2900390625,2090.110107421875,4,0,0,2015-11-23,2015-11-27,0,True,True
2015-12-04,2090.949951171875,2104.27001953125,2042.3499755859375,2091.68994140625,5,0,0,2015-11-30,2015-12-04,0,True,True
2015-12-11,2090.419921875,2090.419921875,2008.800048828125,2012.3699951171875,5,0,0,2015-12-07,2015-12-11,0,True,True
2015-12-18,2013.3699951171875,2076.719970703125,1993.260009765625,2005.550048828125,5,0,0,2015-12-14,2015-12-18,0,True,True
2015-12-25,2010.27001953125,2067.360107421875,2005.9300537109375,2060.989990234375,4,0,0,2015-12-21,2015-12-24,0,True,True
2016-01-01,2057.77001953125,2081.56005859375,2043.6199951171875,2043.93994140625,4,0,0,2015-12-28,2015-12-31,0,True,True
2016-01-08,2038.199951171875,2038.199951171875,1918.4599609375,1922.030029296875,5,0,0,2016-01-04,2016-01-08,0,True,True
2016-01-15,1926.1199951171875,1950.3299560546875,1857.8299560546875,1880.3299560546875,5,0,0,2016-01-11,2016-01-15,0,True,True
2016-01-22,1888.6600341796875,1908.8499755859375,1812.2900390625,1906.9000244140625,4,0,0,2016-01-19,2016-01-22,0,True,True
2016-01-29,1906.280029296875,1940.239990234375,1872.699951171875,1940.239990234375,5,0,0,2016-01-25,2016-01-29,0,True,True
2016-02-05,1936.93994140625,1947.199951171875,1872.22998046875,1880.050048828125,5,0,0,2016-02-01,2016-02-05,0,True,True
2016-02-12,1873.25,1881.5999755859375,1810.0999755859375,1864.780029296875,5,0,0,2016-02-08,2016-02-12,0,True,True
2016-02-19,1871.43994140625,1930.6800537109375,1871.43994140625,1917.780029296875,4,0,0,2016-02-16,2016-02-19,0,True,True
2016-02-26,1924.43994140625,1962.9599609375,1891,1948.050048828125,5,0,0,2016-02-22,2016-02-26,0,True,True
2016-03-04,1947.1300048828125,2009.1300048828125,1931.81005859375,1999.989990234375,5,0,0,2016-02-29,2016-03-04,0,True,True
2016-03-11,1996.1099853515625,2022.3699951171875,1969.25,2022.18994140625,5,0,0,2016-03-07,2016-03-11,0,True,True
2016-03-18,2019.27001953125,2052.360107421875,2005.22998046875,2049.580078125,5,0,0,2016-03-14,2016-03-18,0,True,True
2016-03-25,2047.8800048828125,2056.60009765625,2022.489990234375,2035.93994140625,4,0,0,2016-03-21,2016-03-24,0,True,True
2016-04-01,2037.8900146484375,2075.070068359375,2028.31005859375,2072.780029296875,5,0,0,2016-03-28,2016-04-01,0,True,True
2016-04-08,2073.18994140625,2074.02001953125,2033.800048828125,2047.5999755859375,5,0,0,2016-04-04,2016-04-08,0,True,True
2016-04-15,2050.22998046875,2087.840087890625,2039.739990234375,2080.72998046875,5,0,0,2016-04-11,2016-04-15,0,True,True
2016-04-22,2078.830078125,2111.050048828125,2073.64990234375,2091.580078125,5,0,0,2016-04-18,2016-04-22,0,True,True
2016-04-29,2089.3701171875,2099.889892578125,2052.280029296875,2065.300048828125,5,0,0,2016-04-25,2016-04-29,0,True,True
2016-05-06,2067.169921875,2083.419921875,2039.449951171875,2057.139892578125,5,0,0,2016-05-02,2016-05-06,0,True,True
2016-05-13,2057.550048828125,2084.8701171875,2043.1300048828125,2046.6099853515625,5,0,0,2016-05-09,2016-05-13,0,True,True
2016-05-20,2046.530029296875,2071.8798828125,2025.9100341796875,2052.320068359375,5,0,0,2016-05-16,2016-05-20,0,True,True
2016-05-27,2052.22998046875,2099.06005859375,2047.260009765625,2099.06005859375,5,0,0,2016-05-23,2016-05-27,0,True,True
2016-06-03,2100.1298828125,2105.260009765625,2085.10009765625,2099.1298828125,4,0,0,2016-05-31,2016-06-03,0,True,True
2016-06-10,2100.830078125,2120.550048828125,2089.9599609375,2096.070068359375,5,0,0,2016-06-06,2016-06-10,0,True,True
2016-06-17,2091.75,2098.1201171875,2050.3701171875,2071.219970703125,5,0,0,2016-06-13,2016-06-17,0,True,True
2016-06-24,2075.580078125,2113.320068359375,2032.5699462890625,2037.4100341796875,5,0,0,2016-06-20,2016-06-24,0,True,True
2016-07-01,2031.449951171875,2108.7099609375,1991.6800537109375,2102.949951171875,5,0,0,2016-06-27,2016-07-01,0,True,True
2016-07-08,2095.050048828125,2131.7099609375,2074.02001953125,2129.89990234375,4,0,0,2016-07-05,2016-07-08,0,True,True
2016-07-15,2131.719970703125,2169.050048828125,2131.719970703125,2161.739990234375,5,0,0,2016-07-11,2016-07-15,0,True,True
2016-07-22,2162.0400390625,2175.6298828125,2159.010009765625,2175.030029296875,5,0,0,2016-07-18,2016-07-22,0,True,True
2016-07-29,2173.7099609375,2177.090087890625,2159.070068359375,2173.60009765625,5,0,0,2016-07-25,2016-07-29,0,True,True
2016-08-05,2173.14990234375,2182.8701171875,2147.580078125,2182.8701171875,5,0,0,2016-08-01,2016-08-05,0,True,True
2016-08-12,2183.760009765625,2188.449951171875,2172,2184.050048828125,5,0,0,2016-08-08,2016-08-12,0,True,True
2016-08-19,2186.080078125,2193.81005859375,2168.5,2183.8701171875,5,0,0,2016-08-15,2016-08-19,0,True,True
2016-08-26,2181.580078125,2193.419921875,2160.389892578125,2169.0400390625,5,0,0,2016-08-22,2016-08-26,0,True,True
2016-09-02,2170.18994140625,2184.8701171875,2157.090087890625,2179.97998046875,5,0,0,2016-08-29,2016-09-02,0,True,True
2016-09-09,2181.610107421875,2187.8701171875,2127.81005859375,2127.81005859375,4,0,0,2016-09-06,2016-09-09,0,True,True
2016-09-16,2120.860107421875,2163.300048828125,2119.1201171875,2139.159912109375,5,0,0,2016-09-12,2016-09-16,0,True,True
2016-09-23,2143.989990234375,2179.989990234375,2135.909912109375,2164.68994140625,5,0,0,2016-09-19,2016-09-23,0,True,True
2016-09-30,2158.5400390625,2175.300048828125,2141.550048828125,2168.27001953125,5,0,0,2016-09-26,2016-09-30,0,True,True
2016-10-07,2164.330078125,2165.860107421875,2144.010009765625,2153.739990234375,5,0,0,2016-10-03,2016-10-07,0,True,True
2016-10-14,2160.389892578125,2169.60009765625,2114.719970703125,2132.97998046875,5,0,0,2016-10-10,2016-10-14,0,True,True
2016-10-21,2132.949951171875,2148.43994140625,2124.429931640625,2141.159912109375,5,0,0,2016-10-17,2016-10-21,0,True,True
2016-10-28,2148.5,2154.7900390625,2119.360107421875,2126.409912109375,5,0,0,2016-10-24,2016-10-28,0,True,True
2016-11-04,2129.780029296875,2133.25,2083.7900390625,2085.179931640625,5,0,0,2016-10-31,2016-11-04,0,True,True
2016-11-11,2100.590087890625,2182.300048828125,2100.590087890625,2164.449951171875,5,0,0,2016-11-07,2016-11-11,0,True,True
2016-11-18,2165.639892578125,2189.889892578125,2156.080078125,2181.89990234375,5,0,0,2016-11-14,2016-11-18,0,True,True
2016-11-25,2186.429931640625,2213.35009765625,2186.429931640625,2213.35009765625,4,0,0,2016-11-21,2016-11-25,0,True,True
2016-12-02,2210.2099609375,2214.10009765625,2187.43994140625,2191.949951171875,5,0,0,2016-11-28,2016-12-02,0,True,True
2016-12-09,2200.64990234375,2259.800048828125,2199.969970703125,2259.530029296875,5,0,0,2016-12-05,2016-12-09,0,True,True
2016-12-16,2258.830078125,2277.530029296875,2248.43994140625,2258.070068359375,5,0,0,2016-12-12,2016-12-16,0,True,True
2016-12-23,2259.239990234375,2272.56005859375,2256.080078125,2263.7900390625,5,0,0,2016-12-19,2016-12-23,0,True,True
2016-12-30,2266.22998046875,2273.820068359375,2233.6201171875,2238.830078125,4,0,0,2016-12-27,2016-12-30,0,True,True
2017-01-06,2251.570068359375,2282.10009765625,2245.1298828125,2276.97998046875,4,0,0,2017-01-03,2017-01-06,0,True,True
2017-01-13,2273.590087890625,2279.27001953125,2254.25,2274.639892578125,5,0,0,2017-01-09,2017-01-13,0,True,True
2017-01-20,2269.139892578125,2276.9599609375,2258.409912109375,2271.31005859375,4,0,0,2017-01-17,2017-01-20,0,True,True
2017-01-27,2267.780029296875,2300.989990234375,2257.02001953125,2294.68994140625,5,0,0,2017-01-23,2017-01-27,0,True,True
2017-02-03,2286.010009765625,2298.31005859375,2267.2099609375,2297.419921875,5,0,0,2017-01-30,2017-02-03,0,True,True
2017-02-10,2294.280029296875,2319.22998046875,2285.3798828125,2316.10009765625,5,0,0,2017-02-06,2017-02-10,0,True,True
2017-02-17,2321.719970703125,2351.31005859375,2321.419921875,2351.159912109375,5,0,0,2017-02-13,2017-02-17,0,True,True
2017-02-24,2354.909912109375,2368.260009765625,2352.8701171875,2367.340087890625,4,0,0,2017-02-21,2017-02-24,0,True,True
2017-03-03,2365.22998046875,2400.97998046875,2358.9599609375,2383.1201171875,5,0,0,2017-02-27,2017-03-03,0,True,True
2017-03-10,2375.22998046875,2378.800048828125,2354.5400390625,2372.60009765625,5,0,0,2017-03-06,2017-03-10,0,True,True
2017-03-17,2371.56005859375,2390.010009765625,2358.179931640625,2378.25,5,0,0,2017-03-13,2017-03-17,0,True,True
2017-03-24,2378.239990234375,2381.929931640625,2335.739990234375,2343.97998046875,5,0,0,2017-03-20,2017-03-24,0,True,True
2017-03-31,2329.110107421875,2370.419921875,2322.25,2362.719970703125,5,0,0,2017-03-27,2017-03-31,0,True,True
2017-04-07,2362.340087890625,2378.360107421875,2344.72998046875,2355.5400390625,5,0,0,2017-04-03,2017-04-07,0,True,True
2017-04-14,2357.159912109375,2366.3701171875,2328.949951171875,2328.949951171875,4,0,0,2017-04-10,2017-04-13,0,True,True
2017-04-21,2332.6201171875,2361.3701171875,2332.510009765625,2348.68994140625,5,0,0,2017-04-17,2017-04-21,0,True,True
2017-04-28,2370.330078125,2398.159912109375,2369.18994140625,2384.199951171875,5,0,0,2017-04-24,2017-04-28,0,True,True
2017-05-05,2388.5,2399.2900390625,2379.75,2399.2900390625,5,0,0,2017-05-01,2017-05-05,0,True,True
2017-05-12,2399.93994140625,2403.8701171875,2381.739990234375,2390.89990234375,5,0,0,2017-05-08,2017-05-12,0,True,True
2017-05-19,2393.97998046875,2405.77001953125,2352.719970703125,2381.72998046875,5,0,0,2017-05-15,2017-05-19,0,True,True
2017-05-26,2387.2099609375,2418.7099609375,2386.919921875,2415.820068359375,5,0,0,2017-05-22,2017-05-26,0,True,True
2017-06-02,2411.669921875,2440.22998046875,2403.590087890625,2439.070068359375,4,0,0,2017-05-30,2017-06-02,0,True,True
2017-06-09,2437.830078125,2446.199951171875,2415.699951171875,2431.77001953125,5,0,0,2017-06-05,2017-06-09,0,True,True
2017-06-16,2425.8798828125,2443.75,2418.530029296875,2433.14990234375,5,0,0,2017-06-12,2017-06-16,0,True,True
2017-06-23,2442.550048828125,2453.820068359375,2430.739990234375,2438.300048828125,5,0,0,2017-06-19,2017-06-23,0,True,True
2017-06-30,2443.320068359375,2450.419921875,2405.699951171875,2423.409912109375,5,0,0,2017-06-26,2017-06-30,0,True,True
2017-07-07,2431.389892578125,2439.169921875,2407.699951171875,2425.179931640625,4,0,0,2017-07-03,2017-07-07,0,True,True
2017-07-14,2424.510009765625,2463.5400390625,2412.7900390625,2459.27001953125,5,0,0,2017-07-10,2017-07-14,0,True,True
2017-07-21,2459.5,2477.6201171875,2450.340087890625,2472.5400390625,5,0,0,2017-07-17,2017-07-21,0,True,True
2017-07-28,2472.0400390625,2484.0400390625,2459.929931640625,2472.10009765625,5,0,0,2017-07-24,2017-07-28,0,True,True
2017-08-04,2475.93994140625,2480.3798828125,2466.47998046875,2476.830078125,5,0,0,2017-07-31,2017-08-04,0,True,True
2017-08-11,2477.139892578125,2490.8701171875,2437.75,2441.320068359375,5,0,0,2017-08-07,2017-08-11,0,True,True
2017-08-18,2454.9599609375,2474.929931640625,2420.68994140625,2425.550048828125,5,0,0,2017-08-14,2017-08-18,0,True,True
2017-08-25,2425.5,2454.77001953125,2417.35009765625,2443.050048828125,5,0,0,2017-08-21,2017-08-25,0,True,True
2017-09-01,2447.35009765625,2480.3798828125,2428.199951171875,2476.550048828125,5,0,0,2017-08-28,2017-09-01,0,True,True
2017-09-08,2470.35009765625,2471.969970703125,2446.550048828125,2461.429931640625,4,0,0,2017-09-05,2017-09-08,0,True,True
2017-09-15,2474.52001953125,2500.22998046875,2474.52001953125,2500.22998046875,5,0,0,2017-09-11,2017-09-15,0,True,True
2017-09-22,2502.510009765625,2508.85009765625,2496.5400390625,2502.219970703125,5,0,0,2017-09-18,2017-09-22,0,True,True
2017-09-29,2499.389892578125,2519.43994140625,2488.030029296875,2519.360107421875,5,0,0,2017-09-25,2017-09-29,0,True,True
2017-10-06,2521.199951171875,2552.510009765625,2520.39990234375,2549.330078125,5,0,0,2017-10-02,2017-10-06,0,True,True
2017-10-13,2551.389892578125,2557.64990234375,2541.60009765625,2553.169921875,5,0,0,2017-10-09,2017-10-13,0,True,True
2017-10-20,2555.570068359375,2575.43994140625,2547.919921875,2575.2099609375,5,0,0,2017-10-16,2017-10-20,0,True,True
2017-10-27,2578.080078125,2582.97998046875,2544,2581.070068359375,5,0,0,2017-10-23,2017-10-27,0,True,True
2017-11-03,2577.75,2588.419921875,2566.169921875,2587.840087890625,5,0,0,2017-10-30,2017-11-03,0,True,True
2017-11-10,2587.469970703125,2597.02001953125,2566.330078125,2582.300048828125,5,0,0,2017-11-06,2017-11-10,0,True,True
2017-11-17,2576.530029296875,2590.090087890625,2557.449951171875,2578.85009765625,5,0,0,2017-11-13,2017-11-17,0,True,True
2017-11-24,2579.489990234375,2604.2099609375,2578.239990234375,2602.419921875,4,0,0,2017-11-20,2017-11-24,0,True,True
2017-12-01,2602.659912109375,2657.739990234375,2598.8701171875,2642.219970703125,5,0,0,2017-11-27,2017-12-01,0,True,True
2017-12-08,2657.18994140625,2665.18994140625,2624.75,2651.5,5,0,0,2017-12-04,2017-12-08,0,True,True
2017-12-15,2652.18994140625,2679.6298828125,2651.469970703125,2675.81005859375,5,0,0,2017-12-11,2017-12-15,0,True,True
2017-12-22,2685.919921875,2694.969970703125,2676.110107421875,2683.340087890625,5,0,0,2017-12-18,2017-12-22,0,True,True
2017-12-29,2679.090087890625,2692.1201171875,2673.610107421875,2673.610107421875,4,0,0,2017-12-26,2017-12-29,0,True,True
2018-01-05,2683.72998046875,2743.449951171875,2682.360107421875,2743.14990234375,4,0,0,2018-01-02,2018-01-05,0,True,True
2018-01-12,2742.669921875,2787.85009765625,2736.06005859375,2786.239990234375,5,0,0,2018-01-08,2018-01-12,0,True,True
2018-01-19,2798.9599609375,2810.330078125,2768.639892578125,2810.300048828125,4,0,0,2018-01-16,2018-01-19,0,True,True
2018-01-26,2809.159912109375,2872.8701171875,2808.1201171875,2872.8701171875,5,0,0,2018-01-22,2018-01-26,0,True,True
2018-02-02,2867.22998046875,2870.6201171875,2759.969970703125,2762.1298828125,5,0,0,2018-01-29,2018-02-02,0,True,True
2018-02-09,2741.06005859375,2763.389892578125,2532.68994140625,2619.550048828125,5,0,0,2018-02-05,2018-02-09,0,True,True
2018-02-16,2636.75,2754.419921875,2622.449951171875,2732.219970703125,5,0,0,2018-02-12,2018-02-16,0,True,True
2018-02-23,2722.989990234375,2747.760009765625,2697.77001953125,2747.300048828125,4,0,0,2018-02-20,2018-02-23,0,True,True
2018-03-02,2757.3701171875,2789.14990234375,2647.320068359375,2691.25,5,0,0,2018-02-26,2018-03-02,0,True,True
2018-03-09,2681.06005859375,2786.570068359375,2675.75,2786.570068359375,5,0,0,2018-03-05,2018-03-09,0,True,True
2018-03-16,2790.5400390625,2801.89990234375,2741.469970703125,2752.010009765625,5,0,0,2018-03-12,2018-03-16,0,True,True
2018-03-23,2741.3798828125,2741.3798828125,2585.889892578125,2588.260009765625,5,0,0,2018-03-19,2018-03-23,0,True,True
2018-03-30,2619.35009765625,2674.780029296875,2593.06005859375,2640.8701171875,4,0,0,2018-03-26,2018-03-29,0,True,True
2018-04-06,2633.449951171875,2672.080078125,2553.800048828125,2604.469970703125,5,0,0,2018-04-02,2018-04-06,0,True,True
2018-04-13,2617.179931640625,2680.260009765625,2610.7900390625,2656.300048828125,5,0,0,2018-04-09,2018-04-13,0,True,True
2018-04-20,2670.10009765625,2717.489990234375,2660.610107421875,2670.139892578125,5,0,0,2018-04-16,2018-04-20,0,True,True
2018-04-27,2675.39990234375,2683.550048828125,2612.669921875,2669.909912109375,5,0,0,2018-04-23,2018-04-27,0,True,True
2018-05-04,2682.510009765625,2682.8701171875,2594.6201171875,2663.419921875,5,0,0,2018-04-30,2018-05-04,0,True,True
2018-05-11,2680.340087890625,2732.860107421875,2655.199951171875,2727.719970703125,5,0,0,2018-05-07,2018-05-11,0,True,True
2018-05-18,2738.469970703125,2742.10009765625,2701.909912109375,2712.969970703125,5,0,0,2018-05-14,2018-05-18,0,True,True
2018-05-25,2735.389892578125,2742.239990234375,2707.3798828125,2721.330078125,5,0,0,2018-05-21,2018-05-25,0,True,True
2018-06-01,2705.110107421875,2736.929931640625,2676.81005859375,2734.6201171875,4,0,0,2018-05-29,2018-06-01,0,True,True
2018-06-08,2741.669921875,2779.89990234375,2739.510009765625,2779.030029296875,5,0,0,2018-06-04,2018-06-08,0,True,True
2018-06-15,2780.179931640625,2791.469970703125,2761.72998046875,2779.659912109375,5,0,0,2018-06-11,2018-06-15,0,True,True
2018-06-22,2765.7900390625,2774.989990234375,2743.18994140625,2754.8798828125,5,0,0,2018-06-18,2018-06-22,0,True,True
2018-06-29,2742.93994140625,2746.090087890625,2691.989990234375,2718.3701171875,5,0,0,2018-06-25,2018-06-29,0,True,True
2018-07-06,2704.949951171875,2764.409912109375,2698.949951171875,2759.820068359375,4,0,0,2018-07-02,2018-07-06,0,True,True
2018-07-13,2775.6201171875,2804.530029296875,2770.72998046875,2801.31005859375,5,0,0,2018-07-09,2018-07-13,0,True,True
2018-07-20,2797.360107421875,2816.760009765625,2789.239990234375,2801.830078125,5,0,0,2018-07-16,2018-07-20,0,True,True
2018-07-27,2799.169921875,2848.030029296875,2795.139892578125,2818.820068359375,5,0,0,2018-07-23,2018-07-27,0,True,True
2018-08-03,2819,2840.3798828125,2796.340087890625,2840.35009765625,5,0,0,2018-07-30,2018-08-03,0,True,True
2018-08-10,2840.2900390625,2863.429931640625,2825.81005859375,2833.280029296875,5,0,0,2018-08-06,2018-08-10,0,True,True
2018-08-17,2835.4599609375,2855.6298828125,2802.489990234375,2850.1298828125,5,0,0,2018-08-13,2018-08-17,0,True,True
2018-08-24,2853.929931640625,2876.159912109375,2850.6201171875,2874.68994140625,5,0,0,2018-08-20,2018-08-24,0,True,True
2018-08-31,2884.68994140625,2916.5,2884.68994140625,2901.52001953125,5,0,0,2018-08-27,2018-08-31,0,True,True
2018-09-07,2896.9599609375,2900.179931640625,2864.1201171875,2871.679931640625,4,0,0,2018-09-04,2018-09-07,0,True,True
2018-09-14,2881.389892578125,2908.300048828125,2866.780029296875,2904.97998046875,5,0,0,2018-09-10,2018-09-14,0,True,True
2018-09-21,2903.830078125,2940.909912109375,2886.159912109375,2929.669921875,5,0,0,2018-09-17,2018-09-21,0,True,True
2018-09-28,2921.830078125,2931.14990234375,2903.280029296875,2913.97998046875,5,0,0,2018-09-24,2018-09-28,0,True,True
2018-10-05,2926.2900390625,2939.860107421875,2869.2900390625,2885.570068359375,5,0,0,2018-10-01,2018-10-05,0,True,True
2018-10-12,2877.530029296875,2894.830078125,2710.510009765625,2767.1298828125,5,0,0,2018-10-08,2018-10-12,0,True,True
2018-10-19,2763.830078125,2816.93994140625,2749.030029296875,2767.780029296875,5,0,0,2018-10-15,2018-10-19,0,True,True
2018-10-26,2773.93994140625,2778.93994140625,2628.159912109375,2658.68994140625,5,0,0,2018-10-22,2018-10-26,0,True,True
2018-11-02,2682.64990234375,2756.550048828125,2603.5400390625,2723.06005859375,5,0,0,2018-10-29,2018-11-02,0,True,True
2018-11-09,2726.3701171875,2815.14990234375,2717.93994140625,2781.010009765625,5,0,0,2018-11-05,2018-11-09,0,True,True
2018-11-16,2773.929931640625,2775.989990234375,2670.75,2736.27001953125,5,0,0,2018-11-12,2018-11-16,0,True,True
2018-11-23,2730.739990234375,2733.159912109375,2631.090087890625,2632.56005859375,4,0,0,2018-11-19,2018-11-23,0,True,True
2018-11-30,2649.969970703125,2760.8798828125,2649.969970703125,2760.169921875,5,0,0,2018-11-26,2018-11-30,0,True,True
2018-12-07,2790.5,2800.179931640625,2621.530029296875,2633.080078125,4,0,0,2018-12-03,2018-12-07,0,True,True
2018-12-14,2630.860107421875,2685.43994140625,2583.22998046875,2599.949951171875,5,0,0,2018-12-10,2018-12-14,0,True,True
2018-12-21,2590.75,2601.1298828125,2408.550048828125,2416.6201171875,5,0,0,2018-12-17,2018-12-21,0,True,True
2018-12-28,2400.56005859375,2520.27001953125,2346.580078125,2485.739990234375,4,0,0,2018-12-24,2018-12-28,0,True,True
2019-01-04,2498.93994140625,2538.070068359375,2443.9599609375,2531.93994140625,4,0,0,2018-12-31,2019-01-04,0,True,True
2019-01-11,2535.610107421875,2597.820068359375,2524.56005859375,2596.260009765625,5,0,0,2019-01-07,2019-01-11,0,True,True
2019-01-18,2580.31005859375,2675.469970703125,2570.409912109375,2670.7099609375,5,0,0,2019-01-14,2019-01-18,0,True,True
2019-01-25,2657.8798828125,2672.3798828125,2612.860107421875,2664.760009765625,4,0,0,2019-01-22,2019-01-25,0,True,True
2019-02-01,2644.969970703125,2716.659912109375,2624.06005859375,2706.530029296875,5,0,0,2019-01-28,2019-02-01,0,True,True
2019-02-08,2706.489990234375,2738.97998046875,2681.830078125,2707.8798828125,5,0,0,2019-02-04,2019-02-08,0,True,True
2019-02-15,2712.39990234375,2775.659912109375,2703.7900390625,2775.60009765625,5,0,0,2019-02-11,2019-02-15,0,True,True
2019-02-22,2769.280029296875,2794.199951171875,2764.550048828125,2792.669921875,4,0,0,2019-02-19,2019-02-22,0,True,True
2019-03-01,2804.35009765625,2813.489990234375,2775.1298828125,2803.68994140625,5,0,0,2019-02-25,2019-03-01,0,True,True
2019-03-08,2814.3701171875,2816.8798828125,2722.27001953125,2743.070068359375,5,0,0,2019-03-04,2019-03-08,0,True,True
2019-03-15,2747.610107421875,2830.72998046875,2747.610107421875,2822.47998046875,5,0,0,2019-03-11,2019-03-15,0,True,True
2019-03-22,2822.610107421875,2860.31005859375,2800.469970703125,2800.7099609375,5,0,0,2019-03-18,2019-03-22,0,True,True
2019-03-29,2796.010009765625,2836.030029296875,2785.02001953125,2834.39990234375,5,0,0,2019-03-25,2019-03-29,0,True,True
2019-04-05,2848.6298828125,2893.239990234375,2848.6298828125,2892.739990234375,5,0,0,2019-04-01,2019-04-05,0,True,True
2019-04-12,2888.4599609375,2910.5400390625,2873.330078125,2907.409912109375,5,0,0,2019-04-08,2019-04-12,0,True,True
2019-04-19,2908.320068359375,2918,2891.89990234375,2905.030029296875,4,0,0,2019-04-15,2019-04-18,0,True,True
2019-04-26,2898.780029296875,2939.8798828125,2896.35009765625,2939.8798828125,5,0,0,2019-04-22,2019-04-26,0,True,True
2019-05-03,2940.580078125,2954.1298828125,2900.5,2945.639892578125,5,0,0,2019-04-29,2019-05-03,0,True,True
2019-05-10,2908.889892578125,2937.320068359375,2825.389892578125,2881.39990234375,5,0,0,2019-05-06,2019-05-10,0,True,True
2019-05-17,2840.18994140625,2892.14990234375,2801.429931640625,2859.530029296875,5,0,0,2019-05-13,2019-05-17,0,True,True
2019-05-24,2841.93994140625,2868.8798828125,2805.489990234375,2826.06005859375,5,0,0,2019-05-20,2019-05-24,0,True,True
2019-05-31,2830.030029296875,2840.510009765625,2750.52001953125,2752.06005859375,4,0,0,2019-05-28,2019-05-31,0,True,True
2019-06-07,2751.530029296875,2884.969970703125,2728.81005859375,2873.340087890625,5,0,0,2019-06-03,2019-06-07,0,True,True
2019-06-14,2885.830078125,2910.610107421875,2874.679931640625,2886.97998046875,5,0,0,2019-06-10,2019-06-14,0,True,True
2019-06-21,2889.75,2964.14990234375,2887.300048828125,2950.4599609375,5,0,0,2019-06-17,2019-06-21,0,True,True
2019-06-28,2951.419921875,2954.919921875,2912.989990234375,2941.760009765625,5,0,0,2019-06-24,2019-06-28,0,True,True
2019-07-05,2971.409912109375,2995.840087890625,2952.219970703125,2990.409912109375,4,0,0,2019-07-01,2019-07-05,0,True,True
2019-07-12,2979.77001953125,3013.919921875,2963.43994140625,3013.77001953125,5,0,0,2019-07-08,2019-07-12,0,True,True
2019-07-19,3017.800048828125,3017.800048828125,2973.090087890625,2976.610107421875,5,0,0,2019-07-15,2019-07-19,0,True,True
2019-07-26,2981.929931640625,3027.97998046875,2976.64990234375,3025.860107421875,5,0,0,2019-07-22,2019-07-26,0,True,True
2019-08-02,3024.469970703125,3025.610107421875,2914.110107421875,2932.050048828125,5,0,0,2019-07-29,2019-08-02,0,True,True
2019-08-09,2898.070068359375,2938.719970703125,2822.1201171875,2918.64990234375,5,0,0,2019-08-05,2019-08-09,0,True,True
2019-08-16,2907.070068359375,2943.31005859375,2825.510009765625,2888.679931640625,5,0,0,2019-08-12,2019-08-16,0,True,True
2019-08-23,2913.47998046875,2939.080078125,2834.969970703125,2847.110107421875,5,0,0,2019-08-19,2019-08-23,0,True,True
2019-08-30,2866.699951171875,2940.429931640625,2853.050048828125,2926.4599609375,5,0,0,2019-08-26,2019-08-30,0,True,True
2019-09-06,2909.010009765625,2985.860107421875,2891.85009765625,2978.7099609375,4,0,0,2019-09-03,2019-09-06,0,True,True
2019-09-13,2988.429931640625,3020.739990234375,2957.010009765625,3007.389892578125,5,0,0,2019-09-09,2019-09-13,0,True,True
2019-09-20,2996.409912109375,3021.989990234375,2978.570068359375,2992.070068359375,5,0,0,2019-09-16,2019-09-20,0,True,True
2019-09-27,2983.5,3007.97998046875,2945.530029296875,2961.7900390625,5,0,0,2019-09-23,2019-09-27,0,True,True
2019-10-04,2967.070068359375,2992.530029296875,2855.93994140625,2952.010009765625,5,0,0,2019-09-30,2019-10-04,0,True,True
2019-10-11,2944.22998046875,2993.280029296875,2892.659912109375,2970.27001953125,5,0,0,2019-10-07,2019-10-11,0,True,True
2019-10-18,2965.81005859375,3008.2900390625,2962.93994140625,2986.199951171875,5,0,0,2019-10-14,2019-10-18,0,True,True
2019-10-25,2996.47998046875,3027.389892578125,2991.2099609375,3022.550048828125,5,0,0,2019-10-21,2019-10-25,0,True,True
2019-11-01,3032.1201171875,3066.949951171875,3023.18994140625,3066.909912109375,5,0,0,2019-10-28,2019-11-01,0,True,True
2019-11-08,3078.9599609375,3097.77001953125,3065.889892578125,3093.080078125,5,0,0,2019-11-04,2019-11-08,0,True,True
2019-11-15,3080.330078125,3120.4599609375,3075.820068359375,3120.4599609375,5,0,0,2019-11-11,2019-11-15,0,True,True
2019-11-22,3117.909912109375,3127.639892578125,3091.409912109375,3110.2900390625,5,0,0,2019-11-18,2019-11-22,0,True,True
2019-11-29,3117.43994140625,3154.260009765625,3117.43994140625,3140.97998046875,4,0,0,2019-11-25,2019-11-29,0,True,True
2019-12-06,3143.85009765625,3150.60009765625,3070.330078125,3145.909912109375,5,0,0,2019-12-02,2019-12-06,0,True,True
2019-12-13,3141.860107421875,3182.679931640625,3126.090087890625,3168.800048828125,5,0,0,2019-12-09,2019-12-13,0,True,True
2019-12-20,3183.6298828125,3225.64990234375,3183.6298828125,3221.219970703125,5,0,0,2019-12-16,2019-12-20,0,True,True
2019-12-27,3226.050048828125,3247.929931640625,3220.510009765625,3240.02001953125,4,0,0,2019-12-23,2019-12-27,0,True,True
2020-01-03,3240.090087890625,3258.139892578125,3212.030029296875,3234.85009765625,4,0,0,2019-12-30,2020-01-03,0,True,True
2020-01-10,3217.550048828125,3282.989990234375,3214.639892578125,3265.35009765625,5,0,0,2020-01-06,2020-01-10,0,True,True
2020-01-17,3271.1298828125,3329.8798828125,3268.429931640625,3329.6201171875,5,0,0,2020-01-13,2020-01-17,0,True,True
2020-01-24,3321.030029296875,3337.77001953125,3281.530029296875,3295.469970703125,4,0,0,2020-01-21,2020-01-24,0,True,True
2020-01-31,3247.159912109375,3293.469970703125,3214.679931640625,3225.52001953125,5,0,0,2020-01-27,2020-01-31,0,True,True
2020-02-07,3235.659912109375,3347.9599609375,3235.659912109375,3327.7099609375,5,0,0,2020-02-03,2020-02-07,0,True,True
2020-02-14,3318.280029296875,3385.090087890625,3317.77001953125,3380.159912109375,5,0,0,2020-02-10,2020-02-14,0,True,True
2020-02-21,3369.0400390625,3393.52001953125,3328.449951171875,3337.75,4,0,0,2020-02-18,2020-02-21,0,True,True
2020-02-28,3257.610107421875,3259.81005859375,2855.840087890625,2954.219970703125,5,0,0,2020-02-24,2020-02-28,0,True,True
2020-03-06,2974.280029296875,3136.719970703125,2901.5400390625,2972.3701171875,5,0,0,2020-03-02,2020-03-06,0,True,True
2020-03-13,2863.889892578125,2882.590087890625,2478.860107421875,2711.02001953125,5,0,0,2020-03-09,2020-03-13,0,True,True
2020-03-20,2508.590087890625,2562.97998046875,2280.52001953125,2304.919921875,5,0,0,2020-03-16,2020-03-20,0,True,True
2020-03-27,2290.7099609375,2637.010009765625,2191.860107421875,2541.469970703125,5,0,0,2020-03-23,2020-03-27,0,True,True
2020-04-03,2558.97998046875,2641.389892578125,2447.489990234375,2488.64990234375,5,0,0,2020-03-30,2020-04-03,0,True,True
2020-04-10,2578.280029296875,2818.570068359375,2574.570068359375,2789.820068359375,4,0,0,2020-04-06,2020-04-09,0,True,True
2020-04-17,2782.4599609375,2879.219970703125,2721.169921875,2874.56005859375,5,0,0,2020-04-13,2020-04-17,0,True,True
2020-04-24,2845.6201171875,2868.97998046875,2727.10009765625,2836.739990234375,5,0,0,2020-04-20,2020-04-24,0,True,True
2020-05-01,2854.64990234375,2954.860107421875,2821.610107421875,2830.7099609375,5,0,0,2020-04-27,2020-05-01,0,True,True
2020-05-08,2815.010009765625,2932.159912109375,2797.85009765625,2929.800048828125,5,0,0,2020-05-04,2020-05-08,0,True,True
2020-05-15,2915.4599609375,2945.820068359375,2766.639892578125,2863.699951171875,5,0,0,2020-05-11,2020-05-15,0,True,True
2020-05-22,2913.860107421875,2980.2900390625,2913.860107421875,2955.449951171875,5,0,0,2020-05-18,2020-05-22,0,True,True
2020-05-29,3004.080078125,3068.669921875,2969.75,3044.31005859375,4,0,0,2020-05-26,2020-05-29,0,True,True
2020-06-05,3038.780029296875,3211.719970703125,3031.5400390625,3193.929931640625,5,0,0,2020-06-01,2020-06-05,0,True,True
2020-06-12,3199.919921875,3233.1298828125,2984.469970703125,3041.31005859375,5,0,0,2020-06-08,2020-06-12,0,True,True
2020-06-19,2993.760009765625,3155.530029296875,2965.659912109375,3097.739990234375,5,0,0,2020-06-15,2020-06-19,0,True,True
2020-06-26,3094.419921875,3154.89990234375,3004.6298828125,3009.050048828125,5,0,0,2020-06-22,2020-06-26,0,True,True
2020-07-03,3018.590087890625,3165.81005859375,2999.739990234375,3130.010009765625,4,0,0,2020-06-29,2020-07-02,0,True,True
2020-07-10,3155.2900390625,3186.820068359375,3115.699951171875,3185.0400390625,5,0,0,2020-07-06,2020-07-10,0,True,True
2020-07-17,3205.080078125,3238.280029296875,3127.659912109375,3224.72998046875,5,0,0,2020-07-13,2020-07-17,0,True,True
2020-07-24,3224.2900390625,3279.989990234375,3200.050048828125,3215.6298828125,5,0,0,2020-07-20,2020-07-24,0,True,True
2020-07-31,3219.840087890625,3272.169921875,3204.1298828125,3271.1201171875,5,0,0,2020-07-27,2020-07-31,0,True,True
2020-08-07,3288.260009765625,3352.5400390625,3284.530029296875,3351.280029296875,5,0,0,2020-08-03,2020-08-07,0,True,True
2020-08-14,3356.0400390625,3387.889892578125,3326.43994140625,3372.85009765625,5,0,0,2020-08-10,2020-08-14,0,True,True
2020-08-21,3380.860107421875,3399.9599609375,3354.68994140625,3397.159912109375,5,0,0,2020-08-17,2020-08-21,0,True,True
2020-08-28,3418.090087890625,3509.22998046875,3413.1298828125,3508.010009765625,5,0,0,2020-08-24,2020-08-28,0,True,True
2020-09-04,3509.72998046875,3588.110107421875,3349.6298828125,3426.9599609375,5,0,0,2020-08-31,2020-09-04,0,True,True
2020-09-11,3371.8798828125,3425.550048828125,3310.469970703125,3340.969970703125,4,0,0,2020-09-08,2020-09-11,0,True,True
2020-09-18,3363.56005859375,3428.919921875,3292.39990234375,3319.469970703125,5,0,0,2020-09-14,2020-09-18,0,True,True
2020-09-25,3285.570068359375,3323.35009765625,3209.449951171875,3298.4599609375,5,0,0,2020-09-21,2020-09-25,0,True,True
2020-10-02,3333.89990234375,3397.179931640625,3323.68994140625,3348.419921875,5,0,0,2020-09-28,2020-10-02,0,True,True
2020-10-09,3367.27001953125,3482.340087890625,3354.5400390625,3477.139892578125,5,0,0,2020-10-05,2020-10-09,0,True,True
2020-10-16,3500.02001953125,3549.85009765625,3440.889892578125,3483.81005859375,5,0,0,2020-10-12,2020-10-16,0,True,True
2020-10-23,3493.659912109375,3502.419921875,3415.340087890625,3465.389892578125,5,0,0,2020-10-19,2020-10-23,0,True,True
2020-10-30,3441.419921875,3441.419921875,3233.93994140625,3269.9599609375,5,0,0,2020-10-26,2020-10-30,0,True,True
2020-11-06,3296.199951171875,3529.050048828125,3279.739990234375,3509.43994140625,5,0,0,2020-11-02,2020-11-06,0,True,True
2020-11-13,3583.0400390625,3645.989990234375,3511.909912109375,3585.14990234375,5,0,0,2020-11-09,2020-11-13,0,True,True
2020-11-20,3600.159912109375,3628.510009765625,3543.840087890625,3557.5400390625,5,0,0,2020-11-16,2020-11-20,0,True,True
2020-11-27,3566.820068359375,3644.31005859375,3552.77001953125,3638.35009765625,4,0,0,2020-11-23,2020-11-27,0,True,True
2020-12-04,3634.179931640625,3699.199951171875,3594.389892578125,3699.1201171875,5,0,0,2020-11-30,2020-12-04,0,True,True
2020-12-11,3694.72998046875,3712.389892578125,3633.39990234375,3663.4599609375,5,0,0,2020-12-07,2020-12-11,0,True,True
2020-12-18,3675.27001953125,3726.699951171875,3645.840087890625,3709.409912109375,5,0,0,2020-12-14,2020-12-18,0,True,True
2020-12-25,3684.280029296875,3711.239990234375,3636.47998046875,3703.06005859375,4,0,0,2020-12-21,2020-12-24,0,True,True
2021-01-01,3723.030029296875,3760.199951171875,3723.030029296875,3756.070068359375,4,0,0,2020-12-28,2020-12-31,0,True,True
2021-01-08,3764.610107421875,3826.68994140625,3662.7099609375,3824.679931640625,5,0,0,2021-01-04,2021-01-08,0,True,True
2021-01-15,3803.139892578125,3823.60009765625,3749.6201171875,3768.25,5,0,0,2021-01-11,2021-01-15,0,True,True
2021-01-22,3781.8798828125,3861.449951171875,3780.3701171875,3841.469970703125,4,0,0,2021-01-19,2021-01-22,0,True,True
2021-01-29,3851.679931640625,3870.89990234375,3694.1201171875,3714.239990234375,5,0,0,2021-01-25,2021-01-29,0,True,True
2021-02-05,3731.169921875,3894.56005859375,3725.6201171875,3886.830078125,5,0,0,2021-02-01,2021-02-05,0,True,True
2021-02-12,3892.590087890625,3937.22998046875,3884.93994140625,3934.830078125,5,0,0,2021-02-08,2021-02-12,0,True,True
2021-02-19,3939.610107421875,3950.429931640625,3885.030029296875,3906.7099609375,4,0,0,2021-02-16,2021-02-19,0,True,True
2021-02-26,3885.550048828125,3928.64990234375,3789.5400390625,3811.14990234375,5,0,0,2021-02-22,2021-02-26,0,True,True
2021-03-05,3842.510009765625,3914.5,3723.340087890625,3841.93994140625,5,0,0,2021-03-01,2021-03-05,0,True,True
2021-03-12,3844.389892578125,3960.27001953125,3819.25,3943.340087890625,5,0,0,2021-03-08,2021-03-12,0,True,True
2021-03-19,3942.9599609375,3983.8701171875,3886.75,3913.10009765625,5,0,0,2021-03-15,2021-03-19,0,True,True
2021-03-26,3916.47998046875,3978.18994140625,3853.5,3974.5400390625,5,0,0,2021-03-22,2021-03-26,0,True,True
2021-04-02,3969.31005859375,4020.6298828125,3943.25,4019.8701171875,4,0,0,2021-03-29,2021-04-01,0,True,True
2021-04-09,4034.43994140625,4129.47998046875,4034.43994140625,4128.7998046875,5,0,0,2021-04-05,2021-04-09,0,True,True
2021-04-16,4124.7099609375,4191.31005859375,4114.81982421875,4185.47021484375,5,0,0,2021-04-12,2021-04-16,0,True,True
2021-04-23,4179.7998046875,4194.169921875,4118.3798828125,4180.169921875,5,0,0,2021-04-19,2021-04-23,0,True,True
2021-04-30,4185.02978515625,4218.77978515625,4174.85009765625,4181.169921875,5,0,0,2021-04-26,2021-04-30,0,True,True
2021-05-07,4191.97998046875,4238.0400390625,4128.58984375,4232.60009765625,5,0,0,2021-05-03,2021-05-07,0,True,True
2021-05-14,4228.2900390625,4236.39013671875,4056.8798828125,4173.85009765625,5,0,0,2021-05-10,2021-05-14,0,True,True
2021-05-21,4169.919921875,4188.72021484375,4061.409912109375,4155.85986328125,5,0,0,2021-05-17,2021-05-21,0,True,True
2021-05-28,4170.16015625,4218.35986328125,4170.16015625,4204.10986328125,5,0,0,2021-05-24,2021-05-28,0,True,True
2021-06-04,4216.52001953125,4234.1201171875,4167.93017578125,4229.89013671875,4,0,0,2021-06-01,2021-06-04,0,True,True
2021-06-11,4229.33984375,4249.740234375,4208.41015625,4247.43994140625,5,0,0,2021-06-07,2021-06-11,0,True,True
2021-06-18,4248.31005859375,4257.16015625,4164.39990234375,4166.4501953125,5,0,0,2021-06-14,2021-06-18,0,True,True
2021-06-25,4173.39990234375,4286.1201171875,4173.39990234375,4280.7001953125,5,0,0,2021-06-21,2021-06-25,0,True,True
2021-07-02,4284.89990234375,4355.43017578125,4274.669921875,4352.33984375,5,0,0,2021-06-28,2021-07-02,0,True,True
2021-07-09,4356.4599609375,4371.60009765625,4289.3701171875,4369.5498046875,4,0,0,2021-07-06,2021-07-09,0,True,True
2021-07-16,4372.41015625,4393.68017578125,4322.52978515625,4327.16015625,5,0,0,2021-07-12,2021-07-16,0,True,True
2021-07-23,4296.39990234375,4415.18017578125,4233.1298828125,4411.7900390625,5,0,0,2021-07-19,2021-07-23,0,True,True
2021-07-30,4409.580078125,4429.97021484375,4372.509765625,4395.259765625,5,0,0,2021-07-26,2021-07-30,0,True,True
2021-08-06,4406.85986328125,4440.81982421875,4373,4436.52001953125,5,0,0,2021-08-02,2021-08-06,0,True,True
2021-08-13,4437.77001953125,4468.3701171875,4424.740234375,4468,5,0,0,2021-08-09,2021-08-13,0,True,True
2021-08-20,4461.64990234375,4480.259765625,4367.72998046875,4441.669921875,5,0,0,2021-08-16,2021-08-20,0,True,True
2021-08-27,4450.2900390625,4513.330078125,4450.2900390625,4509.3701171875,5,0,0,2021-08-23,2021-08-27,0,True,True
2021-09-03,4513.759765625,4545.85009765625,4513.759765625,4535.43017578125,5,0,0,2021-08-30,2021-09-03,0,True,True
2021-09-10,4535.3798828125,4535.3798828125,4457.66015625,4458.580078125,4,0,0,2021-09-07,2021-09-10,0,True,True
2021-09-17,4474.81005859375,4492.990234375,4427.759765625,4432.990234375,5,0,0,2021-09-13,2021-09-17,0,True,True
2021-09-24,4402.9501953125,4465.39990234375,4305.91015625,4455.47998046875,5,0,0,2021-09-20,2021-09-24,0,True,True
2021-10-01,4442.1201171875,4457.2998046875,4288.52001953125,4357.0400390625,5,0,0,2021-09-27,2021-10-01,0,True,True
2021-10-08,4348.83984375,4429.97021484375,4278.93994140625,4391.33984375,5,0,0,2021-10-04,2021-10-08,0,True,True
2021-10-15,4385.43994140625,4475.81982421875,4329.919921875,4471.3701171875,5,0,0,2021-10-11,2021-10-15,0,True,True
2021-10-22,4463.72021484375,4559.669921875,4447.47021484375,4544.89990234375,5,0,0,2021-10-18,2021-10-22,0,True,True
2021-10-29,4553.68994140625,4608.080078125,4537.35986328125,4605.3798828125,5,0,0,2021-10-25,2021-10-29,0,True,True
2021-11-05,4610.6201171875,4718.5,4595.06005859375,4697.52978515625,5,0,0,2021-11-01,2021-11-05,0,True,True
2021-11-12,4701.47998046875,4714.919921875,4630.85986328125,4682.85009765625,5,0,0,2021-11-08,2021-11-12,0,True,True
2021-11-19,4689.2998046875,4717.75,4672.77978515625,4697.9599609375,5,0,0,2021-11-15,2021-11-19,0,True,True
2021-11-26,4712,4743.830078125,4585.43017578125,4594.6201171875,4,0,0,2021-11-22,2021-11-26,0,True,True
2021-12-03,4628.75,4672.9501953125,4495.1201171875,4538.43017578125,5,0,0,2021-11-29,2021-12-03,0,True,True
2021-12-10,4548.3701171875,4713.56982421875,4540.509765625,4712.02001953125,5,0,0,2021-12-06,2021-12-10,0,True,True
2021-12-17,4710.2998046875,4731.990234375,4600.22021484375,4620.64013671875,5,0,0,2021-12-13,2021-12-17,0,True,True
2021-12-24,4587.89990234375,4740.740234375,4531.10009765625,4725.7900390625,4,0,0,2021-12-20,2021-12-23,0,True,True
2021-12-31,4733.990234375,4808.93017578125,4733.990234375,4766.18017578125,5,0,0,2021-12-27,2021-12-31,0,True,True
2022-01-07,4778.14013671875,4818.6201171875,4662.740234375,4677.02978515625,5,0,0,2022-01-03,2022-01-07,0,True,True
2022-01-14,4655.33984375,4748.830078125,4582.240234375,4662.85009765625,5,0,0,2022-01-10,2022-01-14,0,True,True
2022-01-21,4632.240234375,4632.240234375,4395.33984375,4397.93994140625,4,0,0,2022-01-18,2022-01-21,0,True,True
2022-01-28,4356.31982421875,4453.22998046875,4222.6201171875,4431.85009765625,5,0,0,2022-01-24,2022-01-28,0,True,True
2022-02-04,4431.7900390625,4595.31005859375,4414.02001953125,4500.52978515625,5,0,0,2022-01-31,2022-02-04,0,True,True
2022-02-11,4505.75,4590.02978515625,4401.41015625,4418.64013671875,5,0,0,2022-02-07,2022-02-11,0,True,True
2022-02-18,4412.60986328125,4489.5498046875,4327.22021484375,4348.8701171875,5,0,0,2022-02-14,2022-02-18,0,True,True
2022-02-25,4332.740234375,4385.33984375,4114.64990234375,4384.64990234375,4,0,0,2022-02-22,2022-02-25,0,True,True
2022-03-04,4354.169921875,4416.77978515625,4279.5400390625,4328.8701171875,5,0,0,2022-02-28,2022-03-04,0,True,True
2022-03-11,4327.009765625,4327.009765625,4157.8701171875,4204.31005859375,5,0,0,2022-03-07,2022-03-11,0,True,True
2022-03-18,4202.75,4465.39990234375,4161.72021484375,4463.1201171875,5,0,0,2022-03-14,2022-03-18,0,True,True
2022-03-25,4462.39990234375,4546.02978515625,4424.2998046875,4543.06005859375,5,0,0,2022-03-21,2022-03-25,0,True,True
2022-04-01,4541.08984375,4637.2998046875,4507.56982421875,4545.85986328125,5,0,0,2022-03-28,2022-04-01,0,True,True
2022-04-08,4547.97021484375,4593.4501953125,4450.0400390625,4488.27978515625,5,0,0,2022-04-04,2022-04-08,0,True,True
2022-04-15,4462.64013671875,4471,4381.33984375,4392.58984375,4,0,0,2022-04-11,2022-04-14,0,True,True
2022-04-22,4385.6298828125,4512.93994140625,4267.6201171875,4271.77978515625,5,0,0,2022-04-18,2022-04-22,0,True,True
2022-04-29,4255.33984375,4308.4501953125,4124.27978515625,4131.93017578125,5,0,0,2022-04-25,2022-04-29,0,True,True
2022-05-06,4130.60986328125,4307.66015625,4062.510009765625,4123.33984375,5,0,0,2022-05-02,2022-05-06,0,True,True
2022-05-13,4081.27001953125,4081.27001953125,3858.8701171875,4023.889892578125,5,0,0,2022-05-09,2022-05-13,0,True,True
2022-05-20,4013.02001953125,4090.719970703125,3810.320068359375,3901.360107421875,5,0,0,2022-05-16,2022-05-20,0,True,True
2022-05-27,3919.419921875,4158.490234375,3875.1298828125,4158.240234375,5,0,0,2022-05-23,2022-05-27,0,True,True
2022-06-03,4151.08984375,4177.509765625,4073.85009765625,4108.5400390625,4,0,0,2022-05-31,2022-06-03,0,True,True
2022-06-10,4134.72021484375,4168.77978515625,3900.159912109375,3900.860107421875,5,0,0,2022-06-06,2022-06-10,0,True,True
2022-06-17,3838.14990234375,3838.14990234375,3636.8701171875,3674.840087890625,5,0,0,2022-06-13,2022-06-17,0,True,True
2022-06-24,3715.31005859375,3913.64990234375,3715.31005859375,3911.739990234375,4,0,0,2022-06-21,2022-06-24,0,True,True
2022-07-01,3920.760009765625,3945.860107421875,3738.669921875,3825.330078125,5,0,0,2022-06-27,2022-07-01,0,True,True
2022-07-08,3792.610107421875,3918.5,3742.06005859375,3899.3798828125,4,0,0,2022-07-05,2022-07-08,0,True,True
2022-07-15,3880.93994140625,3880.93994140625,3721.56005859375,3863.159912109375,5,0,0,2022-07-11,2022-07-15,0,True,True
2022-07-22,3883.7900390625,4012.43994140625,3818.6298828125,3961.6298828125,5,0,0,2022-07-18,2022-07-22,0,True,True
2022-07-29,3965.719970703125,4140.14990234375,3910.739990234375,4130.2900390625,5,0,0,2022-07-25,2022-07-29,0,True,True
2022-08-05,4112.3798828125,4167.66015625,4079.81005859375,4145.18994140625,5,0,0,2022-08-01,2022-08-05,0,True,True
2022-08-12,4155.93017578125,4280.47021484375,4112.08984375,4280.14990234375,5,0,0,2022-08-08,2022-08-12,0,True,True
2022-08-19,4269.3701171875,4325.27978515625,4218.7001953125,4228.47998046875,5,0,0,2022-08-15,2022-08-19,0,True,True
2022-08-26,4195.080078125,4203.0400390625,4057.659912109375,4057.659912109375,5,0,0,2022-08-22,2022-08-26,0,True,True
2022-09-02,4034.580078125,4062.989990234375,3903.64990234375,3924.260009765625,5,0,0,2022-08-29,2022-09-02,0,True,True
2022-09-09,3930.889892578125,4076.81005859375,3886.75,4067.360107421875,4,0,0,2022-09-06,2022-09-09,0,True,True
2022-09-16,4083.669921875,4119.27978515625,3837.080078125,3873.330078125,5,0,0,2022-09-12,2022-09-16,0,True,True
2022-09-23,3849.909912109375,3907.070068359375,3647.469970703125,3693.22998046875,5,0,0,2022-09-19,2022-09-23,0,True,True
2022-09-30,3682.719970703125,3736.739990234375,3584.1298828125,3585.6201171875,5,0,0,2022-09-26,2022-09-30,0,True,True
2022-10-07,3609.780029296875,3806.909912109375,3604.929931640625,3639.659912109375,5,0,0,2022-10-03,2022-10-07,0,True,True
2022-10-14,3647.510009765625,3712,3491.580078125,3583.070068359375,5,0,0,2022-10-10,2022-10-14,0,True,True
2022-10-21,3638.64990234375,3762.7900390625,3638.64990234375,3752.75,5,0,0,2022-10-17,2022-10-21,0,True,True
2022-10-28,3762.010009765625,3905.419921875,3741.64990234375,3901.06005859375,5,0,0,2022-10-24,2022-10-28,0,True,True
2022-11-04,3881.85009765625,3911.7900390625,3698.14990234375,3770.550048828125,5,0,0,2022-10-31,2022-11-04,0,True,True
2022-11-11,3780.7099609375,4001.47998046875,3744.219970703125,3992.929931640625,5,0,0,2022-11-07,2022-11-11,0,True,True
2022-11-18,3977.969970703125,4028.840087890625,3906.5400390625,3965.340087890625,5,0,0,2022-11-14,2022-11-18,0,True,True
2022-11-25,3956.22998046875,4034.02001953125,3933.340087890625,4026.1201171875,4,0,0,2022-11-21,2022-11-25,0,True,True
2022-12-02,4005.360107421875,4100.509765625,3937.64990234375,4071.699951171875,5,0,0,2022-11-28,2022-12-02,0,True,True
2022-12-09,4052.02001953125,4052.449951171875,3918.389892578125,3934.3798828125,5,0,0,2022-12-05,2022-12-09,0,True,True
2022-12-16,3939.2900390625,4100.9599609375,3827.909912109375,3852.360107421875,5,0,0,2022-12-12,2022-12-16,0,True,True
2022-12-23,3853.7900390625,3889.820068359375,3764.489990234375,3844.820068359375,5,0,0,2022-12-19,2022-12-23,0,True,True
2022-12-30,3843.340087890625,3858.18994140625,3780.780029296875,3839.5,4,0,0,2022-12-27,2022-12-30,0,True,True
2023-01-06,3853.2900390625,3906.18994140625,3794.330078125,3895.080078125,4,0,0,2023-01-03,2023-01-06,0,True,True
2023-01-13,3910.820068359375,4003.949951171875,3877.2900390625,3999.090087890625,5,0,0,2023-01-09,2023-01-13,0,True,True
2023-01-20,3999.280029296875,4015.389892578125,3885.5400390625,3972.610107421875,4,0,0,2023-01-17,2023-01-20,0,True,True
2023-01-27,3978.139892578125,4094.2099609375,3949.06005859375,4070.56005859375,5,0,0,2023-01-23,2023-01-27,0,True,True
2023-02-03,4049.27001953125,4195.43994140625,4015.550048828125,4136.47998046875,5,0,0,2023-01-30,2023-02-03,0,True,True
2023-02-10,4119.56982421875,4176.5400390625,4060.7900390625,4090.4599609375,5,0,0,2023-02-06,2023-02-10,0,True,True
2023-02-17,4096.6201171875,4159.77001953125,4047.949951171875,4079.090087890625,5,0,0,2023-02-13,2023-02-17,0,True,True
2023-02-24,4052.35009765625,4052.35009765625,3943.080078125,3970.0400390625,4,0,0,2023-02-21,2023-02-24,0,True,True
2023-03-03,3992.360107421875,4048.2900390625,3928.159912109375,4045.639892578125,5,0,0,2023-02-27,2023-03-03,0,True,True
2023-03-10,4055.14990234375,4078.489990234375,3846.320068359375,3861.590087890625,5,0,0,2023-03-06,2023-03-10,0,True,True
2023-03-17,3835.1201171875,3964.4599609375,3808.860107421875,3916.639892578125,5,0,0,2023-03-13,2023-03-17,0,True,True
2023-03-24,3917.469970703125,4039.489990234375,3909.159912109375,3970.989990234375,5,0,0,2023-03-20,2023-03-24,0,True,True
2023-03-31,3982.929931640625,4110.75,3951.530029296875,4109.31005859375,5,0,0,2023-03-27,2023-03-31,0,True,True
2023-04-07,4102.2001953125,4133.1298828125,4069.840087890625,4105.02001953125,4,0,0,2023-04-03,2023-04-06,0,True,True
2023-04-14,4085.199951171875,4163.18994140625,4072.550048828125,4137.64013671875,5,0,0,2023-04-10,2023-04-14,0,True,True
2023-04-21,4137.169921875,4169.47998046875,4113.85986328125,4133.52001953125,5,0,0,2023-04-17,2023-04-21,0,True,True
2023-04-28,4132.06982421875,4170.06005859375,4049.35009765625,4169.47998046875,5,0,0,2023-04-24,2023-04-28,0,True,True
2023-05-05,4166.7900390625,4186.919921875,4048.280029296875,4136.25,5,0,0,2023-05-01,2023-05-05,0,True,True
2023-05-12,4136.97998046875,4154.27978515625,4098.919921875,4124.080078125,5,0,0,2023-05-08,2023-05-12,0,True,True
2023-05-19,4126.64990234375,4212.91015625,4109.85986328125,4191.97998046875,5,0,0,2023-05-15,2023-05-19,0,True,True
2023-05-26,4190.77978515625,4212.8701171875,4103.97998046875,4205.4501953125,5,0,0,2023-05-22,2023-05-26,0,True,True
2023-06-02,4226.7099609375,4290.669921875,4166.14990234375,4282.3701171875,4,0,0,2023-05-30,2023-06-02,0,True,True
2023-06-09,4282.990234375,4322.6201171875,4261.06982421875,4298.85986328125,5,0,0,2023-06-05,2023-06-09,0,True,True
2023-06-16,4308.31982421875,4448.47021484375,4304.3701171875,4409.58984375,5,0,0,2023-06-12,2023-06-16,0,True,True
2023-06-23,4396.10986328125,4400.14990234375,4341.33984375,4348.330078125,4,0,0,2023-06-20,2023-06-23,0,True,True
2023-06-30,4344.83984375,4458.47998046875,4328.080078125,4450.3798828125,5,0,0,2023-06-26,2023-06-30,0,True,True
2023-07-07,4450.47998046875,4456.4599609375,4385.0498046875,4398.9501953125,4,0,0,2023-07-03,2023-07-07,0,True,True
2023-07-14,4394.22998046875,4527.759765625,4389.919921875,4505.419921875,5,0,0,2023-07-10,2023-07-14,0,True,True
2023-07-21,4508.85986328125,4578.43017578125,4504.89990234375,4536.33984375,5,0,0,2023-07-17,2023-07-21,0,True,True
2023-07-28,4543.39013671875,4607.06982421875,4528.56005859375,4582.22998046875,5,0,0,2023-07-24,2023-07-28,0,True,True
2023-08-04,4584.81982421875,4594.22021484375,4474.5498046875,4478.02978515625,5,0,0,2023-07-31,2023-08-04,0,True,True
2023-08-11,4491.580078125,4527.3701171875,4443.97998046875,4464.0498046875,5,0,0,2023-08-07,2023-08-11,0,True,True
2023-08-18,4458.1298828125,4490.330078125,4335.31005859375,4369.7099609375,5,0,0,2023-08-14,2023-08-18,0,True,True
2023-08-25,4380.27978515625,4458.2998046875,4356.2900390625,4405.7099609375,5,0,0,2023-08-21,2023-08-25,0,True,True
2023-09-01,4426.02978515625,4541.25,4414.97998046875,4515.77001953125,5,0,0,2023-08-28,2023-09-01,0,True,True
2023-09-08,4510.06005859375,4514.2900390625,4430.4599609375,4457.490234375,4,0,0,2023-09-05,2023-09-08,0,True,True
2023-09-15,4480.97998046875,4511.990234375,4447.2099609375,4450.31982421875,5,0,0,2023-09-11,2023-09-15,0,True,True
2023-09-22,4445.1298828125,4466.35986328125,4316.490234375,4320.06005859375,5,0,0,2023-09-18,2023-09-22,0,True,True
2023-09-29,4310.6201171875,4338.509765625,4238.6298828125,4288.0498046875,5,0,0,2023-09-25,2023-09-29,0,True,True
2023-10-06,4284.52001953125,4324.10009765625,4216.4501953125,4308.5,5,0,0,2023-10-02,2023-10-06,0,True,True
2023-10-13,4289.02001953125,4385.85009765625,4283.7900390625,4327.77978515625,5,0,0,2023-10-09,2023-10-13,0,True,True
2023-10-20,4342.3701171875,4393.56982421875,4223.02978515625,4224.16015625,5,0,0,2023-10-16,2023-10-20,0,True,True
2023-10-27,4210.39990234375,4259.3798828125,4103.77978515625,4117.3701171875,5,0,0,2023-10-23,2023-10-27,0,True,True
2023-11-03,4139.39013671875,4373.6201171875,4132.93994140625,4358.33984375,5,0,0,2023-10-30,2023-11-03,0,True,True
2023-11-10,4364.27001953125,4418.02978515625,4343.93994140625,4415.240234375,5,0,0,2023-11-06,2023-11-10,0,True,True
2023-11-17,4406.66015625,4521.169921875,4393.81982421875,4514.02001953125,5,0,0,2023-11-13,2023-11-17,0,True,True
2023-11-24,4511.7001953125,4568.43017578125,4510.35986328125,4559.33984375,4,0,0,2023-11-20,2023-11-24,0,True,True
2023-12-01,4554.85986328125,4599.39013671875,4537.240234375,4594.6298828125,5,0,0,2023-11-27,2023-12-01,0,True,True
2023-12-08,4564.3701171875,4609.22998046875,4546.5,4604.3701171875,5,0,0,2023-12-04,2023-12-08,0,True,True
2023-12-15,4593.39013671875,4738.56982421875,4593.39013671875,4719.18994140625,5,0,0,2023-12-11,2023-12-15,0,True,True
2023-12-22,4725.580078125,4778.009765625,4697.81982421875,4754.6298828125,5,0,0,2023-12-18,2023-12-22,0,True,True
2023-12-29,4758.85986328125,4793.2998046875,4751.990234375,4769.830078125,4,0,0,2023-12-26,2023-12-29,0,True,True
2024-01-05,4745.2001953125,4754.330078125,4682.10986328125,4697.240234375,4,0,0,2024-01-02,2024-01-05,0,True,True
2024-01-12,4703.7001953125,4802.39990234375,4699.81982421875,4783.830078125,5,0,0,2024-01-08,2024-01-12,0,True,True
2024-01-19,4772.35009765625,4842.06982421875,4714.81982421875,4839.81005859375,4,0,0,2024-01-16,2024-01-19,0,True,True
2024-01-26,4853.419921875,4906.68994140625,4844.0498046875,4890.97021484375,5,0,0,2024-01-22,2024-01-26,0,True,True
2024-02-02,4892.9501953125,4975.2900390625,4845.14990234375,4958.60986328125,5,0,0,2024-01-29,2024-02-02,0,True,True
2024-02-09,4957.18994140625,5030.06005859375,4918.08984375,5026.60986328125,5,0,0,2024-02-05,2024-02-09,0,True,True
2024-02-16,5026.830078125,5048.39013671875,4920.31005859375,5005.56982421875,5,0,0,2024-02-12,2024-02-16,0,True,True
2024-02-23,4989.31982421875,5111.06005859375,4946,5088.7998046875,4,0,0,2024-02-20,2024-02-23,0,True,True
2024-03-01,5093,5140.330078125,5057.2900390625,5137.080078125,5,0,0,2024-02-26,2024-03-01,0,True,True
2024-03-08,5130.990234375,5189.259765625,5056.81982421875,5123.68994140625,5,0,0,2024-03-04,2024-03-08,0,True,True
2024-03-15,5111.9599609375,5179.8701171875,5091.14013671875,5117.08984375,5,0,0,2024-03-11,2024-03-15,0,True,True
2024-03-22,5154.77001953125,5261.10009765625,5131.58984375,5234.18017578125,5,0,0,2024-03-18,2024-03-22,0,True,True
2024-03-29,5219.52001953125,5264.85009765625,5203.419921875,5254.35009765625,4,0,0,2024-03-25,2024-03-28,0,True,True
2024-04-05,5257.97021484375,5263.9501953125,5146.06005859375,5204.33984375,5,0,0,2024-04-01,2024-04-05,0,True,True
2024-04-12,5211.3701171875,5224.81005859375,5107.93994140625,5123.41015625,5,0,0,2024-04-08,2024-04-12,0,True,True
2024-04-19,5149.669921875,5168.43017578125,4953.56005859375,4967.22998046875,5,0,0,2024-04-15,2024-04-19,0,True,True
2024-04-26,4987.330078125,5114.6201171875,4969.39990234375,5099.9599609375,5,0,0,2024-04-22,2024-04-26,0,True,True
2024-05-03,5114.1298828125,5139.1201171875,5011.0498046875,5127.7900390625,5,0,0,2024-04-29,2024-05-03,0,True,True
2024-05-10,5142.419921875,5239.66015625,5142.419921875,5222.68017578125,5,0,0,2024-05-06,2024-05-10,0,True,True
2024-05-17,5233.080078125,5325.490234375,5211.16015625,5303.27001953125,5,0,0,2024-05-13,2024-05-17,0,True,True
2024-05-24,5305.35009765625,5341.8798828125,5256.93017578125,5304.72021484375,5,0,0,2024-05-20,2024-05-24,0,True,True
2024-05-31,5315.91015625,5315.91015625,5191.68017578125,5277.509765625,4,0,0,2024-05-28,2024-05-31,0,True,True
2024-06-07,5297.14990234375,5375.080078125,5234.31982421875,5346.990234375,5,0,0,2024-06-03,2024-06-07,0,True,True
2024-06-14,5341.22021484375,5447.25,5327.25,5431.60009765625,5,0,0,2024-06-10,2024-06-14,0,True,True
2024-06-21,5431.10986328125,5505.52978515625,5420.39990234375,5464.6201171875,4,0,0,2024-06-17,2024-06-21,0,True,True
2024-06-28,5459.580078125,5523.64013671875,5446.56005859375,5460.47998046875,5,0,0,2024-06-24,2024-06-28,0,True,True
2024-07-05,5471.080078125,5570.330078125,5446.52978515625,5567.18994140625,4,0,0,2024-07-01,2024-07-05,0,True,True
2024-07-12,5572.75,5655.56005859375,5562.509765625,5615.35009765625,5,0,0,2024-07-08,2024-07-12,0,True,True
2024-07-19,5638.16015625,5669.669921875,5497.0400390625,5505,5,0,0,2024-07-15,2024-07-19,0,True,True
2024-07-26,5544.5400390625,5585.33984375,5390.9501953125,5459.10009765625,5,0,0,2024-07-22,2024-07-26,0,True,True
2024-08-02,5476.5498046875,5566.16015625,5302.02978515625,5346.56005859375,5,0,0,2024-07-29,2024-08-02,0,True,True
2024-08-09,5151.14013671875,5358.669921875,5119.259765625,5344.16015625,5,0,0,2024-08-05,2024-08-09,0,True,True
2024-08-16,5351.8798828125,5561.97998046875,5324.3701171875,5554.25,5,0,0,2024-08-12,2024-08-16,0,True,True
2024-08-23,5557.22998046875,5643.22021484375,5550.740234375,5634.60986328125,5,0,0,2024-08-19,2024-08-23,0,True,True
2024-08-30,5639.66015625,5651.6201171875,5560.9501953125,5648.39990234375,5,0,0,2024-08-26,2024-08-30,0,True,True
2024-09-06,5623.89013671875,5623.89013671875,5402.6201171875,5408.419921875,4,0,0,2024-09-03,2024-09-06,0,True,True
2024-09-13,5442.06982421875,5636.27001953125,5406.9599609375,5626.02001953125,5,0,0,2024-09-09,2024-09-13,0,True,True
2024-09-20,5615.2099609375,5733.56982421875,5604.52978515625,5702.5498046875,5,0,0,2024-09-16,2024-09-20,0,True,True
2024-09-27,5711.89990234375,5767.3701171875,5698.990234375,5738.169921875,5,0,0,2024-09-23,2024-09-27,0,True,True
2024-10-04,5726.52001953125,5765.14013671875,5674,5751.06982421875,5,0,0,2024-09-30,2024-10-04,0,True,True
2024-10-11,5737.7998046875,5822.1298828125,5686.85009765625,5815.02978515625,5,0,0,2024-10-07,2024-10-11,0,True,True
2024-10-18,5829.81005859375,5878.4599609375,5804.47998046875,5864.669921875,5,0,0,2024-10-14,2024-10-18,0,True,True
2024-10-25,5857.81982421875,5866.919921875,5762.41015625,5808.1201171875,5,0,0,2024-10-21,2024-10-25,0,True,True
2024-11-01,5833.93017578125,5850.93994140625,5702.85986328125,5728.7998046875,5,0,0,2024-10-28,2024-11-01,0,True,True
2024-11-08,5725.14990234375,6012.4501953125,5696.509765625,5995.5400390625,5,0,0,2024-11-04,2024-11-08,0,True,True
2024-11-15,6008.85986328125,6017.31005859375,5853.009765625,5870.6201171875,5,0,0,2024-11-11,2024-11-15,0,True,True
2024-11-22,5874.169921875,5972.89990234375,5855.2900390625,5969.33984375,5,0,0,2024-11-18,2024-11-22,0,True,True
2024-11-29,5992.27978515625,6044.169921875,5963.91015625,6032.3798828125,4,0,0,2024-11-25,2024-11-29,0,True,True
2024-12-06,6040.10986328125,6099.97021484375,6033.39013671875,6090.27001953125,5,0,0,2024-12-02,2024-12-06,0,True,True
2024-12-13,6083.009765625,6092.58984375,6029.89013671875,6051.08984375,5,0,0,2024-12-09,2024-12-13,0,True,True
2024-12-20,6063.7900390625,6085.18994140625,5832.2998046875,5930.85009765625,5,0,0,2024-12-16,2024-12-20,0,True,True
2024-12-27,5940.25,6049.75,5902.56982421875,5970.83984375,4,0,0,2024-12-23,2024-12-27,0,True,True
2025-01-03,5920.669921875,5949.33984375,5829.52978515625,5942.47021484375,4,0,0,2024-12-30,2025-01-03,0,True,True
2025-01-10,5982.81005859375,6021.0400390625,5807.77978515625,5827.0400390625,4,0,0,2025-01-06,2025-01-10,0,True,True
2025-01-17,5782.02001953125,6014.9599609375,5773.31005859375,5996.66015625,5,0,0,2025-01-13,2025-01-17,0,True,True
2025-01-24,6014.1201171875,6128.18017578125,6006.8798828125,6101.240234375,4,0,0,2025-01-21,2025-01-24,0,True,True
2025-01-31,5969.0400390625,6120.91015625,5962.919921875,6040.52978515625,5,0,0,2025-01-27,2025-01-31,0,True,True
2025-02-07,5969.64990234375,6101.27978515625,5923.93017578125,6025.990234375,5,0,0,2025-02-03,2025-02-07,0,True,True
2025-02-14,6046.39990234375,6127.47021484375,6003,6114.6298828125,5,0,0,2025-02-10,2025-02-14,0,True,True
2025-02-21,6121.60009765625,6147.43017578125,6008.56005859375,6013.1298828125,4,0,0,2025-02-18,2025-02-21,0,True,True
2025-02-28,6026.68994140625,6043.64990234375,5837.66015625,5954.5,5,0,0,2025-02-24,2025-02-28,0,True,True
2025-03-07,5968.330078125,5986.08984375,5666.2900390625,5770.2001953125,5,0,0,2025-03-03,2025-03-07,0,True,True
2025-03-14,5705.3701171875,5705.3701171875,5504.64990234375,5638.93994140625,5,0,0,2025-03-10,2025-03-14,0,True,True
2025-03-21,5635.60009765625,5715.330078125,5597.759765625,5667.56005859375,5,0,0,2025-03-17,2025-03-21,0,True,True
2025-03-28,5718.080078125,5786.9501953125,5572.419921875,5580.93994140625,5,0,0,2025-03-24,2025-03-28,0,True,True
2025-04-04,5527.91015625,5695.31005859375,5069.89990234375,5074.080078125,5,0,0,2025-03-31,2025-04-04,0,True,True
2025-04-11,4953.7900390625,5481.33984375,4835.0400390625,5363.35986328125,5,0,0,2025-04-07,2025-04-11,0,True,True
2025-04-18,5441.9599609375,5459.4599609375,5220.7900390625,5282.7001953125,4,0,0,2025-04-14,2025-04-17,0,True,True
2025-04-25,5232.93994140625,5528.10986328125,5101.6298828125,5525.2099609375,5,0,0,2025-04-21,2025-04-25,0,True,True
2025-05-02,5529.22021484375,5700.7001953125,5433.240234375,5686.669921875,5,0,0,2025-04-28,2025-05-02,0,True,True
2025-05-09,5655.31982421875,5720.10009765625,5578.64013671875,5659.91015625,5,0,0,2025-05-05,2025-05-09,0,True,True
2025-05-16,5807.2001953125,5958.6201171875,5786.080078125,5958.3798828125,5,0,0,2025-05-12,2025-05-16,0,True,True
2025-05-23,5902.8798828125,5968.60986328125,5767.41015625,5802.81982421875,5,0,0,2025-05-19,2025-05-23,0,True,True
2025-05-30,5854.06982421875,5943.1298828125,5843.66015625,5911.68994140625,4,0,0,2025-05-27,2025-05-30,0,True,True
2025-06-06,5896.68017578125,6016.8701171875,5861.43017578125,6000.35986328125,5,0,0,2025-06-02,2025-06-06,0,True,True
2025-06-13,6004.6298828125,6059.39990234375,5963.2099609375,5976.97021484375,5,0,0,2025-06-09,2025-06-13,0,True,True
2025-06-20,6004,6050.830078125,5952.56005859375,5967.83984375,4,0,0,2025-06-16,2025-06-20,0,True,True
2025-06-27,5969.669921875,6187.68017578125,5943.22998046875,6173.06982421875,5,0,0,2025-06-23,2025-06-27,0,True,True
2025-07-04,6193.35986328125,6284.64990234375,6174.97021484375,6279.35009765625,4,0,0,2025-06-30,2025-07-03,0,True,True
2025-07-11,6259.0400390625,6290.22021484375,6201,6259.75,5,0,0,2025-07-07,2025-07-11,0,True,True
2025-07-18,6255.14990234375,6315.60986328125,6201.58984375,6296.7900390625,5,0,0,2025-07-14,2025-07-18,0,True,True
2025-07-25,6304.740234375,6395.81982421875,6281.7099609375,6388.64013671875,5,0,0,2025-07-21,2025-07-25,0,True,True
2025-08-01,6397.68994140625,6427.02001953125,6212.68994140625,6238.009765625,5,0,0,2025-07-28,2025-08-01,0,True,True
2025-08-08,6271.7099609375,6395.16015625,6271.7099609375,6389.4501953125,5,0,0,2025-08-04,2025-08-08,0,True,True
2025-08-15,6389.669921875,6481.33984375,6364.06005859375,6449.7998046875,5,0,0,2025-08-11,2025-08-15,0,True,True
2025-08-22,6445.02001953125,6478.89013671875,6343.85986328125,6466.91015625,5,0,0,2025-08-18,2025-08-22,0,True,True
2025-08-29,6457.669921875,6508.22998046875,6429.2099609375,6460.259765625,5,0,0,2025-08-25,2025-08-29,0,True,True
2025-09-05,6401.509765625,6532.64990234375,6360.580078125,6481.5,4,0,0,2025-09-02,2025-09-05,0,True,True
2025-09-12,6498.08984375,6600.2099609375,6483.080078125,6584.2900390625,5,0,0,2025-09-08,2025-09-12,0,True,True
2025-09-19,6603.490234375,6671.81982421875,6551.14990234375,6664.35986328125,5,0,0,2025-09-15,2025-09-19,0,True,True
2025-09-26,6654.27978515625,6699.52001953125,6569.22021484375,6643.7001953125,5,0,0,2025-09-22,2025-09-26,0,True,True
2025-10-03,6661.580078125,6750.8701171875,6641,6715.7900390625,5,0,0,2025-09-29,2025-10-03,0,True,True
2025-10-10,6733.85986328125,6764.580078125,6550.77978515625,6552.509765625,5,0,0,2025-10-06,2025-10-10,0,True,True
2025-10-17,6622.52978515625,6724.1201171875,6555.06982421875,6664.009765625,5,0,0,2025-10-13,2025-10-17,0,True,True
2025-10-24,6690.0498046875,6807.10986328125,6655.68994140625,6791.68994140625,5,0,0,2025-10-20,2025-10-24,0,True,True
2025-10-31,6845.4599609375,6920.33984375,6814.259765625,6840.2001953125,5,0,0,2025-10-27,2025-10-31,0,True,True
2025-11-07,6882.31982421875,6882.31982421875,6631.43994140625,6728.7998046875,5,0,0,2025-11-03,2025-11-07,0,True,True
2025-11-14,6785.35986328125,6869.91015625,6646.8701171875,6734.10986328125,5,0,0,2025-11-10,2025-11-14,0,True,True
2025-11-21,6713.60986328125,6770.35009765625,6521.919921875,6602.990234375,5,0,0,2025-11-17,2025-11-21,0,True,True
2025-11-28,6636.5400390625,6850.85986328125,6630.7001953125,6849.08984375,4,0,0,2025-11-24,2025-11-28,0,True,True
2025-12-05,6812.2998046875,6895.77978515625,6799.93994140625,6870.39990234375,5,0,0,2025-12-01,2025-12-05,0,True,True
2025-12-12,6875.2001953125,6903.4599609375,6801.7900390625,6827.41015625,5,0,0,2025-12-08,2025-12-12,0,True,True
2025-12-19,6860.18994140625,6861.58984375,6720.43017578125,6834.5,5,0,0,2025-12-15,2025-12-19,0,True,True
2025-12-26,6865.2099609375,6945.77001953125,6855.740234375,6929.93994140625,4,0,0,2025-12-22,2025-12-26,0,True,True
2026-01-02,6903.60009765625,6920.2099609375,6824.31005859375,6858.47021484375,4,0,0,2025-12-29,2026-01-02,0,True,True
2026-01-09,6892.18994140625,6978.35986328125,6891.56005859375,6966.27978515625,5,0,0,2026-01-05,2026-01-09,0,True,True
2026-01-16,6944.1201171875,6986.330078125,6885.740234375,6940.009765625,5,0,0,2026-01-12,2026-01-16,0,True,True
2026-01-23,6865.240234375,6934.75,6789.0498046875,6915.60986328125,4,0,0,2026-01-20,2026-01-23,0,True,True
2026-01-30,6923.22998046875,7002.27978515625,6870.7998046875,6939.02978515625,5,0,0,2026-01-26,2026-01-30,0,True,True
2026-02-06,6916.64013671875,6993.080078125,6780.1298828125,6932.2998046875,5,0,0,2026-02-02,2026-02-06,0,True,True
2026-02-13,6917.259765625,6993.47998046875,6794.5498046875,6836.169921875,5,0,0,2026-02-09,2026-02-13,0,True,True
2026-02-20,6819.85986328125,6915.85986328125,6775.5,6909.509765625,4,0,0,2026-02-17,2026-02-20,0,True,True
2026-02-27,6901.25,6952.509765625,6815.43017578125,6878.8798828125,5,0,0,2026-02-23,2026-02-27,0,True,True
2026-03-06,6824.35986328125,6901.009765625,6710.419921875,6740.02001953125,5,0,0,2026-03-02,2026-03-06,0,True,True
2026-03-13,6699.7998046875,6845.080078125,6623.919921875,6632.18994140625,5,0,0,2026-03-09,2026-03-13,0,True,True
2026-03-20,6674.3701171875,6754.2998046875,6473.52001953125,6506.47998046875,5,0,0,2026-03-16,2026-03-20,0,True,True
2026-03-27,6574.9599609375,6651.6201171875,6356.080078125,6368.85009765625,5,0,0,2026-03-23,2026-03-27,0,True,True
2026-04-03,6403.3701171875,6609.669921875,6316.91015625,6582.68994140625,4,0,0,2026-03-30,2026-04-02,0,True,True
2026-04-10,6587.66015625,6845.77001953125,6534.5498046875,6816.89013671875,5,0,0,2026-04-06,2026-04-10,0,True,True
2026-04-17,6806.47021484375,7147.52001953125,6790.02001953125,7126.06005859375,5,0,0,2026-04-13,2026-04-17,0,True,True
2026-04-24,7117.0498046875,7168.58984375,7046.5498046875,7165.080078125,5,0,0,2026-04-20,2026-04-24,0,True,True
2026-05-01,7152.72021484375,7272.52001953125,7107.85986328125,7230.1201171875,5,0,0,2026-04-27,2026-05-01,0,True,True
2026-05-08,7228.3798828125,7401.5,7174.1201171875,7398.93017578125,5,0,0,2026-05-04,2026-05-08,0,True,True
2026-05-15,7385.31005859375,7517.1201171875,7338.5400390625,7408.5,5,0,0,2026-05-11,2026-05-15,0,True,True
2026-05-22,7415.06982421875,7506.31982421875,7333.68017578125,7473.47021484375,5,0,0,2026-05-18,2026-05-22,0,True,True
2026-05-29,7511.7900390625,7599.3798828125,7499.72021484375,7580.06005859375,4,0,0,2026-05-26,2026-05-29,0,True,True
2026-06-05,7582.2900390625,7620.89990234375,7368.6298828125,7383.740234375,5,0,0,2026-06-01,2026-06-05,0,True,True
2026-06-12,7440.56982421875,7483.14990234375,7237.85009765625,7431.4599609375,5,0,0,2026-06-08,2026-06-12,0,True,True
2026-06-19,7516.75,7577.919921875,7402.60986328125,7500.580078125,4,0,0,2026-06-15,2026-06-18,0,True,True
2026-06-26,7500.43994140625,7530.009765625,7294.18017578125,7354.02001953125,5,0,0,2026-06-22,2026-06-26,0,True,True
2026-07-03,7391.8798828125,7540.75,7348.8798828125,7483.240234375,4,0,0,2026-06-29,2026-07-02,0,True,True
2026-07-10,7506.9599609375,7579.93017578125,7421.81982421875,7575.39013671875,5,0,0,2026-07-06,2026-07-10,0,True,True
2026-07-17,7547.52978515625,7581.5,7431.259765625,7457.68994140625,5,0,0,2026-07-13,2026-07-17,0,True,True
2026-07-24,7489.18017578125,7525.93994140625,7376,7411.97998046875,5,0,0,2026-07-20,2026-07-24,0,True,True
2026-07-31,7464.2001953125,7512.0400390625,7313.919921875,7489.72021484375,5,0,0,2026-07-27,2026-07-31,0,True,True
2026-08-07,7504.77978515625,7793.68017578125,7504.77978515625,7757.64013671875,5,0,0,2026-08-03,2026-08-07,0,True,True
2026-08-14,7751.740234375,7816.7001953125,7717.25,7785.759765625,5,0,0,2026-08-10,2026-08-14,0,True,True
2026-08-21,7790.68017578125,7790.68017578125,7639.009765625,7674.3701171875,5,0,0,2026-08-17,2026-08-21,0,True,True
2026-08-28,7663.3798828125,7771.47998046875,7638.169921875,7711.759765625,5,0,0,2026-08-24,2026-08-28,0,True,True
2026-09-04,7697.52001953125,7756.759765625,7611.2001953125,7718.60009765625,5,0,0,2026-08-31,2026-09-04,0,True,True
