week,open,high,low,close,source_rows,bad_hlc,bad_ohlc,first_date,last_date,null_rows,valid_hlc,valid_ohlc
1927-12-30,17.659999847412109,17.659999847412109,17.659999847412109,17.659999847412109,1,1,1,1927-12-30,1927-12-30,0,False,False
1928-01-06,17.760000228881836,17.760000228881836,17.549999237060547,17.659999847412109,4,4,4,1928-01-03,1928-01-06,0,False,False
1928-01-13,17.5,17.579999923706055,17.350000381469727,17.579999923706055,5,5,5,1928-01-09,1928-01-13,0,False,False
1928-01-20,17.290000915527344,17.479999542236328,17.260000228881836,17.479999542236328,5,5,5,1928-01-16,1928-01-20,0,False,False
1928-01-27,17.639999389648438,17.709999084472656,17.520000457763672,17.690000534057617,5,5,5,1928-01-23,1928-01-27,0,False,False
1928-02-03,17.489999771118164,17.629999160766602,17.399999618530273,17.399999618530273,5,5,5,1928-01-30,1928-02-03,0,False,False
1928-02-10,17.450000762939453,17.549999237060547,17.440000534057617,17.540000915527344,5,5,5,1928-02-06,1928-02-10,0,False,False
1928-02-17,17.440000534057617,17.440000534057617,17.040000915527344,17.040000915527344,4,4,4,1928-02-14,1928-02-17,0,False,False
1928-02-24,16.950000762939453,17.180000305175781,16.950000762939453,17.180000305175781,4,4,4,1928-02-20,1928-02-24,0,False,False
1928-03-02,17.110000610351562,17.299999237060547,17.110000610351562,17.299999237060547,5,5,5,1928-02-27,1928-03-02,0,False,False
1928-03-09,17.569999694824219,17.930000305175781,17.569999694824219,17.930000305175781,5,5,5,1928-03-05,1928-03-09,0,False,False
1928-03-16,18,18.260000228881836,17.920000076293945,18.260000228881836,5,5,5,1928-03-12,1928-03-16,0,False,False
1928-03-23,18.360000610351562,18.780000686645508,18.360000610351562,18.780000686645508,5,5,5,1928-03-19,1928-03-23,0,False,False
1928-03-30,19.049999237060547,19.280000686645508,18.889999389648438,19.280000686645508,5,5,5,1928-03-26,1928-03-30,0,False,False
1928-04-06,18.909999847412109,19.229999542236328,18.909999847412109,19.229999542236328,4,4,4,1928-04-02,1928-04-05,0,False,False
1928-04-13,19.270000457763672,19.729999542236328,19.100000381469727,19.729999542236328,5,5,5,1928-04-09,1928-04-13,0,False,False
1928-04-20,19.680000305175781,19.680000305175781,19.340000152587891,19.340000152587891,5,5,5,1928-04-16,1928-04-20,0,False,False
1928-04-27,19.149999618530273,19.680000305175781,19.149999618530273,19.680000305175781,5,5,5,1928-04-23,1928-04-27,0,False,False
1928-05-04,19.75,20.239999771118164,19.75,20.239999771118164,5,5,5,1928-04-30,1928-05-04,0,False,False
1928-05-11,20.409999847412109,20.409999847412109,20.209999084472656,20.360000610351562,5,5,5,1928-05-07,1928-05-11,0,False,False
1928-05-18,20.440000534057617,20.440000534057617,19.920000076293945,19.920000076293945,5,5,5,1928-05-14,1928-05-18,0,False,False
1928-05-25,19.629999160766602,19.899999618530273,19.360000610351562,19.899999618530273,5,5,5,1928-05-21,1928-05-25,0,False,False
1928-06-01,19.569999694824219,20.069999694824219,19.569999694824219,20.069999694824219,4,4,4,1928-05-28,1928-06-01,0,False,False
1928-06-08,19.799999237060547,19.850000381469727,19.370000839233398,19.370000839233398,5,5,5,1928-06-04,1928-06-08,0,False,False
1928-06-15,18.680000305175781,19.049999237060547,18.340000152587891,18.739999771118164,5,5,5,1928-06-11,1928-06-15,0,False,False
1928-06-22,18.399999618530273,18.569999694824219,18.340000152587891,18.540000915527344,5,5,5,1928-06-18,1928-06-22,0,False,False
1928-06-29,18.469999313354492,19.139999389648438,18.469999313354492,19.139999389648438,5,5,5,1928-06-25,1928-06-29,0,False,False
1928-07-06,18.979999542236328,19.479999542236328,18.979999542236328,19.389999389648438,4,4,4,1928-07-02,1928-07-06,0,False,False
1928-07-13,19.459999084472656,19.459999084472656,18.809999465942383,18.959999084472656,5,5,5,1928-07-09,1928-07-13,0,False,False
1928-07-20,18.700000762939453,19.030000686645508,18.700000762939453,19.030000686645508,5,5,5,1928-07-16,1928-07-20,0,False,False
1928-07-27,19.120000839233398,19.420000076293945,19.090000152587891,19.420000076293945,5,5,5,1928-07-23,1928-07-27,0,False,False
1928-08-03,19.469999313354492,19.469999313354492,19.329999923706055,19.360000610351562,5,5,5,1928-07-30,1928-08-03,0,False,False
1928-08-10,19.579999923706055,19.579999923706055,19.25,19.25,5,5,5,1928-08-06,1928-08-10,0,False,False
1928-08-17,19.290000915527344,19.639999389648438,19.129999160766602,19.639999389648438,5,5,5,1928-08-13,1928-08-17,0,False,False
1928-08-24,19.770000457763672,20.340000152587891,19.770000457763672,20.340000152587891,5,5,5,1928-08-20,1928-08-24,0,False,False
1928-08-31,20.379999160766602,20.870000839233398,20.379999160766602,20.870000839233398,5,5,5,1928-08-27,1928-08-31,0,False,False
1928-09-07,20.969999313354492,21.090000152587891,20.940000534057617,21.090000152587891,4,4,4,1928-09-04,1928-09-07,0,False,False
1928-09-14,20.920000076293945,21.159999847412109,20.920000076293945,21.139999389648438,5,5,5,1928-09-10,1928-09-14,0,False,False
1928-09-21,21.329999923706055,21.360000610351562,21.180000305175781,21.360000610351562,5,5,5,1928-09-17,1928-09-21,0,False,False
1928-09-28,21.430000305175781,21.430000305175781,21.129999160766602,21.139999389648438,5,5,5,1928-09-24,1928-09-28,0,False,False
1928-10-05,21.360000610351562,21.360000610351562,21.190000534057617,21.219999313354492,5,5,5,1928-10-01,1928-10-05,0,False,False
1928-10-12,21.110000610351562,21.510000228881836,21.110000610351562,21.510000228881836,4,4,4,1928-10-08,1928-10-11,0,False,False
1928-10-19,21.649999618530273,21.959999084472656,21.649999618530273,21.959999084472656,5,5,5,1928-10-15,1928-10-19,0,False,False
1928-10-26,21.809999465942383,21.989999771118164,21.649999618530273,21.649999618530273,5,5,5,1928-10-22,1928-10-26,0,False,False
1928-11-02,22,22,21.680000305175781,21.950000762939453,5,5,5,1928-10-29,1928-11-02,0,False,False
1928-11-09,22.239999771118164,22.549999237060547,22.239999771118164,22.549999237060547,4,4,4,1928-11-05,1928-11-09,0,False,False
1928-11-16,22.840000152587891,23.370000839233398,22.840000152587891,23.370000839233398,5,5,5,1928-11-12,1928-11-16,0,False,False
1928-11-23,23.370000839233398,23.700000762939453,23.219999313354492,23.700000762939453,5,5,5,1928-11-19,1928-11-23,0,False,False
1928-11-30,23.799999237060547,24.280000686645508,23.799999237060547,24.280000686645508,4,4,4,1928-11-26,1928-11-30,0,False,False
1928-12-07,23.850000381469727,23.909999847412109,22.360000610351562,22.360000610351562,5,5,5,1928-12-03,1928-12-07,0,False,False
1928-12-14,22.309999465942383,22.739999771118164,22.309999465942383,22.530000686645508,5,5,5,1928-12-10,1928-12-14,0,False,False
1928-12-21,22.440000534057617,23.329999923706055,22.440000534057617,23.329999923706055,5,5,5,1928-12-17,1928-12-21,0,False,False
1928-12-28,23.540000915527344,23.979999542236328,23.440000534057617,23.979999542236328,4,4,4,1928-12-24,1928-12-28,0,False,False
1929-01-04,24.350000381469727,24.860000610351562,24.350000381469727,24.850000381469727,4,4,4,1928-12-31,1929-01-04,0,False,False
1929-01-11,24.25,24.579999923706055,24.170000076293945,24.540000915527344,5,5,5,1929-01-07,1929-01-11,0,False,False
1929-01-18,24.590000152587891,24.770000457763672,24.229999542236328,24.770000457763672,5,5,5,1929-01-14,1929-01-18,0,False,False
1929-01-25,24.860000610351562,25.479999542236328,24.860000610351562,25.479999542236328,5,5,5,1929-01-21,1929-01-25,0,False,False
1929-02-01,25.350000381469727,25.840000152587891,25.350000381469727,25.840000152587891,5,5,5,1929-01-28,1929-02-01,0,False,False
1929-02-08,25.639999389648438,25.700000762939453,24.440000534057617,24.440000534057617,5,5,5,1929-02-04,1929-02-08,0,False,False
1929-02-15,24.979999542236328,24.979999542236328,24.350000381469727,24.350000381469727,4,4,4,1929-02-11,1929-02-15,0,False,False
1929-02-22,24.389999389648438,24.860000610351562,24.379999160766602,24.860000610351562,4,4,4,1929-02-18,1929-02-21,0,False,False
1929-03-01,24.909999847412109,25.829999923706055,24.909999847412109,25.829999923706055,5,5,5,1929-02-25,1929-03-01,0,False,False
1929-03-08,25.489999771118164,25.489999771118164,24.920000076293945,25.309999465942383,5,5,5,1929-03-04,1929-03-08,0,False,False
1929-03-15,24.950000762939453,26.079999923706055,24.950000762939453,26.079999923706055,5,5,5,1929-03-11,1929-03-15,0,False,False
1929-03-22,26.040000915527344,26.040000915527344,25.549999237060547,25.549999237060547,5,5,5,1929-03-18,1929-03-22,0,False,False
1929-03-29,24.510000228881836,25.530000686645508,24.350000381469727,25.530000686645508,4,4,4,1929-03-25,1929-03-28,0,False,False
1929-04-05,24.879999160766602,25.299999237060547,24.860000610351562,25.049999237060547,5,5,5,1929-04-01,1929-04-05,0,False,False
1929-04-12,24.829999923706055,25.149999618530273,24.629999160766602,25.149999618530273,5,5,5,1929-04-08,1929-04-12,0,False,False
1929-04-19,25,25.430000305175781,25,25.409999847412109,5,5,5,1929-04-15,1929-04-19,0,False,False
1929-04-26,25.700000762939453,25.850000381469727,25.579999923706055,25.579999923706055,5,5,5,1929-04-22,1929-04-26,0,False,False
1929-05-03,25.530000686645508,26.370000839233398,25.530000686645508,26.370000839233398,5,5,5,1929-04-29,1929-05-03,0,False,False
1929-05-10,26.319999694824219,26.340000152587891,26.020000457763672,26.340000152587891,5,5,5,1929-05-06,1929-05-10,0,False,False
1929-05-17,25.639999389648438,26.090000152587891,25.639999389648438,26.090000152587891,5,5,5,1929-05-13,1929-05-17,0,False,False
1929-05-24,25.389999389648438,25.700000762939453,24.760000228881836,25.120000839233398,5,5,5,1929-05-20,1929-05-24,0,False,False
1929-05-31,24.200000762939453,24.829999923706055,24.200000762939453,24.829999923706055,4,4,4,1929-05-27,1929-05-31,0,False,False
1929-06-07,25.270000457763672,25.639999389648438,25.270000457763672,25.530000686645508,5,5,5,1929-06-03,1929-06-07,0,False,False
1929-06-14,25.270000457763672,25.930000305175781,25.270000457763672,25.930000305175781,5,5,5,1929-06-10,1929-06-14,0,False,False
1929-06-21,26.409999847412109,26.620000839233398,26.319999694824219,26.620000839233398,5,5,5,1929-06-17,1929-06-21,0,False,False
1929-06-28,26.620000839233398,27.409999847412109,26.620000839233398,27.409999847412109,5,5,5,1929-06-24,1929-06-28,0,False,False
1929-07-05,27.770000457763672,28.319999694824219,27.770000457763672,28.319999694824219,4,4,4,1929-07-01,1929-07-05,0,False,False
1929-07-12,28.370000839233398,28.569999694824219,28.200000762939453,28.569999694824219,5,5,5,1929-07-08,1929-07-12,0,False,False
1929-07-19,28.450000762939453,28.760000228881836,28.450000762939453,28.760000228881836,5,5,5,1929-07-15,1929-07-19,0,False,False
1929-07-26,28.430000305175781,28.829999923706055,28.430000305175781,28.659999847412109,5,5,5,1929-07-22,1929-07-26,0,False,False
1929-08-02,28.180000305175781,29.559999465942383,28.180000305175781,29.559999465942383,5,5,5,1929-07-29,1929-08-02,0,False,False
1929-08-09,29.540000915527344,29.540000915527344,28.379999160766602,28.379999160766602,5,5,5,1929-08-05,1929-08-09,0,False,False
1929-08-16,29.270000457763672,30.219999313354492,29.270000457763672,30.219999313354492,5,5,5,1929-08-12,1929-08-16,0,False,False
1929-08-23,30.5,31.090000152587891,30.5,31.090000152587891,5,5,5,1929-08-19,1929-08-23,0,False,False
1929-08-30,31.069999694824219,31.709999084472656,30.989999771118164,31.709999084472656,5,5,5,1929-08-26,1929-08-30,0,False,False
1929-09-06,31.819999694824219,31.829999923706055,31.020000457763672,31.829999923706055,4,4,4,1929-09-03,1929-09-06,0,False,False
1929-09-13,31.670000076293945,31.670000076293945,31.100000381469727,31.379999160766602,5,5,5,1929-09-09,1929-09-13,0,False,False
1929-09-20,31.860000610351562,31.860000610351562,31.389999389648438,31.389999389648438,5,5,5,1929-09-16,1929-09-20,0,False,False
1929-09-27,31.379999160766602,31.379999160766602,30.270000457763672,30.270000457763672,5,5,5,1929-09-23,1929-09-27,0,False,False
1929-10-04,30.159999847412109,30.200000762939453,28.649999618530273,28.649999618530273,5,5,5,1929-09-30,1929-10-04,0,False,False
1929-10-11,30.440000534057617,30.809999465942383,30.270000457763672,30.760000228881836,5,5,5,1929-10-07,1929-10-11,0,False,False
1929-10-18,30.549999237060547,30.549999237060547,28.840000152587891,28.840000152587891,5,5,5,1929-10-14,1929-10-18,0,False,False
1929-10-25,27.729999542236328,28.270000457763672,25.75,26.120000839233398,5,5,5,1929-10-21,1929-10-25,0,False,False
1929-11-01,22.739999771118164,24.149999618530273,20.430000305175781,24.149999618530273,4,4,4,1929-10-28,1929-10-31,0,False,False
1929-11-08,22.879999160766602,22.879999160766602,20.610000610351562,21.180000305175781,4,4,4,1929-11-04,1929-11-08,0,False,False
1929-11-15,19.860000610351562,20.299999237060547,17.659999847412109,20.299999237060547,5,5,5,1929-11-11,1929-11-15,0,False,False
1929-11-22,20.090000152587891,21.610000610351562,20.090000152587891,21.530000686645508,5,5,5,1929-11-18,1929-11-22,0,False,False
1929-11-29,21.280000686645508,21.280000686645508,20.659999847412109,20.920000076293945,3,3,3,1929-11-25,1929-11-27,0,False,False
1929-12-06,20.950000762939453,22.450000762939453,20.950000762939453,22.450000762939453,5,5,5,1929-12-02,1929-12-06,0,False,False
1929-12-13,22.399999618530273,22.569999694824219,21.170000076293945,21.700000762939453,5,5,5,1929-12-09,1929-12-13,0,False,False
1929-12-20,21.329999923706055,21.559999465942383,20.159999847412109,20.159999847412109,5,5,5,1929-12-16,1929-12-20,0,False,False
1929-12-27,20.260000228881836,20.840000152587891,20.260000228881836,20.819999694824219,4,4,4,1929-12-23,1929-12-27,0,False,False
1930-01-03,20.889999389648438,21.450000762939453,20.889999389648438,21.229999542236328,4,4,4,1929-12-30,1930-01-03,0,False,False
1930-01-10,21.5,21.620000839233398,21.290000915527344,21.549999237060547,5,5,5,1930-01-06,1930-01-10,0,False,False
1930-01-17,21.520000457763672,21.649999618530273,21.309999465942383,21.309999465942383,5,5,5,1930-01-13,1930-01-17,0,False,False
1930-01-24,21.5,22.040000915527344,21.5,22.040000915527344,5,5,5,1930-01-20,1930-01-24,0,False,False
1930-01-31,22.209999084472656,22.790000915527344,22.100000381469727,22.790000915527344,5,5,5,1930-01-27,1930-01-31,0,False,False
1930-02-07,22.739999771118164,23.309999465942383,22.739999771118164,22.969999313354492,5,5,5,1930-02-03,1930-02-07,0,False,False
1930-02-14,23.120000839233398,23.360000610351562,23.120000839233398,23.350000381469727,4,4,4,1930-02-10,1930-02-14,0,False,False
1930-02-21,23.260000228881836,23.280000686645508,22.639999389648438,22.920000076293945,5,5,5,1930-02-17,1930-02-21,0,False,False
1930-02-28,22.680000305175781,23.280000686645508,22.680000305175781,23.280000686645508,5,5,5,1930-02-24,1930-02-28,0,False,False
1930-03-07,23.360000610351562,23.590000152587891,23.360000610351562,23.590000152587891,5,5,5,1930-03-03,1930-03-07,0,False,False
1930-03-14,23.670000076293945,23.719999313354492,23.450000762939453,23.450000762939453,5,5,5,1930-03-10,1930-03-14,0,False,False
1930-03-21,23.670000076293945,24.290000915527344,23.670000076293945,24.290000915527344,5,5,5,1930-03-17,1930-03-21,0,False,False
1930-03-28,24.280000686645508,24.850000381469727,24.25,24.850000381469727,5,5,5,1930-03-24,1930-03-28,0,False,False
1930-04-04,24.149999618530273,25.540000915527344,24.149999618530273,25.540000915527344,5,5,5,1930-03-31,1930-04-04,0,False,False
1930-04-11,25.600000381469727,25.920000076293945,25.459999084472656,25.840000152587891,5,5,5,1930-04-07,1930-04-11,0,False,False
1930-04-18,25.729999542236328,25.75,25.559999465942383,25.75,4,4,4,1930-04-14,1930-04-17,0,False,False
1930-04-25,25.290000915527344,25.549999237060547,25.290000915527344,25.319999694824219,5,5,5,1930-04-21,1930-04-25,0,False,False
1930-05-02,24.760000228881836,24.899999618530273,23.569999694824219,23.569999694824219,5,5,5,1930-04-28,1930-05-02,0,False,False
1930-05-09,22.979999542236328,23.760000228881836,22.979999542236328,23.690000534057617,5,5,5,1930-05-05,1930-05-09,0,False,False
1930-05-16,24.090000152587891,24.569999694824219,24.090000152587891,24.280000686645508,5,5,5,1930-05-12,1930-05-16,0,False,False
1930-05-23,23.75,24.030000686645508,23.739999771118164,24.030000686645508,5,5,5,1930-05-19,1930-05-23,0,False,False
1930-05-30,24.229999542236328,24.489999771118164,24.229999542236328,24.489999771118164,4,4,4,1930-05-26,1930-05-29,0,False,False
1930-06-06,24.399999618530273,24.399999618530273,23.520000457763672,23.520000457763672,5,5,5,1930-06-02,1930-06-06,0,False,False
1930-06-13,22.379999160766602,23.010000228881836,22.129999160766602,22.260000228881836,5,5,5,1930-06-09,1930-06-13,0,False,False
1930-06-20,20.559999465942383,20.790000915527344,19.860000610351562,20.25,5,5,5,1930-06-16,1930-06-20,0,False,False
1930-06-27,20.090000152587891,20.090000152587891,19.389999389648438,19.809999465942383,5,5,5,1930-06-23,1930-06-27,0,False,False
1930-07-04,20.459999084472656,20.459999084472656,20.239999771118164,20.25,4,4,4,1930-06-30,1930-07-03,0,False,False
1930-07-11,19.829999923706055,20.770000457763672,19.829999923706055,20.549999237060547,5,5,5,1930-07-07,1930-07-11,0,False,False
1930-07-18,21.360000610351562,21.770000457763672,21.319999694824219,21.770000457763672,5,5,5,1930-07-14,1930-07-18,0,False,False
1930-07-25,20.940000534057617,21.659999847412109,20.940000534057617,21.5,5,5,5,1930-07-21,1930-07-25,0,False,False
1930-08-01,21.819999694824219,21.819999694824219,21.079999923706055,21.110000610351562,5,5,5,1930-07-28,1930-08-01,0,False,False
1930-08-08,21.520000457763672,21.520000457763672,20.270000457763672,20.270000457763672,5,5,5,1930-08-04,1930-08-08,0,False,False
1930-08-15,20.399999618530273,20.700000762939453,19.879999160766602,20.700000762939453,5,5,5,1930-08-11,1930-08-15,0,False,False
1930-08-22,20.540000915527344,20.850000381469727,20.540000915527344,20.790000915527344,5,5,5,1930-08-18,1930-08-22,0,False,False
1930-08-29,20.680000305175781,21.370000839233398,20.680000305175781,21.370000839233398,5,5,5,1930-08-25,1930-08-29,0,False,False
1930-09-05,21.379999160766602,21.379999160766602,21.020000457763672,21.340000152587891,4,4,4,1930-09-02,1930-09-05,0,False,False
1930-09-12,21.629999160766602,21.860000610351562,21.5,21.5,5,5,5,1930-09-08,1930-09-12,0,False,False
1930-09-19,21.190000534057617,21.290000915527344,20.680000305175781,20.680000305175781,5,5,5,1930-09-15,1930-09-19,0,False,False
1930-09-26,20.170000076293945,20.440000534057617,19.430000305175781,19.430000305175781,5,5,5,1930-09-22,1930-09-26,0,False,False
1930-10-03,18.879999160766602,19.420000076293945,18.590000152587891,19.420000076293945,5,5,5,1930-09-29,1930-10-03,0,False,False
1930-10-10,18.610000610351562,18.620000839233398,17.670000076293945,18.110000610351562,5,5,5,1930-10-06,1930-10-10,0,False,False
1930-10-17,17.909999847412109,18.200000762939453,17.159999847412109,17.159999847412109,4,4,4,1930-10-14,1930-10-17,0,False,False
1930-10-24,17.569999694824219,17.739999771118164,16.899999618530273,17.739999771118164,5,5,5,1930-10-20,1930-10-24,0,False,False
1930-10-31,17.780000686645508,17.860000610351562,16.940000534057617,16.940000534057617,5,5,5,1930-10-27,1930-10-31,0,False,False
1930-11-07,17.129999160766602,17.129999160766602,16.090000152587891,16.090000152587891,4,4,4,1930-11-03,1930-11-07,0,False,False
1930-11-14,15.539999961853027,16.889999389648438,15.539999961853027,16.889999389648438,5,5,5,1930-11-10,1930-11-14,0,False,False
1930-11-21,16.479999542236328,17.200000762939453,16.479999542236328,17.200000762939453,5,5,5,1930-11-17,1930-11-21,0,False,False
1930-11-28,17.049999237060547,17.049999237060547,16.379999160766602,16.379999160766602,4,4,4,1930-11-24,1930-11-28,0,False,False
1930-12-05,16.799999237060547,16.959999084472656,16.420000076293945,16.430000305175781,5,5,5,1930-12-01,1930-12-05,0,False,False
1930-12-12,15.970000267028809,15.979999542236328,15.430000305175781,15.430000305175781,5,5,5,1930-12-08,1930-12-12,0,False,False
1930-12-19,14.939999580383301,15.390000343322754,14.439999580383301,15.390000343322754,5,5,5,1930-12-15,1930-12-19,0,False,False
1930-12-26,14.880000114440918,15.159999847412109,14.850000381469727,14.850000381469727,4,4,4,1930-12-22,1930-12-26,0,False,False
1931-01-02,14.720000267028809,15.850000381469727,14.720000267028809,15.850000381469727,4,4,4,1930-12-29,1931-01-02,0,False,False
1931-01-09,15.930000305175781,16.229999542236328,15.090000152587891,16.069999694824219,5,5,5,1931-01-05,1931-01-09,0,False,False
1931-01-16,15.840000152587891,15.840000152587891,15.460000038146973,15.649999618530273,5,5,5,1931-01-12,1931-01-16,0,False,False
1931-01-23,15.460000038146973,16.420000076293945,15.460000038146973,16.420000076293945,5,5,5,1931-01-19,1931-01-23,0,False,False
1931-01-30,16.399999618530273,16.399999618530273,16.020000457763672,16.190000534057617,5,5,5,1931-01-26,1931-01-30,0,False,False
1931-02-06,16.159999847412109,16.329999923706055,16.159999847412109,16.270000457763672,5,5,5,1931-02-02,1931-02-06,0,False,False
1931-02-13,16.959999084472656,17.280000686645508,16.959999084472656,17.180000305175781,4,4,4,1931-02-09,1931-02-13,0,False,False
1931-02-20,17.340000152587891,17.709999084472656,17.049999237060547,17.709999084472656,5,5,5,1931-02-16,1931-02-20,0,False,False
1931-02-27,18.170000076293945,18.170000076293945,17.969999313354492,18.030000686645508,4,4,4,1931-02-24,1931-02-27,0,False,False
1931-03-06,17.520000457763672,17.690000534057617,17.319999694824219,17.319999694824219,5,5,5,1931-03-02,1931-03-06,0,False,False
1931-03-13,17.760000228881836,17.760000228881836,17.319999694824219,17.319999694824219,5,5,5,1931-03-09,1931-03-13,0,False,False
1931-03-20,17.770000457763672,18.059999465942383,17.579999923706055,18.059999465942383,5,5,5,1931-03-16,1931-03-20,0,False,False
1931-03-27,17.760000228881836,17.879999160766602,17.209999084472656,17.209999084472656,5,5,5,1931-03-23,1931-03-27,0,False,False
1931-04-03,16.659999847412109,16.690000534057617,16.450000762939453,16.450000762939453,4,4,4,1931-03-30,1931-04-02,0,False,False
1931-04-10,16.5,16.5,16.280000686645508,16.459999084472656,5,5,5,1931-04-06,1931-04-10,0,False,False
1931-04-17,16.719999313354492,16.719999313354492,15.729999542236328,15.729999542236328,5,5,5,1931-04-13,1931-04-17,0,False,False
1931-04-24,15.960000038146973,15.960000038146973,15.220000267028809,15.289999961853027,5,5,5,1931-04-20,1931-04-24,0,False,False
1931-05-01,14.760000228881836,15.090000152587891,14.369999885559082,14.649999618530273,5,5,5,1931-04-27,1931-05-01,0,False,False
1931-05-08,15.060000419616699,15.439999580383301,14.939999580383301,15.439999580383301,5,5,5,1931-05-04,1931-05-08,0,False,False
1931-05-15,15.189999580383301,15.189999580383301,14.439999580383301,14.439999580383301,5,5,5,1931-05-11,1931-05-15,0,False,False
1931-05-22,13.840000152587891,13.939999580383301,13.75,13.939999580383301,5,5,5,1931-05-18,1931-05-22,0,False,False
1931-05-29,13.399999618530273,13.409999847412109,13.020000457763672,13.020000457763672,5,5,5,1931-05-25,1931-05-29,0,False,False
1931-06-05,12.399999618530273,13.550000190734863,12.199999809265137,13.399999618530273,5,5,5,1931-06-01,1931-06-05,0,False,False
1931-06-12,13.560000419616699,13.75,13.340000152587891,13.75,5,5,5,1931-06-08,1931-06-12,0,False,False
1931-06-19,13.630000114440918,13.659999847412109,13.220000267028809,13.220000267028809,5,5,5,1931-06-15,1931-06-19,0,False,False
1931-06-26,14.609999656677246,15.350000381469727,14.409999847412109,15.350000381469727,5,5,5,1931-06-22,1931-06-26,0,False,False
1931-07-03,15.090000152587891,15.260000228881836,14.829999923706055,15.260000228881836,5,5,5,1931-06-29,1931-07-03,0,False,False
1931-07-10,15.100000381469727,15.100000381469727,14.369999885559082,14.630000114440918,5,5,5,1931-07-06,1931-07-10,0,False,False
1931-07-17,14.229999542236328,14.270000457763672,13.800000190734863,14.270000457763672,5,5,5,1931-07-13,1931-07-17,0,False,False
1931-07-24,14.460000038146973,14.619999885559082,13.970000267028809,13.970000267028809,5,5,5,1931-07-20,1931-07-24,0,False,False
1931-07-31,14.029999732971191,14.180000305175781,13.729999542236328,13.729999542236328,5,5,5,1931-07-27,1931-07-31,0,False,False
1931-08-07,13.930000305175781,13.930000305175781,13.550000190734863,13.609999656677246,5,5,5,1931-08-03,1931-08-07,0,False,False
1931-08-14,13.550000190734863,14.289999961853027,13.550000190734863,14.289999961853027,5,5,5,1931-08-10,1931-08-14,0,False,False
1931-08-21,14.050000190734863,14.170000076293945,13.859999656677246,13.859999656677246,5,5,5,1931-08-17,1931-08-21,0,False,False
1931-08-28,13.75,13.989999771118164,13.699999809265137,13.989999771118164,5,5,5,1931-08-24,1931-08-28,0,False,False
1931-09-04,13.859999656677246,13.920000076293945,13.289999961853027,13.289999961853027,5,5,5,1931-08-31,1931-09-04,0,False,False
1931-09-11,12.869999885559082,12.869999885559082,12.619999885559082,12.689999580383301,4,4,4,1931-09-08,1931-09-11,0,False,False
1931-09-18,12.100000381469727,12.100000381469727,11.460000038146973,11.460000038146973,5,5,5,1931-09-14,1931-09-18,0,False,False
1931-09-25,10.930000305175781,11.520000457763672,10.680000305175781,10.920000076293945,5,5,5,1931-09-21,1931-09-25,0,False,False
1931-10-02,10.5,10.5,9.5299997329711914,9.6999998092651367,5,5,5,1931-09-28,1931-10-02,0,False,False
1931-10-09,8.8199996948242188,10.619999885559082,8.8199996948242188,10.550000190734863,5,5,5,1931-10-05,1931-10-09,0,False,False
1931-10-16,10.100000381469727,10.359999656677246,9.869999885559082,10.359999656677246,4,4,4,1931-10-13,1931-10-16,0,False,False
1931-10-23,10.489999771118164,10.960000038146973,10.489999771118164,10.840000152587891,5,5,5,1931-10-19,1931-10-23,0,False,False
1931-10-30,10.640000343322754,10.640000343322754,10.069999694824219,10.430000305175781,5,5,5,1931-10-26,1931-10-30,0,False,False
1931-11-06,10.5,11.109999656677246,10.5,11.109999656677246,4,4,4,1931-11-02,1931-11-06,0,False,False
1931-11-13,11.520000457763672,11.520000457763672,10.720000267028809,10.720000267028809,5,5,5,1931-11-09,1931-11-13,0,False,False
1931-11-20,10.430000305175781,10.600000381469727,9.8500003814697266,9.8500003814697266,5,5,5,1931-11-16,1931-11-20,0,False,False
1931-11-27,9.6999998092651367,9.869999885559082,9.3100004196166992,9.3100004196166992,4,4,4,1931-11-23,1931-11-27,0,False,False
1931-12-04,9.5,9.5,9.0200004577636719,9.0200004577636719,5,5,5,1931-11-30,1931-12-04,0,False,False
1931-12-11,9.2899999618530273,9.2899999618530273,8.3100004196166992,8.3100004196166992,5,5,5,1931-12-07,1931-12-11,0,False,False
1931-12-18,8.0100002288818359,8.3599996566772461,7.7199997901916504,8.3599996566772461,5,5,5,1931-12-14,1931-12-18,0,False,False
1931-12-25,8.1499996185302734,8.2899999618530273,7.9499998092651367,7.9600000381469727,4,4,4,1931-12-21,1931-12-24,0,False,False
1932-01-01,7.7600002288818359,8.119999885559082,7.7600002288818359,8.119999885559082,4,4,4,1931-12-28,1931-12-31,0,False,False
1932-01-08,7.559999942779541,8.5699996948242188,7.5500001907348633,8.5699996948242188,5,5,5,1932-01-04,1932-01-08,0,False,False
1932-01-15,8.4799995422363281,8.9200000762939453,8.3900003433227539,8.9200000762939453,5,5,5,1932-01-11,1932-01-15,0,False,False
1932-01-22,8.5100002288818359,8.630000114440918,8.2100000381469727,8.2100000381469727,5,5,5,1932-01-18,1932-01-22,0,False,False
1932-01-29,8.1999998092651367,8.3100004196166992,7.940000057220459,7.940000057220459,5,5,5,1932-01-25,1932-01-29,0,False,False
1932-02-05,8.2299995422363281,8.2299995422363281,7.7800002098083496,7.7800002098083496,5,5,5,1932-02-01,1932-02-05,0,False,False
1932-02-12,7.619999885559082,8.119999885559082,7.5,8.119999885559082,4,4,4,1932-02-08,1932-02-11,0,False,False
1932-02-19,8.5,8.8400001525878906,8.4799995422363281,8.7200002670288086,5,5,5,1932-02-15,1932-02-19,0,False,False
1932-02-26,8.2200002670288086,8.4300003051757812,8.2200002670288086,8.3400001525878906,4,4,4,1932-02-23,1932-02-26,0,False,False
1932-03-04,8.2899999618530273,8.7200002670288086,8.2899999618530273,8.7200002670288086,5,5,5,1932-02-29,1932-03-04,0,False,False
1932-03-11,8.8199996948242188,8.9799995422363281,8.5200004577636719,8.5200004577636719,5,5,5,1932-03-07,1932-03-11,0,False,False
1932-03-18,8.3100004196166992,8.3100004196166992,8.0200004577636719,8.0200004577636719,5,5,5,1932-03-14,1932-03-18,0,False,False
1932-03-25,8.0600004196166992,8.0600004196166992,7.8600001335144043,7.8600001335144043,4,4,4,1932-03-21,1932-03-24,0,False,False
1932-04-01,7.5900001525878906,7.7399997711181641,7.179999828338623,7.179999828338623,5,5,5,1932-03-28,1932-04-01,0,False,False
1932-04-08,7.059999942779541,7.059999942779541,6.2600002288818359,6.2600002288818359,5,5,5,1932-04-04,1932-04-08,0,False,False
1932-04-15,6.070000171661377,6.4200000762939453,5.9800000190734863,6.4200000762939453,5,5,5,1932-04-11,1932-04-15,0,False,False
1932-04-22,6.119999885559082,6.2399997711181641,5.9600000381469727,5.9600000381469727,5,5,5,1932-04-18,1932-04-22,0,False,False
1932-04-29,6.0300002098083496,6.2699999809265137,5.8299999237060547,5.8299999237060547,5,5,5,1932-04-25,1932-04-29,0,False,False
1932-05-06,5.7399997711181641,6.0900001525878906,5.6599998474121094,6.0900001525878906,5,5,5,1932-05-02,1932-05-06,0,False,False
1932-05-13,5.9600000381469727,6.0100002288818359,5.5999999046325684,5.5999999046325684,5,5,5,1932-05-09,1932-05-13,0,False,False
1932-05-20,5.6100001335144043,5.6100001335144043,5.4499998092651367,5.4800000190734863,5,5,5,1932-05-16,1932-05-20,0,False,False
1932-05-27,5.429999828338623,5.429999828338623,4.8299999237060547,4.8299999237060547,5,5,5,1932-05-23,1932-05-27,0,False,False
1932-06-03,4.4699997901916504,4.8899998664855957,4.4000000953674316,4.8899998664855957,4,4,4,1932-05-31,1932-06-03,0,False,False
1932-06-10,5.070000171661377,5.070000171661377,4.570000171661377,4.9200000762939453,5,5,5,1932-06-06,1932-06-10,0,False,False
1932-06-17,4.820000171661377,5.119999885559082,4.820000171661377,4.8299999237060547,5,5,5,1932-06-13,1932-06-17,0,False,False
1932-06-24,4.8899998664855957,4.8899998664855957,4.5999999046325684,4.5999999046325684,5,5,5,1932-06-20,1932-06-24,0,False,False
1932-07-01,4.440000057220459,4.5999999046325684,4.429999828338623,4.5999999046325684,5,5,5,1932-06-27,1932-07-01,0,False,False
1932-07-08,4.5,4.5999999046325684,4.4099998474121094,4.4099998474121094,4,4,4,1932-07-05,1932-07-08,0,False,False
1932-07-15,4.5999999046325684,4.929999828338623,4.5999999046325684,4.929999828338623,5,5,5,1932-07-11,1932-07-15,0,False,False
1932-07-22,4.8000001907348633,5.1999998092651367,4.7800002098083496,5.1999998092651367,5,5,5,1932-07-18,1932-07-22,0,False,False
1932-07-29,5.4800000190734863,6.0300002098083496,5.4000000953674316,6.0300002098083496,5,5,5,1932-07-25,1932-07-29,0,False,False
1932-08-05,6.1100001335144043,6.8000001907348633,5.869999885559082,6.8000001907348633,5,5,5,1932-08-01,1932-08-05,0,False,False
1932-08-12,7.429999828338623,7.6500000953674316,7,7,5,5,5,1932-08-08,1932-08-12,0,False,False
1932-08-19,7.440000057220459,7.679999828338623,7.440000057220459,7.5300002098083496,5,5,5,1932-08-15,1932-08-19,0,False,False
1932-08-26,7.7699999809265137,8.3900003433227539,7.7699999809265137,8.3900003433227539,5,5,5,1932-08-22,1932-08-26,0,False,False
1932-09-02,8.5799999237060547,8.8400001525878906,8.3900003433227539,8.8400001525878906,5,5,5,1932-08-29,1932-09-02,0,False,False
1932-09-09,8.9099998474121094,9.3100004196166992,8.75,8.75,4,4,4,1932-09-06,1932-09-09,0,False,False
1932-09-16,8.1499996185302734,8.1499996185302734,7.3499999046325684,7.570000171661377,5,5,5,1932-09-12,1932-09-16,0,False,False
1932-09-23,7.3400001525878906,8.5200004577636719,7.3400001525878906,8.3999996185302734,5,5,5,1932-09-19,1932-09-23,0,False,False
1932-09-30,8.0399999618530273,8.3599996566772461,8.0399999618530273,8.0799999237060547,5,5,5,1932-09-26,1932-09-30,0,False,False
1932-10-07,8.0600004196166992,8.0600004196166992,7.0199999809265137,7.0199999809265137,5,5,5,1932-10-03,1932-10-07,0,False,False
1932-10-14,6.4200000762939453,7.130000114440918,6.4200000762939453,7.130000114440918,4,4,4,1932-10-10,1932-10-14,0,False,False
1932-10-21,7,7.4000000953674316,6.820000171661377,6.820000171661377,5,5,5,1932-10-17,1932-10-21,0,False,False
1932-10-28,6.8299999237060547,7.0900001525878906,6.7600002288818359,7.0900001525878906,5,5,5,1932-10-24,1932-10-28,0,False,False
1932-11-04,6.9600000381469727,6.9600000381469727,6.4800000190734863,6.880000114440918,5,5,5,1932-10-31,1932-11-04,0,False,False
1932-11-11,7.2399997711181641,7.679999828338623,6.9200000762939453,7.679999828338623,4,4,4,1932-11-07,1932-11-11,0,False,False
1932-11-18,7.429999828338623,7.429999828338623,7.130000114440918,7.130000114440918,5,5,5,1932-11-14,1932-11-18,0,False,False
1932-11-25,7.1999998092651367,7.1999998092651367,6.7800002098083496,6.7800002098083496,4,4,4,1932-11-21,1932-11-25,0,False,False
1932-12-02,6.8000001907348633,6.8000001907348633,6.4699997901916504,6.4699997901916504,5,5,5,1932-11-28,1932-12-02,0,False,False
1932-12-09,6.5399999618530273,7.0799999237060547,6.5399999618530273,7.0799999237060547,5,5,5,1932-12-05,1932-12-09,0,False,False
1932-12-16,7.070000171661377,7.119999885559082,6.9899997711181641,7,5,5,5,1932-12-12,1932-12-16,0,False,False
1932-12-23,6.9699997901916504,6.9699997901916504,6.570000171661377,6.570000171661377,5,5,5,1932-12-19,1932-12-23,0,False,False
1932-12-30,6.6100001335144043,6.9200000762939453,6.5999999046325684,6.9200000762939453,4,4,4,1932-12-27,1932-12-30,0,False,False
1933-01-06,6.8299999237060547,7.2300000190734863,6.8299999237060547,7.2300000190734863,4,4,4,1933-01-03,1933-01-06,0,False,False
1933-01-13,7.130000114440918,7.3400001525878906,7.130000114440918,7.25,5,5,5,1933-01-09,1933-01-13,0,False,False
1933-01-20,7.059999942779541,7.0799999237060547,6.9499998092651367,7.059999942779541,5,5,5,1933-01-16,1933-01-20,0,False,False
1933-01-27,7.0300002098083496,7.0999999046325684,6.9800000190734863,7.0399999618530273,5,5,5,1933-01-23,1933-01-27,0,False,False
1933-02-03,6.9800000190734863,6.9800000190734863,6.5300002098083496,6.5300002098083496,5,5,5,1933-01-30,1933-02-03,0,False,False
1933-02-10,6.4800000190734863,6.7600002288818359,6.4800000190734863,6.6599998474121094,5,5,5,1933-02-06,1933-02-10,0,False,False
1933-02-17,6.320000171661377,6.320000171661377,6.130000114440918,6.2300000190734863,4,4,4,1933-02-14,1933-02-17,0,False,False
1933-02-24,6,6,5.679999828338623,5.9000000953674316,4,4,4,1933-02-20,1933-02-24,0,False,False
1933-03-03,5.5300002098083496,5.8400001525878906,5.5300002098083496,5.8400001525878906,5,5,5,1933-02-27,1933-03-03,0,False,False
1933-03-10,,,,,0,0,0,,,0,False,False
1933-03-17,6.809999942779541,6.929999828338623,6.630000114440918,6.630000114440918,3,3,3,1933-03-15,1933-03-17,0,False,False
1933-03-24,6.5,6.5,6.119999885559082,6.25,5,5,5,1933-03-20,1933-03-24,0,False,False
1933-03-31,6.0900001525878906,6.2100000381469727,5.8499999046325684,5.8499999046325684,5,5,5,1933-03-27,1933-03-31,0,False,False
1933-04-07,5.869999885559082,6.119999885559082,5.869999885559082,6.119999885559082,5,5,5,1933-04-03,1933-04-07,0,False,False
1933-04-14,6.5399999618530273,6.6700000762939453,6.4099998474121094,6.6700000762939453,4,4,4,1933-04-10,1933-04-13,0,False,False
1933-04-21,6.5300002098083496,7.820000171661377,6.5300002098083496,7.440000057220459,5,5,5,1933-04-17,1933-04-21,0,False,False
1933-04-28,7.9099998474121094,7.9099998474121094,7.6999998092651367,7.8299999237060547,5,5,5,1933-04-24,1933-04-28,0,False,False
1933-05-05,8.4300003051757812,8.7399997711181641,8.4099998474121094,8.7399997711181641,5,5,5,1933-05-01,1933-05-05,0,False,False
1933-05-12,8.3400001525878906,9.0699996948242188,8.3400001525878906,9.0299997329711914,5,5,5,1933-05-08,1933-05-12,0,False,False
1933-05-19,8.6800003051757812,8.9399995803833008,8.6800003051757812,8.8199996948242188,5,5,5,1933-05-15,1933-05-19,0,False,False
1933-05-26,8.6400003433227539,9.3400001525878906,8.6400003433227539,9.3400001525878906,5,5,5,1933-05-22,1933-05-26,0,False,False
1933-06-02,9.7799997329711914,10.130000114440918,9.6400003433227539,10.130000114440918,4,4,4,1933-05-29,1933-06-02,0,False,False
1933-06-09,10.069999694824219,10.409999847412109,10.039999961853027,10.409999847412109,5,5,5,1933-06-05,1933-06-09,0,False,False
1933-06-16,10.890000343322754,10.890000343322754,9.7399997711181641,9.8100004196166992,5,5,5,1933-06-12,1933-06-16,0,False,False
1933-06-23,10.680000305175781,10.680000305175781,10.220000267028809,10.560000419616699,5,5,5,1933-06-19,1933-06-23,0,False,False
1933-06-30,10.869999885559082,10.979999542236328,10.739999771118164,10.909999847412109,5,5,5,1933-06-26,1933-06-30,0,False,False
1933-07-07,11.619999885559082,11.960000038146973,11.550000190734863,11.960000038146973,4,4,4,1933-07-03,1933-07-07,0,False,False
1933-07-14,11.859999656677246,12,11.710000038146973,11.850000381469727,5,5,5,1933-07-10,1933-07-14,0,False,False
1933-07-21,12.010000228881836,12.199999809265137,9.6499996185302734,9.6499996185302734,5,5,5,1933-07-17,1933-07-21,0,False,False
1933-07-28,10.5,10.680000305175781,10.319999694824219,10.430000305175781,5,5,5,1933-07-24,1933-07-28,0,False,False
1933-08-04,9.9499998092651367,10.489999771118164,9.9499998092651367,10.130000114440918,5,5,5,1933-07-31,1933-08-04,0,False,False
1933-08-11,10.050000190734863,10.810000419616699,10.050000190734863,10.590000152587891,5,5,5,1933-08-07,1933-08-11,0,False,False
1933-08-18,10.460000038146973,10.760000228881836,10.199999809265137,10.579999923706055,5,5,5,1933-08-14,1933-08-18,0,False,False
1933-08-25,10.75,11.279999732971191,10.75,11.279999732971191,5,5,5,1933-08-21,1933-08-25,0,False,False
1933-09-01,11.260000228881836,11.260000228881836,11.090000152587891,11.229999542236328,5,5,5,1933-08-28,1933-09-01,0,False,False
1933-09-08,10.840000152587891,10.850000381469727,10.659999847412109,10.659999847412109,4,4,4,1933-09-05,1933-09-08,0,False,False
1933-09-15,11.130000114440918,11.130000114440918,10.819999694824219,10.819999694824219,5,5,5,1933-09-11,1933-09-15,0,False,False
1933-09-22,11,11.039999961853027,10.029999732971191,10.260000228881836,5,5,5,1933-09-18,1933-09-22,0,False,False
1933-09-29,10.159999847412109,10.159999847412109,9.6499996185302734,9.7200002670288086,5,5,5,1933-09-25,1933-09-29,0,False,False
1933-10-06,9.619999885559082,10.289999961853027,9.619999885559082,10.050000190734863,5,5,5,1933-10-02,1933-10-06,0,False,False
1933-10-13,10.319999694824219,10.319999694824219,9.8500003814697266,9.8500003814697266,4,4,4,1933-10-09,1933-10-13,0,False,False
1933-10-20,9.2100000381469727,9.5100002288818359,8.6099996566772461,8.8599996566772461,5,5,5,1933-10-16,1933-10-20,0,False,False
1933-10-27,9.0200004577636719,9.630000114440918,9.0200004577636719,9.5399999618530273,5,5,5,1933-10-23,1933-10-27,0,False,False
1933-11-03,9.0399999618530273,9.5399999618530273,8.9600000381469727,9.5399999618530273,5,5,5,1933-10-30,1933-11-03,0,False,False
1933-11-10,9.4499998092651367,9.869999885559082,9.4499998092651367,9.7200002670288086,4,4,4,1933-11-06,1933-11-10,0,False,False
1933-11-17,9.8100004196166992,10.029999732971191,9.5799999237060547,9.9200000762939453,5,5,5,1933-11-13,1933-11-17,0,False,False
1933-11-24,10.229999542236328,10.229999542236328,9.869999885559082,10.010000228881836,5,5,5,1933-11-20,1933-11-24,0,False,False
1933-12-01,9.6899995803833008,9.9099998474121094,9.6899995803833008,9.9099998474121094,4,4,4,1933-11-27,1933-12-01,0,False,False
1933-12-08,9.8999996185302734,10.199999809265137,9.8999996185302734,10.100000381469727,5,5,5,1933-12-04,1933-12-08,0,False,False
1933-12-15,10.310000419616699,10.310000419616699,10.069999694824219,10.069999694824219,5,5,5,1933-12-11,1933-12-15,0,False,False
1933-12-22,9.7700004577636719,9.8599996566772461,9.5500001907348633,9.8599996566772461,5,5,5,1933-12-18,1933-12-22,0,False,False
1933-12-29,9.5799999237060547,9.9899997711181641,9.5799999237060547,9.9700002670288086,4,4,4,1933-12-26,1933-12-29,0,False,False
1934-01-05,10.109999656677246,10.109999656677246,9.8100004196166992,9.8100004196166992,4,4,4,1934-01-02,1934-01-05,0,False,False
1934-01-12,9.7600002288818359,10.189999580383301,9.7600002288818359,10.069999694824219,5,5,5,1934-01-08,1934-01-12,0,False,False
1934-01-19,10.640000343322754,10.930000305175781,10.630000114440918,10.930000305175781,5,5,5,1934-01-15,1934-01-19,0,False,False
1934-01-26,10.909999847412109,11.119999885559082,10.909999847412109,11.020000457763672,5,5,5,1934-01-22,1934-01-26,0,False,False
1934-02-02,11.189999580383301,11.460000038146973,11.170000076293945,11.449999809265137,5,5,5,1934-01-29,1934-02-02,0,False,False
1934-02-09,11.810000419616699,11.819999694824219,11.180000305175781,11.180000305175781,5,5,5,1934-02-05,1934-02-09,0,False,False
1934-02-16,11.220000267028809,11.539999961853027,11.220000267028809,11.539999961853027,4,4,4,1934-02-13,1934-02-16,0,False,False
1934-02-23,11.359999656677246,11.430000305175781,11.130000114440918,11.130000114440918,4,4,4,1934-02-19,1934-02-23,0,False,False
1934-03-02,10.689999580383301,11.069999694824219,10.689999580383301,11.069999694824219,5,5,5,1934-02-26,1934-03-02,0,False,False
1934-03-09,11.010000228881836,11.010000228881836,10.600000381469727,10.729999542236328,5,5,5,1934-03-05,1934-03-09,0,False,False
1934-03-16,10.960000038146973,10.970000267028809,10.789999961853027,10.819999694824219,5,5,5,1934-03-12,1934-03-16,0,False,False
1934-03-23,10.449999809265137,10.659999847412109,10.449999809265137,10.529999732971191,5,5,5,1934-03-19,1934-03-23,0,False,False
1934-03-30,10.710000038146973,10.710000038146973,10.420000076293945,10.619999885559082,4,4,4,1934-03-26,1934-03-29,0,False,False
1934-04-06,10.760000228881836,10.949999809265137,10.760000228881836,10.949999809265137,5,5,5,1934-04-02,1934-04-06,0,False,False
1934-04-13,10.869999885559082,11.029999732971191,10.869999885559082,10.949999809265137,5,5,5,1934-04-09,1934-04-13,0,False,False
1934-04-20,10.779999732971191,11.159999847412109,10.779999732971191,11.159999847412109,5,5,5,1934-04-16,1934-04-20,0,False,False
1934-04-27,11.090000152587891,11.090000152587891,10.789999961853027,10.800000190734863,5,5,5,1934-04-23,1934-04-27,0,False,False
1934-05-04,10.460000038146973,10.460000038146973,10.25,10.319999694824219,5,5,5,1934-04-30,1934-05-04,0,False,False
1934-05-11,9.8100004196166992,10.050000190734863,9.5500001907348633,9.5500001907348633,5,5,5,1934-05-07,1934-05-11,0,False,False
1934-05-18,9.4499998092651367,9.8500003814697266,9.4499998092651367,9.8500003814697266,5,5,5,1934-05-14,1934-05-18,0,False,False
1934-05-25,9.869999885559082,9.869999885559082,9.5600004196166992,9.6999998092651367,5,5,5,1934-05-21,1934-05-25,0,False,False
1934-06-01,9.8299999237060547,9.8299999237060547,9.380000114440918,9.380000114440918,4,4,4,1934-05-28,1934-06-01,0,False,False
1934-06-08,9.4899997711181641,10.170000076293945,9.4899997711181641,10.170000076293945,5,5,5,1934-06-04,1934-06-08,0,False,False
1934-06-15,10.090000152587891,10.229999542236328,10.050000190734863,10.229999542236328,5,5,5,1934-06-11,1934-06-15,0,False,False
1934-06-22,10.369999885559082,10.369999885559082,9.7600002288818359,9.7600002288818359,5,5,5,1934-06-18,1934-06-22,0,False,False
1934-06-29,9.7299995422363281,9.9799995422363281,9.7299995422363281,9.8100004196166992,5,5,5,1934-06-25,1934-06-29,0,False,False
1934-07-06,9.6899995803833008,9.9099998474121094,9.6599998474121094,9.9099998474121094,4,4,4,1934-07-02,1934-07-06,0,False,False
1934-07-13,9.880000114440918,9.9899997711181641,9.880000114440918,9.9300003051757812,5,5,5,1934-07-09,1934-07-13,0,False,False
1934-07-20,9.7200002670288086,9.8400001525878906,9.4700002670288086,9.4700002670288086,5,5,5,1934-07-16,1934-07-20,0,False,False
1934-07-27,9.0900001525878906,9.0900001525878906,8.3599996566772461,8.6000003814697266,5,5,5,1934-07-23,1934-07-27,0,False,False
1934-08-03,8.6700000762939453,9.0100002288818359,8.6700000762939453,8.8999996185302734,5,5,5,1934-07-30,1934-08-03,0,False,False
1934-08-10,8.7100000381469727,9.130000114440918,8.6899995803833008,8.9300003051757812,5,5,5,1934-08-06,1934-08-10,0,False,False
1934-08-17,9.1700000762939453,9.1700000762939453,9.0399999618530273,9.0600004196166992,5,5,5,1934-08-13,1934-08-17,0,False,False
1934-08-24,8.9700002670288086,9.5200004577636719,8.9700002670288086,9.5200004577636719,5,5,5,1934-08-20,1934-08-24,0,False,False
1934-08-31,9.3900003433227539,9.3900003433227539,9.1499996185302734,9.1499996185302734,5,5,5,1934-08-27,1934-08-31,0,False,False
1934-09-07,9.0600004196166992,9.2100000381469727,8.9200000762939453,8.9200000762939453,4,4,4,1934-09-04,1934-09-07,0,False,False
1934-09-14,8.6999998092651367,8.75,8.4700002670288086,8.4700002670288086,5,5,5,1934-09-10,1934-09-14,0,False,False
1934-09-21,8.4499998092651367,8.9499998092651367,8.4499998092651367,8.9499998092651367,5,5,5,1934-09-17,1934-09-21,0,False,False
1934-09-28,8.8999996185302734,9.1800003051757812,8.8999996185302734,9.0799999237060547,5,5,5,1934-09-24,1934-09-28,0,False,False
1934-10-05,8.8299999237060547,9,8.8199996948242188,9,5,5,5,1934-10-01,1934-10-05,0,False,False
1934-10-12,8.9200000762939453,9.1899995803833008,8.8299999237060547,9.1899995803833008,4,4,4,1934-10-08,1934-10-11,0,False,False
1934-10-19,9,9.1099996566772461,9,9.0299997329711914,5,5,5,1934-10-15,1934-10-19,0,False,False
1934-10-26,9.0200004577636719,9.1400003433227539,8.8000001907348633,8.8000001907348633,5,5,5,1934-10-22,1934-10-26,0,False,False
1934-11-02,8.7600002288818359,8.869999885559082,8.7600002288818359,8.869999885559082,5,5,5,1934-10-29,1934-11-02,0,False,False
1934-11-09,9.0200004577636719,9.3000001907348633,9.0200004577636719,9.3000001907348633,4,4,4,1934-11-05,1934-11-09,0,False,False
1934-11-16,9.2299995422363281,9.2299995422363281,9,9.1800003051757812,4,4,4,1934-11-13,1934-11-16,0,False,False
1934-11-23,9.1000003814697266,9.2700004577636719,9.1000003814697266,9.2700004577636719,5,5,5,1934-11-19,1934-11-23,0,False,False
1934-11-30,9.5200004577636719,9.5399999618530273,9.4300003051757812,9.5399999618530273,4,4,4,1934-11-26,1934-11-30,0,False,False
1934-12-07,9.4099998474121094,9.5600004196166992,9.4099998474121094,9.4600000381469727,5,5,5,1934-12-03,1934-12-07,0,False,False
1934-12-14,9.3599996566772461,9.3599996566772461,9.1099996566772461,9.1099996566772461,5,5,5,1934-12-10,1934-12-14,0,False,False
1934-12-21,9.1700000762939453,9.1700000762939453,9.0200004577636719,9.0399999618530273,5,5,5,1934-12-17,1934-12-21,0,False,False
1934-12-28,9.1099996566772461,9.4099998474121094,9.0600004196166992,9.4099998474121094,4,4,4,1934-12-24,1934-12-28,0,False,False
1935-01-04,9.5,9.5299997329711914,9.5,9.5100002288818359,4,4,4,1934-12-31,1935-01-04,0,False,False
1935-01-11,9.5799999237060547,9.5799999237060547,9.25,9.25,5,5,5,1935-01-07,1935-01-11,0,False,False
1935-01-18,9.1700000762939453,9.1800003051757812,8.9600000381469727,9.1800003051757812,5,5,5,1935-01-14,1935-01-18,0,False,False
1935-01-25,9.2799997329711914,9.2799997329711914,9.1800003051757812,9.2299995422363281,5,5,5,1935-01-21,1935-01-25,0,False,False
1935-02-01,9.0699996948242188,9.1000003814697266,8.9799995422363281,9.0500001907348633,5,5,5,1935-01-28,1935-02-01,0,False,False
1935-02-08,8.9899997711181641,9.0299997329711914,8.8100004196166992,9.0299997329711914,5,5,5,1935-02-04,1935-02-08,0,False,False
1935-02-15,9.0200004577636719,9.0600004196166992,9.0100002288818359,9.0600004196166992,4,4,4,1935-02-11,1935-02-15,0,False,False
1935-02-22,9.3400001525878906,9.3400001525878906,9.0299997329711914,9.0299997329711914,4,4,4,1935-02-18,1935-02-21,0,False,False
1935-03-01,8.8500003814697266,8.8500003814697266,8.7399997711181641,8.7899999618530273,5,5,5,1935-02-25,1935-03-01,0,False,False
1935-03-08,8.7200002670288086,8.7200002670288086,8.4499998092651367,8.5399999618530273,5,5,5,1935-03-04,1935-03-08,0,False,False
1935-03-15,8.3199996948242188,8.3199996948242188,8.0600004196166992,8.2299995422363281,5,5,5,1935-03-11,1935-03-15,0,False,False
1935-03-22,8.1400003433227539,8.5500001907348633,8.1400003433227539,8.5500001907348633,5,5,5,1935-03-18,1935-03-22,0,False,False
1935-03-29,8.4200000762939453,8.4499998092651367,8.3500003814697266,8.4499998092651367,5,5,5,1935-03-25,1935-03-29,0,False,False
1935-04-05,8.5399999618530273,8.7799997329711914,8.4799995422363281,8.7799997329711914,5,5,5,1935-04-01,1935-04-05,0,False,False
1935-04-12,8.7799997329711914,8.9499998092651367,8.7799997329711914,8.9499998092651367,5,5,5,1935-04-08,1935-04-12,0,False,False
1935-04-19,9.130000114440918,9.1400003433227539,8.2200002670288086,9.1400003433227539,4,4,4,1935-04-15,1935-04-18,0,False,False
1935-04-26,9.4099998474121094,9.4399995803833008,9.3199996948242188,9.3999996185302734,5,5,5,1935-04-22,1935-04-26,0,False,False
1935-05-03,9.3900003433227539,9.4200000762939453,9.2299995422363281,9.4200000762939453,5,5,5,1935-04-29,1935-05-03,0,False,False
1935-05-10,9.4200000762939453,9.75,9.380000114440918,9.75,5,5,5,1935-05-06,1935-05-10,0,False,False
1935-05-17,9.8000001907348633,10.010000228881836,9.1499996185302734,10.010000228881836,5,5,5,1935-05-13,1935-05-17,0,False,False
1935-05-24,9.8900003433227539,10.069999694824219,9.8900003433227539,10.020000457763672,5,5,5,1935-05-20,1935-05-24,0,False,False
1935-05-31,10.029999732971191,10.029999732971191,9.5799999237060547,9.5799999237060547,4,4,4,1935-05-27,1935-05-31,0,False,False
1935-06-07,9.6700000762939453,9.9200000762939453,9.6700000762939453,9.8999996185302734,5,5,5,1935-06-03,1935-06-07,0,False,False
1935-06-14,10.029999732971191,10.220000267028809,10.029999732971191,10.220000267028809,5,5,5,1935-06-10,1935-06-14,0,False,False
1935-06-21,10.220000267028809,10.380000114440918,10.149999618530273,10.380000114440918,5,5,5,1935-06-17,1935-06-21,0,False,False
1935-06-28,10.470000267028809,10.470000267028809,10.149999618530273,10.239999771118164,5,5,5,1935-06-24,1935-06-28,0,False,False
1935-07-05,10.279999732971191,10.470000267028809,10.279999732971191,10.470000267028809,4,4,4,1935-07-01,1935-07-05,0,False,False
1935-07-12,10.600000381469727,10.630000114440918,10.520000457763672,10.619999885559082,5,5,5,1935-07-08,1935-07-12,0,False,False
1935-07-19,10.600000381469727,10.670000076293945,10.579999923706055,10.579999923706055,5,5,5,1935-07-15,1935-07-19,0,False,False
1935-07-26,10.770000457763672,10.840000152587891,10.729999542236328,10.789999961853027,5,5,5,1935-07-22,1935-07-26,0,False,False
1935-08-02,11.039999961853027,11.079999923706055,10.939999580383301,10.949999809265137,5,5,5,1935-07-29,1935-08-02,0,False,False
1935-08-09,11.199999809265137,11.489999771118164,11.180000305175781,11.489999771118164,5,5,5,1935-08-05,1935-08-09,0,False,False
1935-08-16,11.600000381469727,11.670000076293945,10.619999885559082,10.619999885559082,5,5,5,1935-08-12,1935-08-16,0,False,False
1935-08-23,11.420000076293945,11.590000152587891,11.420000076293945,11.560000419616699,5,5,5,1935-08-19,1935-08-23,0,False,False
1935-08-30,11.460000038146973,11.460000038146973,11.100000381469727,11.239999771118164,5,5,5,1935-08-26,1935-08-30,0,False,False
1935-09-06,11.210000038146973,11.649999618530273,11.210000038146973,11.649999618530273,4,4,4,1935-09-03,1935-09-06,0,False,False
1935-09-13,11.760000228881836,11.920000076293945,11.760000228881836,11.800000190734863,5,5,5,1935-09-09,1935-09-13,0,False,False
1935-09-20,11.640000343322754,11.819999694824219,11.260000228881836,11.260000228881836,5,5,5,1935-09-16,1935-09-20,0,False,False
1935-09-27,11.399999618530273,11.590000152587891,11.399999618530273,11.560000419616699,5,5,5,1935-09-23,1935-09-27,0,False,False
1935-10-04,11.590000152587891,11.590000152587891,11.100000381469727,11.359999656677246,5,5,5,1935-09-30,1935-10-04,0,False,False
1935-10-11,11.529999732971191,11.75,11.449999809265137,11.75,5,5,5,1935-10-07,1935-10-11,0,False,False
1935-10-18,11.880000114440918,11.960000038146973,11.720000267028809,11.810000419616699,5,5,5,1935-10-14,1935-10-18,0,False,False
1935-10-25,12.189999580383301,12.430000305175781,12.189999580383301,12.430000305175781,5,5,5,1935-10-21,1935-10-25,0,False,False
1935-11-01,12.460000038146973,12.609999656677246,12.359999656677246,12.609999656677246,5,5,5,1935-10-28,1935-11-01,0,False,False
1935-11-08,12.619999885559082,12.920000076293945,12.619999885559082,12.920000076293945,4,4,4,1935-11-04,1935-11-08,0,False,False
1935-11-15,12.810000419616699,13.25,12.810000419616699,13.25,4,4,4,1935-11-12,1935-11-15,0,False,False
1935-11-22,13.279999732971191,13.460000038146973,13.140000343322754,13.140000343322754,5,5,5,1935-11-18,1935-11-22,0,False,False
1935-11-29,13.180000305175781,13.180000305175781,12.939999580383301,12.939999580383301,4,4,4,1935-11-25,1935-11-29,0,False,False
1935-12-06,12.75,13.210000038146973,12.75,13.149999618530273,5,5,5,1935-12-02,1935-12-06,0,False,False
1935-12-13,13.319999694824219,13.319999694824219,12.840000152587891,12.840000152587891,5,5,5,1935-12-09,1935-12-13,0,False,False
1935-12-20,13.329999923706055,13.329999923706055,12.800000190734863,12.880000114440918,5,5,5,1935-12-16,1935-12-20,0,False,False
1935-12-27,12.960000038146973,13.119999885559082,12.960000038146973,13.109999656677246,4,4,4,1935-12-23,1935-12-27,0,False,False
1936-01-03,13.300000190734863,13.550000190734863,13.300000190734863,13.550000190734863,4,4,4,1935-12-30,1936-01-03,0,False,False
1936-01-10,13.409999847412109,13.779999732971191,13.409999847412109,13.779999732971191,5,5,5,1936-01-06,1936-01-10,0,False,False
1936-01-17,13.720000267028809,13.800000190734863,13.710000038146973,13.75,5,5,5,1936-01-13,1936-01-17,0,False,False
1936-01-24,13.520000457763672,13.909999847412109,13.470000267028809,13.850000381469727,5,5,5,1936-01-20,1936-01-24,0,False,False
1936-01-31,13.989999771118164,14.310000419616699,13.989999771118164,14.310000419616699,5,5,5,1936-01-27,1936-01-31,0,False,False
1936-02-07,14.439999580383301,14.439999580383301,14.319999694824219,14.319999694824219,5,5,5,1936-02-03,1936-02-07,0,False,False
1936-02-14,14.430000305175781,14.720000267028809,14.430000305175781,14.659999847412109,4,4,4,1936-02-10,1936-02-14,0,False,False
1936-02-21,14.579999923706055,14.869999885559082,14.579999923706055,14.829999923706055,5,5,5,1936-02-17,1936-02-21,0,False,False
1936-02-28,14.689999580383301,14.689999580383301,14.350000381469727,14.600000381469727,5,5,5,1936-02-24,1936-02-28,0,False,False
1936-03-06,14.770000457763672,15.100000381469727,14.770000457763672,15.100000381469727,5,5,5,1936-03-02,1936-03-06,0,False,False
1936-03-13,14.510000228881836,14.880000114440918,14.239999771118164,14.239999771118164,5,5,5,1936-03-09,1936-03-13,0,False,False
1936-03-20,14.569999694824219,15.060000419616699,14.569999694824219,15.039999961853027,5,5,5,1936-03-16,1936-03-20,0,False,False
1936-03-27,15.050000190734863,15.100000381469727,14.819999694824219,14.819999694824219,5,5,5,1936-03-23,1936-03-27,0,False,False
1936-04-03,14.810000419616699,15.340000152587891,14.810000419616699,15.270000457763672,5,5,5,1936-03-30,1936-04-03,0,False,False
1936-04-10,15.510000228881836,15.510000228881836,15.390000343322754,15.390000343322754,4,4,4,1936-04-06,1936-04-09,0,False,False
1936-04-17,15.420000076293945,15.420000076293945,15.100000381469727,15.100000381469727,5,5,5,1936-04-13,1936-04-17,0,False,False
1936-04-24,14.619999885559082,14.850000381469727,14.399999618530273,14.439999580383301,5,5,5,1936-04-20,1936-04-24,0,False,False
1936-05-01,13.960000038146973,13.960000038146973,13.529999732971191,13.869999885559082,5,5,5,1936-04-27,1936-05-01,0,False,False
1936-05-08,13.819999694824219,14.180000305175781,13.819999694824219,13.899999618530273,5,5,5,1936-05-04,1936-05-08,0,False,False
1936-05-15,13.859999656677246,14.289999961853027,13.859999656677246,14.289999961853027,5,5,5,1936-05-11,1936-05-15,0,False,False
1936-05-22,14.189999580383301,14.189999580383301,13.850000381469727,14.090000152587891,5,5,5,1936-05-18,1936-05-22,0,False,False
1936-05-29,14.25,14.449999809265137,14.25,14.399999618530273,5,5,5,1936-05-25,1936-05-29,0,False,False
1936-06-05,14.390000343322754,14.390000343322754,14.119999885559082,14.119999885559082,5,5,5,1936-06-01,1936-06-05,0,False,False
1936-06-12,14.340000152587891,14.760000228881836,14.340000152587891,14.590000152587891,5,5,5,1936-06-08,1936-06-12,0,False,False
1936-06-19,14.739999771118164,14.920000076293945,14.739999771118164,14.829999923706055,5,5,5,1936-06-15,1936-06-19,0,False,False
1936-06-26,15.069999694824219,15.159999847412109,14.949999809265137,14.949999809265137,5,5,5,1936-06-22,1936-06-26,0,False,False
1936-07-03,14.890000343322754,15.020000457763672,14.840000152587891,15.020000457763672,5,5,5,1936-06-29,1936-07-03,0,False,False
1936-07-10,14.939999580383301,15.350000381469727,14.810000419616699,15.350000381469727,5,5,5,1936-07-06,1936-07-10,0,False,False
1936-07-17,15.449999809265137,15.659999847412109,15.449999809265137,15.659999847412109,5,5,5,1936-07-13,1936-07-17,0,False,False
1936-07-24,15.829999923706055,15.930000305175781,15.829999923706055,15.829999923706055,5,5,5,1936-07-20,1936-07-24,0,False,False
1936-07-31,16.149999618530273,16.149999618530273,15.850000381469727,15.850000381469727,5,5,5,1936-07-27,1936-07-31,0,False,False
1936-08-07,15.909999847412109,16.079999923706055,15.770000457763672,16.079999923706055,5,5,5,1936-08-03,1936-08-07,0,False,False
1936-08-14,16.200000762939453,16.200000762939453,15.869999885559082,15.869999885559082,5,5,5,1936-08-10,1936-08-14,0,False,False
1936-08-21,15.800000190734863,15.899999618530273,15.319999694824219,15.319999694824219,5,5,5,1936-08-17,1936-08-21,0,False,False
1936-08-28,15.649999618530273,15.920000076293945,15.550000190734863,15.920000076293945,5,5,5,1936-08-24,1936-08-28,0,False,False
1936-09-04,15.989999771118164,16.020000457763672,15.949999809265137,16.020000457763672,5,5,5,1936-08-31,1936-09-04,0,False,False
1936-09-11,16.290000915527344,16.290000915527344,16.110000610351562,16.110000610351562,4,4,4,1936-09-08,1936-09-11,0,False,False
1936-09-18,15.960000038146973,16.030000686645508,15,16.030000686645508,5,5,5,1936-09-14,1936-09-18,0,False,False
1936-09-25,16.159999847412109,16.219999313354492,15.880000114440918,15.880000114440918,5,5,5,1936-09-21,1936-09-25,0,False,False
1936-10-02,16.129999160766602,16.350000381469727,16.010000228881836,16.350000381469727,5,5,5,1936-09-28,1936-10-02,0,False,False
1936-10-09,16.530000686645508,16.870000839233398,16.530000686645508,16.870000839233398,5,5,5,1936-10-05,1936-10-09,0,False,False
1936-10-16,16.959999084472656,17.040000915527344,16.850000381469727,17.040000915527344,4,4,4,1936-10-13,1936-10-16,0,False,False
1936-10-23,17.129999160766602,17.180000305175781,17.040000915527344,17.090000152587891,5,5,5,1936-10-19,1936-10-23,0,False,False
1936-10-30,16.649999618530273,17.229999542236328,16.649999618530273,17.229999542236328,5,5,5,1936-10-26,1936-10-30,0,False,False
1936-11-06,17.170000076293945,17.559999465942383,17.170000076293945,17.430000305175781,4,4,4,1936-11-02,1936-11-06,0,False,False
1936-11-13,17.690000534057617,17.690000534057617,17.239999771118164,17.239999771118164,4,4,4,1936-11-09,1936-11-13,0,False,False
1936-11-20,17.399999618530273,17.639999389648438,17.129999160766602,17.129999160766602,5,5,5,1936-11-16,1936-11-20,0,False,False
1936-11-27,16.889999389648438,17.340000152587891,16.889999389648438,17.340000152587891,4,4,4,1936-11-23,1936-11-27,0,False,False
1936-12-04,17.280000686645508,17.280000686645508,16.950000762939453,17.010000228881836,5,5,5,1936-11-30,1936-12-04,0,False,False
1936-12-11,16.909999847412109,17.219999313354492,16.909999847412109,17.139999389648438,5,5,5,1936-12-07,1936-12-11,0,False,False
1936-12-18,17.319999694824219,17.319999694824219,17,17,5,5,5,1936-12-14,1936-12-18,0,False,False
1936-12-25,16.649999618530273,17.059999465942383,16.649999618530273,17.059999465942383,4,4,4,1936-12-21,1936-12-24,0,False,False
1937-01-01,16.940000534057617,17.270000457763672,16.940000534057617,17.180000305175781,4,4,4,1936-12-28,1936-12-31,0,False,False
1937-01-08,16.930000305175781,17.479999542236328,16.930000305175781,17.479999542236328,5,5,5,1937-01-04,1937-01-08,0,False,False
1937-01-15,17.569999694824219,17.739999771118164,17.569999694824219,17.739999771118164,5,5,5,1937-01-11,1937-01-15,0,False,False
1937-01-22,17.739999771118164,17.959999084472656,17.620000839233398,17.870000839233398,5,5,5,1937-01-18,1937-01-22,0,False,False
1937-01-29,17.770000457763672,17.770000457763672,17.510000228881836,17.770000457763672,5,5,5,1937-01-25,1937-01-29,0,False,False
1937-02-05,17.879999160766602,18.149999618530273,17.860000610351562,17.860000610351562,5,5,5,1937-02-01,1937-02-05,0,False,False
1937-02-12,18.069999694824219,18.319999694824219,17.989999771118164,18.319999694824219,4,4,4,1937-02-08,1937-02-11,0,False,False
1937-02-19,18.100000381469727,18.370000839233398,18.100000381469727,18.370000839233398,5,5,5,1937-02-15,1937-02-19,0,False,False
1937-02-26,17.969999313354492,18.069999694824219,17.969999313354492,18.059999465942383,4,4,4,1937-02-23,1937-02-26,0,False,False
1937-03-05,18.090000152587891,18.620000839233398,18.090000152587891,18.620000839233398,5,5,5,1937-03-01,1937-03-05,0,False,False
1937-03-12,18.559999465942383,18.670000076293945,18.360000610351562,18.360000610351562,5,5,5,1937-03-08,1937-03-12,0,False,False
1937-03-19,18.139999389648438,18.229999542236328,17.719999313354492,17.719999313354492,5,5,5,1937-03-15,1937-03-19,0,False,False
1937-03-26,17.219999313354492,17.700000762939453,17.219999313354492,17.680000305175781,4,4,4,1937-03-22,1937-03-25,0,False,False
1937-04-02,17.629999160766602,17.950000762939453,17.489999771118164,17.489999771118164,5,5,5,1937-03-29,1937-04-02,0,False,False
1937-04-09,17.620000839233398,17.620000839233398,16.909999847412109,17.030000686645508,5,5,5,1937-04-05,1937-04-09,0,False,False
1937-04-16,17.100000381469727,17.299999237060547,17.100000381469727,17.159999847412109,5,5,5,1937-04-12,1937-04-16,0,False,False
1937-04-23,17.129999160766602,17.409999847412109,16.850000381469727,16.850000381469727,5,5,5,1937-04-19,1937-04-23,0,False,False
1937-04-30,16.159999847412109,16.430000305175781,15.989999771118164,16.430000305175781,5,5,5,1937-04-26,1937-04-30,0,False,False
1937-05-07,16.469999313354492,16.729999542236328,16.469999313354492,16.649999618530273,5,5,5,1937-05-03,1937-05-07,0,False,False
1937-05-14,16.280000686645508,16.290000915527344,15.649999618530273,15.810000419616699,5,5,5,1937-05-10,1937-05-14,0,False,False
1937-05-21,15.619999885559082,16.270000457763672,15.619999885559082,16.270000457763672,5,5,5,1937-05-17,1937-05-21,0,False,False
1937-05-28,16.459999084472656,16.459999084472656,16.229999542236328,16.260000228881836,5,5,5,1937-05-24,1937-05-28,0,False,False
1937-06-04,15.960000038146973,16.280000686645508,15.960000038146973,16.280000686645508,4,4,4,1937-06-01,1937-06-04,0,False,False
1937-06-11,16.129999160766602,16.180000305175781,15.729999542236328,15.729999542236328,5,5,5,1937-06-07,1937-06-11,0,False,False
1937-06-18,15.199999809265137,15.510000228881836,15.180000305175781,15.510000228881836,5,5,5,1937-06-14,1937-06-18,0,False,False
1937-06-25,15.350000381469727,15.619999885559082,15.350000381469727,15.520000457763672,5,5,5,1937-06-21,1937-06-25,0,False,False
1937-07-02,15.119999885559082,15.699999809265137,15.119999885559082,15.699999809265137,5,5,5,1937-06-28,1937-07-02,0,False,False
1937-07-09,16.25,16.399999618530273,16.25,16.319999694824219,4,4,4,1937-07-06,1937-07-09,0,False,False
1937-07-16,16.540000915527344,16.540000915527344,16.379999160766602,16.420000076293945,5,5,5,1937-07-12,1937-07-16,0,False,False
1937-07-23,16.739999771118164,16.940000534057617,16.739999771118164,16.940000534057617,5,5,5,1937-07-19,1937-07-23,0,False,False
1937-07-30,17.059999465942383,17.059999465942383,16.719999313354492,16.770000457763672,5,5,5,1937-07-26,1937-07-30,0,False,False
1937-08-06,17.069999694824219,17.069999694824219,16.850000381469727,16.850000381469727,5,5,5,1937-08-02,1937-08-06,0,False,False
1937-08-13,17.069999694824219,17.270000457763672,17.010000228881836,17.270000457763672,5,5,5,1937-08-09,1937-08-13,0,False,False
1937-08-20,17.170000076293945,17.170000076293945,16.489999771118164,16.489999771118164,5,5,5,1937-08-16,1937-08-20,0,False,False
1937-08-27,16.459999084472656,16.590000152587891,15.880000114440918,15.880000114440918,5,5,5,1937-08-23,1937-08-27,0,False,False
1937-09-03,16.120000839233398,16.120000839233398,15.359999656677246,15.460000038146973,5,5,5,1937-08-30,1937-09-03,0,False,False
1937-09-10,14.689999580383301,14.979999542236328,14.189999580383301,14.189999580383301,4,4,4,1937-09-07,1937-09-10,0,False,False
1937-09-17,14.229999542236328,14.890000343322754,14.229999542236328,14.569999694824219,5,5,5,1937-09-13,1937-09-17,0,False,False
1937-09-24,13.939999580383301,14.140000343322754,13.199999809265137,13.199999809265137,5,5,5,1937-09-20,1937-09-24,0,False,False
1937-10-01,13.630000114440918,13.789999961853027,13.630000114440918,13.720000267028809,5,5,5,1937-09-27,1937-10-01,0,False,False
1937-10-08,13.590000152587891,13.590000152587891,12.75,12.75,5,5,5,1937-10-04,1937-10-08,0,False,False
1937-10-15,12.220000267028809,12.220000267028809,11.840000152587891,11.840000152587891,4,4,4,1937-10-11,1937-10-15,0,False,False
1937-10-22,10.760000228881836,12.170000076293945,10.760000228881836,11.840000152587891,5,5,5,1937-10-18,1937-10-22,0,False,False
1937-10-29,12,12.350000381469727,11.739999771118164,12.350000381469727,5,5,5,1937-10-25,1937-10-29,0,False,False
1937-11-05,12.079999923706055,12.079999923706055,11.460000038146973,11.460000038146973,4,4,4,1937-11-01,1937-11-05,0,False,False
1937-11-12,11.119999885559082,11.960000038146973,11.119999885559082,11.909999847412109,4,4,4,1937-11-08,1937-11-12,0,False,False
1937-11-19,11.529999732971191,11.529999732971191,10.510000228881836,10.510000228881836,5,5,5,1937-11-15,1937-11-19,0,False,False
1937-11-26,10.25,10.670000076293945,10.170000076293945,10.670000076293945,4,4,4,1937-11-22,1937-11-26,0,False,False
1937-12-03,10.960000038146973,11.340000152587891,10.960000038146973,11.340000152587891,5,5,5,1937-11-29,1937-12-03,0,False,False
1937-12-10,11.130000114440918,11.420000076293945,11.100000381469727,11.100000381469727,5,5,5,1937-12-06,1937-12-10,0,False,False
1937-12-17,10.739999771118164,11.079999923706055,10.739999771118164,11,5,5,5,1937-12-13,1937-12-17,0,False,False
1937-12-24,11.310000419616699,11.380000114440918,11.060000419616699,11.060000419616699,5,5,5,1937-12-20,1937-12-24,0,False,False
1937-12-31,10.689999580383301,10.689999580383301,10.310000419616699,10.550000190734863,5,5,5,1937-12-27,1937-12-31,0,False,False
1938-01-07,10.520000457763672,11.739999771118164,10.520000457763672,11.319999694824219,5,5,5,1938-01-03,1938-01-07,0,False,False
1938-01-14,11.869999885559082,11.949999809265137,11.670000076293945,11.699999809265137,5,5,5,1938-01-10,1938-01-14,0,False,False
1938-01-21,11.670000076293945,11.670000076293945,11.439999580383301,11.439999580383301,5,5,5,1938-01-17,1938-01-21,0,False,False
1938-01-28,11.399999618530273,11.399999618530273,10.550000190734863,10.550000190734863,5,5,5,1938-01-24,1938-01-28,0,False,False
1938-02-04,10.689999580383301,10.890000343322754,10.340000152587891,10.539999961853027,5,5,5,1938-01-31,1938-02-04,0,False,False
1938-02-11,10.560000419616699,10.979999542236328,10.560000419616699,10.930000305175781,5,5,5,1938-02-07,1938-02-11,0,False,False
1938-02-18,11.020000457763672,11.149999618530273,10.869999885559082,11.020000457763672,5,5,5,1938-02-14,1938-02-18,0,False,False
1938-02-25,11.380000114440918,11.680000305175781,11.380000114440918,11.569999694824219,4,4,4,1938-02-21,1938-02-25,0,False,False
1938-03-04,11.340000152587891,11.460000038146973,11.130000114440918,11.130000114440918,5,5,5,1938-02-28,1938-03-04,0,False,False
1938-03-11,10.880000114440918,10.890000343322754,10.579999923706055,10.579999923706055,5,5,5,1938-03-07,1938-03-11,0,False,False
1938-03-18,10.779999732971191,11.109999656677246,10.189999580383301,10.189999580383301,5,5,5,1938-03-14,1938-03-18,0,False,False
1938-03-25,10.380000114440918,10.380000114440918,9.3500003814697266,9.3500003814697266,5,5,5,1938-03-21,1938-03-25,0,False,False
1938-04-01,9.2700004577636719,9.2700004577636719,8.5,8.9099998474121094,5,5,5,1938-03-28,1938-04-01,0,False,False
1938-04-08,9.2399997711181641,9.619999885559082,9.1999998092651367,9.619999885559082,5,5,5,1938-04-04,1938-04-08,0,False,False
1938-04-15,9.9499998092651367,10.199999809265137,9.9499998092651367,10.199999809265137,4,4,4,1938-04-11,1938-04-14,0,False,False
1938-04-22,10.409999847412109,10.449999809265137,10.060000419616699,10.449999809265137,5,5,5,1938-04-18,1938-04-22,0,False,False
1938-04-29,10.210000038146973,10.210000038146973,9.7700004577636719,9.7799997329711914,5,5,5,1938-04-25,1938-04-29,0,False,False
1938-05-06,9.5900001525878906,10.430000305175781,9.5900001525878906,10.430000305175781,5,5,5,1938-05-02,1938-05-06,0,False,False
1938-05-13,10.630000114440918,10.630000114440918,10.260000228881836,10.260000228881836,5,5,5,1938-05-09,1938-05-13,0,False,False
1938-05-20,10.079999923706055,10.140000343322754,9.9600000381469727,9.9600000381469727,5,5,5,1938-05-16,1938-05-20,0,False,False
1938-05-27,9.8900003433227539,9.8900003433227539,9.2799997329711914,9.2799997329711914,5,5,5,1938-05-23,1938-05-27,0,False,False
1938-06-03,9.2700004577636719,9.5699996948242188,9.2700004577636719,9.4200000762939453,4,4,4,1938-05-31,1938-06-03,0,False,False
1938-06-10,9.7399997711181641,9.9399995803833008,9.6999998092651367,9.8000001907348633,5,5,5,1938-06-06,1938-06-10,0,False,False
1938-06-17,9.5200004577636719,9.7600002288818359,9.5200004577636719,9.6700000762939453,5,5,5,1938-06-13,1938-06-17,0,False,False
1938-06-24,10.189999580383301,11.149999618530273,10.189999580383301,11.149999618530273,5,5,5,1938-06-20,1938-06-24,0,False,False
1938-07-01,11.260000228881836,11.909999847412109,11.25,11.909999847412109,5,5,5,1938-06-27,1938-07-01,0,False,False
1938-07-08,11.979999542236328,12.140000343322754,11.890000343322754,11.890000343322754,4,4,4,1938-07-05,1938-07-08,0,False,False
1938-07-15,11.729999542236328,12.039999961853027,11.729999542236328,12,5,5,5,1938-07-11,1938-07-15,0,False,False
1938-07-22,12.350000381469727,12.670000076293945,12.350000381469727,12.550000190734863,5,5,5,1938-07-18,1938-07-22,0,False,False
1938-07-29,12.800000190734863,12.800000190734863,12.25,12.329999923706055,5,5,5,1938-07-25,1938-07-29,0,False,False
1938-08-05,12.25,12.659999847412109,12.25,12.659999847412109,5,5,5,1938-08-01,1938-08-05,0,False,False
1938-08-12,12.729999542236328,12.729999542236328,11.920000076293945,11.920000076293945,5,5,5,1938-08-08,1938-08-12,0,False,False
1938-08-19,11.920000076293945,12.310000419616699,11.920000076293945,12.310000419616699,5,5,5,1938-08-15,1938-08-19,0,False,False
1938-08-26,12.270000457763672,12.619999885559082,12.270000457763672,12.5,5,5,5,1938-08-22,1938-08-26,0,False,False
1938-09-02,11.850000381469727,12.260000228881836,11.850000381469727,12.260000228881836,5,5,5,1938-08-29,1938-09-02,0,False,False
1938-09-09,12.220000267028809,12.409999847412109,12.020000457763672,12.020000457763672,4,4,4,1938-09-06,1938-09-09,0,False,False
1938-09-16,12.060000419616699,12.060000419616699,11.300000190734863,11.430000305175781,5,5,5,1938-09-12,1938-09-16,0,False,False
1938-09-23,11.5,11.960000038146973,11.359999656677246,11.359999656677246,5,5,5,1938-09-19,1938-09-23,0,False,False
1938-09-30,11.020000457763672,12.239999771118164,10.989999771118164,12.239999771118164,5,5,5,1938-09-26,1938-09-30,0,False,False
1938-10-07,12.520000457763672,12.859999656677246,12.479999542236328,12.850000381469727,5,5,5,1938-10-03,1938-10-07,0,False,False
1938-10-14,13.909999847412109,13.909999847412109,12.840000152587891,13.149999618530273,4,4,4,1938-10-10,1938-10-14,0,False,False
1938-10-21,13.069999694824219,13.25,13.010000228881836,13.25,5,5,5,1938-10-17,1938-10-21,0,False,False
1938-10-28,13.399999618530273,13.430000305175781,13.140000343322754,13.140000343322754,5,5,5,1938-10-24,1938-10-28,0,False,False
1938-11-04,13.170000076293945,13.189999580383301,13.100000381469727,13.170000076293945,5,5,5,1938-10-31,1938-11-04,0,False,False
1938-11-11,13.430000305175781,13.789999961853027,13.430000305175781,13.699999809265137,3,3,3,1938-11-07,1938-11-10,0,False,False
1938-11-18,13.430000305175781,13.430000305175781,12.840000152587891,12.840000152587891,5,5,5,1938-11-14,1938-11-18,0,False,False
1938-11-25,12.880000114440918,12.880000114440918,12.770000457763672,12.819999694824219,4,4,4,1938-11-21,1938-11-25,0,False,False
1938-12-02,12.369999885559082,12.729999542236328,12.369999885559082,12.479999542236328,5,5,5,1938-11-28,1938-12-02,0,False,False
1938-12-09,12.399999618530273,12.539999961853027,12.319999694824219,12.319999694824219,5,5,5,1938-12-05,1938-12-09,0,False,False
1938-12-16,12.460000038146973,12.899999618530273,12.460000038146973,12.899999618530273,5,5,5,1938-12-12,1938-12-16,0,False,False
1938-12-23,12.680000305175781,12.810000419616699,12.579999923706055,12.810000419616699,5,5,5,1938-12-19,1938-12-23,0,False,False
1938-12-30,12.729999542236328,13.140000343322754,12.729999542236328,13.140000343322754,4,4,4,1938-12-27,1938-12-30,0,False,False
1939-01-06,13.079999923706055,13.229999542236328,13.060000419616699,13.069999694824219,4,4,4,1939-01-03,1939-01-06,0,False,False
1939-01-13,12.789999961853027,12.810000419616699,12.329999923706055,12.329999923706055,5,5,5,1939-01-09,1939-01-13,0,False,False
1939-01-20,12.630000114440918,12.800000190734863,12.630000114440918,12.75,5,5,5,1939-01-16,1939-01-20,0,False,False
1939-01-27,11.930000305175781,11.979999542236328,11.529999732971191,11.859999656677246,5,5,5,1939-01-23,1939-01-27,0,False,False
1939-02-03,12.159999847412109,12.380000114440918,12.119999885559082,12.300000190734863,5,5,5,1939-01-30,1939-02-03,0,False,False
1939-02-10,12.470000267028809,12.479999542236328,12.300000190734863,12.329999923706055,5,5,5,1939-02-06,1939-02-10,0,False,False
1939-02-17,12.359999656677246,12.479999542236328,12.359999656677246,12.399999618530273,4,4,4,1939-02-14,1939-02-17,0,False,False
1939-02-24,12.159999847412109,12.539999961853027,12.159999847412109,12.539999961853027,4,4,4,1939-02-20,1939-02-24,0,False,False
1939-03-03,12.630000114440918,12.859999656677246,12.630000114440918,12.859999656677246,5,5,5,1939-02-27,1939-03-03,0,False,False
1939-03-10,12.789999961853027,13.100000381469727,12.789999961853027,13.100000381469727,5,5,5,1939-03-06,1939-03-10,0,False,False
1939-03-17,12.920000076293945,12.970000267028809,12.210000038146973,12.210000038146973,5,5,5,1939-03-13,1939-03-17,0,False,False
1939-03-24,11.949999809265137,12.159999847412109,11.75,12.069999694824219,5,5,5,1939-03-20,1939-03-24,0,False,False
1939-03-31,11.989999771118164,11.989999771118164,10.979999542236328,10.979999542236328,5,5,5,1939-03-27,1939-03-31,0,False,False
1939-04-07,11.260000228881836,11.260000228881836,10.659999847412109,10.659999847412109,4,4,4,1939-04-03,1939-04-06,0,False,False
1939-04-14,10.439999580383301,10.789999961853027,10.420000076293945,10.630000114440918,5,5,5,1939-04-10,1939-04-14,0,False,False
1939-04-21,10.829999923706055,10.960000038146973,10.659999847412109,10.960000038146973,5,5,5,1939-04-17,1939-04-21,0,False,False
1939-04-28,10.779999732971191,11.029999732971191,10.779999732971191,10.930000305175781,5,5,5,1939-04-24,1939-04-28,0,False,False
1939-05-05,10.859999656677246,11.289999961853027,10.859999656677246,11.210000038146973,5,5,5,1939-05-01,1939-05-05,0,False,False
1939-05-12,11.229999542236328,11.430000305175781,11.210000038146973,11.210000038146973,5,5,5,1939-05-08,1939-05-12,0,False,False
1939-05-19,11.25,11.25,10.869999885559082,10.989999771118164,5,5,5,1939-05-15,1939-05-19,0,False,False
1939-05-26,11.170000076293945,11.489999771118164,11.109999656677246,11.489999771118164,5,5,5,1939-05-22,1939-05-26,0,False,False
1939-06-02,11.649999618530273,11.649999618530273,11.420000076293945,11.479999542236328,4,4,4,1939-05-29,1939-06-02,0,False,False
1939-06-09,11.510000228881836,11.800000190734863,11.510000228881836,11.800000190734863,5,5,5,1939-06-05,1939-06-09,0,False,False
1939-06-16,11.659999847412109,11.659999847412109,11.25,11.279999732971191,5,5,5,1939-06-12,1939-06-16,0,False,False
1939-06-23,11.420000076293945,11.520000457763672,11.420000076293945,11.5,5,5,5,1939-06-19,1939-06-23,0,False,False
1939-06-30,11.239999771118164,11.289999961853027,10.789999961853027,10.859999656677246,5,5,5,1939-06-26,1939-06-30,0,False,False
1939-07-07,11,11.199999809265137,11,11.130000114440918,4,4,4,1939-07-03,1939-07-07,0,False,False
1939-07-14,11.170000076293945,11.640000343322754,11.170000076293945,11.550000190734863,5,5,5,1939-07-10,1939-07-14,0,False,False
1939-07-21,12.069999694824219,12.159999847412109,11.850000381469727,12.090000152587891,5,5,5,1939-07-17,1939-07-21,0,False,False
1939-07-28,12.130000114440918,12.180000305175781,12.050000190734863,12.140000343322754,5,5,5,1939-07-24,1939-07-28,0,False,False
1939-08-04,12.039999961853027,12.159999847412109,11.899999618530273,11.899999618530273,5,5,5,1939-07-31,1939-08-04,0,False,False
1939-08-11,11.840000152587891,11.869999885559082,11.539999961853027,11.560000419616699,5,5,5,1939-08-07,1939-08-11,0,False,False
1939-08-18,11.779999732971191,11.890000343322754,11.329999923706055,11.329999923706055,5,5,5,1939-08-14,1939-08-18,0,False,False
1939-08-25,11.029999732971191,11.239999771118164,10.859999656677246,11.090000152587891,5,5,5,1939-08-21,1939-08-25,0,False,False
1939-09-01,11.170000076293945,11.479999542236328,11.170000076293945,11.300000190734863,5,5,5,1939-08-28,1939-09-01,0,False,False
1939-09-08,12.640000343322754,12.689999580383301,12.5,12.689999580383301,4,4,4,1939-09-05,1939-09-08,0,False,False
1939-09-15,13.020000457763672,13.170000076293945,13.020000457763672,13.069999694824219,5,5,5,1939-09-11,1939-09-15,0,False,False
1939-09-22,12.470000267028809,13.020000457763672,12.470000267028809,12.920000076293945,5,5,5,1939-09-18,1939-09-22,0,False,False
1939-09-29,12.949999809265137,13.109999656677246,12.789999961853027,12.789999961853027,5,5,5,1939-09-25,1939-09-29,0,False,False
1939-10-06,12.880000114440918,12.880000114440918,12.770000457763672,12.800000190734863,5,5,5,1939-10-02,1939-10-06,0,False,False
1939-10-13,12.729999542236328,12.840000152587891,12.729999542236328,12.739999771118164,4,4,4,1939-10-09,1939-10-13,0,False,False
1939-10-20,12.739999771118164,13.090000152587891,12.739999771118164,12.939999580383301,5,5,5,1939-10-16,1939-10-20,0,False,False
1939-10-27,12.989999771118164,13.210000038146973,12.989999771118164,13.020000457763672,5,5,5,1939-10-23,1939-10-27,0,False,False
1939-11-03,12.960000038146973,12.960000038146973,12.819999694824219,12.949999809265137,5,5,5,1939-10-30,1939-11-03,0,False,False
1939-11-10,12.819999694824219,12.819999694824219,12.579999923706055,12.640000343322754,4,4,4,1939-11-06,1939-11-10,0,False,False
1939-11-17,12.649999618530273,12.789999961853027,12.630000114440918,12.75,5,5,5,1939-11-13,1939-11-17,0,False,False
1939-11-24,12.789999961853027,12.789999961853027,12.489999771118164,12.489999771118164,4,4,4,1939-11-20,1939-11-24,0,False,False
1939-12-01,12.520000457763672,12.520000457763672,12.199999809265137,12.289999961853027,5,5,5,1939-11-27,1939-12-01,0,False,False
1939-12-08,12.279999732971191,12.460000038146973,12.260000228881836,12.359999656677246,5,5,5,1939-12-04,1939-12-08,0,False,False
1939-12-15,12.229999542236328,12.399999618530273,12.189999580383301,12.399999618530273,5,5,5,1939-12-11,1939-12-15,0,False,False
1939-12-22,12.369999885559082,12.439999580383301,12.340000152587891,12.439999580383301,5,5,5,1939-12-18,1939-12-22,0,False,False
1939-12-29,12.380000114440918,12.460000038146973,12.310000419616699,12.460000038146973,4,4,4,1939-12-26,1939-12-29,0,False,False
1940-01-05,12.630000114440918,12.770000457763672,12.630000114440918,12.659999847412109,4,4,4,1940-01-02,1940-01-05,0,False,False
1940-01-12,12.670000076293945,12.670000076293945,12.130000114440918,12.130000114440918,5,5,5,1940-01-08,1940-01-12,0,False,False
1940-01-19,12.069999694824219,12.149999618530273,12.069999694824219,12.149999618530273,5,5,5,1940-01-15,1940-01-19,0,False,False
1940-01-26,12.060000419616699,12.270000457763672,12.060000419616699,12.149999618530273,5,5,5,1940-01-22,1940-01-26,0,False,False
1940-02-02,12.159999847412109,12.159999847412109,12.050000190734863,12.060000419616699,5,5,5,1940-01-29,1940-02-02,0,False,False
1940-02-09,12.039999961853027,12.369999885559082,12.039999961853027,12.369999885559082,5,5,5,1940-02-05,1940-02-09,0,False,False
1940-02-16,12.329999923706055,12.329999923706055,12.279999732971191,12.289999961853027,4,4,4,1940-02-13,1940-02-16,0,False,False
1940-02-23,12.289999961853027,12.350000381469727,12.229999542236328,12.229999542236328,4,4,4,1940-02-19,1940-02-23,0,False,False
1940-03-01,12.159999847412109,12.159999847412109,12.060000419616699,12.060000419616699,5,5,5,1940-02-26,1940-03-01,0,False,False
1940-03-08,12.090000152587891,12.25,12.090000152587891,12.199999809265137,5,5,5,1940-03-04,1940-03-08,0,False,False
1940-03-15,12.239999771118164,12.270000457763672,12.069999694824219,12.069999694824219,5,5,5,1940-03-11,1940-03-15,0,False,False
1940-03-22,12,12.140000343322754,12,12.140000343322754,4,4,4,1940-03-18,1940-03-21,0,False,False
1940-03-29,12.069999694824219,12.180000305175781,12.010000228881836,12.180000305175781,5,5,5,1940-03-25,1940-03-29,0,False,False
1940-04-05,12.210000038146973,12.520000457763672,12.210000038146973,12.479999542236328,5,5,5,1940-04-01,1940-04-05,0,False,False
1940-04-12,12.590000152587891,12.590000152587891,12.319999694824219,12.319999694824219,5,5,5,1940-04-08,1940-04-12,0,False,False
1940-04-19,12.319999694824219,12.319999694824219,12.039999961853027,12.039999961853027,5,5,5,1940-04-15,1940-04-19,0,False,False
1940-04-26,12.140000343322754,12.229999542236328,12.079999923706055,12.079999923706055,5,5,5,1940-04-22,1940-04-26,0,False,False
1940-05-03,12.119999885559082,12.189999580383301,12.029999732971191,12.119999885559082,5,5,5,1940-04-29,1940-05-03,0,False,False
1940-05-10,12.060000419616699,12.119999885559082,11.760000228881836,11.760000228881836,5,5,5,1940-05-06,1940-05-10,0,False,False
1940-05-17,11.109999656677246,11.109999656677246,9.9499998092651367,9.9499998092651367,5,5,5,1940-05-13,1940-05-17,0,False,False
1940-05-24,9.7899999618530273,9.7899999618530273,9.1400003433227539,9.1599998474121094,5,5,5,1940-05-20,1940-05-24,0,False,False
1940-05-31,9.380000114440918,9.380000114440918,9.1899995803833008,9.2700004577636719,4,4,4,1940-05-27,1940-05-31,0,False,False
1940-06-07,9.1099996566772461,9.3400001525878906,9.0900001525878906,9.3400001525878906,5,5,5,1940-06-03,1940-06-07,0,False,False
1940-06-14,8.9899997711181641,9.9399995803833008,8.9899997711181641,9.9399995803833008,5,5,5,1940-06-10,1940-06-14,0,False,False
1940-06-21,9.9799995422363281,10.029999732971191,9.9099998474121094,9.9099998474121094,5,5,5,1940-06-17,1940-06-21,0,False,False
1940-06-28,10.100000381469727,10.100000381469727,9.75,9.9799995422363281,5,5,5,1940-06-24,1940-06-28,0,False,False
1940-07-05,9.869999885559082,9.9399995803833008,9.8500003814697266,9.9399995803833008,4,4,4,1940-07-01,1940-07-05,0,False,False
1940-07-12,9.9399995803833008,9.9700002670288086,9.9399995803833008,9.9499998092651367,5,5,5,1940-07-08,1940-07-12,0,False,False
1940-07-19,9.9799995422363281,10.090000152587891,9.9700002670288086,9.9700002670288086,5,5,5,1940-07-15,1940-07-19,0,False,False
1940-07-26,9.9700002670288086,9.9799995422363281,9.8900003433227539,9.9700002670288086,5,5,5,1940-07-22,1940-07-26,0,False,False
1940-08-02,10.079999923706055,10.329999923706055,10.079999923706055,10.25,5,5,5,1940-07-29,1940-08-02,0,False,False
1940-08-09,10.279999732971191,10.279999732971191,10.170000076293945,10.270000457763672,5,5,5,1940-08-05,1940-08-09,0,False,False
1940-08-16,10.380000114440918,10.380000114440918,9.8400001525878906,9.8400001525878906,5,5,5,1940-08-12,1940-08-16,0,False,False
1940-08-23,9.9099998474121094,10.319999694824219,9.9099998474121094,10.189999580383301,5,5,5,1940-08-19,1940-08-23,0,False,False
1940-08-30,10.229999542236328,10.5,10.229999542236328,10.5,5,5,5,1940-08-26,1940-08-30,0,False,False
1940-09-06,10.560000419616699,10.930000305175781,10.560000419616699,10.850000381469727,4,4,4,1940-09-03,1940-09-06,0,False,False
1940-09-13,10.520000457763672,10.529999732971191,10.300000190734863,10.310000419616699,5,5,5,1940-09-09,1940-09-13,0,False,False
1940-09-20,10.460000038146973,10.619999885559082,10.460000038146973,10.590000152587891,5,5,5,1940-09-16,1940-09-20,0,False,False
1940-09-27,10.899999618530273,10.899999618530273,10.579999923706055,10.579999923706055,5,5,5,1940-09-23,1940-09-27,0,False,False
1940-10-04,10.659999847412109,10.869999885559082,10.659999847412109,10.779999732971191,5,5,5,1940-09-30,1940-10-04,0,False,False
1940-10-11,10.720000267028809,10.720000267028809,10.470000267028809,10.579999923706055,5,5,5,1940-10-07,1940-10-11,0,False,False
1940-10-18,10.529999732971191,10.729999542236328,10.529999732971191,10.720000267028809,5,5,5,1940-10-14,1940-10-18,0,False,False
1940-10-25,10.649999618530273,10.800000190734863,10.649999618530273,10.729999542236328,5,5,5,1940-10-21,1940-10-25,0,False,False
1940-11-01,10.810000419616699,11.079999923706055,10.810000419616699,11.079999923706055,5,5,5,1940-10-28,1940-11-01,0,False,False
1940-11-08,11.159999847412109,11.390000343322754,10.789999961853027,11.229999542236328,4,4,4,1940-11-04,1940-11-08,0,False,False
1940-11-15,11.359999656677246,11.359999656677246,11.170000076293945,11.170000076293945,4,4,4,1940-11-12,1940-11-15,0,False,False
1940-11-22,11.039999961853027,11.050000190734863,10.789999961853027,10.789999961853027,4,4,4,1940-11-18,1940-11-22,0,False,False
1940-11-29,10.789999961853027,10.789999961853027,10.560000419616699,10.569999694824219,5,5,5,1940-11-25,1940-11-29,0,False,False
1940-12-06,10.619999885559082,10.619999885559082,10.510000228881836,10.529999732971191,5,5,5,1940-12-02,1940-12-06,0,False,False
1940-12-13,10.609999656677246,10.689999580383301,10.609999656677246,10.689999580383301,5,5,5,1940-12-09,1940-12-13,0,False,False
1940-12-20,10.579999923706055,10.579999923706055,10.399999618530273,10.409999847412109,5,5,5,1940-12-16,1940-12-20,0,False,False
1940-12-27,10.380000114440918,10.439999580383301,10.380000114440918,10.439999580383301,4,4,4,1940-12-23,1940-12-27,0,False,False
1941-01-03,10.569999694824219,10.720000267028809,10.479999542236328,10.720000267028809,4,4,4,1940-12-30,1941-01-03,0,False,False
1941-01-10,10.739999771118164,10.859999656677246,10.739999771118164,10.859999656677246,5,5,5,1941-01-06,1941-01-10,0,False,False
1941-01-17,10.819999694824219,10.819999694824219,10.520000457763672,10.520000457763672,5,5,5,1941-01-13,1941-01-17,0,False,False
1941-01-24,10.470000267028809,10.470000267028809,10.369999885559082,10.449999809265137,5,5,5,1941-01-20,1941-01-24,0,False,False
1941-01-31,10.489999771118164,10.489999771118164,10.039999961853027,10.069999694824219,5,5,5,1941-01-27,1941-01-31,0,False,False
1941-02-07,9.9600000381469727,10.189999580383301,9.9600000381469727,10.159999847412109,5,5,5,1941-02-03,1941-02-07,0,False,False
1941-02-14,10.149999618530273,10.149999618530273,9.5299997329711914,9.5299997329711914,4,4,4,1941-02-10,1941-02-14,0,False,False
1941-02-21,9.6499996185302734,9.7600002288818359,9.5500001907348633,9.7600002288818359,5,5,5,1941-02-17,1941-02-21,0,False,False
1941-02-28,9.8400001525878906,9.9499998092651367,9.8400001525878906,9.9200000762939453,5,5,5,1941-02-24,1941-02-28,0,False,False
1941-03-07,9.7700004577636719,9.9499998092651367,9.7600002288818359,9.8999996185302734,5,5,5,1941-03-03,1941-03-07,0,False,False
1941-03-14,10.100000381469727,10.100000381469727,9.9700002670288086,9.9799995422363281,5,5,5,1941-03-10,1941-03-14,0,False,False
1941-03-21,10.029999732971191,10.069999694824219,9.9300003051757812,9.9300003051757812,5,5,5,1941-03-17,1941-03-21,0,False,False
1941-03-28,9.9200000762939453,10.010000228881836,9.9200000762939453,9.9399995803833008,5,5,5,1941-03-24,1941-03-28,0,False,False
1941-04-04,9.9600000381469727,10.159999847412109,9.9600000381469727,10.140000343322754,5,5,5,1941-03-31,1941-04-04,0,False,False
1941-04-11,10.050000190734863,10.050000190734863,9.6899995803833008,9.6899995803833008,4,4,4,1941-04-07,1941-04-10,0,False,False
1941-04-18,9.619999885559082,9.619999885559082,9.3999996185302734,9.3999996185302734,5,5,5,1941-04-14,1941-04-18,0,False,False
1941-04-25,9.369999885559082,9.4700002670288086,9.3199996948242188,9.3999996185302734,5,5,5,1941-04-21,1941-04-25,0,False,False
1941-05-02,9.4200000762939453,9.4399995803833008,9.3000001907348633,9.3299999237060547,5,5,5,1941-04-28,1941-05-02,0,False,False
1941-05-09,9.3400001525878906,9.5,9.3400001525878906,9.4499998092651367,5,5,5,1941-05-05,1941-05-09,0,False,False
1941-05-16,9.5600004196166992,9.5600004196166992,9.3299999237060547,9.3500003814697266,5,5,5,1941-05-12,1941-05-16,0,False,False
1941-05-23,9.3999996185302734,9.5600004196166992,9.3999996185302734,9.4399995803833008,5,5,5,1941-05-19,1941-05-23,0,False,False
1941-05-30,9.3299999237060547,9.3900003433227539,9.3299999237060547,9.380000114440918,4,4,4,1941-05-26,1941-05-29,0,False,False
1941-06-06,9.3599996566772461,9.5,9.3599996566772461,9.4899997711181641,5,5,5,1941-06-02,1941-06-06,0,False,False
1941-06-13,9.6599998474121094,9.869999885559082,9.6599998474121094,9.8500003814697266,5,5,5,1941-06-09,1941-06-13,0,False,False
1941-06-20,9.8100004196166992,9.8999996185302734,9.7600002288818359,9.7600002288818359,5,5,5,1941-06-16,1941-06-20,0,False,False
1941-06-27,9.9499998092651367,9.9499998092651367,9.880000114440918,9.8900003433227539,5,5,5,1941-06-23,1941-06-27,0,False,False
1941-07-04,9.8500003814697266,9.9099998474121094,9.8199996948242188,9.9099998474121094,4,4,4,1941-06-30,1941-07-03,0,False,False
1941-07-11,10.090000152587891,10.310000419616699,10.090000152587891,10.279999732971191,5,5,5,1941-07-07,1941-07-11,0,False,False
1941-07-18,10.300000190734863,10.329999923706055,10.210000038146973,10.25,5,5,5,1941-07-14,1941-07-18,0,False,False
1941-07-25,10.460000038146973,10.460000038146973,10.340000152587891,10.340000152587891,5,5,5,1941-07-21,1941-07-25,0,False,False
1941-08-01,10.470000267028809,10.470000267028809,10.340000152587891,10.340000152587891,5,5,5,1941-07-28,1941-08-01,0,False,False
1941-08-08,10.359999656677246,10.359999656677246,10.229999542236328,10.229999542236328,5,5,5,1941-08-04,1941-08-08,0,False,False
1941-08-15,10.140000343322754,10.140000343322754,10.029999732971191,10.029999732971191,5,5,5,1941-08-11,1941-08-15,0,False,False
1941-08-22,10.130000114440918,10.180000305175781,10.130000114440918,10.149999618530273,5,5,5,1941-08-18,1941-08-22,0,False,False
1941-08-29,10.170000076293945,10.289999961853027,10.170000076293945,10.279999732971191,5,5,5,1941-08-25,1941-08-29,0,False,False
1941-09-05,10.340000152587891,10.340000152587891,10.210000038146973,10.210000038146973,4,4,4,1941-09-02,1941-09-05,0,False,False
1941-09-12,10.229999542236328,10.229999542236328,10.119999885559082,10.229999542236328,5,5,5,1941-09-08,1941-09-12,0,False,False
1941-09-19,10.239999771118164,10.470000267028809,10.239999771118164,10.289999961853027,5,5,5,1941-09-15,1941-09-19,0,False,False
1941-09-26,10.279999732971191,10.319999694824219,10.090000152587891,10.090000152587891,5,5,5,1941-09-22,1941-09-26,0,False,False
1941-10-03,10.130000114440918,10.199999809265137,10.130000114440918,10.130000114440918,5,5,5,1941-09-29,1941-10-03,0,False,False
1941-10-10,10.119999885559082,10.119999885559082,9.8400001525878906,9.8400001525878906,5,5,5,1941-10-06,1941-10-10,0,False,False
1941-10-17,9.7799997329711914,9.7799997329711914,9.5799999237060547,9.619999885559082,4,4,4,1941-10-14,1941-10-17,0,False,False
1941-10-24,9.7100000381469727,9.8199996948242188,9.7100000381469727,9.8199996948242188,5,5,5,1941-10-20,1941-10-24,0,False,False
1941-10-31,9.6599998474121094,9.6599998474121094,9.5,9.5,5,5,5,1941-10-27,1941-10-31,0,False,False
1941-11-07,9.5900001525878906,9.6599998474121094,9.5500001907348633,9.5500001907348633,4,4,4,1941-11-03,1941-11-07,0,False,False
1941-11-14,9.4799995422363281,9.4799995422363281,9.2100000381469727,9.3000001907348633,4,4,4,1941-11-10,1941-11-14,0,False,False
1941-11-21,9.2799997329711914,9.380000114440918,9.2600002288818359,9.380000114440918,4,4,4,1941-11-17,1941-11-21,0,False,False
1941-11-28,9.3999996185302734,9.3999996185302734,9.119999885559082,9.119999885559082,5,5,5,1941-11-24,1941-11-28,0,False,False
1941-12-05,9.0699996948242188,9.380000114440918,9.0699996948242188,9.3199996948242188,5,5,5,1941-12-01,1941-12-05,0,False,False
1941-12-12,8.9700002670288086,8.9700002670288086,8.6800003051757812,8.7299995422363281,5,5,5,1941-12-08,1941-12-12,0,False,False
1941-12-19,8.7299995422363281,8.7299995422363281,8.4899997711181641,8.4899997711181641,5,5,5,1941-12-15,1941-12-19,0,False,False
1941-12-26,8.3999996185302734,8.4200000762939453,8.380000114440918,8.4200000762939453,4,4,4,1941-12-22,1941-12-26,0,False,False
1942-01-02,8.369999885559082,8.8900003433227539,8.369999885559082,8.8900003433227539,4,4,4,1941-12-29,1942-01-02,0,False,False
1942-01-09,9.0900001525878906,9.0900001525878906,8.8500003814697266,8.8500003814697266,5,5,5,1942-01-05,1942-01-09,0,False,False
1942-01-16,8.8400001525878906,9.0399999618530273,8.8400001525878906,8.9600000381469727,5,5,5,1942-01-12,1942-01-16,0,False,False
1942-01-23,8.9600000381469727,8.9600000381469727,8.8100004196166992,8.8400001525878906,5,5,5,1942-01-19,1942-01-23,0,False,False
1942-01-30,8.9700002670288086,8.9899997711181641,8.8500003814697266,8.8500003814697266,5,5,5,1942-01-26,1942-01-30,0,False,False
1942-02-06,8.8400001525878906,8.9700002670288086,8.8400001525878906,8.8500003814697266,5,5,5,1942-02-02,1942-02-06,0,False,False
1942-02-13,8.7399997711181641,8.7399997711181641,8.6000003814697266,8.619999885559082,4,4,4,1942-02-09,1942-02-13,0,False,False
1942-02-20,8.6499996185302734,8.6499996185302734,8.4700002670288086,8.4700002670288086,5,5,5,1942-02-16,1942-02-20,0,False,False
1942-02-27,8.5200004577636719,8.5900001525878906,8.4600000381469727,8.5900001525878906,4,4,4,1942-02-24,1942-02-27,0,False,False
1942-03-06,8.4700002670288086,8.6000003814697266,8.1599998474121094,8.1599998474121094,5,5,5,1942-03-02,1942-03-06,0,False,False
1942-03-13,8.1999998092651367,8.1999998092651367,7.9800000190734863,8.0299997329711914,5,5,5,1942-03-09,1942-03-13,0,False,False
1942-03-20,8.119999885559082,8.2899999618530273,8.1099996566772461,8.1099996566772461,5,5,5,1942-03-16,1942-03-20,0,False,False
1942-03-27,8.1499996185302734,8.2200002670288086,8.0500001907348633,8.0500001907348633,5,5,5,1942-03-23,1942-03-27,0,False,False
1942-04-03,8.0600004196166992,8.1099996566772461,8.0100002288818359,8.1099996566772461,4,4,4,1942-03-30,1942-04-02,0,False,False
1942-04-10,8.1999998092651367,8.1999998092651367,7.9800000190734863,7.9800000190734863,5,5,5,1942-04-06,1942-04-10,0,False,False
1942-04-17,7.9600000381469727,7.9600000381469727,7.6999998092651367,7.6999998092651367,5,5,5,1942-04-13,1942-04-17,0,False,False
1942-04-24,7.7899999618530273,7.809999942779541,7.5500001907348633,7.5500001907348633,5,5,5,1942-04-20,1942-04-24,0,False,False
1942-05-01,7.5399999618530273,7.7100000381469727,7.4699997901916504,7.7100000381469727,5,5,5,1942-04-27,1942-05-01,0,False,False
1942-05-08,7.7699999809265137,7.8899998664855957,7.7699999809265137,7.8899998664855957,5,5,5,1942-05-04,1942-05-08,0,False,False
1942-05-15,8,8,7.7899999618530273,7.880000114440918,5,5,5,1942-05-11,1942-05-15,0,False,False
1942-05-22,7.940000057220459,8.0200004577636719,7.8899998664855957,8.0100002288818359,5,5,5,1942-05-18,1942-05-22,0,False,False
1942-05-29,7.9800000190734863,8.1800003051757812,7.9800000190734863,8.1499996185302734,5,5,5,1942-05-25,1942-05-29,0,False,False
1942-06-05,8.1899995803833008,8.369999885559082,8.1800003051757812,8.369999885559082,5,5,5,1942-06-01,1942-06-05,0,False,False
1942-06-12,8.4700002670288086,8.4700002670288086,8.3199996948242188,8.3199996948242188,5,5,5,1942-06-08,1942-06-12,0,False,False
1942-06-19,8.380000114440918,8.5299997329711914,8.380000114440918,8.3999996185302734,5,5,5,1942-06-15,1942-06-19,0,False,False
1942-06-26,8.25,8.25,8.2100000381469727,8.2299995422363281,5,5,5,1942-06-22,1942-06-26,0,False,False
1942-07-03,8.2799997329711914,8.4399995803833008,8.2299995422363281,8.4399995803833008,5,5,5,1942-06-29,1942-07-03,0,False,False
1942-07-10,8.5299997329711914,8.8100004196166992,8.5100002288818359,8.8000001907348633,5,5,5,1942-07-06,1942-07-10,0,False,False
1942-07-17,8.7299995422363281,8.8299999237060547,8.7200002670288086,8.7200002670288086,5,5,5,1942-07-13,1942-07-17,0,False,False
1942-07-24,8.75,8.7700004577636719,8.619999885559082,8.630000114440918,5,5,5,1942-07-20,1942-07-24,0,False,False
1942-07-31,8.630000114440918,8.630000114440918,8.4799995422363281,8.5600004196166992,5,5,5,1942-07-27,1942-07-31,0,False,False
1942-08-07,8.5699996948242188,8.5699996948242188,8.4600000381469727,8.4899997711181641,5,5,5,1942-08-03,1942-08-07,0,False,False
1942-08-14,8.4799995422363281,8.5799999237060547,8.4799995422363281,8.5799999237060547,5,5,5,1942-08-10,1942-08-14,0,False,False
1942-08-21,8.6499996185302734,8.7299995422363281,8.6499996185302734,8.7100000381469727,5,5,5,1942-08-17,1942-08-21,0,False,False
1942-08-28,8.7299995422363281,8.7299995422363281,8.5399999618530273,8.6099996566772461,5,5,5,1942-08-24,1942-08-28,0,False,False
1942-09-04,8.619999885559082,8.630000114440918,8.6099996566772461,8.6099996566772461,5,5,5,1942-08-31,1942-09-04,0,False,False
1942-09-11,8.6800003051757812,8.6800003051757812,8.5399999618530273,8.5399999618530273,4,4,4,1942-09-08,1942-09-11,0,False,False
1942-09-18,8.5500001907348633,8.6599998474121094,8.5500001907348633,8.6599998474121094,5,5,5,1942-09-14,1942-09-18,0,False,False
1942-09-25,8.6499996185302734,8.8999996185302734,8.6499996185302734,8.8999996185302734,5,5,5,1942-09-21,1942-09-25,0,False,False
1942-10-02,8.8900003433227539,9.0500001907348633,8.8500003814697266,9.0500001907348633,5,5,5,1942-09-28,1942-10-02,0,False,False
1942-10-09,9.130000114440918,9.3400001525878906,9.130000114440918,9.3400001525878906,5,5,5,1942-10-05,1942-10-09,0,False,False
1942-10-16,9.4499998092651367,9.4499998092651367,9.3100004196166992,9.3500003814697266,4,4,4,1942-10-13,1942-10-16,0,False,False
1942-10-23,9.3500003814697266,9.4700002670288086,9.3500003814697266,9.4300003051757812,5,5,5,1942-10-19,1942-10-23,0,False,False
1942-10-30,9.4799995422363281,9.4799995422363281,9.3000001907348633,9.3599996566772461,5,5,5,1942-10-26,1942-10-30,0,False,False
1942-11-06,9.4799995422363281,9.5799999237060547,9.4399995803833008,9.5799999237060547,4,4,4,1942-11-02,1942-11-06,0,False,False
1942-11-13,9.6899995803833008,9.6899995803833008,9.5699996948242188,9.5699996948242188,4,4,4,1942-11-09,1942-11-13,0,False,False
1942-11-20,9.4799995422363281,9.4799995422363281,9.3599996566772461,9.4799995422363281,5,5,5,1942-11-16,1942-11-20,0,False,False
1942-11-27,9.369999885559082,9.369999885559082,9.3100004196166992,9.3400001525878906,4,4,4,1942-11-23,1942-11-27,0,False,False
1942-12-04,9.2899999618530273,9.3400001525878906,9.2799997329711914,9.3400001525878906,5,5,5,1942-11-30,1942-12-04,0,False,False
1942-12-11,9.3000001907348633,9.369999885559082,9.3000001907348633,9.369999885559082,5,5,5,1942-12-07,1942-12-11,0,False,False
1942-12-18,9.4200000762939453,9.6899995803833008,9.4200000762939453,9.6800003051757812,5,5,5,1942-12-14,1942-12-18,0,False,False
1942-12-25,9.6800003051757812,9.7399997711181641,9.6700000762939453,9.7399997711181641,4,4,4,1942-12-21,1942-12-24,0,False,False
1943-01-01,9.6499996185302734,9.7700004577636719,9.6499996185302734,9.7700004577636719,4,4,4,1942-12-28,1942-12-31,0,False,False
1943-01-08,9.9200000762939453,9.9200000762939453,9.8900003433227539,9.9200000762939453,5,5,5,1943-01-04,1943-01-08,0,False,False
1943-01-15,9.9600000381469727,10.090000152587891,9.9300003051757812,10.090000152587891,5,5,5,1943-01-11,1943-01-15,0,False,False
1943-01-22,10.119999885559082,10.180000305175781,10.020000457763672,10.170000076293945,5,5,5,1943-01-18,1943-01-22,0,False,False
1943-01-29,10.300000190734863,10.439999580383301,10.300000190734863,10.439999580383301,5,5,5,1943-01-25,1943-01-29,0,False,False
1943-02-05,10.520000457763672,10.520000457763672,10.430000305175781,10.510000228881836,5,5,5,1943-02-01,1943-02-05,0,False,False
1943-02-12,10.5,10.670000076293945,10.5,10.670000076293945,4,4,4,1943-02-08,1943-02-11,0,False,False
1943-02-19,10.810000419616699,10.810000419616699,10.640000343322754,10.640000343322754,5,5,5,1943-02-15,1943-02-19,0,False,False
1943-02-26,10.840000152587891,10.970000267028809,10.840000152587891,10.970000267028809,4,4,4,1943-02-23,1943-02-26,0,False,False
1943-03-05,10.920000076293945,11.050000190734863,10.840000152587891,11.050000190734863,5,5,5,1943-03-01,1943-03-05,0,False,False
1943-03-12,11.010000228881836,11.050000190734863,10.899999618530273,11.050000190734863,5,5,5,1943-03-08,1943-03-12,0,False,False
1943-03-19,11.039999961853027,11.039999961853027,10.880000114440918,10.880000114440918,5,5,5,1943-03-15,1943-03-19,0,False,False
1943-03-26,10.920000076293945,11.300000190734863,10.920000076293945,11.300000190734863,5,5,5,1943-03-22,1943-03-26,0,False,False
1943-04-02,11.489999771118164,11.590000152587891,11.489999771118164,11.560000419616699,5,5,5,1943-03-29,1943-04-02,0,False,False
1943-04-09,11.590000152587891,11.760000228881836,11.140000343322754,11.140000343322754,5,5,5,1943-04-05,1943-04-09,0,False,False
1943-04-16,11.149999618530273,11.359999656677246,11.140000343322754,11.329999923706055,5,5,5,1943-04-12,1943-04-16,0,False,False
1943-04-23,11.380000114440918,11.479999542236328,11.340000152587891,11.479999542236328,4,4,4,1943-04-19,1943-04-22,0,False,False
1943-04-30,11.479999542236328,11.590000152587891,11.479999542236328,11.590000152587891,5,5,5,1943-04-26,1943-04-30,0,False,False
1943-05-07,11.819999694824219,11.970000267028809,11.810000419616699,11.810000419616699,5,5,5,1943-05-03,1943-05-07,0,False,False
1943-05-14,11.970000267028809,11.970000267028809,11.699999809265137,11.699999809265137,5,5,5,1943-05-10,1943-05-14,0,False,False
1943-05-21,11.720000267028809,11.930000305175781,11.720000267028809,11.899999618530273,5,5,5,1943-05-17,1943-05-21,0,False,False
1943-05-28,11.869999885559082,12.050000190734863,11.869999885559082,12.050000190734863,5,5,5,1943-05-24,1943-05-28,0,False,False
1943-06-04,12.180000305175781,12.239999771118164,12.180000305175781,12.180000305175781,4,4,4,1943-06-01,1943-06-04,0,False,False
1943-06-11,12.149999618530273,12.149999618530273,12.079999923706055,12.079999923706055,5,5,5,1943-06-07,1943-06-11,0,False,False
1943-06-18,11.880000114440918,11.970000267028809,11.880000114440918,11.960000038146973,5,5,5,1943-06-14,1943-06-18,0,False,False
1943-06-25,11.899999618530273,12.210000038146973,11.890000343322754,12.210000038146973,5,5,5,1943-06-21,1943-06-25,0,False,False
1943-07-02,12.319999694824219,12.359999656677246,12.279999732971191,12.350000381469727,5,5,5,1943-06-28,1943-07-02,0,False,False
1943-07-09,12.369999885559082,12.409999847412109,12.350000381469727,12.409999847412109,4,4,4,1943-07-06,1943-07-09,0,False,False
1943-07-16,12.489999771118164,12.640000343322754,12.489999771118164,12.539999961853027,5,5,5,1943-07-12,1943-07-16,0,False,False
1943-07-23,12.550000190734863,12.550000190734863,12.470000267028809,12.510000228881836,5,5,5,1943-07-19,1943-07-23,0,False,False
1943-07-30,12.310000419616699,12.310000419616699,11.850000381469727,11.850000381469727,5,5,5,1943-07-26,1943-07-30,0,False,False
1943-08-06,11.470000267028809,11.789999961853027,11.470000267028809,11.630000114440918,5,5,5,1943-08-02,1943-08-06,0,False,False
1943-08-13,11.600000381469727,11.840000152587891,11.600000381469727,11.840000152587891,5,5,5,1943-08-09,1943-08-13,0,False,False
1943-08-20,11.810000419616699,11.920000076293945,11.810000419616699,11.810000419616699,5,5,5,1943-08-16,1943-08-20,0,False,False
1943-08-27,11.600000381469727,11.75,11.600000381469727,11.670000076293945,5,5,5,1943-08-23,1943-08-27,0,False,False
1943-09-03,11.670000076293945,11.840000152587891,11.670000076293945,11.819999694824219,5,5,5,1943-08-30,1943-09-03,0,False,False
1943-09-10,11.850000381469727,11.930000305175781,11.779999732971191,11.930000305175781,4,4,4,1943-09-07,1943-09-10,0,False,False
1943-09-17,11.909999847412109,12.100000381469727,11.890000343322754,12.100000381469727,5,5,5,1943-09-13,1943-09-17,0,False,False
1943-09-24,12.229999542236328,12.239999771118164,12.100000381469727,12.100000381469727,5,5,5,1943-09-20,1943-09-24,0,False,False
1943-10-01,12,12.090000152587891,11.979999542236328,12.090000152587891,5,5,5,1943-09-27,1943-10-01,0,False,False
1943-10-08,12.020000457763672,12.020000457763672,11.670000076293945,11.720000267028809,5,5,5,1943-10-04,1943-10-08,0,False,False
1943-10-15,11.699999809265137,11.829999923706055,11.699999809265137,11.829999923706055,4,4,4,1943-10-11,1943-10-15,0,False,False
1943-10-22,11.850000381469727,11.949999809265137,11.840000152587891,11.890000343322754,5,5,5,1943-10-18,1943-10-22,0,False,False
1943-10-29,11.880000114440918,11.989999771118164,11.880000114440918,11.909999847412109,5,5,5,1943-10-25,1943-10-29,0,False,False
1943-11-05,11.920000076293945,11.920000076293945,11.590000152587891,11.590000152587891,4,4,4,1943-11-01,1943-11-05,0,False,False
1943-11-12,11.260000228881836,11.409999847412109,11.260000228881836,11.289999961853027,4,4,4,1943-11-08,1943-11-12,0,False,False
1943-11-19,11.25,11.300000190734863,11.130000114440918,11.300000190734863,5,5,5,1943-11-15,1943-11-19,0,False,False
1943-11-26,11.340000152587891,11.340000152587891,11.149999618530273,11.149999618530273,4,4,4,1943-11-22,1943-11-26,0,False,False
1943-12-03,10.989999771118164,11.229999542236328,10.989999771118164,11.229999542236328,5,5,5,1943-11-29,1943-12-03,0,False,False
1943-12-10,11.279999732971191,11.5,11.279999732971191,11.489999771118164,5,5,5,1943-12-06,1943-12-10,0,False,False
1943-12-17,11.479999542236328,11.560000419616699,11.439999580383301,11.560000419616699,5,5,5,1943-12-13,1943-12-17,0,False,False
1943-12-24,11.640000343322754,11.640000343322754,11.590000152587891,11.609999656677246,5,5,5,1943-12-20,1943-12-24,0,False,False
1943-12-31,11.590000152587891,11.689999580383301,11.479999542236328,11.670000076293945,5,5,5,1943-12-27,1943-12-31,0,False,False
1944-01-07,11.659999847412109,11.939999580383301,11.659999847412109,11.869999885559082,5,5,5,1944-01-03,1944-01-07,0,False,False
1944-01-14,11.850000381469727,11.920000076293945,11.810000419616699,11.859999656677246,5,5,5,1944-01-10,1944-01-14,0,False,False
1944-01-21,11.899999618530273,11.899999618530273,11.869999885559082,11.899999618530273,5,5,5,1944-01-17,1944-01-21,0,False,False
1944-01-28,11.890000343322754,11.890000343322754,11.739999771118164,11.810000419616699,5,5,5,1944-01-24,1944-01-28,0,False,False
1944-02-04,11.850000381469727,11.850000381469727,11.600000381469727,11.600000381469727,5,5,5,1944-01-31,1944-02-04,0,False,False
1944-02-11,11.560000419616699,11.75,11.560000419616699,11.739999771118164,5,5,5,1944-02-07,1944-02-11,0,False,False
1944-02-18,11.739999771118164,11.869999885559082,11.739999771118164,11.779999732971191,5,5,5,1944-02-14,1944-02-18,0,False,False
1944-02-25,11.760000228881836,11.880000114440918,11.760000228881836,11.800000190734863,4,4,4,1944-02-21,1944-02-25,0,False,False
1944-03-03,11.890000343322754,11.899999618530273,11.819999694824219,11.899999618530273,5,5,5,1944-02-28,1944-03-03,0,False,False
1944-03-10,11.930000305175781,12.109999656677246,11.930000305175781,12.100000381469727,5,5,5,1944-03-06,1944-03-10,0,False,False
1944-03-17,12.239999771118164,12.310000419616699,12.220000267028809,12.310000419616699,5,5,5,1944-03-13,1944-03-17,0,False,False
1944-03-24,12.199999809265137,12.25,12.100000381469727,12.130000114440918,5,5,5,1944-03-20,1944-03-24,0,False,False
1944-03-31,12.100000381469727,12.100000381469727,11.949999809265137,12.020000457763672,5,5,5,1944-03-27,1944-03-31,0,False,False
1944-04-07,11.960000038146973,12.039999961853027,11.960000038146973,12.039999961853027,4,4,4,1944-04-03,1944-04-06,0,False,False
1944-04-14,12.060000419616699,12.060000419616699,11.949999809265137,11.949999809265137,5,5,5,1944-04-10,1944-04-14,0,False,False
1944-04-21,11.939999580383301,11.939999580383301,11.689999580383301,11.800000190734863,5,5,5,1944-04-17,1944-04-21,0,False,False
1944-04-28,11.670000076293945,11.869999885559082,11.670000076293945,11.869999885559082,5,5,5,1944-04-24,1944-04-28,0,False,False
1944-05-05,11.960000038146973,12.079999923706055,11.949999809265137,12.079999923706055,5,5,5,1944-05-01,1944-05-05,0,False,False
1944-05-12,12.090000152587891,12.090000152587891,12,12,5,5,5,1944-05-08,1944-05-12,0,False,False
1944-05-19,11.989999771118164,12.119999885559082,11.989999771118164,12.119999885559082,5,5,5,1944-05-15,1944-05-19,0,False,False
1944-05-26,12.130000114440918,12.220000267028809,12.130000114440918,12.220000267028809,5,5,5,1944-05-22,1944-05-26,0,False,False
1944-06-02,12.270000457763672,12.350000381469727,12.270000457763672,12.300000190734863,4,4,4,1944-05-29,1944-06-02,0,False,False
1944-06-09,12.229999542236328,12.310000419616699,12.229999542236328,12.270000457763672,5,5,5,1944-06-05,1944-06-09,0,False,False
1944-06-16,12.550000190734863,12.819999694824219,12.550000190734863,12.819999694824219,5,5,5,1944-06-12,1944-06-16,0,False,False
1944-06-23,12.949999809265137,12.970000267028809,12.899999618530273,12.899999618530273,5,5,5,1944-06-19,1944-06-23,0,False,False
1944-06-30,12.979999542236328,13.020000457763672,12.939999580383301,12.979999542236328,5,5,5,1944-06-26,1944-06-30,0,False,False
1944-07-07,13.109999656677246,13.180000305175781,13.109999656677246,13.159999847412109,4,4,4,1944-07-03,1944-07-07,0,False,False
1944-07-14,13.270000457763672,13.270000457763672,13.220000267028809,13.229999542236328,5,5,5,1944-07-10,1944-07-14,0,False,False
1944-07-21,13.100000381469727,13.100000381469727,12.779999732971191,12.779999732971191,5,5,5,1944-07-17,1944-07-21,0,False,False
1944-07-28,12.699999809265137,12.800000190734863,12.699999809265137,12.699999809265137,5,5,5,1944-07-24,1944-07-28,0,False,False
1944-08-04,12.710000038146973,12.810000419616699,12.609999656677246,12.609999656677246,5,5,5,1944-07-31,1944-08-04,0,False,False
1944-08-11,12.670000076293945,12.829999923706055,12.619999885559082,12.829999923706055,5,5,5,1944-08-07,1944-08-11,0,False,False
1944-08-18,12.850000381469727,13.039999961853027,12.840000152587891,13.039999961853027,5,5,5,1944-08-14,1944-08-18,0,False,False
1944-08-25,12.979999542236328,12.979999542236328,12.800000190734863,12.800000190734863,5,5,5,1944-08-21,1944-08-25,0,False,False
1944-09-01,12.800000190734863,12.869999885559082,12.800000190734863,12.859999656677246,5,5,5,1944-08-28,1944-09-01,0,False,False
1944-09-08,12.779999732971191,12.779999732971191,12.409999847412109,12.409999847412109,4,4,4,1944-09-05,1944-09-08,0,False,False
1944-09-15,12.479999542236328,12.539999961853027,12.350000381469727,12.449999809265137,5,5,5,1944-09-11,1944-09-15,0,False,False
1944-09-22,12.529999732971191,12.659999847412109,12.529999732971191,12.649999618530273,5,5,5,1944-09-18,1944-09-22,0,False,False
1944-09-29,12.760000228881836,12.760000228881836,12.689999580383301,12.739999771118164,5,5,5,1944-09-25,1944-09-29,0,False,False
1944-10-06,12.800000190734863,12.970000267028809,12.800000190734863,12.970000267028809,5,5,5,1944-10-02,1944-10-06,0,False,False
1944-10-13,12.890000343322754,13.020000457763672,12.890000343322754,13.020000457763672,4,4,4,1944-10-09,1944-10-13,0,False,False
1944-10-20,12.949999809265137,13.069999694824219,12.949999809265137,13.020000457763672,5,5,5,1944-10-16,1944-10-20,0,False,False
1944-10-27,12.800000190734863,12.829999923706055,12.729999542236328,12.75,5,5,5,1944-10-23,1944-10-27,0,False,False
1944-11-03,12.760000228881836,12.899999618530273,12.760000228881836,12.890000343322754,5,5,5,1944-10-30,1944-11-03,0,False,False
1944-11-10,12.960000038146973,12.979999542236328,12.939999580383301,12.979999542236328,4,4,4,1944-11-06,1944-11-10,0,False,False
1944-11-17,12.869999885559082,12.869999885559082,12.670000076293945,12.670000076293945,5,5,5,1944-11-13,1944-11-17,0,False,False
1944-11-24,12.720000267028809,12.819999694824219,12.720000267028809,12.75,4,4,4,1944-11-20,1944-11-24,0,False,False
1944-12-01,12.789999961853027,12.850000381469727,12.779999732971191,12.800000190734863,5,5,5,1944-11-27,1944-12-01,0,False,False
1944-12-08,12.909999847412109,13.090000152587891,12.909999847412109,13.090000152587891,5,5,5,1944-12-04,1944-12-08,0,False,False
1944-12-15,13.170000076293945,13.270000457763672,13.100000381469727,13.270000457763672,5,5,5,1944-12-11,1944-12-15,0,False,False
1944-12-22,13.189999580383301,13.229999542236328,13.109999656677246,13.119999885559082,5,5,5,1944-12-18,1944-12-22,0,False,False
1944-12-29,13.029999732971191,13.279999732971191,12.970000267028809,13.279999732971191,4,4,4,1944-12-26,1944-12-29,0,False,False
1945-01-05,13.329999923706055,13.489999771118164,13.329999923706055,13.460000038146973,4,4,4,1945-01-02,1945-01-05,0,False,False
1945-01-12,13.579999923706055,13.689999580383301,13.579999923706055,13.640000343322754,5,5,5,1945-01-08,1945-01-12,0,False,False
1945-01-19,13.550000190734863,13.630000114440918,13.439999580383301,13.439999580383301,5,5,5,1945-01-15,1945-01-19,0,False,False
1945-01-26,13.300000190734863,13.460000038146973,13.210000038146973,13.460000038146973,5,5,5,1945-01-22,1945-01-26,0,False,False
1945-02-02,13.539999961853027,13.600000381469727,13.460000038146973,13.600000381469727,5,5,5,1945-01-29,1945-02-02,0,False,False
1945-02-09,13.699999809265137,13.760000228881836,13.680000305175781,13.680000305175781,5,5,5,1945-02-05,1945-02-09,0,False,False
1945-02-16,13.899999618530273,14.069999694824219,13.899999618530273,14.050000190734863,4,4,4,1945-02-13,1945-02-16,0,False,False
1945-02-23,14.159999847412109,14.210000038146973,14.159999847412109,14.159999847412109,4,4,4,1945-02-19,1945-02-23,0,False,False
1945-03-02,14.090000152587891,14.319999694824219,14.090000152587891,14.229999542236328,5,5,5,1945-02-26,1945-03-02,0,False,False
1945-03-09,14.300000190734863,14.380000114440918,13.819999694824219,13.819999694824219,5,5,5,1945-03-05,1945-03-09,0,False,False
1945-03-16,13.989999771118164,14.090000152587891,13.989999771118164,14.090000152587891,5,5,5,1945-03-12,1945-03-16,0,False,False
1945-03-23,14.010000228881836,14.010000228881836,13.680000305175781,13.739999771118164,5,5,5,1945-03-19,1945-03-23,0,False,False
1945-03-30,13.390000343322754,13.609999656677246,13.390000343322754,13.609999656677246,4,4,4,1945-03-26,1945-03-29,0,False,False
1945-04-06,13.770000457763672,13.789999961853027,13.670000076293945,13.770000457763672,5,5,5,1945-04-02,1945-04-06,0,False,False
1945-04-13,13.810000419616699,14.199999809265137,13.810000419616699,14.199999809265137,5,5,5,1945-04-09,1945-04-13,0,False,False
1945-04-20,14.489999771118164,14.649999618530273,14.489999771118164,14.489999771118164,5,5,5,1945-04-16,1945-04-20,0,False,False
1945-04-27,14.630000114440918,14.699999809265137,14.630000114440918,14.699999809265137,5,5,5,1945-04-23,1945-04-27,0,False,False
1945-05-04,14.840000152587891,14.920000076293945,14.770000457763672,14.920000076293945,5,5,5,1945-04-30,1945-05-04,0,False,False
1945-05-11,14.930000305175781,14.960000038146973,14.619999885559082,14.619999885559082,5,5,5,1945-05-07,1945-05-11,0,False,False
1945-05-18,14.630000114440918,14.869999885559082,14.630000114440918,14.869999885559082,5,5,5,1945-05-14,1945-05-18,0,False,False
1945-05-25,14.819999694824219,14.819999694824219,14.699999809265137,14.789999961853027,5,5,5,1945-05-21,1945-05-25,0,False,False
1945-06-01,15.029999732971191,15.109999656677246,15.010000228881836,15.029999732971191,4,4,4,1945-05-28,1945-06-01,0,False,False
1945-06-08,15.050000190734863,15.050000190734863,14.930000305175781,14.930000305175781,5,5,5,1945-06-04,1945-06-08,0,False,False
1945-06-15,14.890000343322754,15.100000381469727,14.890000343322754,15.100000381469727,5,5,5,1945-06-11,1945-06-15,0,False,False
1945-06-22,15.090000152587891,15.279999732971191,15.090000152587891,15.279999732971191,5,5,5,1945-06-18,1945-06-22,0,False,False
1945-06-29,15.350000381469727,15.369999885559082,14.869999885559082,14.869999885559082,5,5,5,1945-06-25,1945-06-29,0,False,False
1945-07-06,15.029999732971191,15.029999732971191,14.859999656677246,14.909999847412109,4,4,4,1945-07-02,1945-07-06,0,False,False
1945-07-13,15.039999961853027,15.100000381469727,15.039999961853027,15.050000190734863,5,5,5,1945-07-09,1945-07-13,0,False,False
1945-07-20,14.939999580383301,14.939999580383301,14.560000419616699,14.659999847412109,5,5,5,1945-07-16,1945-07-20,0,False,False
1945-07-27,14.510000228881836,14.680000305175781,14.380000114440918,14.449999809265137,5,5,5,1945-07-23,1945-07-27,0,False,False
1945-08-03,14.600000381469727,14.680000305175781,14.600000381469727,14.680000305175781,5,5,5,1945-07-30,1945-08-03,0,False,False
1945-08-10,14.720000267028809,14.789999961853027,14.520000457763672,14.779999732971191,5,5,5,1945-08-06,1945-08-10,0,False,False
1945-08-17,14.609999656677246,14.699999809265137,14.609999656677246,14.619999885559082,3,3,3,1945-08-13,1945-08-17,0,False,False
1945-08-24,14.399999618530273,15.050000190734863,14.399999618530273,15.050000190734863,5,5,5,1945-08-20,1945-08-24,0,False,False
1945-08-31,15.270000457763672,15.510000228881836,15.270000457763672,15.510000228881836,5,5,5,1945-08-27,1945-08-31,0,False,False
1945-09-07,15.510000228881836,15.739999771118164,15.510000228881836,15.729999542236328,4,4,4,1945-09-04,1945-09-07,0,False,False
1945-09-14,15.779999732971191,15.949999809265137,15.779999732971191,15.859999656677246,5,5,5,1945-09-10,1945-09-14,0,False,False
1945-09-21,15.510000228881836,16.030000686645508,15.510000228881836,15.949999809265137,5,5,5,1945-09-17,1945-09-21,0,False,False
1945-09-28,15.909999847412109,16.049999237060547,15.859999656677246,16.049999237060547,5,5,5,1945-09-24,1945-09-28,0,False,False
1945-10-05,16.329999923706055,16.379999160766602,16.299999237060547,16.379999160766602,5,5,5,1945-10-01,1945-10-05,0,False,False
1945-10-12,16.5,16.600000381469727,16.5,16.579999923706055,4,4,4,1945-10-08,1945-10-11,0,False,False
1945-10-19,16.590000152587891,16.719999313354492,16.590000152587891,16.590000152587891,5,5,5,1945-10-15,1945-10-19,0,False,False
1945-10-26,16.709999084472656,16.709999084472656,16.329999923706055,16.489999771118164,5,5,5,1945-10-22,1945-10-26,0,False,False
1945-11-02,16.299999237060547,16.870000839233398,16.299999237060547,16.860000610351562,5,5,5,1945-10-29,1945-11-02,0,False,False
1945-11-09,16.940000534057617,17.139999389648438,16.940000534057617,17.100000381469727,4,4,4,1945-11-05,1945-11-09,0,False,False
1945-11-16,17.040000915527344,17.079999923706055,16.950000762939453,17,4,4,4,1945-11-13,1945-11-16,0,False,False
1945-11-23,17.190000534057617,17.270000457763672,16.850000381469727,16.850000381469727,4,4,4,1945-11-19,1945-11-23,0,False,False
1945-11-30,16.940000534057617,17.190000534057617,16.940000534057617,17.190000534057617,5,5,5,1945-11-26,1945-11-30,0,False,False
1945-12-07,17.440000534057617,17.540000915527344,17.409999847412109,17.540000915527344,5,5,5,1945-12-03,1945-12-07,0,False,False
1945-12-14,17.680000305175781,17.680000305175781,17.290000915527344,17.309999465942383,5,5,5,1945-12-10,1945-12-14,0,False,False
1945-12-21,16.940000534057617,17.100000381469727,16.940000534057617,16.979999542236328,5,5,5,1945-12-17,1945-12-21,0,False,False
1945-12-28,17.409999847412109,17.409999847412109,17.280000686645508,17.309999465942383,3,3,3,1945-12-26,1945-12-28,0,False,False
1946-01-04,17.360000610351562,17.360000610351562,17.229999542236328,17.229999542236328,4,4,4,1945-12-31,1946-01-04,0,False,False
1946-01-11,17.309999465942383,18.129999160766602,17.309999465942383,18.129999160766602,5,5,5,1946-01-07,1946-01-11,0,False,False
1946-01-18,18.329999923706055,18.379999160766602,18.299999237060547,18.299999237060547,5,5,5,1946-01-14,1946-01-18,0,False,False
1946-01-25,17.739999771118164,18.120000839233398,17.739999771118164,18.090000152587891,5,5,5,1946-01-21,1946-01-25,0,False,False
1946-02-01,18.620000839233398,18.670000076293945,18.559999465942383,18.639999389648438,5,5,5,1946-01-28,1946-02-01,0,False,False
1946-02-08,18.620000839233398,18.700000762939453,18.549999237060547,18.549999237060547,5,5,5,1946-02-04,1946-02-08,0,False,False
1946-02-15,18.239999771118164,18.440000534057617,17.979999542236328,18.440000534057617,4,4,4,1946-02-11,1946-02-15,0,False,False
1946-02-22,18.379999160766602,18.379999160766602,17.370000839233398,17.719999313354492,4,4,4,1946-02-18,1946-02-21,0,False,False
1946-03-01,16.909999847412109,17.280000686645508,16.809999465942383,17.209999084472656,5,5,5,1946-02-25,1946-03-01,0,False,False
1946-03-08,17.090000152587891,17.489999771118164,17.090000152587891,17.489999771118164,5,5,5,1946-03-04,1946-03-08,0,False,False
1946-03-15,17.379999160766602,17.420000076293945,17.090000152587891,17.280000686645508,5,5,5,1946-03-11,1946-03-15,0,False,False
1946-03-22,17.569999694824219,17.700000762939453,17.450000762939453,17.700000762939453,5,5,5,1946-03-18,1946-03-22,0,False,False
1946-03-29,18.069999694824219,18.069999694824219,17.930000305175781,18.040000915527344,5,5,5,1946-03-25,1946-03-29,0,False,False
1946-04-05,18.059999465942383,18.579999923706055,18.059999465942383,18.540000915527344,5,5,5,1946-04-01,1946-04-05,0,False,False
1946-04-12,18.620000839233398,18.879999160766602,18.620000839233398,18.770000457763672,5,5,5,1946-04-08,1946-04-12,0,False,False
1946-04-19,18.620000839233398,18.899999618530273,18.620000839233398,18.899999618530273,4,4,4,1946-04-15,1946-04-18,0,False,False
1946-04-26,18.879999160766602,18.879999160766602,18.540000915527344,18.579999923706055,5,5,5,1946-04-22,1946-04-26,0,False,False
1946-05-03,18.719999313354492,18.760000228881836,18.459999084472656,18.459999084472656,5,5,5,1946-04-29,1946-05-03,0,False,False
1946-05-10,18.260000228881836,18.739999771118164,18.260000228881836,18.739999771118164,5,5,5,1946-05-06,1946-05-10,0,False,False
1946-05-17,18.790000915527344,18.790000915527344,18.530000686645508,18.600000381469727,5,5,5,1946-05-13,1946-05-17,0,False,False
1946-05-24,18.639999389648438,18.799999237060547,18.639999389648438,18.780000686645508,5,5,5,1946-05-20,1946-05-24,0,False,False
1946-05-31,18.920000076293945,19.25,18.920000076293945,19.180000305175781,4,4,4,1946-05-27,1946-05-31,0,False,False
1946-06-07,19.049999237060547,19.049999237060547,18.809999465942383,18.819999694824219,5,5,5,1946-06-03,1946-06-07,0,False,False
1946-06-14,18.850000381469727,18.850000381469727,18.649999618530273,18.790000915527344,5,5,5,1946-06-10,1946-06-14,0,False,False
1946-06-21,18.809999465942383,18.809999465942383,18.030000686645508,18.229999542236328,5,5,5,1946-06-17,1946-06-21,0,False,False
1946-06-28,18.270000457763672,18.430000305175781,18.110000610351562,18.430000305175781,5,5,5,1946-06-24,1946-06-28,0,False,False
1946-07-05,18.540000915527344,18.540000915527344,18.430000305175781,18.430000305175781,4,4,4,1946-07-01,1946-07-05,0,False,False
1946-07-12,18.360000610351562,18.489999771118164,18.270000457763672,18.270000457763672,5,5,5,1946-07-08,1946-07-12,0,False,False
1946-07-19,17.950000762939453,18.069999694824219,17.950000762939453,17.979999542236328,5,5,5,1946-07-15,1946-07-19,0,False,False
1946-07-26,17.930000305175781,17.930000305175781,17.389999389648438,17.600000381469727,5,5,5,1946-07-22,1946-07-26,0,False,False
1946-08-02,17.659999847412109,18.020000457763672,17.659999847412109,18.020000457763672,5,5,5,1946-07-29,1946-08-02,0,False,False
1946-08-09,17.909999847412109,18.110000610351562,17.860000610351562,18.049999237060547,5,5,5,1946-08-05,1946-08-09,0,False,False
1946-08-16,18.079999923706055,18.229999542236328,17.840000152587891,17.840000152587891,5,5,5,1946-08-12,1946-08-16,0,False,False
1946-08-23,17.809999465942383,17.909999847412109,17.559999465942383,17.579999923706055,5,5,5,1946-08-19,1946-08-23,0,False,False
1946-08-30,17.469999313354492,17.469999313354492,16.649999618530273,16.649999618530273,5,5,5,1946-08-26,1946-08-30,0,False,False
1946-09-06,15,15.989999771118164,15,15.840000152587891,4,4,4,1946-09-03,1946-09-06,0,False,False
1946-09-13,15.010000228881836,15.310000419616699,14.590000152587891,15.310000419616699,5,5,5,1946-09-09,1946-09-13,0,False,False
1946-09-20,15.399999618530273,15.399999618530273,14.329999923706055,14.689999580383301,5,5,5,1946-09-16,1946-09-20,0,False,False
1946-09-27,14.409999847412109,15.270000457763672,14.409999847412109,15.109999656677246,5,5,5,1946-09-23,1946-09-27,0,False,False
1946-10-04,14.960000038146973,15,14.810000419616699,14.810000419616699,5,5,5,1946-09-30,1946-10-04,0,False,False
1946-10-11,14.699999809265137,14.699999809265137,14.119999885559082,14.630000114440918,5,5,5,1946-10-07,1946-10-11,0,False,False
1946-10-18,14.710000038146973,15.300000190734863,14.710000038146973,14.970000267028809,5,5,5,1946-10-14,1946-10-18,0,False,False
1946-10-25,15,15,14.699999809265137,14.699999809265137,5,5,5,1946-10-21,1946-10-25,0,False,False
1946-11-01,14.390000343322754,15.069999694824219,14.260000228881836,15.069999694824219,5,5,5,1946-10-28,1946-11-01,0,False,False
1946-11-08,15.329999923706055,15.329999923706055,14.670000076293945,14.850000381469727,4,4,4,1946-11-04,1946-11-08,0,False,False
1946-11-15,14.939999580383301,14.939999580383301,14.729999542236328,14.729999542236328,4,4,4,1946-11-12,1946-11-15,0,False,False
1946-11-22,14.579999923706055,14.579999923706055,14.130000114440918,14.130000114440918,5,5,5,1946-11-18,1946-11-22,0,False,False
1946-11-29,14.310000419616699,14.680000305175781,14.310000419616699,14.680000305175781,4,4,4,1946-11-25,1946-11-29,0,False,False
1946-12-06,14.439999580383301,14.720000267028809,14.439999580383301,14.699999809265137,5,5,5,1946-12-02,1946-12-06,0,False,False
1946-12-13,15.319999694824219,15.359999656677246,15.149999618530273,15.170000076293945,5,5,5,1946-12-09,1946-12-13,0,False,False
1946-12-20,15.239999771118164,15.5,15.180000305175781,15.5,5,5,5,1946-12-16,1946-12-20,0,False,False
1946-12-27,15.409999847412109,15.409999847412109,15.189999580383301,15.189999580383301,4,4,4,1946-12-23,1946-12-27,0,False,False
1947-01-03,15.170000076293945,15.300000190734863,15.170000076293945,15.260000228881836,4,4,4,1946-12-30,1947-01-03,0,False,False
1947-01-10,15.439999580383301,15.439999580383301,15.239999771118164,15.239999771118164,5,5,5,1947-01-06,1947-01-10,0,False,False
1947-01-17,14.800000190734863,15.069999694824219,14.770000457763672,15.069999694824219,5,5,5,1947-01-13,1947-01-17,0,False,False
1947-01-24,15.020000457763672,15.210000038146973,14.970000267028809,15.210000038146973,5,5,5,1947-01-20,1947-01-24,0,False,False
1947-01-31,15.340000152587891,15.659999847412109,15.340000152587891,15.659999847412109,5,5,5,1947-01-27,1947-01-31,0,False,False
1947-02-07,15.800000190734863,16.120000839233398,15.800000190734863,16.120000839233398,5,5,5,1947-02-03,1947-02-07,0,False,False
1947-02-14,16.049999237060547,16.139999389648438,15.859999656677246,15.859999656677246,4,4,4,1947-02-10,1947-02-14,0,False,False
1947-02-21,15.880000114440918,15.880000114440918,15.689999580383301,15.800000190734863,5,5,5,1947-02-17,1947-02-21,0,False,False
1947-02-28,15.670000076293945,15.670000076293945,15.300000190734863,15.430000305175781,5,5,5,1947-02-24,1947-02-28,0,False,False
1947-03-07,15.409999847412109,15.649999618530273,15.159999847412109,15.159999847412109,5,5,5,1947-03-03,1947-03-07,0,False,False
1947-03-14,15.010000228881836,15.010000228881836,14.779999732971191,14.779999732971191,5,5,5,1947-03-10,1947-03-14,0,False,False
1947-03-21,14.819999694824219,15.25,14.819999694824219,15.25,5,5,5,1947-03-17,1947-03-21,0,False,False
1947-03-28,15.109999656677246,15.399999618530273,15.020000457763672,15.329999923706055,5,5,5,1947-03-24,1947-03-28,0,False,False
1947-04-04,15.170000076293945,15.229999542236328,15.170000076293945,15.180000305175781,4,4,4,1947-03-31,1947-04-03,0,False,False
1947-04-11,15.050000190734863,15.050000190734863,14.720000267028809,14.720000267028809,5,5,5,1947-04-07,1947-04-11,0,False,False
1947-04-18,14.140000343322754,14.289999961853027,14.090000152587891,14.090000152587891,5,5,5,1947-04-14,1947-04-18,0,False,False
1947-04-25,14.449999809265137,14.579999923706055,14.390000343322754,14.390000343322754,5,5,5,1947-04-21,1947-04-25,0,False,False
1947-05-02,14.369999885559082,14.789999961853027,14.369999885559082,14.789999961853027,5,5,5,1947-04-28,1947-05-02,0,False,False
1947-05-09,14.850000381469727,14.850000381469727,14.600000381469727,14.630000114440918,5,5,5,1947-05-05,1947-05-09,0,False,False
1947-05-16,14.460000038146973,14.460000038146973,13.960000038146973,13.960000038146973,5,5,5,1947-05-12,1947-05-16,0,False,False
1947-05-23,13.770000457763672,14.189999580383301,13.770000457763672,14,5,5,5,1947-05-19,1947-05-23,0,False,False
1947-05-30,14.140000343322754,14.449999809265137,14.119999885559082,14.449999809265137,4,4,4,1947-05-26,1947-05-29,0,False,False
1947-06-06,14.300000190734863,14.5,14.300000190734863,14.5,5,5,5,1947-06-02,1947-06-06,0,False,False
1947-06-13,14.420000076293945,14.979999542236328,14.420000076293945,14.979999542236328,5,5,5,1947-06-09,1947-06-13,0,False,False
1947-06-20,15.020000457763672,15.159999847412109,14.960000038146973,15.159999847412109,5,5,5,1947-06-16,1947-06-20,0,False,False
1947-06-27,15.239999771118164,15.239999771118164,14.939999580383301,15.119999885559082,5,5,5,1947-06-23,1947-06-27,0,False,False
1947-07-04,15.210000038146973,15.600000381469727,15.210000038146973,15.600000381469727,4,4,4,1947-06-30,1947-07-03,0,False,False
1947-07-11,15.609999656677246,15.869999885559082,15.520000457763672,15.869999885559082,5,5,5,1947-07-07,1947-07-11,0,False,False
1947-07-18,15.960000038146973,15.960000038146973,15.75,15.850000381469727,5,5,5,1947-07-14,1947-07-18,0,False,False
1947-07-25,15.800000190734863,16.120000839233398,15.800000190734863,16.079999923706055,5,5,5,1947-07-21,1947-07-25,0,False,False
1947-08-01,15.939999580383301,15.939999580383301,15.520000457763672,15.800000190734863,5,5,5,1947-07-28,1947-08-01,0,False,False
1947-08-08,15.619999885559082,15.670000076293945,15.430000305175781,15.430000305175781,5,5,5,1947-08-04,1947-08-08,0,False,False
1947-08-15,15.329999923706055,15.579999923706055,15.329999923706055,15.579999923706055,5,5,5,1947-08-11,1947-08-15,0,False,False
1947-08-22,15.5,15.5,15.390000343322754,15.449999809265137,5,5,5,1947-08-18,1947-08-22,0,False,False
1947-08-29,15.229999542236328,15.319999694824219,15.220000267028809,15.319999694824219,5,5,5,1947-08-25,1947-08-29,0,False,False
1947-09-05,15.369999885559082,15.369999885559082,15.100000381469727,15.100000381469727,4,4,4,1947-09-02,1947-09-05,0,False,False
1947-09-12,14.859999656677246,15.039999961853027,14.859999656677246,14.989999771118164,5,5,5,1947-09-08,1947-09-12,0,False,False
1947-09-19,14.930000305175781,15.270000457763672,14.930000305175781,15.199999809265137,5,5,5,1947-09-15,1947-09-19,0,False,False
1947-09-26,15.180000305175781,15.180000305175781,14.850000381469727,14.850000381469727,5,5,5,1947-09-22,1947-09-26,0,False,False
1947-10-03,14.939999580383301,15.239999771118164,14.939999580383301,15.239999771118164,5,5,5,1947-09-29,1947-10-03,0,False,False
1947-10-10,15.279999732971191,15.289999961853027,15.159999847412109,15.289999961853027,5,5,5,1947-10-06,1947-10-10,0,False,False
1947-10-17,15.550000190734863,15.590000152587891,15.550000190734863,15.579999923706055,4,4,4,1947-10-14,1947-10-17,0,False,False
1947-10-24,15.789999961853027,15.789999961853027,15.5,15.5,5,5,5,1947-10-20,1947-10-24,0,False,False
1947-10-31,15.529999732971191,15.539999961853027,15.329999923706055,15.430000305175781,5,5,5,1947-10-27,1947-10-31,0,False,False
1947-11-07,15.460000038146973,15.460000038146973,15.310000419616699,15.310000419616699,4,4,4,1947-11-03,1947-11-07,0,False,False
1947-11-14,15.369999885559082,15.369999885559082,15.159999847412109,15.189999580383301,4,4,4,1947-11-10,1947-11-14,0,False,False
1947-11-21,15.189999580383301,15.409999847412109,15.189999580383301,15.329999923706055,5,5,5,1947-11-17,1947-11-21,0,False,False
1947-11-28,15.239999771118164,15.239999771118164,14.979999542236328,14.979999542236328,4,4,4,1947-11-24,1947-11-28,0,False,False
1947-12-05,15.069999694824219,15.090000152587891,14.630000114440918,14.630000114440918,5,5,5,1947-12-01,1947-12-05,0,False,False
1947-12-12,14.770000457763672,14.939999580383301,14.770000457763672,14.939999580383301,5,5,5,1947-12-08,1947-12-12,0,False,False
1947-12-19,15.109999656677246,15.119999885559082,15.069999694824219,15.119999885559082,5,5,5,1947-12-15,1947-12-19,0,False,False
1947-12-26,15.199999809265137,15.260000228881836,15.119999885559082,15.119999885559082,4,4,4,1947-12-22,1947-12-26,0,False,False
1948-01-02,15.039999961853027,15.340000152587891,15.039999961853027,15.340000152587891,4,4,4,1947-12-29,1948-01-02,0,False,False
1948-01-09,15.199999809265137,15.310000419616699,15.149999618530273,15.229999542236328,5,5,5,1948-01-05,1948-01-09,0,False,False
1948-01-16,15.170000076293945,15.170000076293945,14.869999885559082,14.869999885559082,5,5,5,1948-01-12,1948-01-16,0,False,False
1948-01-23,14.699999809265137,14.710000038146973,14.350000381469727,14.350000381469727,5,5,5,1948-01-19,1948-01-23,0,False,False
1948-01-30,14.319999694824219,14.680000305175781,14.319999694824219,14.680000305175781,5,5,5,1948-01-26,1948-01-30,0,False,False
1948-02-06,14.710000038146973,14.710000038146973,14,14.189999580383301,5,5,5,1948-02-02,1948-02-06,0,False,False
1948-02-13,14.310000419616699,14.310000419616699,13.850000381469727,13.850000381469727,4,4,4,1948-02-09,1948-02-13,0,False,False
1948-02-20,14.039999961853027,14.050000190734863,13.960000038146973,13.960000038146973,5,5,5,1948-02-16,1948-02-20,0,False,False
1948-02-27,14,14.069999694824219,13.930000305175781,13.930000305175781,4,4,4,1948-02-24,1948-02-27,0,False,False
1948-03-05,14.069999694824219,14.170000076293945,14.069999694824219,14.109999656677246,5,5,5,1948-03-01,1948-03-05,0,False,False
1948-03-12,14.039999961853027,14.039999961853027,13.949999809265137,13.989999771118164,5,5,5,1948-03-08,1948-03-12,0,False,False
1948-03-19,14.060000419616699,14.319999694824219,13.840000152587891,14.319999694824219,5,5,5,1948-03-15,1948-03-19,0,False,False
1948-03-26,14.699999809265137,14.75,14.689999580383301,14.75,4,4,4,1948-03-22,1948-03-25,0,False,False
1948-04-02,14.699999809265137,15.149999618530273,14.699999809265137,15.149999618530273,5,5,5,1948-03-29,1948-04-02,0,False,False
1948-04-09,15.180000305175781,15.289999961853027,15.180000305175781,15.289999961853027,5,5,5,1948-04-05,1948-04-09,0,False,False
1948-04-16,15.279999732971191,15.430000305175781,15.279999732971191,15.430000305175781,5,5,5,1948-04-12,1948-04-16,0,False,False
1948-04-23,15.470000267028809,15.779999732971191,15.460000038146973,15.779999732971191,5,5,5,1948-04-19,1948-04-23,0,False,False
1948-04-30,15.539999961853027,15.569999694824219,15.479999542236328,15.479999542236328,5,5,5,1948-04-26,1948-04-30,0,False,False
1948-05-07,15.600000381469727,15.720000267028809,15.5,15.720000267028809,5,5,5,1948-05-03,1948-05-07,0,False,False
1948-05-14,15.810000419616699,16.389999389648438,15.810000419616699,16.389999389648438,5,5,5,1948-05-10,1948-05-14,0,False,False
1948-05-21,16.610000610351562,16.610000610351562,16.370000839233398,16.5,5,5,5,1948-05-17,1948-05-21,0,False,False
1948-05-28,16.540000915527344,16.690000534057617,16.530000686645508,16.690000534057617,5,5,5,1948-05-24,1948-05-28,0,False,False
1948-06-04,16.739999771118164,16.760000228881836,16.590000152587891,16.590000152587891,4,4,4,1948-06-01,1948-06-04,0,False,False
1948-06-11,16.540000915527344,16.950000762939453,16.540000915527344,16.950000762939453,5,5,5,1948-06-07,1948-06-11,0,False,False
1948-06-18,16.969999313354492,17.059999465942383,16.959999084472656,16.959999084472656,5,5,5,1948-06-14,1948-06-18,0,False,False
1948-06-25,16.790000915527344,16.930000305175781,16.760000228881836,16.829999923706055,5,5,5,1948-06-21,1948-06-25,0,False,False
1948-07-02,16.610000610351562,16.850000381469727,16.610000610351562,16.850000381469727,5,5,5,1948-06-28,1948-07-02,0,False,False
1948-07-09,16.850000381469727,16.920000076293945,16.790000915527344,16.920000076293945,4,4,4,1948-07-06,1948-07-09,0,False,False
1948-07-16,16.879999160766602,16.879999160766602,16.25,16.25,5,5,5,1948-07-12,1948-07-16,0,False,False
1948-07-23,15.720000267028809,16.270000457763672,15.720000267028809,16.270000457763672,5,5,5,1948-07-19,1948-07-23,0,False,False
1948-07-30,16.120000839233398,16.290000915527344,15.850000381469727,15.850000381469727,5,5,5,1948-07-26,1948-07-30,0,False,False
1948-08-06,15.850000381469727,16.149999618530273,15.850000381469727,16.120000839233398,5,5,5,1948-08-02,1948-08-06,0,False,False
1948-08-13,15.960000038146973,15.960000038146973,15.670000076293945,15.699999809265137,5,5,5,1948-08-09,1948-08-13,0,False,False
1948-08-20,15.739999771118164,16.149999618530273,15.739999771118164,16.149999618530273,5,5,5,1948-08-16,1948-08-20,0,False,False
1948-08-27,15.939999580383301,16.110000610351562,15.939999580383301,16.110000610351562,5,5,5,1948-08-23,1948-08-27,0,False,False
1948-09-03,15.979999542236328,16.270000457763672,15.970000267028809,16.270000457763672,5,5,5,1948-08-30,1948-09-03,0,False,False
1948-09-10,16.350000381469727,16.350000381469727,15.810000419616699,15.829999923706055,4,4,4,1948-09-07,1948-09-10,0,False,False
1948-09-17,15.699999809265137,15.819999694824219,15.699999809265137,15.729999542236328,5,5,5,1948-09-13,1948-09-17,0,False,False
1948-09-24,15.439999580383301,15.600000381469727,15.439999580383301,15.600000381469727,5,5,5,1948-09-20,1948-09-24,0,False,False
1948-10-01,15.189999580383301,15.670000076293945,15.189999580383301,15.670000076293945,5,5,5,1948-09-27,1948-10-01,0,False,False
1948-10-08,15.850000381469727,15.930000305175781,15.819999694824219,15.899999618530273,5,5,5,1948-10-04,1948-10-08,0,False,False
1948-10-15,15.899999618530273,16.139999389648438,15.899999618530273,16.120000839233398,4,4,4,1948-10-11,1948-10-15,0,False,False
1948-10-22,16.190000534057617,16.610000610351562,16.190000534057617,16.610000610351562,5,5,5,1948-10-18,1948-10-22,0,False,False
1948-10-29,16.579999923706055,16.590000152587891,16.459999084472656,16.5,5,5,5,1948-10-25,1948-10-29,0,False,False
1948-11-05,16.700000762939453,16.700000762939453,15.430000305175781,15.430000305175781,4,4,4,1948-11-01,1948-11-05,0,False,False
1948-11-12,15.5,15.5,15,15.039999961853027,4,4,4,1948-11-08,1948-11-12,0,False,False
1948-11-19,15.270000457763672,15.310000419616699,15.220000267028809,15.310000419616699,5,5,5,1948-11-15,1948-11-19,0,False,False
1948-11-26,15.210000038146973,15.210000038146973,14.909999847412109,14.909999847412109,4,4,4,1948-11-22,1948-11-26,0,False,False
1948-12-03,14.789999961853027,15.130000114440918,14.75,15.130000114440918,5,5,5,1948-11-29,1948-12-03,0,False,False
1948-12-10,15.229999542236328,15.239999771118164,15.170000076293945,15.220000267028809,5,5,5,1948-12-06,1948-12-10,0,False,False
1948-12-17,15.329999923706055,15.329999923706055,15.159999847412109,15.199999809265137,5,5,5,1948-12-13,1948-12-17,0,False,False
1948-12-24,15.189999580383301,15.25,15.140000343322754,15.25,5,5,5,1948-12-20,1948-12-24,0,False,False
1948-12-31,15.189999580383301,15.279999732971191,15.079999923706055,15.199999809265137,5,5,5,1948-12-27,1948-12-31,0,False,False
1949-01-07,14.949999809265137,15.609999656677246,14.949999809265137,15.609999656677246,5,5,5,1949-01-03,1949-01-07,0,False,False
1949-01-14,15.510000228881836,15.510000228881836,15.239999771118164,15.239999771118164,5,5,5,1949-01-10,1949-01-14,0,False,False
1949-01-21,15.380000114440918,15.5,15.380000114440918,15.470000267028809,5,5,5,1949-01-17,1949-01-21,0,False,False
1949-01-28,15,15.329999923706055,15,15.199999809265137,5,5,5,1949-01-24,1949-01-28,0,False,False
1949-02-04,15.220000267028809,15.350000381469727,15.090000152587891,15.090000152587891,5,5,5,1949-01-31,1949-02-04,0,False,False
1949-02-11,14.760000228881836,14.779999732971191,14.560000419616699,14.560000419616699,5,5,5,1949-02-07,1949-02-11,0,False,False
1949-02-18,14.609999656677246,14.829999923706055,14.609999656677246,14.789999961853027,5,5,5,1949-02-14,1949-02-18,0,False,False
1949-02-25,14.739999771118164,14.739999771118164,14.380000114440918,14.380000114440918,4,4,4,1949-02-21,1949-02-25,0,False,False
1949-03-04,14.619999885559082,14.710000038146973,14.619999885559082,14.670000076293945,5,5,5,1949-02-28,1949-03-04,0,False,False
1949-03-11,14.859999656677246,15.020000457763672,14.859999656677246,15.020000457763672,5,5,5,1949-03-07,1949-03-11,0,False,False
1949-03-18,15.069999694824219,15.069999694824219,14.920000076293945,14.939999580383301,5,5,5,1949-03-14,1949-03-18,0,False,False
1949-03-25,14.869999885559082,14.970000267028809,14.770000457763672,14.890000343322754,5,5,5,1949-03-21,1949-03-25,0,False,False
1949-04-01,14.930000305175781,15.220000267028809,14.930000305175781,14.939999580383301,5,5,5,1949-03-28,1949-04-01,0,False,False
1949-04-08,14.979999542236328,14.979999542236328,14.920000076293945,14.970000267028809,5,5,5,1949-04-04,1949-04-08,0,False,False
1949-04-15,14.989999771118164,15.029999732971191,14.989999771118164,14.989999771118164,4,4,4,1949-04-11,1949-04-14,0,False,False
1949-04-22,15.069999694824219,15.069999694824219,14.699999809265137,14.699999809265137,5,5,5,1949-04-18,1949-04-22,0,False,False
1949-04-29,14.680000305175781,14.760000228881836,14.680000305175781,14.710000038146973,5,5,5,1949-04-25,1949-04-29,0,False,False
1949-05-06,14.779999732971191,15.020000457763672,14.779999732971191,14.920000076293945,5,5,5,1949-05-02,1949-05-06,0,False,False
1949-05-13,14.880000114440918,14.880000114440918,14.819999694824219,14.880000114440918,5,5,5,1949-05-09,1949-05-13,0,False,False
1949-05-20,14.960000038146973,14.960000038146973,14.729999542236328,14.729999542236328,5,5,5,1949-05-16,1949-05-20,0,False,False
1949-05-27,14.579999923706055,14.579999923706055,14.5,14.510000228881836,5,5,5,1949-05-23,1949-05-27,0,False,False
1949-06-03,14.189999580383301,14.189999580383301,14.050000190734863,14.050000190734863,4,4,4,1949-05-31,1949-06-03,0,False,False
1949-06-10,13.819999694824219,13.930000305175781,13.810000419616699,13.810000419616699,5,5,5,1949-06-06,1949-06-10,0,False,False
1949-06-17,13.550000190734863,13.899999618530273,13.550000190734863,13.869999885559082,5,5,5,1949-06-13,1949-06-17,0,False,False
1949-06-24,14.069999694824219,14.130000114440918,14.039999961853027,14.130000114440918,5,5,5,1949-06-20,1949-06-24,0,False,False
1949-07-01,14.119999885559082,14.260000228881836,14,14.260000228881836,5,5,5,1949-06-27,1949-07-01,0,False,False
1949-07-08,14.340000152587891,14.520000457763672,14.340000152587891,14.510000228881836,4,4,4,1949-07-05,1949-07-08,0,False,False
1949-07-15,14.510000228881836,14.789999961853027,14.510000228881836,14.760000228881836,5,5,5,1949-07-11,1949-07-15,0,False,False
1949-07-22,14.800000190734863,14.970000267028809,14.800000190734863,14.890000343322754,5,5,5,1949-07-18,1949-07-22,0,False,False
1949-07-29,14.939999580383301,15.060000419616699,14.939999580383301,15.039999961853027,5,5,5,1949-07-25,1949-07-29,0,False,False
1949-08-05,15.119999885559082,15.350000381469727,15.119999885559082,15.350000381469727,5,5,5,1949-08-01,1949-08-05,0,False,False
1949-08-12,15.510000228881836,15.510000228881836,15.319999694824219,15.319999694824219,5,5,5,1949-08-08,1949-08-12,0,False,False
1949-08-19,15.25,15.5,15.25,15.409999847412109,5,5,5,1949-08-15,1949-08-19,0,False,False
1949-08-26,15.369999885559082,15.369999885559082,15.170000076293945,15.279999732971191,5,5,5,1949-08-22,1949-08-26,0,False,False
1949-09-02,15.119999885559082,15.310000419616699,15.119999885559082,15.289999961853027,5,5,5,1949-08-29,1949-09-02,0,False,False
1949-09-09,15.279999732971191,15.409999847412109,15.279999732971191,15.399999618530273,4,4,4,1949-09-06,1949-09-09,0,False,False
1949-09-16,15.520000457763672,15.739999771118164,15.520000457763672,15.659999847412109,5,5,5,1949-09-12,1949-09-16,0,False,False
1949-09-23,15.550000190734863,15.569999694824219,15.189999580383301,15.569999694824219,5,5,5,1949-09-19,1949-09-23,0,False,False
1949-09-30,15.529999732971191,15.619999885559082,15.409999847412109,15.579999923706055,5,5,5,1949-09-26,1949-09-30,0,False,False
1949-10-07,15.600000381469727,15.850000381469727,15.600000381469727,15.850000381469727,5,5,5,1949-10-03,1949-10-07,0,False,False
1949-10-14,15.829999923706055,15.970000267028809,15.829999923706055,15.909999847412109,4,4,4,1949-10-10,1949-10-14,0,False,False
1949-10-21,15.729999542236328,15.930000305175781,15.729999542236328,15.850000381469727,5,5,5,1949-10-17,1949-10-21,0,False,False
1949-10-28,15.869999885559082,16.149999618530273,15.869999885559082,16.079999923706055,5,5,5,1949-10-24,1949-10-28,0,False,False
1949-11-04,16.040000915527344,16.329999923706055,16.040000915527344,16.209999084472656,5,5,5,1949-10-31,1949-11-04,0,False,False
1949-11-11,16.159999847412109,16.180000305175781,16.139999389648438,16.139999389648438,3,3,3,1949-11-07,1949-11-10,0,False,False
1949-11-18,16.030000686645508,16.139999389648438,15.75,16.139999389648438,5,5,5,1949-11-14,1949-11-18,0,False,False
1949-11-25,16.069999694824219,16.190000534057617,16.069999694824219,16.100000381469727,4,4,4,1949-11-21,1949-11-25,0,False,False
1949-12-02,16.049999237060547,16.280000686645508,16.020000457763672,16.280000686645508,5,5,5,1949-11-28,1949-12-02,0,False,False
1949-12-09,16.409999847412109,16.430000305175781,16.389999389648438,16.420000076293945,5,5,5,1949-12-05,1949-12-09,0,False,False
1949-12-16,16.569999694824219,16.680000305175781,16.569999694824219,16.659999847412109,5,5,5,1949-12-12,1949-12-16,0,False,False
1949-12-23,16.590000152587891,16.639999389648438,16.489999771118164,16.639999389648438,5,5,5,1949-12-19,1949-12-23,0,False,False
1949-12-30,16.579999923706055,16.790000915527344,16.579999923706055,16.790000915527344,4,4,4,1949-12-27,1949-12-30,0,False,False
1950-01-06,16.659999847412109,16.979999542236328,16.659999847412109,16.979999542236328,4,4,4,1950-01-03,1950-01-06,0,False,False
1950-01-13,17.079999923706055,17.090000152587891,16.670000076293945,16.670000076293945,5,5,5,1950-01-09,1950-01-13,0,False,False
1950-01-20,16.719999313354492,16.899999618530273,16.719999313354492,16.899999618530273,5,5,5,1950-01-16,1950-01-20,0,False,False
1950-01-27,16.920000076293945,16.920000076293945,16.729999542236328,16.819999694824219,5,5,5,1950-01-23,1950-01-27,0,False,False
1950-02-03,17.020000457763672,17.290000915527344,17.020000457763672,17.290000915527344,5,5,5,1950-01-30,1950-02-03,0,False,False
1950-02-10,17.319999694824219,17.319999694824219,17.209999084472656,17.239999771118164,5,5,5,1950-02-06,1950-02-10,0,False,False
1950-02-17,17.059999465942383,17.149999618530273,16.989999771118164,17.149999618530273,4,4,4,1950-02-14,1950-02-17,0,False,False
1950-02-24,17.200000762939453,17.280000686645508,17.170000076293945,17.280000686645508,4,4,4,1950-02-20,1950-02-24,0,False,False
1950-03-03,17.280000686645508,17.290000915527344,17.219999313354492,17.290000915527344,5,5,5,1950-02-27,1950-03-03,0,False,False
1950-03-10,17.319999694824219,17.319999694824219,17.069999694824219,17.090000152587891,5,5,5,1950-03-06,1950-03-10,0,False,False
1950-03-17,17.120000839233398,17.489999771118164,17.120000839233398,17.450000762939453,5,5,5,1950-03-13,1950-03-17,0,False,False
1950-03-24,17.440000534057617,17.559999465942383,17.440000534057617,17.559999465942383,5,5,5,1950-03-20,1950-03-24,0,False,False
1950-03-31,17.459999084472656,17.530000686645508,17.290000915527344,17.290000915527344,5,5,5,1950-03-27,1950-03-31,0,False,False
1950-04-07,17.530000686645508,17.780000686645508,17.530000686645508,17.780000686645508,4,4,4,1950-04-03,1950-04-06,0,False,False
1950-04-14,17.850000381469727,17.979999542236328,17.75,17.959999084472656,5,5,5,1950-04-10,1950-04-14,0,False,False
1950-04-21,17.879999160766602,18.049999237060547,17.879999160766602,17.959999084472656,5,5,5,1950-04-17,1950-04-21,0,False,False
1950-04-28,17.829999923706055,17.959999084472656,17.760000228881836,17.959999084472656,5,5,5,1950-04-24,1950-04-28,0,False,False
1950-05-05,18.219999313354492,18.270000457763672,18.110000610351562,18.219999313354492,5,5,5,1950-05-01,1950-05-05,0,False,False
1950-05-12,18.270000457763672,18.290000915527344,18.180000305175781,18.180000305175781,5,5,5,1950-05-08,1950-05-12,0,False,False
1950-05-19,18.260000228881836,18.680000305175781,18.260000228881836,18.680000305175781,5,5,5,1950-05-15,1950-05-19,0,False,False
1950-05-26,18.600000381469727,18.709999084472656,18.600000381469727,18.670000076293945,5,5,5,1950-05-22,1950-05-26,0,False,False
1950-06-02,18.719999313354492,18.790000915527344,18.719999313354492,18.790000915527344,4,4,4,1950-05-29,1950-06-02,0,False,False
1950-06-09,18.600000381469727,19.260000228881836,18.600000381469727,19.260000228881836,5,5,5,1950-06-05,1950-06-09,0,False,False
1950-06-16,19.399999618530273,19.399999618530273,18.930000305175781,18.969999313354492,5,5,5,1950-06-12,1950-06-16,0,False,False
1950-06-23,18.920000076293945,19.159999847412109,18.829999923706055,19.139999389648438,5,5,5,1950-06-19,1950-06-23,0,False,False
1950-06-30,18.110000610351562,18.110000610351562,17.440000534057617,17.690000534057617,5,5,5,1950-06-26,1950-06-30,0,False,False
1950-07-07,17.639999389648438,17.909999847412109,17.639999389648438,17.670000076293945,4,4,4,1950-07-03,1950-07-07,0,False,False
1950-07-14,17.590000152587891,17.590000152587891,16.690000534057617,16.870000839233398,5,5,5,1950-07-10,1950-07-14,0,False,False
1950-07-21,16.680000305175781,17.610000610351562,16.680000305175781,17.590000152587891,5,5,5,1950-07-17,1950-07-21,0,False,False
1950-07-28,17.479999542236328,17.690000534057617,17.229999542236328,17.690000534057617,5,5,5,1950-07-24,1950-07-28,0,False,False
1950-08-04,17.840000152587891,18.139999389648438,17.840000152587891,18.139999389648438,5,5,5,1950-07-31,1950-08-04,0,False,False
1950-08-11,18.409999847412109,18.610000610351562,18.280000686645508,18.280000686645508,5,5,5,1950-08-07,1950-08-11,0,False,False
1950-08-18,18.290000915527344,18.680000305175781,18.290000915527344,18.680000305175781,5,5,5,1950-08-14,1950-08-18,0,False,False
1950-08-25,18.700000762939453,18.819999694824219,18.540000915527344,18.540000915527344,5,5,5,1950-08-21,1950-08-25,0,False,False
1950-09-01,18.530000686645508,18.549999237060547,18.420000076293945,18.549999237060547,5,5,5,1950-08-28,1950-09-01,0,False,False
1950-09-08,18.680000305175781,18.75,18.540000915527344,18.75,4,4,4,1950-09-05,1950-09-08,0,False,False
1950-09-15,18.610000610351562,19.290000915527344,18.610000610351562,19.290000915527344,5,5,5,1950-09-11,1950-09-15,0,False,False
1950-09-22,19.370000839233398,19.440000534057617,19.209999084472656,19.440000534057617,5,5,5,1950-09-18,1950-09-22,0,False,False
1950-09-29,19.420000076293945,19.450000762939453,19.139999389648438,19.450000762939453,5,5,5,1950-09-25,1950-09-29,0,False,False
1950-10-06,19.690000534057617,20.120000839233398,19.659999847412109,20.120000839233398,5,5,5,1950-10-02,1950-10-06,0,False,False
1950-10-13,20,20,19.780000686645508,19.850000381469727,4,4,4,1950-10-09,1950-10-13,0,False,False
1950-10-20,19.709999084472656,20.020000457763672,19.709999084472656,19.959999084472656,5,5,5,1950-10-16,1950-10-20,0,False,False
1950-10-27,19.959999084472656,20.079999923706055,19.610000610351562,19.770000457763672,5,5,5,1950-10-23,1950-10-27,0,False,False
1950-11-03,19.610000610351562,19.850000381469727,19.530000686645508,19.850000381469727,5,5,5,1950-10-30,1950-11-03,0,False,False
1950-11-10,19.360000610351562,19.940000534057617,19.360000610351562,19.940000534057617,4,4,4,1950-11-06,1950-11-10,0,False,False
1950-11-17,20.010000228881836,20.010000228881836,19.719999313354492,19.860000610351562,5,5,5,1950-11-13,1950-11-17,0,False,False
1950-11-24,19.930000305175781,20.319999694824219,19.879999160766602,20.319999694824219,4,4,4,1950-11-20,1950-11-24,0,False,False
1950-12-01,20.180000305175781,20.180000305175781,19.370000839233398,19.659999847412109,5,5,5,1950-11-27,1950-12-01,0,False,False
1950-12-08,19,19.450000762939453,19,19.399999618530273,5,5,5,1950-12-04,1950-12-08,0,False,False
1950-12-15,19.719999313354492,19.719999313354492,19.329999923706055,19.329999923706055,5,5,5,1950-12-11,1950-12-15,0,False,False
1950-12-22,19.850000381469727,20.069999694824219,19.850000381469727,20.069999694824219,5,5,5,1950-12-18,1950-12-22,0,False,False
1950-12-29,19.920000076293945,20.430000305175781,19.920000076293945,20.430000305175781,4,4,4,1950-12-26,1950-12-29,0,False,False
1951-01-05,20.770000457763672,20.870000839233398,20.690000534057617,20.870000839233398,4,4,4,1951-01-02,1951-01-05,0,False,False
1951-01-12,21,21.190000534057617,20.850000381469727,21.110000610351562,5,5,5,1951-01-08,1951-01-12,0,False,False
1951-01-19,21.299999237060547,21.549999237060547,21.299999237060547,21.360000610351562,5,5,5,1951-01-15,1951-01-19,0,False,False
1951-01-26,21.180000305175781,21.260000228881836,21.030000686645508,21.260000228881836,5,5,5,1951-01-22,1951-01-26,0,False,False
1951-02-02,21.670000076293945,21.959999084472656,21.659999847412109,21.959999084472656,5,5,5,1951-01-29,1951-02-02,0,False,False
1951-02-09,22.200000762939453,22.200000762939453,21.989999771118164,22.170000076293945,5,5,5,1951-02-05,1951-02-09,0,False,False
1951-02-16,22.180000305175781,22.180000305175781,22,22.129999160766602,4,4,4,1951-02-13,1951-02-16,0,False,False
1951-02-23,21.829999923706055,21.920000076293945,21.790000915527344,21.920000076293945,4,4,4,1951-02-19,1951-02-23,0,False,False
1951-03-02,21.930000305175781,21.930000305175781,21.760000228881836,21.930000305175781,5,5,5,1951-02-26,1951-03-02,0,False,False
1951-03-09,21.790000915527344,21.950000762939453,21.790000915527344,21.950000762939453,5,5,5,1951-03-05,1951-03-09,0,False,False
1951-03-16,21.700000762939453,21.700000762939453,21.25,21.639999389648438,5,5,5,1951-03-12,1951-03-16,0,False,False
1951-03-23,21.559999465942383,21.729999542236328,21.520000457763672,21.729999542236328,4,4,4,1951-03-19,1951-03-22,0,False,False
1951-03-30,21.530000686645508,21.530000686645508,21.260000228881836,21.479999542236328,5,5,5,1951-03-26,1951-03-30,0,False,False
1951-04-06,21.319999694824219,21.719999313354492,21.260000228881836,21.719999313354492,5,5,5,1951-04-02,1951-04-06,0,False,False
1951-04-13,21.680000305175781,22.090000152587891,21.639999389648438,22.090000152587891,5,5,5,1951-04-09,1951-04-13,0,False,False
1951-04-20,22.040000915527344,22.129999160766602,22.040000915527344,22.040000915527344,5,5,5,1951-04-16,1951-04-20,0,False,False
1951-04-27,22.049999237060547,22.389999389648438,21.959999084472656,22.389999389648438,5,5,5,1951-04-23,1951-04-27,0,False,False
1951-05-04,22.430000305175781,22.809999465942383,22.430000305175781,22.770000457763672,5,5,5,1951-04-30,1951-05-04,0,False,False
1951-05-11,22.629999160766602,22.639999389648438,22.329999923706055,22.329999923706055,5,5,5,1951-05-07,1951-05-11,0,False,False
1951-05-18,22.180000305175781,22.180000305175781,21.510000228881836,21.510000228881836,5,5,5,1951-05-14,1951-05-18,0,False,False
1951-05-25,21.459999084472656,21.459999084472656,21.030000686645508,21.030000686645508,5,5,5,1951-05-21,1951-05-25,0,False,False
1951-06-01,21.209999084472656,21.520000457763672,21.209999084472656,21.479999542236328,4,4,4,1951-05-28,1951-06-01,0,False,False
1951-06-08,21.239999771118164,21.559999465942383,21.239999771118164,21.489999771118164,5,5,5,1951-06-04,1951-06-08,0,False,False
1951-06-15,21.610000610351562,22.040000915527344,21.520000457763672,22.040000915527344,5,5,5,1951-06-11,1951-06-15,0,False,False
1951-06-22,22.049999237060547,22.049999237060547,21.549999237060547,21.549999237060547,5,5,5,1951-06-18,1951-06-22,0,False,False
1951-06-29,21.290000915527344,21.370000839233398,20.959999084472656,20.959999084472656,5,5,5,1951-06-25,1951-06-29,0,False,False
1951-07-06,21.100000381469727,21.639999389648438,21.100000381469727,21.639999389648438,4,4,4,1951-07-02,1951-07-06,0,False,False
1951-07-13,21.729999542236328,21.979999542236328,21.629999160766602,21.979999542236328,5,5,5,1951-07-09,1951-07-13,0,False,False
1951-07-20,21.729999542236328,21.920000076293945,21.729999542236328,21.879999160766602,5,5,5,1951-07-16,1951-07-20,0,False,False
1951-07-27,22.100000381469727,22.530000686645508,22.100000381469727,22.530000686645508,5,5,5,1951-07-23,1951-07-27,0,False,False
1951-08-03,22.629999160766602,22.850000381469727,22.399999618530273,22.850000381469727,5,5,5,1951-07-30,1951-08-03,0,False,False
1951-08-10,23.010000228881836,23.030000686645508,22.790000915527344,22.790000915527344,5,5,5,1951-08-06,1951-08-10,0,False,False
1951-08-17,22.799999237060547,22.940000534057617,22.700000762939453,22.940000534057617,5,5,5,1951-08-13,1951-08-17,0,False,False
1951-08-24,22.930000305175781,22.930000305175781,22.75,22.879999160766602,5,5,5,1951-08-20,1951-08-24,0,False,False
1951-08-31,22.850000381469727,23.280000686645508,22.850000381469727,23.280000686645508,5,5,5,1951-08-27,1951-08-31,0,False,False
1951-09-07,23.280000686645508,23.530000686645508,23.280000686645508,23.530000686645508,4,4,4,1951-09-04,1951-09-07,0,False,False
1951-09-14,23.620000839233398,23.709999084472656,23.5,23.690000534057617,5,5,5,1951-09-10,1951-09-14,0,False,False
1951-09-21,23.620000839233398,23.620000839233398,23.399999618530273,23.399999618530273,5,5,5,1951-09-17,1951-09-21,0,False,False
1951-09-28,23.299999237060547,23.399999618530273,23.260000228881836,23.260000228881836,5,5,5,1951-09-24,1951-09-28,0,False,False
1951-10-05,23.469999313354492,23.790000915527344,23.469999313354492,23.780000686645508,5,5,5,1951-10-01,1951-10-05,0,False,False
1951-10-12,23.75,23.75,23.610000610351562,23.700000762939453,4,4,4,1951-10-08,1951-10-11,0,False,False
1951-10-19,23.850000381469727,23.850000381469727,23.319999694824219,23.319999694824219,5,5,5,1951-10-15,1951-10-19,0,False,False
1951-10-26,22.75,23.030000686645508,22.75,22.809999465942383,5,5,5,1951-10-22,1951-10-26,0,False,False
1951-11-02,22.690000534057617,23.100000381469727,22.659999847412109,22.930000305175781,5,5,5,1951-10-29,1951-11-02,0,False,False
1951-11-09,22.819999694824219,22.819999694824219,22.469999313354492,22.75,4,4,4,1951-11-05,1951-11-09,0,False,False
1951-11-16,22.790000915527344,22.850000381469727,22.790000915527344,22.819999694824219,4,4,4,1951-11-13,1951-11-16,0,False,False
1951-11-23,22.729999542236328,22.729999542236328,22.399999618530273,22.399999618530273,4,4,4,1951-11-19,1951-11-23,0,False,False
1951-11-30,22.430000305175781,22.879999160766602,22.430000305175781,22.879999160766602,5,5,5,1951-11-26,1951-11-30,0,False,False
1951-12-07,23.010000228881836,23.379999160766602,23.010000228881836,23.379999160766602,5,5,5,1951-12-03,1951-12-07,0,False,False
1951-12-14,23.420000076293945,23.420000076293945,23.299999237060547,23.370000839233398,5,5,5,1951-12-10,1951-12-14,0,False,False
1951-12-21,23.409999847412109,23.569999694824219,23.409999847412109,23.510000228881836,5,5,5,1951-12-17,1951-12-21,0,False,False
1951-12-28,23.540000915527344,23.690000534057617,23.440000534057617,23.690000534057617,4,4,4,1951-12-24,1951-12-28,0,False,False
1952-01-04,23.770000457763672,23.920000076293945,23.770000457763672,23.920000076293945,4,4,4,1951-12-31,1952-01-04,0,False,False
1952-01-11,23.909999847412109,23.979999542236328,23.739999771118164,23.979999542236328,5,5,5,1952-01-07,1952-01-11,0,False,False
1952-01-18,24.159999847412109,24.25,24.059999465942383,24.25,5,5,5,1952-01-14,1952-01-18,0,False,False
1952-01-25,24.459999084472656,24.659999847412109,24.459999084472656,24.549999237060547,5,5,5,1952-01-21,1952-01-25,0,False,False
1952-02-01,24.610000610351562,24.610000610351562,24.139999389648438,24.299999237060547,5,5,5,1952-01-28,1952-02-01,0,False,False
1952-02-08,24.120000839233398,24.239999771118164,24.110000610351562,24.239999771118164,5,5,5,1952-02-04,1952-02-08,0,False,False
1952-02-15,24.110000610351562,24.110000610351562,23.860000610351562,23.860000610351562,4,4,4,1952-02-11,1952-02-15,0,False,False
1952-02-22,23.739999771118164,23.739999771118164,23.090000152587891,23.159999847412109,4,4,4,1952-02-18,1952-02-21,0,False,False
1952-02-29,23.229999542236328,23.290000915527344,23.149999618530273,23.260000228881836,5,5,5,1952-02-25,1952-02-29,0,False,False
1952-03-07,23.290000915527344,23.719999313354492,23.290000915527344,23.719999313354492,5,5,5,1952-03-03,1952-03-07,0,False,False
1952-03-14,23.600000381469727,23.75,23.600000381469727,23.75,5,5,5,1952-03-10,1952-03-14,0,False,False
1952-03-21,23.920000076293945,23.930000305175781,23.819999694824219,23.930000305175781,5,5,5,1952-03-17,1952-03-21,0,False,False
1952-03-28,23.930000305175781,24.180000305175781,23.780000686645508,24.180000305175781,5,5,5,1952-03-24,1952-03-28,0,False,False
1952-04-04,24.370000839233398,24.370000839233398,24.020000457763672,24.020000457763672,5,5,5,1952-03-31,1952-04-04,0,False,False
1952-04-11,23.799999237060547,24.110000610351562,23.799999237060547,24.110000610351562,4,4,4,1952-04-07,1952-04-10,0,False,False
1952-04-18,23.950000762939453,23.950000762939453,23.409999847412109,23.5,5,5,5,1952-04-14,1952-04-18,0,False,False
1952-04-25,23.690000534057617,23.690000534057617,23.430000305175781,23.540000915527344,5,5,5,1952-04-21,1952-04-25,0,False,False
1952-05-02,23.549999237060547,23.559999465942383,23.170000076293945,23.559999465942383,5,5,5,1952-04-28,1952-05-02,0,False,False
1952-05-09,23.659999847412109,23.860000610351562,23.659999847412109,23.840000152587891,5,5,5,1952-05-05,1952-05-09,0,False,False
1952-05-16,23.75,23.780000686645508,23.559999465942383,23.559999465942383,5,5,5,1952-05-12,1952-05-16,0,False,False
1952-05-23,23.610000610351562,23.909999847412109,23.610000610351562,23.889999389648438,5,5,5,1952-05-19,1952-05-23,0,False,False
1952-05-30,23.940000534057617,23.940000534057617,23.840000152587891,23.860000610351562,4,4,4,1952-05-26,1952-05-29,0,False,False
1952-06-06,23.799999237060547,24.260000228881836,23.780000686645508,24.260000228881836,5,5,5,1952-06-02,1952-06-06,0,False,False
1952-06-13,24.370000839233398,24.370000839233398,24.229999542236328,24.370000839233398,5,5,5,1952-06-09,1952-06-13,0,False,False
1952-06-20,24.299999237060547,24.590000152587891,24.299999237060547,24.590000152587891,5,5,5,1952-06-16,1952-06-20,0,False,False
1952-06-27,24.559999465942383,24.829999923706055,24.559999465942383,24.829999923706055,5,5,5,1952-06-23,1952-06-27,0,False,False
1952-07-04,24.959999084472656,25.120000839233398,24.959999084472656,25.049999237060547,4,4,4,1952-06-30,1952-07-03,0,False,False
1952-07-11,24.969999313354492,24.979999542236328,24.809999465942383,24.979999542236328,5,5,5,1952-07-07,1952-07-11,0,False,False
1952-07-18,25.030000686645508,25.159999847412109,24.850000381469727,24.850000381469727,5,5,5,1952-07-14,1952-07-18,0,False,False
1952-07-25,24.950000762939453,25.239999771118164,24.950000762939453,25.159999847412109,5,5,5,1952-07-21,1952-07-25,0,False,False
1952-08-01,25.200000762939453,25.450000762939453,25.200000762939453,25.450000762939453,5,5,5,1952-07-28,1952-08-01,0,False,False
1952-08-08,25.430000305175781,25.549999237060547,25.430000305175781,25.549999237060547,5,5,5,1952-08-04,1952-08-08,0,False,False
1952-08-15,25.520000457763672,25.520000457763672,25.200000762939453,25.200000762939453,5,5,5,1952-08-11,1952-08-15,0,False,False
1952-08-22,24.940000534057617,24.989999771118164,24.889999389648438,24.989999771118164,5,5,5,1952-08-18,1952-08-22,0,False,False
1952-08-29,24.870000839233398,25.030000686645508,24.829999923706055,25.030000686645508,5,5,5,1952-08-25,1952-08-29,0,False,False
1952-09-05,25.149999618530273,25.25,25.149999618530273,25.209999084472656,4,4,4,1952-09-02,1952-09-05,0,False,False
1952-09-12,25.110000610351562,25.110000610351562,24.690000534057617,24.709999084472656,5,5,5,1952-09-08,1952-09-12,0,False,False
1952-09-19,24.450000762939453,24.579999923706055,24.450000762939453,24.569999694824219,5,5,5,1952-09-15,1952-09-19,0,False,False
1952-09-26,24.590000152587891,24.809999465942383,24.590000152587891,24.729999542236328,5,5,5,1952-09-22,1952-09-26,0,False,False
1952-10-03,24.680000305175781,24.680000305175781,24.479999542236328,24.5,5,5,5,1952-09-29,1952-10-03,0,False,False
1952-10-10,24.440000534057617,24.579999923706055,24.399999618530273,24.549999237060547,5,5,5,1952-10-06,1952-10-10,0,False,False
1952-10-17,24.479999542236328,24.479999542236328,23.909999847412109,24.200000762939453,4,4,4,1952-10-14,1952-10-17,0,False,False
1952-10-24,24.129999160766602,24.129999160766602,23.799999237060547,24.030000686645508,5,5,5,1952-10-20,1952-10-24,0,False,False
1952-10-31,24.090000152587891,24.520000457763672,24.090000152587891,24.520000457763672,5,5,5,1952-10-27,1952-10-31,0,False,False
1952-11-07,24.600000381469727,24.780000686645508,24.600000381469727,24.780000686645508,4,4,4,1952-11-03,1952-11-07,0,False,False
1952-11-14,24.770000457763672,24.770000457763672,24.649999618530273,24.75,4,4,4,1952-11-10,1952-11-14,0,False,False
1952-11-21,24.799999237060547,25.329999923706055,24.799999237060547,25.270000457763672,5,5,5,1952-11-17,1952-11-21,0,False,False
1952-11-28,25.420000076293945,25.659999847412109,25.360000610351562,25.659999847412109,4,4,4,1952-11-24,1952-11-28,0,False,False
1952-12-05,25.680000305175781,25.739999771118164,25.610000610351562,25.620000839233398,5,5,5,1952-12-01,1952-12-05,0,False,False
1952-12-12,25.760000228881836,26.040000915527344,25.760000228881836,26.040000915527344,5,5,5,1952-12-08,1952-12-12,0,False,False
1952-12-19,26.040000915527344,26.149999618530273,26.030000686645508,26.149999618530273,5,5,5,1952-12-15,1952-12-19,0,False,False
1952-12-26,26.299999237060547,26.299999237060547,26.190000534057617,26.25,4,4,4,1952-12-22,1952-12-26,0,False,False
1953-01-02,26.399999618530273,26.590000152587891,26.399999618530273,26.540000915527344,4,4,4,1952-12-29,1953-01-02,0,False,False
1953-01-09,26.659999847412109,26.659999847412109,26.079999923706055,26.079999923706055,5,5,5,1953-01-05,1953-01-09,0,False,False
1953-01-16,25.860000610351562,26.129999160766602,25.860000610351562,26.020000457763672,5,5,5,1953-01-12,1953-01-16,0,False,False
1953-01-23,26.010000228881836,26.139999389648438,26.010000228881836,26.069999694824219,5,5,5,1953-01-19,1953-01-23,0,False,False
1953-01-30,26.020000457763672,26.379999160766602,26.020000457763672,26.379999160766602,5,5,5,1953-01-26,1953-01-30,0,False,False
1953-02-06,26.510000228881836,26.540000915527344,26.149999618530273,26.510000228881836,5,5,5,1953-02-02,1953-02-06,0,False,False
1953-02-13,25.690000534057617,25.739999771118164,25.620000839233398,25.739999771118164,4,4,4,1953-02-09,1953-02-13,0,False,False
1953-02-20,25.649999618530273,25.649999618530273,25.479999542236328,25.629999160766602,5,5,5,1953-02-16,1953-02-20,0,False,False
1953-02-27,25.75,25.950000762939453,25.75,25.899999618530273,4,4,4,1953-02-24,1953-02-27,0,False,False
1953-03-06,25.930000305175781,26,25.780000686645508,25.840000152587891,5,5,5,1953-03-02,1953-03-06,0,False,False
1953-03-13,25.829999923706055,26.180000305175781,25.829999923706055,26.180000305175781,5,5,5,1953-03-09,1953-03-13,0,False,False
1953-03-20,26.219999313354492,26.329999923706055,26.180000305175781,26.180000305175781,5,5,5,1953-03-16,1953-03-20,0,False,False
1953-03-27,26.020000457763672,26.170000076293945,25.950000762939453,25.989999771118164,5,5,5,1953-03-23,1953-03-27,0,False,False
1953-04-03,25.610000610351562,25.610000610351562,25.229999542236328,25.229999542236328,4,4,4,1953-03-30,1953-04-02,0,False,False
1953-04-10,24.610000610351562,24.930000305175781,24.610000610351562,24.819999694824219,5,5,5,1953-04-06,1953-04-10,0,False,False
1953-04-17,24.770000457763672,24.959999084472656,24.620000839233398,24.620000839233398,5,5,5,1953-04-13,1953-04-17,0,False,False
1953-04-24,24.729999542236328,24.729999542236328,24.190000534057617,24.200000762939453,5,5,5,1953-04-20,1953-04-24,0,False,False
1953-05-01,24.340000152587891,24.729999542236328,24.340000152587891,24.729999542236328,5,5,5,1953-04-27,1953-05-01,0,False,False
1953-05-08,25,25.030000686645508,24.899999618530273,24.899999618530273,5,5,5,1953-05-04,1953-05-08,0,False,False
1953-05-15,24.909999847412109,24.909999847412109,24.709999084472656,24.840000152587891,5,5,5,1953-05-11,1953-05-15,0,False,False
1953-05-22,24.75,25.059999465942383,24.700000762939453,25.030000686645508,5,5,5,1953-05-18,1953-05-22,0,False,False
1953-05-29,24.989999771118164,24.989999771118164,24.459999084472656,24.540000915527344,5,5,5,1953-05-25,1953-05-29,0,False,False
1953-06-05,24.149999618530273,24.219999313354492,24.030000686645508,24.090000152587891,5,5,5,1953-06-01,1953-06-05,0,False,False
1953-06-12,24.010000228881836,24.010000228881836,23.540000915527344,23.819999694824219,5,5,5,1953-06-08,1953-06-12,0,False,False
1953-06-19,23.620000839233398,23.850000381469727,23.549999237060547,23.840000152587891,5,5,5,1953-06-15,1953-06-19,0,False,False
1953-06-26,23.959999084472656,24.209999084472656,23.959999084472656,24.209999084472656,5,5,5,1953-06-22,1953-06-26,0,False,False
1953-07-03,24.139999389648438,24.360000610351562,24.139999389648438,24.360000610351562,5,5,5,1953-06-29,1953-07-03,0,False,False
1953-07-10,24.379999160766602,24.510000228881836,24.379999160766602,24.409999847412109,5,5,5,1953-07-06,1953-07-10,0,False,False
1953-07-17,24.170000076293945,24.350000381469727,24.079999923706055,24.350000381469727,5,5,5,1953-07-13,1953-07-17,0,False,False
1953-07-24,24.219999313354492,24.229999542236328,24.159999847412109,24.229999542236328,5,5,5,1953-07-20,1953-07-24,0,False,False
1953-07-31,24.069999694824219,24.75,24.069999694824219,24.75,5,5,5,1953-07-27,1953-07-31,0,False,False
1953-08-07,24.840000152587891,24.840000152587891,24.680000305175781,24.780000686645508,5,5,5,1953-08-03,1953-08-07,0,False,False
1953-08-14,24.75,24.780000686645508,24.620000839233398,24.620000839233398,5,5,5,1953-08-10,1953-08-14,0,False,False
1953-08-21,24.559999465942383,24.559999465942383,24.290000915527344,24.350000381469727,5,5,5,1953-08-17,1953-08-21,0,False,False
1953-08-28,24.090000152587891,24.090000152587891,23.739999771118164,23.739999771118164,5,5,5,1953-08-24,1953-08-28,0,False,False
1953-09-04,23.319999694824219,23.569999694824219,23.319999694824219,23.569999694824219,5,5,5,1953-08-31,1953-09-04,0,False,False
1953-09-11,23.610000610351562,23.649999618530273,23.139999389648438,23.139999389648438,4,4,4,1953-09-08,1953-09-11,0,False,False
1953-09-18,22.709999084472656,23.069999694824219,22.709999084472656,22.950000762939453,5,5,5,1953-09-14,1953-09-18,0,False,False
1953-09-25,22.879999160766602,23.299999237060547,22.879999160766602,23.299999237060547,5,5,5,1953-09-21,1953-09-25,0,False,False
1953-10-02,23.450000762939453,23.590000152587891,23.350000381469727,23.590000152587891,5,5,5,1953-09-28,1953-10-02,0,False,False
1953-10-09,23.479999542236328,23.659999847412109,23.389999389648438,23.659999847412109,5,5,5,1953-10-05,1953-10-09,0,False,False
1953-10-16,23.569999694824219,24.139999389648438,23.569999694824219,24.139999389648438,4,4,4,1953-10-13,1953-10-16,0,False,False
1953-10-23,24.159999847412109,24.350000381469727,24.159999847412109,24.350000381469727,5,5,5,1953-10-19,1953-10-23,0,False,False
1953-10-30,24.309999465942383,24.579999923706055,24.260000228881836,24.540000915527344,5,5,5,1953-10-26,1953-10-30,0,False,False
1953-11-06,24.659999847412109,24.659999847412109,24.510000228881836,24.610000610351562,4,4,4,1953-11-02,1953-11-06,0,False,False
1953-11-13,24.659999847412109,24.659999847412109,24.370000839233398,24.540000915527344,4,4,4,1953-11-09,1953-11-13,0,False,False
1953-11-20,24.379999160766602,24.440000534057617,24.25,24.440000534057617,5,5,5,1953-11-16,1953-11-20,0,False,False
1953-11-27,24.360000610351562,24.659999847412109,24.360000610351562,24.659999847412109,4,4,4,1953-11-23,1953-11-27,0,False,False
1953-12-04,24.760000228881836,24.979999542236328,24.760000228881836,24.979999542236328,5,5,5,1953-11-30,1953-12-04,0,False,False
1953-12-11,24.950000762939453,24.950000762939453,24.760000228881836,24.760000228881836,5,5,5,1953-12-07,1953-12-11,0,False,False
1953-12-18,24.690000534057617,24.989999771118164,24.690000534057617,24.989999771118164,5,5,5,1953-12-14,1953-12-18,0,False,False
1953-12-25,24.950000762939453,24.950000762939453,24.690000534057617,24.799999237060547,4,4,4,1953-12-21,1953-12-24,0,False,False
1954-01-01,24.709999084472656,24.809999465942383,24.549999237060547,24.809999465942383,4,4,4,1953-12-28,1953-12-31,0,False,False
1954-01-08,24.950000762939453,25.139999389648438,24.930000305175781,24.930000305175781,5,5,5,1954-01-04,1954-01-08,0,False,False
1954-01-15,24.799999237060547,25.430000305175781,24.799999237060547,25.430000305175781,5,5,5,1954-01-11,1954-01-15,0,False,False
1954-01-22,25.430000305175781,25.850000381469727,25.430000305175781,25.850000381469727,5,5,5,1954-01-18,1954-01-22,0,False,False
1954-01-29,25.930000305175781,26.090000152587891,25.930000305175781,26.079999923706055,5,5,5,1954-01-25,1954-01-29,0,False,False
1954-02-05,25.989999771118164,26.299999237060547,25.920000076293945,26.299999237060547,5,5,5,1954-02-01,1954-02-05,0,False,False
1954-02-12,26.229999542236328,26.229999542236328,26.059999465942383,26.120000839233398,5,5,5,1954-02-08,1954-02-12,0,False,False
1954-02-19,26.040000915527344,26.040000915527344,25.809999465942383,25.920000076293945,5,5,5,1954-02-15,1954-02-19,0,False,False
1954-02-26,25.829999923706055,26.149999618530273,25.829999923706055,26.149999618530273,4,4,4,1954-02-23,1954-02-26,0,False,False
1954-03-05,26.25,26.520000457763672,26.25,26.520000457763672,5,5,5,1954-03-01,1954-03-05,0,False,False
1954-03-12,26.450000762939453,26.690000534057617,26.450000762939453,26.690000534057617,5,5,5,1954-03-08,1954-03-12,0,False,False
1954-03-19,26.569999694824219,26.809999465942383,26.559999465942383,26.809999465942383,5,5,5,1954-03-15,1954-03-19,0,False,False
1954-03-26,26.790000915527344,26.790000915527344,26.420000076293945,26.559999465942383,5,5,5,1954-03-22,1954-03-26,0,False,False
1954-04-02,26.659999847412109,27.209999084472656,26.659999847412109,27.209999084472656,5,5,5,1954-03-29,1954-04-02,0,False,False
1954-04-09,27.260000228881836,27.379999160766602,27.010000228881836,27.379999160766602,5,5,5,1954-04-05,1954-04-09,0,False,False
1954-04-16,27.569999694824219,27.940000534057617,27.569999694824219,27.940000534057617,4,4,4,1954-04-12,1954-04-15,0,False,False
1954-04-23,27.760000228881836,27.780000686645508,27.639999389648438,27.780000686645508,5,5,5,1954-04-19,1954-04-23,0,False,False
1954-04-30,27.879999160766602,28.260000228881836,27.709999084472656,28.260000228881836,5,5,5,1954-04-26,1954-04-30,0,False,False
1954-05-07,28.209999084472656,28.649999618530273,28.209999084472656,28.649999618530273,5,5,5,1954-05-03,1954-05-07,0,False,False
1954-05-14,28.620000839233398,28.799999237060547,28.489999771118164,28.799999237060547,5,5,5,1954-05-10,1954-05-14,0,False,False
1954-05-21,28.840000152587891,28.989999771118164,28.719999313354492,28.989999771118164,5,5,5,1954-05-17,1954-05-21,0,False,False
1954-05-28,29,29.190000534057617,28.930000305175781,29.190000534057617,5,5,5,1954-05-24,1954-05-28,0,False,False
1954-06-04,29.190000534057617,29.190000534057617,29.100000381469727,29.100000381469727,4,4,4,1954-06-01,1954-06-04,0,False,False
1954-06-11,28.989999771118164,28.989999771118164,28.149999618530273,28.579999923706055,5,5,5,1954-06-07,1954-06-11,0,False,False
1954-06-18,28.620000839233398,29.040000915527344,28.620000839233398,29.040000915527344,5,5,5,1954-06-14,1954-06-18,0,False,False
1954-06-25,29.059999465942383,29.260000228881836,29.059999465942383,29.200000762939453,5,5,5,1954-06-21,1954-06-25,0,False,False
1954-07-02,29.280000686645508,29.590000152587891,29.209999084472656,29.590000152587891,5,5,5,1954-06-28,1954-07-02,0,False,False
1954-07-09,29.920000076293945,30.139999389648438,29.920000076293945,30.139999389648438,4,4,4,1954-07-06,1954-07-09,0,False,False
1954-07-16,30.120000839233398,30.190000534057617,30.020000457763672,30.059999465942383,5,5,5,1954-07-12,1954-07-16,0,False,False
1954-07-23,29.979999542236328,30.309999465942383,29.840000152587891,30.309999465942383,5,5,5,1954-07-19,1954-07-23,0,False,False
1954-07-30,30.340000152587891,30.879999160766602,30.340000152587891,30.879999160766602,5,5,5,1954-07-26,1954-07-30,0,False,False
1954-08-06,30.989999771118164,30.989999771118164,30.379999160766602,30.379999160766602,5,5,5,1954-08-02,1954-08-06,0,False,False
1954-08-13,30.120000839233398,30.719999313354492,30.120000839233398,30.719999313354492,5,5,5,1954-08-09,1954-08-13,0,False,False
1954-08-20,31.049999237060547,31.209999084472656,31.049999237060547,31.209999084472656,5,5,5,1954-08-16,1954-08-20,0,False,False
1954-08-27,31,31,30.569999694824219,30.659999847412109,5,5,5,1954-08-23,1954-08-27,0,False,False
1954-09-03,30.350000381469727,30.5,29.829999923706055,30.5,5,5,5,1954-08-30,1954-09-03,0,False,False
1954-09-10,30.659999847412109,30.840000152587891,30.659999847412109,30.840000152587891,4,4,4,1954-09-07,1954-09-10,0,False,False
1954-09-17,31.120000839233398,31.709999084472656,31.120000839233398,31.709999084472656,5,5,5,1954-09-13,1954-09-17,0,False,False
1954-09-24,31.569999694824219,32.400001525878906,31.569999694824219,32.400001525878906,5,5,5,1954-09-20,1954-09-24,0,False,False
1954-10-01,32.529998779296875,32.689998626708984,32.290000915527344,32.290000915527344,5,5,5,1954-09-27,1954-10-01,0,False,False
1954-10-08,32.470001220703125,32.759998321533203,32.470001220703125,32.669998168945312,5,5,5,1954-10-04,1954-10-08,0,False,False
1954-10-15,32.409999847412109,32.409999847412109,31.709999084472656,31.709999084472656,5,5,5,1954-10-11,1954-10-15,0,False,False
1954-10-22,31.829999923706055,32.169998168945312,31.829999923706055,32.130001068115234,5,5,5,1954-10-18,1954-10-22,0,False,False
1954-10-29,31.959999084472656,32.020000457763672,31.680000305175781,31.680000305175781,5,5,5,1954-10-25,1954-10-29,0,False,False
1954-11-05,31.790000915527344,32.819999694824219,31.790000915527344,32.709999084472656,4,4,4,1954-11-01,1954-11-05,0,False,False
1954-11-12,33.020000457763672,33.540000915527344,33.020000457763672,33.540000915527344,5,5,5,1954-11-08,1954-11-12,0,False,False
1954-11-19,33.470001220703125,33.630001068115234,33.439998626708984,33.450000762939453,5,5,5,1954-11-15,1954-11-19,0,False,False
1954-11-26,33.580001831054688,34.549999237060547,33.580001831054688,34.549999237060547,4,4,4,1954-11-22,1954-11-26,0,False,False
1954-12-03,34.540000915527344,34.540000915527344,33.990001678466797,34.490001678466797,5,5,5,1954-11-29,1954-12-03,0,False,False
1954-12-10,34.759998321533203,34.919998168945312,34.560001373291016,34.560001373291016,5,5,5,1954-12-06,1954-12-10,0,False,False
1954-12-17,34.590000152587891,35.919998168945312,34.349998474121094,35.919998168945312,5,5,5,1954-12-13,1954-12-17,0,False,False
1954-12-24,35.330001831054688,35.380001068115234,35.330001831054688,35.369998931884766,4,4,4,1954-12-20,1954-12-23,0,False,False
1954-12-31,35.069999694824219,35.979999542236328,35.069999694824219,35.979999542236328,5,5,5,1954-12-27,1954-12-31,0,False,False
1955-01-07,36.75,36.75,35.040000915527344,35.330001831054688,5,5,5,1955-01-03,1955-01-07,0,False,False
1955-01-14,35.790000915527344,35.790000915527344,35.279998779296875,35.279998779296875,5,5,5,1955-01-10,1955-01-14,0,False,False
1955-01-21,34.580001831054688,35.439998626708984,34.580001831054688,35.439998626708984,5,5,5,1955-01-17,1955-01-21,0,False,False
1955-01-28,35.520000457763672,36.189998626708984,35.509998321533203,36.189998626708984,5,5,5,1955-01-24,1955-01-28,0,False,False
1955-02-04,36.630001068115234,36.959999084472656,36.439998626708984,36.959999084472656,5,5,5,1955-01-31,1955-02-04,0,False,False
1955-02-11,36.959999084472656,37.150001525878906,36.459999084472656,37.150001525878906,5,5,5,1955-02-07,1955-02-11,0,False,False
1955-02-18,36.889999389648438,36.889999389648438,36.770000457763672,36.889999389648438,5,5,5,1955-02-14,1955-02-18,0,False,False
1955-02-25,36.849998474121094,36.849998474121094,36.569999694824219,36.569999694824219,4,4,4,1955-02-21,1955-02-25,0,False,False
1955-03-04,36.759998321533203,37.520000457763672,36.759998321533203,37.520000457763672,5,5,5,1955-02-28,1955-03-04,0,False,False
1955-03-11,37.279998779296875,37.279998779296875,35.819999694824219,35.819999694824219,5,5,5,1955-03-07,1955-03-11,0,False,False
1955-03-18,34.959999084472656,36.180000305175781,34.959999084472656,36.180000305175781,5,5,5,1955-03-14,1955-03-18,0,False,False
1955-03-25,35.950000762939453,36.959999084472656,35.950000762939453,36.959999084472656,5,5,5,1955-03-21,1955-03-25,0,False,False
1955-04-01,36.830001831054688,36.950000762939453,36.520000457763672,36.950000762939453,5,5,5,1955-03-28,1955-04-01,0,False,False
1955-04-08,36.830001831054688,37.340000152587891,36.830001831054688,37.340000152587891,4,4,4,1955-04-04,1955-04-07,0,False,False
1955-04-15,37.439998626708984,37.959999084472656,37.439998626708984,37.959999084472656,5,5,5,1955-04-11,1955-04-15,0,False,False
1955-04-22,38.270000457763672,38.319999694824219,38.009998321533203,38.009998321533203,5,5,5,1955-04-18,1955-04-22,0,False,False
1955-04-29,38.110000610351562,38.310001373291016,37.680000305175781,37.959999084472656,5,5,5,1955-04-25,1955-04-29,0,False,False
1955-05-06,38.040000915527344,38.040000915527344,37.639999389648438,37.889999389648438,5,5,5,1955-05-02,1955-05-06,0,False,False
1955-05-13,37.930000305175781,37.930000305175781,37.200000762939453,37.439998626708984,5,5,5,1955-05-09,1955-05-13,0,False,False
1955-05-20,37.020000457763672,37.740001678466797,36.970001220703125,37.740001678466797,5,5,5,1955-05-16,1955-05-20,0,False,False
1955-05-27,37.479999542236328,37.930000305175781,37.459999084472656,37.930000305175781,5,5,5,1955-05-23,1955-05-27,0,False,False
1955-06-03,37.909999847412109,38.369998931884766,37.909999847412109,38.369998931884766,4,4,4,1955-05-31,1955-06-03,0,False,False
1955-06-10,39.689998626708984,39.959999084472656,39.009998321533203,39.25,5,5,5,1955-06-06,1955-06-10,0,False,False
1955-06-17,39.619998931884766,40.099998474121094,39.619998931884766,40.099998474121094,5,5,5,1955-06-13,1955-06-17,0,False,False
1955-06-24,40.139999389648438,40.959999084472656,40.139999389648438,40.959999084472656,5,5,5,1955-06-20,1955-06-24,0,False,False
1955-07-01,40.990001678466797,41.189998626708984,40.770000457763672,41.189998626708984,5,5,5,1955-06-27,1955-07-01,0,False,False
1955-07-08,41.689998626708984,43.180000305175781,41.689998626708984,42.639999389648438,4,4,4,1955-07-05,1955-07-08,0,False,False
1955-07-15,42.75,42.75,42.240001678466797,42.400001525878906,5,5,5,1955-07-11,1955-07-15,0,False,False
1955-07-22,42.360000610351562,43,42.099998474121094,43,5,5,5,1955-07-18,1955-07-22,0,False,False
1955-07-29,43.479999542236328,43.759998321533203,43.479999542236328,43.520000457763672,5,5,5,1955-07-25,1955-07-29,0,False,False
1955-08-05,42.930000305175781,43.090000152587891,42.360000610351562,42.560001373291016,5,5,5,1955-08-01,1955-08-05,0,False,False
1955-08-12,42.310001373291016,42.310001373291016,41.740001678466797,42.209999084472656,5,5,5,1955-08-08,1955-08-12,0,False,False
1955-08-19,42.169998168945312,42.169998168945312,41.840000152587891,42.020000457763672,5,5,5,1955-08-15,1955-08-19,0,False,False
1955-08-26,41.979999542236328,42.990001678466797,41.979999542236328,42.990001678466797,5,5,5,1955-08-22,1955-08-26,0,False,False
1955-09-02,42.959999084472656,43.599998474121094,42.919998168945312,43.599998474121094,5,5,5,1955-08-29,1955-09-02,0,False,False
1955-09-09,43.860000610351562,43.889999389648438,43.849998474121094,43.889999389648438,4,4,4,1955-09-06,1955-09-09,0,False,False
1955-09-16,44.189998626708984,45.090000152587891,44.189998626708984,45.090000152587891,5,5,5,1955-09-12,1955-09-16,0,False,False
1955-09-23,45.159999847412109,45.630001068115234,45.130001068115234,45.630001068115234,5,5,5,1955-09-19,1955-09-23,0,False,False
1955-09-30,42.610000610351562,44.310001373291016,42.610000610351562,43.669998168945312,5,5,5,1955-09-26,1955-09-30,0,False,False
1955-10-07,42.490001678466797,42.990001678466797,42.380001068115234,42.380001068115234,5,5,5,1955-10-03,1955-10-07,0,False,False
1955-10-14,41.150001525878906,41.520000457763672,40.799999237060547,41.220001220703125,5,5,5,1955-10-10,1955-10-14,0,False,False
1955-10-21,41.349998474121094,42.590000152587891,41.349998474121094,42.590000152587891,5,5,5,1955-10-17,1955-10-21,0,False,False
1955-10-28,42.909999847412109,42.909999847412109,42.290000915527344,42.369998931884766,5,5,5,1955-10-24,1955-10-28,0,False,False
1955-11-04,42.340000152587891,43.959999084472656,42.279998779296875,43.959999084472656,5,5,5,1955-10-31,1955-11-04,0,False,False
1955-11-11,44.150001525878906,45.240001678466797,44.150001525878906,45.240001678466797,4,4,4,1955-11-07,1955-11-11,0,False,False
1955-11-18,46.409999847412109,46.409999847412109,45.540000915527344,45.540000915527344,5,5,5,1955-11-14,1955-11-18,0,False,False
1955-11-25,45.220001220703125,45.720001220703125,45.220001220703125,45.680000305175781,4,4,4,1955-11-21,1955-11-25,0,False,False
1955-12-02,45.380001068115234,45.560001373291016,45.349998474121094,45.439998626708984,5,5,5,1955-11-28,1955-12-02,0,False,False
1955-12-09,45.700000762939453,45.889999389648438,45.549999237060547,45.889999389648438,5,5,5,1955-12-05,1955-12-09,0,False,False
1955-12-16,45.419998168945312,45.450000762939453,45.060001373291016,45.130001068115234,5,5,5,1955-12-12,1955-12-16,0,False,False
1955-12-23,45.020000457763672,45.840000152587891,44.950000762939453,45.5,5,5,5,1955-12-19,1955-12-23,0,False,False
1955-12-30,45.220001220703125,45.479999542236328,45.049999237060547,45.479999542236328,4,4,4,1955-12-27,1955-12-30,0,False,False
1956-01-06,45.159999847412109,45.159999847412109,44.950000762939453,45.139999389648438,4,4,4,1956-01-03,1956-01-06,0,False,False
1956-01-13,44.509998321533203,44.75,44.159999847412109,44.669998168945312,5,5,5,1956-01-09,1956-01-13,0,False,False
1956-01-20,44.139999389648438,44.470001220703125,43.220001220703125,43.220001220703125,5,5,5,1956-01-16,1956-01-20,0,False,False
1956-01-27,43.110000610351562,43.720001220703125,43.110000610351562,43.349998474121094,5,5,5,1956-01-23,1956-01-27,0,False,False
1956-02-03,43.5,44.779998779296875,43.5,44.779998779296875,5,5,5,1956-01-30,1956-02-03,0,False,False
1956-02-10,44.810001373291016,44.810001373291016,43.639999389648438,43.639999389648438,5,5,5,1956-02-06,1956-02-10,0,False,False
1956-02-17,43.580001831054688,44.520000457763672,43.419998168945312,44.520000457763672,5,5,5,1956-02-13,1956-02-17,0,False,False
1956-02-24,44.450000762939453,45.319999694824219,44.450000762939453,45.319999694824219,4,4,4,1956-02-20,1956-02-24,0,False,False
1956-03-02,45.270000457763672,45.810001373291016,45.270000457763672,45.810001373291016,5,5,5,1956-02-27,1956-03-02,0,False,False
1956-03-09,46.060001373291016,46.700000762939453,46.009998321533203,46.700000762939453,5,5,5,1956-03-05,1956-03-09,0,False,False
1956-03-16,47.130001068115234,48.139999389648438,47.060001373291016,48.139999389648438,5,5,5,1956-03-12,1956-03-16,0,False,False
1956-03-23,48.590000152587891,48.869998931884766,48.229999542236328,48.830001831054688,5,5,5,1956-03-19,1956-03-23,0,False,False
1956-03-30,48.619998931884766,48.619998931884766,48.25,48.479999542236328,4,4,4,1956-03-26,1956-03-29,0,False,False
1956-04-06,48.700000762939453,48.849998474121094,48.529998779296875,48.849998474121094,5,5,5,1956-04-02,1956-04-06,0,False,False
1956-04-13,48.610000610351562,48.610000610351562,47.930000305175781,47.950000762939453,5,5,5,1956-04-09,1956-04-13,0,False,False
1956-04-20,47.959999084472656,47.959999084472656,47.569999694824219,47.759998321533203,5,5,5,1956-04-16,1956-04-20,0,False,False
1956-04-27,47.650001525878906,47.990001678466797,47.090000152587891,47.990001678466797,5,5,5,1956-04-23,1956-04-27,0,False,False
1956-05-04,48.380001068115234,48.509998321533203,48.159999847412109,48.509998321533203,5,5,5,1956-04-30,1956-05-04,0,False,False
1956-05-11,48.220001220703125,48.220001220703125,47.119998931884766,47.119998931884766,5,5,5,1956-05-07,1956-05-11,0,False,False
1956-05-18,46.860000610351562,46.860000610351562,46.049999237060547,46.389999389648438,5,5,5,1956-05-14,1956-05-18,0,False,False
1956-05-25,45.990001678466797,45.990001678466797,44.599998474121094,44.619998931884766,5,5,5,1956-05-21,1956-05-25,0,False,False
1956-06-01,44.099998474121094,45.580001831054688,44.099998474121094,45.580001831054688,4,4,4,1956-05-28,1956-06-01,0,False,False
1956-06-08,45.849998474121094,45.990001678466797,45.139999389648438,45.139999389648438,5,5,5,1956-06-04,1956-06-08,0,False,False
1956-06-15,45.709999084472656,46.419998168945312,45.709999084472656,46.369998931884766,5,5,5,1956-06-11,1956-06-15,0,False,False
1956-06-22,46.169998168945312,46.729999542236328,46.169998168945312,46.590000152587891,5,5,5,1956-06-18,1956-06-22,0,False,False
1956-06-29,46.409999847412109,47.130001068115234,46.409999847412109,46.970001220703125,5,5,5,1956-06-25,1956-06-29,0,False,False
1956-07-06,46.930000305175781,48.040000915527344,46.930000305175781,48.040000915527344,4,4,4,1956-07-02,1956-07-06,0,False,False
1956-07-13,48.25,48.720001220703125,48.25,48.720001220703125,5,5,5,1956-07-09,1956-07-13,0,False,False
1956-07-20,49.139999389648438,49.349998474121094,49.139999389648438,49.349998474121094,5,5,5,1956-07-16,1956-07-20,0,False,False
1956-07-27,49.330001831054688,49.479999542236328,49.080001831054688,49.080001831054688,5,5,5,1956-07-23,1956-07-27,0,False,False
1956-08-03,49,49.639999389648438,49,49.639999389648438,5,5,5,1956-07-30,1956-08-03,0,False,False
1956-08-10,48.959999084472656,49.360000610351562,48.959999084472656,49.090000152587891,5,5,5,1956-08-06,1956-08-10,0,False,False
1956-08-17,48.580001831054688,48.990001678466797,48,48.819999694824219,5,5,5,1956-08-13,1956-08-17,0,False,False
1956-08-24,48.25,48.25,47.419998168945312,47.950000762939453,5,5,5,1956-08-20,1956-08-24,0,False,False
1956-08-31,47.659999847412109,47.659999847412109,46.939998626708984,47.509998321533203,5,5,5,1956-08-27,1956-08-31,0,False,False
1956-09-07,47.889999389648438,48.099998474121094,47.810001373291016,47.810001373291016,4,4,4,1956-09-04,1956-09-07,0,False,False
1956-09-14,47.560001373291016,47.560001373291016,46.090000152587891,47.209999084472656,5,5,5,1956-09-10,1956-09-14,0,False,False
1956-09-21,47.099998474121094,47.099998474121094,46.209999084472656,46.580001831054688,5,5,5,1956-09-17,1956-09-21,0,False,False
1956-09-28,46.400001525878906,46.400001525878906,45.349998474121094,45.349998474121094,5,5,5,1956-09-24,1956-09-28,0,False,False
1956-10-05,44.700000762939453,46.450000762939453,44.700000762939453,46.450000762939453,5,5,5,1956-10-01,1956-10-05,0,False,False
1956-10-12,46.430000305175781,47,46.200000762939453,47,5,5,5,1956-10-08,1956-10-12,0,False,False
1956-10-19,46.860000610351562,46.860000610351562,46.240001678466797,46.240001678466797,5,5,5,1956-10-15,1956-10-19,0,False,False
1956-10-26,46.229999542236328,46.270000457763672,45.849998474121094,46.270000457763672,5,5,5,1956-10-22,1956-10-26,0,False,False
1956-11-02,46.400001525878906,46.979999542236328,45.580001831054688,46.979999542236328,5,5,5,1956-10-29,1956-11-02,0,False,False
1956-11-09,47.599998474121094,47.599998474121094,46.340000152587891,46.340000152587891,4,4,4,1956-11-05,1956-11-09,0,False,False
1956-11-16,46.490001678466797,46.490001678466797,45.720001220703125,45.740001678466797,5,5,5,1956-11-12,1956-11-16,0,False,False
1956-11-23,45.290000915527344,45.290000915527344,44.669998168945312,45.139999389648438,4,4,4,1956-11-19,1956-11-23,0,False,False
1956-11-30,44.869998931884766,45.080001831054688,44.380001068115234,45.080001831054688,5,5,5,1956-11-26,1956-11-30,0,False,False
1956-12-07,45.979999542236328,47.040000915527344,45.840000152587891,47.040000915527344,5,5,5,1956-12-03,1956-12-07,0,False,False
1956-12-14,46.799999237060547,46.799999237060547,46.130001068115234,46.540000915527344,5,5,5,1956-12-10,1956-12-14,0,False,False
1956-12-21,46.540000915527344,46.540000915527344,46.069999694824219,46.369998931884766,5,5,5,1956-12-17,1956-12-21,0,False,False
1956-12-28,46.389999389648438,46.560001373291016,46.349998474121094,46.560001373291016,3,3,3,1956-12-26,1956-12-28,0,False,False
1957-01-04,46.669998168945312,46.669998168945312,46.200000762939453,46.659999847412109,4,4,4,1956-12-31,1957-01-04,0,False,False
1957-01-11,46.419998168945312,46.419998168945312,46.159999847412109,46.180000305175781,5,5,5,1957-01-07,1957-01-11,0,False,False
1957-01-18,45.860000610351562,45.860000610351562,44.639999389648438,44.639999389648438,5,5,5,1957-01-14,1957-01-18,0,False,False
1957-01-25,44.400001525878906,45.029998779296875,44.400001525878906,44.819999694824219,5,5,5,1957-01-21,1957-01-25,0,False,False
1957-02-01,44.490001678466797,44.909999847412109,44.490001678466797,44.619998931884766,5,5,5,1957-01-28,1957-02-01,0,False,False
1957-02-08,44.529998779296875,44.529998779296875,43.319999694824219,43.319999694824219,5,5,5,1957-02-04,1957-02-08,0,False,False
1957-02-15,42.569999694824219,43.509998321533203,42.389999389648438,43.509998321533203,5,5,5,1957-02-11,1957-02-15,0,False,False
1957-02-22,43.459999084472656,43.630001068115234,43.459999084472656,43.479999542236328,4,4,4,1957-02-18,1957-02-21,0,False,False
1957-03-01,43.380001068115234,43.740001678466797,43.259998321533203,43.740001678466797,5,5,5,1957-02-25,1957-03-01,0,False,False
1957-03-08,44.060001373291016,44.229999542236328,44.060001373291016,44.069999694824219,5,5,5,1957-03-04,1957-03-08,0,False,False
1957-03-15,43.779998779296875,44.069999694824219,43.75,44.049999237060547,5,5,5,1957-03-11,1957-03-15,0,False,False
1957-03-22,43.849998474121094,44.110000610351562,43.849998474121094,44.060001373291016,5,5,5,1957-03-18,1957-03-22,0,False,False
1957-03-29,43.880001068115234,44.180000305175781,43.880001068115234,44.110000610351562,5,5,5,1957-03-25,1957-03-29,0,False,False
1957-04-05,44.139999389648438,44.540000915527344,44.139999389648438,44.490001678466797,5,5,5,1957-04-01,1957-04-05,0,False,False
1957-04-12,44.389999389648438,44.979999542236328,44.389999389648438,44.979999542236328,5,5,5,1957-04-08,1957-04-12,0,False,False
1957-04-19,44.950000762939453,45.409999847412109,44.950000762939453,45.409999847412109,4,4,4,1957-04-15,1957-04-18,0,False,False
1957-04-26,45.479999542236328,45.720001220703125,45.479999542236328,45.5,5,5,5,1957-04-22,1957-04-26,0,False,False
1957-05-03,45.729999542236328,46.389999389648438,45.729999542236328,46.340000152587891,5,5,5,1957-04-29,1957-05-03,0,False,False
1957-05-10,46.270000457763672,46.590000152587891,46.130001068115234,46.590000152587891,5,5,5,1957-05-06,1957-05-10,0,False,False
1957-05-17,46.880001068115234,47.150001525878906,46.669998168945312,47.150001525878906,5,5,5,1957-05-13,1957-05-17,0,False,False
1957-05-24,47.349998474121094,47.349998474121094,47.139999389648438,47.209999084472656,5,5,5,1957-05-20,1957-05-24,0,False,False
1957-05-31,46.779998779296875,47.430000305175781,46.689998626708984,47.430000305175781,4,4,4,1957-05-27,1957-05-31,0,False,False
1957-06-07,47.369998931884766,47.849998474121094,47.270000457763672,47.849998474121094,5,5,5,1957-06-03,1957-06-07,0,False,False
1957-06-14,47.900001525878906,48.150001525878906,47.900001525878906,48.150001525878906,5,5,5,1957-06-10,1957-06-14,0,False,False
1957-06-21,48.240001678466797,48.240001678466797,47.150001525878906,47.150001525878906,5,5,5,1957-06-17,1957-06-21,0,False,False
1957-06-28,46.779998779296875,47.369998931884766,46.779998779296875,47.369998931884766,5,5,5,1957-06-24,1957-06-28,0,False,False
1957-07-05,47.430000305175781,48.689998626708984,47.430000305175781,48.689998626708984,4,4,4,1957-07-01,1957-07-05,0,False,False
1957-07-12,48.900001525878906,49.080001831054688,48.860000610351562,49.080001831054688,5,5,5,1957-07-08,1957-07-12,0,False,False
1957-07-19,49.130001068115234,49.130001068115234,48.529998779296875,48.580001831054688,5,5,5,1957-07-15,1957-07-19,0,False,False
1957-07-26,48.470001220703125,48.610000610351562,48.450000762939453,48.450000762939453,5,5,5,1957-07-22,1957-07-26,0,False,False
1957-08-02,47.919998168945312,47.919998168945312,47.680000305175781,47.680000305175781,5,5,5,1957-07-29,1957-08-02,0,False,False
1957-08-09,47.259998321533203,47.259998321533203,46.669998168945312,46.919998168945312,5,5,5,1957-08-05,1957-08-09,0,False,False
1957-08-16,46.330001831054688,46.330001831054688,45.729999542236328,45.830001831054688,5,5,5,1957-08-12,1957-08-16,0,False,False
1957-08-23,44.909999847412109,45.490001678466797,44.509998321533203,44.509998321533203,5,5,5,1957-08-19,1957-08-23,0,False,False
1957-08-30,43.889999389648438,45.220001220703125,43.889999389648438,45.220001220703125,5,5,5,1957-08-26,1957-08-30,0,False,False
1957-09-06,45.439998626708984,45.439998626708984,44.680000305175781,44.680000305175781,4,4,4,1957-09-03,1957-09-06,0,False,False
1957-09-13,44.279998779296875,44.819999694824219,43.869998931884766,44.799999237060547,5,5,5,1957-09-09,1957-09-13,0,False,False
1957-09-20,44.580001831054688,44.689998626708984,43.689998626708984,43.689998626708984,5,5,5,1957-09-16,1957-09-20,0,False,False
1957-09-27,42.689998626708984,42.979999542236328,42.549999237060547,42.549999237060547,5,5,5,1957-09-23,1957-09-27,0,False,False
1957-10-04,42.419998168945312,43.139999389648438,42.419998168945312,42.790000915527344,5,5,5,1957-09-30,1957-10-04,0,False,False
1957-10-11,42.220001220703125,42.220001220703125,40.939998626708984,40.939998626708984,5,5,5,1957-10-07,1957-10-11,0,False,False
1957-10-18,41.240001678466797,41.669998168945312,40.330001831054688,40.330001831054688,5,5,5,1957-10-14,1957-10-18,0,False,False
1957-10-25,39.150001525878906,40.729999542236328,38.979999542236328,40.590000152587891,5,5,5,1957-10-21,1957-10-25,0,False,False
1957-11-01,40.419998168945312,41.060001373291016,40.419998168945312,40.439998626708984,5,5,5,1957-10-28,1957-11-01,0,False,False
1957-11-08,40.369998931884766,40.669998168945312,40.189998626708984,40.189998626708984,4,4,4,1957-11-04,1957-11-08,0,False,False
1957-11-15,40.180000305175781,40.369998931884766,39.439998626708984,40.369998931884766,5,5,5,1957-11-11,1957-11-15,0,False,False
1957-11-22,40.040000915527344,40.869998931884766,39.810001373291016,40.869998931884766,5,5,5,1957-11-18,1957-11-22,0,False,False
1957-11-29,41.180000305175781,41.720001220703125,40.090000152587891,41.720001220703125,4,4,4,1957-11-25,1957-11-29,0,False,False
1957-12-06,41.360000610351562,41.540000915527344,41.310001373291016,41.310001373291016,5,5,5,1957-12-02,1957-12-06,0,False,False
1957-12-13,40.919998168945312,40.919998168945312,40.509998321533203,40.729999542236328,5,5,5,1957-12-09,1957-12-13,0,False,False
1957-12-20,40.119998931884766,40.119998931884766,39.380001068115234,39.479999542236328,5,5,5,1957-12-16,1957-12-20,0,False,False
1957-12-27,39.479999542236328,39.919998168945312,39.479999542236328,39.779998779296875,4,4,4,1957-12-23,1957-12-27,0,False,False
1958-01-03,39.580001831054688,40.869998931884766,39.580001831054688,40.869998931884766,4,4,4,1957-12-30,1958-01-03,0,False,False
1958-01-10,40.680000305175781,41,40.369998931884766,40.369998931884766,5,5,5,1958-01-06,1958-01-10,0,False,False
1958-01-17,40.490001678466797,41.099998474121094,40.490001678466797,41.099998474121094,5,5,5,1958-01-13,1958-01-17,0,False,False
1958-01-24,41.349998474121094,41.709999084472656,41.200000762939453,41.709999084472656,5,5,5,1958-01-20,1958-01-24,0,False,False
1958-01-31,41.590000152587891,41.880001068115234,41.590000152587891,41.700000762939453,5,5,5,1958-01-27,1958-01-31,0,False,False
1958-02-07,42.040000915527344,42.459999084472656,41.729999542236328,41.729999542236328,5,5,5,1958-02-03,1958-02-07,0,False,False
1958-02-14,41.479999542236328,41.479999542236328,40.930000305175781,41.330001831054688,5,5,5,1958-02-10,1958-02-14,0,False,False
1958-02-21,41.110000610351562,41.169998168945312,40.880001068115234,40.880001068115234,5,5,5,1958-02-17,1958-02-21,0,False,False
1958-02-28,40.650001525878906,40.919998168945312,40.610000610351562,40.840000152587891,5,5,5,1958-02-24,1958-02-28,0,False,False
1958-03-07,41.130001068115234,42.069999694824219,41.130001068115234,42.069999694824219,5,5,5,1958-03-03,1958-03-07,0,False,False
1958-03-14,42.209999084472656,42.509998321533203,42.209999084472656,42.330001831054688,5,5,5,1958-03-10,1958-03-14,0,False,False
1958-03-21,42.040000915527344,42.419998168945312,41.889999389648438,42.419998168945312,5,5,5,1958-03-17,1958-03-21,0,False,False
1958-03-28,42.580001831054688,42.580001831054688,42.169998168945312,42.200000762939453,5,5,5,1958-03-24,1958-03-28,0,False,False
1958-04-04,42.099998474121094,42.099998474121094,41.479999542236328,41.479999542236328,4,4,4,1958-03-31,1958-04-03,0,False,False
1958-04-11,41.330001831054688,41.740001678466797,41.330001831054688,41.740001678466797,5,5,5,1958-04-07,1958-04-11,0,False,False
1958-04-18,42,42.709999084472656,42,42.709999084472656,5,5,5,1958-04-14,1958-04-18,0,False,False
1958-04-25,42.930000305175781,43.360000610351562,42.799999237060547,43.360000610351562,5,5,5,1958-04-21,1958-04-25,0,False,False
1958-05-02,43.220001220703125,43.689998626708984,43,43.689998626708984,5,5,5,1958-04-28,1958-05-02,0,False,False
1958-05-09,43.790000915527344,44.090000152587891,43.790000915527344,44.090000152587891,5,5,5,1958-05-05,1958-05-09,0,False,False
1958-05-16,43.75,43.75,43.119998931884766,43.360000610351562,5,5,5,1958-05-12,1958-05-16,0,False,False
1958-05-23,43.240001678466797,43.869998931884766,43.240001678466797,43.869998931884766,5,5,5,1958-05-19,1958-05-23,0,False,False
1958-05-30,43.849998474121094,44.090000152587891,43.790000915527344,44.090000152587891,4,4,4,1958-05-26,1958-05-29,0,False,False
1958-06-06,44.310001373291016,44.639999389648438,44.310001373291016,44.639999389648438,5,5,5,1958-06-02,1958-06-06,0,False,False
1958-06-13,44.569999694824219,45.020000457763672,44.479999542236328,45.020000457763672,5,5,5,1958-06-09,1958-06-13,0,False,False
1958-06-20,45.180000305175781,45.340000152587891,44.610000610351562,44.849998474121094,5,5,5,1958-06-16,1958-06-20,0,False,False
1958-06-27,44.689998626708984,44.900001525878906,44.520000457763672,44.900001525878906,5,5,5,1958-06-23,1958-06-27,0,False,False
1958-07-04,45.240001678466797,45.470001220703125,45.240001678466797,45.470001220703125,4,4,4,1958-06-30,1958-07-03,0,False,False
1958-07-11,45.619998931884766,45.720001220703125,45.25,45.720001220703125,5,5,5,1958-07-07,1958-07-11,0,False,False
1958-07-18,45.139999389648438,45.770000457763672,45.110000610351562,45.770000457763672,5,5,5,1958-07-14,1958-07-18,0,False,False
1958-07-25,46.330001831054688,46.970001220703125,46.330001831054688,46.970001220703125,5,5,5,1958-07-21,1958-07-25,0,False,False
1958-08-01,47.150001525878906,47.490001678466797,46.959999084472656,47.490001678466797,5,5,5,1958-07-28,1958-08-01,0,False,False
1958-08-08,47.939998626708984,48.049999237060547,47.459999084472656,48.049999237060547,5,5,5,1958-08-04,1958-08-08,0,False,False
1958-08-15,48.159999847412109,48.159999847412109,47.5,47.5,5,5,5,1958-08-11,1958-08-15,0,False,False
1958-08-22,47.220001220703125,47.729999542236328,47.220001220703125,47.729999542236328,5,5,5,1958-08-18,1958-08-22,0,False,False
1958-08-29,47.740001678466797,47.909999847412109,47.659999847412109,47.75,5,5,5,1958-08-25,1958-08-29,0,False,False
1958-09-05,48,48.180000305175781,47.970001220703125,47.970001220703125,4,4,4,1958-09-02,1958-09-05,0,False,False
1958-09-12,48.130001068115234,48.639999389648438,48.130001068115234,48.529998779296875,5,5,5,1958-09-08,1958-09-12,0,False,False
1958-09-19,48.959999084472656,49.400001525878906,48.959999084472656,49.400001525878906,5,5,5,1958-09-15,1958-09-19,0,False,False
1958-09-26,49.200000762939453,49.779998779296875,49.200000762939453,49.659999847412109,5,5,5,1958-09-22,1958-09-26,0,False,False
1958-10-03,49.869998931884766,50.369998931884766,49.869998931884766,50.369998931884766,5,5,5,1958-09-29,1958-10-03,0,False,False
1958-10-10,51.069999694824219,51.389999389648438,51.049999237060547,51.389999389648438,5,5,5,1958-10-06,1958-10-10,0,False,False
1958-10-17,51.619998931884766,51.619998931884766,50.580001831054688,51.459999084472656,5,5,5,1958-10-13,1958-10-17,0,False,False
1958-10-24,51.270000457763672,51.270000457763672,50.810001373291016,50.810001373291016,5,5,5,1958-10-20,1958-10-24,0,False,False
1958-10-31,50.419998168945312,51.330001831054688,50.419998168945312,51.330001831054688,5,5,5,1958-10-27,1958-10-31,0,False,False
1958-11-07,51.560001373291016,52.450000762939453,51.560001373291016,52.259998321533203,4,4,4,1958-11-03,1958-11-07,0,False,False
1958-11-14,52.569999694824219,53.090000152587891,52.569999694824219,53.090000152587891,5,5,5,1958-11-10,1958-11-14,0,False,False
1958-11-21,53.240001678466797,53.240001678466797,52.700000762939453,52.700000762939453,5,5,5,1958-11-17,1958-11-21,0,False,False
1958-11-28,52.029998779296875,52.479999542236328,51.020000457763672,52.479999542236328,4,4,4,1958-11-24,1958-11-28,0,False,False
1958-12-05,52.689998626708984,52.689998626708984,52.459999084472656,52.459999084472656,5,5,5,1958-12-01,1958-12-05,0,False,False
1958-12-12,52.459999084472656,53.459999084472656,52.459999084472656,53.220001220703125,5,5,5,1958-12-08,1958-12-12,0,False,False
1958-12-19,53.369998931884766,54.150001525878906,53.369998931884766,54.069999694824219,5,5,5,1958-12-15,1958-12-19,0,False,False
1958-12-26,53.709999084472656,54.110000610351562,53.419998168945312,54.110000610351562,3,3,3,1958-12-22,1958-12-24,0,False,False
1959-01-02,54.740001678466797,55.439998626708984,54.740001678466797,55.439998626708984,4,4,4,1958-12-29,1959-01-02,0,False,False
1959-01-09,55.659999847412109,55.770000457763672,54.889999389648438,55.770000457763672,5,5,5,1959-01-05,1959-01-09,0,False,False
1959-01-16,55.779998779296875,55.830001831054688,55.470001220703125,55.810001373291016,5,5,5,1959-01-12,1959-01-16,0,False,False
1959-01-23,55.680000305175781,56.040000915527344,55.680000305175781,56,5,5,5,1959-01-19,1959-01-23,0,False,False
1959-01-30,55.770000457763672,55.779998779296875,55.159999847412109,55.450000762939453,5,5,5,1959-01-26,1959-01-30,0,False,False
1959-02-06,55.209999084472656,55.279998779296875,54.369998931884766,54.369998931884766,5,5,5,1959-02-02,1959-02-06,0,False,False
1959-02-13,53.580001831054688,54.419998168945312,53.580001831054688,54.419998168945312,5,5,5,1959-02-09,1959-02-13,0,False,False
1959-02-20,54.5,55.520000457763672,54.290000915527344,55.520000457763672,5,5,5,1959-02-16,1959-02-20,0,False,False
1959-02-27,55.479999542236328,55.479999542236328,55.240001678466797,55.409999847412109,4,4,4,1959-02-24,1959-02-27,0,False,False
1959-03-06,55.729999542236328,56.430000305175781,55.729999542236328,56.209999084472656,5,5,5,1959-03-02,1959-03-06,0,False,False
1959-03-13,56.150001525878906,56.669998168945312,56.150001525878906,56.669998168945312,5,5,5,1959-03-09,1959-03-13,0,False,False
1959-03-20,56.060001373291016,56.520000457763672,56.060001373291016,56.389999389648438,5,5,5,1959-03-16,1959-03-20,0,False,False
1959-03-27,55.869998931884766,55.959999084472656,55.759998321533203,55.759998321533203,4,4,4,1959-03-23,1959-03-26,0,False,False
1959-04-03,55.450000762939453,56.439998626708984,55.439998626708984,56.439998626708984,5,5,5,1959-03-30,1959-04-03,0,False,False
1959-04-10,56.599998474121094,56.599998474121094,56.169998168945312,56.220001220703125,5,5,5,1959-04-06,1959-04-10,0,False,False
1959-04-17,56.430000305175781,57.919998168945312,56.430000305175781,57.919998168945312,5,5,5,1959-04-13,1959-04-17,0,False,False
1959-04-24,58.169998168945312,58.169998168945312,57.599998474121094,57.959999084472656,5,5,5,1959-04-20,1959-04-24,0,False,False
1959-05-01,58.139999389648438,58.139999389648438,57.590000152587891,57.650001525878906,5,5,5,1959-04-27,1959-05-01,0,False,False
1959-05-08,57.650001525878906,57.75,56.880001068115234,57.319999694824219,5,5,5,1959-05-04,1959-05-08,0,False,False
1959-05-15,57.959999084472656,58.369998931884766,57.959999084472656,58.159999847412109,5,5,5,1959-05-11,1959-05-15,0,False,False
1959-05-22,58.150001525878906,58.330001831054688,58.090000152587891,58.330001831054688,5,5,5,1959-05-18,1959-05-22,0,False,False
1959-05-29,58.180000305175781,58.680000305175781,58.090000152587891,58.680000305175781,5,5,5,1959-05-25,1959-05-29,0,False,False
1959-06-05,58.630001068115234,58.630001068115234,57.509998321533203,57.509998321533203,5,5,5,1959-06-01,1959-06-05,0,False,False
1959-06-12,56.759998321533203,57.290000915527344,56.360000610351562,57.290000915527344,5,5,5,1959-06-08,1959-06-12,0,False,False
1959-06-19,56.990001678466797,57.130001068115234,56.560001373291016,57.130001068115234,5,5,5,1959-06-15,1959-06-19,0,False,False
1959-06-26,57.130001068115234,57.979999542236328,57.119998931884766,57.979999542236328,5,5,5,1959-06-22,1959-06-26,0,False,False
1959-07-03,58.369998931884766,59.279998779296875,58.369998931884766,59.279998779296875,4,4,4,1959-06-29,1959-07-02,0,False,False
1959-07-10,59.650001525878906,60.029998779296875,59.650001525878906,59.909999847412109,5,5,5,1959-07-06,1959-07-10,0,False,False
1959-07-17,59.409999847412109,59.590000152587891,59.189998626708984,59.189998626708984,5,5,5,1959-07-13,1959-07-17,0,False,False
1959-07-24,58.909999847412109,59.669998168945312,58.909999847412109,59.650001525878906,5,5,5,1959-07-20,1959-07-24,0,False,False
1959-07-31,60.020000457763672,60.619998931884766,60.020000457763672,60.509998321533203,5,5,5,1959-07-27,1959-07-31,0,False,False
1959-08-07,60.709999084472656,60.709999084472656,59.869998931884766,59.869998931884766,5,5,5,1959-08-03,1959-08-07,0,False,False
1959-08-14,58.619998931884766,59.389999389648438,58.619998931884766,59.290000915527344,5,5,5,1959-08-10,1959-08-14,0,False,False
1959-08-21,59.169998168945312,59.169998168945312,58.270000457763672,59.080001831054688,5,5,5,1959-08-17,1959-08-21,0,False,False
1959-08-28,58.869998931884766,59.599998474121094,58.869998931884766,59.599998474121094,5,5,5,1959-08-24,1959-08-28,0,False,False
1959-09-04,59.599998474121094,59.599998474121094,58.259998321533203,58.540000915527344,5,5,5,1959-08-31,1959-09-04,0,False,False
1959-09-11,57.700000762939453,57.700000762939453,56.990001678466797,57.409999847412109,4,4,4,1959-09-08,1959-09-11,0,False,False
1959-09-18,56.990001678466797,56.990001678466797,56.189998626708984,56.189998626708984,5,5,5,1959-09-14,1959-09-18,0,False,False
1959-09-25,55.270000457763672,56.779998779296875,55.139999389648438,56.729999542236328,5,5,5,1959-09-21,1959-09-25,0,False,False
1959-10-02,57.150001525878906,57.509998321533203,56.880001068115234,57.200000762939453,5,5,5,1959-09-28,1959-10-02,0,False,False
1959-10-09,57.139999389648438,57.139999389648438,56.810001373291016,57,5,5,5,1959-10-05,1959-10-09,0,False,False
1959-10-16,57.319999694824219,57.330001831054688,56.709999084472656,57.330001831054688,5,5,5,1959-10-12,1959-10-16,0,False,False
1959-10-23,57.009998321533203,57.009998321533203,56,56.560001373291016,5,5,5,1959-10-19,1959-10-23,0,False,False
1959-10-30,56.939998626708984,57.520000457763672,56.939998626708984,57.520000457763672,5,5,5,1959-10-26,1959-10-30,0,False,False
1959-11-06,57.409999847412109,57.599998474121094,57.259998321533203,57.599998474121094,4,4,4,1959-11-02,1959-11-06,0,False,False
1959-11-13,57.5,57.5,56.849998474121094,56.849998474121094,5,5,5,1959-11-09,1959-11-13,0,False,False
1959-11-20,56.220001220703125,56.990001678466797,56.220001220703125,56.970001220703125,5,5,5,1959-11-16,1959-11-20,0,False,False
1959-11-27,57.080001831054688,57.700000762939453,57.080001831054688,57.700000762939453,4,4,4,1959-11-23,1959-11-27,0,False,False
1959-12-04,58.279998779296875,58.849998474121094,58.279998779296875,58.849998474121094,5,5,5,1959-11-30,1959-12-04,0,False,False
1959-12-11,58.959999084472656,59.340000152587891,58.880001068115234,58.880001068115234,5,5,5,1959-12-07,1959-12-11,0,False,False
1959-12-18,59.040000915527344,59.139999389648438,58.860000610351562,59.139999389648438,5,5,5,1959-12-14,1959-12-18,0,False,False
1959-12-25,59.209999084472656,59.209999084472656,58.959999084472656,59,4,4,4,1959-12-21,1959-12-24,0,False,False
1960-01-01,58.979999542236328,59.889999389648438,58.979999542236328,59.889999389648438,4,4,4,1959-12-28,1959-12-31,0,False,False
1960-01-08,59.909999847412109,60.389999389648438,59.5,59.5,5,5,5,1960-01-04,1960-01-08,0,False,False
1960-01-15,58.770000457763672,58.770000457763672,58.080001831054688,58.380001068115234,5,5,5,1960-01-11,1960-01-15,0,False,False
1960-01-22,57.889999389648438,57.889999389648438,57.069999694824219,57.380001068115234,5,5,5,1960-01-18,1960-01-22,0,False,False
1960-01-29,56.779998779296875,56.860000610351562,55.610000610351562,55.610000610351562,5,5,5,1960-01-25,1960-01-29,0,False,False
1960-02-05,55.959999084472656,56.819999694824219,55.959999084472656,55.979999542236328,5,5,5,1960-02-01,1960-02-05,0,False,False
1960-02-12,55.319999694824219,55.840000152587891,55.180000305175781,55.459999084472656,5,5,5,1960-02-08,1960-02-12,0,False,False
1960-02-19,55.169998168945312,56.240001678466797,54.729999542236328,56.240001678466797,5,5,5,1960-02-15,1960-02-19,0,False,False
1960-02-26,55.939998626708984,56.159999847412109,55.740001678466797,56.159999847412109,4,4,4,1960-02-23,1960-02-26,0,False,False
1960-03-04,56.119998931884766,56.119998931884766,54.569999694824219,54.569999694824219,5,5,5,1960-02-29,1960-03-04,0,False,False
1960-03-11,54.020000457763672,54.240001678466797,53.470001220703125,54.240001678466797,5,5,5,1960-03-07,1960-03-11,0,False,False
1960-03-18,54.319999694824219,55.040000915527344,54.319999694824219,55.009998321533203,5,5,5,1960-03-14,1960-03-18,0,False,False
1960-03-25,55.069999694824219,55.979999542236328,55.069999694824219,55.979999542236328,5,5,5,1960-03-21,1960-03-25,0,False,False
1960-04-01,55.860000610351562,55.860000610351562,55.340000152587891,55.430000305175781,5,5,5,1960-03-28,1960-04-01,0,False,False
1960-04-08,55.540000915527344,56.520000457763672,55.369998931884766,56.389999389648438,5,5,5,1960-04-04,1960-04-08,0,False,False
1960-04-15,56.169998168945312,56.430000305175781,56.169998168945312,56.430000305175781,4,4,4,1960-04-11,1960-04-14,0,False,False
1960-04-22,56.590000152587891,56.590000152587891,55.419998168945312,55.419998168945312,5,5,5,1960-04-18,1960-04-22,0,False,False
1960-04-29,54.860000610351562,55.040000915527344,54.369998931884766,54.369998931884766,5,5,5,1960-04-25,1960-04-29,0,False,False
1960-05-06,54.130001068115234,55.040000915527344,54.130001068115234,54.75,5,5,5,1960-05-02,1960-05-06,0,False,False
1960-05-13,54.799999237060547,55.299999237060547,54.419998168945312,55.299999237060547,5,5,5,1960-05-09,1960-05-13,0,False,False
1960-05-20,55.25,55.729999542236328,55.25,55.729999542236328,5,5,5,1960-05-16,1960-05-20,0,False,False
1960-05-27,55.759998321533203,55.759998321533203,55.669998168945312,55.740001678466797,5,5,5,1960-05-23,1960-05-27,0,False,False
1960-06-03,55.830001831054688,56.229999542236328,55.830001831054688,56.229999542236328,4,4,4,1960-05-31,1960-06-03,0,False,False
1960-06-10,56.889999389648438,58,56.889999389648438,57.970001220703125,5,5,5,1960-06-06,1960-06-10,0,False,False
1960-06-17,57.990001678466797,57.990001678466797,57.439998626708984,57.439998626708984,5,5,5,1960-06-13,1960-06-17,0,False,False
1960-06-24,57.159999847412109,57.680000305175781,57.110000610351562,57.680000305175781,5,5,5,1960-06-20,1960-06-24,0,False,False
1960-07-01,57.330001831054688,57.330001831054688,56.919998168945312,57.060001373291016,5,5,5,1960-06-27,1960-07-01,0,False,False
1960-07-08,57.020000457763672,57.380001068115234,56.939998626708984,57.380001068115234,4,4,4,1960-07-05,1960-07-08,0,False,False
1960-07-15,56.869998931884766,56.869998931884766,56.049999237060547,56.049999237060547,5,5,5,1960-07-11,1960-07-15,0,False,False
1960-07-22,55.700000762939453,55.700000762939453,54.720001220703125,54.720001220703125,5,5,5,1960-07-18,1960-07-22,0,False,False
1960-07-29,54.180000305175781,55.509998321533203,54.169998168945312,55.509998321533203,5,5,5,1960-07-25,1960-07-29,0,False,False
1960-08-05,55.529998779296875,55.529998779296875,54.720001220703125,55.439998626708984,5,5,5,1960-08-01,1960-08-05,0,False,False
1960-08-12,55.520000457763672,56.659999847412109,55.520000457763672,56.659999847412109,5,5,5,1960-08-08,1960-08-12,0,False,False
1960-08-19,56.610000610351562,57.009998321533203,56.610000610351562,57.009998321533203,5,5,5,1960-08-15,1960-08-19,0,False,False
1960-08-26,57.189998626708984,58.069999694824219,57.189998626708984,57.599998474121094,5,5,5,1960-08-22,1960-08-26,0,False,False
1960-09-02,57.439998626708984,57.439998626708984,56.840000152587891,57,5,5,5,1960-08-29,1960-09-02,0,False,False
1960-09-09,56.490001678466797,56.490001678466797,55.740001678466797,56.110000610351562,4,4,4,1960-09-06,1960-09-09,0,False,False
1960-09-16,55.720001220703125,55.830001831054688,55.110000610351562,55.110000610351562,5,5,5,1960-09-12,1960-09-16,0,False,False
1960-09-23,53.860000610351562,54.569999694824219,53.860000610351562,53.900001525878906,5,5,5,1960-09-19,1960-09-23,0,False,False
1960-09-30,53.060001373291016,53.520000457763672,52.479999542236328,53.520000457763672,5,5,5,1960-09-26,1960-09-30,0,False,False
1960-10-07,53.360000610351562,54.029998779296875,52.990001678466797,54.029998779296875,5,5,5,1960-10-03,1960-10-07,0,False,False
1960-10-14,54.139999389648438,54.860000610351562,54.139999389648438,54.860000610351562,5,5,5,1960-10-10,1960-10-14,0,False,False
1960-10-21,54.630001068115234,54.630001068115234,53.720001220703125,53.720001220703125,5,5,5,1960-10-17,1960-10-21,0,False,False
1960-10-28,52.700000762939453,53.619998931884766,52.200000762939453,53.409999847412109,5,5,5,1960-10-24,1960-10-28,0,False,False
1960-11-04,53.389999389648438,54.900001525878906,53.389999389648438,54.900001525878906,5,5,5,1960-10-31,1960-11-04,0,False,False
1960-11-11,55.110000610351562,56.430000305175781,55.110000610351562,55.869998931884766,4,4,4,1960-11-07,1960-11-11,0,False,False
1960-11-18,55.590000152587891,55.819999694824219,55.549999237060547,55.819999694824219,5,5,5,1960-11-14,1960-11-18,0,False,False
1960-11-25,55.930000305175781,56.130001068115234,55.720001220703125,56.130001068115234,4,4,4,1960-11-21,1960-11-25,0,False,False
1960-12-02,56.029998779296875,56.029998779296875,55.299999237060547,55.389999389648438,5,5,5,1960-11-28,1960-12-02,0,False,False
1960-12-09,55.310001373291016,56.650001525878906,55.310001373291016,56.650001525878906,5,5,5,1960-12-05,1960-12-09,0,False,False
1960-12-16,56.849998474121094,57.200000762939453,56.680000305175781,57.200000762939453,5,5,5,1960-12-12,1960-12-16,0,False,False
1960-12-23,57.130001068115234,57.549999237060547,57.090000152587891,57.439998626708984,5,5,5,1960-12-19,1960-12-23,0,False,False
1960-12-30,57.520000457763672,58.110000610351562,57.520000457763672,58.110000610351562,4,4,4,1960-12-27,1960-12-30,0,False,False
1961-01-06,57.569999694824219,58.569999694824219,57.569999694824219,58.400001525878906,4,4,4,1961-01-03,1961-01-06,0,False,False
1961-01-13,58.810001373291016,59.599998474121094,58.810001373291016,59.599998474121094,5,5,5,1961-01-09,1961-01-13,0,False,False
1961-01-20,59.580001831054688,59.959999084472656,59.580001831054688,59.959999084472656,5,5,5,1961-01-16,1961-01-20,0,False,False
1961-01-27,60.290000915527344,61.240001678466797,60.290000915527344,61.240001678466797,5,5,5,1961-01-23,1961-01-27,0,False,False
1961-02-03,61.970001220703125,62.299999237060547,61.779998779296875,62.220001220703125,5,5,5,1961-01-30,1961-02-03,0,False,False
1961-02-10,61.759998321533203,62.209999084472656,61.5,61.5,5,5,5,1961-02-06,1961-02-10,0,False,False
1961-02-17,61.139999389648438,62.299999237060547,61.139999389648438,62.099998474121094,5,5,5,1961-02-13,1961-02-17,0,False,False
1961-02-24,62.319999694824219,62.840000152587891,62.319999694824219,62.840000152587891,4,4,4,1961-02-20,1961-02-24,0,False,False
1961-03-03,63.299999237060547,63.950000762939453,63.299999237060547,63.950000762939453,5,5,5,1961-02-27,1961-03-03,0,False,False
1961-03-10,64.050003051757812,64.050003051757812,63.439998626708984,63.479999542236328,5,5,5,1961-03-06,1961-03-10,0,False,False
1961-03-17,63.659999847412109,64.209999084472656,63.380001068115234,64,5,5,5,1961-03-13,1961-03-17,0,False,False
1961-03-24,64.860000610351562,64.860000610351562,64.419998168945312,64.419998168945312,5,5,5,1961-03-20,1961-03-24,0,False,False
1961-03-31,64.349998474121094,65.05999755859375,64.349998474121094,65.05999755859375,4,4,4,1961-03-27,1961-03-30,0,False,False
1961-04-07,65.599998474121094,65.959999084472656,65.459999084472656,65.959999084472656,5,5,5,1961-04-03,1961-04-07,0,False,False
1961-04-14,66.529998779296875,66.620002746582031,66.260002136230469,66.370002746582031,5,5,5,1961-04-10,1961-04-14,0,False,False
1961-04-21,68.680000305175781,68.680000305175781,65.769996643066406,65.769996643066406,5,5,5,1961-04-17,1961-04-21,0,False,False
1961-04-28,64.400001525878906,65.550003051757812,64.400001525878906,65.30999755859375,5,5,5,1961-04-24,1961-04-28,0,False,False
1961-05-05,65.169998168945312,66.519996643066406,65.169998168945312,66.519996643066406,5,5,5,1961-05-01,1961-05-05,0,False,False
1961-05-12,66.410003662109375,66.5,66.389999389648438,66.5,5,5,5,1961-05-08,1961-05-12,0,False,False
1961-05-19,66.830001831054688,67.389999389648438,66.830001831054688,67.269996643066406,5,5,5,1961-05-15,1961-05-19,0,False,False
1961-05-26,66.849998474121094,66.849998474121094,66.010002136230469,66.430000305175781,5,5,5,1961-05-22,1961-05-26,0,False,False
1961-06-02,66.55999755859375,66.730003356933594,66.55999755859375,66.730003356933594,3,3,3,1961-05-31,1961-06-02,0,False,False
1961-06-09,67.080001831054688,67.080001831054688,65.639999389648438,66.660003662109375,5,5,5,1961-06-05,1961-06-09,0,False,False
1961-06-16,66.150001525878906,66.150001525878906,65.180000305175781,65.180000305175781,5,5,5,1961-06-12,1961-06-16,0,False,False
1961-06-23,64.580001831054688,65.160003662109375,64.580001831054688,65.160003662109375,5,5,5,1961-06-19,1961-06-23,0,False,False
1961-06-30,64.470001220703125,64.639999389648438,64.470001220703125,64.639999389648438,5,5,5,1961-06-26,1961-06-30,0,False,False
1961-07-07,65.209999084472656,65.80999755859375,65.209999084472656,65.769996643066406,4,4,4,1961-07-03,1961-07-07,0,False,False
1961-07-14,65.709999084472656,65.709999084472656,64.860000610351562,65.279998779296875,5,5,5,1961-07-10,1961-07-14,0,False,False
1961-07-21,64.790000915527344,64.860000610351562,64.410003662109375,64.860000610351562,5,5,5,1961-07-17,1961-07-21,0,False,False
1961-07-28,64.870002746582031,66.709999084472656,64.870002746582031,66.709999084472656,5,5,5,1961-07-24,1961-07-28,0,False,False
1961-08-04,66.760002136230469,67.680000305175781,66.760002136230469,67.680000305175781,5,5,5,1961-07-31,1961-08-04,0,False,False
1961-08-11,67.669998168945312,68.05999755859375,67.669998168945312,68.05999755859375,5,5,5,1961-08-07,1961-08-11,0,False,False
1961-08-18,67.720001220703125,68.290000915527344,67.550003051757812,68.290000915527344,5,5,5,1961-08-14,1961-08-18,0,False,False
1961-08-25,68.430000305175781,68.44000244140625,67.589996337890625,67.669998168945312,5,5,5,1961-08-21,1961-08-25,0,False,False
1961-09-01,67.699996948242188,68.19000244140625,67.550003051757812,68.19000244140625,5,5,5,1961-08-28,1961-09-01,0,False,False
1961-09-08,67.959999084472656,68.459999084472656,67.879997253417969,67.879997253417969,4,4,4,1961-09-05,1961-09-08,0,False,False
1961-09-15,67.279998779296875,68.010002136230469,67.279998779296875,67.650001525878906,5,5,5,1961-09-11,1961-09-15,0,False,False
1961-09-22,67.209999084472656,67.209999084472656,66.080001831054688,66.720001220703125,5,5,5,1961-09-18,1961-09-22,0,False,False
1961-09-29,65.769996643066406,66.730003356933594,65.769996643066406,66.730003356933594,5,5,5,1961-09-25,1961-09-29,0,False,False
1961-10-06,66.769996643066406,67.769996643066406,66.730003356933594,66.970001220703125,5,5,5,1961-10-02,1961-10-06,0,False,False
1961-10-13,67.94000244140625,68.169998168945312,67.94000244140625,68.040000915527344,5,5,5,1961-10-09,1961-10-13,0,False,False
1961-10-20,67.849998474121094,68.449996948242188,67.849998474121094,68,5,5,5,1961-10-16,1961-10-20,0,False,False
1961-10-27,68.05999755859375,68.459999084472656,67.980003356933594,68.339996337890625,5,5,5,1961-10-23,1961-10-27,0,False,False
1961-11-03,68.419998168945312,69.470001220703125,68.419998168945312,69.470001220703125,5,5,5,1961-10-30,1961-11-03,0,False,False
1961-11-10,70.010002136230469,71.069999694824219,70.010002136230469,71.069999694824219,4,4,4,1961-11-06,1961-11-10,0,False,False
1961-11-17,71.269996643066406,71.669998168945312,71.269996643066406,71.620002746582031,5,5,5,1961-11-13,1961-11-17,0,False,False
1961-11-24,71.720001220703125,71.839996337890625,71.699996948242188,71.839996337890625,4,4,4,1961-11-20,1961-11-24,0,False,False
1961-12-01,71.849998474121094,71.849998474121094,71.319999694824219,71.779998779296875,5,5,5,1961-11-27,1961-12-01,0,False,False
1961-12-08,72.010002136230469,72.040000915527344,71.699996948242188,72.040000915527344,5,5,5,1961-12-04,1961-12-08,0,False,False
1961-12-15,72.389999389648438,72.639999389648438,71.980003356933594,72.010002136230469,5,5,5,1961-12-11,1961-12-15,0,False,False
1961-12-22,71.760002136230469,71.760002136230469,70.860000610351562,70.910003662109375,5,5,5,1961-12-18,1961-12-22,0,False,False
1961-12-29,71.019996643066406,71.69000244140625,71.019996643066406,71.550003051757812,4,4,4,1961-12-26,1961-12-29,0,False,False
1962-01-05,71.550003051757812,71.959999084472656,69.349998474121094,69.660003662109375,4,0,4,1962-01-02,1962-01-05,0,True,False
1962-01-12,69.660003662109375,70.169998168945312,68.169998168945312,69.610000610351562,5,0,5,1962-01-08,1962-01-12,0,True,False
1962-01-19,69.610000610351562,70.080001831054688,67.75,68.75,5,0,5,1962-01-15,1962-01-19,0,True,False
1962-01-26,68.75,69.370002746582031,67.550003051757812,68.129997253417969,5,0,5,1962-01-22,1962-01-26,0,True,False
1962-02-02,68.129997253417969,70.019996643066406,67.550003051757812,69.80999755859375,5,0,5,1962-01-29,1962-02-02,0,True,False
1962-02-09,69.80999755859375,70.949996948242188,69.410003662109375,70.480003356933594,5,0,5,1962-02-05,1962-02-09,0,True,False
1962-02-16,70.480003356933594,71.129997253417969,70.029998779296875,70.589996337890625,5,0,5,1962-02-12,1962-02-16,0,True,False
1962-02-23,70.589996337890625,70.970001220703125,69.730003356933594,70.160003662109375,4,0,4,1962-02-19,1962-02-23,0,True,False
1962-03-02,70.160003662109375,70.599998474121094,69.44000244140625,70.160003662109375,5,0,5,1962-02-26,1962-03-02,0,True,False
1962-03-09,70.160003662109375,70.709999084472656,69.370002746582031,70.419998168945312,5,0,5,1962-03-05,1962-03-09,0,True,False
1962-03-16,70.419998168945312,71.44000244140625,70.019996643066406,70.94000244140625,5,0,5,1962-03-12,1962-03-16,0,True,False
1962-03-23,70.94000244140625,71.30999755859375,70.120002746582031,70.449996948242188,5,0,5,1962-03-19,1962-03-23,0,True,False
1962-03-30,70.449996948242188,70.629997253417969,69.160003662109375,69.550003051757812,5,0,5,1962-03-26,1962-03-30,0,True,False
1962-04-06,69.550003051757812,69.819999694824219,68.120002746582031,68.839996337890625,5,0,5,1962-04-02,1962-04-06,0,True,False
1962-04-13,68.839996337890625,69.260002136230469,67.029998779296875,67.900001525878906,5,0,5,1962-04-09,1962-04-13,0,True,False
1962-04-20,67.900001525878906,68.900001525878906,67.209999084472656,68.589996337890625,4,0,4,1962-04-16,1962-04-19,0,True,False
1962-04-27,68.589996337890625,69.010002136230469,65.989997863769531,66.300003051757812,5,0,5,1962-04-23,1962-04-27,0,True,False
1962-05-04,66.300003051757812,66.930000305175781,63.759998321533203,66.239997863769531,5,0,5,1962-04-30,1962-05-04,0,True,False
1962-05-11,66.239997863769531,66.55999755859375,62.439998626708984,62.650001525878906,5,0,5,1962-05-07,1962-05-11,0,True,False
1962-05-18,62.650001525878906,64.879997253417969,61.110000610351562,63.819999694824219,5,0,5,1962-05-14,1962-05-18,0,True,False
1962-05-25,63.819999694824219,64,59,59.470001220703125,5,0,5,1962-05-21,1962-05-25,0,True,False
1962-06-01,59.150001525878906,60.819999694824219,53.130001068115234,59.380001068115234,4,0,4,1962-05-28,1962-06-01,0,True,False
1962-06-08,59.119998931884766,59.169998168945312,56.330001831054688,58.450000762939453,5,0,5,1962-06-04,1962-06-08,0,True,False
1962-06-15,58.450000762939453,58.580001831054688,53.659999847412109,55.889999389648438,5,0,5,1962-06-11,1962-06-15,0,True,False
1962-06-22,55.889999389648438,56.529998779296875,52.479999542236328,52.680000305175781,5,0,5,1962-06-18,1962-06-22,0,True,False
1962-06-29,52.680000305175781,55.470001220703125,51.349998474121094,54.75,5,0,5,1962-06-25,1962-06-29,0,True,False
1962-07-06,54.75,57.099998474121094,54.470001220703125,56.169998168945312,4,0,4,1962-07-02,1962-07-06,0,True,False
1962-07-13,56.169998168945312,58.669998168945312,55.540000915527344,57.830001831054688,5,0,5,1962-07-09,1962-07-13,0,True,False
1962-07-20,57.830001831054688,58.099998474121094,55.860000610351562,56.810001373291016,5,0,5,1962-07-16,1962-07-20,0,True,False
1962-07-27,56.810001373291016,57.360000610351562,55.779998779296875,57.200000762939453,5,0,5,1962-07-23,1962-07-27,0,True,False
1962-08-03,57.200000762939453,58.580001831054688,57.080001831054688,58.119998931884766,5,0,5,1962-07-30,1962-08-03,0,True,False
1962-08-10,58.119998931884766,58.349998474121094,56.759998321533203,57.549999237060547,5,0,5,1962-08-06,1962-08-10,0,True,False
1962-08-17,57.549999237060547,59.240001678466797,57.220001220703125,59.009998321533203,5,0,5,1962-08-13,1962-08-17,0,True,False
1962-08-24,59.009998321533203,60.330001831054688,58.900001525878906,59.580001831054688,5,0,5,1962-08-20,1962-08-24,0,True,False
1962-08-31,59.580001831054688,59.939998626708984,58.169998168945312,59.119998931884766,5,0,5,1962-08-27,1962-08-31,0,True,False
1962-09-07,59.119998931884766,59.490001678466797,57.720001220703125,58.380001068115234,4,0,4,1962-09-04,1962-09-07,0,True,False
1962-09-14,58.380001068115234,59.180000305175781,57.880001068115234,58.889999389648438,5,0,5,1962-09-10,1962-09-14,0,True,False
1962-09-21,58.889999389648438,59.540000915527344,57.430000305175781,57.689998626708984,5,0,5,1962-09-17,1962-09-21,0,True,False
1962-09-28,57.450000762939453,57.450000762939453,55.529998779296875,56.270000457763672,5,0,5,1962-09-24,1962-09-28,0,True,False
1962-10-05,56.270000457763672,57.299999237060547,55.259998321533203,57.069999694824219,5,0,5,1962-10-01,1962-10-05,0,True,False
1962-10-12,57.069999694824219,57.830001831054688,56.659999847412109,56.950000762939453,5,0,5,1962-10-08,1962-10-12,0,True,False
1962-10-19,56.950000762939453,57.630001068115234,55.340000152587891,55.590000152587891,5,0,5,1962-10-15,1962-10-19,0,True,False
1962-10-26,55.479999542236328,55.479999542236328,52.549999237060547,54.540000915527344,5,0,5,1962-10-22,1962-10-26,0,True,False
1962-11-02,55.340000152587891,58.189998626708984,55.340000152587891,57.75,5,0,5,1962-10-29,1962-11-02,0,True,False
1962-11-09,57.75,59.119998931884766,57.689998626708984,58.779998779296875,4,0,4,1962-11-05,1962-11-09,0,True,False
1962-11-16,58.779998779296875,60.669998168945312,58.590000152587891,60.159999847412109,5,0,5,1962-11-12,1962-11-16,0,True,False
1962-11-23,60.159999847412109,62.029998779296875,59.459999084472656,61.540000915527344,4,0,4,1962-11-19,1962-11-23,0,True,False
1962-11-30,61.540000915527344,62.779998779296875,60.950000762939453,62.259998321533203,5,0,5,1962-11-26,1962-11-30,0,True,False
1962-12-07,62.259998321533203,63.5,61.279998779296875,63.060001373291016,5,0,5,1962-12-03,1962-12-07,0,True,False
1962-12-14,63.060001373291016,63.349998474121094,61.720001220703125,62.569999694824219,5,0,5,1962-12-10,1962-12-14,0,True,False
1962-12-21,62.569999694824219,63.279998779296875,61.720001220703125,62.639999389648438,5,0,5,1962-12-17,1962-12-21,0,True,False
1962-12-28,62.639999389648438,63.409999847412109,62.189998626708984,62.959999084472656,4,0,4,1962-12-24,1962-12-28,0,True,False
1963-01-04,62.959999084472656,64.449996948242188,62.319999694824219,64.129997253417969,4,0,4,1962-12-31,1963-01-04,0,True,False
1963-01-11,64.129997253417969,65.220001220703125,63.669998168945312,64.849998474121094,5,0,5,1963-01-07,1963-01-11,0,True,False
1963-01-18,64.849998474121094,65.699996948242188,64.349998474121094,65.180000305175781,5,0,5,1963-01-14,1963-01-18,0,True,False
1963-01-25,65.180000305175781,66.230003356933594,64.639999389648438,65.919998168945312,5,0,5,1963-01-21,1963-01-25,0,True,False
1963-02-01,65.919998168945312,66.589996337890625,65.510002136230469,66.30999755859375,5,0,5,1963-01-28,1963-02-01,0,True,False
1963-02-08,66.30999755859375,66.80999755859375,65.379997253417969,66.169998168945312,5,0,5,1963-02-04,1963-02-08,0,True,False
1963-02-15,66.169998168945312,66.75,65.160003662109375,66.410003662109375,5,0,5,1963-02-11,1963-02-15,0,True,False
1963-02-22,66.410003662109375,66.959999084472656,65.360000610351562,65.919998168945312,4,0,4,1963-02-18,1963-02-21,0,True,False
1963-03-01,65.919998168945312,66.089996337890625,63.799999237060547,64.099998474121094,5,0,5,1963-02-25,1963-03-01,0,True,False
1963-03-08,64.099998474121094,65.739997863769531,63.880001068115234,65.330001831054688,5,0,5,1963-03-04,1963-03-08,0,True,False
1963-03-15,65.330001831054688,66.269996643066406,65.110000610351562,65.930000305175781,5,0,5,1963-03-11,1963-03-15,0,True,False
1963-03-22,65.930000305175781,66.44000244140625,65.19000244140625,66.19000244140625,5,0,5,1963-03-18,1963-03-22,0,True,False
1963-03-29,66.19000244140625,67.010002136230469,65.919998168945312,66.569999694824219,5,0,5,1963-03-25,1963-03-29,0,True,False
1963-04-05,66.569999694824219,68.459999084472656,66.230003356933594,68.279998779296875,5,0,5,1963-04-01,1963-04-05,0,True,False
1963-04-12,68.279998779296875,69.069999694824219,67.660003662109375,68.769996643066406,4,0,4,1963-04-08,1963-04-11,0,True,False
1963-04-19,68.769996643066406,69.610000610351562,68.470001220703125,69.230003356933594,5,0,5,1963-04-15,1963-04-19,0,True,False
1963-04-26,69.230003356933594,70.120002746582031,68.949996948242188,69.699996948242188,5,0,5,1963-04-22,1963-04-26,0,True,False
1963-05-03,69.699996948242188,70.510002136230469,69.260002136230469,70.029998779296875,5,0,5,1963-04-29,1963-05-03,0,True,False
1963-05-10,70.029998779296875,70.80999755859375,69.029998779296875,70.519996643066406,5,0,5,1963-05-06,1963-05-10,0,True,False
1963-05-17,70.519996643066406,70.889999389648438,69.830001831054688,70.290000915527344,5,0,5,1963-05-13,1963-05-17,0,True,False
1963-05-24,70.290000915527344,70.680000305175781,69.589996337890625,70.019996643066406,5,0,5,1963-05-20,1963-05-24,0,True,False
1963-05-31,70.019996643066406,71.139999389648438,69.480003356933594,70.800003051757812,4,0,4,1963-05-27,1963-05-31,0,True,False
1963-06-07,70.800003051757812,71.239997863769531,70.099998474121094,70.410003662109375,5,0,5,1963-06-03,1963-06-07,0,True,False
1963-06-14,70.410003662109375,70.849998474121094,69.569999694824219,70.25,5,0,5,1963-06-10,1963-06-14,0,True,False
1963-06-21,69.949996948242188,70.569999694824219,69.30999755859375,70.25,5,0,5,1963-06-17,1963-06-21,0,True,False
1963-06-28,70.25,70.669998168945312,68.779998779296875,69.370002746582031,5,0,5,1963-06-24,1963-06-28,0,True,False
1963-07-05,69.370002746582031,70.480003356933594,68.580001831054688,70.220001220703125,4,0,4,1963-07-01,1963-07-05,0,True,False
1963-07-12,70.220001220703125,70.389999389648438,69.360000610351562,69.639999389648438,5,0,5,1963-07-08,1963-07-12,0,True,False
1963-07-19,69.639999389648438,69.730003356933594,67.900001525878906,68.349998474121094,5,0,5,1963-07-15,1963-07-19,0,True,False
1963-07-26,68.349998474121094,68.919998168945312,67.540000915527344,68.540000915527344,5,0,5,1963-07-22,1963-07-26,0,True,False
1963-08-02,68.540000915527344,69.830001831054688,68.319999694824219,69.300003051757812,5,0,5,1963-07-29,1963-08-02,0,True,False
1963-08-09,69.300003051757812,70.650001525878906,69.199996948242188,70.480003356933594,5,0,5,1963-08-05,1963-08-09,0,True,False
1963-08-16,70.480003356933594,71.949996948242188,70.19000244140625,71.489997863769531,5,0,5,1963-08-12,1963-08-16,0,True,False
1963-08-23,71.489997863769531,72.139999389648438,70.949996948242188,71.760002136230469,5,0,5,1963-08-19,1963-08-23,0,True,False
1963-08-30,71.760002136230469,72.709999084472656,71.269996643066406,72.5,5,0,5,1963-08-26,1963-08-30,0,True,False
1963-09-06,72.5,73.510002136230469,72.150001525878906,72.839996337890625,4,0,4,1963-09-03,1963-09-06,0,True,False
1963-09-13,72.839996337890625,73.790000915527344,72.25,73.169998168945312,5,0,5,1963-09-09,1963-09-13,0,True,False
1963-09-20,73.169998168945312,73.709999084472656,72.510002136230469,73.300003051757812,5,0,5,1963-09-16,1963-09-20,0,True,False
1963-09-27,73.300003051757812,73.870002746582031,71.599998474121094,72.129997253417969,5,0,5,1963-09-23,1963-09-27,0,True,False
1963-10-04,72.129997253417969,73.19000244140625,71.279998779296875,72.849998474121094,5,0,5,1963-09-30,1963-10-04,0,True,False
1963-10-11,72.849998474121094,73.269996643066406,71.599998474121094,72.269996643066406,5,0,5,1963-10-07,1963-10-11,0,True,False
1963-10-18,72.269996643066406,73.769996643066406,71.849998474121094,73.319999694824219,5,0,5,1963-10-14,1963-10-18,0,True,False
1963-10-25,73.319999694824219,74.410003662109375,72.480003356933594,74.010002136230469,5,0,5,1963-10-21,1963-10-25,0,True,False
1963-11-01,74.010002136230469,75.180000305175781,73.25,73.830001831054688,5,0,5,1963-10-28,1963-11-01,0,True,False
1963-11-08,73.830001831054688,74.269996643066406,72.330001831054688,73.360000610351562,4,0,4,1963-11-04,1963-11-08,0,True,False
1963-11-15,73.519996643066406,73.669998168945312,72.089996337890625,72.349998474121094,5,0,5,1963-11-11,1963-11-15,0,True,False
1963-11-22,72.349998474121094,73.139999389648438,69.480003356933594,69.610000610351562,5,0,5,1963-11-18,1963-11-22,0,True,False
1963-11-29,71.400001525878906,73.470001220703125,71.400001525878906,73.230003356933594,3,0,3,1963-11-26,1963-11-29,0,True,False
1963-12-06,73.230003356933594,74.629997253417969,73.019996643066406,74,5,0,5,1963-12-02,1963-12-06,0,True,False
1963-12-13,74,74.480003356933594,73.400001525878906,74.05999755859375,5,0,5,1963-12-09,1963-12-13,0,True,False
1963-12-20,74.05999755859375,75.209999084472656,73.779998779296875,74.279998779296875,5,0,5,1963-12-16,1963-12-20,0,True,False
1963-12-27,74.279998779296875,74.910003662109375,73.44000244140625,74.44000244140625,4,0,4,1963-12-23,1963-12-27,0,True,False
1964-01-03,74.44000244140625,76.040000915527344,74.129997253417969,75.5,4,0,4,1963-12-30,1964-01-03,0,True,False
1964-01-10,75.5,76.669998168945312,75.180000305175781,76.239997863769531,5,0,5,1964-01-06,1964-01-10,0,True,False
1964-01-17,76.239997863769531,77.209999084472656,75.779998779296875,76.55999755859375,5,0,5,1964-01-13,1964-01-17,0,True,False
1964-01-24,76.55999755859375,77.620002746582031,75.870002746582031,77.110000610351562,5,0,5,1964-01-20,1964-01-24,0,True,False
1964-01-31,77.110000610351562,77.779998779296875,76.260002136230469,77.040000915527344,5,0,5,1964-01-27,1964-01-31,0,True,False
1964-02-07,77.040000915527344,77.550003051757812,76.360000610351562,77.180000305175781,5,0,5,1964-02-03,1964-02-07,0,True,False
1964-02-14,77.180000305175781,77.930000305175781,76.80999755859375,77.480003356933594,5,0,5,1964-02-10,1964-02-14,0,True,False
1964-02-21,77.480003356933594,77.989997863769531,77,77.620002746582031,4,0,4,1964-02-17,1964-02-20,0,True,False
1964-02-28,77.620002746582031,78.30999755859375,77.19000244140625,77.800003051757812,5,0,5,1964-02-24,1964-02-28,0,True,False
1964-03-06,77.800003051757812,78.699996948242188,77.5,78.30999755859375,5,0,5,1964-03-02,1964-03-06,0,True,False
1964-03-13,78.30999755859375,79.589996337890625,77.949996948242188,79.139999389648438,5,0,5,1964-03-09,1964-03-13,0,True,False
1964-03-20,79.139999389648438,79.889999389648438,78.720001220703125,78.919998168945312,5,0,5,1964-03-16,1964-03-20,0,True,False
1964-03-27,78.919998168945312,79.580001831054688,78.169998168945312,79.19000244140625,4,0,4,1964-03-23,1964-03-26,0,True,False
1964-04-03,79.19000244140625,80.370002746582031,78.569999694824219,79.94000244140625,5,0,5,1964-03-30,1964-04-03,0,True,False
1964-04-10,79.94000244140625,80.449996948242188,79.260002136230469,79.849998474121094,5,0,5,1964-04-06,1964-04-10,0,True,False
1964-04-17,79.849998474121094,80.980003356933594,79.419998168945312,80.550003051757812,5,0,5,1964-04-13,1964-04-17,0,True,False
1964-04-24,80.550003051757812,81.199996948242188,79.449996948242188,79.75,5,0,5,1964-04-20,1964-04-24,0,True,False
1964-05-01,79.75,80.599998474121094,78.900001525878906,80.169998168945312,5,0,5,1964-04-27,1964-05-01,0,True,False
1964-05-08,80.169998168945312,81.720001220703125,79.870002746582031,81,5,0,5,1964-05-04,1964-05-08,0,True,False
1964-05-15,81,81.80999755859375,80.370002746582031,81.099998474121094,5,0,5,1964-05-11,1964-05-15,0,True,False
1964-05-22,81.099998474121094,81.489997863769531,79.959999084472656,80.730003356933594,5,0,5,1964-05-18,1964-05-22,0,True,False
1964-05-29,80.730003356933594,81.160003662109375,79.779998779296875,80.370002746582031,4,0,4,1964-05-25,1964-05-28,0,True,False
1964-06-05,80.370002746582031,80.830001831054688,78.44000244140625,79.019996643066406,5,0,5,1964-06-01,1964-06-05,0,True,False
1964-06-12,79.019996643066406,80.129997253417969,78.150001525878906,79.599998474121094,5,0,5,1964-06-08,1964-06-12,0,True,False
1964-06-19,79.599998474121094,81.339996337890625,79.389999389648438,80.889999389648438,5,0,5,1964-06-15,1964-06-19,0,True,False
1964-06-26,80.889999389648438,81.779998779296875,80.410003662109375,81.459999084472656,5,0,5,1964-06-22,1964-06-26,0,True,False
1964-07-03,81.459999084472656,82.980003356933594,81.099998474121094,82.599998474121094,4,0,4,1964-06-29,1964-07-02,0,True,False
1964-07-10,82.599998474121094,83.989997863769531,82.370002746582031,83.360000610351562,5,0,5,1964-07-06,1964-07-10,0,True,False
1964-07-17,83.360000610351562,84.330001831054688,82.720001220703125,84.010002136230469,5,0,5,1964-07-13,1964-07-17,0,True,False
1964-07-24,84.010002136230469,84.330001831054688,82.959999084472656,83.459999084472656,5,0,5,1964-07-20,1964-07-24,0,True,False
1964-07-31,83.459999084472656,83.819999694824219,82.400001525878906,83.180000305175781,5,0,5,1964-07-27,1964-07-31,0,True,False
1964-08-07,83.180000305175781,83.489997863769531,80.800003051757812,81.860000610351562,5,0,5,1964-08-03,1964-08-07,0,True,False
1964-08-14,81.860000610351562,82.870002746582031,81.430000305175781,82.349998474121094,5,0,5,1964-08-10,1964-08-14,0,True,False
1964-08-21,82.349998474121094,82.849998474121094,81.599998474121094,82.069999694824219,5,0,5,1964-08-17,1964-08-21,0,True,False
1964-08-28,82.069999694824219,82.480003356933594,80.989997863769531,81.989997863769531,5,0,5,1964-08-24,1964-08-28,0,True,False
1964-09-04,81.989997863769531,83.029998779296875,81.459999084472656,82.760002136230469,5,0,5,1964-08-31,1964-09-04,0,True,False
1964-09-11,82.760002136230469,83.839996337890625,82.459999084472656,83.449996948242188,4,0,4,1964-09-08,1964-09-11,0,True,False
1964-09-18,83.449996948242188,84.290000915527344,82.569999694824219,83.480003356933594,5,0,5,1964-09-14,1964-09-18,0,True,False
1964-09-25,83.480003356933594,84.620002746582031,83.410003662109375,84.209999084472656,5,0,5,1964-09-21,1964-09-25,0,True,False
1964-10-02,84.209999084472656,84.800003051757812,83.709999084472656,84.360000610351562,5,0,5,1964-09-28,1964-10-02,0,True,False
1964-10-09,84.360000610351562,85.599998474121094,84.199996948242188,85.220001220703125,5,0,5,1964-10-05,1964-10-09,0,True,False
1964-10-16,85.220001220703125,85.580001831054688,83.650001525878906,84.830001831054688,5,0,5,1964-10-12,1964-10-16,0,True,False
1964-10-23,84.830001831054688,85.639999389648438,84.470001220703125,85.139999389648438,5,0,5,1964-10-19,1964-10-23,0,True,False
1964-10-30,85.139999389648438,85.699996948242188,84.360000610351562,84.860000610351562,5,0,5,1964-10-26,1964-10-30,0,True,False
1964-11-06,84.860000610351562,85.900001525878906,84.510002136230469,85.230003356933594,4,0,4,1964-11-02,1964-11-06,0,True,False
1964-11-13,85.230003356933594,85.720001220703125,84.489997863769531,85.209999084472656,5,0,5,1964-11-09,1964-11-13,0,True,False
1964-11-20,85.209999084472656,86.800003051757812,84.879997253417969,86.279998779296875,5,0,5,1964-11-16,1964-11-20,0,True,False
1964-11-27,86.279998779296875,86.589996337890625,84.550003051757812,85.160003662109375,4,0,4,1964-11-23,1964-11-27,0,True,False
1964-12-04,85.160003662109375,85.410003662109375,83.120002746582031,84.349998474121094,5,0,5,1964-11-30,1964-12-04,0,True,False
1964-12-11,84.349998474121094,85.029998779296875,82.980003356933594,83.660003662109375,5,0,5,1964-12-07,1964-12-11,0,True,False
1964-12-18,83.660003662109375,84.650001525878906,82.650001525878906,84.290000915527344,5,0,5,1964-12-14,1964-12-18,0,True,False
1964-12-25,84.290000915527344,84.910003662109375,83.739997863769531,84.150001525878906,4,0,4,1964-12-21,1964-12-24,0,True,False
1965-01-01,84.150001525878906,85.180000305175781,83.379997253417969,84.75,4,0,4,1964-12-28,1964-12-31,0,True,False
1965-01-08,84.75,85.839996337890625,83.769996643066406,85.370002746582031,5,0,5,1965-01-04,1965-01-08,0,True,False
1965-01-15,85.370002746582031,86.519996643066406,84.900001525878906,86.209999084472656,5,0,5,1965-01-11,1965-01-15,0,True,False
1965-01-22,86.209999084472656,87.150001525878906,85.989997863769531,86.739997863769531,5,0,5,1965-01-18,1965-01-22,0,True,False
1965-01-29,86.739997863769531,88.19000244140625,86.389999389648438,87.55999755859375,5,0,5,1965-01-25,1965-01-29,0,True,False
1965-02-05,87.55999755859375,88.05999755859375,86.900001525878906,87.290000915527344,5,0,5,1965-02-01,1965-02-05,0,True,False
1965-02-12,87,87.699996948242188,85.400001525878906,86.169998168945312,5,0,5,1965-02-08,1965-02-12,0,True,False
1965-02-19,86.169998168945312,86.860000610351562,85.25,86.209999084472656,5,0,5,1965-02-15,1965-02-19,0,True,False
1965-02-26,86.209999084472656,87.839996337890625,86.029998779296875,87.430000305175781,4,0,4,1965-02-23,1965-02-26,0,True,False
1965-03-05,87.430000305175781,87.930000305175781,86,86.800003051757812,5,0,5,1965-03-01,1965-03-05,0,True,False
1965-03-12,86.800003051757812,87.650001525878906,86.169998168945312,87.209999084472656,5,0,5,1965-03-08,1965-03-12,0,True,False
1965-03-19,87.209999084472656,87.919998168945312,86.430000305175781,86.839996337890625,5,0,5,1965-03-15,1965-03-19,0,True,False
1965-03-26,86.839996337890625,87.550003051757812,85.959999084472656,86.199996948242188,5,0,5,1965-03-22,1965-03-26,0,True,False
1965-04-02,86.199996948242188,86.889999389648438,85.650001525878906,86.529998779296875,5,0,5,1965-03-29,1965-04-02,0,True,False
1965-04-09,86.529998779296875,87.870002746582031,86.080001831054688,87.55999755859375,5,0,5,1965-04-05,1965-04-09,0,True,False
1965-04-16,87.55999755859375,88.650001525878906,87.30999755859375,88.150001525878906,4,0,4,1965-04-12,1965-04-15,0,True,False
1965-04-23,88.150001525878906,89.410003662109375,87.699996948242188,88.879997253417969,5,0,5,1965-04-19,1965-04-23,0,True,False
1965-04-30,88.879997253417969,89.639999389648438,88.300003051757812,89.110000610351562,5,0,5,1965-04-26,1965-04-30,0,True,False
1965-05-07,89.110000610351562,90.569999694824219,88.620002746582031,89.849998474121094,5,0,5,1965-05-03,1965-05-07,0,True,False
1965-05-14,89.849998474121094,90.680000305175781,89.050003051757812,90.099998474121094,5,0,5,1965-05-10,1965-05-14,0,True,False
1965-05-21,90.099998474121094,90.44000244140625,88.400001525878906,88.75,5,0,5,1965-05-17,1965-05-21,0,True,False
1965-05-28,88.75,89.220001220703125,87.239997863769531,88.419998168945312,5,0,5,1965-05-24,1965-05-28,0,True,False
1965-06-04,88.419998168945312,88.800003051757812,86.25,87.110000610351562,4,0,4,1965-06-01,1965-06-04,0,True,False
1965-06-11,87.110000610351562,87.449996948242188,84.099998474121094,85.120002746582031,5,0,5,1965-06-07,1965-06-11,0,True,False
1965-06-18,85.120002746582031,86.220001220703125,83.010002136230469,85.339996337890625,5,0,5,1965-06-14,1965-06-18,0,True,False
1965-06-25,85.339996337890625,85.699996948242188,82.599998474121094,83.05999755859375,5,0,5,1965-06-21,1965-06-25,0,True,False
1965-07-02,83.05999755859375,85.400001525878906,80.730003356933594,85.160003662109375,5,0,5,1965-06-28,1965-07-02,0,True,False
1965-07-09,85.160003662109375,86.110000610351562,84.279998779296875,85.709999084472656,4,0,4,1965-07-06,1965-07-09,0,True,False
1965-07-16,85.709999084472656,86.470001220703125,85.120002746582031,85.69000244140625,5,0,5,1965-07-12,1965-07-16,0,True,False
1965-07-23,85.69000244140625,86.040000915527344,83.529998779296875,84.069999694824219,5,0,5,1965-07-19,1965-07-23,0,True,False
1965-07-30,84.069999694824219,85.639999389648438,83.300003051757812,85.25,5,0,5,1965-07-26,1965-07-30,0,True,False
1965-08-06,85.25,86.400001525878906,84.800003051757812,86.069999694824219,5,0,5,1965-08-02,1965-08-06,0,True,False
1965-08-13,86.069999694824219,87.139999389648438,85.449996948242188,86.769996643066406,5,0,5,1965-08-09,1965-08-13,0,True,False
1965-08-20,86.769996643066406,87.569999694824219,86.209999084472656,86.69000244140625,5,0,5,1965-08-16,1965-08-20,0,True,False
1965-08-27,86.69000244140625,87.739997863769531,86.220001220703125,87.199996948242188,5,0,5,1965-08-23,1965-08-27,0,True,False
1965-09-03,87.199996948242188,88.410003662109375,86.69000244140625,88.05999755859375,5,0,5,1965-08-30,1965-09-03,0,True,False
1965-09-10,88.05999755859375,89.849998474121094,87.760002136230469,89.120002746582031,4,0,4,1965-09-07,1965-09-10,0,True,False
1965-09-17,89.120002746582031,90.470001220703125,88.69000244140625,90.050003051757812,5,0,5,1965-09-13,1965-09-17,0,True,False
1965-09-24,90.050003051757812,90.779998779296875,89.129997253417969,90.019996643066406,5,0,5,1965-09-20,1965-09-24,0,True,False
1965-10-01,90.650001525878906,91.129997253417969,89.300003051757812,89.900001525878906,5,0,5,1965-09-27,1965-10-01,0,True,False
1965-10-08,89.900001525878906,91.30999755859375,89.470001220703125,90.849998474121094,5,0,5,1965-10-04,1965-10-08,0,True,False
1965-10-15,90.849998474121094,92.089996337890625,90.709999084472656,91.379997253417969,5,0,5,1965-10-11,1965-10-15,0,True,False
1965-10-22,91.379997253417969,92.739997863769531,91.05999755859375,91.980003356933594,5,0,5,1965-10-18,1965-10-22,0,True,False
1965-10-29,91.980003356933594,93.19000244140625,91.339996337890625,92.419998168945312,5,0,5,1965-10-25,1965-10-29,0,True,False
1965-11-05,92.419998168945312,93.069999694824219,91.620002746582031,92.370002746582031,4,0,4,1965-11-01,1965-11-05,0,True,False
1965-11-12,92.370002746582031,93.069999694824219,91.30999755859375,92.550003051757812,5,0,5,1965-11-08,1965-11-12,0,True,False
1965-11-19,92.550003051757812,93.300003051757812,91.720001220703125,92.239997863769531,5,0,5,1965-11-15,1965-11-19,0,True,False
1965-11-26,92.239997863769531,92.650001525878906,91.139999389648438,92.029998779296875,4,0,4,1965-11-22,1965-11-26,0,True,False
1965-12-03,92.029998779296875,92.599998474121094,90.529998779296875,91.269996643066406,5,0,5,1965-11-29,1965-12-03,0,True,False
1965-12-10,91.199996948242188,92.279998779296875,89.199996948242188,91.800003051757812,5,0,5,1965-12-06,1965-12-10,0,True,False
1965-12-17,91.800003051757812,92.949996948242188,91.269996643066406,92.080001831054688,5,0,5,1965-12-13,1965-12-17,0,True,False
1965-12-24,92.080001831054688,93.069999694824219,91.089996337890625,92.19000244140625,4,0,4,1965-12-20,1965-12-23,0,True,False
1965-12-31,92.19000244140625,93.050003051757812,90.629997253417969,92.430000305175781,5,0,5,1965-12-27,1965-12-31,0,True,False
1966-01-07,92.430000305175781,93.650001525878906,91.629997253417969,93.139999389648438,5,0,5,1966-01-03,1966-01-07,0,True,False
1966-01-14,93.139999389648438,94.139999389648438,92.680000305175781,93.5,5,0,5,1966-01-10,1966-01-14,0,True,False
1966-01-21,93.5,94.639999389648438,92.599998474121094,93.470001220703125,5,0,5,1966-01-17,1966-01-21,0,True,False
1966-01-28,93.470001220703125,94.55999755859375,92.839996337890625,93.30999755859375,5,0,5,1966-01-24,1966-01-28,0,True,False
1966-02-04,93.30999755859375,93.769996643066406,91.319999694824219,93.260002136230469,5,0,5,1966-01-31,1966-02-04,0,True,False
1966-02-11,93.260002136230469,94.720001220703125,92.580001831054688,93.80999755859375,5,0,5,1966-02-07,1966-02-11,0,True,False
1966-02-18,93.80999755859375,94.400001525878906,91.800003051757812,92.410003662109375,5,0,5,1966-02-14,1966-02-18,0,True,False
1966-02-25,92.410003662109375,92.830001831054688,90.430000305175781,91.139999389648438,4,0,4,1966-02-21,1966-02-25,0,True,False
1966-03-04,91.139999389648438,91.949996948242188,88.260002136230469,89.239997863769531,5,0,5,1966-02-28,1966-03-04,0,True,False
1966-03-11,89.239997863769531,90.139999389648438,87.169998168945312,88.849998474121094,5,0,5,1966-03-07,1966-03-11,0,True,False
1966-03-18,88.849998474121094,89.230003356933594,86.69000244140625,88.529998779296875,5,0,5,1966-03-14,1966-03-18,0,True,False
1966-03-25,88.529998779296875,90.279998779296875,88.400001525878906,89.540000915527344,5,0,5,1966-03-21,1966-03-25,0,True,False
1966-04-01,89.540000915527344,90.410003662109375,88.30999755859375,89.94000244140625,5,0,5,1966-03-28,1966-04-01,0,True,False
1966-04-08,89.94000244140625,92.419998168945312,89.919998168945312,91.760002136230469,4,0,4,1966-04-04,1966-04-07,0,True,False
1966-04-15,91.760002136230469,92.80999755859375,90.730003356933594,91.989997863769531,5,0,5,1966-04-11,1966-04-15,0,True,False
1966-04-22,91.989997863769531,93.019996643066406,90.889999389648438,92.269996643066406,5,0,5,1966-04-18,1966-04-22,0,True,False
1966-04-29,92.269996643066406,92.860000610351562,90.239997863769531,91.05999755859375,5,0,5,1966-04-25,1966-04-29,0,True,False
1966-05-06,91.05999755859375,91.75,86.239997863769531,87.839996337890625,5,0,5,1966-05-02,1966-05-06,0,True,False
1966-05-13,87.839996337890625,88.379997253417969,84.769996643066406,85.470001220703125,5,0,5,1966-05-09,1966-05-13,0,True,False
1966-05-20,85.470001220703125,86.330001831054688,83.180000305175781,85.430000305175781,5,0,5,1966-05-16,1966-05-20,0,True,False
1966-05-27,85.430000305175781,87.879997253417969,85.290000915527344,87.330001831054688,5,0,5,1966-05-23,1966-05-27,0,True,False
1966-06-03,87.330001831054688,87.650001525878906,85.279998779296875,86.05999755859375,4,0,4,1966-05-31,1966-06-03,0,True,False
1966-06-10,86.05999755859375,86.970001220703125,84.25,86.44000244140625,5,0,5,1966-06-06,1966-06-10,0,True,False
1966-06-17,86.44000244140625,87.739997863769531,85.879997253417969,86.510002136230469,5,0,5,1966-06-13,1966-06-17,0,True,False
1966-06-24,86.510002136230469,87.730003356933594,85.680000305175781,86.580001831054688,5,0,5,1966-06-20,1966-06-24,0,True,False
1966-07-01,86.580001831054688,87.30999755859375,83.75,85.610000610351562,5,0,5,1966-06-27,1966-07-01,0,True,False
1966-07-08,85.610000610351562,88.040000915527344,85.089996337890625,87.610000610351562,4,0,4,1966-07-05,1966-07-08,0,True,False
1966-07-15,87.610000610351562,88.19000244140625,85.830001831054688,87.080001831054688,5,0,5,1966-07-11,1966-07-15,0,True,False
1966-07-22,87.080001831054688,87.589996337890625,84.769996643066406,85.410003662109375,5,0,5,1966-07-18,1966-07-22,0,True,False
1966-07-29,85.410003662109375,85.569999694824219,83.050003051757812,83.599998474121094,5,0,5,1966-07-25,1966-07-29,0,True,False
1966-08-05,83.5,84.699996948242188,81.769996643066406,84,5,0,5,1966-08-01,1966-08-05,0,True,False
1966-08-12,84,84.360000610351562,82.339996337890625,83.169998168945312,5,0,5,1966-08-08,1966-08-12,0,True,False
1966-08-19,83.169998168945312,83.69000244140625,79.239997863769531,79.620002746582031,5,0,5,1966-08-15,1966-08-19,0,True,False
1966-08-26,79.620002746582031,79.879997253417969,76.099998474121094,76.410003662109375,5,0,5,1966-08-22,1966-08-26,0,True,False
1966-09-02,76.239997863769531,78.5,73.910003662109375,77.419998168945312,5,0,5,1966-08-29,1966-09-02,0,True,False
1966-09-09,77.419998168945312,78.160003662109375,75.029998779296875,76.290000915527344,4,0,4,1966-09-06,1966-09-09,0,True,False
1966-09-16,76.470001220703125,80.80999755859375,76.470001220703125,79.989997863769531,5,0,5,1966-09-12,1966-09-16,0,True,False
1966-09-23,79.989997863769531,80.5,76.80999755859375,77.669998168945312,5,0,5,1966-09-19,1966-09-23,0,True,False
1966-09-30,77.669998168945312,79.099998474121094,75.449996948242188,76.55999755859375,5,0,5,1966-09-26,1966-09-30,0,True,False
1966-10-07,76.55999755859375,76.980003356933594,72.769996643066406,73.199996948242188,5,0,5,1966-10-03,1966-10-07,0,True,False
1966-10-14,73.199996948242188,78.449996948242188,72.279998779296875,76.599998474121094,5,0,5,1966-10-10,1966-10-14,0,True,False
1966-10-21,76.599998474121094,79.339996337890625,76.480003356933594,78.19000244140625,5,0,5,1966-10-17,1966-10-21,0,True,False
1966-10-28,78.19000244140625,80.910003662109375,77.55999755859375,80.239997863769531,5,0,5,1966-10-24,1966-10-28,0,True,False
1966-11-04,80.239997863769531,81.680000305175781,79.339996337890625,80.80999755859375,5,0,5,1966-10-31,1966-11-04,0,True,False
1966-11-11,80.80999755859375,82.430000305175781,80.160003662109375,81.94000244140625,4,0,4,1966-11-07,1966-11-11,0,True,False
1966-11-18,81.94000244140625,83.010002136230469,80.790000915527344,81.260002136230469,5,0,5,1966-11-14,1966-11-18,0,True,False
1966-11-25,81.089996337890625,81.370002746582031,78.889999389648438,80.849998474121094,4,0,4,1966-11-21,1966-11-25,0,True,False
1966-12-02,80.849998474121094,81.379997253417969,79.489997863769531,80.129997253417969,5,0,5,1966-11-28,1966-12-02,0,True,False
1966-12-09,80.129997253417969,82.720001220703125,79.599998474121094,82.139999389648438,5,0,5,1966-12-05,1966-12-09,0,True,False
1966-12-16,82.139999389648438,83.879997253417969,80.94000244140625,81.580001831054688,5,0,5,1966-12-12,1966-12-16,0,True,False
1966-12-23,81.580001831054688,82.339996337890625,80.30999755859375,81.470001220703125,5,0,5,1966-12-19,1966-12-23,0,True,False
1966-12-30,81.470001220703125,81.839996337890625,79.660003662109375,80.330001831054688,4,0,4,1966-12-27,1966-12-30,0,True,False
1967-01-06,80.330001831054688,82.790000915527344,79.430000305175781,82.180000305175781,4,0,4,1967-01-03,1967-01-06,0,True,False
1967-01-13,82.180000305175781,84.900001525878906,81.370002746582031,84.529998779296875,5,0,5,1967-01-09,1967-01-13,0,True,False
1967-01-20,84.529998779296875,86.610000610351562,83.730003356933594,86.069999694824219,5,0,5,1967-01-16,1967-01-20,0,True,False
1967-01-27,86.069999694824219,88.169998168945312,84.870002746582031,86.160003662109375,5,0,5,1967-01-23,1967-01-27,0,True,False
1967-02-03,86.160003662109375,87.970001220703125,85.680000305175781,87.360000610351562,5,0,5,1967-01-30,1967-02-03,0,True,False
1967-02-10,87.360000610351562,88.569999694824219,86.480003356933594,87.629997253417969,5,0,5,1967-02-06,1967-02-10,0,True,False
1967-02-17,87.629997253417969,89,86.949996948242188,87.889999389648438,5,0,5,1967-02-13,1967-02-17,0,True,False
1967-02-24,87.889999389648438,88.160003662109375,86.639999389648438,87.410003662109375,4,0,4,1967-02-20,1967-02-24,0,True,False
1967-03-03,87.410003662109375,89,85.610000610351562,88.290000915527344,5,0,5,1967-02-27,1967-03-03,0,True,False
1967-03-10,88.290000915527344,90.370002746582031,87.339996337890625,88.889999389648438,5,0,5,1967-03-06,1967-03-10,0,True,False
1967-03-17,88.889999389648438,90.839996337890625,87.580001831054688,90.25,5,0,5,1967-03-13,1967-03-17,0,True,False
1967-03-24,90.25,91.510002136230469,89.169998168945312,90.94000244140625,4,0,4,1967-03-20,1967-03-23,0,True,False
1967-03-31,90.94000244140625,91.720001220703125,89.75,90.199996948242188,5,0,5,1967-03-27,1967-03-31,0,True,False
1967-04-07,90.199996948242188,90.739997863769531,88.449996948242188,89.360000610351562,5,0,5,1967-04-03,1967-04-07,0,True,False
1967-04-14,89.319999694824219,91.080001831054688,87.860000610351562,90.430000305175781,5,0,5,1967-04-10,1967-04-14,0,True,False
1967-04-21,90.430000305175781,92.900001525878906,90.180000305175781,92.300003051757812,5,0,5,1967-04-17,1967-04-21,0,True,False
1967-04-28,92.300003051757812,94.769996643066406,91.779998779296875,94.010002136230469,5,0,5,1967-04-24,1967-04-28,0,True,False
1967-05-05,94.010002136230469,95.139999389648438,92.94000244140625,94.44000244140625,5,0,5,1967-05-01,1967-05-05,0,True,False
1967-05-12,94.44000244140625,95.25,92.510002136230469,93.480003356933594,5,0,5,1967-05-08,1967-05-12,0,True,False
1967-05-19,93.480003356933594,93.849998474121094,91.400001525878906,92.069999694824219,5,0,5,1967-05-15,1967-05-19,0,True,False
1967-05-26,92.069999694824219,92.400001525878906,89.680000305175781,90.980003356933594,5,0,5,1967-05-22,1967-05-26,0,True,False
1967-06-02,90.980003356933594,91.220001220703125,88.709999084472656,89.790000915527344,4,0,4,1967-05-29,1967-06-02,0,True,False
1967-06-09,89.55999755859375,92.260002136230469,87.19000244140625,91.55999755859375,5,0,5,1967-06-05,1967-06-09,0,True,False
1967-06-16,91.55999755859375,93.279998779296875,91.120002746582031,92.540000915527344,5,0,5,1967-06-12,1967-06-16,0,True,False
1967-06-23,92.510002136230469,92.510002136230469,91.970001220703125,92,5,0,5,1967-06-19,1967-06-23,0,True,False
1967-06-30,91.639999389648438,91.639999389648438,90.639999389648438,90.639999389648438,5,0,5,1967-06-26,1967-06-30,0,True,False
1967-07-07,90.639999389648438,92.279998779296875,90.120002746582031,91.69000244140625,4,0,4,1967-07-03,1967-07-07,0,True,False
1967-07-14,91.69000244140625,93.349998474121094,91.110000610351562,92.739997863769531,5,0,5,1967-07-10,1967-07-14,0,True,False
1967-07-21,92.739997863769531,94.919998168945312,92.099998474121094,94.040000915527344,5,0,5,1967-07-17,1967-07-21,0,True,False
1967-07-28,94.040000915527344,95.230003356933594,92.910003662109375,94.489997863769531,5,0,5,1967-07-24,1967-07-28,0,True,False
1967-08-04,94.489997863769531,96.639999389648438,94.010002136230469,95.830001831054688,5,0,5,1967-07-31,1967-08-04,0,True,False
1967-08-11,95.830001831054688,96.669998168945312,94.620002746582031,95.150001525878906,5,0,5,1967-08-07,1967-08-11,0,True,False
1967-08-18,95.150001525878906,95.540000915527344,93.930000305175781,94.779998779296875,5,0,5,1967-08-14,1967-08-18,0,True,False
1967-08-25,94.779998779296875,95.220001220703125,92.040000915527344,92.699996948242188,5,0,5,1967-08-21,1967-08-25,0,True,False
1967-09-01,92.699996948242188,94.209999084472656,92.010002136230469,93.680000305175781,5,0,5,1967-08-28,1967-09-01,0,True,False
1967-09-08,93.680000305175781,95.05999755859375,93.360000610351562,94.360000610351562,4,0,4,1967-09-05,1967-09-08,0,True,False
1967-09-15,94.360000610351562,97.400001525878906,93.879997253417969,96.269996643066406,5,0,5,1967-09-11,1967-09-15,0,True,False
1967-09-22,96.269996643066406,97.610000610351562,95.389999389648438,97,5,0,5,1967-09-18,1967-09-22,0,True,False
1967-09-29,97,98.30999755859375,96,96.709999084472656,5,0,5,1967-09-25,1967-09-29,0,True,False
1967-10-06,96.709999084472656,97.830001831054688,95.75,97.260002136230469,5,0,5,1967-10-02,1967-10-06,0,True,False
1967-10-13,97.260002136230469,98.25,95.160003662109375,96,5,0,5,1967-10-09,1967-10-13,0,True,False
1967-10-20,96,96.550003051757812,94.19000244140625,95.379997253417969,5,0,5,1967-10-16,1967-10-20,0,True,False
1967-10-27,95.379997253417969,95.980003356933594,93.470001220703125,94.959999084472656,5,0,5,1967-10-23,1967-10-27,0,True,False
1967-11-03,94.959999084472656,95.669998168945312,91.330001831054688,91.779998779296875,5,0,5,1967-10-30,1967-11-03,0,True,False
1967-11-10,91.779998779296875,93.069999694824219,90.389999389648438,92.209999084472656,4,0,4,1967-11-06,1967-11-10,0,True,False
1967-11-17,92.209999084472656,93.620002746582031,90.44000244140625,92.819999694824219,5,0,5,1967-11-13,1967-11-17,0,True,False
1967-11-24,92.379997253417969,94.459999084472656,90.089996337890625,93.900001525878906,4,0,4,1967-11-20,1967-11-24,0,True,False
1967-12-01,93.900001525878906,95.510002136230469,93.319999694824219,94.5,5,0,5,1967-11-27,1967-12-01,0,True,False
1967-12-08,94.5,96.669998168945312,94.089996337890625,95.419998168945312,5,0,5,1967-12-04,1967-12-08,0,True,False
1967-12-15,95.419998168945312,96.349998474121094,94.339996337890625,95.029998779296875,5,0,5,1967-12-11,1967-12-15,0,True,False
1967-12-22,95.029998779296875,96.25,94,95.199996948242188,5,0,5,1967-12-18,1967-12-22,0,True,False
1967-12-29,95.199996948242188,96.900001525878906,94.610000610351562,96.470001220703125,4,0,4,1967-12-26,1967-12-29,0,True,False
1968-01-05,96.470001220703125,97.330001831054688,94.30999755859375,95.94000244140625,4,0,4,1968-01-02,1968-01-05,0,True,False
1968-01-12,95.94000244140625,97.839996337890625,95.540000915527344,96.720001220703125,5,0,5,1968-01-08,1968-01-12,0,True,False
1968-01-19,96.720001220703125,97.459999084472656,94.599998474121094,95.239997863769531,5,0,5,1968-01-15,1968-01-19,0,True,False
1968-01-26,95.239997863769531,95.400001525878906,91.959999084472656,93.449996948242188,5,0,5,1968-01-22,1968-01-26,0,True,False
1968-02-02,93.449996948242188,94.379997253417969,91.269996643066406,92.269996643066406,5,0,5,1968-01-29,1968-02-02,0,True,False
1968-02-09,92.269996643066406,92.739997863769531,89.230003356933594,89.860000610351562,5,0,5,1968-02-05,1968-02-09,0,True,False
1968-02-16,89.860000610351562,90.620002746582031,86.730003356933594,89.959999084472656,4,0,4,1968-02-13,1968-02-16,0,True,False
1968-02-23,89.959999084472656,91.870002746582031,89.419998168945312,90.889999389648438,4,0,4,1968-02-19,1968-02-23,0,True,False
1968-03-01,90.889999389648438,91.19000244140625,88.580001831054688,89.110000610351562,5,0,5,1968-02-26,1968-03-01,0,True,False
1968-03-08,89.110000610351562,89.980003356933594,86.989997863769531,89.029998779296875,5,0,5,1968-03-04,1968-03-08,0,True,False
1968-03-15,89.029998779296875,90.779998779296875,87.610000610351562,89.099998474121094,5,0,5,1968-03-11,1968-03-15,0,True,False
1968-03-22,89.110000610351562,91.089996337890625,87.5,88.419998168945312,5,0,5,1968-03-18,1968-03-22,0,True,False
1968-03-29,88.419998168945312,90.919998168945312,87.650001525878906,90.199996948242188,5,0,5,1968-03-25,1968-03-29,0,True,False
1968-04-05,91.110000610351562,95.129997253417969,91.110000610351562,93.290000915527344,5,0,5,1968-04-01,1968-04-05,0,True,False
1968-04-12,93.290000915527344,97.110000610351562,93.110000610351562,96.529998779296875,3,0,3,1968-04-08,1968-04-11,0,True,False
1968-04-19,96.529998779296875,97.889999389648438,95.150001525878906,95.849998474121094,5,0,5,1968-04-15,1968-04-19,0,True,False
1968-04-26,95.849998474121094,97.830001831054688,94.220001220703125,97.209999084472656,5,0,5,1968-04-22,1968-04-26,0,True,False
1968-05-03,97.209999084472656,100.19000244140625,96.580001831054688,98.660003662109375,5,0,5,1968-04-29,1968-05-03,0,True,False
1968-05-10,98.660003662109375,99.739997863769531,97.269996643066406,98.5,5,0,5,1968-05-06,1968-05-10,0,True,False
1968-05-17,98.5,99.099998474121094,96.110000610351562,96.900001525878906,5,0,5,1968-05-13,1968-05-17,0,True,False
1968-05-24,96.900001525878906,98.169998168945312,95.800003051757812,97.150001525878906,5,0,5,1968-05-20,1968-05-24,0,True,False
1968-05-31,97.150001525878906,99.400001525878906,96.290000915527344,98.680000305175781,4,0,4,1968-05-27,1968-05-31,0,True,False
1968-06-07,98.720001220703125,101.88999938964844,98.720001220703125,101.26999664306641,5,0,5,1968-06-03,1968-06-07,0,True,False
1968-06-14,101.26999664306641,102.83999633789062,99.980003356933594,101.12999725341797,4,0,4,1968-06-10,1968-06-14,0,True,False
1968-06-21,101.12999725341797,101.70999908447266,99.430000305175781,100.66000366210938,4,0,4,1968-06-17,1968-06-21,0,True,False
1968-06-28,100.66000366210938,101.48000335693359,98.910003662109375,99.580001831054688,4,0,4,1968-06-24,1968-06-28,0,True,False
1968-07-05,99.580001831054688,101.36000061035156,98.599998474121094,100.91000366210938,3,0,3,1968-07-01,1968-07-03,0,True,False
1968-07-12,100.91000366210938,103.66999816894531,100.72000122070312,102.33999633789062,4,0,4,1968-07-08,1968-07-12,0,True,False
1968-07-19,102.33999633789062,103.15000152587891,99.800003051757812,100.45999908447266,4,0,4,1968-07-15,1968-07-19,0,True,False
1968-07-26,100.45999908447266,100.87999725341797,97.220001220703125,98.339996337890625,4,0,4,1968-07-22,1968-07-26,0,True,False
1968-08-02,98.339996337890625,98.819999694824219,95.790000915527344,96.629997253417969,4,0,4,1968-07-29,1968-08-02,0,True,False
1968-08-09,96.629997253417969,98.319999694824219,95.949996948242188,97.010002136230469,4,0,4,1968-08-05,1968-08-09,0,True,False
1968-08-16,97.010002136230469,99.360000610351562,96.720001220703125,98.680000305175781,4,0,4,1968-08-12,1968-08-16,0,True,False
1968-08-23,98.680000305175781,99.650001525878906,97.709999084472656,98.69000244140625,4,0,4,1968-08-19,1968-08-23,0,True,False
1968-08-30,98.69000244140625,99.669998168945312,97.900001525878906,98.860000610351562,4,0,4,1968-08-26,1968-08-30,0,True,False
1968-09-06,98.860000610351562,101.87999725341797,98.30999755859375,101.19999694824219,4,0,4,1968-09-03,1968-09-06,0,True,False
1968-09-13,101.19999694824219,102.08999633789062,99.699996948242188,100.86000061035156,4,0,4,1968-09-09,1968-09-13,0,True,False
1968-09-20,100.86000061035156,102.52999877929688,100.33000183105469,101.66000366210938,4,0,4,1968-09-16,1968-09-20,0,True,False
1968-09-27,101.66000366210938,103.62999725341797,101.19999694824219,102.30999755859375,4,0,4,1968-09-23,1968-09-27,0,True,False
1968-10-04,102.30999755859375,104.34999847412109,101.70999908447266,103.70999908447266,4,0,4,1968-09-30,1968-10-04,0,True,False
1968-10-11,103.70999908447266,104.44999694824219,102.38999938964844,103.18000030517578,4,0,4,1968-10-07,1968-10-11,0,True,False
1968-10-18,103.18000030517578,105.33999633789062,102.48000335693359,104.81999969482422,4,0,4,1968-10-14,1968-10-18,0,True,False
1968-10-25,104.81999969482422,105.77999877929688,103.13999938964844,104.19999694824219,4,0,4,1968-10-21,1968-10-25,0,True,False
1968-11-01,104.19999694824219,104.88999938964844,102.36000061035156,103.05999755859375,4,0,4,1968-10-28,1968-11-01,0,True,False
1968-11-08,103.05999755859375,104.58999633789062,101.84999847412109,103.94999694824219,4,0,4,1968-11-04,1968-11-08,0,True,False
1968-11-15,103.94999694824219,106.44000244140625,103.51000213623047,105.77999877929688,4,0,4,1968-11-12,1968-11-15,0,True,False
1968-11-22,105.77999877929688,106.88999938964844,104.84999847412109,106.30000305175781,4,0,4,1968-11-18,1968-11-22,0,True,False
1968-11-29,106.30000305175781,109.08999633789062,105.47000122070312,108.37000274658203,4,0,4,1968-11-25,1968-11-29,0,True,False
1968-12-06,108.37000274658203,109.37000274658203,106.70999908447266,107.93000030517578,4,0,4,1968-12-02,1968-12-06,0,True,False
1968-12-13,107.93000030517578,108.76999664306641,106.33000183105469,107.58000183105469,4,0,4,1968-12-09,1968-12-13,0,True,False
1968-12-20,107.58000183105469,108.40000152587891,105.09999847412109,106.33999633789062,4,0,4,1968-12-16,1968-12-20,0,True,False
1968-12-27,106.33999633789062,106.68000030517578,104.19999694824219,104.73999786376953,4,0,4,1968-12-23,1968-12-27,0,True,False
1969-01-03,104.73999786376953,104.98999786376953,102.98000335693359,103.98999786376953,4,0,4,1968-12-30,1969-01-03,0,True,False
1969-01-10,103.98999786376953,104.36000061035156,100.13999938964844,100.93000030517578,5,0,5,1969-01-06,1969-01-10,0,True,False
1969-01-17,100.93000030517578,103.25,96.629997253417969,102.02999877929688,5,0,5,1969-01-13,1969-01-17,0,True,False
1969-01-24,102.02999877929688,103.23000335693359,100.87999725341797,102.37999725341797,5,0,5,1969-01-20,1969-01-24,0,True,False
1969-01-31,102.37999725341797,103.63999938964844,101.55999755859375,103.01000213623047,5,0,5,1969-01-27,1969-01-31,0,True,False
1969-02-07,103.01000213623047,104.30000305175781,102.04000091552734,103.52999877929688,5,0,5,1969-02-03,1969-02-07,0,True,False
1969-02-14,103.52999877929688,104.61000061035156,102.86000061035156,103.61000061035156,4,0,4,1969-02-11,1969-02-14,0,True,False
1969-02-21,103.61000061035156,104.02999877929688,99.290000915527344,99.790000915527344,4,0,4,1969-02-17,1969-02-20,0,True,False
1969-02-28,99.790000915527344,100.06999969482422,97.360000610351562,98.129997253417969,5,0,5,1969-02-24,1969-02-28,0,True,False
1969-03-07,98.129997253417969,100.48000335693359,97.319999694824219,98.650001525878906,5,0,5,1969-03-03,1969-03-07,0,True,False
1969-03-14,98.650001525878906,100.13999938964844,97.400001525878906,98,5,0,5,1969-03-10,1969-03-14,0,True,False
1969-03-21,98,100.38999938964844,97.05999755859375,99.629997253417969,5,0,5,1969-03-17,1969-03-21,0,True,False
1969-03-28,99.629997253417969,102.34999847412109,98.849998474121094,101.51000213623047,5,0,5,1969-03-24,1969-03-28,0,True,False
1969-04-04,101.51000213623047,102.44999694824219,99.870002746582031,100.68000030517578,3,0,3,1969-04-01,1969-04-03,0,True,False
1969-04-11,100.62999725341797,102.27999877929688,99.080001831054688,101.65000152587891,5,0,5,1969-04-07,1969-04-11,0,True,False
1969-04-18,101.65000152587891,102.40000152587891,99.989997863769531,101.23999786376953,5,0,5,1969-04-14,1969-04-18,0,True,False
1969-04-25,101.23999786376953,102.29000091552734,99.519996643066406,101.72000122070312,5,0,5,1969-04-21,1969-04-25,0,True,False
1969-05-02,101.72000122070312,104.62999725341797,100.97000122070312,104,5,0,5,1969-04-28,1969-05-02,0,True,False
1969-05-09,104,106.01000213623047,103.48000335693359,105.05000305175781,5,0,5,1969-05-05,1969-05-09,0,True,False
1969-05-16,105.05000305175781,106.73999786376953,104.12000274658203,105.94000244140625,5,0,5,1969-05-12,1969-05-16,0,True,False
1969-05-23,105.94000244140625,106.15000152587891,103.37000274658203,104.58999633789062,5,0,5,1969-05-19,1969-05-23,0,True,False
1969-05-30,104.58999633789062,105.13999938964844,102.29000091552734,103.45999908447266,4,0,4,1969-05-26,1969-05-29,0,True,False
1969-06-06,103.45999908447266,103.75,101.68000030517578,102.12000274658203,5,0,5,1969-06-02,1969-06-06,0,True,False
1969-06-13,102.12000274658203,102.16000366210938,97.589996337890625,98.650001525878906,5,0,5,1969-06-09,1969-06-13,0,True,False
1969-06-20,98.650001525878906,99.639999389648438,96.290000915527344,96.669998168945312,5,0,5,1969-06-16,1969-06-20,0,True,False
1969-06-27,96.669998168945312,98.300003051757812,95.209999084472656,97.330001831054688,5,0,5,1969-06-23,1969-06-27,0,True,False
1969-07-04,97.330001831054688,100.25,96.819999694824219,99.610000610351562,4,0,4,1969-06-30,1969-07-03,0,True,False
1969-07-11,99.610000610351562,100.33000183105469,94.80999755859375,95.769996643066406,5,0,5,1969-07-07,1969-07-11,0,True,False
1969-07-18,95.769996643066406,96.709999084472656,93.110000610351562,94.949996948242188,5,0,5,1969-07-14,1969-07-18,0,True,False
1969-07-25,94.949996948242188,95.449996948242188,91.540000915527344,92.05999755859375,4,0,4,1969-07-22,1969-07-25,0,True,False
1969-08-01,91.910003662109375,94.19000244140625,88.040000915527344,93.470001220703125,5,0,5,1969-07-28,1969-08-01,0,True,False
1969-08-08,93.470001220703125,94.769996643066406,92.129997253417969,93.94000244140625,5,0,5,1969-08-04,1969-08-08,0,True,False
1969-08-15,93.94000244140625,94.5,91.480003356933594,94,5,0,5,1969-08-11,1969-08-15,0,True,False
1969-08-22,94,96.430000305175781,93.510002136230469,95.919998168945312,5,0,5,1969-08-18,1969-08-22,0,True,False
1969-08-29,95.919998168945312,96.129997253417969,93.650001525878906,95.510002136230469,5,0,5,1969-08-25,1969-08-29,0,True,False
1969-09-05,95.510002136230469,96.30999755859375,93.089996337890625,93.639999389648438,4,0,4,1969-09-02,1969-09-05,0,True,False
1969-09-12,93.639999389648438,95.769996643066406,91.769996643066406,94.129997253417969,5,0,5,1969-09-08,1969-09-12,0,True,False
1969-09-19,94.129997253417969,95.919998168945312,93.730003356933594,95.19000244140625,5,0,5,1969-09-15,1969-09-19,0,True,False
1969-09-26,95.19000244140625,96.620002746582031,93.529998779296875,94.160003662109375,5,0,5,1969-09-22,1969-09-26,0,True,False
1969-10-03,94.160003662109375,94.449996948242188,91.660003662109375,93.19000244140625,5,0,5,1969-09-29,1969-10-03,0,True,False
1969-10-10,93.19000244140625,94.19000244140625,91.75,93.55999755859375,5,0,5,1969-10-06,1969-10-10,0,True,False
1969-10-17,93.55999755859375,97.540000915527344,93.199996948242188,96.260002136230469,5,0,5,1969-10-13,1969-10-17,0,True,False
1969-10-24,96.260002136230469,98.830001831054688,95.290000915527344,98.120002746582031,5,0,5,1969-10-20,1969-10-24,0,True,False
1969-10-31,98.120002746582031,98.779998779296875,95.610000610351562,97.120002746582031,5,0,5,1969-10-27,1969-10-31,0,True,False
1969-11-07,97.120002746582031,99.010002136230469,95.839996337890625,98.260002136230469,5,0,5,1969-11-03,1969-11-07,0,True,False
1969-11-14,98.260002136230469,99.230003356933594,96.360000610351562,97.069999694824219,5,0,5,1969-11-10,1969-11-14,0,True,False
1969-11-21,97.069999694824219,97.360000610351562,93.870002746582031,94.319999694824219,5,0,5,1969-11-17,1969-11-21,0,True,False
1969-11-28,94.319999694824219,94.430000305175781,92.239997863769531,93.80999755859375,4,0,4,1969-11-24,1969-11-28,0,True,False
1969-12-05,93.80999755859375,94.470001220703125,90.360000610351562,91.730003356933594,5,0,5,1969-12-01,1969-12-05,0,True,False
1969-12-12,91.730003356933594,92.050003051757812,89.330001831054688,90.80999755859375,5,0,5,1969-12-08,1969-12-12,0,True,False
1969-12-19,90.80999755859375,92.339996337890625,88.620002746582031,91.379997253417969,5,0,5,1969-12-15,1969-12-19,0,True,False
1969-12-26,91.379997253417969,92.300003051757812,89.400001525878906,91.889999389648438,4,0,4,1969-12-22,1969-12-26,0,True,False
1970-01-02,91.889999389648438,93.540000915527344,90.470001220703125,93,4,0,4,1969-12-29,1970-01-02,0,True,False
1970-01-09,93,94.25,91.819999694824219,92.400001525878906,5,0,5,1970-01-05,1970-01-09,0,True,False
1970-01-16,92.400001525878906,92.669998168945312,90.360000610351562,90.919998168945312,5,0,5,1970-01-12,1970-01-16,0,True,False
1970-01-23,90.720001220703125,90.800003051757812,88.639999389648438,89.370002746582031,5,0,5,1970-01-19,1970-01-23,0,True,False
1970-01-30,89.230003356933594,89.230003356933594,84.419998168945312,85.019996643066406,5,0,5,1970-01-26,1970-01-30,0,True,False
1970-02-06,85.019996643066406,87.660003662109375,84.639999389648438,86.330001831054688,5,0,5,1970-02-02,1970-02-06,0,True,False
1970-02-13,86.330001831054688,87.849998474121094,85.300003051757812,86.540000915527344,5,0,5,1970-02-09,1970-02-13,0,True,False
1970-02-20,86.540000915527344,88.739997863769531,85.569999694824219,88.029998779296875,5,0,5,1970-02-16,1970-02-20,0,True,False
1970-02-27,88.029998779296875,90.330001831054688,87.110000610351562,89.5,4,0,4,1970-02-24,1970-02-27,0,True,False
1970-03-06,89.5,91.050003051757812,88.839996337890625,89.44000244140625,5,0,5,1970-03-02,1970-03-06,0,True,False
1970-03-13,89.430000305175781,89.580001831054688,87.290000915527344,87.860000610351562,5,0,5,1970-03-09,1970-03-13,0,True,False
1970-03-20,87.860000610351562,88.279998779296875,86.360000610351562,87.05999755859375,5,0,5,1970-03-16,1970-03-20,0,True,False
1970-03-27,87.05999755859375,91.069999694824219,86.19000244140625,89.919998168945312,4,0,4,1970-03-23,1970-03-26,0,True,False
1970-04-03,89.919998168945312,90.699996948242188,88.80999755859375,89.389999389648438,5,0,5,1970-03-30,1970-04-03,0,True,False
1970-04-10,89.389999389648438,89.610000610351562,87.819999694824219,88.239997863769531,5,0,5,1970-04-06,1970-04-10,0,True,False
1970-04-17,88.239997863769531,88.669998168945312,84.75,85.669998168945312,5,0,5,1970-04-13,1970-04-17,0,True,False
1970-04-24,85.669998168945312,86.540000915527344,81.959999084472656,82.769996643066406,5,0,5,1970-04-20,1970-04-24,0,True,False
1970-05-01,82.769996643066406,83.230003356933594,79.30999755859375,81.44000244140625,5,0,5,1970-04-27,1970-05-01,0,True,False
1970-05-08,81.279998779296875,81.279998779296875,78.019996643066406,79.44000244140625,5,0,5,1970-05-04,1970-05-08,0,True,False
1970-05-15,79.44000244140625,79.720001220703125,74.029998779296875,76.900001525878906,5,0,5,1970-05-11,1970-05-15,0,True,False
1970-05-22,76.900001525878906,77.680000305175781,70.94000244140625,72.25,5,0,5,1970-05-18,1970-05-22,0,True,False
1970-05-29,72.160003662109375,76.919998168945312,68.610000610351562,76.550003051757812,5,0,5,1970-05-25,1970-05-29,0,True,False
1970-06-05,76.550003051757812,79.419998168945312,75.25,76.169998168945312,5,0,5,1970-06-01,1970-06-05,0,True,False
1970-06-12,76.169998168945312,79.959999084472656,73.25,73.879997253417969,5,0,5,1970-06-08,1970-06-12,0,True,False
1970-06-19,73.879997253417969,78.050003051757812,73.669998168945312,77.050003051757812,5,0,5,1970-06-15,1970-06-19,0,True,False
1970-06-26,77.050003051757812,77.430000305175781,73.089996337890625,73.470001220703125,5,0,5,1970-06-22,1970-06-26,0,True,False
1970-07-03,73.470001220703125,73.919998168945312,72.110000610351562,72.919998168945312,4,0,4,1970-06-29,1970-07-02,0,True,False
1970-07-10,72.919998168945312,75.209999084472656,70.69000244140625,74.449996948242188,5,0,5,1970-07-06,1970-07-10,0,True,False
1970-07-17,74.449996948242188,78.230003356933594,73.779998779296875,77.69000244140625,5,0,5,1970-07-13,1970-07-17,0,True,False
1970-07-24,77.69000244140625,78.720001220703125,76.220001220703125,77.819999694824219,5,0,5,1970-07-20,1970-07-24,0,True,False
1970-07-31,77.819999694824219,79.029998779296875,76.959999084472656,78.050003051757812,5,0,5,1970-07-27,1970-07-31,0,True,False
1970-08-07,78.050003051757812,78.239997863769531,76.120002746582031,77.279998779296875,5,0,5,1970-08-03,1970-08-07,0,True,False
1970-08-14,77.279998779296875,77.400001525878906,74.129997253417969,75.180000305175781,5,0,5,1970-08-10,1970-08-14,0,True,False
1970-08-21,75.180000305175781,79.599998474121094,74.519996643066406,79.239997863769531,5,0,5,1970-08-17,1970-08-21,0,True,False
1970-08-28,79.410003662109375,82.470001220703125,79.410003662109375,81.860000610351562,5,0,5,1970-08-24,1970-08-28,0,True,False
1970-09-04,81.860000610351562,83.419998168945312,79.949996948242188,82.830001831054688,5,0,5,1970-08-31,1970-09-04,0,True,False
1970-09-11,82.830001831054688,83.779998779296875,81.480003356933594,82.519996643066406,4,0,4,1970-09-08,1970-09-11,0,True,False
1970-09-18,82.519996643066406,83.5,80.610000610351562,82.620002746582031,5,0,5,1970-09-14,1970-09-18,0,True,False
1970-09-25,82.620002746582031,83.599998474121094,80.819999694824219,82.830001831054688,5,0,5,1970-09-21,1970-09-25,0,True,False
1970-10-02,82.830001831054688,85.55999755859375,82.610000610351562,85.160003662109375,5,0,5,1970-09-28,1970-10-02,0,True,False
1970-10-09,85.160003662109375,87.75,84.540000915527344,85.080001831054688,5,0,5,1970-10-05,1970-10-09,0,True,False
1970-10-16,85.050003051757812,85.279998779296875,83.239997863769531,84.279998779296875,5,0,5,1970-10-12,1970-10-16,0,True,False
1970-10-23,84.279998779296875,84.720001220703125,82.620002746582031,83.769996643066406,5,0,5,1970-10-19,1970-10-23,0,True,False
1970-10-30,83.769996643066406,84.260002136230469,82.290000915527344,83.25,5,0,5,1970-10-26,1970-10-30,0,True,False
1970-11-06,83.25,85.260002136230469,82.660003662109375,84.220001220703125,5,0,5,1970-11-02,1970-11-06,0,True,False
1970-11-13,84.220001220703125,86.239997863769531,82.919998168945312,83.370002746582031,5,0,5,1970-11-09,1970-11-13,0,True,False
1970-11-20,83.370002746582031,84.169998168945312,82.230003356933594,83.720001220703125,5,0,5,1970-11-16,1970-11-20,0,True,False
1970-11-27,83.720001220703125,86.209999084472656,83.470001220703125,85.930000305175781,4,0,4,1970-11-23,1970-11-27,0,True,False
1970-12-04,85.930000305175781,89.889999389648438,85.790000915527344,89.459999084472656,5,0,5,1970-11-30,1970-12-04,0,True,False
1970-12-11,89.459999084472656,90.930000305175781,88.480003356933594,90.260002136230469,5,0,5,1970-12-07,1970-12-11,0,True,False
1970-12-18,90.260002136230469,90.80999755859375,88.769996643066406,90.220001220703125,5,0,5,1970-12-14,1970-12-18,0,True,False
1970-12-25,90.220001220703125,91.080001831054688,89.349998474121094,90.610000610351562,4,0,4,1970-12-21,1970-12-24,0,True,False
1971-01-01,90.610000610351562,92.989997863769531,90.279998779296875,92.150001525878906,4,0,4,1970-12-28,1970-12-31,0,True,False
1971-01-08,92.150001525878906,93.260002136230469,90.639999389648438,92.19000244140625,5,0,5,1971-01-04,1971-01-08,0,True,False
1971-01-15,92.19000244140625,93.94000244140625,90.989997863769531,93.029998779296875,5,0,5,1971-01-11,1971-01-15,0,True,False
1971-01-22,93.029998779296875,95.529998779296875,92.629997253417969,94.879997253417969,5,0,5,1971-01-18,1971-01-22,0,True,False
1971-01-29,94.879997253417969,96.489997863769531,93.959999084472656,95.879997253417969,5,0,5,1971-01-25,1971-01-29,0,True,False
1971-02-05,95.879997253417969,97.580001831054688,95.379997253417969,96.930000305175781,5,0,5,1971-02-01,1971-02-05,0,True,False
1971-02-12,96.930000305175781,98.959999084472656,96.129997253417969,98.430000305175781,5,0,5,1971-02-08,1971-02-12,0,True,False
1971-02-19,98.430000305175781,99.589996337890625,96.25,96.739997863769531,4,0,4,1971-02-16,1971-02-19,0,True,False
1971-02-26,96.650001525878906,97.709999084472656,94.919998168945312,96.75,5,0,5,1971-02-22,1971-02-26,0,True,False
1971-03-05,96.75,99.489997863769531,96.110000610351562,98.959999084472656,5,0,5,1971-03-01,1971-03-05,0,True,False
1971-03-12,98.959999084472656,100.30999755859375,98.419998168945312,99.569999694824219,5,0,5,1971-03-08,1971-03-12,0,True,False
1971-03-19,99.569999694824219,102.02999877929688,99.120002746582031,101.01000213623047,5,0,5,1971-03-15,1971-03-19,0,True,False
1971-03-26,101.01000213623047,101.45999908447266,98.360000610351562,99.949996948242188,5,0,5,1971-03-22,1971-03-26,0,True,False
1971-04-02,99.949996948242188,101.23000335693359,99.360000610351562,100.55999755859375,5,0,5,1971-03-29,1971-04-02,0,True,False
1971-04-09,100.55999755859375,102.87000274658203,99.879997253417969,102.09999847412109,4,0,4,1971-04-05,1971-04-08,0,True,False
1971-04-16,102.09999847412109,104.40000152587891,101.75,103.48999786376953,5,0,5,1971-04-12,1971-04-16,0,True,False
1971-04-23,103.48999786376953,104.62999725341797,102.55000305175781,104.05000305175781,5,0,5,1971-04-19,1971-04-23,0,True,False
1971-04-30,104.05000305175781,105.59999847412109,103.19000244140625,103.94999694824219,5,0,5,1971-04-26,1971-04-30,0,True,False
1971-05-07,103.94999694824219,104.41999816894531,101.86000061035156,102.87000274658203,5,0,5,1971-05-03,1971-05-07,0,True,False
1971-05-14,102.87000274658203,103.56999969482422,101.5,102.20999908447266,5,0,5,1971-05-10,1971-05-14,0,True,False
1971-05-21,102.08000183105469,102.16999816894531,99.680000305175781,100.98999786376953,5,0,5,1971-05-17,1971-05-21,0,True,False
1971-05-28,100.98999786376953,101.23999786376953,98.680000305175781,99.629997253417969,5,0,5,1971-05-24,1971-05-28,0,True,False
1971-06-04,99.629997253417969,102.06999969482422,99.220001220703125,101.30000305175781,4,0,4,1971-06-01,1971-06-04,0,True,False
1971-06-11,101.30000305175781,102.01999664306641,99.279998779296875,101.06999969482422,5,0,5,1971-06-07,1971-06-11,0,True,False
1971-06-18,101.06999969482422,101.37000274658203,98.650001525878906,98.970001220703125,5,0,5,1971-06-14,1971-06-18,0,True,False
1971-06-25,98.970001220703125,99.180000305175781,96.919998168945312,97.989997863769531,5,0,5,1971-06-21,1971-06-25,0,True,False
1971-07-02,97.989997863769531,100.65000152587891,97.019996643066406,99.779998779296875,5,0,5,1971-06-28,1971-07-02,0,True,False
1971-07-09,99.779998779296875,101.33000183105469,99.099998474121094,100.69000244140625,4,0,4,1971-07-06,1971-07-09,0,True,False
1971-07-16,100.69000244140625,101.51999664306641,98.230003356933594,99.110000610351562,5,0,5,1971-07-12,1971-07-16,0,True,False
1971-07-23,99.110000610351562,100.01000213623047,98.110000610351562,98.94000244140625,5,0,5,1971-07-19,1971-07-23,0,True,False
1971-07-30,98.94000244140625,99.470001220703125,95.080001831054688,95.580001831054688,5,0,5,1971-07-26,1971-07-30,0,True,False
1971-08-06,95.580001831054688,96.760002136230469,93.330001831054688,94.25,5,0,5,1971-08-02,1971-08-06,0,True,False
1971-08-13,94.25,96.529998779296875,92.80999755859375,95.69000244140625,5,0,5,1971-08-09,1971-08-13,0,True,False
1971-08-20,97.900001525878906,101,97.349998474121094,98.330001831054688,5,0,5,1971-08-16,1971-08-20,0,True,False
1971-08-27,98.330001831054688,101.51000213623047,98.089996337890625,100.48000335693359,5,0,5,1971-08-23,1971-08-27,0,True,False
1971-09-03,100.48000335693359,100.93000030517578,98.319999694824219,100.69000244140625,5,0,5,1971-08-30,1971-09-03,0,True,False
1971-09-10,100.69000244140625,102.25,99.69000244140625,100.41999816894531,4,0,4,1971-09-07,1971-09-10,0,True,False
1971-09-17,100.41999816894531,100.83999633789062,98.790000915527344,99.959999084472656,5,0,5,1971-09-13,1971-09-17,0,True,False
1971-09-24,99.959999084472656,100.40000152587891,97.610000610351562,98.150001525878906,5,0,5,1971-09-20,1971-09-24,0,True,False
1971-10-01,98.150001525878906,99.489997863769531,96.970001220703125,98.930000305175781,5,0,5,1971-09-27,1971-10-01,0,True,False
1971-10-08,98.930000305175781,100.95999908447266,98.339996337890625,99.360000610351562,5,0,5,1971-10-04,1971-10-08,0,True,False
1971-10-15,99.360000610351562,100.19999694824219,97.029998779296875,97.790000915527344,5,0,5,1971-10-11,1971-10-15,0,True,False
1971-10-22,97.790000915527344,98.330001831054688,94.589996337890625,95.569999694824219,5,0,5,1971-10-18,1971-10-22,0,True,False
1971-10-29,95.569999694824219,95.760002136230469,92.959999084472656,94.230003356933594,5,0,5,1971-10-25,1971-10-29,0,True,False
1971-11-05,94.230003356933594,96.080001831054688,91.839996337890625,94.459999084472656,5,0,5,1971-11-01,1971-11-05,0,True,False
1971-11-12,94.459999084472656,95.30999755859375,90.930000305175781,92.120002746582031,5,0,5,1971-11-08,1971-11-12,0,True,False
1971-11-19,92.120002746582031,93.620002746582031,90.949996948242188,91.610000610351562,5,0,5,1971-11-15,1971-11-19,0,True,False
1971-11-26,91.610000610351562,92.19000244140625,89.339996337890625,91.94000244140625,4,0,4,1971-11-22,1971-11-26,0,True,False
1971-12-03,92.040000915527344,97.569999694824219,92.040000915527344,97.05999755859375,5,0,5,1971-11-29,1971-12-03,0,True,False
1971-12-10,97.05999755859375,98.169998168945312,95.400001525878906,97.69000244140625,5,0,5,1971-12-06,1971-12-10,0,True,False
1971-12-17,97.970001220703125,100.26000213623047,97.669998168945312,100.26000213623047,5,0,5,1971-12-13,1971-12-17,0,True,False
1971-12-24,101.55000305175781,101.80000305175781,100.73999786376953,100.73999786376953,4,0,4,1971-12-20,1971-12-23,0,True,False
1971-12-31,100.94999694824219,102.20999908447266,100.94999694824219,102.08999633789062,5,0,5,1971-12-27,1971-12-31,0,True,False
1972-01-07,102.08999633789062,104.29000091552734,100.87000274658203,103.47000122070312,5,0,5,1972-01-03,1972-01-07,0,True,False
1972-01-14,103.47000122070312,104.66000366210938,102.29000091552734,103.38999938964844,5,0,5,1972-01-10,1972-01-14,0,True,False
1972-01-21,103.38999938964844,105,102.75,103.65000152587891,5,0,5,1972-01-17,1972-01-21,0,True,False
1972-01-28,103.65000152587891,104.98000335693359,101.62999725341797,104.16000366210938,5,0,5,1972-01-24,1972-01-28,0,True,False
1972-02-04,104.16000366210938,105.48000335693359,103.09999847412109,104.86000061035156,5,0,5,1972-01-31,1972-02-04,0,True,False
1972-02-11,104.86000061035156,106.69000244140625,103.90000152587891,105.08000183105469,5,0,5,1972-02-07,1972-02-11,0,True,False
1972-02-18,105.08000183105469,106.65000152587891,104.02999877929688,105.27999877929688,5,0,5,1972-02-14,1972-02-18,0,True,False
1972-02-25,105.27999877929688,106.73000335693359,104.65000152587891,106.18000030517578,4,0,4,1972-02-22,1972-02-25,0,True,False
1972-03-03,106.18000030517578,108.51000213623047,105.37000274658203,107.94000244140625,5,0,5,1972-02-28,1972-03-03,0,True,False
1972-03-10,107.94000244140625,109.75,107.63999938964844,108.37999725341797,5,0,5,1972-03-06,1972-03-10,0,True,False
1972-03-17,108.37999725341797,108.61000061035156,106.55000305175781,107.91999816894531,5,0,5,1972-03-13,1972-03-17,0,True,False
1972-03-24,107.91999816894531,108.80999755859375,105.86000061035156,107.51999664306641,5,0,5,1972-03-20,1972-03-24,0,True,False
1972-03-31,107.51999664306641,108.08000183105469,105.98000335693359,107.19999694824219,4,0,4,1972-03-27,1972-03-30,0,True,False
1972-04-07,107.19999694824219,110.29000091552734,106.75,109.62000274658203,5,0,5,1972-04-03,1972-04-07,0,True,False
1972-04-14,109.62000274658203,111.11000061035156,108.76000213623047,109.83999633789062,5,0,5,1972-04-10,1972-04-14,0,True,False
1972-04-21,109.83999633789062,110.63999938964844,108.08000183105469,108.88999938964844,5,0,5,1972-04-17,1972-04-21,0,True,False
1972-04-28,108.88999938964844,109.19000244140625,106.18000030517578,107.66999816894531,5,0,5,1972-04-24,1972-04-28,0,True,False
1972-05-05,107.66999816894531,108,105.13999938964844,106.62999725341797,5,0,5,1972-05-01,1972-05-05,0,True,False
1972-05-12,106.62999725341797,107.01999664306641,103.83000183105469,106.37999725341797,5,0,5,1972-05-08,1972-05-12,0,True,False
1972-05-19,106.37999725341797,109.58999633789062,106.01999664306641,108.98000335693359,5,0,5,1972-05-15,1972-05-19,0,True,False
1972-05-26,108.98000335693359,111.30999755859375,108.79000091552734,110.66000366210938,5,0,5,1972-05-22,1972-05-26,0,True,False
1972-06-02,110.66000366210938,111.48000335693359,108.91999816894531,109.73000335693359,4,0,4,1972-05-30,1972-06-02,0,True,False
1972-06-09,109.73000335693359,109.91999816894531,106.30000305175781,106.86000061035156,5,0,5,1972-06-05,1972-06-09,0,True,False
1972-06-16,106.86000061035156,109.51999664306641,106.29000091552734,108.36000061035156,5,0,5,1972-06-12,1972-06-16,0,True,False
1972-06-23,108.36000061035156,109.66000366210938,107.37000274658203,108.26999664306641,5,0,5,1972-06-19,1972-06-23,0,True,False
1972-06-30,108.23000335693359,108.29000091552734,105.94000244140625,107.13999938964844,5,0,5,1972-06-26,1972-06-30,0,True,False
1972-07-07,107.13999938964844,110.26999664306641,106.72000122070312,108.69000244140625,4,0,4,1972-07-03,1972-07-07,0,True,False
1972-07-14,108.69000244140625,109.16000366210938,105.62000274658203,106.80000305175781,5,0,5,1972-07-10,1972-07-14,0,True,False
1972-07-21,106.80000305175781,107.37000274658203,104.43000030517578,106.66000366210938,5,0,5,1972-07-17,1972-07-21,0,True,False
1972-07-28,106.66000366210938,108.87999725341797,106.51999664306641,107.37999725341797,5,0,5,1972-07-24,1972-07-28,0,True,False
1972-08-04,107.37999725341797,111.12000274658203,106.59999847412109,110.43000030517578,5,0,5,1972-07-31,1972-08-04,0,True,False
1972-08-11,110.43000030517578,112.40000152587891,109.66999816894531,111.94999694824219,5,0,5,1972-08-07,1972-08-11,0,True,False
1972-08-18,111.94999694824219,113.44999694824219,110.72000122070312,111.76000213623047,5,0,5,1972-08-14,1972-08-18,0,True,False
1972-08-25,111.76000213623047,113.26999664306641,109.77999877929688,110.66999816894531,5,0,5,1972-08-21,1972-08-25,0,True,False
1972-09-01,110.66999816894531,112.12000274658203,109.26000213623047,111.51000213623047,5,0,5,1972-08-28,1972-09-01,0,True,False
1972-09-08,111.51000213623047,112.08000183105469,109.66999816894531,110.15000152587891,4,0,4,1972-09-05,1972-09-08,0,True,False
1972-09-15,110.15000152587891,110.56999969482422,107.80999755859375,108.80999755859375,5,0,5,1972-09-11,1972-09-15,0,True,False
1972-09-22,108.80999755859375,109.56999969482422,107.72000122070312,108.51999664306641,5,0,5,1972-09-18,1972-09-22,0,True,False
1972-09-29,108.51999664306641,110.75,107.34999847412109,110.55000305175781,5,0,5,1972-09-25,1972-09-29,0,True,False
1972-10-06,110.55000305175781,111.34999847412109,107.77999877929688,109.62000274658203,5,0,5,1972-10-02,1972-10-06,0,True,False
1972-10-13,109.62000274658203,111.11000061035156,107.16999816894531,107.91999816894531,5,0,5,1972-10-09,1972-10-13,0,True,False
1972-10-20,107.91999816894531,109.79000091552734,106.26999664306641,109.23999786376953,5,0,5,1972-10-16,1972-10-20,0,True,False
1972-10-27,109.51000213623047,112.26000213623047,109.37999725341797,110.62000274658203,5,0,5,1972-10-23,1972-10-27,0,True,False
1972-11-03,110.62000274658203,114.80999755859375,109.66000366210938,114.22000122070312,5,0,5,1972-10-30,1972-11-03,0,True,False
1972-11-10,114.22000122070312,115.23000335693359,112.08000183105469,113.73000335693359,4,0,4,1972-11-06,1972-11-10,0,True,False
1972-11-17,113.73000335693359,116.23000335693359,112.91000366210938,115.48999786376953,5,0,5,1972-11-13,1972-11-17,0,True,False
1972-11-24,115.48999786376953,117.91000366210938,114.56999969482422,117.26999664306641,4,0,4,1972-11-20,1972-11-24,0,True,False
1972-12-01,117.26999664306641,118.18000030517578,115.55999755859375,117.37999725341797,5,0,5,1972-11-27,1972-12-01,0,True,False
1972-12-08,117.37999725341797,119.54000091552734,116.88999938964844,118.86000061035156,5,0,5,1972-12-04,1972-12-08,0,True,False
1972-12-15,118.86000061035156,119.79000091552734,117.37000274658203,118.26000213623047,5,0,5,1972-12-11,1972-12-15,0,True,False
1972-12-22,117.87999725341797,117.87999725341797,114.62999725341797,115.83000183105469,5,0,5,1972-12-18,1972-12-22,0,True,False
1972-12-29,115.83000183105469,118.76999664306641,115.54000091552734,118.05000305175781,3,0,3,1972-12-26,1972-12-29,0,True,False
1973-01-05,118.05999755859375,120.70999908447266,118.05999755859375,119.87000274658203,4,0,4,1973-01-02,1973-01-05,0,True,False
1973-01-12,119.87000274658203,121.73999786376953,118.69000244140625,119.30000305175781,5,0,5,1973-01-08,1973-01-12,0,True,False
1973-01-19,119.30000305175781,120.81999969482422,117.04000091552734,118.77999877929688,5,0,5,1973-01-15,1973-01-19,0,True,False
1973-01-26,118.77999877929688,119.62999725341797,114.97000122070312,116.44999694824219,4,0,4,1973-01-22,1973-01-26,0,True,False
1973-02-02,116.44999694824219,117.18000030517578,113.44999694824219,114.34999847412109,5,0,5,1973-01-29,1973-02-02,0,True,False
1973-02-09,114.34999847412109,115.48000335693359,111.84999847412109,114.68000030517578,5,0,5,1973-02-05,1973-02-09,0,True,False
1973-02-16,114.69000244140625,118.98000335693359,113.69999694824219,114.98000335693359,5,0,5,1973-02-12,1973-02-16,0,True,False
1973-02-23,114.98000335693359,116.26000213623047,112.76999664306641,113.16000366210938,4,0,4,1973-02-20,1973-02-23,0,True,False
1973-03-02,113.16000366210938,113.26000213623047,109.44999694824219,112.27999877929688,5,0,5,1973-02-26,1973-03-02,0,True,False
1973-03-09,112.27999877929688,115.23000335693359,111.33000183105469,113.79000091552734,5,0,5,1973-03-05,1973-03-09,0,True,False
1973-03-16,113.79000091552734,115.61000061035156,112.83999633789062,113.54000091552734,5,0,5,1973-03-12,1973-03-16,0,True,False
1973-03-23,113.5,113.5,107.41000366210938,108.87999725341797,5,0,5,1973-03-19,1973-03-23,0,True,False
1973-03-30,108.87999725341797,113.22000122070312,108.29000091552734,111.51999664306641,5,0,5,1973-03-26,1973-03-30,0,True,False
1973-04-06,111.51999664306641,111.69999694824219,107.44000244140625,109.27999877929688,5,0,5,1973-04-02,1973-04-06,0,True,False
1973-04-13,109.27999877929688,113.65000152587891,108.73999786376953,112.08000183105469,5,0,5,1973-04-09,1973-04-13,0,True,False
1973-04-20,112.08000183105469,112.93000030517578,109.98999786376953,112.16999816894531,4,0,4,1973-04-16,1973-04-19,0,True,False
1973-04-27,112.16999816894531,112.66000366210938,106.76000213623047,107.23000335693359,5,0,5,1973-04-23,1973-04-27,0,True,False
1973-05-04,107.23000335693359,111.98999786376953,105.33999633789062,111,5,0,5,1973-04-30,1973-05-04,0,True,False
1973-05-11,111,112.25,107.69999694824219,108.16999816894531,5,0,5,1973-05-07,1973-05-11,0,True,False
1973-05-18,107.73999786376953,107.73999786376953,103.18000030517578,103.86000061035156,5,0,5,1973-05-14,1973-05-18,0,True,False
1973-05-25,103.76999664306641,108.86000061035156,101.36000061035156,107.94000244140625,5,0,5,1973-05-21,1973-05-25,0,True,False
1973-06-01,107.94000244140625,108.58000183105469,103.30999755859375,103.93000030517578,4,0,4,1973-05-29,1973-06-01,0,True,False
1973-06-08,103.93000030517578,107.75,102.33000183105469,107.02999877929688,5,0,5,1973-06-04,1973-06-08,0,True,False
1973-06-15,107.02999877929688,109.51999664306641,104.37000274658203,105.09999847412109,5,0,5,1973-06-11,1973-06-15,0,True,False
1973-06-22,104.95999908447266,105.66000366210938,102.45999908447266,103.69999694824219,5,0,5,1973-06-18,1973-06-22,0,True,False
1973-06-29,103.63999938964844,105.30000305175781,101.44999694824219,104.26000213623047,5,0,5,1973-06-25,1973-06-29,0,True,False
1973-07-06,104.09999847412109,104.09999847412109,100.66999816894531,101.27999877929688,4,0,4,1973-07-02,1973-07-06,0,True,False
1973-07-13,101.27999877929688,106.62000274658203,100.44000244140625,104.08999633789062,5,0,5,1973-07-09,1973-07-13,0,True,False
1973-07-20,104.08999633789062,108.01999664306641,103.41999816894531,107.13999938964844,5,0,5,1973-07-16,1973-07-20,0,True,False
1973-07-27,107.13999938964844,111.04000091552734,106.30999755859375,109.58999633789062,5,0,5,1973-07-23,1973-07-27,0,True,False
1973-08-03,109.58999633789062,110.12000274658203,105.51000213623047,106.48999786376953,5,0,5,1973-07-30,1973-08-03,0,True,False
1973-08-10,106.48999786376953,107.56999969482422,104.20999908447266,104.76999664306641,5,0,5,1973-08-06,1973-08-10,0,True,False
1973-08-17,104.76999664306641,104.83000183105469,101.37999725341797,102.30999755859375,5,0,5,1973-08-13,1973-08-17,0,True,False
1973-08-24,102.30999755859375,102.65000152587891,99.739997863769531,101.62000274658203,5,0,5,1973-08-20,1973-08-24,0,True,False
1973-08-31,101.62000274658203,104.91999816894531,101.08999633789062,104.25,5,0,5,1973-08-27,1973-08-31,0,True,False
1973-09-07,104.25,105.94999694824219,103.59999847412109,104.76000213623047,4,0,4,1973-09-04,1973-09-07,0,True,False
1973-09-14,104.76000213623047,105.12000274658203,102.12999725341797,104.44000244140625,5,0,5,1973-09-10,1973-09-14,0,True,False
1973-09-21,104.44000244140625,108.01999664306641,102.41000366210938,107.19999694824219,5,0,5,1973-09-17,1973-09-21,0,True,False
1973-09-28,107.19999694824219,110.44999694824219,106.20999908447266,108.43000030517578,5,0,5,1973-09-24,1973-09-28,0,True,False
1973-10-05,108.43000030517578,110.45999908447266,107.08000183105469,109.84999847412109,5,0,5,1973-10-01,1973-10-05,0,True,False
1973-10-12,109.84999847412109,112.81999969482422,108.01999664306641,111.44000244140625,5,0,5,1973-10-08,1973-10-12,0,True,False
1973-10-19,111.31999969482422,111.55999755859375,108.5,110.22000122070312,5,0,5,1973-10-15,1973-10-19,0,True,False
1973-10-26,110.22000122070312,112.30999755859375,107.40000152587891,111.37999725341797,5,0,5,1973-10-22,1973-10-26,0,True,False
1973-11-02,111.37999725341797,112.55999755859375,106.33000183105469,107.06999969482422,5,0,5,1973-10-29,1973-11-02,0,True,False
1973-11-09,106.97000122070312,108.44999694824219,104.51999664306641,105.30000305175781,5,0,5,1973-11-05,1973-11-09,0,True,False
1973-11-16,105.30000305175781,105.75,100.69000244140625,103.87999725341797,5,0,5,1973-11-12,1973-11-16,0,True,False
1973-11-23,103.65000152587891,103.65000152587891,97.639999389648438,99.44000244140625,4,0,4,1973-11-19,1973-11-23,0,True,False
1973-11-30,98.639999389648438,98.720001220703125,94.879997253417969,95.959999084472656,5,0,5,1973-11-26,1973-11-30,0,True,False
1973-12-07,95.830001831054688,97.580001831054688,91.550003051757812,96.510002136230469,5,0,5,1973-12-03,1973-12-07,0,True,False
1973-12-14,96.510002136230469,99.089996337890625,91.050003051757812,93.290000915527344,5,0,5,1973-12-10,1973-12-14,0,True,False
1973-12-21,93.290000915527344,96.830001831054688,91.870002746582031,93.540000915527344,5,0,5,1973-12-17,1973-12-21,0,True,False
1973-12-28,93.540000915527344,98.760002136230469,91.680000305175781,97.540000915527344,4,0,4,1973-12-24,1973-12-28,0,True,False
1974-01-04,97.540000915527344,100.94000244140625,95.949996948242188,98.900001525878906,4,0,4,1973-12-31,1974-01-04,0,True,False
1974-01-11,98.900001525878906,99.30999755859375,91.620002746582031,93.660003662109375,5,0,5,1974-01-07,1974-01-11,0,True,False
1974-01-18,93.660003662109375,98.349998474121094,92.349998474121094,95.55999755859375,5,0,5,1974-01-14,1974-01-18,0,True,False
1974-01-25,95.55999755859375,98.110000610351562,93.230003356933594,96.629997253417969,5,0,5,1974-01-21,1974-01-25,0,True,False
1974-02-01,96.629997253417969,98.05999755859375,94.660003662109375,95.319999694824219,5,0,5,1974-01-28,1974-02-01,0,True,False
1974-02-08,94.889999389648438,94.889999389648438,91.870002746582031,92.330001831054688,5,0,5,1974-02-04,1974-02-08,0,True,False
1974-02-15,92.330001831054688,92.980003356933594,89.529998779296875,92.269996643066406,5,0,5,1974-02-11,1974-02-15,0,True,False
1974-02-22,92.269996643066406,96.19000244140625,91.339996337890625,95.389999389648438,4,0,4,1974-02-19,1974-02-22,0,True,False
1974-03-01,95.389999389648438,97.430000305175781,94.199996948242188,95.529998779296875,5,0,5,1974-02-25,1974-03-01,0,True,False
1974-03-08,95.529998779296875,98.569999694824219,94.19000244140625,97.779998779296875,5,0,5,1974-03-04,1974-03-08,0,True,False
1974-03-15,97.779998779296875,101.05000305175781,96.379997253417969,99.279998779296875,5,0,5,1974-03-11,1974-03-15,0,True,False
1974-03-22,99.279998779296875,99.709999084472656,96.349998474121094,97.269996643066406,5,0,5,1974-03-18,1974-03-22,0,True,False
1974-03-29,97.269996643066406,98.660003662109375,93.44000244140625,93.980003356933594,5,0,5,1974-03-25,1974-03-29,0,True,False
1974-04-05,93.980003356933594,95.139999389648438,92.550003051757812,93.010002136230469,5,0,5,1974-04-01,1974-04-05,0,True,False
1974-04-12,93,93.519996643066406,91.5,92.120002746582031,4,0,4,1974-04-08,1974-04-11,0,True,False
1974-04-19,92.120002746582031,95.419998168945312,91.489997863769531,93.75,5,0,5,1974-04-15,1974-04-19,0,True,False
1974-04-26,93.75,94.120002746582031,88.620002746582031,90.180000305175781,5,0,5,1974-04-22,1974-04-26,0,True,False
1974-05-03,90.180000305175781,93.589996337890625,89.019996643066406,91.290000915527344,5,0,5,1974-04-29,1974-05-03,0,True,False
1974-05-10,91.290000915527344,93.569999694824219,90.129997253417969,91.470001220703125,5,0,5,1974-05-06,1974-05-10,0,True,False
1974-05-17,91.470001220703125,91.720001220703125,87.669998168945312,88.209999084472656,5,0,5,1974-05-13,1974-05-17,0,True,False
1974-05-24,88.209999084472656,89.269996643066406,86.120002746582031,88.580001831054688,5,0,5,1974-05-20,1974-05-24,0,True,False
1974-05-31,88.580001831054688,89.370002746582031,85.870002746582031,87.279998779296875,4,0,4,1974-05-28,1974-05-31,0,True,False
1974-06-07,87.279998779296875,93.760002136230469,86.779998779296875,92.550003051757812,5,0,5,1974-06-03,1974-06-07,0,True,False
1974-06-14,92.550003051757812,93.639999389648438,90.730003356933594,91.300003051757812,5,0,5,1974-06-10,1974-06-14,0,True,False
1974-06-21,91.300003051757812,91.339996337890625,86.769996643066406,87.459999084472656,5,0,5,1974-06-17,1974-06-21,0,True,False
1974-06-28,87.459999084472656,89.480003356933594,85.129997253417969,86,5,0,5,1974-06-24,1974-06-28,0,True,False
1974-07-05,86,86.889999389648438,83.169998168945312,83.660003662109375,4,0,4,1974-07-01,1974-07-05,0,True,False
1974-07-12,83.129997253417969,83.650001525878906,79.080001831054688,83.150001525878906,5,0,5,1974-07-08,1974-07-12,0,True,False
1974-07-19,83.150001525878906,85.389999389648438,81.699996948242188,83.540000915527344,5,0,5,1974-07-15,1974-07-19,0,True,False
1974-07-26,83.540000915527344,85.669998168945312,82,82.400001525878906,5,0,5,1974-07-22,1974-07-26,0,True,False
1974-08-02,82.019996643066406,82.019996643066406,77.839996337890625,78.589996337890625,5,0,5,1974-07-29,1974-08-02,0,True,False
1974-08-09,78.589996337890625,83.529998779296875,78.029998779296875,80.860000610351562,5,0,5,1974-08-05,1974-08-09,0,True,False
1974-08-16,80.860000610351562,81.260002136230469,75.19000244140625,75.669998168945312,5,0,5,1974-08-12,1974-08-16,0,True,False
1974-08-23,75.650001525878906,76.110000610351562,70.75,71.550003051757812,5,0,5,1974-08-19,1974-08-23,0,True,False
1974-08-30,71.550003051757812,73.169998168945312,69.370002746582031,72.150001525878906,5,0,5,1974-08-26,1974-08-30,0,True,False
1974-09-06,72.150001525878906,73.010002136230469,67.639999389648438,71.419998168945312,4,0,4,1974-09-03,1974-09-06,0,True,False
1974-09-13,71.349998474121094,71.349998474121094,64.739997863769531,65.199996948242188,5,0,5,1974-09-09,1974-09-13,0,True,False
1974-09-20,65.199996948242188,71.120002746582031,64.150001525878906,70.139999389648438,5,0,5,1974-09-16,1974-09-20,0,True,False
1974-09-27,70.139999389648438,71.019996643066406,64.580001831054688,64.94000244140625,5,0,5,1974-09-23,1974-09-27,0,True,False
1974-10-04,64.849998474121094,64.849998474121094,60.959999084472656,62.340000152587891,5,0,5,1974-09-30,1974-10-04,0,True,False
1974-10-11,62.779998779296875,71.989997863769531,62.779998779296875,71.139999389648438,5,0,5,1974-10-07,1974-10-11,0,True,False
1974-10-18,71.169998168945312,74.430000305175781,69.410003662109375,72.279998779296875,5,0,5,1974-10-14,1974-10-18,0,True,False
1974-10-25,72.279998779296875,75.089996337890625,68.800003051757812,70.120002746582031,5,0,5,1974-10-21,1974-10-25,0,True,False
1974-11-01,70.120002746582031,75.900001525878906,68.889999389648438,73.879997253417969,5,0,5,1974-10-28,1974-11-01,0,True,False
1974-11-08,73.800003051757812,77.410003662109375,71.930000305175781,74.910003662109375,5,0,5,1974-11-04,1974-11-08,0,True,False
1974-11-15,74.910003662109375,75.699996948242188,71.410003662109375,71.910003662109375,5,0,5,1974-11-11,1974-11-15,0,True,False
1974-11-22,71.099998474121094,71.099998474121094,66.849998474121094,68.900001525878906,5,0,5,1974-11-18,1974-11-22,0,True,False
1974-11-29,68.900001525878906,71.30999755859375,67.790000915527344,69.970001220703125,4,0,4,1974-11-25,1974-11-29,0,True,False
1974-12-06,69.800003051757812,69.800003051757812,64.400001525878906,65.010002136230469,5,0,5,1974-12-02,1974-12-06,0,True,False
1974-12-13,65.010002136230469,69.029998779296875,64.129997253417969,67.069999694824219,5,0,5,1974-12-09,1974-12-13,0,True,False
1974-12-20,67.069999694824219,69.010002136230469,65.860000610351562,66.910003662109375,5,0,5,1974-12-16,1974-12-20,0,True,False
1974-12-27,66.910003662109375,68.19000244140625,65.339996337890625,67.139999389648438,4,0,4,1974-12-23,1974-12-27,0,True,False
1975-01-03,67.139999389648438,71.639999389648438,66.230003356933594,70.709999084472656,4,0,4,1974-12-30,1975-01-03,0,True,False
1975-01-10,70.709999084472656,73.75,69.040000915527344,72.610000610351562,5,0,5,1975-01-06,1975-01-10,0,True,False
1975-01-17,72.610000610351562,73.80999755859375,70.449996948242188,70.959999084472656,5,0,5,1975-01-13,1975-01-17,0,True,False
1975-01-24,70.959999084472656,73.569999694824219,69.800003051757812,72.980003356933594,5,0,5,1975-01-20,1975-01-24,0,True,False
1975-01-31,73.760002136230469,78.69000244140625,73.760002136230469,76.980003356933594,5,0,5,1975-01-27,1975-01-31,0,True,False
1975-02-07,76.980003356933594,80.720001220703125,76,78.629997253417969,5,0,5,1975-02-03,1975-02-07,0,True,False
1975-02-14,78.629997253417969,82.529998779296875,77.379997253417969,81.5,5,0,5,1975-02-10,1975-02-14,0,True,False
1975-02-21,81.5,83.55999755859375,79.830001831054688,82.620002746582031,4,0,4,1975-02-18,1975-02-21,0,True,False
1975-02-28,82.620002746582031,82.709999084472656,78.910003662109375,81.589996337890625,5,0,5,1975-02-24,1975-02-28,0,True,False
1975-03-07,81.589996337890625,85.430000305175781,81.319999694824219,84.300003051757812,5,0,5,1975-03-03,1975-03-07,0,True,False
1975-03-14,84.300003051757812,85.889999389648438,82.519996643066406,84.760002136230469,5,0,5,1975-03-10,1975-03-14,0,True,False
1975-03-21,84.760002136230469,87.080001831054688,82.519996643066406,83.389999389648438,5,0,5,1975-03-17,1975-03-21,0,True,False
1975-03-28,82.389999389648438,84.879997253417969,80.080001831054688,83.849998474121094,4,0,4,1975-03-24,1975-03-27,0,True,False
1975-04-04,83.849998474121094,84.620002746582031,80.290000915527344,80.879997253417969,5,0,5,1975-03-31,1975-04-04,0,True,False
1975-04-11,80.879997253417969,84.699996948242188,79.660003662109375,84.180000305175781,5,0,5,1975-04-07,1975-04-11,0,True,False
1975-04-18,84.180000305175781,88.790000915527344,83.980003356933594,86.300003051757812,5,0,5,1975-04-14,1975-04-18,0,True,False
1975-04-25,86.300003051757812,88.639999389648438,85,86.620002746582031,5,0,5,1975-04-21,1975-04-25,0,True,False
1975-05-02,86.620002746582031,89.980003356933594,85,89.220001220703125,5,0,5,1975-04-28,1975-05-02,0,True,False
1975-05-09,89.220001220703125,91.239997863769531,87.599998474121094,90.529998779296875,5,0,5,1975-05-05,1975-05-09,0,True,False
1975-05-16,90.529998779296875,93.510002136230469,89.739997863769531,90.430000305175781,5,0,5,1975-05-12,1975-05-16,0,True,False
1975-05-23,90.430000305175781,91.449996948242188,88.349998474121094,90.580001831054688,5,0,5,1975-05-19,1975-05-23,0,True,False
1975-05-30,90.580001831054688,91.620002746582031,88.830001831054688,91.150001525878906,4,0,4,1975-05-27,1975-05-30,0,True,False
1975-06-06,91.319999694824219,93.760002136230469,91.319999694824219,92.480003356933594,5,0,5,1975-06-02,1975-06-06,0,True,False
1975-06-13,92.480003356933594,92.870002746582031,89.300003051757812,90.519996643066406,5,0,5,1975-06-09,1975-06-13,0,True,False
1975-06-20,90.519996643066406,93.75,89.599998474121094,92.610000610351562,5,0,5,1975-06-16,1975-06-20,0,True,False
1975-06-27,92.610000610351562,95.720001220703125,91.80999755859375,94.80999755859375,5,0,5,1975-06-23,1975-06-27,0,True,False
1975-07-04,94.80999755859375,95.849998474121094,93.370002746582031,94.360000610351562,4,0,4,1975-06-30,1975-07-03,0,True,False
1975-07-11,94.360000610351562,96.19000244140625,92.510002136230469,94.660003662109375,5,0,5,1975-07-07,1975-07-11,0,True,False
1975-07-18,94.660003662109375,96.580001831054688,92.389999389648438,93.199996948242188,5,0,5,1975-07-14,1975-07-18,0,True,False
1975-07-25,93.199996948242188,93.930000305175781,88.720001220703125,89.290000915527344,5,0,5,1975-07-21,1975-07-25,0,True,False
1975-08-01,89.290000915527344,90.069999694824219,87.459999084472656,87.989997863769531,5,0,5,1975-07-28,1975-08-01,0,True,False
1975-08-08,87.989997863769531,88.169998168945312,85.339996337890625,86.019996643066406,5,0,5,1975-08-04,1975-08-08,0,True,False
1975-08-15,86.019996643066406,88.169998168945312,85.019996643066406,86.360000610351562,5,0,5,1975-08-11,1975-08-15,0,True,False
1975-08-22,86.360000610351562,87.209999084472656,82.209999084472656,84.279998779296875,5,0,5,1975-08-18,1975-08-22,0,True,False
1975-08-29,84.279998779296875,87.730003356933594,83.349998474121094,86.879997253417969,5,0,5,1975-08-25,1975-08-29,0,True,False
1975-09-05,86.879997253417969,87.419998168945312,84.620002746582031,85.620002746582031,4,0,4,1975-09-02,1975-09-05,0,True,False
1975-09-12,85.620002746582031,86.730003356933594,82.839996337890625,83.300003051757812,5,0,5,1975-09-08,1975-09-12,0,True,False
1975-09-19,83.300003051757812,86.389999389648438,81.569999694824219,85.879997253417969,5,0,5,1975-09-15,1975-09-19,0,True,False
1975-09-26,85.879997253417969,86.860000610351562,83.800003051757812,86.19000244140625,5,0,5,1975-09-22,1975-09-26,0,True,False
1975-10-03,86.19000244140625,86.379997253417969,82.569999694824219,85.949996948242188,5,0,5,1975-09-29,1975-10-03,0,True,False
1975-10-10,85.980003356933594,89.419998168945312,85.55999755859375,88.209999084472656,5,0,5,1975-10-06,1975-10-10,0,True,False
1975-10-17,88.209999084472656,90.800003051757812,87.730003356933594,88.860000610351562,5,0,5,1975-10-13,1975-10-17,0,True,False
1975-10-24,88.860000610351562,91.75,88.430000305175781,89.830001831054688,5,0,5,1975-10-20,1975-10-24,0,True,False
1975-10-31,89.830001831054688,91.010002136230469,88.349998474121094,89.040000915527344,5,0,5,1975-10-27,1975-10-31,0,True,False
1975-11-07,89.040000915527344,90.180000305175781,87.629997253417969,89.330001831054688,5,0,5,1975-11-03,1975-11-07,0,True,False
1975-11-14,89.330001831054688,92.330001831054688,88.349998474121094,90.970001220703125,5,0,5,1975-11-10,1975-11-14,0,True,False
1975-11-21,90.970001220703125,92.300003051757812,88.790000915527344,89.529998779296875,5,0,5,1975-11-17,1975-11-21,0,True,False
1975-11-28,89.529998779296875,91.739997863769531,88.650001525878906,91.239997863769531,4,0,4,1975-11-24,1975-11-28,0,True,False
1975-12-05,91.239997863769531,91.900001525878906,86.540000915527344,86.819999694824219,5,0,5,1975-12-01,1975-12-05,0,True,False
1975-12-12,86.819999694824219,88.790000915527344,86.150001525878906,87.830001831054688,5,0,5,1975-12-08,1975-12-12,0,True,False
1975-12-19,87.830001831054688,90.089996337890625,87.319999694824219,88.800003051757812,5,0,5,1975-12-15,1975-12-19,0,True,False
1975-12-26,88.800003051757812,90.449996948242188,87.639999389648438,90.25,4,0,4,1975-12-22,1975-12-26,0,True,False
1976-01-02,90.25,91.180000305175781,89.169998168945312,90.900001525878906,4,0,4,1975-12-29,1976-01-02,0,True,False
1976-01-09,90.900001525878906,95.709999084472656,90.849998474121094,94.949996948242188,5,0,5,1976-01-05,1976-01-09,0,True,False
1976-01-16,94.949996948242188,98.339996337890625,94.379997253417969,97,5,0,5,1976-01-12,1976-01-16,0,True,False
1976-01-23,97,99.879997253417969,96.360000610351562,99.209999084472656,5,0,5,1976-01-19,1976-01-23,0,True,False
1976-01-30,99.209999084472656,101.98999786376953,97.660003662109375,100.86000061035156,5,0,5,1976-01-26,1976-01-30,0,True,False
1976-02-06,100.86000061035156,102.56999969482422,98.639999389648438,99.459999084472656,5,0,5,1976-02-02,1976-02-06,0,True,False
1976-02-13,99.459999084472656,101.80000305175781,98.769996643066406,99.669998168945312,5,0,5,1976-02-09,1976-02-13,0,True,False
1976-02-20,99.669998168945312,103.06999969482422,98.5,102.09999847412109,4,0,4,1976-02-17,1976-02-20,0,True,False
1976-02-27,102.09999847412109,102.91999816894531,98.599998474121094,99.709999084472656,5,0,5,1976-02-23,1976-02-27,0,True,False
1976-03-05,99.709999084472656,101.26000213623047,98.230003356933594,99.110000610351562,5,0,5,1976-03-01,1976-03-05,0,True,False
1976-03-12,99.110000610351562,102.45999908447266,98.930000305175781,100.86000061035156,5,0,5,1976-03-08,1976-03-12,0,True,False
1976-03-19,100.86000061035156,102.01000213623047,99.239997863769531,100.58000183105469,5,0,5,1976-03-15,1976-03-19,0,True,False
1976-03-26,100.58000183105469,104.38999938964844,100.13999938964844,102.84999847412109,5,0,5,1976-03-22,1976-03-26,0,True,False
1976-04-02,102.84999847412109,103.36000061035156,101.23000335693359,102.25,5,0,5,1976-03-29,1976-04-02,0,True,False
1976-04-09,102.31999969482422,104.62999725341797,99.870002746582031,100.34999847412109,5,0,5,1976-04-05,1976-04-09,0,True,False
1976-04-16,100.34999847412109,101.76999664306641,99.569999694824219,100.66999816894531,4,0,4,1976-04-12,1976-04-15,0,True,False
1976-04-23,100.66999816894531,104.04000091552734,100.31999969482422,102.29000091552734,5,0,5,1976-04-19,1976-04-23,0,True,False
1976-04-30,102.29000091552734,103.18000030517578,100.91000366210938,101.63999938964844,5,0,5,1976-04-26,1976-04-30,0,True,False
1976-05-07,101.63999938964844,102.26999664306641,100.13999938964844,101.87999725341797,5,0,5,1976-05-03,1976-05-07,0,True,False
1976-05-14,101.87999725341797,103.98999786376953,100.81999969482422,101.33999633789062,5,0,5,1976-05-10,1976-05-14,0,True,False
1976-05-21,101.33999633789062,102.52999877929688,100.41000366210938,101.26000213623047,5,0,5,1976-05-17,1976-05-21,0,True,False
1976-05-28,101.06999969482422,101.06999969482422,98.260002136230469,100.18000030517578,5,0,5,1976-05-24,1976-05-28,0,True,False
1976-06-04,100.18000030517578,101.09999847412109,98.790000915527344,99.150001525878906,4,0,4,1976-06-01,1976-06-04,0,True,False
1976-06-11,99.150001525878906,101.22000122070312,97.970001220703125,100.91999816894531,5,0,5,1976-06-07,1976-06-11,0,True,False
1976-06-18,101,104.80000305175781,100.83999633789062,103.76000213623047,5,0,5,1976-06-14,1976-06-18,0,True,False
1976-06-25,103.76000213623047,104.81999969482422,102.40000152587891,103.72000122070312,5,0,5,1976-06-21,1976-06-25,0,True,False
1976-07-02,103.72000122070312,105.06999969482422,102.94999694824219,104.11000061035156,5,0,5,1976-06-28,1976-07-02,0,True,False
1976-07-09,104.11000061035156,105.41000366210938,102.80000305175781,104.98000335693359,4,0,4,1976-07-06,1976-07-09,0,True,False
1976-07-16,104.98000335693359,106.77999877929688,103.87000274658203,104.68000030517578,5,0,5,1976-07-12,1976-07-16,0,True,False
1976-07-23,104.68000030517578,105.31999969482422,103.05000305175781,104.05999755859375,5,0,5,1976-07-19,1976-07-23,0,True,False
1976-07-30,104.05999755859375,104.69000244140625,102.30999755859375,103.44000244140625,5,0,5,1976-07-26,1976-07-30,0,True,False
1976-08-06,103.44000244140625,105.18000030517578,102.63999938964844,103.79000091552734,5,0,5,1976-08-02,1976-08-06,0,True,False
1976-08-13,103.79000091552734,105.23999786376953,103.01000213623047,104.25,5,0,5,1976-08-09,1976-08-13,0,True,False
1976-08-20,104.25,105.41000366210938,101.95999908447266,102.37000274658203,5,0,5,1976-08-16,1976-08-20,0,True,False
1976-08-27,102.37000274658203,102.65000152587891,100.43000030517578,101.48000335693359,5,0,5,1976-08-23,1976-08-27,0,True,False
1976-09-03,101.48000335693359,104.83999633789062,101.22000122070312,104.30000305175781,5,0,5,1976-08-30,1976-09-03,0,True,False
1976-09-10,104.30000305175781,105.73000335693359,103.79000091552734,104.65000152587891,4,0,4,1976-09-07,1976-09-10,0,True,False
1976-09-17,104.65000152587891,106.80999755859375,103.27999877929688,106.26999664306641,5,0,5,1976-09-13,1976-09-17,0,True,False
1976-09-24,106.26999664306641,108.72000122070312,105.73999786376953,106.80000305175781,5,0,5,1976-09-20,1976-09-24,0,True,False
1976-10-01,106.80000305175781,107.69999694824219,103.59999847412109,104.16999816894531,5,0,5,1976-09-27,1976-10-01,0,True,False
1976-10-08,104.16999816894531,104.62000274658203,102.05000305175781,102.55999755859375,5,0,5,1976-10-04,1976-10-08,0,True,False
1976-10-15,102.48000335693359,102.48000335693359,100.01999664306641,100.87999725341797,5,0,5,1976-10-11,1976-10-15,0,True,False
1976-10-22,100.87999725341797,102.31999969482422,99.239997863769531,99.959999084472656,5,0,5,1976-10-18,1976-10-22,0,True,False
1976-10-29,99.959999084472656,103.09999847412109,99.209999084472656,102.90000152587891,5,0,5,1976-10-25,1976-10-29,0,True,False
1976-11-05,102.90000152587891,103.77999877929688,100.48000335693359,100.81999969482422,4,0,4,1976-11-01,1976-11-05,0,True,False
1976-11-12,100.62000274658203,100.62000274658203,98.180000305175781,99.239997863769531,5,0,5,1976-11-08,1976-11-12,0,True,False
1976-11-19,99.239997863769531,102.76999664306641,98.529998779296875,101.91999816894531,5,0,5,1976-11-15,1976-11-19,0,True,False
1976-11-26,101.91999816894531,103.51000213623047,101.41000366210938,103.15000152587891,4,0,4,1976-11-22,1976-11-26,0,True,False
1976-12-03,103.15000152587891,103.45999908447266,101.45999908447266,102.76000213623047,5,0,5,1976-11-29,1976-12-03,0,True,False
1976-12-10,102.76000213623047,105.36000061035156,102.52999877929688,104.69999694824219,5,0,5,1976-12-06,1976-12-10,0,True,False
1976-12-17,104.69999694824219,105.88999938964844,103.80000305175781,104.26000213623047,5,0,5,1976-12-13,1976-12-17,0,True,False
1976-12-24,104.26000213623047,105.58999633789062,102.98999786376953,104.83999633789062,4,0,4,1976-12-20,1976-12-23,0,True,False
1976-12-31,104.83999633789062,107.81999969482422,104.58000183105469,107.45999908447266,5,0,5,1976-12-27,1976-12-31,0,True,False
1977-01-07,107.45999908447266,107.97000122070312,104.30000305175781,105.01000213623047,5,0,5,1977-01-03,1977-01-07,0,True,False
1977-01-14,105.01000213623047,105.75,102.75,104.01000213623047,5,0,5,1977-01-10,1977-01-14,0,True,False
1977-01-21,104.01000213623047,104.44999694824219,102.34999847412109,103.31999969482422,5,0,5,1977-01-17,1977-01-21,0,True,False
1977-01-28,103.31999969482422,104.08000183105469,101.08000183105469,101.93000030517578,5,0,5,1977-01-24,1977-01-28,0,True,False
1977-02-04,101.93000030517578,103.31999969482422,100.91000366210938,101.87999725341797,5,0,5,1977-01-31,1977-02-04,0,True,False
1977-02-11,101.87999725341797,102.65000152587891,99.739997863769531,100.22000122070312,5,0,5,1977-02-07,1977-02-11,0,True,False
1977-02-18,100.22000122070312,102.22000122070312,99.510002136230469,100.48999786376953,5,0,5,1977-02-14,1977-02-18,0,True,False
1977-02-25,100.48999786376953,101.22000122070312,98.819999694824219,99.480003356933594,4,0,4,1977-02-22,1977-02-25,0,True,False
1977-03-04,99.480003356933594,101.66999816894531,98.910003662109375,101.19999694824219,5,0,5,1977-02-28,1977-03-04,0,True,False
1977-03-11,101.19999694824219,101.84999847412109,99.489997863769531,100.65000152587891,5,0,5,1977-03-07,1977-03-11,0,True,False
1977-03-18,100.65000152587891,102.69999694824219,100.23999786376953,101.86000061035156,5,0,5,1977-03-14,1977-03-18,0,True,False
1977-03-25,101.86000061035156,102.12999725341797,98.709999084472656,99.05999755859375,5,0,5,1977-03-21,1977-03-25,0,True,False
1977-04-01,99.05999755859375,100.12000274658203,97.800003051757812,99.209999084472656,5,0,5,1977-03-28,1977-04-01,0,True,False
1977-04-08,99.209999084472656,99.5,97.430000305175781,98.349998474121094,4,0,4,1977-04-04,1977-04-07,0,True,False
1977-04-15,98.349998474121094,102.06999969482422,98.080001831054688,101.04000091552734,5,0,5,1977-04-11,1977-04-15,0,True,False
1977-04-22,101.04000091552734,101.36000061035156,98.080001831054688,98.44000244140625,5,0,5,1977-04-18,1977-04-22,0,True,False
1977-04-29,98.319999694824219,98.870002746582031,96.529998779296875,98.44000244140625,5,0,5,1977-04-25,1977-04-29,0,True,False
1977-05-06,98.44000244140625,100.79000091552734,97.970001220703125,99.489997863769531,5,0,5,1977-05-02,1977-05-06,0,True,False
1977-05-13,99.489997863769531,100.08999633789062,97.910003662109375,99.029998779296875,5,0,5,1977-05-09,1977-05-13,0,True,False
1977-05-20,99.029998779296875,100.93000030517578,98.760002136230469,99.449996948242188,5,0,5,1977-05-16,1977-05-20,0,True,False
1977-05-27,99.349998474121094,99.349998474121094,95.919998168945312,96.269996643066406,5,0,5,1977-05-23,1977-05-27,0,True,False
1977-06-03,96.269996643066406,98.120002746582031,95.519996643066406,97.69000244140625,4,0,4,1977-05-31,1977-06-03,0,True,False
1977-06-10,97.69000244140625,98.860000610351562,96.599998474121094,98.459999084472656,5,0,5,1977-06-06,1977-06-10,0,True,False
1977-06-17,98.459999084472656,100.47000122070312,98.05999755859375,99.970001220703125,5,0,5,1977-06-13,1977-06-17,0,True,False
1977-06-24,99.970001220703125,101.65000152587891,99.55999755859375,101.19000244140625,5,0,5,1977-06-20,1977-06-24,0,True,False
1977-07-01,101.19000244140625,101.62999725341797,99.300003051757812,100.09999847412109,5,0,5,1977-06-27,1977-07-01,0,True,False
1977-07-08,100.09999847412109,100.72000122070312,99.120002746582031,99.790000915527344,4,0,4,1977-07-05,1977-07-08,0,True,False
1977-07-15,99.790000915527344,100.68000030517578,98.80999755859375,100.18000030517578,4,0,4,1977-07-11,1977-07-15,0,True,False
1977-07-22,100.18000030517578,102.56999969482422,99.94000244140625,101.66999816894531,5,0,5,1977-07-18,1977-07-22,0,True,False
1977-07-29,101.66999816894531,101.84999847412109,97.709999084472656,98.849998474121094,5,0,5,1977-07-25,1977-07-29,0,True,False
1977-08-05,98.849998474121094,99.839996337890625,97.529998779296875,98.760002136230469,5,0,5,1977-08-01,1977-08-05,0,True,False
1977-08-12,98.760002136230469,99.449996948242188,97.30999755859375,97.879997253417969,5,0,5,1977-08-08,1977-08-12,0,True,False
1977-08-19,97.879997253417969,98.69000244140625,96.779998779296875,97.510002136230469,5,0,5,1977-08-15,1977-08-19,0,True,False
1977-08-26,97.510002136230469,98.519996643066406,95.040000915527344,96.05999755859375,5,0,5,1977-08-22,1977-08-26,0,True,False
1977-09-02,96.05999755859375,97.760002136230469,95.589996337890625,97.449996948242188,5,0,5,1977-08-29,1977-09-02,0,True,False
1977-09-09,97.449996948242188,98.430000305175781,95.970001220703125,96.370002746582031,4,0,4,1977-09-06,1977-09-09,0,True,False
1977-09-16,96.370002746582031,97.30999755859375,95.370002746582031,96.480003356933594,5,0,5,1977-09-12,1977-09-16,0,True,False
1977-09-23,96.480003356933594,96.589996337890625,94.510002136230469,95.040000915527344,5,0,5,1977-09-19,1977-09-23,0,True,False
1977-09-30,95.040000915527344,96.849998474121094,94.44000244140625,96.529998779296875,5,0,5,1977-09-26,1977-09-30,0,True,False
1977-10-07,96.529998779296875,97.269996643066406,95.199996948242188,95.970001220703125,5,0,5,1977-10-03,1977-10-07,0,True,False
1977-10-14,95.970001220703125,96.150001525878906,92.879997253417969,93.55999755859375,5,0,5,1977-10-10,1977-10-14,0,True,False
1977-10-21,93.55999755859375,94.19000244140625,91.599998474121094,92.319999694824219,5,0,5,1977-10-17,1977-10-21,0,True,False
1977-10-28,92.319999694824219,93.150001525878906,90.199996948242188,92.610000610351562,5,0,5,1977-10-24,1977-10-28,0,True,False
1977-11-04,92.610000610351562,93.029998779296875,90.010002136230469,91.580001831054688,5,0,5,1977-10-31,1977-11-04,0,True,False
1977-11-11,91.580001831054688,96.489997863769531,91.319999694824219,95.980003356933594,5,0,5,1977-11-07,1977-11-11,0,True,False
1977-11-18,95.980003356933594,96.470001220703125,94.589996337890625,95.330001831054688,5,0,5,1977-11-14,1977-11-18,0,True,False
1977-11-25,95.330001831054688,97.110000610351562,94.589996337890625,96.69000244140625,4,0,4,1977-11-21,1977-11-25,0,True,False
1977-12-02,96.69000244140625,96.980003356933594,93.779998779296875,94.669998168945312,5,0,5,1977-11-28,1977-12-02,0,True,False
1977-12-09,94.669998168945312,95.010002136230469,92.150001525878906,93.650001525878906,5,0,5,1977-12-05,1977-12-09,0,True,False
1977-12-16,93.650001525878906,94.419998168945312,92.900001525878906,93.400001525878906,5,0,5,1977-12-12,1977-12-16,0,True,False
1977-12-23,93.400001525878906,94.989997863769531,91.760002136230469,94.69000244140625,5,0,5,1977-12-19,1977-12-23,0,True,False
1977-12-30,94.69000244140625,95.669998168945312,93.989997863769531,95.099998474121094,4,0,4,1977-12-27,1977-12-30,0,True,False
1978-01-06,95.099998474121094,95.150001525878906,91.050003051757812,91.620002746582031,4,0,4,1978-01-03,1978-01-06,0,True,False
1978-01-13,91.480003356933594,91.480003356933594,89.230003356933594,89.69000244140625,5,0,5,1978-01-09,1978-01-13,0,True,False
1978-01-20,89.69000244140625,91.040000915527344,88.879997253417969,89.889999389648438,5,0,5,1978-01-16,1978-01-20,0,True,False
1978-01-27,89.889999389648438,90.080001831054688,88.019996643066406,88.580001831054688,5,0,5,1978-01-23,1978-01-27,0,True,False
1978-02-03,88.580001831054688,90.910003662109375,88.260002136230469,89.620002746582031,5,0,5,1978-01-30,1978-02-03,0,True,False
1978-02-10,89.620002746582031,91.319999694824219,88.949996948242188,90.080001831054688,5,0,5,1978-02-06,1978-02-10,0,True,False
1978-02-17,90.080001831054688,90.300003051757812,87.550003051757812,87.959999084472656,5,0,5,1978-02-13,1978-02-17,0,True,False
1978-02-24,87.959999084472656,88.870002746582031,86.830001831054688,88.489997863769531,4,0,4,1978-02-21,1978-02-24,0,True,False
1978-03-03,88.489997863769531,88.970001220703125,86.449996948242188,87.449996948242188,5,0,5,1978-02-27,1978-03-03,0,True,False
1978-03-10,87.449996948242188,89.25,86.480003356933594,88.879997253417969,5,0,5,1978-03-06,1978-03-10,0,True,False
1978-03-17,88.879997253417969,90.519996643066406,88.209999084472656,90.199996948242188,5,0,5,1978-03-13,1978-03-17,0,True,False
1978-03-24,90.199996948242188,91.349998474121094,88.830001831054688,89.360000610351562,4,0,4,1978-03-20,1978-03-23,0,True,False
1978-03-31,89.360000610351562,90.169998168945312,88.470001220703125,89.209999084472656,5,0,5,1978-03-27,1978-03-31,0,True,False
1978-04-07,89.199996948242188,90.589996337890625,88.069999694824219,90.169998168945312,5,0,5,1978-04-03,1978-04-07,0,True,False
1978-04-14,90.169998168945312,93.30999755859375,89.650001525878906,92.919998168945312,5,0,5,1978-04-10,1978-04-14,0,True,False
1978-04-21,93.599998474121094,95.889999389648438,92.75,94.339996337890625,5,0,5,1978-04-17,1978-04-21,0,True,False
1978-04-28,94.339996337890625,97.910003662109375,94.080001831054688,96.830001831054688,5,0,5,1978-04-24,1978-04-28,0,True,False
1978-05-05,96.830001831054688,98.300003051757812,94.569999694824219,96.529998779296875,5,0,5,1978-05-01,1978-05-05,0,True,False
1978-05-12,96.529998779296875,98.889999389648438,95.330001831054688,98.069999694824219,5,0,5,1978-05-08,1978-05-12,0,True,False
1978-05-19,98.069999694824219,100.31999969482422,97.400001525878906,98.120002746582031,5,0,5,1978-05-15,1978-05-19,0,True,False
1978-05-26,98.120002746582031,99.430000305175781,96.010002136230469,96.580001831054688,5,0,5,1978-05-22,1978-05-26,0,True,False
1978-06-02,96.580001831054688,98.519996643066406,95.949996948242188,98.139999389648438,4,0,4,1978-05-30,1978-06-02,0,True,False
1978-06-09,98.139999389648438,101.83999633789062,97.970001220703125,99.930000305175781,5,0,5,1978-06-05,1978-06-09,0,True,False
1978-06-16,99.930000305175781,100.68000030517578,97.099998474121094,97.419998168945312,5,0,5,1978-06-12,1978-06-16,0,True,False
1978-06-23,97.419998168945312,97.94000244140625,95.419998168945312,95.849998474121094,5,0,5,1978-06-19,1978-06-23,0,True,False
1978-06-30,95.849998474121094,96.260002136230469,93.989997863769531,95.529998779296875,5,0,5,1978-06-26,1978-06-30,0,True,False
1978-07-07,95.529998779296875,95.650001525878906,93.589996337890625,94.889999389648438,4,0,4,1978-07-03,1978-07-07,0,True,False
1978-07-14,94.889999389648438,97.879997253417969,94.279998779296875,97.580001831054688,5,0,5,1978-07-10,1978-07-14,0,True,False
1978-07-21,97.580001831054688,99.180000305175781,96.519996643066406,97.75,5,0,5,1978-07-17,1978-07-21,0,True,False
1978-07-28,97.75,100.51000213623047,96.720001220703125,100,5,0,5,1978-07-24,1978-07-28,0,True,False
1978-08-04,100,105.41000366210938,99.370002746582031,103.91999816894531,5,0,5,1978-07-31,1978-08-04,0,True,False
1978-08-11,103.91999816894531,105.72000122070312,102.59999847412109,103.95999908447266,5,0,5,1978-08-07,1978-08-11,0,True,False
1978-08-18,103.95999908447266,106.26999664306641,102.86000061035156,104.73000335693359,5,0,5,1978-08-14,1978-08-18,0,True,False
1978-08-25,104.73000335693359,105.86000061035156,103.13999938964844,104.90000152587891,5,0,5,1978-08-21,1978-08-25,0,True,False
1978-09-01,104.90000152587891,105.13999938964844,102.62999725341797,103.68000030517578,5,0,5,1978-08-28,1978-09-01,0,True,False
1978-09-08,103.68000030517578,107.19000244140625,103.30999755859375,106.79000091552734,4,0,4,1978-09-05,1978-09-08,0,True,False
1978-09-15,106.79000091552734,108.05000305175781,103.55999755859375,104.12000274658203,5,0,5,1978-09-11,1978-09-15,0,True,False
1978-09-22,104.12000274658203,105.02999877929688,100.66000366210938,101.83999633789062,5,0,5,1978-09-18,1978-09-22,0,True,False
1978-09-29,101.83999633789062,103.44000244140625,100.94000244140625,102.54000091552734,5,0,5,1978-09-25,1978-09-29,0,True,False
1978-10-06,102.54000091552734,104.23000335693359,101.76000213623047,103.51999664306641,5,0,5,1978-10-02,1978-10-06,0,True,False
1978-10-13,103.51999664306641,106.23000335693359,103.30999755859375,104.66000366210938,5,0,5,1978-10-09,1978-10-13,0,True,False
1978-10-20,104.62999725341797,104.62999725341797,97.120002746582031,97.949996948242188,5,0,5,1978-10-16,1978-10-20,0,True,False
1978-10-27,97.949996948242188,98.949996948242188,94.300003051757812,94.589996337890625,5,0,5,1978-10-23,1978-10-27,0,True,False
1978-11-03,94.589996337890625,97.410003662109375,91.650001525878906,96.180000305175781,5,0,5,1978-10-30,1978-11-03,0,True,False
1978-11-10,96.180000305175781,96.489997863769531,92.889999389648438,94.769996643066406,5,0,5,1978-11-06,1978-11-10,0,True,False
1978-11-17,94.769996643066406,95.029998779296875,91.769996643066406,94.419998168945312,5,0,5,1978-11-13,1978-11-17,0,True,False
1978-11-24,94.419998168945312,96.169998168945312,94.290000915527344,95.790000915527344,4,0,4,1978-11-20,1978-11-24,0,True,False
1978-12-01,95.790000915527344,96.69000244140625,93.290000915527344,96.279998779296875,5,0,5,1978-11-27,1978-12-01,0,True,False
1978-12-08,96.279998779296875,98.580001831054688,95.370002746582031,96.629997253417969,5,0,5,1978-12-04,1978-12-08,0,True,False
1978-12-15,96.629997253417969,97.580001831054688,94.879997253417969,95.330001831054688,5,0,5,1978-12-11,1978-12-15,0,True,False
1978-12-22,94.330001831054688,96.620002746582031,92.639999389648438,96.30999755859375,5,0,5,1978-12-18,1978-12-22,0,True,False
1978-12-29,96.30999755859375,97.889999389648438,95.480003356933594,96.110000610351562,4,0,4,1978-12-26,1978-12-29,0,True,False
1979-01-05,96.110000610351562,99.790000915527344,95.220001220703125,99.129997253417969,4,0,4,1979-01-02,1979-01-05,0,True,False
1979-01-12,99.129997253417969,100.91000366210938,97.830001831054688,99.930000305175781,5,0,5,1979-01-08,1979-01-12,0,True,False
1979-01-19,99.930000305175781,101.12999725341797,98.330001831054688,99.75,5,0,5,1979-01-15,1979-01-19,0,True,False
1979-01-26,99.75,102.58999633789062,98.900001525878906,101.86000061035156,5,0,5,1979-01-22,1979-01-26,0,True,False
1979-02-02,101.86000061035156,102.33000183105469,99.010002136230469,99.5,5,0,5,1979-01-29,1979-02-02,0,True,False
1979-02-09,99.069999694824219,99.069999694824219,96.510002136230469,97.870002746582031,5,0,5,1979-02-05,1979-02-09,0,True,False
1979-02-16,97.870002746582031,99.639999389648438,97.050003051757812,98.669998168945312,5,0,5,1979-02-12,1979-02-16,0,True,False
1979-02-23,98.669998168945312,100.06999969482422,97.290000915527344,97.779998779296875,4,0,4,1979-02-20,1979-02-23,0,True,False
1979-03-02,97.779998779296875,98.279998779296875,95.379997253417969,96.970001220703125,5,0,5,1979-02-26,1979-03-02,0,True,False
1979-03-09,97.029998779296875,100.58000183105469,97.029998779296875,99.540000915527344,5,0,5,1979-03-05,1979-03-09,0,True,False
1979-03-16,99.540000915527344,101.16000366210938,98.55999755859375,100.69000244140625,5,0,5,1979-03-12,1979-03-16,0,True,False
1979-03-23,100.69000244140625,102.41000366210938,99.870002746582031,101.59999847412109,5,0,5,1979-03-19,1979-03-23,0,True,False
1979-03-30,101.59999847412109,103.30999755859375,100.59999847412109,101.58999633789062,5,0,5,1979-03-26,1979-03-30,0,True,False
1979-04-06,101.55999755859375,103.94999694824219,100.13999938964844,103.18000030517578,5,0,5,1979-04-02,1979-04-06,0,True,False
1979-04-13,103.18000030517578,103.83000183105469,101.51000213623047,102,4,0,4,1979-04-09,1979-04-12,0,True,False
1979-04-20,102,102.40000152587891,100.45999908447266,101.23000335693359,5,0,5,1979-04-16,1979-04-20,0,True,False
1979-04-27,101.23000335693359,103.06999969482422,100.68000030517578,101.80000305175781,5,0,5,1979-04-23,1979-04-27,0,True,False
1979-05-04,101.80000305175781,102.56999969482422,100.41999816894531,100.69000244140625,5,0,5,1979-04-30,1979-05-04,0,True,False
1979-05-11,100.37000274658203,100.37000274658203,97.919998168945312,98.519996643066406,5,0,5,1979-05-07,1979-05-11,0,True,False
1979-05-18,98.519996643066406,100.73000335693359,97.489997863769531,99.930000305175781,5,0,5,1979-05-14,1979-05-18,0,True,False
1979-05-25,99.930000305175781,101.30999755859375,99.139999389648438,100.22000122070312,5,0,5,1979-05-21,1979-05-25,0,True,False
1979-06-01,100.22000122070312,100.76000213623047,98.290000915527344,99.169998168945312,4,0,4,1979-05-29,1979-06-01,0,True,False
1979-06-08,99.169998168945312,102.54000091552734,98.610000610351562,101.48999786376953,5,0,5,1979-06-04,1979-06-08,0,True,False
1979-06-15,101.48999786376953,103.63999938964844,100.91000366210938,102.08999633789062,5,0,5,1979-06-11,1979-06-15,0,True,False
1979-06-22,102.08999633789062,103.16000366210938,100.91000366210938,102.63999938964844,5,0,5,1979-06-18,1979-06-22,0,True,False
1979-06-29,102.63999938964844,103.66999816894531,101.22000122070312,102.91000366210938,5,0,5,1979-06-25,1979-06-29,0,True,False
1979-07-06,102.91000366210938,103.91000366210938,101.30999755859375,103.62000274658203,4,0,4,1979-07-02,1979-07-06,0,True,False
1979-07-13,103.62000274658203,105.16999816894531,101.48999786376953,102.31999969482422,5,0,5,1979-07-09,1979-07-13,0,True,False
1979-07-20,102.31999969482422,103.19999694824219,100.34999847412109,101.81999969482422,5,0,5,1979-07-16,1979-07-20,0,True,False
1979-07-27,101.81999969482422,103.62999725341797,100.83999633789062,103.09999847412109,5,0,5,1979-07-23,1979-07-27,0,True,False
1979-08-03,103.09999847412109,105.01999664306641,102.41999816894531,104.04000091552734,5,0,5,1979-07-30,1979-08-03,0,True,False
1979-08-10,104.04000091552734,106.83999633789062,103.26999664306641,106.40000152587891,5,0,5,1979-08-06,1979-08-10,0,True,False
1979-08-17,106.40000152587891,109.18000030517578,106.27999877929688,108.30000305175781,5,0,5,1979-08-13,1979-08-17,0,True,False
1979-08-24,108.30000305175781,109.68000030517578,107.65000152587891,108.59999847412109,5,0,5,1979-08-20,1979-08-24,0,True,False
1979-08-31,108.59999847412109,109.83999633789062,108.12000274658203,109.31999969482422,5,0,5,1979-08-27,1979-08-31,0,True,False
1979-09-07,109.31999969482422,109.41000366210938,105.37999725341797,107.66000366210938,4,0,4,1979-09-04,1979-09-07,0,True,False
1979-09-14,107.66000366210938,109.48000335693359,106.72000122070312,108.76000213623047,5,0,5,1979-09-10,1979-09-14,0,True,False
1979-09-21,108.76000213623047,111.58000183105469,107.31999969482422,110.47000122070312,5,0,5,1979-09-17,1979-09-21,0,True,False
1979-09-28,110.47000122070312,111.25,108.26999664306641,109.31999969482422,5,0,5,1979-09-24,1979-09-28,0,True,False
1979-10-05,109.19000244140625,112.16000366210938,107.69999694824219,111.26999664306641,5,0,5,1979-10-01,1979-10-05,0,True,False
1979-10-12,111.26999664306641,111.83000183105469,102.30999755859375,104.48999786376953,5,0,5,1979-10-08,1979-10-12,0,True,False
1979-10-19,104.48999786376953,104.73999786376953,101.23999786376953,101.59999847412109,5,0,5,1979-10-15,1979-10-19,0,True,False
1979-10-26,101.37999725341797,101.44999694824219,99.05999755859375,100.56999969482422,5,0,5,1979-10-22,1979-10-26,0,True,False
1979-11-02,100.56999969482422,103.20999908447266,100.12999725341797,102.51000213623047,5,0,5,1979-10-29,1979-11-02,0,True,False
1979-11-09,102.51000213623047,102.66000366210938,99.419998168945312,101.51000213623047,5,0,5,1979-11-05,1979-11-09,0,True,False
1979-11-16,101.51000213623047,104.94000244140625,101.26999664306641,103.79000091552734,5,0,5,1979-11-12,1979-11-16,0,True,False
1979-11-23,103.79000091552734,105.12999725341797,102.04000091552734,104.66999816894531,4,0,4,1979-11-19,1979-11-23,0,True,False
1979-11-30,104.83000183105469,107.88999938964844,104.83000183105469,106.16000366210938,5,0,5,1979-11-26,1979-11-30,0,True,False
1979-12-07,106.16000366210938,109.23999786376953,105.06999969482422,107.51999664306641,5,0,5,1979-12-03,1979-12-07,0,True,False
1979-12-14,107.51999664306641,109.48999786376953,106.65000152587891,108.91999816894531,5,0,5,1979-12-10,1979-12-14,0,True,False
1979-12-21,108.91999816894531,110.33000183105469,106.98999786376953,107.58999633789062,5,0,5,1979-12-17,1979-12-21,0,True,False
1979-12-28,107.58999633789062,108.61000061035156,106.80000305175781,107.83999633789062,4,0,4,1979-12-24,1979-12-28,0,True,False
1980-01-04,107.83999633789062,108.52999877929688,103.26000213623047,106.51999664306641,4,0,4,1979-12-31,1980-01-04,0,True,False
1980-01-11,106.51999664306641,111.16000366210938,105.80000305175781,109.91999816894531,5,0,5,1980-01-07,1980-01-11,0,True,False
1980-01-18,109.91999816894531,112.90000152587891,109.33999633789062,111.06999969482422,5,0,5,1980-01-14,1980-01-18,0,True,False
1980-01-25,111.06999969482422,115.26999664306641,110.66000366210938,113.61000061035156,5,0,5,1980-01-21,1980-01-25,0,True,False
1980-02-01,113.61000061035156,117.16999816894531,112.93000030517578,115.12000274658203,5,0,5,1980-01-28,1980-02-01,0,True,False
1980-02-08,115.12000274658203,118.66000366210938,112.15000152587891,117.94999694824219,5,0,5,1980-02-04,1980-02-08,0,True,False
1980-02-15,117.94999694824219,120.22000122070312,114.12000274658203,115.41000366210938,5,0,5,1980-02-11,1980-02-15,0,True,False
1980-02-22,115.41000366210938,117.90000152587891,113.34999847412109,115.04000091552734,4,0,4,1980-02-19,1980-02-22,0,True,False
1980-02-29,114.93000030517578,115.12000274658203,111.33000183105469,113.66000366210938,5,0,5,1980-02-25,1980-02-29,0,True,False
1980-03-07,113.66000366210938,114.33999633789062,105.98999786376953,106.90000152587891,5,0,5,1980-03-03,1980-03-07,0,True,False
1980-03-14,106.90000152587891,108.54000091552734,104.01000213623047,105.43000030517578,5,0,5,1980-03-10,1980-03-14,0,True,False
1980-03-21,105.23000335693359,105.72000122070312,101.13999938964844,102.30999755859375,5,0,5,1980-03-17,1980-03-21,0,True,False
1980-03-28,102.18000030517578,102.18000030517578,94.230003356933594,100.68000030517578,5,0,5,1980-03-24,1980-03-28,0,True,False
1980-04-04,100.68000030517578,103.87000274658203,100.01999664306641,102.15000152587891,4,0,4,1980-03-31,1980-04-03,0,True,False
1980-04-11,102.15000152587891,105.15000152587891,99.230003356933594,103.79000091552734,5,0,5,1980-04-07,1980-04-11,0,True,False
1980-04-18,103.79000091552734,104.41999816894531,99.970001220703125,100.55000305175781,5,0,5,1980-04-14,1980-04-18,0,True,False
1980-04-25,100.55000305175781,105.56999969482422,98.949996948242188,105.16000366210938,5,0,5,1980-04-21,1980-04-25,0,True,False
1980-05-02,105.16000366210938,106.86000061035156,104.5,105.58000183105469,5,0,5,1980-04-28,1980-05-02,0,True,False
1980-05-09,105.58000183105469,108.12000274658203,104.18000030517578,104.72000122070312,5,0,5,1980-05-05,1980-05-09,0,True,False
1980-05-16,104.72000122070312,107.98999786376953,103.5,107.34999847412109,5,0,5,1980-05-12,1980-05-16,0,True,False
1980-05-23,107.34999847412109,111.37000274658203,106.51000213623047,110.62000274658203,5,0,5,1980-05-19,1980-05-23,0,True,False
1980-05-30,110.62000274658203,112.72000122070312,108.87000274658203,111.23999786376953,4,0,4,1980-05-27,1980-05-30,0,True,False
1980-06-06,111.23999786376953,114.37999725341797,109.76999664306641,113.19999694824219,5,0,5,1980-06-02,1980-06-06,0,True,False
1980-06-13,113.19999694824219,117.01000213623047,112.68000030517578,115.80999755859375,5,0,5,1980-06-09,1980-06-13,0,True,False
1980-06-20,115.80999755859375,117.16000366210938,113.12000274658203,114.05999755859375,5,0,5,1980-06-16,1980-06-20,0,True,False
1980-06-27,114.05999755859375,117.98000335693359,113.34999847412109,116,5,0,5,1980-06-23,1980-06-27,0,True,False
1980-07-04,116,117.80000305175781,113.54000091552734,117.45999908447266,4,0,4,1980-06-30,1980-07-03,0,True,False
1980-07-11,117.45999908447266,119.51999664306641,116.29000091552734,117.83999633789062,5,0,5,1980-07-07,1980-07-11,0,True,False
1980-07-18,117.83999633789062,123.19000244140625,117.44999694824219,122.04000091552734,5,0,5,1980-07-14,1980-07-18,0,True,False
1980-07-25,122.04000091552734,123.90000152587891,119.94000244140625,120.77999877929688,5,0,5,1980-07-21,1980-07-25,0,True,False
1980-08-01,120.77999877929688,123.93000030517578,119.40000152587891,121.20999908447266,5,0,5,1980-07-28,1980-08-01,0,True,False
1980-08-08,121.20999908447266,125.23000335693359,119.41999816894531,123.61000061035156,5,0,5,1980-08-04,1980-08-08,0,True,False
1980-08-15,123.61000061035156,126.61000061035156,122.48999786376953,125.72000122070312,5,0,5,1980-08-11,1980-08-15,0,True,False
1980-08-22,125.27999877929688,127.77999877929688,121.91000366210938,126.01999664306641,5,0,5,1980-08-18,1980-08-22,0,True,False
1980-08-29,126.01999664306641,126.29000091552734,121.05999755859375,122.37999725341797,5,0,5,1980-08-25,1980-08-29,0,True,False
1980-09-05,122.37999725341797,127.69999694824219,121.79000091552734,124.87999725341797,4,0,4,1980-09-02,1980-09-05,0,True,False
1980-09-12,124.87999725341797,126.75,121.94000244140625,125.54000091552734,5,0,5,1980-09-08,1980-09-12,0,True,False
1980-09-19,125.54000091552734,130.3800048828125,124.08999633789062,129.25,5,0,5,1980-09-15,1980-09-19,0,True,False
1980-09-26,129.25,132.16999816894531,125.29000091552734,126.34999847412109,5,0,5,1980-09-22,1980-09-26,0,True,False
1980-10-03,125.41000366210938,130.44000244140625,122.87000274658203,129.33000183105469,5,0,5,1980-09-29,1980-10-03,0,True,False
1980-10-10,129.35000610351562,132.8800048828125,129.35000610351562,130.28999328613281,5,0,5,1980-10-06,1980-10-10,0,True,False
1980-10-17,130.28999328613281,135.8800048828125,129.3699951171875,131.52000427246094,5,0,5,1980-10-13,1980-10-17,0,True,False
1980-10-24,131.52000427246094,134.00999450683594,128.03999328613281,129.85000610351562,5,0,5,1980-10-20,1980-10-24,0,True,False
1980-10-31,129.85000610351562,129.94000244140625,125.29000091552734,127.47000122070312,5,0,5,1980-10-27,1980-10-31,0,True,False
1980-11-07,127.47000122070312,135.64999389648438,127.23000335693359,129.17999267578125,4,0,4,1980-11-03,1980-11-07,0,True,False
1980-11-14,129.17999267578125,138.96000671386719,128.19000244140625,137.14999389648438,5,0,5,1980-11-10,1980-11-14,0,True,False
1980-11-21,137.14999389648438,141.75999450683594,134.89999389648438,139.11000061035156,5,0,5,1980-11-17,1980-11-21,0,True,False
1980-11-28,139.11000061035156,141.96000671386719,136.36000061035156,140.52000427246094,4,0,4,1980-11-24,1980-11-28,0,True,False
1980-12-05,140.52000427246094,140.66000366210938,132.91000366210938,134.02999877929688,5,0,5,1980-12-01,1980-12-05,0,True,False
1980-12-12,133.19000244140625,133.19000244140625,125.31999969482422,129.22999572753906,5,0,5,1980-12-08,1980-12-12,0,True,False
1980-12-19,129.22999572753906,135.89999389648438,128.33000183105469,133.69999694824219,5,0,5,1980-12-15,1980-12-19,0,True,False
1980-12-26,133.69999694824219,137.47999572753906,132.8800048828125,136.57000732421875,4,0,4,1980-12-22,1980-12-26,0,True,False
1981-01-02,136.57000732421875,137.50999450683594,134.03999328613281,136.33999633789062,4,0,4,1980-12-29,1981-01-02,0,True,False
1981-01-09,136.33999633789062,140.32000732421875,131.71000671386719,133.47999572753906,5,0,5,1981-01-05,1981-01-09,0,True,False
1981-01-16,133.47999572753906,135.91000366210938,131.69000244140625,134.77000427246094,5,0,5,1981-01-12,1981-01-16,0,True,False
1981-01-23,134.77000427246094,135.86000061035156,129,130.22999572753906,5,0,5,1981-01-19,1981-01-23,0,True,False
1981-01-30,130.22999572753906,132.41000366210938,128.57000732421875,129.55000305175781,5,0,5,1981-01-26,1981-01-30,0,True,False
1981-02-06,129.47999572753906,131.80999755859375,125.81999969482422,130.60000610351562,5,0,5,1981-02-02,1981-02-06,0,True,False
1981-02-13,130.60000610351562,131.38999938964844,126.04000091552734,126.98000335693359,5,0,5,1981-02-09,1981-02-13,0,True,False
1981-02-20,126.98000335693359,129.25,124.66000366210938,126.58000183105469,4,0,4,1981-02-17,1981-02-20,0,True,False
1981-02-27,126.58000183105469,132.02000427246094,125.69000244140625,131.27000427246094,5,0,5,1981-02-23,1981-02-27,0,True,False
1981-03-06,131.27000427246094,132.96000671386719,128.55999755859375,129.85000610351562,5,0,5,1981-03-02,1981-03-06,0,True,False
1981-03-13,129.85000610351562,135.52999877929688,128.72000122070312,133.11000061035156,5,0,5,1981-03-09,1981-03-13,0,True,False
1981-03-20,133.11000061035156,136.08999633789062,132.10000610351562,134.08000183105469,5,0,5,1981-03-16,1981-03-20,0,True,False
1981-03-27,134.08000183105469,138.3800048828125,133.41000366210938,134.64999389648438,5,0,5,1981-03-23,1981-03-27,0,True,False
1981-04-03,134.64999389648438,137.72000122070312,133.50999450683594,135.49000549316406,5,0,5,1981-03-30,1981-04-03,0,True,False
1981-04-10,135.49000549316406,136.22999572753906,132.58999633789062,134.50999450683594,5,0,5,1981-04-06,1981-04-10,0,True,False
1981-04-17,134.50999450683594,135.82000732421875,131.58000183105469,134.69999694824219,4,0,4,1981-04-13,1981-04-16,0,True,False
1981-04-24,134.69999694824219,136.3800048828125,132.72000122070312,135.13999938964844,5,0,5,1981-04-20,1981-04-24,0,True,False
1981-05-01,135.13999938964844,136.55999755859375,131.42999267578125,132.72000122070312,5,0,5,1981-04-27,1981-05-01,0,True,False
1981-05-08,131.77999877929688,132.69000244140625,128.92999267578125,131.66000366210938,5,0,5,1981-05-04,1981-05-08,0,True,False
1981-05-15,131.66000366210938,133.21000671386719,128.77999877929688,132.16999816894531,5,0,5,1981-05-11,1981-05-15,0,True,False
1981-05-22,132.16999816894531,133.64999389648438,130.41999816894531,131.33000183105469,5,0,5,1981-05-18,1981-05-22,0,True,False
1981-05-29,131.33000183105469,134.91999816894531,130.63999938964844,132.58999633789062,4,0,4,1981-05-26,1981-05-29,0,True,False
1981-06-05,132.58999633789062,134.6199951171875,128.77000427246094,132.22000122070312,5,0,5,1981-06-01,1981-06-05,0,True,False
1981-06-12,132.22000122070312,135.08999633789062,130.94000244140625,133.49000549316406,5,0,5,1981-06-08,1981-06-12,0,True,False
1981-06-19,133.49000549316406,135.66999816894531,130.49000549316406,132.27000427246094,5,0,5,1981-06-15,1981-06-19,0,True,False
1981-06-26,132.27000427246094,134.30000305175781,131.10000610351562,132.55999755859375,5,0,5,1981-06-22,1981-06-26,0,True,False
1981-07-03,132.55999755859375,133.5,127.83999633789062,128.63999938964844,4,0,4,1981-06-29,1981-07-02,0,True,False
1981-07-10,128.63999938964844,130.42999267578125,126.38999938964844,129.3699951171875,5,0,5,1981-07-06,1981-07-10,0,True,False
1981-07-17,129.3699951171875,131.60000610351562,128.13999938964844,130.75999450683594,5,0,5,1981-07-13,1981-07-17,0,True,False
1981-07-24,130.60000610351562,130.60000610351562,125.95999908447266,128.46000671386719,5,0,5,1981-07-20,1981-07-24,0,True,False
1981-07-31,128.46000671386719,131.77999877929688,128.27999877929688,130.91999816894531,5,0,5,1981-07-27,1981-07-31,0,True,False
1981-08-07,130.91999816894531,134.03999328613281,129.41999816894531,131.75,5,0,5,1981-08-03,1981-08-07,0,True,False
1981-08-14,131.75,135.17999267578125,130.83000183105469,132.49000549316406,5,0,5,1981-08-10,1981-08-14,0,True,False
1981-08-21,132.49000549316406,133.02000427246094,128.69999694824219,129.22999572753906,5,0,5,1981-08-17,1981-08-21,0,True,False
1981-08-28,128.58999633789062,128.58999633789062,122.84999847412109,124.08000183105469,5,0,5,1981-08-24,1981-08-28,0,True,False
1981-09-04,124.08000183105469,125.58000183105469,119.23999786376953,120.06999969482422,5,0,5,1981-08-31,1981-09-04,0,True,False
1981-09-11,120.06999969482422,122.18000030517578,116.84999847412109,121.61000061035156,4,0,4,1981-09-08,1981-09-11,0,True,False
1981-09-18,121.61000061035156,122,115.18000030517578,116.26000213623047,5,0,5,1981-09-14,1981-09-18,0,True,False
1981-09-25,116.26000213623047,118.19000244140625,111.63999938964844,112.76999664306641,5,0,5,1981-09-21,1981-09-25,0,True,False
1981-10-02,112.76999664306641,120.16000366210938,110.19000244140625,119.36000061035156,5,0,5,1981-09-28,1981-10-02,0,True,False
1981-10-09,119.36000061035156,123.27999877929688,118.08000183105469,121.44999694824219,5,0,5,1981-10-05,1981-10-09,0,True,False
1981-10-16,121.44999694824219,122.37000274658203,118.01000213623047,119.19000244140625,5,0,5,1981-10-12,1981-10-16,0,True,False
1981-10-23,119.19000244140625,121.94000244140625,117.58000183105469,118.59999847412109,5,0,5,1981-10-19,1981-10-23,0,True,False
1981-10-30,118.59999847412109,122.52999877929688,116.80999755859375,121.88999938964844,5,0,5,1981-10-26,1981-10-30,0,True,False
1981-11-06,122.34999847412109,126,121.84999847412109,122.66999816894531,5,0,5,1981-11-02,1981-11-06,0,True,False
1981-11-13,122.66999816894531,124.70999908447266,121.05999755859375,121.66999816894531,5,0,5,1981-11-09,1981-11-13,0,True,False
1981-11-20,121.63999938964844,122.58999633789062,119.12999725341797,121.70999908447266,5,0,5,1981-11-16,1981-11-20,0,True,False
1981-11-27,121.70999908447266,125.70999908447266,120.76000213623047,125.08999633789062,4,0,4,1981-11-23,1981-11-27,0,True,False
1981-12-04,125.08999633789062,127.31999969482422,123.62999725341797,126.26000213623047,5,0,5,1981-11-30,1981-12-04,0,True,False
1981-12-11,126.26000213623047,126.91000366210938,123.51999664306641,124.93000030517578,5,0,5,1981-12-07,1981-12-11,0,True,False
1981-12-18,124.37000274658203,124.87000274658203,121.73000335693359,124,5,0,5,1981-12-14,1981-12-18,0,True,False
1981-12-25,124,124.70999908447266,121.56999969482422,122.54000091552734,4,0,4,1981-12-21,1981-12-24,0,True,False
1982-01-01,122.54000091552734,123.41999816894531,121.04000091552734,122.55000305175781,4,0,4,1981-12-28,1981-12-31,0,True,False
1982-01-08,122.55000305175781,123.72000122070312,117.69999694824219,119.55000305175781,5,0,5,1982-01-04,1982-01-08,0,True,False
1982-01-15,119.55000305175781,120.33999633789062,114.06999969482422,116.33000183105469,5,0,5,1982-01-11,1982-01-15,0,True,False
1982-01-22,116.33000183105469,118.15000152587891,114.29000091552734,115.37999725341797,5,0,5,1982-01-18,1982-01-22,0,True,False
1982-01-29,115.37999725341797,121.37999725341797,113.62999725341797,120.40000152587891,5,0,5,1982-01-25,1982-01-29,0,True,False
1982-02-05,119.80999755859375,119.80999755859375,114.87999725341797,117.26000213623047,5,0,5,1982-02-01,1982-02-05,0,True,False
1982-02-12,117.04000091552734,117.04000091552734,112.81999969482422,114.37999725341797,5,0,5,1982-02-08,1982-02-12,0,True,False
1982-02-19,114.37999725341797,115.08999633789062,112.05999755859375,113.22000122070312,4,0,4,1982-02-16,1982-02-19,0,True,False
1982-02-26,113.22000122070312,114.90000152587891,110.02999877929688,113.11000061035156,5,0,5,1982-02-22,1982-02-26,0,True,False
1982-03-05,113.11000061035156,114.80000305175781,108.30999755859375,109.33999633789062,5,0,5,1982-03-01,1982-03-05,0,True,False
1982-03-12,109.33999633789062,111.05999755859375,104.45999908447266,108.61000061035156,5,0,5,1982-03-08,1982-03-12,0,True,False
1982-03-19,108.61000061035156,111.58999633789062,107.47000122070312,110.61000061035156,5,0,5,1982-03-15,1982-03-19,0,True,False
1982-03-26,110.70999908447266,114.51000213623047,110.70999908447266,111.94000244140625,5,0,5,1982-03-22,1982-03-26,0,True,False
1982-04-02,111.94000244140625,115.79000091552734,110.90000152587891,115.12000274658203,5,0,5,1982-03-29,1982-04-02,0,True,False
1982-04-09,115.12000274658203,116.94000244140625,113.69999694824219,116.22000122070312,4,0,4,1982-04-05,1982-04-08,0,True,False
1982-04-16,116.22000122070312,117.69999694824219,114.80000305175781,116.80999755859375,5,0,5,1982-04-12,1982-04-16,0,True,False
1982-04-23,116.80999755859375,118.63999938964844,114.83000183105469,118.63999938964844,5,0,5,1982-04-19,1982-04-23,0,True,False
1982-04-30,118.94000244140625,119.33000183105469,116.06999969482422,116.44000244140625,5,0,0,1982-04-26,1982-04-30,0,True,True
1982-05-07,115.95999908447266,119.88999938964844,115.91000366210938,119.47000122070312,5,0,0,1982-05-03,1982-05-07,0,True,True
1982-05-14,119.08000183105469,119.91999816894531,118.01000213623047,118.01000213623047,5,0,0,1982-05-10,1982-05-14,0,True,True
1982-05-21,117.62000274658203,118.01999664306641,114.37000274658203,114.88999938964844,5,0,0,1982-05-17,1982-05-21,0,True,True
1982-05-28,114.45999908447266,115.51000213623047,111.66000366210938,111.87999725341797,5,0,0,1982-05-24,1982-05-28,0,True,True
1982-06-04,111.97000122070312,112.48000335693359,110.01999664306641,110.08999633789062,4,0,0,1982-06-01,1982-06-04,0,True,True
1982-06-11,109.58999633789062,111.48000335693359,108.52999877929688,111.23999786376953,5,0,0,1982-06-07,1982-06-11,0,True,True
1982-06-18,110.5,111.22000122070312,107.06999969482422,107.27999877929688,5,0,0,1982-06-14,1982-06-18,0,True,True
1982-06-25,107.27999877929688,110.91999816894531,107.01000213623047,109.13999938964844,5,0,0,1982-06-21,1982-06-25,0,True,True
1982-07-02,109.30000305175781,111,107.59999847412109,107.65000152587891,5,0,0,1982-06-28,1982-07-02,0,True,True
1982-07-09,107.26999664306641,108.97000122070312,105.56999969482422,108.83000183105469,4,0,0,1982-07-06,1982-07-09,0,True,True
1982-07-16,109.48000335693359,111.48000335693359,108.88999938964844,111.06999969482422,5,0,0,1982-07-12,1982-07-16,0,True,True
1982-07-23,111.75,112.38999938964844,110.34999847412109,111.16999816894531,5,0,0,1982-07-19,1982-07-23,0,True,True
1982-07-30,110.66000366210938,111.16000366210938,106.62000274658203,107.08999633789062,5,0,0,1982-07-26,1982-07-30,0,True,True
1982-08-06,107.70999908447266,109.43000030517578,103.66999816894531,103.70999908447266,5,0,0,1982-08-02,1982-08-06,0,True,True
1982-08-13,103.69000244140625,103.84999847412109,102.19999694824219,103.84999847412109,5,0,0,1982-08-09,1982-08-13,0,True,True
1982-08-20,103.86000061035156,113.01999664306641,103.86000061035156,113.01999664306641,5,0,0,1982-08-16,1982-08-20,0,True,True
1982-08-27,113.01999664306641,120.26000213623047,112.65000152587891,117.11000061035156,5,0,0,1982-08-23,1982-08-27,0,True,True
1982-09-03,117.05000305175781,123.63999938964844,115.79000091552734,122.68000030517578,5,0,0,1982-08-30,1982-09-03,0,True,True
1982-09-10,122.68000030517578,123.22000122070312,120.26999664306641,120.97000122070312,4,0,0,1982-09-07,1982-09-10,0,True,True
1982-09-17,120.94000244140625,124.87999725341797,120.25,122.55000305175781,5,0,0,1982-09-13,1982-09-17,0,True,True
1982-09-24,122.54000091552734,126.43000030517578,121.48000335693359,123.31999969482422,5,0,0,1982-09-20,1982-09-24,0,True,True
1982-10-01,123.31999969482422,124.16000366210938,120.13999938964844,121.97000122070312,5,0,0,1982-09-27,1982-10-01,0,True,True
1982-10-08,121.97000122070312,131.11000061035156,120.55999755859375,131.05000305175781,5,0,0,1982-10-04,1982-10-08,0,True,True
1982-10-15,131.05999755859375,137.97000122070312,131.05999755859375,133.57000732421875,5,0,0,1982-10-11,1982-10-15,0,True,True
1982-10-22,133.58999633789062,140.39999389648438,133.58999633789062,138.83000183105469,5,0,0,1982-10-18,1982-10-22,0,True,True
1982-10-29,138.80999755859375,138.80999755859375,131.5,133.72000122070312,5,0,0,1982-10-25,1982-10-29,0,True,True
1982-11-05,133.72000122070312,143.99000549316406,133.22000122070312,142.16000366210938,5,0,0,1982-11-01,1982-11-05,0,True,True
1982-11-12,142.1199951171875,144.36000061035156,139.52999877929688,139.52999877929688,5,0,0,1982-11-08,1982-11-12,0,True,True
1982-11-19,139.53999328613281,139.53999328613281,134.05000305175781,137.02000427246094,5,0,0,1982-11-15,1982-11-19,0,True,True
1982-11-26,137.02999877929688,137.10000610351562,132.88999938964844,134.8800048828125,4,0,0,1982-11-22,1982-11-26,0,True,True
1982-12-03,134.88999938964844,140.3699951171875,133.69000244140625,138.69000244140625,5,0,0,1982-11-29,1982-12-03,0,True,True
1982-12-10,138.69999694824219,143.67999267578125,138.00999450683594,139.57000732421875,5,0,0,1982-12-06,1982-12-10,0,True,True
1982-12-17,139.57000732421875,142.5,134.78999328613281,137.49000549316406,5,0,0,1982-12-13,1982-12-17,0,True,True
1982-12-24,137.49000549316406,139.94000244140625,136.07000732421875,139.72000122070312,4,0,0,1982-12-20,1982-12-23,0,True,True
1982-12-31,139.72999572753906,142.33999633789062,139.72000122070312,140.63999938964844,5,0,0,1982-12-27,1982-12-31,0,True,True
1983-01-07,140.64999389648438,146.46000671386719,138.08000183105469,145.17999267578125,5,0,0,1983-01-03,1983-01-07,0,True,True
1983-01-14,145.19000244140625,148.36000061035156,144.58000183105469,146.64999389648438,5,0,0,1983-01-10,1983-01-14,0,True,True
1983-01-21,146.64999389648438,147.89999389648438,143.25,143.85000610351562,5,0,0,1983-01-17,1983-01-21,0,True,True
1983-01-28,143.83999633789062,145.47000122070312,139.10000610351562,144.50999450683594,5,0,0,1983-01-24,1983-01-28,0,True,True
1983-02-04,144.50999450683594,146.13999938964844,141.89999389648438,146.13999938964844,5,0,0,1983-01-31,1983-02-04,0,True,True
1983-02-11,146.13999938964844,148.80999755859375,144.08999633789062,147.64999389648438,5,0,0,1983-02-07,1983-02-11,0,True,True
1983-02-18,147.71000671386719,149.41000366210938,143.83999633789062,148,5,0,0,1983-02-14,1983-02-18,0,True,True
1983-02-25,148.00999450683594,150.8800048828125,145.39999389648438,149.74000549316406,4,0,0,1983-02-22,1983-02-25,0,True,True
1983-03-04,149.74000549316406,154.16000366210938,147.80999755859375,153.66999816894531,5,0,0,1983-02-28,1983-03-04,0,True,True
1983-03-11,153.66999816894531,154.00999450683594,150.64999389648438,151.24000549316406,5,0,0,1983-03-07,1983-03-11,0,True,True
1983-03-18,151.27999877929688,151.6199951171875,149.1199951171875,149.89999389648438,5,0,0,1983-03-14,1983-03-18,0,True,True
1983-03-25,149.82000732421875,153.77999877929688,149.32000732421875,152.66999816894531,5,0,0,1983-03-21,1983-03-25,0,True,True
1983-04-01,152.66999816894531,155.02000427246094,151.41999816894531,152.96000671386719,4,0,0,1983-03-28,1983-03-31,0,True,True
1983-04-08,152.91999816894531,153.91999816894531,150.16999816894531,152.85000610351562,5,0,0,1983-04-04,1983-04-08,0,True,True
1983-04-15,152.8699951171875,158.75,152.8699951171875,158.75,5,0,0,1983-04-11,1983-04-15,0,True,True
1983-04-22,158.75,161.08000183105469,158.41000366210938,160.41999816894531,5,0,0,1983-04-18,1983-04-22,0,True,True
1983-04-29,160.42999267578125,164.42999267578125,158.07000732421875,164.42999267578125,5,0,0,1983-04-25,1983-04-29,0,True,True
1983-05-06,164.41000366210938,166.99000549316406,160.80000305175781,166.10000610351562,5,0,0,1983-05-02,1983-05-06,0,True,True
1983-05-13,166.10000610351562,166.46000671386719,163.82000732421875,164.91000366210938,5,0,0,1983-05-09,1983-05-13,0,True,True
1983-05-20,164.89999389648438,165.17999267578125,161.25,162.13999938964844,5,0,0,1983-05-16,1983-05-20,0,True,True
1983-05-27,162.05999755859375,166.38999938964844,160.28999328613281,164.46000671386719,5,0,0,1983-05-23,1983-05-27,0,True,True
1983-06-03,164.44000244140625,164.78999328613281,161.33000183105469,164.41999816894531,4,0,0,1983-05-31,1983-06-03,0,True,True
1983-06-10,164.42999267578125,165.08999633789062,160.80000305175781,162.67999267578125,5,0,0,1983-06-06,1983-06-10,0,True,True
1983-06-17,162.69999694824219,169.63999938964844,162.69999694824219,169.1300048828125,5,0,0,1983-06-13,1983-06-17,0,True,True
1983-06-24,169.1300048828125,171.60000610351562,168.25,170.41000366210938,5,0,0,1983-06-20,1983-06-24,0,True,True
1983-07-01,170.39999389648438,170.46000671386719,165.42999267578125,168.63999938964844,5,0,0,1983-06-27,1983-07-01,0,True,True
1983-07-08,166.55000305175781,169.14999389648438,165.80000305175781,167.08000183105469,4,0,0,1983-07-05,1983-07-08,0,True,True
1983-07-15,167.08999633789062,168.11000061035156,164.02999877929688,164.28999328613281,5,0,0,1983-07-11,1983-07-15,0,True,True
1983-07-22,164.27999877929688,169.80000305175781,163.30000305175781,168.88999938964844,5,0,0,1983-07-18,1983-07-22,0,True,True
1983-07-29,167.66999816894531,170.72000122070312,161.5,162.55999755859375,5,0,0,1983-07-25,1983-07-29,0,True,True
1983-08-05,162.33999633789062,163.44000244140625,159.6300048828125,161.74000549316406,5,0,0,1983-08-01,1983-08-05,0,True,True
1983-08-12,161.72999572753906,162.60000610351562,158.5,162.16000366210938,5,0,0,1983-08-08,1983-08-12,0,True,True
1983-08-19,162.22000122070312,165.91000366210938,162.22000122070312,163.97999572753906,5,0,0,1983-08-15,1983-08-19,0,True,True
1983-08-26,164.17999267578125,165.63999938964844,159.96000671386719,162.13999938964844,5,0,0,1983-08-22,1983-08-26,0,True,True
1983-09-02,162.13999938964844,165.07000732421875,160.97000122070312,165,5,0,0,1983-08-29,1983-09-02,0,True,True
1983-09-09,165.19999694824219,168.47999572753906,165.02999877929688,166.91999816894531,4,0,0,1983-09-06,1983-09-09,0,True,True
1983-09-16,166.94999694824219,169.19999694824219,164.16999816894531,166.25,5,0,0,1983-09-12,1983-09-16,0,True,True
1983-09-23,166.27000427246094,170.16999816894531,166.25999450683594,169.50999450683594,5,0,0,1983-09-19,1983-09-23,0,True,True
1983-09-30,169.52999877929688,170.41000366210938,165.6300048828125,166.07000732421875,5,0,0,1983-09-26,1983-09-30,0,True,True
1983-10-07,165.99000549316406,171.10000610351562,164.92999267578125,170.80000305175781,5,0,0,1983-10-03,1983-10-07,0,True,True
1983-10-14,170.77000427246094,172.64999389648438,169.1300048828125,169.86000061035156,5,0,0,1983-10-10,1983-10-14,0,True,True
1983-10-21,169.85000610351562,171.17999267578125,164.97999572753906,165.94999694824219,5,0,0,1983-10-17,1983-10-21,0,True,True
1983-10-28,165.85000610351562,167.14999389648438,163.22999572753906,163.3699951171875,5,0,0,1983-10-24,1983-10-28,0,True,True
1983-11-04,163.3699951171875,165.21000671386719,162.22000122070312,162.44000244140625,5,0,0,1983-10-31,1983-11-04,0,True,True
1983-11-11,162.41999816894531,166.30000305175781,161.6300048828125,166.28999328613281,5,0,0,1983-11-07,1983-11-11,0,True,True
1983-11-18,166.28999328613281,167.58000183105469,164.5,165.08999633789062,5,0,0,1983-11-14,1983-11-18,0,True,True
1983-11-25,165.03999328613281,167.25999450683594,165,167.17999267578125,4,0,0,1983-11-21,1983-11-25,0,True,True
1983-12-02,167.19999694824219,168.07000732421875,165.25,165.44000244140625,5,0,0,1983-11-28,1983-12-02,0,True,True
1983-12-09,165.44000244140625,166.33999633789062,164.5,165.08000183105469,5,0,0,1983-12-05,1983-12-09,0,True,True
1983-12-16,165.1300048828125,165.6300048828125,161.58000183105469,162.38999938964844,5,0,0,1983-12-12,1983-12-16,0,True,True
1983-12-23,162.33999633789062,164.17999267578125,161.63999938964844,163.22000122070312,5,0,0,1983-12-19,1983-12-23,0,True,True
1983-12-30,163.22000122070312,165.83999633789062,163.22000122070312,164.92999267578125,4,0,0,1983-12-27,1983-12-30,0,True,True
1984-01-06,164.92999267578125,169.30999755859375,163.97999572753906,169.27999877929688,4,0,0,1984-01-03,1984-01-06,0,True,True
1984-01-13,169.17999267578125,169.53999328613281,166.63999938964844,167.02000427246094,5,0,0,1984-01-09,1984-01-13,0,True,True
1984-01-20,167.02000427246094,168.33999633789062,165.8699951171875,166.21000671386719,5,0,0,1984-01-16,1984-01-20,0,True,True
1984-01-27,166.21000671386719,167.1199951171875,163.07000732421875,163.94000244140625,5,0,0,1984-01-23,1984-01-27,0,True,True
1984-02-03,164.39999389648438,164.66999816894531,160.82000732421875,160.91000366210938,5,0,0,1984-01-30,1984-02-03,0,True,True
1984-02-10,160.91000366210938,160.91000366210938,154.30000305175781,156.30000305175781,5,0,0,1984-02-06,1984-02-10,0,True,True
1984-02-17,156.30000305175781,157.47999572753906,154.1300048828125,155.74000549316406,5,0,0,1984-02-13,1984-02-17,0,True,True
1984-02-24,155.71000671386719,157.50999450683594,152.1300048828125,157.50999450683594,4,0,0,1984-02-21,1984-02-24,0,True,True
1984-03-02,157.50999450683594,159.89999389648438,156.41000366210938,159.24000549316406,5,0,0,1984-02-27,1984-03-02,0,True,True
1984-03-09,159.24000549316406,159.24000549316406,153.77000427246094,154.35000610351562,5,0,0,1984-03-05,1984-03-09,0,True,True
1984-03-16,154.35000610351562,160.44999694824219,154.35000610351562,159.27000427246094,5,0,0,1984-03-12,1984-03-16,0,True,True
1984-03-23,159.27000427246094,159.27000427246094,156.02000427246094,156.86000061035156,5,0,0,1984-03-19,1984-03-23,0,True,True
1984-03-30,156.86000061035156,160.46000671386719,156.30999755859375,159.17999267578125,5,0,0,1984-03-26,1984-03-30,0,True,True
1984-04-06,159.17999267578125,159.8699951171875,154.1199951171875,155.47999572753906,5,0,0,1984-04-02,1984-04-06,0,True,True
1984-04-13,155.47999572753906,158.8699951171875,154.16999816894531,157.30999755859375,5,0,0,1984-04-09,1984-04-13,0,True,True
1984-04-20,157.30999755859375,159.58999633789062,156.49000549316406,158.02000427246094,4,0,0,1984-04-16,1984-04-19,0,True,True
1984-04-27,158.02000427246094,160.69000244140625,156.61000061035156,159.88999938964844,5,0,0,1984-04-23,1984-04-27,0,True,True
1984-05-04,159.88999938964844,162.11000061035156,158.92999267578125,159.11000061035156,5,0,0,1984-04-30,1984-05-04,0,True,True
1984-05-11,159.11000061035156,161.30999755859375,157.41999816894531,158.49000549316406,5,0,0,1984-05-07,1984-05-11,0,True,True
1984-05-18,158.49000549316406,158.49000549316406,155.24000549316406,155.77999877929688,5,0,0,1984-05-14,1984-05-18,0,True,True
1984-05-25,155.77999877929688,156.11000061035156,150.80000305175781,151.6199951171875,5,0,0,1984-05-21,1984-05-25,0,True,True
1984-06-01,151.6199951171875,153.24000549316406,148.67999267578125,153.24000549316406,4,0,0,1984-05-29,1984-06-01,0,True,True
1984-06-08,153.24000549316406,155.39999389648438,153.24000549316406,155.16999816894531,5,0,0,1984-06-04,1984-06-08,0,True,True
1984-06-15,155.16999816894531,155.16999816894531,149.02000427246094,149.02999877929688,5,0,0,1984-06-11,1984-06-15,0,True,True
1984-06-22,149.02999877929688,155.63999938964844,148.52999877929688,154.46000671386719,5,0,0,1984-06-18,1984-06-22,0,True,True
1984-06-29,154.46000671386719,154.66999816894531,151.30000305175781,153.17999267578125,5,0,0,1984-06-25,1984-06-29,0,True,True
1984-07-06,153.16000366210938,153.8699951171875,151.6300048828125,152.24000549316406,4,0,0,1984-07-02,1984-07-06,0,True,True
1984-07-13,152.24000549316406,153.52999877929688,149.6300048828125,150.8800048828125,5,0,0,1984-07-09,1984-07-13,0,True,True
1984-07-20,150.8800048828125,152.60000610351562,149.07000732421875,149.55000305175781,5,0,0,1984-07-16,1984-07-20,0,True,True
1984-07-27,149.55000305175781,151.3800048828125,147.25999450683594,151.19000244140625,5,0,0,1984-07-23,1984-07-27,0,True,True
1984-08-03,151.19000244140625,162.55999755859375,149.64999389648438,162.35000610351562,5,0,0,1984-07-30,1984-08-03,0,True,True
1984-08-10,162.35000610351562,168.58999633789062,160.80999755859375,165.41999816894531,5,0,0,1984-08-06,1984-08-10,0,True,True
1984-08-17,164.83999633789062,166.08999633789062,162.75,164.13999938964844,5,0,0,1984-08-13,1984-08-17,0,True,True
1984-08-24,164.13999938964844,168.80000305175781,163.75999450683594,167.50999450683594,5,0,0,1984-08-20,1984-08-24,0,True,True
1984-08-31,167.50999450683594,168.21000671386719,165.77999877929688,166.67999267578125,5,0,0,1984-08-27,1984-08-31,0,True,True
1984-09-07,166.67999267578125,166.67999267578125,163.83999633789062,164.3699951171875,4,0,0,1984-09-04,1984-09-07,0,True,True
1984-09-14,164.3699951171875,169.64999389648438,163.05999755859375,168.77999877929688,5,0,0,1984-09-10,1984-09-14,0,True,True
1984-09-21,168.77999877929688,169.3699951171875,165.66000366210938,165.66999816894531,5,0,0,1984-09-17,1984-09-21,0,True,True
1984-09-28,165.66999816894531,167.19999694824219,164.44999694824219,166.10000610351562,5,0,0,1984-09-24,1984-09-28,0,True,True
1984-10-05,166.10000610351562,166.10000610351562,162.19999694824219,162.67999267578125,5,0,0,1984-10-01,1984-10-05,0,True,True
1984-10-12,162.67999267578125,164.47000122070312,160.02000427246094,164.17999267578125,5,0,0,1984-10-08,1984-10-12,0,True,True
1984-10-19,164.17999267578125,169.6199951171875,163.71000671386719,167.96000671386719,5,0,0,1984-10-15,1984-10-19,0,True,True
1984-10-26,167.96000671386719,168.36000061035156,164.92999267578125,165.28999328613281,5,0,0,1984-10-22,1984-10-26,0,True,True
1984-11-02,165.28999328613281,167.94999694824219,164.66999816894531,167.41999816894531,5,0,0,1984-10-29,1984-11-02,0,True,True
1984-11-09,167.41999816894531,170.41000366210938,167.33000183105469,167.60000610351562,5,0,0,1984-11-05,1984-11-09,0,True,True
1984-11-16,167.64999389648438,167.64999389648438,164.08999633789062,164.10000610351562,5,0,0,1984-11-12,1984-11-16,0,True,True
1984-11-23,164.10000610351562,166.91999816894531,163.02999877929688,166.91999816894531,4,0,0,1984-11-19,1984-11-23,0,True,True
1984-11-30,166.91999816894531,166.91999816894531,162.99000549316406,163.58000183105469,5,0,0,1984-11-26,1984-11-30,0,True,True
1984-12-07,163.58000183105469,163.91000366210938,161.75999450683594,162.25999450683594,5,0,0,1984-12-03,1984-12-07,0,True,True
1984-12-14,162.25999450683594,163.52999877929688,161.53999328613281,162.69000244140625,5,0,0,1984-12-10,1984-12-14,0,True,True
1984-12-21,162.69000244140625,169.02999877929688,162.44000244140625,165.50999450683594,5,0,0,1984-12-17,1984-12-21,0,True,True
1984-12-28,165.50999450683594,166.92999267578125,165.5,166.25999450683594,4,0,0,1984-12-24,1984-12-28,0,True,True
1985-01-04,166.25999450683594,167.33999633789062,163.36000061035156,163.67999267578125,4,0,0,1984-12-31,1985-01-04,0,True,True
1985-01-11,163.67999267578125,168.72000122070312,163.67999267578125,167.91000366210938,5,0,0,1985-01-07,1985-01-11,0,True,True
1985-01-18,167.91000366210938,171.94000244140625,167.58000183105469,171.32000732421875,5,0,0,1985-01-14,1985-01-18,0,True,True
1985-01-25,171.32000732421875,178.16000366210938,171.30999755859375,177.35000610351562,5,0,0,1985-01-21,1985-01-25,0,True,True
1985-02-01,177.35000610351562,180.27000427246094,176.55999755859375,178.6300048828125,5,0,0,1985-01-28,1985-02-01,0,True,True
1985-02-08,178.6300048828125,182.38999938964844,177.75,182.19000244140625,5,0,0,1985-02-04,1985-02-08,0,True,True
1985-02-15,182.19000244140625,183.94999694824219,179.44999694824219,181.60000610351562,5,0,0,1985-02-11,1985-02-15,0,True,True
1985-02-22,181.60000610351562,182.10000610351562,179.22999572753906,179.36000061035156,4,0,0,1985-02-19,1985-02-22,0,True,True
1985-03-01,179.36000061035156,183.88999938964844,178.1300048828125,183.22999572753906,5,0,0,1985-02-25,1985-03-01,0,True,True
1985-03-08,183.22999572753906,183.41000366210938,179.07000732421875,179.10000610351562,5,0,0,1985-03-04,1985-03-08,0,True,True
1985-03-15,179.10000610351562,180.13999938964844,176.52999877929688,176.52999877929688,5,0,0,1985-03-11,1985-03-15,0,True,True
1985-03-22,176.52999877929688,180.22000122070312,176.52999877929688,179.03999328613281,5,0,0,1985-03-18,1985-03-22,0,True,True
1985-03-29,179.03999328613281,180.66000366210938,177.85000610351562,180.66000366210938,5,0,0,1985-03-25,1985-03-29,0,True,True
1985-04-05,180.66000366210938,181.86000061035156,178.28999328613281,179.02999877929688,4,0,0,1985-04-01,1985-04-04,0,True,True
1985-04-12,179.02999877929688,180.91000366210938,177.86000061035156,180.53999328613281,5,0,0,1985-04-08,1985-04-12,0,True,True
1985-04-19,180.53999328613281,182.55999755859375,180.19000244140625,181.11000061035156,5,0,0,1985-04-15,1985-04-19,0,True,True
1985-04-26,181.11000061035156,183.61000061035156,180.25,182.17999267578125,5,0,0,1985-04-22,1985-04-26,0,True,True
1985-05-03,182.17999267578125,182.33999633789062,178.35000610351562,180.08000183105469,5,0,0,1985-04-29,1985-05-03,0,True,True
1985-05-10,180.08000183105469,184.74000549316406,179.82000732421875,184.27999877929688,5,0,0,1985-05-06,1985-05-10,0,True,True
1985-05-17,184.27999877929688,187.94000244140625,183.64999389648438,187.41999816894531,5,0,0,1985-05-13,1985-05-17,0,True,True
1985-05-24,187.41999816894531,189.97999572753906,187.28999328613281,188.28999328613281,5,0,0,1985-05-20,1985-05-24,0,True,True
1985-05-31,188.28999328613281,189.58999633789062,187.08999633789062,189.55000305175781,4,0,0,1985-05-28,1985-05-31,0,True,True
1985-06-07,189.55000305175781,191.28999328613281,188.8800048828125,189.67999267578125,5,0,0,1985-06-03,1985-06-07,0,True,True
1985-06-14,189.67999267578125,189.67999267578125,185.02999877929688,187.10000610351562,5,0,0,1985-06-10,1985-06-14,0,True,True
1985-06-21,187.10000610351562,189.66000366210938,185.97000122070312,189.61000061035156,5,0,0,1985-06-17,1985-06-21,0,True,True
1985-06-28,188.77000427246094,191.85000610351562,187.83999633789062,191.85000610351562,5,0,0,1985-06-24,1985-06-28,0,True,True
1985-07-05,191.85000610351562,192.66999816894531,191.16999816894531,192.52000427246094,4,0,0,1985-07-01,1985-07-05,0,True,True
1985-07-12,192.47000122070312,193.32000732421875,190.80999755859375,193.28999328613281,5,0,0,1985-07-08,1985-07-12,0,True,True
1985-07-19,193.28999328613281,196.07000732421875,192.55000305175781,195.1300048828125,5,0,0,1985-07-15,1985-07-19,0,True,True
1985-07-26,195.1300048828125,195.1300048828125,190.66000366210938,192.39999389648438,5,0,0,1985-07-22,1985-07-26,0,True,True
1985-08-02,192.39999389648438,192.41999816894531,189.30000305175781,191.47999572753906,5,0,0,1985-07-29,1985-08-02,0,True,True
1985-08-09,191.47999572753906,191.47999572753906,187.38999938964844,188.32000732421875,5,0,0,1985-08-05,1985-08-09,0,True,True
1985-08-16,188.32000732421875,188.32000732421875,186.10000610351562,186.10000610351562,5,0,0,1985-08-12,1985-08-16,0,True,True
1985-08-23,186.10000610351562,189.22999572753906,186.10000610351562,187.16999816894531,5,0,0,1985-08-19,1985-08-23,0,True,True
1985-08-30,187.16999816894531,189.1300048828125,186.46000671386719,188.6300048828125,5,0,0,1985-08-26,1985-08-30,0,True,True
1985-09-06,188.6300048828125,188.6300048828125,186.88999938964844,188.24000549316406,4,0,0,1985-09-03,1985-09-06,0,True,True
1985-09-13,188.24000549316406,188.80000305175781,182.05000305175781,182.91000366210938,5,0,0,1985-09-09,1985-09-13,0,True,True
1985-09-20,182.91000366210938,183.99000549316406,180.77999877929688,182.05000305175781,5,0,0,1985-09-16,1985-09-20,0,True,True
1985-09-27,182.05000305175781,184.64999389648438,179.44999694824219,181.28999328613281,4,0,0,1985-09-23,1985-09-26,0,True,True
1985-10-04,181.30000305175781,185.94000244140625,181.22000122070312,183.22000122070312,5,0,0,1985-09-30,1985-10-04,0,True,True
1985-10-11,183.22000122070312,184.27999877929688,181.16000366210938,184.27999877929688,5,0,0,1985-10-07,1985-10-11,0,True,True
1985-10-18,184.30999755859375,188.52000427246094,184.27999877929688,187.03999328613281,5,0,0,1985-10-14,1985-10-18,0,True,True
1985-10-25,187.03999328613281,189.44999694824219,186.78999328613281,187.52000427246094,5,0,0,1985-10-21,1985-10-25,0,True,True
1985-11-01,187.52000427246094,191.52999877929688,186.92999267578125,191.52999877929688,5,0,0,1985-10-28,1985-11-01,0,True,True
1985-11-08,191.44999694824219,193.97000122070312,190.66000366210938,193.72000122070312,5,0,0,1985-11-04,1985-11-08,0,True,True
1985-11-15,193.72000122070312,199.58000183105469,193.69999694824219,198.11000061035156,5,0,0,1985-11-11,1985-11-15,0,True,True
1985-11-22,198.11000061035156,202.00999450683594,197.50999450683594,201.52000427246094,5,0,0,1985-11-18,1985-11-22,0,True,True
1985-11-29,201.52000427246094,203.39999389648438,200.08000183105469,202.16999816894531,4,0,0,1985-11-25,1985-11-29,0,True,True
1985-12-06,202.16999816894531,205.86000061035156,200.10000610351562,202.99000549316406,5,0,0,1985-12-02,1985-12-06,0,True,True
1985-12-13,202.99000549316406,210.30999755859375,202.97999572753906,209.94000244140625,5,0,0,1985-12-09,1985-12-13,0,True,True
1985-12-20,209.94000244140625,213.08000183105469,209.24000549316406,210.94000244140625,5,0,0,1985-12-16,1985-12-20,0,True,True
1985-12-27,210.57000732421875,210.94000244140625,206.44000244140625,209.61000061035156,4,0,0,1985-12-23,1985-12-27,0,True,True
1986-01-03,209.61000061035156,211.61000061035156,208.92999267578125,210.8800048828125,4,0,0,1985-12-30,1986-01-03,0,True,True
1986-01-10,210.8800048828125,214.57000732421875,204.50999450683594,205.96000671386719,5,0,0,1986-01-06,1986-01-10,0,True,True
1986-01-17,205.96000671386719,209.39999389648438,205.52000427246094,208.42999267578125,5,0,0,1986-01-13,1986-01-17,0,True,True
1986-01-24,208.42999267578125,208.42999267578125,202.60000610351562,206.42999267578125,5,0,0,1986-01-20,1986-01-24,0,True,True
1986-01-31,206.42999267578125,212.41999816894531,206.42999267578125,211.77999877929688,5,0,0,1986-01-27,1986-01-31,0,True,True
1986-02-07,211.77999877929688,215.27000427246094,210.82000732421875,214.55999755859375,5,0,0,1986-02-03,1986-02-07,0,True,True
1986-02-14,214.55999755859375,219.75999450683594,214.47000122070312,219.75999450683594,5,0,0,1986-02-10,1986-02-14,0,True,True
1986-02-21,219.75999450683594,224.6199951171875,219.22000122070312,224.6199951171875,4,0,0,1986-02-18,1986-02-21,0,True,True
1986-02-28,224.58000183105469,227.91999816894531,222.6300048828125,226.91999816894531,5,0,0,1986-02-24,1986-02-28,0,True,True
1986-03-07,226.91999816894531,227.33000183105469,222.17999267578125,225.57000732421875,5,0,0,1986-03-03,1986-03-07,0,True,True
1986-03-14,225.57000732421875,236.55000305175781,225.36000061035156,236.55000305175781,5,0,0,1986-03-10,1986-03-14,0,True,True
1986-03-21,236.55000305175781,237.35000610351562,233.28999328613281,233.33999633789062,5,0,0,1986-03-17,1986-03-21,0,True,True
1986-03-28,233.33999633789062,240.11000061035156,232.91999816894531,238.97000122070312,4,0,0,1986-03-24,1986-03-27,0,True,True
1986-04-04,238.97000122070312,239.86000061035156,228.32000732421875,228.69000244140625,5,0,0,1986-03-31,1986-04-04,0,True,True
1986-04-11,228.69000244140625,237.85000610351562,226.30000305175781,235.97000122070312,5,0,0,1986-04-07,1986-04-11,0,True,True
1986-04-18,235.97000122070312,243.47000122070312,235.42999267578125,242.3800048828125,5,0,0,1986-04-14,1986-04-18,0,True,True
1986-04-25,242.3800048828125,245.47000122070312,240.08000183105469,242.28999328613281,5,0,0,1986-04-21,1986-04-25,0,True,True
1986-05-02,242.28999328613281,243.57000732421875,234.14999389648438,234.78999328613281,5,0,0,1986-04-28,1986-05-02,0,True,True
1986-05-09,234.78999328613281,238.27999877929688,233.97999572753906,237.85000610351562,5,0,0,1986-05-05,1986-05-09,0,True,True
1986-05-16,237.85000610351562,238.52999877929688,232.25999450683594,232.75999450683594,5,0,0,1986-05-12,1986-05-16,0,True,True
1986-05-23,232.75999450683594,242.16000366210938,232.41000366210938,241.35000610351562,5,0,0,1986-05-19,1986-05-23,0,True,True
1986-05-30,241.35000610351562,249.19000244140625,241.35000610351562,247.35000610351562,4,0,0,1986-05-27,1986-05-30,0,True,True
1986-06-06,246.03999328613281,247.74000549316406,242.58999633789062,245.66999816894531,5,0,0,1986-06-02,1986-06-06,0,True,True
1986-06-13,245.66999816894531,245.91000366210938,238.22999572753906,245.72999572753906,5,0,0,1986-06-09,1986-06-13,0,True,True
1986-06-20,245.72999572753906,247.60000610351562,242.57000732421875,247.58000183105469,5,0,0,1986-06-16,1986-06-20,0,True,True
1986-06-27,247.58000183105469,250.1300048828125,244.44999694824219,249.60000610351562,5,0,0,1986-06-23,1986-06-27,0,True,True
1986-07-04,249.60000610351562,253.19999694824219,249.60000610351562,251.78999328613281,4,0,0,1986-06-30,1986-07-03,0,True,True
1986-07-11,251.78999328613281,251.80999755859375,239.07000732421875,242.22000122070312,5,0,0,1986-07-07,1986-07-11,0,True,True
1986-07-18,242.22000122070312,242.22000122070312,233.60000610351562,236.36000061035156,5,0,0,1986-07-14,1986-07-18,0,True,True
1986-07-25,236.36000061035156,240.36000061035156,235.52999877929688,240.22000122070312,5,0,0,1986-07-21,1986-07-25,0,True,True
1986-08-01,240.19999694824219,240.25,233.07000732421875,234.91000366210938,5,0,0,1986-07-28,1986-08-01,0,True,True
1986-08-08,234.91000366210938,238.30999755859375,231.91999816894531,236.8800048828125,5,0,0,1986-08-04,1986-08-08,0,True,True
1986-08-15,236.8800048828125,247.14999389648438,236.8699951171875,247.14999389648438,5,0,0,1986-08-11,1986-08-15,0,True,True
1986-08-22,247.14999389648438,250.61000061035156,245.47999572753906,250.19000244140625,5,0,0,1986-08-18,1986-08-22,0,True,True
1986-08-29,250.19000244140625,254.24000549316406,247.75999450683594,252.92999267578125,5,0,0,1986-08-25,1986-08-29,0,True,True
1986-09-05,252.92999267578125,254.1300048828125,247.58999633789062,250.47000122070312,4,0,0,1986-09-02,1986-09-05,0,True,True
1986-09-12,250.47000122070312,250.47000122070312,228.74000549316406,230.66999816894531,5,0,0,1986-09-08,1986-09-12,0,True,True
1986-09-19,230.66999816894531,233.80999755859375,228.32000732421875,232.21000671386719,5,0,0,1986-09-15,1986-09-19,0,True,True
1986-09-26,232.19999694824219,237.05999755859375,230.63999938964844,232.22999572753906,5,0,0,1986-09-22,1986-09-26,0,True,True
1986-10-03,232.22999572753906,236.16000366210938,228.08000183105469,233.71000671386719,5,0,0,1986-09-29,1986-10-03,0,True,True
1986-10-10,233.71000671386719,238.19999694824219,233.16999816894531,235.47999572753906,5,0,0,1986-10-06,1986-10-10,0,True,True
1986-10-17,235.52000427246094,240.17999267578125,234.3699951171875,238.83999633789062,5,0,0,1986-10-13,1986-10-17,0,True,True
1986-10-24,238.83999633789062,239.75999450683594,234.77999877929688,238.25999450683594,5,0,0,1986-10-20,1986-10-24,0,True,True
1986-10-31,238.22000122070312,244.50999450683594,236.72000122070312,243.97999572753906,5,0,0,1986-10-27,1986-10-31,0,True,True
1986-11-07,243.97000122070312,247.05000305175781,243.92999267578125,245.77000427246094,5,0,0,1986-11-03,1986-11-07,0,True,True
1986-11-14,245.75,247.66999816894531,241.96000671386719,244.5,5,0,0,1986-11-10,1986-11-14,0,True,True
1986-11-21,244.5,246.3800048828125,235.50999450683594,245.86000061035156,5,0,0,1986-11-17,1986-11-21,0,True,True
1986-11-28,245.86000061035156,249.22000122070312,245.21000671386719,249.22000122070312,4,0,0,1986-11-24,1986-11-28,0,True,True
1986-12-05,249.22000122070312,254.8699951171875,245.72000122070312,251.16999816894531,5,0,0,1986-12-01,1986-12-05,0,True,True
1986-12-12,251.16000366210938,252.36000061035156,247.02000427246094,247.35000610351562,5,0,0,1986-12-08,1986-12-12,0,True,True
1986-12-19,247.30999755859375,250.03999328613281,244.91999816894531,249.72999572753906,5,0,0,1986-12-15,1986-12-19,0,True,True
1986-12-26,249.72999572753906,249.72999572753906,245.85000610351562,246.91999816894531,4,0,0,1986-12-22,1986-12-26,0,True,True
1987-01-02,246.89999389648438,246.91999816894531,241.27999877929688,246.44999694824219,4,0,0,1986-12-29,1987-01-02,0,True,True
1987-01-09,246.44999694824219,259.20001220703125,246.44999694824219,258.73001098632812,5,0,0,1987-01-05,1987-01-09,0,True,True
1987-01-16,258.72000122070312,267.239990234375,257.92001342773438,266.27999877929688,5,0,0,1987-01-12,1987-01-16,0,True,True
1987-01-23,266.260009765625,280.95999145507812,264,270.10000610351562,5,0,0,1987-01-19,1987-01-23,0,True,True
1987-01-30,270.10000610351562,276.85000610351562,267.73001098632812,274.07998657226562,5,0,0,1987-01-26,1987-01-30,0,True,True
1987-02-06,274.07998657226562,282.260009765625,273.16000366210938,280.04000854492188,5,0,0,1987-02-02,1987-02-06,0,True,True
1987-02-13,280.04000854492188,280.91000366210938,273.489990234375,279.70001220703125,5,0,0,1987-02-09,1987-02-13,0,True,True
1987-02-20,279.70001220703125,287.54998779296875,279.70001220703125,285.48001098632812,4,0,0,1987-02-17,1987-02-20,0,True,True
1987-02-27,285.48001098632812,285.5,279.3699951171875,284.20001220703125,5,0,0,1987-02-23,1987-02-27,0,True,True
1987-03-06,284.17001342773438,291.239990234375,282.29998779296875,290.66000366210938,5,0,0,1987-03-02,1987-03-06,0,True,True
1987-03-13,290.66000366210938,292.510009765625,287.1199951171875,289.8900146484375,5,0,0,1987-03-09,1987-03-13,0,True,True
1987-03-20,289.8800048828125,298.17001342773438,286.6400146484375,298.17001342773438,5,0,0,1987-03-16,1987-03-20,0,True,True
1987-03-27,298.16000366210938,302.72000122070312,296.05999755859375,296.1300048828125,5,0,0,1987-03-23,1987-03-27,0,True,True
1987-04-03,296.10000610351562,301.29998779296875,286.69000244140625,300.41000366210938,5,0,0,1987-03-30,1987-04-03,0,True,True
1987-04-10,300.45999145507812,303.64999389648438,290.94000244140625,292.489990234375,5,0,0,1987-04-06,1987-04-10,0,True,True
1987-04-17,292.48001098632812,293.3599853515625,275.67001342773438,286.91000366210938,4,0,0,1987-04-13,1987-04-16,0,True,True
1987-04-24,286.91000366210938,293.45999145507812,281.17999267578125,281.51998901367188,5,0,0,1987-04-20,1987-04-24,0,True,True
1987-05-01,281.51998901367188,290.07998657226562,276.22000122070312,288.02999877929688,5,0,0,1987-04-27,1987-05-01,0,True,True
1987-05-08,288.01998901367188,296.79998779296875,286.3900146484375,293.3699951171875,5,0,0,1987-05-04,1987-05-08,0,True,True
1987-05-15,293.3699951171875,298.69000244140625,287.1099853515625,287.42999267578125,5,0,0,1987-05-11,1987-05-15,0,True,True
1987-05-22,287.42999267578125,287.42999267578125,277.010009765625,282.16000366210938,5,0,0,1987-05-18,1987-05-22,0,True,True
1987-05-29,282.16000366210938,292.8699951171875,282.16000366210938,290.10000610351562,4,0,0,1987-05-26,1987-05-29,0,True,True
1987-06-05,290.1199951171875,295.1099853515625,286.92999267578125,293.45001220703125,5,0,0,1987-06-01,1987-06-05,0,True,True
1987-06-12,293.45999145507812,302.260009765625,291.54998779296875,301.6199951171875,5,0,0,1987-06-08,1987-06-12,0,True,True
1987-06-19,301.6199951171875,306.97000122070312,301.6199951171875,306.97000122070312,5,0,0,1987-06-15,1987-06-19,0,True,True
1987-06-26,306.98001098632812,310.26998901367188,306.32000732421875,307.16000366210938,5,0,0,1987-06-22,1987-06-26,0,True,True
1987-07-03,307.14999389648438,308.14999389648438,302.52999877929688,305.6300048828125,4,0,0,1987-06-29,1987-07-02,0,True,True
1987-07-10,305.6400146484375,309.55999755859375,304.23001098632812,308.3699951171875,5,0,0,1987-07-06,1987-07-10,0,True,True
1987-07-17,308.41000366210938,314.58999633789062,305.489990234375,314.58999633789062,5,0,0,1987-07-13,1987-07-17,0,True,True
1987-07-24,314.55999755859375,314.58999633789062,306.10000610351562,309.26998901367188,5,0,0,1987-07-20,1987-07-24,0,True,True
1987-07-31,309.29998779296875,318.85000610351562,308.6099853515625,318.66000366210938,5,0,0,1987-07-27,1987-07-31,0,True,True
1987-08-07,318.6199951171875,324.14999389648438,314.510009765625,323,5,0,0,1987-08-03,1987-08-07,0,True,True
1987-08-14,322.98001098632812,336.07998657226562,322.95001220703125,333.989990234375,5,0,0,1987-08-10,1987-08-14,0,True,True
1987-08-21,333.98001098632812,336.3699951171875,326.42999267578125,335.89999389648438,5,0,0,1987-08-17,1987-08-21,0,True,True
1987-08-28,335.8900146484375,337.8900146484375,327.02999877929688,327.04000854492188,5,0,0,1987-08-24,1987-08-28,0,True,True
1987-09-04,327.02999877929688,332.17999267578125,316.52999877929688,316.70001220703125,5,0,0,1987-08-31,1987-09-04,0,True,True
1987-09-11,316.67999267578125,322.45001220703125,308.55999755859375,321.98001098632812,4,0,0,1987-09-08,1987-09-11,0,True,True
1987-09-18,322.01998901367188,323.80999755859375,313.45001220703125,314.8599853515625,5,0,0,1987-09-14,1987-09-18,0,True,True
1987-09-25,314.92001342773438,322.010009765625,308.69000244140625,320.16000366210938,5,0,0,1987-09-21,1987-09-25,0,True,True
1987-10-02,320.16000366210938,328.94000244140625,320.16000366210938,328.07000732421875,5,0,0,1987-09-28,1987-10-02,0,True,True
1987-10-09,328.07000732421875,328.57000732421875,310.97000122070312,311.07000732421875,5,0,0,1987-10-05,1987-10-09,0,True,True
1987-10-16,311.07000732421875,314.52999877929688,281.51998901367188,282.70001220703125,5,0,0,1987-10-12,1987-10-16,0,True,True
1987-10-23,282.70001220703125,282.70001220703125,216.46000671386719,248.22000122070312,5,0,0,1987-10-19,1987-10-23,0,True,True
1987-10-30,248.19999694824219,254.03999328613281,226.25999450683594,251.78999328613281,5,0,0,1987-10-26,1987-10-30,0,True,True
1987-11-06,251.72999572753906,257.20999145507812,242.77999877929688,250.41000366210938,5,0,0,1987-11-02,1987-11-06,0,True,True
1987-11-13,250.41000366210938,250.41000366210938,237.63999938964844,245.63999938964844,5,0,0,1987-11-09,1987-11-13,0,True,True
1987-11-20,245.69000244140625,249.53999328613281,235.88999938964844,242,5,0,0,1987-11-16,1987-11-20,0,True,True
1987-11-27,242,247.89999389648438,240.33999633789062,240.33999633789062,4,0,0,1987-11-23,1987-11-27,0,True,True
1987-12-04,240.27000427246094,240.33999633789062,221.24000549316406,223.91999816894531,5,0,0,1987-11-30,1987-12-04,0,True,True
1987-12-11,223.97999572753906,240.08999633789062,223.91999816894531,235.32000732421875,5,0,0,1987-12-07,1987-12-11,0,True,True
1987-12-18,235.30000305175781,249.17999267578125,235.03999328613281,249.16000366210938,5,0,0,1987-12-14,1987-12-18,0,True,True
1987-12-25,249.13999938964844,253.35000610351562,247.00999450683594,252.02999877929688,4,0,0,1987-12-21,1987-12-24,0,True,True
1988-01-01,252.00999450683594,252.02000427246094,244.19000244140625,247.08000183105469,4,0,0,1987-12-28,1987-12-31,0,True,True
1988-01-08,247.10000610351562,261.77999877929688,242.94999694824219,243.39999389648438,5,0,0,1988-01-04,1988-01-08,0,True,True
1988-01-15,243.3800048828125,253.64999389648438,240.46000671386719,252.05000305175781,5,0,0,1988-01-11,1988-01-15,0,True,True
1988-01-22,252.05000305175781,253.33000183105469,240.16999816894531,246.5,5,0,0,1988-01-18,1988-01-22,0,True,True
1988-01-29,246.52999877929688,257.07000732421875,246.5,257.07000732421875,5,0,0,1988-01-25,1988-01-29,0,True,True
1988-02-05,257.04998779296875,258.26998901367188,250.33999633789062,250.96000671386719,5,0,0,1988-02-01,1988-02-05,0,True,True
1988-02-12,250.94999694824219,258.8599853515625,247.82000732421875,257.6300048828125,5,0,0,1988-02-08,1988-02-12,0,True,True
1988-02-19,257.6099853515625,261.6099853515625,256.57000732421875,261.6099853515625,4,0,0,1988-02-16,1988-02-19,0,True,True
1988-02-26,261.60000610351562,267.75,260.8800048828125,262.45999145507812,5,0,0,1988-02-22,1988-02-26,0,True,True
1988-03-04,262.45999145507812,268.75,262.45999145507812,267.29998779296875,5,0,0,1988-02-29,1988-03-04,0,True,True
1988-03-11,267.27999877929688,270.760009765625,261.26998901367188,264.94000244140625,5,0,0,1988-03-07,1988-03-11,0,True,True
1988-03-18,264.92999267578125,272.6400146484375,264.51998901367188,271.1199951171875,5,0,0,1988-03-14,1988-03-18,0,True,True
1988-03-25,271.10000610351562,271.1199951171875,258.1199951171875,258.510009765625,5,0,0,1988-03-21,1988-03-25,0,True,True
1988-04-01,258.5,261.58999633789062,256.07000732421875,258.8900146484375,4,0,0,1988-03-28,1988-03-31,0,True,True
1988-04-08,258.8900146484375,270.22000122070312,255.67999267578125,269.42999267578125,5,0,0,1988-04-04,1988-04-08,0,True,True
1988-04-15,269.42999267578125,272.04998779296875,255.97000122070312,259.76998901367188,5,0,0,1988-04-11,1988-04-15,0,True,True
1988-04-22,259.75,262.3800048828125,254.71000671386719,260.1400146484375,5,0,0,1988-04-18,1988-04-22,0,True,True
1988-04-29,260.14999389648438,265.08999633789062,259.97000122070312,261.32998657226562,5,0,0,1988-04-25,1988-04-29,0,True,True
1988-05-06,261.3599853515625,263.70001220703125,257.02999877929688,257.48001098632812,5,0,0,1988-05-02,1988-05-06,0,True,True
1988-05-13,257.47000122070312,258.29998779296875,252.32000732421875,256.77999877929688,5,0,0,1988-05-09,1988-05-13,0,True,True
1988-05-20,256.75,260.20001220703125,248.85000610351562,253.02000427246094,5,0,0,1988-05-16,1988-05-20,0,True,True
1988-05-27,253,255.33999633789062,249.82000732421875,253.41999816894531,5,0,0,1988-05-23,1988-05-27,0,True,True
1988-06-03,253.44000244140625,267.42999267578125,253.41999816894531,266.45001220703125,4,0,0,1988-05-31,1988-06-03,0,True,True
1988-06-10,266.45999145507812,273.20999145507812,264.5,271.260009765625,5,0,0,1988-06-06,1988-06-10,0,True,True
1988-06-17,271.27999877929688,276.1400146484375,268.08999633789062,270.67999267578125,5,0,0,1988-06-13,1988-06-17,0,True,True
1988-06-24,270.67001342773438,276.8800048828125,267.51998901367188,273.77999877929688,5,0,0,1988-06-20,1988-06-24,0,True,True
1988-07-01,273.77999877929688,273.79998779296875,268.85000610351562,271.77999877929688,5,0,0,1988-06-27,1988-07-01,0,True,True
1988-07-08,271.77999877929688,276.3599853515625,269.30999755859375,270.01998901367188,4,0,0,1988-07-05,1988-07-08,0,True,True
1988-07-15,270.02999877929688,272.05999755859375,266.1199951171875,272.04998779296875,5,0,0,1988-07-11,1988-07-15,0,True,True
1988-07-22,271.989990234375,272.04998779296875,263.29000854492188,263.5,5,0,0,1988-07-18,1988-07-22,0,True,True
1988-07-29,263.489990234375,272.01998901367188,262.48001098632812,272.01998901367188,5,0,0,1988-07-25,1988-07-29,0,True,True
1988-08-05,272.02999877929688,274.20001220703125,270.07998657226562,271.14999389648438,5,0,0,1988-08-01,1988-08-05,0,True,True
1988-08-12,271.1300048828125,272.47000122070312,260.33999633789062,262.54998779296875,5,0,0,1988-08-08,1988-08-12,0,True,True
1988-08-19,262.489990234375,262.760009765625,257.5,260.239990234375,5,0,0,1988-08-15,1988-08-19,0,True,True
1988-08-26,260.239990234375,261.1300048828125,256.52999877929688,259.67999267578125,5,0,0,1988-08-22,1988-08-26,0,True,True
1988-09-02,259.67999267578125,264.89999389648438,256.98001098632812,264.48001098632812,5,0,0,1988-08-29,1988-09-02,0,True,True
1988-09-09,264.42001342773438,268.260009765625,263.66000366210938,266.83999633789062,4,0,0,1988-09-06,1988-09-09,0,True,True
1988-09-16,266.85000610351562,270.80999755859375,265.22000122070312,270.64999389648438,5,0,0,1988-09-12,1988-09-16,0,True,True
1988-09-23,270.6400146484375,270.64999389648438,267.41000366210938,269.760009765625,5,0,0,1988-09-19,1988-09-23,0,True,True
1988-09-30,269.76998901367188,274.8699951171875,267.76998901367188,271.91000366210938,5,0,0,1988-09-26,1988-09-30,0,True,True
1988-10-07,271.8900146484375,278.07000732421875,268.83999633789062,278.07000732421875,5,0,0,1988-10-03,1988-10-07,0,True,True
1988-10-14,278.05999755859375,278.69000244140625,273.04998779296875,275.5,5,0,0,1988-10-10,1988-10-14,0,True,True
1988-10-21,275.48001098632812,283.66000366210938,274.41000366210938,283.66000366210938,5,0,0,1988-10-17,1988-10-21,0,True,True
1988-10-28,283.6300048828125,283.95001220703125,276,278.52999877929688,5,0,0,1988-10-24,1988-10-28,0,True,True
1988-11-04,278.54000854492188,280.3699951171875,276.30999755859375,276.30999755859375,5,0,0,1988-10-31,1988-11-04,0,True,True
1988-11-11,276.29998779296875,276.30999755859375,267.92001342773438,267.92001342773438,5,0,0,1988-11-07,1988-11-11,0,True,True
1988-11-18,267.92999267578125,269.25,262.85000610351562,266.47000122070312,5,0,0,1988-11-14,1988-11-18,0,True,True
1988-11-25,266.35000610351562,269.55999755859375,263.41000366210938,267.23001098632812,4,0,0,1988-11-21,1988-11-25,0,True,True
1988-12-02,267.22000122070312,274.3599853515625,266.97000122070312,271.80999755859375,5,0,0,1988-11-28,1988-12-02,0,True,True
1988-12-09,274.92999267578125,279.010009765625,271.80999755859375,277.02999877929688,5,0,0,1988-12-05,1988-12-09,0,True,True
1988-12-16,277.02999877929688,278.82000732421875,274.010009765625,276.29000854492188,5,0,0,1988-12-12,1988-12-16,0,True,True
1988-12-23,276.29000854492188,280.45001220703125,275.6099853515625,277.8699951171875,5,0,0,1988-12-19,1988-12-23,0,True,True
1988-12-30,277.8699951171875,279.77999877929688,276.17001342773438,277.72000122070312,4,0,0,1988-12-27,1988-12-30,0,True,True
1989-01-06,277.72000122070312,282.05999755859375,273.80999755859375,280.67001342773438,4,0,0,1989-01-03,1989-01-06,0,True,True
1989-01-13,280.67001342773438,284.6300048828125,279.44000244140625,283.8699951171875,5,0,0,1989-01-09,1989-01-13,0,True,True
1989-01-20,283.8699951171875,287.89999389648438,282.64999389648438,286.6300048828125,5,0,0,1989-01-16,1989-01-20,0,True,True
1989-01-27,287.85000610351562,296.07998657226562,284.5,293.82000732421875,5,0,0,1989-01-23,1989-01-27,0,True,True
1989-02-03,293.82000732421875,298.32998657226562,293.54000854492188,296.97000122070312,5,0,0,1989-01-30,1989-02-03,0,True,True
1989-02-10,296.97000122070312,300.57000732421875,291.95999145507812,292.01998901367188,5,0,0,1989-02-06,1989-02-10,0,True,True
1989-02-17,292.01998901367188,297.1199951171875,290.8800048828125,296.760009765625,5,0,0,1989-02-13,1989-02-17,0,True,True
1989-02-24,296.760009765625,297.04000854492188,287.1300048828125,287.1300048828125,4,0,0,1989-02-21,1989-02-24,0,True,True
1989-03-03,287.1300048828125,291.17999267578125,286.260009765625,291.17999267578125,5,0,0,1989-02-27,1989-03-03,0,True,True
1989-03-10,291.20001220703125,295.6199951171875,291.17999267578125,292.8800048828125,5,0,0,1989-03-06,1989-03-10,0,True,True
1989-03-17,292.8800048828125,299.989990234375,291.07998657226562,292.69000244140625,5,0,0,1989-03-13,1989-03-17,0,True,True
1989-03-24,292.69000244140625,292.69000244140625,288.55999755859375,288.98001098632812,4,0,0,1989-03-20,1989-03-23,0,True,True
1989-03-31,288.98001098632812,294.95999145507812,288.07000732421875,294.8699951171875,5,0,0,1989-03-27,1989-03-31,0,True,True
1989-04-07,294.8699951171875,297.6199951171875,294.35000610351562,297.16000366210938,5,0,0,1989-04-03,1989-04-07,0,True,True
1989-04-14,297.16000366210938,301.3800048828125,296.26998901367188,301.3599853515625,5,0,0,1989-04-10,1989-04-14,0,True,True
1989-04-21,301.3599853515625,309.6099853515625,300.70999145507812,309.6099853515625,5,0,0,1989-04-17,1989-04-21,0,True,True
1989-04-28,309.6099853515625,310.45001220703125,306.07000732421875,309.6400146484375,5,0,0,1989-04-24,1989-04-28,0,True,True
1989-05-05,309.6400146484375,310.69000244140625,306.98001098632812,307.6099853515625,5,0,0,1989-05-01,1989-05-05,0,True,True
1989-05-12,307.6099853515625,313.83999633789062,304.05999755859375,313.83999633789062,5,0,0,1989-05-08,1989-05-12,0,True,True
1989-05-19,313.83999633789062,321.3800048828125,313.83999633789062,321.239990234375,5,0,0,1989-05-15,1989-05-19,0,True,True
1989-05-26,321.239990234375,323.05999755859375,317.57998657226562,321.58999633789062,5,0,0,1989-05-22,1989-05-26,0,True,True
1989-06-02,321.58999633789062,325.6300048828125,317.82998657226562,325.51998901367188,4,0,0,1989-05-30,1989-06-02,0,True,True
1989-06-09,325.51998901367188,327.3900146484375,321.26998901367188,326.69000244140625,5,0,0,1989-06-05,1989-06-09,0,True,True
1989-06-16,326.69000244140625,326.69000244140625,318.69000244140625,321.35000610351562,5,0,0,1989-06-12,1989-06-16,0,True,True
1989-06-23,321.35000610351562,328,319.25,328,5,0,0,1989-06-19,1989-06-23,0,True,True
1989-06-30,328,329.19000244140625,314.3800048828125,317.98001098632812,5,0,0,1989-06-26,1989-06-30,0,True,True
1989-07-07,317.98001098632812,325.8699951171875,317.260009765625,324.91000366210938,4,0,0,1989-07-03,1989-07-07,0,True,True
1989-07-14,324.92999267578125,331.8900146484375,324.91000366210938,331.83999633789062,5,0,0,1989-07-10,1989-07-14,0,True,True
1989-07-21,331.77999877929688,337.39999389648438,330.75,335.89999389648438,5,0,0,1989-07-17,1989-07-21,0,True,True
1989-07-28,335.89999389648438,342.95999145507812,332.60000610351562,342.14999389648438,5,0,0,1989-07-24,1989-07-28,0,True,True
1989-08-04,342.1300048828125,347.989990234375,342.01998901367188,343.92001342773438,5,0,0,1989-07-31,1989-08-04,0,True,True
1989-08-11,343.92001342773438,351.17999267578125,343.91000366210938,344.739990234375,5,0,0,1989-08-07,1989-08-11,0,True,True
1989-08-18,344.70999145507812,346.3900146484375,341.95999145507812,346.02999877929688,5,0,0,1989-08-14,1989-08-18,0,True,True
1989-08-25,346.02999877929688,352.73001098632812,339,350.51998901367188,5,0,0,1989-08-21,1989-08-25,0,True,True
1989-09-01,350.51998901367188,353.89999389648438,348.66000366210938,353.73001098632812,5,0,0,1989-08-28,1989-09-01,0,True,True
1989-09-08,353.73001098632812,354.1300048828125,345.739990234375,348.760009765625,4,0,0,1989-09-05,1989-09-08,0,True,True
1989-09-15,348.760009765625,350.10000610351562,341.3699951171875,345.05999755859375,5,0,0,1989-09-11,1989-09-15,0,True,True
1989-09-22,345.05999755859375,348.45999145507812,344.60000610351562,347.04998779296875,5,0,0,1989-09-18,1989-09-22,0,True,True
1989-09-29,347.04998779296875,350.30999755859375,342.85000610351562,349.14999389648438,5,0,0,1989-09-25,1989-09-29,0,True,True
1989-10-06,349.14999389648438,359.04998779296875,348.35000610351562,358.77999877929688,5,0,0,1989-10-02,1989-10-06,0,True,True
1989-10-13,358.760009765625,360.44000244140625,332.80999755859375,333.64999389648438,5,0,0,1989-10-09,1989-10-13,0,True,True
1989-10-20,333.64999389648438,348.82000732421875,327.1199951171875,347.16000366210938,5,0,0,1989-10-16,1989-10-20,0,True,True
1989-10-27,347.1099853515625,348.19000244140625,333.260009765625,335.05999755859375,5,0,0,1989-10-23,1989-10-27,0,True,True
1989-11-03,335.05999755859375,341.739990234375,334.48001098632812,337.6199951171875,5,0,0,1989-10-30,1989-11-03,0,True,True
1989-11-10,337.6099853515625,339.41000366210938,330.91000366210938,339.10000610351562,5,0,0,1989-11-06,1989-11-10,0,True,True
1989-11-17,339.07998657226562,342.239990234375,337.05999755859375,341.6099853515625,5,0,0,1989-11-13,1989-11-17,0,True,True
1989-11-24,341.6099853515625,344.239990234375,337.52999877929688,343.97000122070312,4,0,0,1989-11-20,1989-11-24,0,True,True
1989-12-01,343.98001098632812,351.8800048828125,343.3599853515625,350.6300048828125,5,0,0,1989-11-27,1989-12-01,0,True,True
1989-12-08,350.6300048828125,352.239990234375,346,348.69000244140625,5,0,0,1989-12-04,1989-12-08,0,True,True
1989-12-15,348.67999267578125,354.10000610351562,346.07998657226562,350.1400146484375,5,0,0,1989-12-11,1989-12-15,0,True,True
1989-12-22,350.1400146484375,350.8800048828125,339.6300048828125,347.42001342773438,5,0,0,1989-12-18,1989-12-22,0,True,True
1989-12-29,347.42001342773438,353.41000366210938,346.52999877929688,353.39999389648438,4,0,0,1989-12-26,1989-12-29,0,True,True
1990-01-05,353.39999389648438,360.58999633789062,351.35000610351562,352.20001220703125,4,0,0,1990-01-02,1990-01-05,0,True,True
1990-01-12,352.20001220703125,354.239990234375,339.489990234375,339.92999267578125,5,0,0,1990-01-08,1990-01-12,0,True,True
1990-01-19,339.92999267578125,342.010009765625,333.3699951171875,339.14999389648438,5,0,0,1990-01-15,1990-01-19,0,True,True
1990-01-26,339.1400146484375,339.95999145507812,321.44000244140625,325.79998779296875,5,0,0,1990-01-22,1990-01-26,0,True,True
1990-02-02,325.79998779296875,332.10000610351562,319.82998657226562,330.92001342773438,5,0,0,1990-01-29,1990-02-02,0,True,True
1990-02-09,330.92001342773438,336.08999633789062,326.54998779296875,333.6199951171875,5,0,0,1990-02-05,1990-02-09,0,True,True
1990-02-16,333.6199951171875,335.6400146484375,327.92001342773438,332.72000122070312,5,0,0,1990-02-12,1990-02-16,0,True,True
1990-02-23,332.72000122070312,332.72000122070312,322.10000610351562,324.14999389648438,4,0,0,1990-02-20,1990-02-23,0,True,True
1990-03-02,324.16000366210938,335.54000854492188,323.98001098632812,335.54000854492188,5,0,0,1990-02-26,1990-03-02,0,True,True
1990-03-09,335.54000854492188,340.66000366210938,333.489990234375,337.92999267578125,5,0,0,1990-03-05,1990-03-09,0,True,True
1990-03-16,337.92999267578125,341.91000366210938,334.92999267578125,341.91000366210938,5,0,0,1990-03-12,1990-03-16,0,True,True
1990-03-23,341.91000366210938,344.489990234375,333.6199951171875,337.22000122070312,5,0,0,1990-03-19,1990-03-23,0,True,True
1990-03-30,337.22000122070312,342.57998657226562,337.02999877929688,339.94000244140625,5,0,0,1990-03-26,1990-03-30,0,True,True
1990-04-06,339.94000244140625,344.1199951171875,336.32998657226562,340.07998657226562,5,0,0,1990-04-02,1990-04-06,0,True,True
1990-04-13,340.07998657226562,344.79000854492188,339.8800048828125,344.33999633789062,4,0,0,1990-04-09,1990-04-12,0,True,True
1990-04-20,344.33999633789062,347.29998779296875,333.41000366210938,335.1199951171875,5,0,0,1990-04-16,1990-04-20,0,True,True
1990-04-27,335.1199951171875,335.1199951171875,328.70999145507812,329.1099853515625,5,0,0,1990-04-23,1990-04-27,0,True,True
1990-05-04,329.1099853515625,338.45999145507812,327.760009765625,338.3900146484375,5,0,0,1990-04-30,1990-05-04,0,True,True
1990-05-11,338.3900146484375,352.30999755859375,338.1099853515625,352,5,0,0,1990-05-07,1990-05-11,0,True,True
1990-05-18,352,358.41000366210938,351.95001220703125,354.6400146484375,5,0,0,1990-05-14,1990-05-18,0,True,True
1990-05-25,354.6400146484375,360.5,353.77999877929688,354.57998657226562,5,0,0,1990-05-21,1990-05-25,0,True,True
1990-06-01,354.57998657226562,363.51998901367188,354.54998779296875,363.16000366210938,4,0,0,1990-05-29,1990-06-01,0,True,True
1990-06-08,363.16000366210938,368.77999877929688,357.67999267578125,358.70999145507812,5,0,0,1990-06-04,1990-06-08,0,True,True
1990-06-15,358.70999145507812,367.26998901367188,357.70001220703125,362.91000366210938,5,0,0,1990-06-11,1990-06-15,0,True,True
1990-06-22,362.91000366210938,363.20001220703125,355.30999755859375,355.42999267578125,5,0,0,1990-06-18,1990-06-22,0,True,True
1990-06-29,355.42001342773438,359.08999633789062,351.23001098632812,358.01998901367188,5,0,0,1990-06-25,1990-06-29,0,True,True
1990-07-06,358.01998901367188,360.73001098632812,354.6400146484375,358.42001342773438,4,0,0,1990-07-02,1990-07-06,0,True,True
1990-07-13,358.42001342773438,369.67999267578125,356.41000366210938,367.30999755859375,5,0,0,1990-07-09,1990-07-13,0,True,True
1990-07-20,367.30999755859375,369.77999877929688,361.29000854492188,361.6099853515625,5,0,0,1990-07-16,1990-07-20,0,True,True
1990-07-27,361.6099853515625,361.6099853515625,350.08999633789062,353.44000244140625,5,0,0,1990-07-23,1990-07-27,0,True,True
1990-08-03,353.44000244140625,357.54000854492188,338.20001220703125,344.8599853515625,5,0,0,1990-07-30,1990-08-03,0,True,True
1990-08-10,344.8599853515625,344.8599853515625,332.22000122070312,335.51998901367188,5,0,0,1990-08-06,1990-08-10,0,True,True
1990-08-17,335.3900146484375,341.92001342773438,324.6300048828125,327.82998657226562,5,0,0,1990-08-13,1990-08-17,0,True,True
1990-08-24,327.82998657226562,329.89999389648438,306.17999267578125,311.510009765625,5,0,0,1990-08-20,1990-08-24,0,True,True
1990-08-31,311.54998779296875,325.82998657226562,311.54998779296875,322.55999755859375,5,0,0,1990-08-27,1990-08-31,0,True,True
1990-09-07,322.55999755859375,324.51998901367188,319.1099853515625,323.39999389648438,4,0,0,1990-09-04,1990-09-07,0,True,True
1990-09-14,323.42001342773438,326.52999877929688,314.760009765625,316.82998657226562,5,0,0,1990-09-10,1990-09-14,0,True,True
1990-09-21,316.82998657226562,319.35000610351562,307.98001098632812,311.32000732421875,5,0,0,1990-09-17,1990-09-21,0,True,True
1990-09-28,311.29998779296875,311.29998779296875,295.98001098632812,306.04998779296875,5,0,0,1990-09-24,1990-09-28,0,True,True
1990-10-05,306.10000610351562,319.69000244140625,305.760009765625,311.5,5,0,0,1990-10-01,1990-10-05,0,True,True
1990-10-12,311.5,315.02999877929688,294.510009765625,300.02999877929688,5,0,0,1990-10-08,1990-10-12,0,True,True
1990-10-19,300.02999877929688,312.48001098632812,296.41000366210938,312.48001098632812,5,0,0,1990-10-15,1990-10-19,0,True,True
1990-10-26,312.48001098632812,315.82998657226562,304.70999145507812,304.70999145507812,5,0,0,1990-10-22,1990-10-26,0,True,True
1990-11-02,304.739990234375,311.94000244140625,299.44000244140625,311.85000610351562,5,0,0,1990-10-29,1990-11-02,0,True,True
1990-11-09,311.85000610351562,314.760009765625,305.02999877929688,313.739990234375,5,0,0,1990-11-05,1990-11-09,0,True,True
1990-11-16,313.739990234375,321.70001220703125,313.73001098632812,317.1199951171875,5,0,0,1990-11-12,1990-11-16,0,True,True
1990-11-23,317.14999389648438,319.3900146484375,312.42001342773438,315.10000610351562,4,0,0,1990-11-19,1990-11-23,0,True,True
1990-11-30,315.07998657226562,323.01998901367188,311.48001098632812,322.22000122070312,5,0,0,1990-11-26,1990-11-30,0,True,True
1990-12-07,322.23001098632812,333.98001098632812,321.97000122070312,327.75,5,0,0,1990-12-03,1990-12-07,0,True,True
1990-12-14,327.75,330.57998657226562,325.16000366210938,326.82000732421875,5,0,0,1990-12-10,1990-12-14,0,True,True
1990-12-21,326.82000732421875,332.47000122070312,324.45999145507812,331.75,5,0,0,1990-12-17,1990-12-21,0,True,True
1990-12-28,331.739990234375,331.739990234375,327.239990234375,328.72000122070312,4,0,0,1990-12-24,1990-12-28,0,True,True
1991-01-04,328.70999145507812,330.75,318.8699951171875,321,4,0,0,1990-12-31,1991-01-04,0,True,True
1991-01-11,320.97000122070312,320.97000122070312,310.92999267578125,315.23001098632812,5,0,0,1991-01-07,1991-01-11,0,True,True
1991-01-18,315.23001098632812,332.23001098632812,309.35000610351562,332.23001098632812,5,0,0,1991-01-14,1991-01-18,0,True,True
1991-01-25,332.23001098632812,336.92001342773438,327.82998657226562,336.07000732421875,5,0,0,1991-01-21,1991-01-25,0,True,True
1991-02-01,336.05999755859375,344.89999389648438,334.260009765625,343.04998779296875,5,0,0,1991-01-28,1991-02-01,0,True,True
1991-02-08,343.04998779296875,363.42999267578125,342.95999145507812,359.35000610351562,5,0,0,1991-02-04,1991-02-08,0,True,True
1991-02-15,359.3599853515625,370.54000854492188,359.32000732421875,369.05999755859375,5,0,0,1991-02-11,1991-02-15,0,True,True
1991-02-22,369.05999755859375,370.95999145507812,364.23001098632812,365.64999389648438,4,0,0,1991-02-19,1991-02-22,0,True,True
1991-03-01,365.64999389648438,370.47000122070312,362.19000244140625,370.47000122070312,5,0,0,1991-02-25,1991-03-01,0,True,True
1991-03-08,370.47000122070312,379.66000366210938,369.07000732421875,374.95001220703125,5,0,0,1991-03-04,1991-03-08,0,True,True
1991-03-15,374.94000244140625,378.27999877929688,369.54998779296875,373.58999633789062,5,0,0,1991-03-11,1991-03-15,0,True,True
1991-03-22,373.58999633789062,374.08999633789062,365.57998657226562,367.48001098632812,5,0,0,1991-03-18,1991-03-22,0,True,True
1991-03-29,367.48001098632812,378.48001098632812,367.45999145507812,375.22000122070312,4,0,0,1991-03-25,1991-03-28,0,True,True
1991-04-05,375.22000122070312,381.8800048828125,370.26998901367188,375.3599853515625,5,0,0,1991-04-01,1991-04-05,0,True,True
1991-04-12,375.35000610351562,381.07000732421875,371.20999145507812,380.39999389648438,5,0,0,1991-04-08,1991-04-12,0,True,True
1991-04-19,380.39999389648438,391.260009765625,378.77999877929688,384.20001220703125,5,0,0,1991-04-15,1991-04-19,0,True,True
1991-04-26,384.19000244140625,384.19000244140625,376.76998901367188,379.01998901367188,5,0,0,1991-04-22,1991-04-26,0,True,True
1991-05-03,379.010009765625,382.1400146484375,373.010009765625,380.79998779296875,5,0,0,1991-04-29,1991-05-03,0,True,True
1991-05-10,380.77999877929688,383.91000366210938,375.6099853515625,375.739990234375,5,0,0,1991-05-06,1991-05-10,0,True,True
1991-05-17,375.739990234375,377.01998901367188,365.82998657226562,372.3900146484375,5,0,0,1991-05-13,1991-05-17,0,True,True
1991-05-24,372.3900146484375,378.07998657226562,371.260009765625,377.489990234375,5,0,0,1991-05-20,1991-05-24,0,True,True
1991-05-31,377.489990234375,389.85000610351562,377.1199951171875,389.82998657226562,4,0,0,1991-05-28,1991-05-31,0,True,True
1991-06-07,389.80999755859375,389.80999755859375,378.760009765625,379.42999267578125,5,0,0,1991-06-03,1991-06-07,0,True,True
1991-06-14,379.42999267578125,382.29998779296875,374.45999145507812,382.29000854492188,5,0,0,1991-06-10,1991-06-14,0,True,True
1991-06-21,382.29998779296875,382.30999755859375,373.8699951171875,377.75,5,0,0,1991-06-17,1991-06-21,0,True,True
1991-06-28,377.739990234375,377.739990234375,367.98001098632812,371.16000366210938,5,0,0,1991-06-24,1991-06-28,0,True,True
1991-07-05,371.17999267578125,377.92999267578125,371.17999267578125,374.07998657226562,4,0,0,1991-07-01,1991-07-05,0,True,True
1991-07-12,374.08999633789062,381.41000366210938,370.92001342773438,380.25,5,0,0,1991-07-08,1991-07-12,0,True,True
1991-07-19,380.27999877929688,385.82998657226562,380.239990234375,384.22000122070312,5,0,0,1991-07-15,1991-07-19,0,True,True
1991-07-26,384.20999145507812,384.8599853515625,378.14999389648438,380.92999267578125,5,0,0,1991-07-22,1991-07-26,0,True,True
1991-08-02,380.92999267578125,389.55999755859375,380.45001220703125,387.17999267578125,5,0,0,1991-07-29,1991-08-02,0,True,True
1991-08-09,387.17001342773438,391.79998779296875,384.29000854492188,387.1199951171875,5,0,0,1991-08-05,1991-08-09,0,True,True
1991-08-16,387.1099853515625,392.1199951171875,383.16000366210938,385.57998657226562,5,0,0,1991-08-12,1991-08-16,0,True,True
1991-08-23,385.57998657226562,395.33999633789062,374.08999633789062,394.17001342773438,5,0,0,1991-08-19,1991-08-23,0,True,True
1991-08-30,394.17001342773438,396.82000732421875,391.76998901367188,395.42999267578125,5,0,0,1991-08-26,1991-08-30,0,True,True
1991-09-06,395.42999267578125,397.6199951171875,387.3599853515625,389.10000610351562,4,0,0,1991-09-03,1991-09-06,0,True,True
1991-09-13,389.1099853515625,389.33999633789062,382.85000610351562,383.58999633789062,5,0,0,1991-09-09,1991-09-13,0,True,True
1991-09-20,383.58999633789062,389.42001342773438,382.76998901367188,387.92001342773438,5,0,0,1991-09-16,1991-09-20,0,True,True
1991-09-27,387.89999389648438,389.08999633789062,384.45999145507812,385.89999389648438,5,0,0,1991-09-23,1991-09-27,0,True,True
1991-10-04,385.91000366210938,390.02999877929688,381.239990234375,381.25,5,0,0,1991-09-30,1991-10-04,0,True,True
1991-10-11,381.22000122070312,381.45999145507812,376.1099853515625,381.45001220703125,5,0,0,1991-10-07,1991-10-11,0,True,True
1991-10-18,381.45001220703125,393.80999755859375,381.45001220703125,392.5,5,0,0,1991-10-14,1991-10-18,0,True,True
1991-10-25,392.489990234375,392.489990234375,382.97000122070312,384.20001220703125,5,0,0,1991-10-21,1991-10-25,0,True,True
1991-11-01,384.20001220703125,395.10000610351562,384.20001220703125,391.32000732421875,5,0,0,1991-10-28,1991-11-01,0,True,True
1991-11-08,391.29000854492188,396.42999267578125,387.57998657226562,392.8900146484375,5,0,0,1991-11-04,1991-11-08,0,True,True
1991-11-15,392.89999389648438,398.22000122070312,382.6199951171875,382.6199951171875,5,0,0,1991-11-11,1991-11-15,0,True,True
1991-11-22,382.6199951171875,385.39999389648438,374.51998901367188,376.1400146484375,5,0,0,1991-11-18,1991-11-22,0,True,True
1991-11-29,376.1400146484375,378.29000854492188,371.6300048828125,375.22000122070312,4,0,0,1991-11-25,1991-11-29,0,True,True
1991-12-06,375.1099853515625,382.3900146484375,371.3599853515625,379.10000610351562,5,0,0,1991-12-02,1991-12-06,0,True,True
1991-12-13,379.08999633789062,385.04000854492188,374.77999877929688,384.47000122070312,5,0,0,1991-12-09,1991-12-13,0,True,True
1991-12-20,384.48001098632812,388.239990234375,380.6400146484375,387.04000854492188,5,0,0,1991-12-16,1991-12-20,0,True,True
1991-12-27,387.04998779296875,406.57998657226562,386.95999145507812,406.45999145507812,4,0,0,1991-12-23,1991-12-27,0,True,True
1992-01-03,406.489990234375,419.79000854492188,406.489990234375,419.33999633789062,4,0,0,1991-12-30,1992-01-03,0,True,True
1992-01-10,419.30999755859375,420.5,413.30999755859375,415.10000610351562,5,0,0,1992-01-06,1992-01-10,0,True,True
1992-01-17,415.04998779296875,421.17999267578125,413.54000854492188,418.8599853515625,5,0,0,1992-01-13,1992-01-17,0,True,True
1992-01-24,418.8599853515625,419.77999877929688,411.32000732421875,415.48001098632812,5,0,0,1992-01-20,1992-01-24,0,True,True
1992-01-31,415.44000244140625,417.82998657226562,408.6400146484375,408.77999877929688,5,0,0,1992-01-27,1992-01-31,0,True,True
1992-02-07,408.79000854492188,416.17001342773438,407.45001220703125,411.08999633789062,5,0,0,1992-02-03,1992-02-07,0,True,True
1992-02-14,411.07000732421875,418.07998657226562,411.07000732421875,412.48001098632812,5,0,0,1992-02-10,1992-02-14,0,True,True
1992-02-21,412.48001098632812,414.260009765625,406.33999633789062,411.42999267578125,4,0,0,1992-02-18,1992-02-21,0,True,True
1992-02-28,411.45999145507812,416.07000732421875,408.01998901367188,412.70001220703125,5,0,0,1992-02-24,1992-02-28,0,True,True
1992-03-06,412.67999267578125,413.77999877929688,403.64999389648438,404.44000244140625,5,0,0,1992-03-02,1992-03-06,0,True,True
1992-03-13,404.45001220703125,409.16000366210938,401.94000244140625,405.83999633789062,5,0,0,1992-03-09,1992-03-13,0,True,True
1992-03-20,405.85000610351562,411.29998779296875,403.54998779296875,411.29998779296875,5,0,0,1992-03-16,1992-03-20,0,True,True
1992-03-27,411.29000854492188,411.42999267578125,402.8699951171875,403.5,5,0,0,1992-03-23,1992-03-27,0,True,True
1992-04-03,403.5,405.20999145507812,398.20999145507812,401.54998779296875,5,0,0,1992-03-30,1992-04-03,0,True,True
1992-04-10,401.54000854492188,405.92999267578125,392.41000366210938,404.29000854492188,5,0,0,1992-04-06,1992-04-10,0,True,True
1992-04-17,404.27999877929688,416.27999877929688,403.89999389648438,416.04000854492188,4,0,0,1992-04-13,1992-04-16,0,True,True
1992-04-24,416.04998779296875,416.04998779296875,406.8599853515625,409.01998901367188,5,0,0,1992-04-20,1992-04-24,0,True,True
1992-05-01,409.02999877929688,415.20999145507812,406.32998657226562,412.52999877929688,5,0,0,1992-04-27,1992-05-01,0,True,True
1992-05-08,412.54000854492188,418.52999877929688,412.54000854492188,416.04998779296875,5,0,0,1992-05-04,1992-05-08,0,True,True
1992-05-15,416.04998779296875,418.75,409.85000610351562,410.08999633789062,5,0,0,1992-05-11,1992-05-15,0,True,True
1992-05-22,410.1300048828125,416.82998657226562,410.1300048828125,414.01998901367188,5,0,0,1992-05-18,1992-05-22,0,True,True
1992-05-29,414.01998901367188,418.3599853515625,410.23001098632812,415.35000610351562,4,0,0,1992-05-26,1992-05-29,0,True,True
1992-06-05,415.35000610351562,417.29998779296875,410.97000122070312,413.48001098632812,5,0,0,1992-06-01,1992-06-05,0,True,True
1992-06-12,413.48001098632812,413.95001220703125,406.1099853515625,409.760009765625,5,0,0,1992-06-08,1992-06-12,0,True,True
1992-06-19,409.760009765625,411.67999267578125,400.510009765625,403.67001342773438,5,0,0,1992-06-15,1992-06-19,0,True,True
1992-06-26,403.6400146484375,405.52999877929688,399.92001342773438,403.45001220703125,5,0,0,1992-06-22,1992-06-26,0,True,True
1992-07-03,403.47000122070312,415.70999145507812,403.47000122070312,411.76998901367188,4,0,0,1992-06-29,1992-07-02,0,True,True
1992-07-10,411.76998901367188,415.8800048828125,407.20001220703125,414.6199951171875,5,0,0,1992-07-06,1992-07-10,0,True,True
1992-07-17,414.6199951171875,417.92999267578125,412.95999145507812,415.6199951171875,5,0,0,1992-07-13,1992-07-17,0,True,True
1992-07-24,415.6199951171875,415.6199951171875,409.80999755859375,411.60000610351562,5,0,0,1992-07-20,1992-07-24,0,True,True
1992-07-31,411.60000610351562,424.79998779296875,411.26998901367188,424.20999145507812,5,0,0,1992-07-27,1992-07-31,0,True,True
1992-08-07,424.19000244140625,425.1400146484375,418.510009765625,418.8800048828125,5,0,0,1992-08-03,1992-08-07,0,True,True
1992-08-14,418.8699951171875,420.39999389648438,416.39999389648438,419.91000366210938,5,0,0,1992-08-10,1992-08-14,0,True,True
1992-08-21,419.8900146484375,421.8900146484375,413.57998657226562,414.85000610351562,5,0,0,1992-08-17,1992-08-21,0,True,True
1992-08-28,414.79998779296875,415.82998657226562,408.29998779296875,414.83999633789062,5,0,0,1992-08-24,1992-08-28,0,True,True
1992-09-04,414.8699951171875,420.30999755859375,413.35000610351562,417.07998657226562,5,0,0,1992-08-31,1992-09-04,0,True,True
1992-09-11,417.07998657226562,420.57998657226562,414.29998779296875,419.57998657226562,4,0,0,1992-09-08,1992-09-11,0,True,True
1992-09-18,419.64999389648438,425.26998901367188,417.76998901367188,422.92999267578125,5,0,0,1992-09-14,1992-09-18,0,True,True
1992-09-25,422.89999389648438,422.89999389648438,412.70999145507812,414.35000610351562,5,0,0,1992-09-21,1992-09-25,0,True,True
1992-10-02,414.35000610351562,418.67001342773438,410.45001220703125,410.47000122070312,5,0,0,1992-09-28,1992-10-02,0,True,True
1992-10-09,410.47000122070312,410.47000122070312,396.79998779296875,402.66000366210938,5,0,0,1992-10-05,1992-10-09,0,True,True
1992-10-16,402.66000366210938,411.73001098632812,402.66000366210938,411.73001098632812,5,0,0,1992-10-12,1992-10-16,0,True,True
1992-10-23,411.73001098632812,417.98001098632812,410.66000366210938,414.10000610351562,5,0,0,1992-10-19,1992-10-23,0,True,True
1992-10-30,414.08999633789062,421.16000366210938,413.70999145507812,418.67999267578125,5,0,0,1992-10-26,1992-10-30,0,True,True
1992-11-06,418.66000366210938,422.80999755859375,415.57998657226562,417.57998657226562,5,0,0,1992-11-02,1992-11-06,0,True,True
1992-11-13,417.57998657226562,423.10000610351562,416.79000854492188,422.42999267578125,5,0,0,1992-11-09,1992-11-13,0,True,True
1992-11-20,422.44000244140625,426.98001098632812,418.30999755859375,426.64999389648438,5,0,0,1992-11-16,1992-11-20,0,True,True
1992-11-27,426.64999389648438,431.92999267578125,424.82998657226562,430.16000366210938,4,0,0,1992-11-23,1992-11-27,0,True,True
1992-12-04,430.19000244140625,432.8900146484375,428.6099853515625,432.05999755859375,5,0,0,1992-11-30,1992-12-04,0,True,True
1992-12-11,432.05999755859375,436.989990234375,432.05999755859375,433.73001098632812,5,0,0,1992-12-07,1992-12-11,0,True,True
1992-12-18,433.73001098632812,441.29000854492188,430.8800048828125,441.27999877929688,5,0,0,1992-12-14,1992-12-18,0,True,True
1992-12-25,441.260009765625,441.6400146484375,438.25,439.76998901367188,4,0,0,1992-12-21,1992-12-24,0,True,True
1993-01-01,439.76998901367188,442.64999389648438,435.70999145507812,435.70999145507812,4,0,0,1992-12-28,1992-12-31,0,True,True
1993-01-08,435.70001220703125,437.32000732421875,426.8800048828125,429.04998779296875,5,0,0,1993-01-04,1993-01-08,0,True,True
1993-01-15,429.04000854492188,439.489990234375,428.19000244140625,437.14999389648438,5,0,0,1993-01-11,1993-01-15,0,True,True
1993-01-22,437.1300048828125,437.80999755859375,432.48001098632812,436.1099853515625,5,0,0,1993-01-18,1993-01-22,0,True,True
1993-01-29,436.1099853515625,442.66000366210938,436.1099853515625,438.77999877929688,5,0,0,1993-01-25,1993-01-29,0,True,True
1993-02-05,438.77999877929688,449.8599853515625,438.77999877929688,448.92999267578125,5,0,0,1993-02-01,1993-02-05,0,True,True
1993-02-12,448.94000244140625,450.04000854492188,444.239990234375,444.57998657226562,5,0,0,1993-02-08,1993-02-12,0,True,True
1993-02-19,444.52999877929688,444.52999877929688,428.25,434.22000122070312,4,0,0,1993-02-16,1993-02-19,0,True,True
1993-02-26,434.20999145507812,443.76998901367188,432.41000366210938,443.3800048828125,5,0,0,1993-02-22,1993-02-26,0,True,True
1993-03-05,443.3800048828125,450,441.07000732421875,446.1099853515625,5,0,0,1993-03-01,1993-03-05,0,True,True
1993-03-12,446.1199951171875,456.760009765625,446.1199951171875,449.82998657226562,5,0,0,1993-03-08,1993-03-12,0,True,True
1993-03-19,449.82998657226562,453.32000732421875,447.989990234375,450.17999267578125,5,0,0,1993-03-15,1993-03-19,0,True,True
1993-03-26,450.17001342773438,452.08999633789062,446.07998657226562,447.77999877929688,5,0,0,1993-03-22,1993-03-26,0,True,True
1993-04-02,447.760009765625,454.8800048828125,440.70999145507812,441.3900146484375,5,0,0,1993-03-29,1993-04-02,0,True,True
1993-04-09,441.42001342773438,443.76998901367188,439.48001098632812,441.83999633789062,4,0,0,1993-04-05,1993-04-08,0,True,True
1993-04-16,441.83999633789062,450.39999389648438,441.83999633789062,448.94000244140625,5,0,0,1993-04-12,1993-04-16,0,True,True
1993-04-23,448.94000244140625,449.1400146484375,436.82000732421875,437.02999877929688,5,0,0,1993-04-19,1993-04-23,0,True,True
1993-04-30,437.02999877929688,442.29000854492188,432.29998779296875,440.19000244140625,5,0,0,1993-04-26,1993-04-30,0,True,True
1993-05-07,440.19000244140625,446.08999633789062,438.25,442.30999755859375,5,0,0,1993-05-03,1993-05-07,0,True,True
1993-05-14,442.33999633789062,445.42001342773438,438.10000610351562,439.55999755859375,5,0,0,1993-05-10,1993-05-14,0,True,True
1993-05-21,439.55999755859375,450.58999633789062,436.8599853515625,445.83999633789062,5,0,0,1993-05-17,1993-05-21,0,True,True
1993-05-28,445.83999633789062,454.54998779296875,445.260009765625,450.19000244140625,5,0,0,1993-05-24,1993-05-28,0,True,True
1993-06-04,450.23001098632812,455.6300048828125,448.92001342773438,450.05999755859375,4,0,0,1993-06-01,1993-06-04,0,True,True
1993-06-11,450.07000732421875,450.75,444.08999633789062,447.260009765625,5,0,0,1993-06-07,1993-06-11,0,True,True
1993-06-18,447.260009765625,448.98001098632812,443.6099853515625,443.67999267578125,5,0,0,1993-06-14,1993-06-18,0,True,True
1993-06-25,443.67999267578125,448.6400146484375,442.5,447.60000610351562,5,0,0,1993-06-21,1993-06-25,0,True,True
1993-07-02,447.60000610351562,451.89999389648438,445.20001220703125,445.83999633789062,5,0,0,1993-06-28,1993-07-02,0,True,True
1993-07-09,445.8599853515625,448.94000244140625,441.39999389648438,448.1099853515625,4,0,0,1993-07-06,1993-07-09,0,True,True
1993-07-16,448.1300048828125,451.1199951171875,445.66000366210938,445.75,5,0,0,1993-07-12,1993-07-16,0,True,True
1993-07-23,445.75,447.6300048828125,443.70999145507812,447.10000610351562,5,0,0,1993-07-19,1993-07-23,0,True,True
1993-07-30,447.05999755859375,450.76998901367188,446.58999633789062,448.1300048828125,5,0,0,1993-07-26,1993-07-30,0,True,True
1993-08-06,448.1300048828125,450.42999267578125,446.94000244140625,448.67999267578125,5,0,0,1993-08-02,1993-08-06,0,True,True
1993-08-13,448.67999267578125,451.6300048828125,447.52999877929688,450.1400146484375,5,0,0,1993-08-09,1993-08-13,0,True,True
1993-08-20,450.25,456.989990234375,450.25,456.16000366210938,5,0,0,1993-08-16,1993-08-20,0,True,True
1993-08-27,456.1199951171875,462.8699951171875,454.29000854492188,460.54000854492188,5,0,0,1993-08-23,1993-08-27,0,True,True
1993-09-03,460.54000854492188,463.79998779296875,459.91000366210938,461.33999633789062,5,0,0,1993-08-30,1993-09-03,0,True,True
1993-09-10,461.33999633789062,462.07000732421875,453.75,461.72000122070312,4,0,0,1993-09-07,1993-09-10,0,True,True
1993-09-17,461.70001220703125,463.3800048828125,456.30999755859375,458.82998657226562,5,0,0,1993-09-13,1993-09-17,0,True,True
1993-09-24,458.83999633789062,459.91000366210938,449.6400146484375,457.6300048828125,5,0,0,1993-09-20,1993-09-24,0,True,True
1993-10-01,457.6300048828125,462.17001342773438,457.6300048828125,461.27999877929688,5,0,0,1993-09-27,1993-10-01,0,True,True
1993-10-08,461.27999877929688,463.14999389648438,456.39999389648438,460.30999755859375,5,0,0,1993-10-04,1993-10-08,0,True,True
1993-10-15,460.30999755859375,471.10000610351562,460.30999755859375,469.5,5,0,0,1993-10-11,1993-10-15,0,True,True
1993-10-22,469.5,470.04000854492188,463.26998901367188,463.26998901367188,5,0,0,1993-10-18,1993-10-22,0,True,True
1993-10-29,463.26998901367188,468.760009765625,462.04998779296875,467.82998657226562,5,0,0,1993-10-25,1993-10-29,0,True,True
1993-11-05,467.82998657226562,469.1099853515625,454.3599853515625,459.57000732421875,5,0,0,1993-11-01,1993-11-05,0,True,True
1993-11-12,459.57000732421875,465.83999633789062,458.77999877929688,465.3900146484375,5,0,0,1993-11-08,1993-11-12,0,True,True
1993-11-19,465.3900146484375,467.239990234375,460.02999877929688,462.60000610351562,5,0,0,1993-11-15,1993-11-19,0,True,True
1993-11-26,462.60000610351562,463.6300048828125,457.07998657226562,463.05999755859375,4,0,0,1993-11-22,1993-11-26,0,True,True
1993-12-03,463.05999755859375,464.8900146484375,460.45001220703125,464.8900146484375,5,0,0,1993-11-29,1993-12-03,0,True,True
1993-12-10,464.8900146484375,466.8900146484375,462.66000366210938,463.92999267578125,5,0,0,1993-12-06,1993-12-10,0,True,True
1993-12-17,463.92999267578125,466.3800048828125,461.83999633789062,466.3800048828125,5,0,0,1993-12-13,1993-12-17,0,True,True
1993-12-24,466.3800048828125,468.97000122070312,464.02999877929688,467.3800048828125,4,0,0,1993-12-20,1993-12-23,0,True,True
1993-12-31,467.39999389648438,471.29000854492188,466.45001220703125,466.45001220703125,5,0,0,1993-12-27,1993-12-31,0,True,True
1994-01-07,466.510009765625,470.260009765625,464.3599853515625,469.89999389648438,5,0,0,1994-01-03,1994-01-07,0,True,True
1994-01-14,469.89999389648438,475.32000732421875,469.54998779296875,474.91000366210938,5,0,0,1994-01-10,1994-01-14,0,True,True
1994-01-21,474.91000366210938,475.55999755859375,472.20999145507812,474.72000122070312,5,0,0,1994-01-17,1994-01-21,0,True,True
1994-01-28,474.72000122070312,479.75,470.26998901367188,478.70001220703125,5,0,0,1994-01-24,1994-01-28,0,True,True
1994-02-04,478.70001220703125,482.85000610351562,469.27999877929688,469.80999755859375,5,0,0,1994-01-31,1994-02-04,0,True,True
1994-02-11,469.80999755859375,473.41000366210938,466.8900146484375,470.17999267578125,5,0,0,1994-02-07,1994-02-11,0,True,True
1994-02-18,470.17999267578125,475.1199951171875,466.07000732421875,467.69000244140625,5,0,0,1994-02-14,1994-02-18,0,True,True
1994-02-25,467.69000244140625,472.41000366210938,464.260009765625,466.07000732421875,4,0,0,1994-02-22,1994-02-25,0,True,True
1994-03-04,466.07000732421875,469.16000366210938,457.489990234375,464.739990234375,5,0,0,1994-02-28,1994-03-04,0,True,True
1994-03-11,464.739990234375,468.07000732421875,462.45999145507812,466.44000244140625,5,0,0,1994-03-07,1994-03-11,0,True,True
1994-03-18,466.44000244140625,471.08999633789062,465.48001098632812,471.05999755859375,5,0,0,1994-03-14,1994-03-18,0,True,True
1994-03-25,471.05999755859375,471.05999755859375,460.57998657226562,460.57998657226562,5,0,0,1994-03-21,1994-03-25,0,True,True
1994-04-01,460.57998657226562,461.1199951171875,436.16000366210938,445.76998901367188,4,0,0,1994-03-28,1994-03-31,0,True,True
1994-04-08,445.66000366210938,451.10000610351562,435.8599853515625,447.10000610351562,5,0,0,1994-04-04,1994-04-08,0,True,True
1994-04-15,447.1199951171875,450.79998779296875,442.6199951171875,446.17999267578125,5,0,0,1994-04-11,1994-04-15,0,True,True
1994-04-22,446.26998901367188,449.95999145507812,438.82998657226562,447.6300048828125,5,0,0,1994-04-18,1994-04-22,0,True,True
1994-04-29,447.6400146484375,452.79000854492188,447.57998657226562,450.91000366210938,4,0,0,1994-04-25,1994-04-29,0,True,True
1994-05-06,450.91000366210938,453.98001098632812,445.6400146484375,447.82000732421875,5,0,0,1994-05-02,1994-05-06,0,True,True
1994-05-13,447.82000732421875,447.82000732421875,440.77999877929688,444.1400146484375,5,0,0,1994-05-09,1994-05-13,0,True,True
1994-05-20,444.14999389648438,456.8800048828125,443.6199951171875,454.92001342773438,5,0,0,1994-05-16,1994-05-20,0,True,True
1994-05-27,454.92001342773438,457.76998901367188,451.79000854492188,457.32998657226562,5,0,0,1994-05-23,1994-05-27,0,True,True
1994-06-03,457.32000732421875,460.8599853515625,453.989990234375,460.1300048828125,4,0,0,1994-05-31,1994-06-03,0,True,True
1994-06-10,460.1300048828125,461.8699951171875,455.42999267578125,458.67001342773438,5,0,0,1994-06-06,1994-06-10,0,True,True
1994-06-17,458.67001342773438,463.23001098632812,457.17999267578125,458.45001220703125,5,0,0,1994-06-13,1994-06-17,0,True,True
1994-06-24,458.45001220703125,458.45001220703125,442.510009765625,442.79998779296875,5,0,0,1994-06-20,1994-06-24,0,True,True
1994-07-01,442.77999877929688,449.82998657226562,439.82998657226562,446.20001220703125,5,0,0,1994-06-27,1994-07-01,0,True,True
1994-07-08,446.20001220703125,449.75,444.17999267578125,449.54998779296875,4,0,0,1994-07-05,1994-07-08,0,True,True
1994-07-15,449.55999755859375,454.32998657226562,444.64999389648438,454.16000366210938,5,0,0,1994-07-11,1994-07-15,0,True,True
1994-07-22,454.41000366210938,455.70999145507812,450.69000244140625,453.1099853515625,5,0,0,1994-07-18,1994-07-22,0,True,True
1994-07-29,453.10000610351562,459.32998657226562,451.3599853515625,458.260009765625,5,0,0,1994-07-25,1994-07-29,0,True,True
1994-08-05,458.27999877929688,462.76998901367188,456.07998657226562,457.08999633789062,5,0,0,1994-08-01,1994-08-05,0,True,True
1994-08-12,457.07998657226562,462.26998901367188,456.66000366210938,461.94000244140625,5,0,0,1994-08-08,1994-08-12,0,True,True
1994-08-19,461.97000122070312,465.91000366210938,459.8900146484375,463.67999267578125,5,0,0,1994-08-15,1994-08-19,0,True,True
1994-08-26,463.6099853515625,474.64999389648438,461.45999145507812,473.79998779296875,5,0,0,1994-08-22,1994-08-26,0,True,True
1994-09-02,473.8900146484375,477.58999633789062,470.67001342773438,470.989990234375,5,0,0,1994-08-29,1994-09-02,0,True,True
1994-09-09,471,473.39999389648438,466.54998779296875,468.17999267578125,4,0,0,1994-09-06,1994-09-09,0,True,True
1994-09-16,468.17999267578125,474.80999755859375,466.14999389648438,471.19000244140625,5,0,0,1994-09-12,1994-09-16,0,True,True
1994-09-23,471.20999145507812,473.14999389648438,458.47000122070312,459.67001342773438,5,0,0,1994-09-19,1994-09-23,0,True,True
1994-09-30,459.64999389648438,465.54998779296875,459.30999755859375,462.70999145507812,5,0,0,1994-09-26,1994-09-30,0,True,True
1994-10-07,462.69000244140625,463.30999755859375,449.26998901367188,455.10000610351562,5,0,0,1994-10-03,1994-10-07,0,True,True
1994-10-14,455.1199951171875,471.29998779296875,455.1199951171875,469.10000610351562,5,0,0,1994-10-10,1994-10-14,0,True,True
1994-10-21,469.1099853515625,471.42999267578125,463.82998657226562,464.8900146484375,5,0,0,1994-10-17,1994-10-21,0,True,True
1994-10-28,464.8900146484375,473.77999877929688,458.260009765625,473.76998901367188,5,0,0,1994-10-24,1994-10-28,0,True,True
1994-11-04,473.760009765625,474.739990234375,462.27999877929688,462.27999877929688,5,0,0,1994-10-31,1994-11-04,0,True,True
1994-11-11,462.30999755859375,469.95001220703125,461.25,462.35000610351562,5,0,0,1994-11-07,1994-11-11,0,True,True
1994-11-18,462.44000244140625,468.510009765625,460.25,461.47000122070312,5,0,0,1994-11-14,1994-11-18,0,True,True
1994-11-25,461.69000244140625,463.41000366210938,444.17999267578125,452.29000854492188,4,0,0,1994-11-21,1994-11-25,0,True,True
1994-12-02,452.260009765625,457.1300048828125,447.97000122070312,453.29998779296875,5,0,0,1994-11-28,1994-12-02,0,True,True
1994-12-09,453.29998779296875,455.04000854492188,442.8800048828125,446.95999145507812,5,0,0,1994-12-05,1994-12-09,0,True,True
1994-12-16,446.95001220703125,458.79998779296875,445.6199951171875,458.79998779296875,5,0,0,1994-12-12,1994-12-16,0,True,True
1994-12-23,458.77999877929688,461.70001220703125,456.3699951171875,459.82998657226562,5,0,0,1994-12-19,1994-12-23,0,True,True
1994-12-30,459.85000610351562,462.73001098632812,459,459.26998901367188,4,0,0,1994-12-27,1994-12-30,0,True,True
1995-01-06,459.20999145507812,462.489990234375,457.20001220703125,460.67999267578125,4,0,0,1995-01-03,1995-01-06,0,True,True
1995-01-13,460.67001342773438,466.42999267578125,458.64999389648438,465.97000122070312,5,0,0,1995-01-09,1995-01-13,0,True,True
1995-01-20,465.97000122070312,470.42999267578125,463.989990234375,464.77999877929688,5,0,0,1995-01-16,1995-01-20,0,True,True
1995-01-27,464.77999877929688,471.3599853515625,461.1400146484375,470.3900146484375,5,0,0,1995-01-23,1995-01-27,0,True,True
1995-02-03,470.3900146484375,479.91000366210938,467.489990234375,478.64999389648438,5,0,0,1995-01-30,1995-02-03,0,True,True
1995-02-10,478.6400146484375,482.60000610351562,478.3599853515625,481.45999145507812,5,0,0,1995-02-06,1995-02-10,0,True,True
1995-02-17,481.45999145507812,485.54000854492188,480.8900146484375,481.97000122070312,5,0,0,1995-02-13,1995-02-17,0,True,True
1995-02-24,481.95001220703125,489.19000244140625,481.94000244140625,488.1099853515625,4,0,0,1995-02-21,1995-02-24,0,True,True
1995-03-03,488.260009765625,488.260009765625,483.07000732421875,485.42001342773438,5,0,0,1995-02-27,1995-03-03,0,True,True
1995-03-10,485.42001342773438,490.3699951171875,479.70001220703125,489.57000732421875,5,0,0,1995-03-06,1995-03-10,0,True,True
1995-03-17,489.57000732421875,496.67001342773438,489.35000610351562,495.51998901367188,5,0,0,1995-03-13,1995-03-17,0,True,True
1995-03-24,495.51998901367188,500.97000122070312,493.67001342773438,500.97000122070312,5,0,0,1995-03-20,1995-03-24,0,True,True
1995-03-31,500.97000122070312,508.14999389648438,495.70001220703125,500.70999145507812,5,0,0,1995-03-27,1995-03-31,0,True,True
1995-04-07,500.70001220703125,507.19000244140625,500.20001220703125,506.42001342773438,5,0,0,1995-04-03,1995-04-07,0,True,True
1995-04-14,506.29998779296875,509.82998657226562,504.6099853515625,509.23001098632812,4,0,0,1995-04-10,1995-04-13,0,True,True
1995-04-21,509.23001098632812,512.030029296875,501.19000244140625,508.489990234375,5,0,0,1995-04-17,1995-04-21,0,True,True
1995-04-28,508.489990234375,515.28997802734375,507.44000244140625,514.71002197265625,5,0,0,1995-04-24,1995-04-28,0,True,True
1995-05-05,514.760009765625,525.4000244140625,513.030029296875,520.1199951171875,5,0,0,1995-05-01,1995-05-05,0,True,True
1995-05-12,520.09002685546875,527.04998779296875,519.1400146484375,525.54998779296875,5,0,0,1995-05-08,1995-05-12,0,True,True
1995-05-19,525.54998779296875,529.08001708984375,517.07000732421875,519.19000244140625,5,0,0,1995-05-15,1995-05-19,0,True,True
1995-05-26,519.19000244140625,531.90997314453125,519.19000244140625,523.6500244140625,5,0,0,1995-05-22,1995-05-26,0,True,True
1995-06-02,523.6500244140625,536.90997314453125,521.3800048828125,532.510009765625,4,0,0,1995-05-30,1995-06-02,0,True,True
1995-06-09,532.510009765625,537.72998046875,526,527.94000244140625,5,0,0,1995-06-05,1995-06-09,0,True,True
1995-06-16,527.94000244140625,539.97998046875,527.94000244140625,539.83001708984375,5,0,0,1995-06-12,1995-06-16,0,True,True
1995-06-23,539.83001708984375,551.07000732421875,539.83001708984375,549.71002197265625,5,0,0,1995-06-19,1995-06-23,0,True,True
1995-06-30,549.71002197265625,549.78997802734375,540.719970703125,544.75,5,0,0,1995-06-26,1995-06-30,0,True,True
1995-07-07,544.75,556.57000732421875,544.42999267578125,556.3699951171875,4,0,0,1995-07-03,1995-07-07,0,True,True
1995-07-14,556.3699951171875,562,553.79998779296875,559.8900146484375,5,0,0,1995-07-10,1995-07-14,0,True,True
1995-07-21,560.34002685546875,562.94000244140625,542.510009765625,553.6199951171875,5,0,0,1995-07-17,1995-07-21,0,True,True
1995-07-28,553.6199951171875,565.4000244140625,553.6199951171875,562.92999267578125,5,0,0,1995-07-24,1995-07-28,0,True,True
1995-08-04,562.92999267578125,565.6199951171875,554.0999755859375,558.94000244140625,5,0,0,1995-07-31,1995-08-04,0,True,True
1995-08-11,558.94000244140625,561.59002685546875,553.03997802734375,555.1099853515625,5,0,0,1995-08-07,1995-08-11,0,True,True
1995-08-18,555.1099853515625,561.239990234375,554.760009765625,559.21002197265625,5,0,0,1995-08-14,1995-08-18,0,True,True
1995-08-25,559.21002197265625,563.34002685546875,555.20001220703125,560.0999755859375,5,0,0,1995-08-21,1995-08-25,0,True,True
1995-09-01,560.0999755859375,564.6199951171875,555.71002197265625,563.84002685546875,5,0,0,1995-08-28,1995-09-01,0,True,True
1995-09-08,563.8599853515625,572.67999267578125,563.84002685546875,572.67999267578125,4,0,0,1995-09-05,1995-09-08,0,True,True
1995-09-15,572.67999267578125,585.07000732421875,572.67999267578125,583.3499755859375,5,0,0,1995-09-11,1995-09-15,0,True,True
1995-09-22,583.3499755859375,586.78997802734375,578.25,581.72998046875,5,0,0,1995-09-18,1995-09-22,0,True,True
1995-09-29,581.72998046875,587.6099853515625,574.67999267578125,584.40997314453125,5,0,0,1995-09-25,1995-09-29,0,True,True
1995-10-06,584.40997314453125,585.04998779296875,578.47998046875,582.489990234375,5,0,0,1995-10-02,1995-10-06,0,True,True
1995-10-13,582.489990234375,587.3900146484375,571.54998779296875,584.5,5,0,0,1995-10-09,1995-10-13,0,True,True
1995-10-20,584.5,590.65997314453125,581.9000244140625,587.46002197265625,5,0,0,1995-10-16,1995-10-20,0,True,True
1995-10-27,587.46002197265625,587.46002197265625,572.530029296875,579.70001220703125,5,0,0,1995-10-23,1995-10-27,0,True,True
1995-11-03,579.70001220703125,590.57000732421875,579.70001220703125,590.57000732421875,5,0,0,1995-10-30,1995-11-03,0,True,True
1995-11-10,590.57000732421875,593.9000244140625,584.239990234375,592.719970703125,5,0,0,1995-11-06,1995-11-10,0,True,True
1995-11-17,592.719970703125,600.1400146484375,588.3599853515625,600.07000732421875,5,0,0,1995-11-13,1995-11-17,0,True,True
1995-11-24,600.07000732421875,600.71002197265625,595.41998291015625,599.969970703125,4,0,0,1995-11-20,1995-11-24,0,True,True
1995-12-01,599.969970703125,608.69000244140625,599.02001953125,606.97998046875,5,0,0,1995-11-27,1995-12-01,0,True,True
1995-12-08,606.97998046875,621.1099853515625,606.84002685546875,617.47998046875,5,0,0,1995-12-04,1995-12-08,0,True,True
1995-12-15,617.47998046875,622.8800048828125,614.46002197265625,616.34002685546875,5,0,0,1995-12-11,1995-12-15,0,True,True
1995-12-22,616.34002685546875,616.34002685546875,605.04998779296875,611.95001220703125,5,0,0,1995-12-18,1995-12-22,0,True,True
1995-12-29,611.96002197265625,615.92999267578125,611.96002197265625,615.92999267578125,4,0,0,1995-12-26,1995-12-29,0,True,True
1996-01-05,615.92999267578125,624.489990234375,612.02001953125,616.71002197265625,4,0,0,1996-01-02,1996-01-05,0,True,True
1996-01-12,616.71002197265625,619.1500244140625,597.28997802734375,601.80999755859375,5,0,0,1996-01-08,1996-01-12,0,True,True
1996-01-19,601.80999755859375,612.91998291015625,598.469970703125,611.83001708984375,5,0,0,1996-01-15,1996-01-19,0,True,True
1996-01-26,611.83001708984375,621.70001220703125,610.6500244140625,621.6199951171875,5,0,0,1996-01-22,1996-01-26,0,True,True
1996-02-02,621.6199951171875,639.260009765625,621.41998291015625,635.84002685546875,5,0,0,1996-01-29,1996-02-02,0,True,True
1996-02-09,635.84002685546875,661.08001708984375,633.71002197265625,656.3699951171875,5,0,0,1996-02-05,1996-02-09,0,True,True
1996-02-16,656.3699951171875,664.22998046875,646.989990234375,647.97998046875,5,0,0,1996-02-12,1996-02-16,0,True,True
1996-02-23,647.97998046875,663,638.78997802734375,659.08001708984375,4,0,0,1996-02-20,1996-02-23,0,True,True
1996-03-01,659.08001708984375,659.08001708984375,635,644.3699951171875,5,0,0,1996-02-26,1996-03-01,0,True,True
1996-03-08,644.3699951171875,656.969970703125,627.6300048828125,633.5,5,0,0,1996-03-04,1996-03-08,0,True,True
1996-03-15,633.5,644.16998291015625,628.82000732421875,641.42999267578125,5,0,0,1996-03-11,1996-03-15,0,True,True
1996-03-22,641.42999267578125,656.17999267578125,641.42999267578125,650.6199951171875,5,0,0,1996-03-18,1996-03-22,0,True,True
1996-03-29,650.6199951171875,655.5,644.8900146484375,645.5,5,0,0,1996-03-25,1996-03-29,0,True,True
1996-04-05,645.5,656.67999267578125,645.5,655.8599853515625,4,0,0,1996-04-01,1996-04-04,0,True,True
1996-04-12,655.8599853515625,655.8599853515625,624.1400146484375,636.71002197265625,5,0,0,1996-04-08,1996-04-12,0,True,True
1996-04-19,636.71002197265625,647.32000732421875,636.71002197265625,645.07000732421875,5,0,0,1996-04-15,1996-04-19,0,True,True
1996-04-26,645.07000732421875,656.42999267578125,645.07000732421875,653.46002197265625,5,0,0,1996-04-22,1996-04-26,0,True,True
1996-05-03,653.46002197265625,656.44000244140625,640.22998046875,641.6300048828125,5,0,0,1996-04-29,1996-05-03,0,True,True
1996-05-10,641.6300048828125,653,630.07000732421875,652.09002685546875,5,0,0,1996-05-06,1996-05-10,0,True,True
1996-05-17,652.09002685546875,669.84002685546875,652.09002685546875,668.90997314453125,5,0,0,1996-05-13,1996-05-17,0,True,True
1996-05-24,668.90997314453125,681.0999755859375,667.6400146484375,678.510009765625,5,0,0,1996-05-20,1996-05-24,0,True,True
1996-05-31,678.510009765625,679.97998046875,664.55999755859375,669.1199951171875,4,0,0,1996-05-28,1996-05-31,0,True,True
1996-06-07,669.1199951171875,680.32000732421875,662.47998046875,673.30999755859375,5,0,0,1996-06-03,1996-06-07,0,True,True
1996-06-14,673.30999755859375,676.719970703125,664.3499755859375,665.8499755859375,5,0,0,1996-06-10,1996-06-14,0,True,True
1996-06-21,665.8499755859375,668.27001953125,658.75,666.84002685546875,5,0,0,1996-06-17,1996-06-21,0,True,True
1996-06-28,666.84002685546875,672.67999267578125,661.55999755859375,670.6300048828125,5,0,0,1996-06-24,1996-06-28,0,True,True
1996-07-05,670.6300048828125,675.8800048828125,657.40997314453125,657.44000244140625,4,0,0,1996-07-01,1996-07-05,0,True,True
1996-07-12,657.44000244140625,657.6500244140625,639.52001953125,646.19000244140625,5,0,0,1996-07-08,1996-07-12,0,True,True
1996-07-19,646.19000244140625,646.19000244140625,605.8800048828125,638.72998046875,5,0,0,1996-07-15,1996-07-19,0,True,True
1996-07-26,638.72998046875,638.72998046875,616.42999267578125,635.9000244140625,5,0,0,1996-07-22,1996-07-26,0,True,True
1996-08-02,635.9000244140625,662.489990234375,629.219970703125,662.489990234375,5,0,0,1996-07-29,1996-08-02,0,True,True
1996-08-09,662.489990234375,665.3699951171875,656.83001708984375,662.0999755859375,5,0,0,1996-08-05,1996-08-09,0,True,True
1996-08-16,662.0999755859375,666.34002685546875,658.469970703125,665.21002197265625,5,0,0,1996-08-12,1996-08-16,0,True,True
1996-08-23,665.21002197265625,670.67999267578125,662.15997314453125,667.030029296875,5,0,0,1996-08-19,1996-08-23,0,True,True
1996-08-30,667.030029296875,667.40997314453125,650.52001953125,651.989990234375,5,0,0,1996-08-26,1996-08-30,0,True,True
1996-09-06,651.989990234375,658.21002197265625,643.969970703125,655.67999267578125,4,0,0,1996-09-03,1996-09-06,0,True,True
1996-09-13,655.67999267578125,681.3900146484375,655.67999267578125,680.53997802734375,5,0,0,1996-09-09,1996-09-13,0,True,True
1996-09-20,680.53997802734375,687.07000732421875,679.05999755859375,687.030029296875,5,0,0,1996-09-16,1996-09-20,0,True,True
1996-09-27,687.030029296875,690.8800048828125,681.010009765625,686.19000244140625,5,0,0,1996-09-23,1996-09-27,0,True,True
1996-10-04,686.19000244140625,701.739990234375,684.44000244140625,701.46002197265625,5,0,0,1996-09-30,1996-10-04,0,True,True
1996-10-11,701.46002197265625,705.760009765625,693.34002685546875,700.65997314453125,5,0,0,1996-10-07,1996-10-11,0,True,True
1996-10-18,700.65997314453125,711.03997802734375,699.07000732421875,710.82000732421875,5,0,0,1996-10-14,1996-10-18,0,True,True
1996-10-25,710.82000732421875,714.0999755859375,700.530029296875,700.91998291015625,5,0,0,1996-10-21,1996-10-25,0,True,True
1996-11-01,700.91998291015625,708.5999755859375,696.219970703125,703.77001953125,5,0,0,1996-10-28,1996-11-01,0,True,True
1996-11-08,703.77001953125,730.82000732421875,702.84002685546875,730.82000732421875,5,0,0,1996-11-04,1996-11-08,0,True,True
1996-11-15,730.82000732421875,741.91998291015625,728.030029296875,737.6199951171875,5,0,0,1996-11-11,1996-11-15,0,True,True
1996-11-22,737.6199951171875,748.72998046875,734.3900146484375,748.72998046875,5,0,0,1996-11-18,1996-11-22,0,True,True
1996-11-29,748.72998046875,762.1199951171875,747.989990234375,757.02001953125,4,0,0,1996-11-25,1996-11-29,0,True,True
1996-12-06,757.02001953125,761.75,726.8900146484375,739.5999755859375,5,0,0,1996-12-02,1996-12-06,0,True,True
1996-12-13,739.5999755859375,753.42999267578125,721.969970703125,728.6400146484375,5,0,0,1996-12-09,1996-12-13,0,True,True
1996-12-20,728.6400146484375,755.40997314453125,716.69000244140625,748.8699951171875,5,0,0,1996-12-16,1996-12-20,0,True,True
1996-12-27,748.8699951171875,758.75,743.280029296875,756.78997802734375,4,0,0,1996-12-23,1996-12-27,0,True,True
1997-01-03,756.78997802734375,759.20001220703125,729.54998779296875,748.030029296875,4,0,0,1996-12-30,1997-01-03,0,True,True
1997-01-10,748.030029296875,759.6500244140625,742.17999267578125,759.5,5,0,0,1997-01-06,1997-01-10,0,True,True
1997-01-17,759.5,776.3699951171875,756.69000244140625,776.16998291015625,5,0,0,1997-01-13,1997-01-17,0,True,True
1997-01-24,776.16998291015625,794.66998291015625,768.16998291015625,770.52001953125,5,0,0,1997-01-20,1997-01-24,0,True,True
1997-01-31,770.52001953125,791.8599853515625,761.75,786.15997314453125,5,0,0,1997-01-27,1997-01-31,0,True,True
1997-02-07,786.15997314453125,792.71002197265625,773.42999267578125,789.55999755859375,5,0,0,1997-02-03,1997-02-07,0,True,True
1997-02-14,789.55999755859375,812.92999267578125,780.95001220703125,808.47998046875,5,0,0,1997-02-10,1997-02-14,0,True,True
1997-02-21,808.47998046875,817.67999267578125,799.989990234375,801.77001953125,4,0,0,1997-02-18,1997-02-21,0,True,True
1997-02-28,801.77001953125,812.8499755859375,788.5,790.82000732421875,5,0,0,1997-02-24,1997-02-28,0,True,True
1997-03-07,790.82000732421875,808.19000244140625,785.65997314453125,804.969970703125,5,0,0,1997-03-03,1997-03-07,0,True,True
1997-03-14,804.969970703125,814.9000244140625,789.44000244140625,793.16998291015625,5,0,0,1997-03-10,1997-03-14,0,True,True
1997-03-21,793.16998291015625,797.17999267578125,778.03997802734375,784.0999755859375,5,0,0,1997-03-17,1997-03-21,0,True,True
1997-03-28,784.0999755859375,798.1099853515625,767.32000732421875,773.8800048828125,4,0,0,1997-03-24,1997-03-27,0,True,True
1997-04-04,773.8800048828125,773.8800048828125,744.03997802734375,757.9000244140625,5,0,0,1997-03-31,1997-04-04,0,True,True
1997-04-11,757.9000244140625,769.530029296875,737.6400146484375,737.6500244140625,5,0,0,1997-04-07,1997-04-11,0,True,True
1997-04-18,737.6500244140625,768.54998779296875,733.53997802734375,766.34002685546875,5,0,0,1997-04-14,1997-04-18,0,True,True
1997-04-25,766.34002685546875,779.8900146484375,756.3800048828125,765.3699951171875,5,0,0,1997-04-21,1997-04-25,0,True,True
1997-05-02,765.3699951171875,812.989990234375,763.29998779296875,812.969970703125,5,0,0,1997-04-28,1997-05-02,0,True,True
1997-05-09,812.969970703125,832.28997802734375,811.79998779296875,824.780029296875,5,0,0,1997-05-05,1997-05-09,0,True,True
1997-05-16,824.780029296875,842.45001220703125,824.780029296875,829.75,5,0,0,1997-05-12,1997-05-16,0,True,True
1997-05-23,829.75,848.489990234375,826.40997314453125,847.030029296875,5,0,0,1997-05-19,1997-05-23,0,True,True
1997-05-30,847.030029296875,851.8699951171875,831.8699951171875,848.280029296875,4,0,0,1997-05-27,1997-05-30,0,True,True
1997-06-06,848.280029296875,859.239990234375,838.82000732421875,858.010009765625,5,0,0,1997-06-02,1997-06-06,0,True,True
1997-06-13,858.010009765625,894.69000244140625,858.010009765625,893.27001953125,5,0,0,1997-06-09,1997-06-13,0,True,True
1997-06-20,893.27001953125,901.77001953125,886.19000244140625,898.70001220703125,5,0,0,1997-06-16,1997-06-20,0,True,True
1997-06-27,898.70001220703125,902.09002685546875,878.42999267578125,887.29998779296875,5,0,0,1997-06-23,1997-06-27,0,True,True
1997-07-04,887.29998779296875,917.82000732421875,879.82000732421875,916.91998291015625,4,0,0,1997-06-30,1997-07-03,0,True,True
1997-07-11,916.91998291015625,923.260009765625,902.47998046875,916.67999267578125,5,0,0,1997-07-07,1997-07-11,0,True,True
1997-07-18,916.67999267578125,939.32000732421875,912.02001953125,915.29998779296875,5,0,0,1997-07-14,1997-07-18,0,True,True
1997-07-25,915.29998779296875,945.6500244140625,907.1199951171875,938.78997802734375,5,0,0,1997-07-21,1997-07-25,0,True,True
1997-08-01,938.78997802734375,957.72998046875,932.55999755859375,947.1400146484375,5,0,0,1997-07-28,1997-08-01,0,True,True
1997-08-08,947.1400146484375,964.16998291015625,925.739990234375,933.53997802734375,5,0,0,1997-08-04,1997-08-08,0,True,True
1997-08-15,933.53997802734375,942.989990234375,900.80999755859375,900.80999755859375,5,0,0,1997-08-11,1997-08-15,0,True,True
1997-08-22,900.80999755859375,939.469970703125,893.34002685546875,923.53997802734375,5,0,0,1997-08-18,1997-08-22,0,True,True
1997-08-29,923.54998779296875,930.92999267578125,896.82000732421875,899.469970703125,5,0,0,1997-08-25,1997-08-29,0,True,True
1997-09-05,899.469970703125,940.3699951171875,899.469970703125,929.04998779296875,4,0,0,1997-09-02,1997-09-05,0,True,True
1997-09-12,929.04998779296875,938.9000244140625,902.55999755859375,923.90997314453125,5,0,0,1997-09-08,1997-09-12,0,True,True
1997-09-19,923.90997314453125,958.19000244140625,919.40997314453125,950.510009765625,5,0,0,1997-09-15,1997-09-19,0,True,True
1997-09-26,950.510009765625,960.59002685546875,937.3800048828125,945.219970703125,5,0,0,1997-09-22,1997-09-26,0,True,True
1997-10-03,945.219970703125,975.469970703125,941.94000244140625,965.030029296875,5,0,0,1997-09-29,1997-10-03,0,True,True
1997-10-10,965.030029296875,983.1199951171875,963.34002685546875,966.97998046875,5,0,0,1997-10-06,1997-10-10,0,True,True
1997-10-17,966.97998046875,973.46002197265625,931.58001708984375,944.15997314453125,5,0,0,1997-10-13,1997-10-17,0,True,True
1997-10-24,944.15997314453125,972.6099853515625,937.54998779296875,941.6400146484375,5,0,0,1997-10-20,1997-10-24,0,True,True
1997-10-31,941.6400146484375,941.6400146484375,855.27001953125,914.6199951171875,5,0,0,1997-10-27,1997-10-31,0,True,True
1997-11-07,914.6199951171875,949.6199951171875,914.6199951171875,927.510009765625,5,0,0,1997-11-03,1997-11-07,0,True,True
1997-11-14,927.510009765625,935.9000244140625,900.6099853515625,928.3499755859375,5,0,0,1997-11-10,1997-11-14,0,True,True
1997-11-21,928.3499755859375,964.54998779296875,928.3499755859375,963.09002685546875,5,0,0,1997-11-17,1997-11-21,0,True,True
1997-11-28,963.09002685546875,963.09002685546875,944.71002197265625,955.4000244140625,4,0,0,1997-11-24,1997-11-28,0,True,True
1997-12-05,955.4000244140625,986.25,955.4000244140625,983.78997802734375,5,0,0,1997-12-01,1997-12-05,0,True,True
1997-12-12,983.78997802734375,985.66998291015625,947,953.3900146484375,5,0,0,1997-12-08,1997-12-12,0,True,True
1997-12-19,953.3900146484375,974.29998779296875,924.91998291015625,946.780029296875,5,0,0,1997-12-15,1997-12-19,0,True,True
1997-12-26,946.780029296875,956.72998046875,932.70001220703125,936.46002197265625,4,0,0,1997-12-22,1997-12-26,0,True,True
1998-01-02,936.46002197265625,975.03997802734375,936.46002197265625,975.03997802734375,4,0,0,1997-12-29,1998-01-02,0,True,True
1998-01-09,975.03997802734375,982.6300048828125,921.719970703125,927.69000244140625,5,0,0,1998-01-05,1998-01-09,0,True,True
1998-01-16,927.69000244140625,965.1199951171875,912.83001708984375,961.510009765625,5,0,0,1998-01-12,1998-01-16,0,True,True
1998-01-23,961.510009765625,978.5999755859375,950.8599853515625,957.59002685546875,4,0,0,1998-01-20,1998-01-23,0,True,True
1998-01-30,957.59002685546875,992.6500244140625,954.239990234375,980.280029296875,5,0,0,1998-01-26,1998-01-30,0,True,True
1998-02-06,980.280029296875,1013.510009765625,980.280029296875,1012.4600219726562,5,0,0,1998-02-02,1998-02-06,0,True,True
1998-02-13,1012.4600219726562,1026.300048828125,1006.280029296875,1020.0900268554688,5,0,0,1998-02-09,1998-02-13,0,True,True
1998-02-20,1020.0900268554688,1034.2099609375,1020.0900268554688,1034.2099609375,4,0,0,1998-02-17,1998-02-20,0,True,True
1998-02-27,1034.2099609375,1051.6600341796875,1028.8900146484375,1049.3399658203125,5,0,0,1998-02-23,1998-02-27,0,True,True
1998-03-06,1049.3399658203125,1055.68994140625,1030.8699951171875,1055.68994140625,5,0,0,1998-03-02,1998-03-06,0,True,True
1998-03-13,1055.68994140625,1075.8599853515625,1050.02001953125,1068.6099853515625,5,0,0,1998-03-09,1998-03-13,0,True,True
1998-03-20,1068.6099853515625,1101.0400390625,1068.6099853515625,1099.1600341796875,5,0,0,1998-03-16,1998-03-20,0,True,True
1998-03-27,1099.1600341796875,1113.0699462890625,1091.1400146484375,1095.43994140625,5,0,0,1998-03-23,1998-03-27,0,True,True
1998-04-03,1095.43994140625,1126.3599853515625,1090.02001953125,1122.699951171875,5,0,0,1998-03-30,1998-04-03,0,True,True
1998-04-10,1122.699951171875,1131.989990234375,1098.2099609375,1110.6700439453125,4,0,0,1998-04-06,1998-04-09,0,True,True
1998-04-17,1110.6700439453125,1122.719970703125,1100.5999755859375,1122.719970703125,5,0,0,1998-04-13,1998-04-17,0,True,True
1998-04-24,1122.719970703125,1132.97998046875,1104.77001953125,1107.9000244140625,5,0,0,1998-04-20,1998-04-24,0,True,True
1998-05-01,1107.9000244140625,1121.02001953125,1076.699951171875,1121,5,0,0,1998-04-27,1998-05-01,0,True,True
1998-05-08,1121,1130.52001953125,1094.530029296875,1108.1400146484375,5,0,0,1998-05-04,1998-05-08,0,True,True
1998-05-15,1108.1400146484375,1124.030029296875,1102.780029296875,1108.72998046875,5,0,0,1998-05-11,1998-05-15,0,True,True
1998-05-22,1108.72998046875,1124.449951171875,1097.989990234375,1110.469970703125,5,0,0,1998-05-18,1998-05-22,0,True,True
1998-05-29,1110.469970703125,1116.7900390625,1074.3900146484375,1090.8199462890625,4,0,0,1998-05-26,1998-05-29,0,True,True
1998-06-05,1090.8199462890625,1113.8800048828125,1078.0999755859375,1113.8599853515625,5,0,0,1998-06-01,1998-06-05,0,True,True
1998-06-12,1113.8599853515625,1126,1080.8299560546875,1098.8399658203125,5,0,0,1998-06-08,1998-06-12,0,True,True
1998-06-19,1098.8399658203125,1112.8699951171875,1074.6700439453125,1100.6500244140625,5,0,0,1998-06-15,1998-06-19,0,True,True
1998-06-26,1100.6500244140625,1142.0400390625,1099.4200439453125,1133.199951171875,5,0,0,1998-06-22,1998-06-26,0,True,True
1998-07-03,1133.199951171875,1148.56005859375,1131.97998046875,1146.4200439453125,4,0,0,1998-06-29,1998-07-02,0,True,True
1998-07-10,1146.4200439453125,1166.9300537109375,1145.030029296875,1164.3299560546875,5,0,0,1998-07-06,1998-07-10,0,True,True
1998-07-17,1164.3299560546875,1188.0999755859375,1160.2099609375,1186.75,5,0,0,1998-07-13,1998-07-17,0,True,True
1998-07-24,1186.75,1190.5799560546875,1129.1099853515625,1140.800048828125,5,0,0,1998-07-20,1998-07-24,0,True,True
1998-07-31,1140.800048828125,1147.27001953125,1114.300048828125,1120.6700439453125,5,0,0,1998-07-27,1998-07-31,0,True,True
1998-08-07,1120.6700439453125,1121.7900390625,1057.3499755859375,1089.449951171875,5,0,0,1998-08-03,1998-08-07,0,True,True
1998-08-14,1089.449951171875,1092.8199462890625,1054,1062.75,5,0,0,1998-08-10,1998-08-14,0,True,True
1998-08-21,1062.75,1106.3199462890625,1054.9200439453125,1081.239990234375,5,0,0,1998-08-17,1998-08-21,0,True,True
1998-08-28,1081.239990234375,1106.6400146484375,1021.0399780273438,1027.1400146484375,5,0,0,1998-08-24,1998-08-28,0,True,True
1998-09-04,1027.1400146484375,1033.469970703125,939.97998046875,973.8900146484375,5,0,0,1998-08-31,1998-09-04,0,True,True
1998-09-11,973.8900146484375,1027.719970703125,968.6400146484375,1009.0599975585938,4,0,0,1998-09-08,1998-09-11,0,True,True
1998-09-18,1009.0599975585938,1046.0699462890625,1009.0599975585938,1020.0900268554688,5,0,0,1998-09-14,1998-09-18,0,True,True
1998-09-25,1020.0900268554688,1066.1099853515625,993.82000732421875,1044.75,5,0,0,1998-09-21,1998-09-25,0,True,True
1998-10-02,1044.75,1061.4599609375,971.69000244140625,1002.5999755859375,5,0,0,1998-09-28,1998-10-02,0,True,True
1998-10-09,1002.5999755859375,1008.77001953125,923.32000732421875,984.3900146484375,5,0,0,1998-10-05,1998-10-09,0,True,True
1998-10-16,984.3900146484375,1062.6500244140625,984.3900146484375,1056.4200439453125,5,0,0,1998-10-12,1998-10-16,0,True,True
1998-10-23,1056.4200439453125,1084.06005859375,1054.22998046875,1070.6700439453125,5,0,0,1998-10-19,1998-10-23,0,True,True
1998-10-30,1070.6700439453125,1103.780029296875,1059.6500244140625,1098.6700439453125,5,0,0,1998-10-26,1998-10-30,0,True,True
1998-11-06,1098.6700439453125,1141.300048828125,1098.6700439453125,1141.010009765625,5,0,0,1998-11-02,1998-11-06,0,True,True
1998-11-13,1141.010009765625,1141.010009765625,1115.550048828125,1125.719970703125,5,0,0,1998-11-09,1998-11-13,0,True,True
1998-11-20,1125.719970703125,1163.550048828125,1125.719970703125,1163.550048828125,5,0,0,1998-11-16,1998-11-20,0,True,True
1998-11-27,1163.550048828125,1192.969970703125,1163.550048828125,1192.3299560546875,4,0,0,1998-11-23,1998-11-27,0,True,True
1998-12-04,1192.3299560546875,1192.719970703125,1149.6099853515625,1176.739990234375,5,0,0,1998-11-30,1998-12-04,0,True,True
1998-12-11,1176.739990234375,1193.530029296875,1153.18994140625,1166.4599609375,5,0,0,1998-12-07,1998-12-11,0,True,True
1998-12-18,1166.4599609375,1188.8900146484375,1136.8900146484375,1188.030029296875,5,0,0,1998-12-14,1998-12-18,0,True,True
1998-12-25,1188.030029296875,1229.8900146484375,1188.030029296875,1226.27001953125,4,0,0,1998-12-21,1998-12-24,0,True,True
1999-01-01,1226.27001953125,1244.9300537109375,1220.780029296875,1229.22998046875,4,0,0,1998-12-28,1998-12-31,0,True,True
1999-01-08,1229.22998046875,1278.239990234375,1219.0999755859375,1275.0899658203125,5,0,0,1999-01-04,1999-01-08,0,True,True
1999-01-15,1275.0899658203125,1276.219970703125,1205.4599609375,1243.260009765625,5,0,0,1999-01-11,1999-01-15,0,True,True
1999-01-22,1243.260009765625,1274.0699462890625,1217.969970703125,1225.18994140625,4,0,0,1999-01-19,1999-01-22,0,True,True
1999-01-29,1225.18994140625,1280.3699951171875,1219.4599609375,1279.6400146484375,5,0,0,1999-01-25,1999-01-29,0,True,True
1999-02-05,1279.6400146484375,1283.75,1232.280029296875,1239.4000244140625,5,0,0,1999-02-01,1999-02-05,0,True,True
1999-02-12,1239.4000244140625,1254.050048828125,1211.8900146484375,1230.1300048828125,5,0,0,1999-02-08,1999-02-12,0,True,True
1999-02-19,1230.1300048828125,1252.1700439453125,1220.699951171875,1239.219970703125,4,0,0,1999-02-16,1999-02-19,0,True,True
1999-02-26,1239.219970703125,1283.8399658203125,1225.010009765625,1238.3299560546875,5,0,0,1999-02-22,1999-02-26,0,True,True
1999-03-05,1238.3299560546875,1275.72998046875,1216.030029296875,1275.469970703125,5,0,0,1999-03-01,1999-03-05,0,True,True
1999-03-12,1275.469970703125,1306.4300537109375,1271.5799560546875,1294.5899658203125,5,0,0,1999-03-08,1999-03-12,0,True,True
1999-03-19,1294.5899658203125,1323.8199462890625,1291.030029296875,1299.2900390625,5,0,0,1999-03-15,1999-03-19,0,True,True
1999-03-26,1299.2900390625,1303.8399658203125,1256.4300537109375,1282.800048828125,5,0,0,1999-03-22,1999-03-26,0,True,True
1999-04-02,1282.800048828125,1313.5999755859375,1282.56005859375,1293.719970703125,4,0,0,1999-03-29,1999-04-01,0,True,True
1999-04-09,1293.719970703125,1351.219970703125,1293.719970703125,1348.3499755859375,5,0,0,1999-04-05,1999-04-09,0,True,True
1999-04-16,1348.3499755859375,1362.3800048828125,1308.3800048828125,1319,5,0,0,1999-04-12,1999-04-16,0,True,True
1999-04-23,1319,1363.6500244140625,1284.2099609375,1356.8499755859375,5,0,0,1999-04-19,1999-04-23,0,True,True
1999-04-30,1356.8499755859375,1371.56005859375,1314.5799560546875,1335.1800537109375,5,0,0,1999-04-26,1999-04-30,0,True,True
1999-05-07,1335.1800537109375,1354.6400146484375,1317.43994140625,1345,5,0,0,1999-05-03,1999-05-07,0,True,True
1999-05-14,1345,1375.97998046875,1332.6300048828125,1337.800048828125,5,0,0,1999-05-10,1999-05-14,0,True,True
1999-05-21,1337.800048828125,1350.489990234375,1321.18994140625,1330.2900390625,5,0,0,1999-05-17,1999-05-21,0,True,True
1999-05-28,1330.2900390625,1333.02001953125,1277.31005859375,1301.8399658203125,5,0,0,1999-05-24,1999-05-28,0,True,True
1999-06-04,1301.8399658203125,1327.75,1277.469970703125,1327.75,4,0,0,1999-06-01,1999-06-04,0,True,True
1999-06-11,1327.75,1336.4200439453125,1287.8800048828125,1293.6400146484375,5,0,0,1999-06-07,1999-06-11,0,True,True
1999-06-18,1293.6400146484375,1344.47998046875,1292.199951171875,1342.8399658203125,5,0,0,1999-06-14,1999-06-18,0,True,True
1999-06-25,1342.8399658203125,1351.1199951171875,1308.469970703125,1315.31005859375,5,0,0,1999-06-21,1999-06-25,0,True,True
1999-07-02,1315.31005859375,1391.219970703125,1315.31005859375,1391.219970703125,5,0,0,1999-06-28,1999-07-02,0,True,True
1999-07-09,1391.219970703125,1405.2900390625,1384.949951171875,1403.280029296875,4,0,0,1999-07-06,1999-07-09,0,True,True
1999-07-16,1403.280029296875,1418.780029296875,1386.510009765625,1418.780029296875,5,0,0,1999-07-12,1999-07-16,0,True,True
1999-07-23,1418.780029296875,1420.3299560546875,1349.9100341796875,1356.93994140625,5,0,0,1999-07-19,1999-07-23,0,True,True
1999-07-30,1356.93994140625,1370.530029296875,1328.489990234375,1328.719970703125,5,0,0,1999-07-26,1999-07-30,0,True,True
1999-08-06,1328.719970703125,1344.68994140625,1287.22998046875,1300.2900390625,5,0,0,1999-08-02,1999-08-06,0,True,True
1999-08-13,1300.2900390625,1327.719970703125,1267.72998046875,1327.6800537109375,5,0,0,1999-08-09,1999-08-13,0,True,True
1999-08-20,1327.6800537109375,1344.1600341796875,1315.3499755859375,1336.6099853515625,5,0,0,1999-08-16,1999-08-20,0,True,True
1999-08-27,1336.6099853515625,1382.8399658203125,1336.6099853515625,1348.27001953125,5,0,0,1999-08-23,1999-08-27,0,True,True
1999-09-03,1348.27001953125,1357.739990234375,1304.8800048828125,1357.239990234375,5,0,0,1999-08-30,1999-09-03,0,True,True
1999-09-10,1357.239990234375,1361.3900146484375,1333.9100341796875,1351.6600341796875,4,0,0,1999-09-07,1999-09-10,0,True,True
1999-09-17,1351.6600341796875,1351.6600341796875,1299.969970703125,1335.4200439453125,5,0,0,1999-09-13,1999-09-17,0,True,True
1999-09-24,1335.4200439453125,1338.3800048828125,1263.8399658203125,1277.3599853515625,5,0,0,1999-09-20,1999-09-24,0,True,True
1999-10-01,1277.3599853515625,1295.030029296875,1256.260009765625,1282.81005859375,5,0,0,1999-09-27,1999-10-01,0,True,True
1999-10-08,1282.81005859375,1336.6099853515625,1282.81005859375,1336.02001953125,5,0,0,1999-10-04,1999-10-08,0,True,True
1999-10-15,1336.02001953125,1339.22998046875,1245.3900146484375,1247.4100341796875,5,0,0,1999-10-11,1999-10-15,0,True,True
1999-10-22,1247.4100341796875,1308.81005859375,1233.699951171875,1301.6500244140625,5,0,0,1999-10-18,1999-10-22,0,True,True
1999-10-29,1301.6500244140625,1373.1700439453125,1280.47998046875,1362.9300537109375,5,0,0,1999-10-25,1999-10-29,0,True,True
1999-11-05,1362.9300537109375,1387.47998046875,1346.4100341796875,1370.22998046875,5,0,0,1999-11-01,1999-11-05,0,True,True
1999-11-12,1370.22998046875,1396.1199951171875,1359.97998046875,1396.06005859375,5,0,0,1999-11-08,1999-11-12,0,True,True
1999-11-19,1396.06005859375,1425.31005859375,1392.280029296875,1422,5,0,0,1999-11-15,1999-11-19,0,True,True
1999-11-26,1422,1425.239990234375,1399.1700439453125,1416.6199951171875,4,0,0,1999-11-22,1999-11-26,0,True,True
1999-12-03,1416.6199951171875,1447.4200439453125,1386.949951171875,1433.300048828125,5,0,0,1999-11-29,1999-12-03,0,True,True
1999-12-10,1433.300048828125,1434.1500244140625,1391.469970703125,1417.0400390625,5,0,0,1999-12-06,1999-12-10,0,True,True
1999-12-17,1417.0400390625,1431.77001953125,1396.199951171875,1421.030029296875,5,0,0,1999-12-13,1999-12-17,0,True,True
1999-12-24,1421.030029296875,1461.43994140625,1411.0999755859375,1458.3399658203125,4,0,0,1999-12-20,1999-12-23,0,True,True
1999-12-31,1458.3399658203125,1473.0999755859375,1450.8299560546875,1469.25,5,0,0,1999-12-27,1999-12-31,0,True,True
2000-01-07,1469.25,1478,1377.6800537109375,1441.469970703125,5,0,0,2000-01-03,2000-01-07,0,True,True
2000-01-14,1441.469970703125,1473,1427.0799560546875,1465.1500244140625,5,0,0,2000-01-10,2000-01-14,0,True,True
2000-01-21,1465.1500244140625,1465.7099609375,1438.5400390625,1441.3599853515625,4,0,0,2000-01-18,2000-01-21,0,True,True
2000-01-28,1441.3599853515625,1454.0899658203125,1356.199951171875,1360.1600341796875,5,0,0,2000-01-24,2000-01-28,0,True,True
2000-02-04,1360.1600341796875,1435.9100341796875,1350.1400146484375,1424.3699951171875,5,0,0,2000-01-31,2000-02-04,0,True,True
2000-02-11,1424.3699951171875,1444.550048828125,1378.8900146484375,1387.1199951171875,5,0,0,2000-02-07,2000-02-11,0,True,True
2000-02-18,1387.1199951171875,1407.719970703125,1345.3199462890625,1346.0899658203125,5,0,0,2000-02-14,2000-02-18,0,True,True
2000-02-25,1346.0899658203125,1370.1099853515625,1329.1500244140625,1333.3599853515625,4,0,0,2000-02-22,2000-02-25,0,True,True
2000-03-03,1333.3599853515625,1410.8800048828125,1325.0699462890625,1409.1700439453125,5,0,0,2000-02-28,2000-03-03,0,True,True
2000-03-10,1409.1700439453125,1413.4599609375,1346.6199951171875,1395.0699462890625,5,0,0,2000-03-06,2000-03-10,0,True,True
2000-03-17,1395.0699462890625,1477.3299560546875,1356.989990234375,1464.469970703125,5,0,0,2000-03-13,2000-03-17,0,True,True
2000-03-24,1464.469970703125,1552.8699951171875,1446.06005859375,1527.4599609375,5,0,0,2000-03-20,2000-03-24,0,True,True
2000-03-31,1527.4599609375,1534.6300048828125,1474.6300048828125,1498.5799560546875,5,0,0,2000-03-27,2000-03-31,0,True,True
2000-04-07,1498.5799560546875,1526.449951171875,1416.4100341796875,1516.3499755859375,5,0,0,2000-04-03,2000-04-07,0,True,True
2000-04-14,1516.3499755859375,1527.18994140625,1339.4000244140625,1356.56005859375,5,0,0,2000-04-10,2000-04-14,0,True,True
2000-04-21,1356.56005859375,1447.68994140625,1346.5,1434.5400390625,4,0,0,2000-04-17,2000-04-20,0,True,True
2000-04-28,1434.5400390625,1482.93994140625,1407.1300048828125,1452.4300537109375,5,0,0,2000-04-24,2000-04-28,0,True,True
2000-05-05,1452.4300537109375,1481.510009765625,1398.3599853515625,1432.6300048828125,5,0,0,2000-05-01,2000-05-05,0,True,True
2000-05-12,1432.6300048828125,1432.6300048828125,1375.1400146484375,1420.9599609375,5,0,0,2000-05-08,2000-05-12,0,True,True
2000-05-19,1420.9599609375,1470.4000244140625,1401.739990234375,1406.949951171875,5,0,0,2000-05-15,2000-05-19,0,True,True
2000-05-26,1406.949951171875,1411.6500244140625,1361.0899658203125,1378.02001953125,5,0,0,2000-05-22,2000-05-26,0,True,True
2000-06-02,1378.02001953125,1483.22998046875,1378.02001953125,1477.260009765625,4,0,0,2000-05-30,2000-06-02,0,True,True
2000-06-09,1477.260009765625,1477.280029296875,1454.739990234375,1456.949951171875,5,0,0,2000-06-05,2000-06-09,0,True,True
2000-06-16,1456.949951171875,1483.6199951171875,1442.3800048828125,1464.4599609375,5,0,0,2000-06-12,2000-06-16,0,True,True
2000-06-23,1464.4599609375,1488.9300537109375,1438.31005859375,1441.47998046875,5,0,0,2000-06-19,2000-06-23,0,True,True
2000-06-30,1441.47998046875,1467.6300048828125,1434.6300048828125,1454.5999755859375,5,0,0,2000-06-26,2000-06-30,0,True,True
2000-07-07,1454.5999755859375,1484.1199951171875,1439.56005859375,1478.9000244140625,4,0,0,2000-07-03,2000-07-07,0,True,True
2000-07-14,1478.9000244140625,1509.989990234375,1470.47998046875,1509.97998046875,5,0,0,2000-07-10,2000-07-14,0,True,True
2000-07-21,1509.97998046875,1517.3199462890625,1477.9100341796875,1480.18994140625,5,0,0,2000-07-17,2000-07-21,0,True,True
2000-07-28,1480.18994140625,1485.8800048828125,1413.8900146484375,1419.8900146484375,5,0,0,2000-07-24,2000-07-28,0,True,True
2000-08-04,1419.8900146484375,1462.9300537109375,1418.7099609375,1462.9300537109375,5,0,0,2000-07-31,2000-08-04,0,True,True
2000-08-11,1462.9300537109375,1490.3299560546875,1453.06005859375,1471.8399658203125,5,0,0,2000-08-07,2000-08-11,0,True,True
2000-08-18,1471.8399658203125,1499.469970703125,1468.56005859375,1491.719970703125,5,0,0,2000-08-14,2000-08-18,0,True,True
2000-08-25,1491.719970703125,1513.469970703125,1489.52001953125,1506.449951171875,5,0,0,2000-08-21,2000-08-25,0,True,True
2000-09-01,1506.449951171875,1530.0899658203125,1500.0899658203125,1520.77001953125,5,0,0,2000-08-28,2000-09-01,0,True,True
2000-09-08,1520.77001953125,1520.77001953125,1489.8800048828125,1494.5,4,0,0,2000-09-05,2000-09-08,0,True,True
2000-09-15,1494.5,1506.760009765625,1460.219970703125,1465.81005859375,5,0,0,2000-09-11,2000-09-15,0,True,True
2000-09-22,1465.81005859375,1467.77001953125,1421.8800048828125,1448.719970703125,5,0,0,2000-09-18,2000-09-22,0,True,True
2000-09-29,1448.719970703125,1461.68994140625,1419.43994140625,1436.510009765625,5,0,0,2000-09-25,2000-09-29,0,True,True
2000-10-06,1436.52001953125,1454.8199462890625,1397.06005859375,1408.989990234375,5,0,0,2000-10-02,2000-10-06,0,True,True
2000-10-13,1408.989990234375,1409.68994140625,1327.0799560546875,1374.1700439453125,5,0,0,2000-10-09,2000-10-13,0,True,True
2000-10-20,1374.1700439453125,1408.469970703125,1305.7900390625,1396.9300537109375,5,0,0,2000-10-16,2000-10-20,0,True,True
2000-10-27,1396.9300537109375,1415.6400146484375,1337.81005859375,1379.5799560546875,5,0,0,2000-10-23,2000-10-27,0,True,True
2000-11-03,1379.5799560546875,1433.4000244140625,1376.8599853515625,1426.68994140625,5,0,0,2000-10-30,2000-11-03,0,True,True
2000-11-10,1428.760009765625,1438.4599609375,1365.969970703125,1365.97998046875,5,0,0,2000-11-06,2000-11-10,0,True,True
2000-11-17,1365.97998046875,1395.9599609375,1328.6199951171875,1367.719970703125,5,0,0,2000-11-13,2000-11-17,0,True,True
2000-11-24,1367.719970703125,1367.719970703125,1321.8900146484375,1341.77001953125,4,0,0,2000-11-20,2000-11-24,0,True,True
2000-12-01,1341.77001953125,1362.5,1294.9000244140625,1315.22998046875,5,0,0,2000-11-27,2000-12-01,0,True,True
2000-12-08,1315.1800537109375,1380.3299560546875,1310.22998046875,1369.8900146484375,5,0,0,2000-12-04,2000-12-08,0,True,True
2000-12-15,1369.8900146484375,1389.050048828125,1305.3800048828125,1312.1500244140625,5,0,0,2000-12-11,2000-12-15,0,True,True
2000-12-22,1312.1500244140625,1346.43994140625,1254.0699462890625,1305.949951171875,5,0,0,2000-12-18,2000-12-22,0,True,True
2000-12-29,1305.969970703125,1340.0999755859375,1301.6400146484375,1320.280029296875,4,0,0,2000-12-26,2000-12-29,0,True,True
2001-01-05,1320.280029296875,1350.239990234375,1274.6199951171875,1298.3499755859375,4,0,0,2001-01-02,2001-01-05,0,True,True
2001-01-12,1298.3499755859375,1333.2099609375,1276.2900390625,1318.550048828125,5,0,0,2001-01-08,2001-01-12,0,True,True
2001-01-19,1318.3199462890625,1354.550048828125,1313.3299560546875,1342.5400390625,4,0,0,2001-01-16,2001-01-19,0,True,True
2001-01-26,1342.5400390625,1369.75,1333.8399658203125,1354.949951171875,5,0,0,2001-01-22,2001-01-26,0,True,True
2001-02-02,1354.9200439453125,1383.3699951171875,1348.719970703125,1349.469970703125,5,0,0,2001-01-29,2001-02-02,0,True,True
2001-02-09,1349.469970703125,1363.550048828125,1309.97998046875,1314.760009765625,5,0,0,2001-02-05,2001-02-09,0,True,True
2001-02-16,1314.760009765625,1336.6199951171875,1293.1800537109375,1301.530029296875,5,0,0,2001-02-12,2001-02-16,0,True,True
2001-02-23,1301.530029296875,1307.1600341796875,1215.43994140625,1245.8599853515625,4,0,0,2001-02-20,2001-02-23,0,True,True
2001-03-02,1245.8599853515625,1272.760009765625,1214.5,1234.1800537109375,5,0,0,2001-02-26,2001-03-02,0,True,True
2001-03-09,1234.1800537109375,1267.4200439453125,1228.4200439453125,1233.4200439453125,5,0,0,2001-03-05,2001-03-09,0,True,True
2001-03-16,1233.4200439453125,1233.4200439453125,1148.6400146484375,1150.530029296875,5,0,0,2001-03-12,2001-03-16,0,True,True
2001-03-23,1150.530029296875,1180.56005859375,1081.18994140625,1139.8299560546875,5,0,0,2001-03-19,2001-03-23,0,True,True
2001-03-30,1139.8299560546875,1183.3499755859375,1136.260009765625,1160.3299560546875,5,0,0,2001-03-26,2001-03-30,0,True,True
2001-04-06,1160.3299560546875,1169.510009765625,1091.989990234375,1128.4300537109375,5,0,0,2001-04-02,2001-04-06,0,True,True
2001-04-13,1128.4300537109375,1183.510009765625,1126.3800048828125,1183.5,4,0,0,2001-04-09,2001-04-12,0,True,True
2001-04-20,1183.5,1253.7099609375,1167.3800048828125,1242.97998046875,5,0,0,2001-04-16,2001-04-20,0,True,True
2001-04-27,1242.97998046875,1253.0699462890625,1207.3800048828125,1253.050048828125,5,0,0,2001-04-23,2001-04-27,0,True,True
2001-05-04,1253.050048828125,1272.9300537109375,1232,1266.6099853515625,5,0,0,2001-04-30,2001-05-04,0,True,True
2001-05-11,1266.6099853515625,1270,1240.7900390625,1245.6700439453125,5,0,0,2001-05-07,2001-05-11,0,True,True
2001-05-18,1245.6700439453125,1296.47998046875,1241.02001953125,1291.9599609375,5,0,0,2001-05-14,2001-05-18,0,True,True
2001-05-25,1291.9599609375,1315.9300537109375,1276.4200439453125,1277.8900146484375,5,0,0,2001-05-21,2001-05-25,0,True,True
2001-06-01,1277.8900146484375,1278.4200439453125,1245.9599609375,1260.6700439453125,4,0,0,2001-05-29,2001-06-01,0,True,True
2001-06-08,1260.6700439453125,1286.6199951171875,1256.3599853515625,1264.9599609375,5,0,0,2001-06-04,2001-06-08,0,True,True
2001-06-15,1264.9599609375,1264.9599609375,1203.030029296875,1214.3599853515625,5,0,0,2001-06-11,2001-06-15,0,True,True
2001-06-22,1214.3599853515625,1240.239990234375,1207.7099609375,1225.3499755859375,5,0,0,2001-06-18,2001-06-22,0,True,True
2001-06-29,1225.3499755859375,1237.2900390625,1204.6400146484375,1224.3800048828125,5,0,0,2001-06-25,2001-06-29,0,True,True
2001-07-06,1224.4200439453125,1239.780029296875,1188.739990234375,1190.5899658203125,4,0,0,2001-07-02,2001-07-06,0,True,True
2001-07-13,1190.5899658203125,1218.5400390625,1168.4599609375,1215.6800537109375,5,0,0,2001-07-09,2001-07-13,0,True,True
2001-07-20,1215.6800537109375,1225.0400390625,1196.1400146484375,1210.8499755859375,5,0,0,2001-07-16,2001-07-20,0,True,True
2001-07-27,1210.8499755859375,1215.219970703125,1165.5400390625,1205.8199462890625,5,0,0,2001-07-23,2001-07-27,0,True,True
2001-08-03,1205.8199462890625,1226.27001953125,1200.4100341796875,1214.3499755859375,5,0,0,2001-07-30,2001-08-03,0,True,True
2001-08-10,1214.3499755859375,1214.3499755859375,1169.550048828125,1190.1600341796875,5,0,0,2001-08-06,2001-08-10,0,True,True
2001-08-17,1190.1600341796875,1198.7900390625,1156.0699462890625,1161.969970703125,5,0,0,2001-08-13,2001-08-17,0,True,True
2001-08-24,1161.969970703125,1185.1500244140625,1153.3399658203125,1184.9300537109375,5,0,0,2001-08-20,2001-08-24,0,True,True
2001-08-31,1184.9300537109375,1186.8499755859375,1124.8699951171875,1133.5799560546875,5,0,0,2001-08-27,2001-08-31,0,True,True
2001-09-07,1133.5799560546875,1155.4000244140625,1082.1199951171875,1085.780029296875,4,0,0,2001-09-04,2001-09-07,0,True,True
2001-09-14,1085.780029296875,1096.93994140625,1073.1500244140625,1092.5400390625,1,0,0,2001-09-10,2001-09-10,0,True,True
2001-09-21,1092.5400390625,1092.5400390625,944.75,965.79998779296875,5,0,0,2001-09-17,2001-09-21,0,True,True
2001-09-28,965.79998779296875,1040.93994140625,965.79998779296875,1040.93994140625,5,0,0,2001-09-24,2001-09-28,0,True,True
2001-10-05,1040.93994140625,1084.1199951171875,1026.760009765625,1071.3800048828125,5,0,0,2001-10-01,2001-10-05,0,True,True
2001-10-12,1071.3699951171875,1099.1600341796875,1052.760009765625,1091.6500244140625,5,0,0,2001-10-08,2001-10-12,0,True,True
2001-10-19,1091.6500244140625,1107.1199951171875,1057.239990234375,1073.47998046875,5,0,0,2001-10-15,2001-10-19,0,True,True
2001-10-26,1073.47998046875,1110.6099853515625,1065.6400146484375,1104.6099853515625,5,0,0,2001-10-22,2001-10-26,0,True,True
2001-11-02,1104.6099853515625,1104.6099853515625,1053.6099853515625,1087.199951171875,5,0,0,2001-10-29,2001-11-02,0,True,True
2001-11-09,1087.199951171875,1135.75,1087.199951171875,1120.31005859375,5,0,0,2001-11-05,2001-11-09,0,True,True
2001-11-16,1120.31005859375,1148.280029296875,1098.3199462890625,1138.6500244140625,5,0,0,2001-11-12,2001-11-16,0,True,True
2001-11-23,1138.6500244140625,1152.449951171875,1129.780029296875,1150.3399658203125,4,0,0,2001-11-19,2001-11-23,0,True,True
2001-11-30,1150.3399658203125,1163.3800048828125,1125.510009765625,1139.449951171875,5,0,0,2001-11-26,2001-11-30,0,True,True
2001-12-07,1139.449951171875,1173.6199951171875,1125.780029296875,1158.31005859375,5,0,0,2001-12-03,2001-12-07,0,True,True
2001-12-14,1158.31005859375,1158.31005859375,1114.530029296875,1123.0899658203125,5,0,0,2001-12-10,2001-12-14,0,True,True
2001-12-21,1123.0899658203125,1152.43994140625,1122.6600341796875,1144.8900146484375,5,0,0,2001-12-17,2001-12-21,0,True,True
2001-12-28,1144.8900146484375,1164.6400146484375,1144.6199951171875,1161.02001953125,4,0,0,2001-12-24,2001-12-28,0,True,True
2002-01-04,1161.02001953125,1176.550048828125,1136.22998046875,1172.510009765625,4,0,0,2001-12-31,2002-01-04,0,True,True
2002-01-11,1172.510009765625,1176.969970703125,1145.449951171875,1145.5999755859375,5,0,0,2002-01-07,2002-01-11,0,True,True
2002-01-18,1145.5999755859375,1148.81005859375,1124.449951171875,1127.5799560546875,5,0,0,2002-01-14,2002-01-18,0,True,True
2002-01-25,1127.5799560546875,1139.5,1117.4300537109375,1133.280029296875,4,0,0,2002-01-22,2002-01-25,0,True,True
2002-02-01,1133.280029296875,1138.6300048828125,1081.6600341796875,1122.199951171875,5,0,0,2002-01-28,2002-02-01,0,True,True
2002-02-08,1122.199951171875,1122.199951171875,1077.780029296875,1096.219970703125,5,0,0,2002-02-04,2002-02-08,0,True,True
2002-02-15,1096.219970703125,1124.719970703125,1094.6800537109375,1104.1800537109375,5,0,0,2002-02-11,2002-02-15,0,True,True
2002-02-22,1104.1800537109375,1104.1800537109375,1074.3599853515625,1089.8399658203125,4,0,0,2002-02-19,2002-02-22,0,True,True
2002-03-01,1089.8399658203125,1131.7900390625,1089.8399658203125,1131.780029296875,5,0,0,2002-02-25,2002-03-01,0,True,True
2002-03-08,1131.780029296875,1172.760009765625,1130.9300537109375,1164.31005859375,5,0,0,2002-03-04,2002-03-08,0,True,True
2002-03-15,1164.31005859375,1173.030029296875,1151.010009765625,1166.1600341796875,5,0,0,2002-03-11,2002-03-15,0,True,True
2002-03-22,1166.1600341796875,1173.93994140625,1139.47998046875,1148.699951171875,5,0,0,2002-03-18,2002-03-22,0,True,True
2002-03-29,1148.699951171875,1154.449951171875,1131.6099853515625,1147.3900146484375,4,0,0,2002-03-25,2002-03-28,0,True,True
2002-04-05,1147.3900146484375,1147.8399658203125,1119.489990234375,1122.72998046875,5,0,0,2002-04-01,2002-04-05,0,True,True
2002-04-12,1122.72998046875,1131.760009765625,1102.4200439453125,1111.010009765625,5,0,0,2002-04-08,2002-04-12,0,True,True
2002-04-19,1111.010009765625,1133,1099.4100341796875,1125.1700439453125,5,0,0,2002-04-15,2002-04-19,0,True,True
2002-04-26,1125.1700439453125,1125.1700439453125,1076.31005859375,1076.3199462890625,5,0,0,2002-04-22,2002-04-26,0,True,True
2002-05-03,1076.3199462890625,1091.4200439453125,1063.4599609375,1073.4300537109375,5,0,0,2002-04-29,2002-05-03,0,True,True
2002-05-10,1073.4300537109375,1088.9200439453125,1048.9599609375,1054.989990234375,5,0,0,2002-05-06,2002-05-10,0,True,True
2002-05-17,1054.989990234375,1106.5899658203125,1053.9000244140625,1106.5899658203125,5,0,0,2002-05-13,2002-05-17,0,True,True
2002-05-24,1106.5899658203125,1106.5899658203125,1075.6400146484375,1083.8199462890625,5,0,0,2002-05-20,2002-05-24,0,True,True
2002-05-31,1083.8199462890625,1085.97998046875,1054.260009765625,1067.1400146484375,4,0,0,2002-05-28,2002-05-31,0,True,True
2002-06-07,1067.1400146484375,1070.739990234375,1012.489990234375,1027.530029296875,5,0,0,2002-06-03,2002-06-07,0,True,True
2002-06-14,1027.530029296875,1039.0400390625,981.6300048828125,1007.27001953125,5,0,0,2002-06-10,2002-06-14,0,True,True
2002-06-21,1007.27001953125,1040.8299560546875,985.6500244140625,989.1400146484375,5,0,0,2002-06-17,2002-06-21,0,True,True
2002-06-28,989.1400146484375,1005.8800048828125,952.91998291015625,989.82000732421875,5,0,0,2002-06-24,2002-06-28,0,True,True
2002-07-05,989.82000732421875,994.46002197265625,934.8699951171875,989.030029296875,4,0,0,2002-07-01,2002-07-05,0,True,True
2002-07-12,989.030029296875,993.55999755859375,900.94000244140625,921.3900146484375,5,0,0,2002-07-08,2002-07-12,0,True,True
2002-07-19,921.3900146484375,926.52001953125,842.07000732421875,847.75,5,0,0,2002-07-15,2002-07-19,0,True,True
2002-07-26,847.760009765625,854.1300048828125,775.67999267578125,852.84002685546875,5,0,0,2002-07-22,2002-07-26,0,True,True
2002-08-02,852.84002685546875,911.6400146484375,852.84002685546875,864.239990234375,5,0,0,2002-07-29,2002-08-02,0,True,True
2002-08-09,864.239990234375,913.95001220703125,833.44000244140625,908.6400146484375,5,0,0,2002-08-05,2002-08-09,0,True,True
2002-08-16,908.6400146484375,935.3800048828125,876.20001220703125,928.77001953125,5,0,0,2002-08-12,2002-08-16,0,True,True
2002-08-23,928.77001953125,965,927.21002197265625,940.8599853515625,5,0,0,2002-08-19,2002-08-23,0,True,True
2002-08-30,940.8599853515625,955.82000732421875,903.33001708984375,916.07000732421875,5,0,0,2002-08-26,2002-08-30,0,True,True
2002-09-06,916.07000732421875,916.07000732421875,870.5,893.91998291015625,4,0,0,2002-09-03,2002-09-06,0,True,True
2002-09-13,893.91998291015625,924.02001953125,877.04998779296875,889.80999755859375,5,0,0,2002-09-09,2002-09-13,0,True,True
2002-09-20,889.80999755859375,902.67999267578125,839.09002685546875,845.3900146484375,5,0,0,2002-09-16,2002-09-20,0,True,True
2002-09-27,845.3900146484375,856.5999755859375,817.3800048828125,827.3699951171875,5,0,0,2002-09-23,2002-09-27,0,True,True
2002-10-04,827.3699951171875,851.92999267578125,794.0999755859375,800.58001708984375,5,0,0,2002-09-30,2002-10-04,0,True,True
2002-10-11,800.58001708984375,843.27001953125,768.6300048828125,835.32000732421875,5,0,0,2002-10-07,2002-10-11,0,True,True
2002-10-18,835.32000732421875,886.67999267578125,828.3699951171875,884.3900146484375,5,0,0,2002-10-14,2002-10-18,0,True,True
2002-10-25,884.3900146484375,902.94000244140625,873.05999755859375,897.6500244140625,5,0,0,2002-10-21,2002-10-25,0,True,True
2002-11-01,897.6500244140625,907.44000244140625,867.90997314453125,900.96002197265625,5,0,0,2002-10-28,2002-11-01,0,True,True
2002-11-08,900.96002197265625,925.65997314453125,891.6199951171875,894.739990234375,5,0,0,2002-11-04,2002-11-08,0,True,True
2002-11-15,894.739990234375,910.21002197265625,872.04998779296875,909.83001708984375,5,0,0,2002-11-11,2002-11-15,0,True,True
2002-11-22,909.83001708984375,937.280029296875,893.09002685546875,930.54998779296875,5,0,0,2002-11-18,2002-11-22,0,True,True
2002-11-29,930.54998779296875,941.82000732421875,912.0999755859375,936.30999755859375,4,0,0,2002-11-25,2002-11-29,0,True,True
2002-12-06,936.30999755859375,954.280029296875,895.96002197265625,912.22998046875,5,0,0,2002-12-02,2002-12-06,0,True,True
2002-12-13,912.22998046875,912.22998046875,888.47998046875,889.47998046875,5,0,0,2002-12-09,2002-12-13,0,True,True
2002-12-20,889.47998046875,911.219970703125,880.32000732421875,895.760009765625,5,0,0,2002-12-16,2002-12-20,0,True,True
2002-12-27,895.739990234375,903.8900146484375,873.6199951171875,875.4000244140625,4,0,0,2002-12-23,2002-12-27,0,True,True
2003-01-03,875.4000244140625,911.25,869.45001220703125,908.59002685546875,4,0,0,2002-12-30,2003-01-03,0,True,True
2003-01-10,908.59002685546875,932.8900146484375,908.32000732421875,927.57000732421875,5,0,0,2003-01-06,2003-01-10,0,True,True
2003-01-17,927.57000732421875,935.04998779296875,899.02001953125,901.780029296875,5,0,0,2003-01-13,2003-01-17,0,True,True
2003-01-24,901.780029296875,906,859.71002197265625,861.4000244140625,4,0,0,2003-01-21,2003-01-24,0,True,True
2003-01-31,861.4000244140625,868.719970703125,840.34002685546875,855.70001220703125,5,0,0,2003-01-27,2003-01-31,0,True,True
2003-02-07,855.70001220703125,864.6400146484375,826.70001220703125,829.69000244140625,5,0,0,2003-02-03,2003-02-07,0,True,True
2003-02-14,829.69000244140625,843.02001953125,806.28997802734375,834.8900146484375,5,0,0,2003-02-10,2003-02-14,0,True,True
2003-02-21,834.8900146484375,852.8699951171875,831.47998046875,848.16998291015625,4,0,0,2003-02-18,2003-02-21,0,True,True
2003-02-28,848.16998291015625,848.16998291015625,818.53997802734375,841.1500244140625,5,0,0,2003-02-24,2003-02-28,0,True,True
2003-03-07,841.1500244140625,852.34002685546875,811.22998046875,828.8900146484375,5,0,0,2003-03-03,2003-03-07,0,True,True
2003-03-14,828.8900146484375,841.3900146484375,788.9000244140625,833.27001953125,5,0,0,2003-03-10,2003-03-14,0,True,True
2003-03-21,833.27001953125,895.9000244140625,827.16998291015625,895.78997802734375,5,0,0,2003-03-17,2003-03-21,0,True,True
2003-03-28,895.78997802734375,895.78997802734375,858.09002685546875,863.5,5,0,0,2003-03-24,2003-03-28,0,True,True
2003-04-04,863.5,885.8900146484375,843.67999267578125,878.8499755859375,5,0,0,2003-03-31,2003-04-04,0,True,True
2003-04-11,878.8499755859375,904.8900146484375,862.760009765625,868.29998779296875,5,0,0,2003-04-07,2003-04-11,0,True,True
2003-04-18,868.29998779296875,896.77001953125,868.29998779296875,893.58001708984375,4,0,0,2003-04-14,2003-04-17,0,True,True
2003-04-25,893.58001708984375,919.739990234375,886.70001220703125,898.80999755859375,5,0,0,2003-04-21,2003-04-25,0,True,True
2003-05-02,898.80999755859375,930.55999755859375,898.80999755859375,930.08001708984375,5,0,0,2003-04-28,2003-05-02,0,True,True
2003-05-09,930.08001708984375,939.6099853515625,919.719970703125,933.40997314453125,5,0,0,2003-05-05,2003-05-09,0,True,True
2003-05-16,933.40997314453125,948.6500244140625,929.29998779296875,944.29998779296875,5,0,0,2003-05-12,2003-05-16,0,True,True
2003-05-23,944.29998779296875,944.29998779296875,912.04998779296875,933.219970703125,5,0,0,2003-05-19,2003-05-23,0,True,True
2003-05-30,933.219970703125,965.3800048828125,927.33001708984375,963.59002685546875,4,0,0,2003-05-27,2003-05-30,0,True,True
2003-06-06,963.59002685546875,1007.6900024414062,963.59002685546875,987.760009765625,5,0,0,2003-06-02,2003-06-06,0,True,True
2003-06-13,987.760009765625,1002.739990234375,972.59002685546875,988.6099853515625,5,0,0,2003-06-09,2003-06-13,0,True,True
2003-06-20,988.6099853515625,1015.3300170898438,988.6099853515625,995.69000244140625,5,0,0,2003-06-16,2003-06-20,0,True,True
2003-06-27,995.69000244140625,995.69000244140625,973.79998779296875,976.219970703125,5,0,0,2003-06-23,2003-06-27,0,True,True
2003-07-04,976.219970703125,995,962.0999755859375,985.70001220703125,4,0,0,2003-06-30,2003-07-03,0,True,True
2003-07-11,985.70001220703125,1010.4299926757812,983.6300048828125,998.1400146484375,5,0,0,2003-07-07,2003-07-11,0,True,True
2003-07-18,998.1400146484375,1015.4099731445312,978.5999755859375,993.32000732421875,5,0,0,2003-07-14,2003-07-18,0,True,True
2003-07-25,993.32000732421875,998.8900146484375,975.6300048828125,998.67999267578125,5,0,0,2003-07-21,2003-07-25,0,True,True
2003-08-01,998.67999267578125,1004.5900268554688,978.8599853515625,980.1500244140625,5,0,0,2003-07-28,2003-08-01,0,True,True
2003-08-08,980.1500244140625,985.75,960.84002685546875,977.59002685546875,5,0,0,2003-08-04,2003-08-08,0,True,True
2003-08-15,977.59002685546875,992.5,974.21002197265625,990.66998291015625,5,0,0,2003-08-11,2003-08-15,0,True,True
2003-08-22,990.66998291015625,1011.010009765625,990.66998291015625,993.05999755859375,5,0,0,2003-08-18,2003-08-22,0,True,True
2003-08-29,993.05999755859375,1008.8499755859375,983.57000732421875,1008.010009765625,5,0,0,2003-08-25,2003-08-29,0,True,True
2003-09-05,1008.010009765625,1029.3399658203125,1005.72998046875,1021.3900146484375,4,0,0,2003-09-02,2003-09-05,0,True,True
2003-09-12,1021.3900146484375,1032.4100341796875,1007.7100219726562,1018.6300048828125,5,0,0,2003-09-08,2003-09-12,0,True,True
2003-09-19,1018.6300048828125,1040.2900390625,1013.5900268554688,1036.300048828125,5,0,0,2003-09-15,2003-09-19,0,True,True
2003-09-26,1036.300048828125,1036.300048828125,996.08001708984375,996.8499755859375,5,0,0,2003-09-22,2003-09-26,0,True,True
2003-10-03,996.8499755859375,1039.31005859375,990.3599853515625,1029.8499755859375,5,0,0,2003-09-29,2003-10-03,0,True,True
2003-10-10,1029.8499755859375,1048.280029296875,1026.27001953125,1038.06005859375,5,0,0,2003-10-06,2003-10-10,0,True,True
2003-10-17,1038.06005859375,1053.7900390625,1036.5699462890625,1039.3199462890625,5,0,0,2003-10-13,2003-10-17,0,True,True
2003-10-24,1039.3199462890625,1048.5699462890625,1018.3200073242188,1028.9100341796875,5,0,0,2003-10-20,2003-10-24,0,True,True
2003-10-31,1028.9100341796875,1053.0899658203125,1028.9100341796875,1050.7099609375,5,0,0,2003-10-27,2003-10-31,0,True,True
2003-11-07,1050.7099609375,1062.3900146484375,1044.8800048828125,1053.2099609375,5,0,0,2003-11-03,2003-11-07,0,True,True
2003-11-14,1053.2099609375,1063.6500244140625,1043.4599609375,1050.3499755859375,5,0,0,2003-11-10,2003-11-14,0,True,True
2003-11-21,1050.3499755859375,1050.3499755859375,1031.199951171875,1035.280029296875,5,0,0,2003-11-17,2003-11-21,0,True,True
2003-11-28,1035.280029296875,1060.6300048828125,1035.280029296875,1058.199951171875,4,0,0,2003-11-24,2003-11-28,0,True,True
2003-12-05,1058.199951171875,1074.300048828125,1058.199951171875,1061.5,5,0,0,2003-12-01,2003-12-05,0,True,True
2003-12-12,1061.5,1074.760009765625,1053.4100341796875,1074.1400146484375,5,0,0,2003-12-08,2003-12-12,0,True,True
2003-12-19,1074.1400146484375,1091.06005859375,1068,1088.6600341796875,5,0,0,2003-12-15,2003-12-19,0,True,True
2003-12-26,1088.6600341796875,1098.469970703125,1086.1400146484375,1095.8900146484375,4,0,0,2003-12-22,2003-12-26,0,True,True
2004-01-02,1095.8900146484375,1118.8499755859375,1095.8900146484375,1108.47998046875,4,0,0,2003-12-29,2004-01-02,0,True,True
2004-01-09,1108.47998046875,1131.9200439453125,1108.47998046875,1121.8599853515625,5,0,0,2004-01-05,2004-01-09,0,True,True
2004-01-16,1121.8599853515625,1139.8299560546875,1115.18994140625,1139.8299560546875,5,0,0,2004-01-12,2004-01-16,0,True,True
2004-01-23,1139.8299560546875,1150.510009765625,1134.6199951171875,1141.550048828125,4,0,0,2004-01-20,2004-01-23,0,True,True
2004-01-30,1141.550048828125,1155.3800048828125,1122.3800048828125,1131.1300048828125,5,0,0,2004-01-26,2004-01-30,0,True,True
2004-02-06,1131.1300048828125,1142.7900390625,1124.43994140625,1142.760009765625,5,0,0,2004-02-02,2004-02-06,0,True,True
2004-02-13,1142.760009765625,1158.8900146484375,1138.699951171875,1145.81005859375,5,0,0,2004-02-09,2004-02-13,0,True,True
2004-02-20,1145.81005859375,1158.97998046875,1139,1144.1099853515625,4,0,0,2004-02-17,2004-02-20,0,True,True
2004-02-27,1144.1099853515625,1151.6800537109375,1134.4300537109375,1144.93994140625,5,0,0,2004-02-23,2004-02-27,0,True,True
2004-03-05,1144.93994140625,1163.22998046875,1143.780029296875,1156.8599853515625,5,0,0,2004-03-01,2004-03-05,0,True,True
2004-03-12,1156.8599853515625,1159.93994140625,1105.8699951171875,1120.5699462890625,5,0,0,2004-03-08,2004-03-12,0,True,True
2004-03-19,1120.5699462890625,1125.760009765625,1102.6099853515625,1109.780029296875,5,0,0,2004-03-15,2004-03-19,0,True,True
2004-03-26,1109.780029296875,1115.27001953125,1087.1600341796875,1108.06005859375,5,0,0,2004-03-22,2004-03-26,0,True,True
2004-04-02,1108.06005859375,1144.81005859375,1108.06005859375,1141.81005859375,5,0,0,2004-03-29,2004-04-02,0,True,True
2004-04-09,1141.81005859375,1150.5699462890625,1134.52001953125,1139.3199462890625,4,0,0,2004-04-05,2004-04-08,0,True,True
2004-04-16,1139.3199462890625,1147.780029296875,1120.75,1134.6099853515625,5,0,0,2004-04-12,2004-04-16,0,True,True
2004-04-23,1134.56005859375,1142.77001953125,1116.030029296875,1140.5999755859375,5,0,0,2004-04-19,2004-04-23,0,True,True
2004-04-30,1140.5999755859375,1146.56005859375,1107.22998046875,1107.300048828125,5,0,0,2004-04-26,2004-04-30,0,True,True
2004-05-07,1107.300048828125,1127.739990234375,1098.6300048828125,1098.699951171875,5,0,0,2004-05-03,2004-05-07,0,True,True
2004-05-14,1098.699951171875,1102.77001953125,1076.3199462890625,1095.699951171875,5,0,0,2004-05-10,2004-05-14,0,True,True
2004-05-21,1095.699951171875,1105.9300537109375,1079.3599853515625,1093.56005859375,5,0,0,2004-05-17,2004-05-21,0,True,True
2004-05-28,1093.56005859375,1123.949951171875,1090.739990234375,1120.6800537109375,5,0,0,2004-05-24,2004-05-28,0,True,True
2004-06-04,1120.6800537109375,1129.1700439453125,1113.3199462890625,1122.5,4,0,0,2004-06-01,2004-06-04,0,True,True
2004-06-11,1122.5,1142.1800537109375,1122.5,1136.469970703125,4,0,0,2004-06-07,2004-06-10,0,True,True
2004-06-18,1136.469970703125,1138.9599609375,1122.1600341796875,1135.02001953125,5,0,0,2004-06-14,2004-06-18,0,True,True
2004-06-25,1135.02001953125,1146.3399658203125,1124.3699951171875,1134.4300537109375,5,0,0,2004-06-21,2004-06-25,0,True,True
2004-07-02,1134.4300537109375,1144.199951171875,1123.06005859375,1125.3800048828125,5,0,0,2004-06-28,2004-07-02,0,True,True
2004-07-09,1125.3800048828125,1125.3800048828125,1108.719970703125,1112.81005859375,4,0,0,2004-07-06,2004-07-09,0,True,True
2004-07-16,1112.81005859375,1119.5999755859375,1101.0699462890625,1101.3900146484375,5,0,0,2004-07-12,2004-07-16,0,True,True
2004-07-23,1101.3900146484375,1116.27001953125,1083.56005859375,1086.199951171875,5,0,0,2004-07-19,2004-07-23,0,True,True
2004-07-30,1086.199951171875,1103.72998046875,1078.780029296875,1101.719970703125,5,0,0,2004-07-26,2004-07-30,0,True,True
2004-08-06,1101.719970703125,1108.5999755859375,1062.22998046875,1063.969970703125,5,0,0,2004-08-02,2004-08-06,0,True,True
2004-08-13,1063.969970703125,1079.0400390625,1060.719970703125,1064.800048828125,5,0,0,2004-08-09,2004-08-13,0,True,True
2004-08-20,1064.800048828125,1100.260009765625,1064.800048828125,1098.3499755859375,5,0,0,2004-08-16,2004-08-20,0,True,True
2004-08-27,1098.3499755859375,1109.6800537109375,1092.8199462890625,1107.77001953125,5,0,0,2004-08-23,2004-08-27,0,True,True
2004-09-03,1107.77001953125,1120.800048828125,1094.719970703125,1113.6300048828125,5,0,0,2004-08-30,2004-09-03,0,True,True
2004-09-10,1113.6300048828125,1125.260009765625,1113.6199951171875,1123.9200439453125,4,0,0,2004-09-07,2004-09-10,0,True,True
2004-09-17,1123.9200439453125,1130.1400146484375,1119.8199462890625,1128.550048828125,5,0,0,2004-09-13,2004-09-17,0,True,True
2004-09-24,1128.550048828125,1131.5400390625,1108.050048828125,1110.1099853515625,5,0,0,2004-09-20,2004-09-24,0,True,True
2004-10-01,1110.1099853515625,1131.6400146484375,1101.2900390625,1131.5,5,0,0,2004-09-27,2004-10-01,0,True,True
2004-10-08,1131.5,1142.050048828125,1120.18994140625,1122.1400146484375,5,0,0,2004-10-04,2004-10-08,0,True,True
2004-10-15,1122.1400146484375,1127.010009765625,1102.06005859375,1108.199951171875,5,0,0,2004-10-11,2004-10-15,0,True,True
2004-10-22,1108.199951171875,1117.9599609375,1094.25,1095.739990234375,5,0,0,2004-10-18,2004-10-22,0,True,True
2004-10-29,1095.739990234375,1131.4000244140625,1090.2900390625,1130.199951171875,5,0,0,2004-10-25,2004-10-29,0,True,True
2004-11-05,1130.199951171875,1170.8699951171875,1127.5999755859375,1166.1700439453125,5,0,0,2004-11-01,2004-11-05,0,True,True
2004-11-12,1166.1700439453125,1184.1700439453125,1162.3199462890625,1184.1700439453125,5,0,0,2004-11-08,2004-11-12,0,True,True
2004-11-19,1184.1700439453125,1188.4599609375,1169.18994140625,1170.3399658203125,5,0,0,2004-11-15,2004-11-19,0,True,True
2004-11-26,1170.3399658203125,1186.6199951171875,1167.8900146484375,1182.6500244140625,4,0,0,2004-11-22,2004-11-26,0,True,True
2004-12-03,1182.6500244140625,1197.4599609375,1172.3699951171875,1191.1700439453125,5,0,0,2004-11-29,2004-12-03,0,True,True
2004-12-10,1191.1700439453125,1192.4100341796875,1173.7900390625,1188,5,0,0,2004-12-06,2004-12-10,0,True,True
2004-12-17,1188,1207.969970703125,1188,1194.199951171875,5,0,0,2004-12-13,2004-12-17,0,True,True
2004-12-24,1194.199951171875,1213.6600341796875,1193.3599853515625,1210.1300048828125,4,0,0,2004-12-20,2004-12-23,0,True,True
2004-12-31,1210.1300048828125,1217.3299560546875,1204.9200439453125,1211.9200439453125,5,0,0,2004-12-27,2004-12-31,0,True,True
2005-01-07,1211.9200439453125,1217.800048828125,1182.1600341796875,1186.18994140625,5,0,0,2005-01-03,2005-01-07,0,True,True
2005-01-14,1186.18994140625,1194.780029296875,1175.6400146484375,1184.52001953125,5,0,0,2005-01-10,2005-01-14,0,True,True
2005-01-21,1184.52001953125,1195.97998046875,1167.8199462890625,1167.8699951171875,4,0,0,2005-01-18,2005-01-21,0,True,True
2005-01-28,1167.8699951171875,1177.5,1163.75,1171.3599853515625,5,0,0,2005-01-24,2005-01-28,0,True,True
2005-02-04,1171.3599853515625,1203.469970703125,1171.3599853515625,1203.030029296875,5,0,0,2005-01-31,2005-02-04,0,True,True
2005-02-11,1203.030029296875,1208.3800048828125,1191.5400390625,1205.300048828125,5,0,0,2005-02-07,2005-02-11,0,True,True
2005-02-18,1205.300048828125,1212.43994140625,1197.3499755859375,1201.5899658203125,5,0,0,2005-02-14,2005-02-18,0,True,True
2005-02-25,1201.5899658203125,1212.1500244140625,1184.1600341796875,1211.3699951171875,4,0,0,2005-02-22,2005-02-25,0,True,True
2005-03-04,1211.3699951171875,1224.760009765625,1198.1300048828125,1222.1199951171875,5,0,0,2005-02-28,2005-03-04,0,True,True
2005-03-11,1222.1199951171875,1229.1099853515625,1198.1500244140625,1200.0799560546875,5,0,0,2005-03-07,2005-03-11,0,True,True
2005-03-18,1200.0799560546875,1210.5400390625,1182.780029296875,1189.6500244140625,5,0,0,2005-03-14,2005-03-18,0,True,True
2005-03-25,1189.6500244140625,1189.6500244140625,1168.699951171875,1171.4200439453125,4,0,0,2005-03-21,2005-03-24,0,True,True
2005-04-01,1171.4200439453125,1189.800048828125,1163.68994140625,1172.9200439453125,5,0,0,2005-03-28,2005-04-01,0,True,True
2005-04-08,1172.7900390625,1191.8800048828125,1167.719970703125,1181.199951171875,5,0,0,2005-04-04,2005-04-08,0,True,True
2005-04-15,1181.199951171875,1190.1700439453125,1141.9200439453125,1142.6199951171875,5,0,0,2005-04-11,2005-04-15,0,True,True
2005-04-22,1142.6199951171875,1159.949951171875,1136.1500244140625,1152.1199951171875,5,0,0,2005-04-18,2005-04-22,0,True,True
2005-04-29,1152.1199951171875,1164.800048828125,1139.18994140625,1156.8499755859375,5,0,0,2005-04-25,2005-04-29,0,True,True
2005-05-06,1156.8499755859375,1178.6199951171875,1154.7099609375,1171.3499755859375,5,0,0,2005-05-02,2005-05-06,0,True,True
2005-05-13,1171.3499755859375,1178.8699951171875,1146.1800537109375,1154.050048828125,5,0,0,2005-05-09,2005-05-13,0,True,True
2005-05-20,1154.050048828125,1191.219970703125,1153.6400146484375,1189.280029296875,5,0,0,2005-05-16,2005-05-20,0,True,True
2005-05-27,1189.280029296875,1199.56005859375,1185.9599609375,1198.780029296875,5,0,0,2005-05-23,2005-05-27,0,True,True
2005-06-03,1198.780029296875,1205.6400146484375,1191.030029296875,1196.02001953125,4,0,0,2005-05-31,2005-06-03,0,True,True
2005-06-10,1196.02001953125,1208.8499755859375,1191.0899658203125,1198.1099853515625,5,0,0,2005-06-06,2005-06-10,0,True,True
2005-06-17,1198.1099853515625,1219.550048828125,1194.510009765625,1216.9599609375,5,0,0,2005-06-13,2005-06-17,0,True,True
2005-06-24,1216.9599609375,1219.5899658203125,1191.449951171875,1191.5699462890625,5,0,0,2005-06-20,2005-06-24,0,True,True
2005-07-01,1191.5699462890625,1204.0699462890625,1188.300048828125,1194.43994140625,5,0,0,2005-06-27,2005-07-01,0,True,True
2005-07-08,1194.43994140625,1212.72998046875,1183.550048828125,1211.8599853515625,4,0,0,2005-07-05,2005-07-08,0,True,True
2005-07-15,1211.8599853515625,1233.1600341796875,1211.8599853515625,1227.9200439453125,5,0,0,2005-07-11,2005-07-15,0,True,True
2005-07-22,1227.9200439453125,1236.56005859375,1221.1300048828125,1233.6800537109375,5,0,0,2005-07-18,2005-07-22,0,True,True
2005-07-29,1233.6800537109375,1245.1500244140625,1228.1500244140625,1234.1800537109375,5,0,0,2005-07-25,2005-07-29,0,True,True
2005-08-05,1234.1800537109375,1245.8599853515625,1225.6199951171875,1226.4200439453125,5,0,0,2005-08-01,2005-08-05,0,True,True
2005-08-12,1226.4200439453125,1242.68994140625,1222.6700439453125,1230.3900146484375,5,0,0,2005-08-08,2005-08-12,0,True,True
2005-08-19,1230.4000244140625,1236.239990234375,1215.9300537109375,1219.7099609375,5,0,0,2005-08-15,2005-08-19,0,True,True
2005-08-26,1219.7099609375,1228.9599609375,1204.22998046875,1205.0999755859375,5,0,0,2005-08-22,2005-08-26,0,True,True
2005-09-02,1205.0999755859375,1227.2900390625,1201.0699462890625,1218.02001953125,5,0,0,2005-08-29,2005-09-02,0,True,True
2005-09-09,1218.02001953125,1243.1300048828125,1218.02001953125,1241.47998046875,4,0,0,2005-09-06,2005-09-09,0,True,True
2005-09-16,1241.47998046875,1242.5999755859375,1224.8499755859375,1237.9100341796875,5,0,0,2005-09-12,2005-09-16,0,True,True
2005-09-23,1237.9100341796875,1237.9100341796875,1205.3499755859375,1215.2900390625,5,0,0,2005-09-19,2005-09-23,0,True,True
2005-09-30,1215.2900390625,1229.5699462890625,1211.1099853515625,1228.81005859375,5,0,0,2005-09-26,2005-09-30,0,True,True
2005-10-07,1228.81005859375,1233.3399658203125,1181.9200439453125,1195.9000244140625,5,0,0,2005-10-03,2005-10-07,0,True,True
2005-10-14,1195.9000244140625,1196.52001953125,1168.199951171875,1186.5699462890625,5,0,0,2005-10-10,2005-10-14,0,True,True
2005-10-21,1186.5699462890625,1197.300048828125,1170.550048828125,1179.5899658203125,5,0,0,2005-10-17,2005-10-21,0,True,True
2005-10-28,1179.5899658203125,1204.010009765625,1178.8900146484375,1198.4100341796875,5,0,0,2005-10-24,2005-10-28,0,True,True
2005-11-04,1198.4100341796875,1224.699951171875,1198.4100341796875,1220.1400146484375,5,0,0,2005-10-31,2005-11-04,0,True,True
2005-11-11,1220.1400146484375,1235.699951171875,1215.050048828125,1234.719970703125,5,0,0,2005-11-07,2005-11-11,0,True,True
2005-11-18,1234.719970703125,1249.5799560546875,1226.4100341796875,1248.27001953125,5,0,0,2005-11-14,2005-11-18,0,True,True
2005-11-25,1248.27001953125,1270.6400146484375,1246.9000244140625,1268.25,4,0,0,2005-11-21,2005-11-25,0,True,True
2005-12-02,1268.25,1268.43994140625,1249.3900146484375,1265.0799560546875,5,0,0,2005-11-28,2005-12-02,0,True,True
2005-12-09,1265.0799560546875,1272.8900146484375,1250.9100341796875,1259.3699951171875,5,0,0,2005-12-05,2005-12-09,0,True,True
2005-12-16,1259.3699951171875,1275.800048828125,1255.52001953125,1267.3199462890625,5,0,0,2005-12-12,2005-12-16,0,True,True
2005-12-23,1267.3199462890625,1270.510009765625,1257.2099609375,1268.6600341796875,5,0,0,2005-12-19,2005-12-23,0,True,True
2005-12-30,1268.6600341796875,1271.8299560546875,1246.5899658203125,1248.2900390625,4,0,0,2005-12-27,2005-12-30,0,True,True
2006-01-06,1248.2900390625,1286.0899658203125,1245.739990234375,1285.449951171875,4,0,0,2006-01-03,2006-01-06,0,True,True
2006-01-13,1285.449951171875,1294.9000244140625,1282.780029296875,1287.6099853515625,5,0,0,2006-01-09,2006-01-13,0,True,True
2006-01-20,1287.6099853515625,1287.7900390625,1260.9200439453125,1261.489990234375,4,0,0,2006-01-17,2006-01-20,0,True,True
2006-01-27,1261.489990234375,1286.3800048828125,1259.4200439453125,1283.719970703125,5,0,0,2006-01-23,2006-01-27,0,True,True
2006-02-03,1283.719970703125,1287.93994140625,1261.02001953125,1264.030029296875,5,0,0,2006-01-30,2006-02-03,0,True,True
2006-02-10,1264.030029296875,1274.56005859375,1253.6099853515625,1266.989990234375,5,0,0,2006-02-06,2006-02-10,0,True,True
2006-02-17,1266.989990234375,1289.469970703125,1258.3399658203125,1287.239990234375,5,0,0,2006-02-13,2006-02-17,0,True,True
2006-02-24,1287.239990234375,1294.1700439453125,1281.3299560546875,1289.4300537109375,4,0,0,2006-02-21,2006-02-24,0,True,True
2006-03-03,1289.4300537109375,1297.5699462890625,1278.6600341796875,1287.22998046875,5,0,0,2006-02-27,2006-03-03,0,True,True
2006-03-10,1287.22998046875,1288.22998046875,1268.4200439453125,1281.4200439453125,5,0,0,2006-03-06,2006-03-10,0,True,True
2006-03-17,1281.5799560546875,1310.449951171875,1281.5799560546875,1307.25,5,0,0,2006-03-13,2006-03-17,0,True,True
2006-03-24,1307.25,1310.8800048828125,1295.81005859375,1302.949951171875,5,0,0,2006-03-20,2006-03-24,0,True,True
2006-03-31,1302.949951171875,1310.1500244140625,1291.8399658203125,1294.8699951171875,5,0,0,2006-03-27,2006-03-31,0,True,True
2006-04-07,1302.8800048828125,1314.0699462890625,1294.1800537109375,1295.5,5,0,0,2006-04-03,2006-04-07,0,True,True
2006-04-14,1295.510009765625,1300.739990234375,1282.9599609375,1289.1199951171875,4,0,0,2006-04-10,2006-04-13,0,True,True
2006-04-21,1289.1199951171875,1318.1600341796875,1280.739990234375,1311.280029296875,5,0,0,2006-04-17,2006-04-21,0,True,True
2006-04-28,1311.280029296875,1316.0400390625,1295.5699462890625,1310.6099853515625,5,0,0,2006-04-24,2006-04-28,0,True,True
2006-05-05,1310.6099853515625,1326.530029296875,1303.4599609375,1325.760009765625,5,0,0,2006-05-01,2006-05-05,0,True,True
2006-05-12,1325.760009765625,1326.699951171875,1290.3800048828125,1291.239990234375,5,0,0,2006-05-08,2006-05-12,0,True,True
2006-05-19,1291.18994140625,1297.8800048828125,1256.280029296875,1267.030029296875,5,0,0,2006-05-15,2006-05-19,0,True,True
2006-05-26,1267.030029296875,1280.5400390625,1245.3399658203125,1280.1600341796875,5,0,0,2006-05-22,2006-05-26,0,True,True
2006-06-02,1280.0400390625,1290.6800537109375,1259.3800048828125,1288.219970703125,4,0,0,2006-05-30,2006-06-02,0,True,True
2006-06-09,1288.1600341796875,1288.1600341796875,1235.1800537109375,1252.300048828125,5,0,0,2006-06-05,2006-06-09,0,True,True
2006-06-16,1252.27001953125,1258.6400146484375,1219.2900390625,1251.5400390625,5,0,0,2006-06-12,2006-06-16,0,True,True
2006-06-23,1251.5400390625,1257.9599609375,1237.1700439453125,1244.5,5,0,0,2006-06-19,2006-06-23,0,True,True
2006-06-30,1244.5,1276.300048828125,1237.5899658203125,1270.199951171875,5,0,0,2006-06-26,2006-06-30,0,True,True
2006-07-07,1270.06005859375,1280.3800048828125,1263.1300048828125,1265.47998046875,4,0,0,2006-07-03,2006-07-07,0,True,True
2006-07-14,1265.4599609375,1274.06005859375,1228.449951171875,1236.199951171875,5,0,0,2006-07-10,2006-07-14,0,True,True
2006-07-21,1236.199951171875,1262.56005859375,1224.5400390625,1240.2900390625,5,0,0,2006-07-17,2006-07-21,0,True,True
2006-07-28,1240.25,1280.4200439453125,1240.25,1278.550048828125,5,0,0,2006-07-24,2006-07-28,0,True,True
2006-08-04,1278.530029296875,1292.9200439453125,1265.7099609375,1279.3599853515625,5,0,0,2006-07-31,2006-08-04,0,True,True
2006-08-11,1279.31005859375,1283.739990234375,1261.300048828125,1266.739990234375,5,0,0,2006-08-07,2006-08-11,0,True,True
2006-08-18,1266.6700439453125,1302.300048828125,1266.6700439453125,1302.300048828125,5,0,0,2006-08-14,2006-08-18,0,True,True
2006-08-25,1302.300048828125,1302.489990234375,1289.8199462890625,1295.0899658203125,5,0,0,2006-08-21,2006-08-25,0,True,True
2006-09-01,1295.0899658203125,1312.030029296875,1293.969970703125,1311.010009765625,5,0,0,2006-08-28,2006-09-01,0,True,True
2006-09-08,1310.93994140625,1314.6700439453125,1292.1300048828125,1298.9200439453125,4,0,0,2006-09-05,2006-09-08,0,True,True
2006-09-15,1298.8599853515625,1324.6500244140625,1290.9300537109375,1319.6600341796875,5,0,0,2006-09-11,2006-09-15,0,True,True
2006-09-22,1319.8499755859375,1328.530029296875,1310.93994140625,1314.780029296875,5,0,0,2006-09-18,2006-09-22,0,True,True
2006-09-29,1314.780029296875,1340.280029296875,1311.5799560546875,1335.8499755859375,5,0,0,2006-09-25,2006-09-29,0,True,True
2006-10-06,1335.8199462890625,1353.7900390625,1327.0999755859375,1349.5899658203125,5,0,0,2006-10-02,2006-10-06,0,True,True
2006-10-13,1349.5799560546875,1366.6300048828125,1343.5699462890625,1365.6199951171875,5,0,0,2006-10-09,2006-10-13,0,True,True
2006-10-20,1365.6099853515625,1372.8699951171875,1356.8699951171875,1368.5999755859375,5,0,0,2006-10-16,2006-10-20,0,True,True
2006-10-27,1368.5799560546875,1389.449951171875,1363.93994140625,1377.3399658203125,5,0,0,2006-10-23,2006-10-27,0,True,True
2006-11-03,1377.300048828125,1381.949951171875,1360.97998046875,1364.300048828125,5,0,0,2006-10-30,2006-11-03,0,True,True
2006-11-10,1364.27001953125,1388.9200439453125,1364.27001953125,1380.9000244140625,5,0,0,2006-11-06,2006-11-10,0,True,True
2006-11-17,1380.5799560546875,1403.760009765625,1378.800048828125,1401.199951171875,5,0,0,2006-11-13,2006-11-17,0,True,True
2006-11-24,1401.1700439453125,1407.8900146484375,1397.8499755859375,1400.949951171875,4,0,0,2006-11-20,2006-11-24,0,True,True
2006-12-01,1400.949951171875,1406.300048828125,1377.8299560546875,1396.7099609375,5,0,0,2006-11-27,2006-12-01,0,True,True
2006-12-08,1396.6700439453125,1418.27001953125,1396.6700439453125,1409.8399658203125,5,0,0,2006-12-04,2006-12-08,0,True,True
2006-12-15,1409.81005859375,1431.6300048828125,1404.75,1427.0899658203125,5,0,0,2006-12-11,2006-12-15,0,True,True
2006-12-22,1427.0799560546875,1431.81005859375,1410.280029296875,1410.760009765625,5,0,0,2006-12-18,2006-12-22,0,True,True
2006-12-29,1410.75,1427.719970703125,1410.449951171875,1418.300048828125,4,0,0,2006-12-26,2006-12-29,0,True,True
2007-01-05,1418.030029296875,1429.4200439453125,1405.75,1409.7099609375,3,0,0,2007-01-03,2007-01-05,0,True,True
2007-01-12,1409.260009765625,1431.22998046875,1403.969970703125,1430.72998046875,5,0,0,2007-01-08,2007-01-12,0,True,True
2007-01-19,1430.72998046875,1435.27001953125,1424.2099609375,1430.5,4,0,0,2007-01-16,2007-01-19,0,True,True
2007-01-26,1430.469970703125,1440.68994140625,1416.9599609375,1422.1800537109375,5,0,0,2007-01-22,2007-01-26,0,True,True
2007-02-02,1422.030029296875,1449.3299560546875,1418.4599609375,1448.3900146484375,5,0,0,2007-01-29,2007-02-02,0,True,True
2007-02-09,1448.3299560546875,1452.989990234375,1433.43994140625,1438.06005859375,5,0,0,2007-02-05,2007-02-09,0,True,True
2007-02-16,1438,1457.969970703125,1431.43994140625,1455.5400390625,5,0,0,2007-02-12,2007-02-16,0,True,True
2007-02-23,1455.530029296875,1461.5699462890625,1448.3599853515625,1451.18994140625,4,0,0,2007-02-20,2007-02-23,0,True,True
2007-03-02,1451.0400390625,1456.949951171875,1380.8699951171875,1387.1700439453125,5,0,0,2007-02-26,2007-03-02,0,True,True
2007-03-09,1387.1099853515625,1410.1500244140625,1373.969970703125,1402.8399658203125,5,0,0,2007-03-05,2007-03-09,0,True,True
2007-03-16,1402.800048828125,1409.3399658203125,1363.97998046875,1386.949951171875,5,0,0,2007-03-12,2007-03-16,0,True,True
2007-03-23,1386.949951171875,1438.8900146484375,1386.949951171875,1436.1099853515625,5,0,0,2007-03-19,2007-03-23,0,True,True
2007-03-30,1436.1099853515625,1437.6500244140625,1408.9000244140625,1420.8599853515625,5,0,0,2007-03-26,2007-03-30,0,True,True
2007-04-06,1420.8299560546875,1444.8800048828125,1416.3699951171875,1443.760009765625,4,0,0,2007-04-02,2007-04-05,0,True,True
2007-04-13,1443.77001953125,1453.1099853515625,1433.9100341796875,1452.8499755859375,5,0,0,2007-04-09,2007-04-13,0,True,True
2007-04-20,1452.8399658203125,1484.739990234375,1452.8399658203125,1484.3499755859375,5,0,0,2007-04-16,2007-04-20,0,True,True
2007-04-27,1484.3299560546875,1498.02001953125,1473.739990234375,1494.0699462890625,5,0,0,2007-04-23,2007-04-27,0,True,True
2007-05-04,1494.0699462890625,1510.3399658203125,1476.699951171875,1505.6199951171875,5,0,0,2007-04-30,2007-05-04,0,True,True
2007-05-11,1505.5699462890625,1513.800048828125,1491.4200439453125,1505.8499755859375,5,0,0,2007-05-07,2007-05-11,0,True,True
2007-05-18,1505.760009765625,1522.75,1498.3399658203125,1522.75,5,0,0,2007-05-14,2007-05-18,0,True,True
2007-05-25,1522.75,1532.4300537109375,1505.1800537109375,1515.72998046875,5,0,0,2007-05-21,2007-05-25,0,True,True
2007-06-01,1515.550048828125,1540.56005859375,1510.06005859375,1536.3399658203125,4,0,0,2007-05-29,2007-06-01,0,True,True
2007-06-08,1536.280029296875,1540.530029296875,1487.4100341796875,1507.6700439453125,5,0,0,2007-06-04,2007-06-08,0,True,True
2007-06-15,1507.6400146484375,1538.7099609375,1492.6500244140625,1532.9100341796875,5,0,0,2007-06-11,2007-06-15,0,True,True
2007-06-22,1532.9000244140625,1537.3199462890625,1500.739990234375,1502.56005859375,5,0,0,2007-06-18,2007-06-22,0,True,True
2007-06-29,1502.56005859375,1517.530029296875,1484.1800537109375,1503.3499755859375,5,0,0,2007-06-25,2007-06-29,0,True,True
2007-07-06,1504.6600341796875,1532.4000244140625,1504.6600341796875,1530.43994140625,4,0,0,2007-07-02,2007-07-06,0,True,True
2007-07-13,1530.4300537109375,1555.0999755859375,1506.0999755859375,1552.5,5,0,0,2007-07-09,2007-07-13,0,True,True
2007-07-20,1552.5,1555.9000244140625,1529.199951171875,1534.0999755859375,5,0,0,2007-07-16,2007-07-20,0,True,True
2007-07-27,1534.06005859375,1547.22998046875,1458.949951171875,1458.949951171875,5,0,0,2007-07-23,2007-07-27,0,True,True
2007-08-03,1458.9300537109375,1488.300048828125,1432.800048828125,1433.06005859375,5,0,0,2007-07-30,2007-08-03,0,True,True
2007-08-10,1433.0400390625,1503.8900146484375,1427.3900146484375,1453.6400146484375,5,0,0,2007-08-06,2007-08-10,0,True,True
2007-08-17,1453.4200439453125,1466.2900390625,1370.5999755859375,1445.93994140625,5,0,0,2007-08-13,2007-08-17,0,True,True
2007-08-24,1445.93994140625,1479.4000244140625,1430.5400390625,1479.3699951171875,5,0,0,2007-08-20,2007-08-24,0,True,True
2007-08-31,1479.3599853515625,1481.469970703125,1432.010009765625,1473.989990234375,5,0,0,2007-08-27,2007-08-31,0,True,True
2007-09-07,1473.9599609375,1496.4000244140625,1449.0699462890625,1453.550048828125,4,0,0,2007-09-04,2007-09-07,0,True,True
2007-09-14,1453.5,1489.5799560546875,1439.2900390625,1484.25,5,0,0,2007-09-10,2007-09-14,0,True,True
2007-09-21,1484.239990234375,1538.739990234375,1471.8199462890625,1525.75,5,0,0,2007-09-17,2007-09-21,0,True,True
2007-09-28,1525.75,1533.739990234375,1507.1300048828125,1526.75,5,0,0,2007-09-24,2007-09-28,0,True,True
2007-10-05,1527.2900390625,1561.9100341796875,1527.25,1557.5899658203125,5,0,0,2007-10-01,2007-10-05,0,True,True
2007-10-12,1556.510009765625,1576.0899658203125,1546.719970703125,1561.800048828125,5,0,0,2007-10-08,2007-10-12,0,True,True
2007-10-19,1562.25,1564.739990234375,1500.260009765625,1500.6300048828125,5,0,0,2007-10-15,2007-10-19,0,True,True
2007-10-26,1497.7900390625,1535.530029296875,1489.56005859375,1535.280029296875,5,0,0,2007-10-22,2007-10-26,0,True,True
2007-11-02,1536.9200439453125,1552.760009765625,1492.530029296875,1509.6500244140625,5,0,0,2007-10-29,2007-11-02,0,True,True
2007-11-09,1505.6099853515625,1520.77001953125,1448.510009765625,1453.699951171875,5,0,0,2007-11-05,2007-11-09,0,True,True
2007-11-16,1453.6600341796875,1492.1400146484375,1438.530029296875,1458.739990234375,5,0,0,2007-11-12,2007-11-16,0,True,True
2007-11-23,1456.699951171875,1456.699951171875,1415.6400146484375,1440.699951171875,4,0,0,2007-11-19,2007-11-23,0,True,True
2007-11-30,1440.739990234375,1488.93994140625,1406.0999755859375,1481.1400146484375,5,0,0,2007-11-26,2007-11-30,0,True,True
2007-12-07,1479.6300048828125,1510.6300048828125,1460.6600341796875,1504.6600341796875,5,0,0,2007-12-03,2007-12-07,0,True,True
2007-12-14,1505.1099853515625,1523.5699462890625,1467.780029296875,1467.949951171875,5,0,0,2007-12-10,2007-12-14,0,True,True
2007-12-21,1465.050048828125,1485.4000244140625,1435.6500244140625,1484.4599609375,5,0,0,2007-12-17,2007-12-21,0,True,True
2007-12-28,1484.550048828125,1498.8499755859375,1471.699951171875,1478.489990234375,4,0,0,2007-12-24,2007-12-28,0,True,True
2008-01-04,1475.25,1475.8299560546875,1411.18994140625,1411.6300048828125,4,0,0,2007-12-31,2008-01-04,0,True,True
2008-01-11,1414.0699462890625,1430.280029296875,1378.699951171875,1401.02001953125,5,0,0,2008-01-07,2008-01-11,0,True,True
2008-01-18,1402.9100341796875,1417.8900146484375,1312.510009765625,1325.18994140625,5,0,0,2008-01-14,2008-01-18,0,True,True
2008-01-25,1312.93994140625,1368.56005859375,1270.050048828125,1330.6099853515625,4,0,0,2008-01-22,2008-01-25,0,True,True
2008-02-01,1330.699951171875,1396.02001953125,1322.260009765625,1395.4200439453125,5,0,0,2008-01-28,2008-02-01,0,True,True
2008-02-08,1395.3800048828125,1395.3800048828125,1316.75,1331.2900390625,5,0,0,2008-02-04,2008-02-08,0,True,True
2008-02-15,1331.9200439453125,1369.22998046875,1320.3199462890625,1349.989990234375,5,0,0,2008-02-11,2008-02-15,0,True,True
2008-02-22,1355.8599853515625,1367.93994140625,1327.0400390625,1353.1099853515625,4,0,0,2008-02-19,2008-02-22,0,True,True
2008-02-29,1352.75,1388.3399658203125,1325.4200439453125,1330.6300048828125,5,0,0,2008-02-25,2008-02-29,0,True,True
2008-03-07,1330.449951171875,1344.18994140625,1282.4300537109375,1293.3699951171875,5,0,0,2008-03-03,2008-03-07,0,True,True
2008-03-14,1293.1600341796875,1333.260009765625,1272.6600341796875,1288.1400146484375,5,0,0,2008-03-10,2008-03-14,0,True,True
2008-03-21,1283.2099609375,1341.510009765625,1256.97998046875,1329.510009765625,4,0,0,2008-03-17,2008-03-20,0,True,True
2008-03-28,1330.2900390625,1359.6800537109375,1312.949951171875,1315.219970703125,5,0,0,2008-03-24,2008-03-28,0,True,True
2008-04-04,1315.9200439453125,1380.9100341796875,1312.81005859375,1370.4000244140625,5,0,0,2008-03-31,2008-04-04,0,True,True
2008-04-11,1373.68994140625,1386.739990234375,1331.2099609375,1332.8299560546875,5,0,0,2008-04-07,2008-04-11,0,True,True
2008-04-18,1332.199951171875,1395.9000244140625,1324.3499755859375,1390.3299560546875,5,0,0,2008-04-14,2008-04-18,0,True,True
2008-04-25,1387.719970703125,1399.1099853515625,1369.8399658203125,1397.8399658203125,5,0,0,2008-04-21,2008-04-25,0,True,True
2008-05-02,1397.9599609375,1422.719970703125,1383.0699462890625,1413.9000244140625,5,0,0,2008-04-28,2008-05-02,0,True,True
2008-05-09,1415.3399658203125,1421.5699462890625,1384.1099853515625,1388.280029296875,5,0,0,2008-05-05,2008-05-09,0,True,True
2008-05-16,1389.4000244140625,1425.8199462890625,1386.199951171875,1425.3499755859375,5,0,0,2008-05-12,2008-05-16,0,True,True
2008-05-23,1425.280029296875,1440.239990234375,1373.719970703125,1375.9300537109375,5,0,0,2008-05-19,2008-05-23,0,True,True
2008-05-30,1375.969970703125,1406.3199462890625,1373.0699462890625,1400.3800048828125,4,0,0,2008-05-27,2008-05-30,0,True,True
2008-06-06,1399.6199951171875,1404.050048828125,1359.9000244140625,1360.6800537109375,5,0,0,2008-06-02,2008-06-06,0,True,True
2008-06-13,1360.8299560546875,1370.6300048828125,1331.2900390625,1360.030029296875,5,0,0,2008-06-09,2008-06-13,0,True,True
2008-06-20,1358.8499755859375,1366.5899658203125,1314.4599609375,1317.9300537109375,5,0,0,2008-06-16,2008-06-20,0,True,True
2008-06-27,1319.77001953125,1335.6300048828125,1272,1278.3800048828125,5,0,0,2008-06-23,2008-06-27,0,True,True
2008-07-04,1278.06005859375,1292.1700439453125,1252.010009765625,1262.9000244140625,4,0,0,2008-06-30,2008-07-03,0,True,True
2008-07-11,1262.9000244140625,1277.3599853515625,1225.3499755859375,1239.489990234375,5,0,0,2008-07-07,2008-07-11,0,True,True
2008-07-18,1241.6099853515625,1262.31005859375,1200.43994140625,1260.6800537109375,5,0,0,2008-07-14,2008-07-18,0,True,True
2008-07-25,1261.8199462890625,1291.1700439453125,1248.8299560546875,1257.760009765625,5,0,0,2008-07-21,2008-07-25,0,True,True
2008-08-01,1257.760009765625,1284.9300537109375,1234.3699951171875,1260.31005859375,5,0,0,2008-07-28,2008-08-01,0,True,True
2008-08-08,1253.27001953125,1297.8499755859375,1247.449951171875,1296.3199462890625,5,0,0,2008-08-04,2008-08-08,0,True,True
2008-08-15,1294.4200439453125,1313.1500244140625,1274.8599853515625,1298.199951171875,5,0,0,2008-08-11,2008-08-15,0,True,True
2008-08-22,1298.1400146484375,1300.219970703125,1261.1600341796875,1292.199951171875,5,0,0,2008-08-18,2008-08-22,0,True,True
2008-08-29,1290.469970703125,1300.6800537109375,1263.2099609375,1282.8299560546875,5,0,0,2008-08-25,2008-08-29,0,True,True
2008-09-05,1287.8299560546875,1303.0400390625,1217.22998046875,1242.31005859375,4,0,0,2008-09-02,2008-09-05,0,True,True
2008-09-12,1249.5,1274.4200439453125,1211.5400390625,1251.699951171875,5,0,0,2008-09-08,2008-09-12,0,True,True
2008-09-19,1250.9200439453125,1265.1199951171875,1133.5,1255.0799560546875,5,0,0,2008-09-15,2008-09-19,0,True,True
2008-09-26,1255.3699951171875,1255.3699951171875,1179.7900390625,1213.27001953125,5,0,0,2008-09-22,2008-09-26,0,True,True
2008-10-03,1209.0699462890625,1209.0699462890625,1098.1400146484375,1099.22998046875,5,0,0,2008-09-29,2008-10-03,0,True,True
2008-10-10,1097.56005859375,1097.56005859375,839.79998779296875,899.219970703125,5,0,0,2008-10-06,2008-10-10,0,True,True
2008-10-17,912.75,1044.31005859375,865.83001708984375,940.54998779296875,5,0,0,2008-10-13,2008-10-17,0,True,True
2008-10-24,943.510009765625,985.44000244140625,852.8499755859375,876.77001953125,5,0,0,2008-10-20,2008-10-24,0,True,True
2008-10-31,874.280029296875,984.3800048828125,845.27001953125,968.75,5,0,0,2008-10-27,2008-10-31,0,True,True
2008-11-07,968.66998291015625,1007.510009765625,899.72998046875,930.989990234375,5,0,0,2008-11-03,2008-11-07,0,True,True
2008-11-14,936.75,951.95001220703125,818.69000244140625,873.28997802734375,5,0,0,2008-11-10,2008-11-14,0,True,True
2008-11-21,873.22998046875,882.28997802734375,741.02001953125,800.030029296875,5,0,0,2008-11-17,2008-11-21,0,True,True
2008-11-28,801.20001220703125,896.25,801.20001220703125,896.239990234375,4,0,0,2008-11-24,2008-11-28,0,True,True
2008-12-05,888.6099853515625,888.6099853515625,815.69000244140625,876.07000732421875,5,0,0,2008-12-01,2008-12-05,0,True,True
2008-12-12,882.71002197265625,918.57000732421875,851.3499755859375,879.72998046875,5,0,0,2008-12-08,2008-12-12,0,True,True
2008-12-19,881.07000732421875,918.8499755859375,857.719970703125,887.8800048828125,5,0,0,2008-12-15,2008-12-19,0,True,True
2008-12-26,887.20001220703125,887.3699951171875,857.09002685546875,872.79998779296875,4,0,0,2008-12-22,2008-12-26,0,True,True
2009-01-02,872.3699951171875,934.72998046875,857.07000732421875,931.79998779296875,4,0,0,2008-12-29,2009-01-02,0,True,True
2009-01-09,929.16998291015625,943.8499755859375,888.30999755859375,890.3499755859375,5,0,0,2009-01-05,2009-01-09,0,True,True
2009-01-16,890.4000244140625,890.4000244140625,817.03997802734375,850.1199951171875,5,0,0,2009-01-12,2009-01-16,0,True,True
2009-01-23,849.6400146484375,849.6400146484375,804.29998779296875,831.95001220703125,4,0,0,2009-01-20,2009-01-23,0,True,True
2009-01-30,832.5,877.8599853515625,821.66998291015625,825.8800048828125,5,0,0,2009-01-26,2009-01-30,0,True,True
2009-02-06,823.09002685546875,870.75,812.8699951171875,868.5999755859375,5,0,0,2009-02-02,2009-02-06,0,True,True
2009-02-13,868.239990234375,875.010009765625,808.05999755859375,826.84002685546875,5,0,0,2009-02-09,2009-02-13,0,True,True
2009-02-20,818.6099853515625,818.6099853515625,754.25,770.04998779296875,4,0,0,2009-02-17,2009-02-20,0,True,True
2009-02-27,773.25,780.1199951171875,734.52001953125,735.09002685546875,5,0,0,2009-02-23,2009-02-27,0,True,True
2009-03-06,729.57000732421875,729.57000732421875,666.78997802734375,683.3800048828125,5,0,0,2009-03-02,2009-03-06,0,True,True
2009-03-13,680.760009765625,758.28997802734375,672.8800048828125,756.54998779296875,5,0,0,2009-03-09,2009-03-13,0,True,True
2009-03-20,758.84002685546875,803.239990234375,749.92999267578125,768.53997802734375,5,0,0,2009-03-16,2009-03-20,0,True,True
2009-03-27,772.30999755859375,832.97998046875,772.30999755859375,815.94000244140625,5,0,0,2009-03-23,2009-03-27,0,True,True
2009-04-03,809.07000732421875,845.6099853515625,779.80999755859375,842.5,5,0,0,2009-03-30,2009-04-03,0,True,True
2009-04-10,839.75,856.90997314453125,814.530029296875,856.55999755859375,4,0,0,2009-04-06,2009-04-09,0,True,True
2009-04-17,855.33001708984375,875.6300048828125,835.58001708984375,869.5999755859375,5,0,0,2009-04-13,2009-04-17,0,True,True
2009-04-24,868.27001953125,871.79998779296875,826.83001708984375,866.22998046875,5,0,0,2009-04-20,2009-04-24,0,True,True
2009-05-01,862.82000732421875,888.70001220703125,847.1199951171875,877.52001953125,5,0,0,2009-04-27,2009-05-01,0,True,True
2009-05-08,879.21002197265625,930.16998291015625,879.21002197265625,929.22998046875,5,0,0,2009-05-04,2009-05-08,0,True,True
2009-05-15,922.989990234375,922.989990234375,878.94000244140625,882.8800048828125,5,0,0,2009-05-11,2009-05-15,0,True,True
2009-05-22,886.07000732421875,924.5999755859375,879.6099853515625,887,5,0,0,2009-05-18,2009-05-22,0,True,True
2009-05-29,887,920.02001953125,881.46002197265625,919.1400146484375,4,0,0,2009-05-26,2009-05-29,0,True,True
2009-06-05,923.260009765625,951.69000244140625,923.260009765625,940.09002685546875,5,0,0,2009-06-01,2009-06-05,0,True,True
2009-06-12,938.1199951171875,956.22998046875,926.44000244140625,946.21002197265625,5,0,0,2009-06-08,2009-06-12,0,True,True
2009-06-19,942.45001220703125,942.45001220703125,903.780029296875,921.22998046875,5,0,0,2009-06-15,2009-06-19,0,True,True
2009-06-26,918.1300048828125,922,888.8599853515625,918.9000244140625,5,0,0,2009-06-22,2009-06-26,0,True,True
2009-07-03,919.8599853515625,931.91998291015625,896.41998291015625,896.41998291015625,4,0,0,2009-06-29,2009-07-02,0,True,True
2009-07-10,894.27001953125,898.719970703125,869.32000732421875,879.1300048828125,5,0,0,2009-07-06,2009-07-10,0,True,True
2009-07-17,879.57000732421875,943.96002197265625,875.32000732421875,940.3800048828125,5,0,0,2009-07-13,2009-07-17,0,True,True
2009-07-24,942.07000732421875,979.78997802734375,940.989990234375,979.260009765625,5,0,0,2009-07-20,2009-07-24,0,True,True
2009-07-31,978.6300048828125,996.67999267578125,968.6500244140625,987.47998046875,5,0,0,2009-07-27,2009-07-31,0,True,True
2009-08-07,990.219970703125,1018,990.219970703125,1010.47998046875,5,0,0,2009-08-03,2009-08-07,0,True,True
2009-08-14,1008.8900146484375,1013.1400146484375,992.4000244140625,1004.0900268554688,5,0,0,2009-08-10,2009-08-14,0,True,True
2009-08-21,998.17999267578125,1027.5899658203125,978.510009765625,1026.1300048828125,5,0,0,2009-08-17,2009-08-21,0,True,True
2009-08-28,1026.5899658203125,1039.469970703125,1016.2000122070312,1028.9300537109375,5,0,0,2009-08-24,2009-08-28,0,True,True
2009-09-04,1025.2099609375,1028.449951171875,991.969970703125,1016.4000244140625,5,0,0,2009-08-31,2009-09-04,0,True,True
2009-09-11,1018.6699829101562,1048.1800537109375,1018.6699829101562,1042.72998046875,4,0,0,2009-09-08,2009-09-11,0,True,True
2009-09-18,1040.1500244140625,1074.77001953125,1035,1068.300048828125,5,0,0,2009-09-14,2009-09-18,0,True,True
2009-09-25,1067.1400146484375,1080.1500244140625,1041.1700439453125,1044.3800048828125,5,0,0,2009-09-21,2009-09-25,0,True,True
2009-10-02,1045.3800048828125,1069.6199951171875,1019.9500122070312,1025.2099609375,5,0,0,2009-09-28,2009-10-02,0,True,True
2009-10-09,1026.8699951171875,1071.510009765625,1025.9200439453125,1071.489990234375,5,0,0,2009-10-05,2009-10-09,0,True,True
2009-10-16,1071.6300048828125,1096.56005859375,1066.7099609375,1087.6800537109375,5,0,0,2009-10-12,2009-10-16,0,True,True
2009-10-23,1088.219970703125,1101.3599853515625,1074.31005859375,1079.5999755859375,5,0,0,2009-10-19,2009-10-23,0,True,True
2009-10-30,1080.3599853515625,1091.75,1033.3800048828125,1036.18994140625,5,0,0,2009-10-26,2009-10-30,0,True,True
2009-11-06,1036.1800537109375,1071.47998046875,1029.3800048828125,1069.300048828125,5,0,0,2009-11-02,2009-11-06,0,True,True
2009-11-13,1072.31005859375,1105.3699951171875,1072.31005859375,1093.47998046875,5,0,0,2009-11-09,2009-11-13,0,True,True
2009-11-20,1094.1300048828125,1113.68994140625,1086.81005859375,1091.3800048828125,5,0,0,2009-11-16,2009-11-20,0,True,True
2009-11-27,1094.8599853515625,1112.3800048828125,1083.739990234375,1091.489990234375,4,0,0,2009-11-23,2009-11-27,0,True,True
2009-12-04,1091.0699462890625,1119.1300048828125,1086.25,1105.97998046875,5,0,0,2009-11-30,2009-12-04,0,True,True
2009-12-11,1105.52001953125,1110.719970703125,1085.8900146484375,1106.4100341796875,5,0,0,2009-12-07,2009-12-11,0,True,True
2009-12-18,1107.8399658203125,1116.2099609375,1093.8800048828125,1102.469970703125,5,0,0,2009-12-14,2009-12-18,0,True,True
2009-12-25,1105.31005859375,1126.47998046875,1105.31005859375,1126.47998046875,4,0,0,2009-12-21,2009-12-24,0,True,True
2010-01-01,1127.530029296875,1130.3800048828125,1114.81005859375,1115.0999755859375,4,0,0,2009-12-28,2009-12-31,0,True,True
2010-01-08,1116.56005859375,1145.3900146484375,1116.56005859375,1144.97998046875,5,0,0,2010-01-04,2010-01-08,0,True,True
2010-01-15,1145.9599609375,1150.4100341796875,1131.3900146484375,1136.030029296875,5,0,0,2010-01-11,2010-01-15,0,True,True
2010-01-22,1136.030029296875,1150.449951171875,1090.1800537109375,1091.760009765625,4,0,0,2010-01-19,2010-01-22,0,True,True
2010-01-29,1092.4000244140625,1103.68994140625,1071.5899658203125,1073.8699951171875,5,0,0,2010-01-25,2010-01-29,0,True,True
2010-02-05,1073.8900146484375,1104.72998046875,1044.5,1066.18994140625,5,0,0,2010-02-01,2010-02-05,0,True,True
2010-02-12,1065.510009765625,1080.0400390625,1056.510009765625,1075.510009765625,5,0,0,2010-02-08,2010-02-12,0,True,True
2010-02-19,1079.1300048828125,1112.4200439453125,1079.1300048828125,1109.1700439453125,4,0,0,2010-02-16,2010-02-19,0,True,True
2010-02-26,1110,1112.2900390625,1086.02001953125,1104.489990234375,5,0,0,2010-02-22,2010-02-26,0,True,True
2010-03-05,1105.3599853515625,1139.3800048828125,1105.3599853515625,1138.699951171875,5,0,0,2010-03-01,2010-03-05,0,True,True
2010-03-12,1138.4000244140625,1153.4100341796875,1134.9000244140625,1149.989990234375,5,0,0,2010-03-08,2010-03-12,0,True,True
2010-03-19,1148.530029296875,1169.8399658203125,1141.449951171875,1159.9000244140625,5,0,0,2010-03-15,2010-03-19,0,True,True
2010-03-26,1157.25,1180.68994140625,1152.8800048828125,1166.5899658203125,5,0,0,2010-03-22,2010-03-26,0,True,True
2010-04-02,1167.7099609375,1181.4300537109375,1165.77001953125,1178.0999755859375,4,0,0,2010-03-29,2010-04-01,0,True,True
2010-04-09,1178.7099609375,1194.6600341796875,1175.1199951171875,1194.3699951171875,5,0,0,2010-04-05,2010-04-09,0,True,True
2010-04-16,1194.93994140625,1213.9200439453125,1186.77001953125,1192.1300048828125,5,0,0,2010-04-12,2010-04-16,0,True,True
2010-04-23,1192.06005859375,1217.280029296875,1183.6800537109375,1217.280029296875,5,0,0,2010-04-19,2010-04-23,0,True,True
2010-04-30,1217.0699462890625,1219.800048828125,1181.6199951171875,1186.68994140625,5,0,0,2010-04-26,2010-04-30,0,True,True
2010-05-07,1188.5799560546875,1205.1300048828125,1065.7900390625,1110.8800048828125,5,0,0,2010-05-03,2010-05-07,0,True,True
2010-05-14,1122.27001953125,1173.5699462890625,1122.27001953125,1135.6800537109375,5,0,0,2010-05-10,2010-05-14,0,True,True
2010-05-21,1136.52001953125,1148.6600341796875,1055.9000244140625,1087.68994140625,5,0,0,2010-05-17,2010-05-21,0,True,True
2010-05-28,1084.780029296875,1103.52001953125,1040.780029296875,1089.4100341796875,5,0,0,2010-05-24,2010-05-28,0,True,True
2010-06-04,1087.300048828125,1105.6700439453125,1060.5,1064.8800048828125,4,0,0,2010-06-01,2010-06-04,0,True,True
2010-06-11,1065.8399658203125,1092.25,1042.1700439453125,1091.5999755859375,5,0,0,2010-06-07,2010-06-11,0,True,True
2010-06-18,1095,1121.010009765625,1089.030029296875,1117.510009765625,5,0,0,2010-06-14,2010-06-18,0,True,True
2010-06-25,1122.7900390625,1131.22998046875,1067.8900146484375,1076.760009765625,5,0,0,2010-06-21,2010-06-25,0,True,True
2010-07-02,1077.5,1082.5999755859375,1010.9099731445312,1022.5800170898438,5,0,0,2010-06-28,2010-07-02,0,True,True
2010-07-09,1028.0899658203125,1078.1600341796875,1018.3499755859375,1077.9599609375,4,0,0,2010-07-06,2010-07-09,0,True,True
2010-07-16,1077.22998046875,1099.4599609375,1063.3199462890625,1064.8800048828125,5,0,0,2010-07-12,2010-07-16,0,True,True
2010-07-23,1066.8499755859375,1103.72998046875,1056.8800048828125,1102.6600341796875,5,0,0,2010-07-19,2010-07-23,0,True,True
2010-07-30,1102.8900146484375,1120.949951171875,1088.010009765625,1101.5999755859375,5,0,0,2010-07-26,2010-07-30,0,True,True
2010-08-06,1107.530029296875,1128.75,1107.1700439453125,1121.6400146484375,5,0,0,2010-08-02,2010-08-06,0,True,True
2010-08-13,1122.800048828125,1129.239990234375,1076.68994140625,1079.25,5,0,0,2010-08-09,2010-08-13,0,True,True
2010-08-20,1077.489990234375,1100.1400146484375,1063.9100341796875,1071.68994140625,5,0,0,2010-08-16,2010-08-20,0,True,True
2010-08-27,1073.3599853515625,1081.5799560546875,1039.699951171875,1064.5899658203125,5,0,0,2010-08-23,2010-08-27,0,True,True
2010-09-03,1062.9000244140625,1105.0999755859375,1040.8800048828125,1104.510009765625,5,0,0,2010-08-30,2010-09-03,0,True,True
2010-09-10,1102.5999755859375,1110.8800048828125,1091.1500244140625,1109.550048828125,4,0,0,2010-09-07,2010-09-10,0,True,True
2010-09-17,1113.3800048828125,1131.469970703125,1113.3800048828125,1125.5899658203125,5,0,0,2010-09-13,2010-09-17,0,True,True
2010-09-24,1126.5699462890625,1148.9000244140625,1122.7900390625,1148.6700439453125,5,0,0,2010-09-20,2010-09-24,0,True,True
2010-10-01,1148.6400146484375,1157.1600341796875,1132.0899658203125,1146.239990234375,5,0,0,2010-09-27,2010-10-01,0,True,True
2010-10-08,1144.9599609375,1167.72998046875,1131.8699951171875,1165.1500244140625,5,0,0,2010-10-04,2010-10-08,0,True,True
2010-10-15,1165.3199462890625,1184.3800048828125,1155.7099609375,1176.18994140625,5,0,0,2010-10-11,2010-10-15,0,True,True
2010-10-22,1176.8299560546875,1189.4300537109375,1159.7099609375,1183.0799560546875,5,0,0,2010-10-18,2010-10-22,0,True,True
2010-10-29,1184.739990234375,1196.1400146484375,1171.699951171875,1183.260009765625,5,0,0,2010-10-25,2010-10-29,0,True,True
2010-11-05,1185.7099609375,1227.0799560546875,1177.6500244140625,1225.8499755859375,5,0,0,2010-11-01,2010-11-05,0,True,True
2010-11-12,1223.239990234375,1226.8399658203125,1194.0799560546875,1199.2099609375,5,0,0,2010-11-08,2010-11-12,0,True,True
2010-11-19,1200.43994140625,1207.4300537109375,1173,1199.72998046875,5,0,0,2010-11-15,2010-11-19,0,True,True
2010-11-26,1198.0699462890625,1198.93994140625,1176.9100341796875,1189.4000244140625,4,0,0,2010-11-22,2010-11-26,0,True,True
2010-12-03,1189.0799560546875,1225.5699462890625,1173.6400146484375,1224.7099609375,5,0,0,2010-11-29,2010-12-03,0,True,True
2010-12-10,1223.8699951171875,1240.4000244140625,1219.5,1240.4000244140625,5,0,0,2010-12-06,2010-12-10,0,True,True
2010-12-17,1242.52001953125,1246.72998046875,1232.8499755859375,1243.9100341796875,5,0,0,2010-12-13,2010-12-17,0,True,True
2010-12-24,1245.760009765625,1259.3900146484375,1241.510009765625,1256.77001953125,4,0,0,2010-12-20,2010-12-23,0,True,True
2010-12-31,1254.6600341796875,1262.5999755859375,1251.47998046875,1257.6400146484375,5,0,0,2010-12-27,2010-12-31,0,True,True
2011-01-07,1257.6199951171875,1278.1700439453125,1257.6199951171875,1271.5,5,0,0,2011-01-03,2011-01-07,0,True,True
2011-01-14,1270.8399658203125,1293.239990234375,1262.1800537109375,1293.239990234375,5,0,0,2011-01-10,2011-01-14,0,True,True
2011-01-21,1293.219970703125,1296.06005859375,1271.260009765625,1283.3499755859375,4,0,0,2011-01-18,2011-01-21,0,True,True
2011-01-28,1283.2900390625,1302.6700439453125,1275.0999755859375,1276.3399658203125,5,0,0,2011-01-24,2011-01-28,0,True,True
2011-02-04,1276.5,1311,1276.5,1310.8699951171875,5,0,0,2011-01-31,2011-02-04,0,True,True
2011-02-11,1311.8499755859375,1330.7900390625,1311.739990234375,1329.1500244140625,5,0,0,2011-02-07,2011-02-11,0,True,True
2011-02-18,1328.72998046875,1344.0699462890625,1324.6099853515625,1343.010009765625,5,0,0,2011-02-14,2011-02-18,0,True,True
2011-02-25,1338.9100341796875,1338.9100341796875,1294.260009765625,1319.8800048828125,4,0,0,2011-02-22,2011-02-25,0,True,True
2011-03-04,1321.6099853515625,1332.280029296875,1302.5799560546875,1321.1500244140625,5,0,0,2011-02-28,2011-03-04,0,True,True
2011-03-11,1322.719970703125,1327.6800537109375,1291.989990234375,1304.280029296875,5,0,0,2011-03-07,2011-03-11,0,True,True
2011-03-18,1301.18994140625,1301.18994140625,1249.050048828125,1279.2099609375,5,0,0,2011-03-14,2011-03-18,0,True,True
2011-03-25,1281.6500244140625,1319.1800537109375,1281.6500244140625,1313.800048828125,5,0,0,2011-03-21,2011-03-25,0,True,True
2011-04-01,1315.449951171875,1337.8499755859375,1305.260009765625,1332.4100341796875,5,0,0,2011-03-28,2011-04-01,0,True,True
2011-04-08,1333.56005859375,1339.4599609375,1322.93994140625,1328.1700439453125,5,0,0,2011-04-04,2011-04-08,0,True,True
2011-04-15,1329.010009765625,1333.77001953125,1302.4200439453125,1319.6800537109375,5,0,0,2011-04-11,2011-04-15,0,True,True
2011-04-22,1313.3499755859375,1337.489990234375,1294.699951171875,1337.3800048828125,4,0,0,2011-04-18,2011-04-21,0,True,True
2011-04-29,1337.1400146484375,1364.56005859375,1331.469970703125,1363.6099853515625,5,0,0,2011-04-25,2011-04-29,0,True,True
2011-05-06,1365.2099609375,1370.5799560546875,1329.1700439453125,1340.199951171875,5,0,0,2011-05-02,2011-05-06,0,True,True
2011-05-13,1340.199951171875,1359.43994140625,1332.030029296875,1337.77001953125,5,0,0,2011-05-09,2011-05-13,0,True,True
2011-05-20,1334.77001953125,1346.8199462890625,1318.510009765625,1333.27001953125,5,0,0,2011-05-16,2011-05-20,0,True,True
2011-05-27,1333.0699462890625,1334.6199951171875,1311.800048828125,1331.0999755859375,5,0,0,2011-05-23,2011-05-27,0,True,True
2011-06-03,1331.0999755859375,1345.199951171875,1297.9000244140625,1300.1600341796875,4,0,0,2011-05-31,2011-06-03,0,True,True
2011-06-10,1300.260009765625,1300.260009765625,1268.280029296875,1270.97998046875,5,0,0,2011-06-06,2011-06-10,0,True,True
2011-06-17,1271.31005859375,1292.5,1258.0699462890625,1271.5,5,0,0,2011-06-13,2011-06-17,0,True,True
2011-06-24,1271.5,1298.6099853515625,1262.8699951171875,1268.449951171875,5,0,0,2011-06-20,2011-06-24,0,True,True
2011-07-01,1268.43994140625,1341.010009765625,1267.530029296875,1339.6700439453125,5,0,0,2011-06-27,2011-07-01,0,True,True
2011-07-08,1339.5899658203125,1356.47998046875,1330.9200439453125,1343.800048828125,4,0,0,2011-07-05,2011-07-08,0,True,True
2011-07-15,1343.31005859375,1343.31005859375,1306.510009765625,1316.1400146484375,5,0,0,2011-07-11,2011-07-15,0,True,True
2011-07-22,1315.93994140625,1347,1295.9200439453125,1345.02001953125,5,0,0,2011-07-18,2011-07-22,0,True,True
2011-07-29,1344.3199462890625,1344.3199462890625,1282.8599853515625,1292.280029296875,5,0,0,2011-07-25,2011-07-29,0,True,True
2011-08-05,1292.5899658203125,1307.3800048828125,1168.0899658203125,1199.3800048828125,5,0,0,2011-08-01,2011-08-05,0,True,True
2011-08-12,1198.47998046875,1198.47998046875,1101.5400390625,1178.81005859375,5,0,0,2011-08-08,2011-08-12,0,True,True
2011-08-19,1178.8599853515625,1208.469970703125,1122.050048828125,1123.530029296875,5,0,0,2011-08-15,2011-08-19,0,True,True
2011-08-26,1123.550048828125,1190.6800537109375,1121.0899658203125,1176.800048828125,5,0,0,2011-08-22,2011-08-26,0,True,True
2011-09-02,1177.9100341796875,1230.7099609375,1170.56005859375,1173.969970703125,5,0,0,2011-08-29,2011-09-02,0,True,True
2011-09-09,1173.969970703125,1204.4000244140625,1140.1300048828125,1154.22998046875,4,0,0,2011-09-06,2011-09-09,0,True,True
2011-09-16,1153.5,1220.06005859375,1136.0699462890625,1216.010009765625,5,0,0,2011-09-12,2011-09-16,0,True,True
2011-09-23,1214.989990234375,1220.3900146484375,1114.219970703125,1136.4300537109375,5,0,0,2011-09-19,2011-09-23,0,True,True
2011-09-30,1136.9100341796875,1195.8599853515625,1131.0699462890625,1131.4200439453125,5,0,0,2011-09-26,2011-09-30,0,True,True
2011-10-07,1131.2099609375,1171.4000244140625,1074.77001953125,1155.4599609375,5,0,0,2011-10-03,2011-10-07,0,True,True
2011-10-14,1158.1500244140625,1224.6099853515625,1158.1500244140625,1224.5799560546875,5,0,0,2011-10-10,2011-10-14,0,True,True
2011-10-21,1224.469970703125,1239.030029296875,1191.47998046875,1238.25,5,0,0,2011-10-17,2011-10-21,0,True,True
2011-10-28,1238.719970703125,1292.6600341796875,1221.06005859375,1285.0899658203125,5,0,0,2011-10-24,2011-10-28,0,True,True
2011-11-04,1284.9599609375,1284.9599609375,1215.4200439453125,1253.22998046875,5,0,0,2011-10-31,2011-11-04,0,True,True
2011-11-11,1253.2099609375,1277.550048828125,1226.6400146484375,1263.8499755859375,5,0,0,2011-11-07,2011-11-11,0,True,True
2011-11-18,1263.8499755859375,1264.25,1209.4300537109375,1215.6500244140625,5,0,0,2011-11-14,2011-11-18,0,True,True
2011-11-25,1215.6199951171875,1215.6199951171875,1158.6600341796875,1158.6700439453125,4,0,0,2011-11-21,2011-11-25,0,True,True
2011-12-02,1158.6700439453125,1260.0799560546875,1158.6700439453125,1244.280029296875,5,0,0,2011-11-28,2011-12-02,0,True,True
2011-12-09,1244.3299560546875,1267.06005859375,1231.469970703125,1255.18994140625,5,0,0,2011-12-05,2011-12-09,0,True,True
2011-12-16,1255.050048828125,1255.050048828125,1209.469970703125,1219.6600341796875,5,0,0,2011-12-12,2011-12-16,0,True,True
2011-12-23,1219.739990234375,1265.4200439453125,1202.3699951171875,1265.3299560546875,5,0,0,2011-12-19,2011-12-23,0,True,True
2011-12-30,1265.02001953125,1269.3699951171875,1248.6400146484375,1257.5999755859375,4,0,0,2011-12-27,2011-12-30,0,True,True
2012-01-06,1258.8599853515625,1284.6199951171875,1258.8599853515625,1277.81005859375,4,0,0,2012-01-03,2012-01-06,0,True,True
2012-01-13,1277.8299560546875,1296.8199462890625,1274.550048828125,1289.0899658203125,5,0,0,2012-01-09,2012-01-13,0,True,True
2012-01-20,1290.219970703125,1315.489990234375,1290.219970703125,1315.3800048828125,4,0,0,2012-01-17,2012-01-20,0,True,True
2012-01-27,1315.2900390625,1333.469970703125,1306.06005859375,1316.3299560546875,5,0,0,2012-01-23,2012-01-27,0,True,True
2012-02-03,1316.1600341796875,1345.3399658203125,1300.489990234375,1344.9000244140625,5,0,0,2012-01-30,2012-02-03,0,True,True
2012-02-10,1344.3199462890625,1354.3199462890625,1335.9200439453125,1342.6400146484375,5,0,0,2012-02-06,2012-02-10,0,True,True
2012-02-17,1343.06005859375,1363.4000244140625,1340.800048828125,1361.22998046875,5,0,0,2012-02-13,2012-02-17,0,True,True
2012-02-24,1361.219970703125,1368.9200439453125,1352.280029296875,1365.739990234375,4,0,0,2012-02-21,2012-02-24,0,True,True
2012-03-02,1365.199951171875,1378.0400390625,1354.9200439453125,1369.6300048828125,5,0,0,2012-02-27,2012-03-02,0,True,True
2012-03-09,1369.5899658203125,1374.760009765625,1340.030029296875,1370.8699951171875,5,0,0,2012-03-05,2012-03-09,0,True,True
2012-03-16,1370.780029296875,1405.8800048828125,1366.68994140625,1404.1700439453125,5,0,0,2012-03-12,2012-03-16,0,True,True
2012-03-23,1404.1700439453125,1414,1386.8699951171875,1397.1099853515625,5,0,0,2012-03-19,2012-03-23,0,True,True
2012-03-30,1397.1099853515625,1419.1500244140625,1391.56005859375,1408.469970703125,5,0,0,2012-03-26,2012-03-30,0,True,True
2012-04-06,1408.469970703125,1422.3800048828125,1392.9200439453125,1398.0799560546875,4,0,0,2012-04-02,2012-04-05,0,True,True
2012-04-13,1397.449951171875,1397.449951171875,1357.3800048828125,1370.260009765625,5,0,0,2012-04-09,2012-04-13,0,True,True
2012-04-20,1370.27001953125,1392.760009765625,1365.3800048828125,1378.530029296875,5,0,0,2012-04-16,2012-04-20,0,True,True
2012-04-27,1378.530029296875,1406.6400146484375,1358.7900390625,1403.3599853515625,5,0,0,2012-04-23,2012-04-27,0,True,True
2012-05-04,1403.260009765625,1415.3199462890625,1367.9599609375,1369.0999755859375,5,0,0,2012-04-30,2012-05-04,0,True,True
2012-05-11,1368.7900390625,1373.9100341796875,1343.1300048828125,1353.3900146484375,5,0,0,2012-05-07,2012-05-11,0,True,True
2012-05-18,1351.9300537109375,1351.9300537109375,1291.97998046875,1295.219970703125,5,0,0,2012-05-14,2012-05-18,0,True,True
2012-05-25,1295.72998046875,1328.489990234375,1295.72998046875,1317.8199462890625,5,0,0,2012-05-21,2012-05-25,0,True,True
2012-06-01,1318.9000244140625,1334.9300537109375,1277.25,1278.0400390625,4,0,0,2012-05-29,2012-06-01,0,True,True
2012-06-08,1278.2900390625,1329.050048828125,1266.739990234375,1325.6600341796875,5,0,0,2012-06-04,2012-06-08,0,True,True
2012-06-15,1325.719970703125,1343.3199462890625,1306.6199951171875,1342.8399658203125,5,0,0,2012-06-11,2012-06-15,0,True,True
2012-06-22,1342.4200439453125,1363.4599609375,1324.4100341796875,1335.02001953125,5,0,0,2012-06-18,2012-06-22,0,True,True
2012-06-29,1334.9000244140625,1362.1700439453125,1309.27001953125,1362.1600341796875,5,0,0,2012-06-25,2012-06-29,0,True,True
2012-07-06,1362.3299560546875,1374.81005859375,1348.030029296875,1354.6800537109375,4,0,0,2012-07-02,2012-07-06,0,True,True
2012-07-13,1354.6600341796875,1361.5400390625,1325.4100341796875,1356.780029296875,5,0,0,2012-07-09,2012-07-13,0,True,True
2012-07-20,1356.5,1380.3900146484375,1345.0699462890625,1362.6600341796875,5,0,0,2012-07-16,2012-07-20,0,True,True
2012-07-27,1362.3399658203125,1389.18994140625,1329.239990234375,1385.969970703125,5,0,0,2012-07-23,2012-07-27,0,True,True
2012-08-03,1385.93994140625,1394.1600341796875,1354.6500244140625,1390.989990234375,5,0,0,2012-07-30,2012-08-03,0,True,True
2012-08-10,1391.0400390625,1407.1400146484375,1391.0400390625,1405.8699951171875,5,0,0,2012-08-06,2012-08-10,0,True,True
2012-08-17,1405.8699951171875,1418.7099609375,1397.3199462890625,1418.1600341796875,5,0,0,2012-08-13,2012-08-17,0,True,True
2012-08-24,1417.8499755859375,1426.6800537109375,1398.0400390625,1411.1300048828125,5,0,0,2012-08-20,2012-08-24,0,True,True
2012-08-31,1411.1300048828125,1416.1700439453125,1397.010009765625,1406.5799560546875,5,0,0,2012-08-27,2012-08-31,0,True,True
2012-09-07,1406.5400390625,1437.9200439453125,1396.56005859375,1437.9200439453125,4,0,0,2012-09-04,2012-09-07,0,True,True
2012-09-14,1437.9200439453125,1474.510009765625,1428.97998046875,1465.77001953125,5,0,0,2012-09-10,2012-09-14,0,True,True
2012-09-21,1465.4200439453125,1467.0699462890625,1449.97998046875,1460.1500244140625,5,0,0,2012-09-17,2012-09-21,0,True,True
2012-09-28,1459.760009765625,1463.239990234375,1430.530029296875,1440.6700439453125,5,0,0,2012-09-24,2012-09-28,0,True,True
2012-10-05,1440.9000244140625,1470.9599609375,1439.010009765625,1460.9300537109375,5,0,0,2012-10-01,2012-10-05,0,True,True
2012-10-12,1460.9300537109375,1460.9300537109375,1425.530029296875,1428.5899658203125,5,0,0,2012-10-08,2012-10-12,0,True,True
2012-10-19,1428.75,1464.02001953125,1427.239990234375,1433.18994140625,5,0,0,2012-10-15,2012-10-19,0,True,True
2012-10-26,1433.2099609375,1435.4599609375,1403.280029296875,1411.93994140625,5,0,0,2012-10-22,2012-10-26,0,True,True
2012-11-02,1410.989990234375,1434.27001953125,1405.949951171875,1414.199951171875,3,0,0,2012-10-31,2012-11-02,0,True,True
2012-11-09,1414.02001953125,1433.3800048828125,1373.030029296875,1379.8499755859375,5,0,0,2012-11-05,2012-11-09,0,True,True
2012-11-16,1379.8599853515625,1388.81005859375,1343.3499755859375,1359.8800048828125,5,0,0,2012-11-12,2012-11-16,0,True,True
2012-11-23,1359.8800048828125,1409.1600341796875,1359.8800048828125,1409.1500244140625,4,0,0,2012-11-19,2012-11-23,0,True,True
2012-11-30,1409.1500244140625,1419.699951171875,1385.4300537109375,1416.1800537109375,5,0,0,2012-11-26,2012-11-30,0,True,True
2012-12-07,1416.3399658203125,1423.72998046875,1398.22998046875,1418.0699462890625,5,0,0,2012-12-03,2012-12-07,0,True,True
2012-12-14,1418.0699462890625,1438.5899658203125,1411.8800048828125,1413.5799560546875,5,0,0,2012-12-10,2012-12-14,0,True,True
2012-12-21,1413.5400390625,1448,1413.5400390625,1430.1500244140625,5,0,0,2012-12-17,2012-12-21,0,True,True
2012-12-28,1430.1500244140625,1430.1500244140625,1401.5799560546875,1402.4300537109375,4,0,0,2012-12-24,2012-12-28,0,True,True
2013-01-04,1402.4300537109375,1467.93994140625,1398.1099853515625,1466.469970703125,4,0,0,2012-12-31,2013-01-04,0,True,True
2013-01-11,1466.469970703125,1472.75,1451.6400146484375,1472.050048828125,5,0,0,2013-01-07,2013-01-11,0,True,True
2013-01-18,1472.050048828125,1485.97998046875,1463.760009765625,1485.97998046875,5,0,0,2013-01-14,2013-01-18,0,True,True
2013-01-25,1485.97998046875,1503.260009765625,1481.1600341796875,1502.9599609375,4,0,0,2013-01-22,2013-01-25,0,True,True
2013-02-01,1502.9599609375,1514.4100341796875,1496.3299560546875,1513.1700439453125,5,0,0,2013-01-28,2013-02-01,0,True,True
2013-02-08,1513.1700439453125,1518.31005859375,1495.02001953125,1517.9300537109375,5,0,0,2013-02-04,2013-02-08,0,True,True
2013-02-15,1517.9300537109375,1524.68994140625,1513.6099853515625,1519.7900390625,5,0,0,2013-02-11,2013-02-15,0,True,True
2013-02-22,1519.7900390625,1530.93994140625,1497.2900390625,1515.5999755859375,4,0,0,2013-02-19,2013-02-22,0,True,True
2013-03-01,1515.5999755859375,1525.8399658203125,1485.010009765625,1518.199951171875,5,0,0,2013-02-25,2013-03-01,0,True,True
2013-03-08,1518.199951171875,1552.47998046875,1512.2900390625,1551.1800537109375,5,0,0,2013-03-04,2013-03-08,0,True,True
2013-03-15,1551.1500244140625,1563.6199951171875,1547.3599853515625,1560.699951171875,5,0,0,2013-03-11,2013-03-15,0,True,True
2013-03-22,1560.699951171875,1561.56005859375,1538.5699462890625,1556.8900146484375,5,0,0,2013-03-18,2013-03-22,0,True,True
2013-03-29,1556.8900146484375,1570.280029296875,1546.219970703125,1569.18994140625,4,0,0,2013-03-25,2013-03-28,0,True,True
2013-04-05,1569.1800537109375,1573.6600341796875,1539.5,1553.280029296875,5,0,0,2013-04-01,2013-04-05,0,True,True
2013-04-12,1553.260009765625,1597.3499755859375,1548.6300048828125,1588.8499755859375,5,0,0,2013-04-08,2013-04-12,0,True,True
2013-04-19,1588.8399658203125,1588.8399658203125,1536.030029296875,1555.25,5,0,0,2013-04-15,2013-04-19,0,True,True
2013-04-26,1555.25,1592.6400146484375,1548.18994140625,1582.239990234375,5,0,0,2013-04-22,2013-04-26,0,True,True
2013-05-03,1582.3399658203125,1618.4599609375,1581.280029296875,1614.4200439453125,5,0,0,2013-04-29,2013-05-03,0,True,True
2013-05-10,1614.4000244140625,1635.010009765625,1614.2099609375,1633.699951171875,5,0,0,2013-05-06,2013-05-10,0,True,True
2013-05-17,1632.0999755859375,1667.469970703125,1626.739990234375,1667.469970703125,5,0,0,2013-05-13,2013-05-17,0,True,True
2013-05-24,1665.7099609375,1687.1800537109375,1635.530029296875,1649.5999755859375,5,0,0,2013-05-20,2013-05-24,0,True,True
2013-05-31,1652.6300048828125,1674.2099609375,1630.739990234375,1630.739990234375,4,0,0,2013-05-28,2013-05-31,0,True,True
2013-06-07,1631.7099609375,1646.530029296875,1598.22998046875,1643.3800048828125,5,0,0,2013-06-03,2013-06-07,0,True,True
2013-06-14,1644.6700439453125,1648.68994140625,1608.0699462890625,1626.72998046875,5,0,0,2013-06-10,2013-06-14,0,True,True
2013-06-21,1630.6400146484375,1654.18994140625,1577.699951171875,1592.4300537109375,5,0,0,2013-06-17,2013-06-21,0,True,True
2013-06-28,1588.77001953125,1620.0699462890625,1560.3299560546875,1606.280029296875,5,0,0,2013-06-24,2013-06-28,0,True,True
2013-07-05,1609.780029296875,1632.0699462890625,1604.5699462890625,1631.8900146484375,4,0,0,2013-07-01,2013-07-05,0,True,True
2013-07-12,1634.199951171875,1680.18994140625,1634.199951171875,1680.18994140625,5,0,0,2013-07-08,2013-07-12,0,True,True
2013-07-19,1679.5899658203125,1693.1199951171875,1671.8399658203125,1692.0899658203125,5,0,0,2013-07-15,2013-07-19,0,True,True
2013-07-26,1694.4100341796875,1698.780029296875,1676.030029296875,1691.6500244140625,5,0,0,2013-07-22,2013-07-26,0,True,True
2013-08-02,1690.3199462890625,1709.6700439453125,1681.8599853515625,1709.6700439453125,5,0,0,2013-07-29,2013-08-02,0,True,True
2013-08-09,1708.010009765625,1709.239990234375,1684.9100341796875,1691.4200439453125,5,0,0,2013-08-05,2013-08-09,0,True,True
2013-08-16,1688.3699951171875,1696.81005859375,1652.6099853515625,1655.8299560546875,5,0,0,2013-08-12,2013-08-16,0,True,True
2013-08-23,1655.25,1664.8499755859375,1639.4300537109375,1663.5,5,0,0,2013-08-19,2013-08-23,0,True,True
2013-08-30,1664.2900390625,1669.510009765625,1627.469970703125,1632.969970703125,5,0,0,2013-08-26,2013-08-30,0,True,True
2013-09-06,1635.949951171875,1664.8299560546875,1633.4100341796875,1655.1700439453125,4,0,0,2013-09-03,2013-09-06,0,True,True
2013-09-13,1656.8499755859375,1689.969970703125,1656.8499755859375,1687.989990234375,5,0,0,2013-09-09,2013-09-13,0,True,True
2013-09-20,1691.699951171875,1729.8599853515625,1691.699951171875,1709.9100341796875,5,0,0,2013-09-16,2013-09-20,0,True,True
2013-09-27,1711.43994140625,1711.43994140625,1687.1099853515625,1691.75,5,0,0,2013-09-23,2013-09-27,0,True,True
2013-10-04,1687.260009765625,1696.550048828125,1670.3599853515625,1690.5,5,0,0,2013-09-30,2013-10-04,0,True,True
2013-10-11,1687.1500244140625,1703.43994140625,1646.469970703125,1703.199951171875,5,0,0,2013-10-07,2013-10-11,0,True,True
2013-10-18,1699.8599853515625,1745.31005859375,1692.1300048828125,1744.5,5,0,0,2013-10-14,2013-10-18,0,True,True
2013-10-25,1745.199951171875,1759.8199462890625,1740.5,1759.77001953125,5,0,0,2013-10-21,2013-10-25,0,True,True
2013-11-01,1759.4200439453125,1775.219970703125,1752.699951171875,1761.6400146484375,5,0,0,2013-10-28,2013-11-01,0,True,True
2013-11-08,1763.4000244140625,1774.5400390625,1746.199951171875,1770.6099853515625,5,0,0,2013-11-04,2013-11-08,0,True,True
2013-11-15,1769.9599609375,1798.219970703125,1760.6400146484375,1798.1800537109375,5,0,0,2013-11-11,2013-11-15,0,True,True
2013-11-22,1798.8199462890625,1804.8399658203125,1777.22998046875,1804.760009765625,5,0,0,2013-11-18,2013-11-22,0,True,True
2013-11-29,1806.3299560546875,1813.550048828125,1800.5799560546875,1805.81005859375,4,0,0,2013-11-25,2013-11-29,0,True,True
2013-12-06,1806.550048828125,1810.02001953125,1779.0899658203125,1805.0899658203125,5,0,0,2013-12-02,2013-12-06,0,True,True
2013-12-13,1806.2099609375,1811.52001953125,1772.280029296875,1775.3199462890625,5,0,0,2013-12-09,2013-12-13,0,True,True
2013-12-20,1777.47998046875,1823.75,1767.989990234375,1818.3199462890625,5,0,0,2013-12-16,2013-12-20,0,True,True
2013-12-27,1822.9200439453125,1844.8900146484375,1822.9200439453125,1841.4000244140625,4,0,0,2013-12-23,2013-12-27,0,True,True
2014-01-03,1841.469970703125,1849.43994140625,1827.739990234375,1831.3699951171875,4,0,0,2013-12-30,2014-01-03,0,True,True
2014-01-10,1832.31005859375,1843.22998046875,1823.72998046875,1842.3699951171875,5,0,0,2014-01-06,2014-01-10,0,True,True
2014-01-17,1841.260009765625,1850.8399658203125,1815.52001953125,1838.699951171875,5,0,0,2014-01-13,2014-01-17,0,True,True
2014-01-24,1841.050048828125,1849.31005859375,1790.2900390625,1790.2900390625,4,0,0,2014-01-21,2014-01-24,0,True,True
2014-01-31,1791.030029296875,1798.77001953125,1770.449951171875,1782.5899658203125,5,0,0,2014-01-27,2014-01-31,0,True,True
2014-02-07,1782.6800537109375,1798.030029296875,1737.9200439453125,1797.02001953125,5,0,0,2014-02-03,2014-02-07,0,True,True
2014-02-14,1796.199951171875,1841.6500244140625,1791.8299560546875,1838.6300048828125,5,0,0,2014-02-10,2014-02-14,0,True,True
2014-02-21,1839.030029296875,1847.5,1824.5799560546875,1836.25,4,0,0,2014-02-18,2014-02-21,0,True,True
2014-02-28,1836.780029296875,1867.9200439453125,1836.780029296875,1859.449951171875,5,0,0,2014-02-24,2014-02-28,0,True,True
2014-03-07,1857.6800537109375,1883.5699462890625,1834.43994140625,1878.0400390625,5,0,0,2014-03-03,2014-03-07,0,True,True
2014-03-14,1877.8599853515625,1882.3499755859375,1839.5699462890625,1841.1300048828125,5,0,0,2014-03-10,2014-03-14,0,True,True
2014-03-21,1842.81005859375,1883.969970703125,1842.81005859375,1866.52001953125,5,0,0,2014-03-17,2014-03-21,0,True,True
2014-03-28,1867.6700439453125,1875.9200439453125,1842.1099853515625,1857.6199951171875,5,0,0,2014-03-24,2014-03-28,0,True,True
2014-04-04,1859.1600341796875,1897.280029296875,1859.1600341796875,1865.0899658203125,5,0,0,2014-03-31,2014-04-04,0,True,True
2014-04-11,1863.9200439453125,1872.530029296875,1814.3599853515625,1815.68994140625,5,0,0,2014-04-07,2014-04-11,0,True,True
2014-04-18,1818.1800537109375,1869.6300048828125,1815.800048828125,1864.8499755859375,4,0,0,2014-04-14,2014-04-17,0,True,True
2014-04-25,1865.7900390625,1884.8900146484375,1859.699951171875,1863.4000244140625,5,0,0,2014-04-21,2014-04-25,0,True,True
2014-05-02,1865,1891.3299560546875,1850.6099853515625,1881.1400146484375,5,0,0,2014-04-28,2014-05-02,0,True,True
2014-05-09,1879.449951171875,1889.0699462890625,1859.7900390625,1878.47998046875,5,0,0,2014-05-05,2014-05-09,0,True,True
2014-05-16,1880.030029296875,1902.1700439453125,1862.3599853515625,1877.8599853515625,5,0,0,2014-05-12,2014-05-16,0,True,True
2014-05-23,1876.6600341796875,1901.260009765625,1868.1400146484375,1900.530029296875,5,0,0,2014-05-19,2014-05-23,0,True,True
2014-05-30,1902.010009765625,1924.030029296875,1902.010009765625,1923.5699462890625,4,0,0,2014-05-27,2014-05-30,0,True,True
2014-06-06,1923.8699951171875,1949.43994140625,1915.97998046875,1949.43994140625,5,0,0,2014-06-02,2014-06-06,0,True,True
2014-06-13,1948.969970703125,1955.550048828125,1925.780029296875,1936.1600341796875,5,0,0,2014-06-09,2014-06-13,0,True,True
2014-06-20,1934.8399658203125,1963.9100341796875,1930.9100341796875,1962.8699951171875,5,0,0,2014-06-16,2014-06-20,0,True,True
2014-06-27,1962.9200439453125,1968.1700439453125,1944.68994140625,1960.9599609375,5,0,0,2014-06-23,2014-06-27,0,True,True
2014-07-04,1960.7900390625,1985.5899658203125,1958.219970703125,1985.43994140625,4,0,0,2014-06-30,2014-07-03,0,True,True
2014-07-11,1984.219970703125,1984.219970703125,1952.8599853515625,1967.5699462890625,5,0,0,2014-07-07,2014-07-11,0,True,True
2014-07-18,1969.8599853515625,1983.93994140625,1955.5899658203125,1978.219970703125,5,0,0,2014-07-14,2014-07-18,0,True,True
2014-07-25,1976.9300537109375,1991.3900146484375,1965.77001953125,1978.3399658203125,5,0,0,2014-07-21,2014-07-25,0,True,True
2014-08-01,1978.25,1984.8499755859375,1916.3699951171875,1925.1500244140625,5,0,0,2014-07-28,2014-08-01,0,True,True
2014-08-08,1926.6199951171875,1942.9200439453125,1904.780029296875,1931.5899658203125,5,0,0,2014-08-04,2014-08-08,0,True,True
2014-08-15,1933.4300537109375,1964.0400390625,1928.2900390625,1955.06005859375,5,0,0,2014-08-11,2014-08-15,0,True,True
2014-08-22,1958.3599853515625,1994.760009765625,1958.3599853515625,1988.4000244140625,5,0,0,2014-08-18,2014-08-22,0,True,True
2014-08-29,1991.739990234375,2005.0400390625,1990.52001953125,2003.3699951171875,5,0,0,2014-08-25,2014-08-29,0,True,True
2014-09-05,2004.0699462890625,2011.1700439453125,1990.0999755859375,2007.7099609375,4,0,0,2014-09-02,2014-09-05,0,True,True
2014-09-12,2007.1700439453125,2007.1700439453125,1980.260009765625,1985.5400390625,5,0,0,2014-09-08,2014-09-12,0,True,True
2014-09-19,1986.0400390625,2019.260009765625,1978.47998046875,2010.4000244140625,5,0,0,2014-09-15,2014-09-19,0,True,True
2014-09-26,2009.0799560546875,2009.0799560546875,1965.989990234375,1982.8499755859375,5,0,0,2014-09-22,2014-09-26,0,True,True
2014-10-03,1978.9599609375,1985.1700439453125,1926.030029296875,1967.9000244140625,5,0,0,2014-09-29,2014-10-03,0,True,True
2014-10-10,1970.010009765625,1977.8399658203125,1906.050048828125,1906.1300048828125,5,0,0,2014-10-06,2014-10-10,0,True,True
2014-10-17,1905.6500244140625,1912.0899658203125,1820.6600341796875,1886.760009765625,5,0,0,2014-10-13,2014-10-17,0,True,True
2014-10-24,1885.6199951171875,1965.27001953125,1882.300048828125,1964.5799560546875,5,0,0,2014-10-20,2014-10-24,0,True,True
2014-10-31,1962.969970703125,2018.18994140625,1951.3699951171875,2018.050048828125,5,0,0,2014-10-27,2014-10-31,0,True,True
2014-11-07,2018.2099609375,2034.260009765625,2001.010009765625,2031.9200439453125,5,0,0,2014-11-03,2014-11-07,0,True,True
2014-11-14,2032.010009765625,2046.1800537109375,2030.1700439453125,2039.8199462890625,5,0,0,2014-11-10,2014-11-14,0,True,True
2014-11-21,2038.2900390625,2071.4599609375,2034.4599609375,2063.5,5,0,0,2014-11-17,2014-11-21,0,True,True
2014-11-28,2065.070068359375,2075.760009765625,2064.75,2067.56005859375,4,0,0,2014-11-24,2014-11-28,0,True,True
2014-12-05,2065.780029296875,2079.469970703125,2049.570068359375,2075.3701171875,5,0,0,2014-12-01,2014-12-05,0,True,True
2014-12-12,2074.840087890625,2075.780029296875,2002.3299560546875,2002.3299560546875,5,0,0,2014-12-08,2014-12-12,0,True,True
2014-12-19,2005.030029296875,2077.85009765625,1972.56005859375,2070.64990234375,5,0,0,2014-12-15,2014-12-19,0,True,True
2014-12-26,2069.280029296875,2092.699951171875,2069.280029296875,2088.77001953125,4,0,0,2014-12-22,2014-12-26,0,True,True
2015-01-02,2087.6298828125,2093.550048828125,2046.0400390625,2058.199951171875,4,0,0,2014-12-29,2015-01-02,0,True,True
2015-01-09,2054.43994140625,2064.429931640625,1992.43994140625,2044.81005859375,5,0,0,2015-01-05,2015-01-09,0,True,True
2015-01-16,2046.1300048828125,2056.929931640625,1988.1199951171875,2019.4200439453125,5,0,0,2015-01-12,2015-01-16,0,True,True
2015-01-23,2020.760009765625,2064.6201171875,2004.489990234375,2051.820068359375,4,0,0,2015-01-20,2015-01-23,0,True,True
2015-01-30,2050.419921875,2057.6201171875,1989.1800537109375,1994.989990234375,5,0,0,2015-01-26,2015-01-30,0,True,True
2015-02-06,1996.6700439453125,2072.39990234375,1980.9000244140625,2055.469970703125,5,0,0,2015-02-02,2015-02-06,0,True,True
2015-02-13,2053.469970703125,2097.030029296875,2041.8800048828125,2096.989990234375,5,0,0,2015-02-09,2015-02-13,0,True,True
2015-02-20,2096.469970703125,2110.610107421875,2085.43994140625,2110.300048828125,4,0,0,2015-02-17,2015-02-20,0,True,True
2015-02-27,2109.830078125,2119.590087890625,2103,2104.5,5,0,0,2015-02-23,2015-02-27,0,True,True
2015-03-06,2105.22998046875,2117.52001953125,2067.27001953125,2071.260009765625,5,0,0,2015-03-02,2015-03-06,0,True,True
2015-03-13,2072.25,2083.489990234375,2039.68994140625,2053.39990234375,5,0,0,2015-03-09,2015-03-13,0,True,True
2015-03-20,2055.35009765625,2113.919921875,2055.35009765625,2108.10009765625,5,0,0,2015-03-16,2015-03-20,0,True,True
2015-03-27,2107.989990234375,2114.860107421875,2045.5,2061.02001953125,5,0,0,2015-03-23,2015-03-27,0,True,True
2015-04-03,2064.110107421875,2088.969970703125,2048.3798828125,2066.9599609375,4,0,0,2015-03-30,2015-04-02,0,True,True
2015-04-10,2064.8701171875,2102.610107421875,2056.52001953125,2102.06005859375,5,0,0,2015-04-06,2015-04-10,0,True,True
2015-04-17,2102.030029296875,2111.909912109375,2072.3701171875,2081.179931640625,5,0,0,2015-04-13,2015-04-17,0,True,True
2015-04-24,2084.110107421875,2120.919921875,2084.110107421875,2117.68994140625,5,0,0,2015-04-20,2015-04-24,0,True,True
2015-05-01,2119.2900390625,2125.919921875,2077.590087890625,2108.2900390625,5,0,0,2015-04-27,2015-05-01,0,True,True
2015-05-08,2110.22998046875,2120.949951171875,2067.929931640625,2116.10009765625,5,0,0,2015-05-04,2015-05-08,0,True,True
2015-05-15,2115.56005859375,2123.889892578125,2085.570068359375,2122.72998046875,5,0,0,2015-05-11,2015-05-15,0,True,True
2015-05-22,2121.300048828125,2134.719970703125,2120.010009765625,2126.06005859375,5,0,0,2015-05-18,2015-05-22,0,True,True
2015-05-29,2125.340087890625,2126.219970703125,2099.179931640625,2107.389892578125,4,0,0,2015-05-26,2015-05-29,0,True,True
2015-06-05,2108.639892578125,2121.919921875,2085.669921875,2092.830078125,5,0,0,2015-06-01,2015-06-05,0,True,True
2015-06-12,2092.340087890625,2115.02001953125,2072.139892578125,2094.110107421875,5,0,0,2015-06-08,2015-06-12,0,True,True
2015-06-19,2091.340087890625,2126.64990234375,2072.489990234375,2109.989990234375,5,0,0,2015-06-15,2015-06-19,0,True,True
2015-06-26,2112.5,2129.8701171875,2095.3798828125,2101.489990234375,5,0,0,2015-06-22,2015-06-26,0,True,True
2015-07-03,2098.6298828125,2098.6298828125,2056.320068359375,2076.780029296875,4,0,0,2015-06-29,2015-07-02,0,True,True
2015-07-10,2073.949951171875,2083.739990234375,2044.02001953125,2076.6201171875,5,0,0,2015-07-06,2015-07-10,0,True,True
2015-07-17,2080.030029296875,2128.909912109375,2080.030029296875,2126.639892578125,5,0,0,2015-07-13,2015-07-17,0,True,True
2015-07-24,2126.85009765625,2132.820068359375,2077.090087890625,2079.64990234375,5,0,0,2015-07-20,2015-07-24,0,True,True
2015-07-31,2078.18994140625,2114.239990234375,2063.52001953125,2103.840087890625,5,0,0,2015-07-27,2015-07-31,0,True,True
2015-08-07,2104.489990234375,2112.659912109375,2067.909912109375,2077.570068359375,5,0,0,2015-08-03,2015-08-07,0,True,True
2015-08-14,2080.97998046875,2105.35009765625,2052.090087890625,2091.5400390625,5,0,0,2015-08-10,2015-08-14,0,True,True
2015-08-21,2089.699951171875,2103.469970703125,1970.8900146484375,1970.8900146484375,5,0,0,2015-08-17,2015-08-21,0,True,True
2015-08-28,1965.1500244140625,1993.47998046875,1867.010009765625,1988.8699951171875,5,0,0,2015-08-24,2015-08-28,0,True,True
2015-09-04,1986.72998046875,1986.72998046875,1903.0699462890625,1921.219970703125,5,0,0,2015-08-31,2015-09-04,0,True,True
2015-09-11,1927.300048828125,1988.6300048828125,1927.300048828125,1961.050048828125,4,0,0,2015-09-08,2015-09-11,0,True,True
2015-09-18,1963.06005859375,2020.8599853515625,1948.27001953125,1958.030029296875,5,0,0,2015-09-14,2015-09-18,0,True,True
2015-09-25,1960.8399658203125,1979.6400146484375,1908.9200439453125,1931.3399658203125,5,0,0,2015-09-21,2015-09-25,0,True,True
2015-10-02,1929.1800537109375,1951.3599853515625,1871.9100341796875,1951.3599853515625,5,0,0,2015-09-28,2015-10-02,0,True,True
2015-10-09,1954.3299560546875,2020.1300048828125,1954.3299560546875,2014.8900146484375,5,0,0,2015-10-05,2015-10-09,0,True,True
2015-10-16,2015.6500244140625,2033.5400390625,1990.72998046875,2033.1099853515625,5,0,0,2015-10-12,2015-10-16,0,True,True
2015-10-23,2031.72998046875,2079.739990234375,2017.219970703125,2075.14990234375,5,0,0,2015-10-19,2015-10-23,0,True,True
2015-10-30,2075.080078125,2094.320068359375,2058.840087890625,2079.360107421875,5,0,0,2015-10-26,2015-10-30,0,True,True
2015-11-06,2080.760009765625,2116.47998046875,2080.760009765625,2099.199951171875,5,0,0,2015-11-02,2015-11-06,0,True,True
2015-11-13,2096.56005859375,2096.56005859375,2022.02001953125,2023.0400390625,5,0,0,2015-11-09,2015-11-13,0,True,True
2015-11-20,2022.0799560546875,2097.06005859375,2019.3900146484375,2089.169921875,5,0,0,2015-11-16,2015-11-20,0,True,True
2015-11-27,2089.409912109375,2095.610107421875,2070.2900390625,2090.110107421875,4,0,0,2015-11-23,2015-11-27,0,True,True
2015-12-04,2090.949951171875,2104.27001953125,2042.3499755859375,2091.68994140625,5,0,0,2015-11-30,2015-12-04,0,True,True
2015-12-11,2090.419921875,2090.419921875,2008.800048828125,2012.3699951171875,5,0,0,2015-12-07,2015-12-11,0,True,True
2015-12-18,2013.3699951171875,2076.719970703125,1993.260009765625,2005.550048828125,5,0,0,2015-12-14,2015-12-18,0,True,True
2015-12-25,2010.27001953125,2067.360107421875,2005.9300537109375,2060.989990234375,4,0,0,2015-12-21,2015-12-24,0,True,True
2016-01-01,2057.77001953125,2081.56005859375,2043.6199951171875,2043.93994140625,4,0,0,2015-12-28,2015-12-31,0,True,True
2016-01-08,2038.199951171875,2038.199951171875,1918.4599609375,1922.030029296875,5,0,0,2016-01-04,2016-01-08,0,True,True
2016-01-15,1926.1199951171875,1950.3299560546875,1857.8299560546875,1880.3299560546875,5,0,0,2016-01-11,2016-01-15,0,True,True
2016-01-22,1888.6600341796875,1908.8499755859375,1812.2900390625,1906.9000244140625,4,0,0,2016-01-19,2016-01-22,0,True,True
2016-01-29,1906.280029296875,1940.239990234375,1872.699951171875,1940.239990234375,5,0,0,2016-01-25,2016-01-29,0,True,True
2016-02-05,1936.93994140625,1947.199951171875,1872.22998046875,1880.050048828125,5,0,0,2016-02-01,2016-02-05,0,True,True
2016-02-12,1873.25,1881.5999755859375,1810.0999755859375,1864.780029296875,5,0,0,2016-02-08,2016-02-12,0,True,True
2016-02-19,1871.43994140625,1930.6800537109375,1871.43994140625,1917.780029296875,4,0,0,2016-02-16,2016-02-19,0,True,True
2016-02-26,1924.43994140625,1962.9599609375,1891,1948.050048828125,5,0,0,2016-02-22,2016-02-26,0,True,True
2016-03-04,1947.1300048828125,2009.1300048828125,1931.81005859375,1999.989990234375,5,0,0,2016-02-29,2016-03-04,0,True,True
2016-03-11,1996.1099853515625,2022.3699951171875,1969.25,2022.18994140625,5,0,0,2016-03-07,2016-03-11,0,True,True
2016-03-18,2019.27001953125,2052.360107421875,2005.22998046875,2049.580078125,5,0,0,2016-03-14,2016-03-18,0,True,True
2016-03-25,2047.8800048828125,2056.60009765625,2022.489990234375,2035.93994140625,4,0,0,2016-03-21,2016-03-24,0,True,True
2016-04-01,2037.8900146484375,2075.070068359375,2028.31005859375,2072.780029296875,5,0,0,2016-03-28,2016-04-01,0,True,True
2016-04-08,2073.18994140625,2074.02001953125,2033.800048828125,2047.5999755859375,5,0,0,2016-04-04,2016-04-08,0,True,True
2016-04-15,2050.22998046875,2087.840087890625,2039.739990234375,2080.72998046875,5,0,0,2016-04-11,2016-04-15,0,True,True
2016-04-22,2078.830078125,2111.050048828125,2073.64990234375,2091.580078125,5,0,0,2016-04-18,2016-04-22,0,True,True
2016-04-29,2089.3701171875,2099.889892578125,2052.280029296875,2065.300048828125,5,0,0,2016-04-25,2016-04-29,0,True,True
2016-05-06,2067.169921875,2083.419921875,2039.449951171875,2057.139892578125,5,0,0,2016-05-02,2016-05-06,0,True,True
2016-05-13,2057.550048828125,2084.8701171875,2043.1300048828125,2046.6099853515625,5,0,0,2016-05-09,2016-05-13,0,True,True
2016-05-20,2046.530029296875,2071.8798828125,2025.9100341796875,2052.320068359375,5,0,0,2016-05-16,2016-05-20,0,True,True
2016-05-27,2052.22998046875,2099.06005859375,2047.260009765625,2099.06005859375,5,0,0,2016-05-23,2016-05-27,0,True,True
2016-06-03,2100.1298828125,2105.260009765625,2085.10009765625,2099.1298828125,4,0,0,2016-05-31,2016-06-03,0,True,True
2016-06-10,2100.830078125,2120.550048828125,2089.9599609375,2096.070068359375,5,0,0,2016-06-06,2016-06-10,0,True,True
2016-06-17,2091.75,2098.1201171875,2050.3701171875,2071.219970703125,5,0,0,2016-06-13,2016-06-17,0,True,True
2016-06-24,2075.580078125,2113.320068359375,2032.5699462890625,2037.4100341796875,5,0,0,2016-06-20,2016-06-24,0,True,True
2016-07-01,2031.449951171875,2108.7099609375,1991.6800537109375,2102.949951171875,5,0,0,2016-06-27,2016-07-01,0,True,True
2016-07-08,2095.050048828125,2131.7099609375,2074.02001953125,2129.89990234375,4,0,0,2016-07-05,2016-07-08,0,True,True
2016-07-15,2131.719970703125,2169.050048828125,2131.719970703125,2161.739990234375,5,0,0,2016-07-11,2016-07-15,0,True,True
2016-07-22,2162.0400390625,2175.6298828125,2159.010009765625,2175.030029296875,5,0,0,2016-07-18,2016-07-22,0,True,True
2016-07-29,2173.7099609375,2177.090087890625,2159.070068359375,2173.60009765625,5,0,0,2016-07-25,2016-07-29,0,True,True
2016-08-05,2173.14990234375,2182.8701171875,2147.580078125,2182.8701171875,5,0,0,2016-08-01,2016-08-05,0,True,True
2016-08-12,2183.760009765625,2188.449951171875,2172,2184.050048828125,5,0,0,2016-08-08,2016-08-12,0,True,True
2016-08-19,2186.080078125,2193.81005859375,2168.5,2183.8701171875,5,0,0,2016-08-15,2016-08-19,0,True,True
2016-08-26,2181.580078125,2193.419921875,2160.389892578125,2169.0400390625,5,0,0,2016-08-22,2016-08-26,0,True,True
2016-09-02,2170.18994140625,2184.8701171875,2157.090087890625,2179.97998046875,5,0,0,2016-08-29,2016-09-02,0,True,True
2016-09-09,2181.610107421875,2187.8701171875,2127.81005859375,2127.81005859375,4,0,0,2016-09-06,2016-09-09,0,True,True
2016-09-16,2120.860107421875,2163.300048828125,2119.1201171875,2139.159912109375,5,0,0,2016-09-12,2016-09-16,0,True,True
2016-09-23,2143.989990234375,2179.989990234375,2135.909912109375,2164.68994140625,5,0,0,2016-09-19,2016-09-23,0,True,True
2016-09-30,2158.5400390625,2175.300048828125,2141.550048828125,2168.27001953125,5,0,0,2016-09-26,2016-09-30,0,True,True
2016-10-07,2164.330078125,2165.860107421875,2144.010009765625,2153.739990234375,5,0,0,2016-10-03,2016-10-07,0,True,True
2016-10-14,2160.389892578125,2169.60009765625,2114.719970703125,2132.97998046875,5,0,0,2016-10-10,2016-10-14,0,True,True
2016-10-21,2132.949951171875,2148.43994140625,2124.429931640625,2141.159912109375,5,0,0,2016-10-17,2016-10-21,0,True,True
2016-10-28,2148.5,2154.7900390625,2119.360107421875,2126.409912109375,5,0,0,2016-10-24,2016-10-28,0,True,True
2016-11-04,2129.780029296875,2133.25,2083.7900390625,2085.179931640625,5,0,0,2016-10-31,2016-11-04,0,True,True
2016-11-11,2100.590087890625,2182.300048828125,2100.590087890625,2164.449951171875,5,0,0,2016-11-07,2016-11-11,0,True,True
2016-11-18,2165.639892578125,2189.889892578125,2156.080078125,2181.89990234375,5,0,0,2016-11-14,2016-11-18,0,True,True
2016-11-25,2186.429931640625,2213.35009765625,2186.429931640625,2213.35009765625,4,0,0,2016-11-21,2016-11-25,0,True,True
2016-12-02,2210.2099609375,2214.10009765625,2187.43994140625,2191.949951171875,5,0,0,2016-11-28,2016-12-02,0,True,True
2016-12-09,2200.64990234375,2259.800048828125,2199.969970703125,2259.530029296875,5,0,0,2016-12-05,2016-12-09,0,True,True
2016-12-16,2258.830078125,2277.530029296875,2248.43994140625,2258.070068359375,5,0,0,2016-12-12,2016-12-16,0,True,True
2016-12-23,2259.239990234375,2272.56005859375,2256.080078125,2263.7900390625,5,0,0,2016-12-19,2016-12-23,0,True,True
2016-12-30,2266.22998046875,2273.820068359375,2233.6201171875,2238.830078125,4,0,0,2016-12-27,2016-12-30,0,True,True
2017-01-06,2251.570068359375,2282.10009765625,2245.1298828125,2276.97998046875,4,0,0,2017-01-03,2017-01-06,0,True,True
2017-01-13,2273.590087890625,2279.27001953125,2254.25,2274.639892578125,5,0,0,2017-01-09,2017-01-13,0,True,True
2017-01-20,2269.139892578125,2276.9599609375,2258.409912109375,2271.31005859375,4,0,0,2017-01-17,2017-01-20,0,True,True
2017-01-27,2267.780029296875,2300.989990234375,2257.02001953125,2294.68994140625,5,0,0,2017-01-23,2017-01-27,0,True,True
2017-02-03,2286.010009765625,2298.31005859375,2267.2099609375,2297.419921875,5,0,0,2017-01-30,2017-02-03,0,True,True
2017-02-10,2294.280029296875,2319.22998046875,2285.3798828125,2316.10009765625,5,0,0,2017-02-06,2017-02-10,0,True,True
2017-02-17,2321.719970703125,2351.31005859375,2321.419921875,2351.159912109375,5,0,0,2017-02-13,2017-02-17,0,True,True
2017-02-24,2354.909912109375,2368.260009765625,2352.8701171875,2367.340087890625,4,0,0,2017-02-21,2017-02-24,0,True,True
2017-03-03,2365.22998046875,2400.97998046875,2358.9599609375,2383.1201171875,5,0,0,2017-02-27,2017-03-03,0,True,True
2017-03-10,2375.22998046875,2378.800048828125,2354.5400390625,2372.60009765625,5,0,0,2017-03-06,2017-03-10,0,True,True
2017-03-17,2371.56005859375,2390.010009765625,2358.179931640625,2378.25,5,0,0,2017-03-13,2017-03-17,0,True,True
2017-03-24,2378.239990234375,2381.929931640625,2335.739990234375,2343.97998046875,5,0,0,2017-03-20,2017-03-24,0,True,True
2017-03-31,2329.110107421875,2370.419921875,2322.25,2362.719970703125,5,0,0,2017-03-27,2017-03-31,0,True,True
2017-04-07,2362.340087890625,2378.360107421875,2344.72998046875,2355.5400390625,5,0,0,2017-04-03,2017-04-07,0,True,True
2017-04-14,2357.159912109375,2366.3701171875,2328.949951171875,2328.949951171875,4,0,0,2017-04-10,2017-04-13,0,True,True
2017-04-21,2332.6201171875,2361.3701171875,2332.510009765625,2348.68994140625,5,0,0,2017-04-17,2017-04-21,0,True,True
2017-04-28,2370.330078125,2398.159912109375,2369.18994140625,2384.199951171875,5,0,0,2017-04-24,2017-04-28,0,True,True
2017-05-05,2388.5,2399.2900390625,2379.75,2399.2900390625,5,0,0,2017-05-01,2017-05-05,0,True,True
2017-05-12,2399.93994140625,2403.8701171875,2381.739990234375,2390.89990234375,5,0,0,2017-05-08,2017-05-12,0,True,True
2017-05-19,2393.97998046875,2405.77001953125,2352.719970703125,2381.72998046875,5,0,0,2017-05-15,2017-05-19,0,True,True
2017-05-26,2387.2099609375,2418.7099609375,2386.919921875,2415.820068359375,5,0,0,2017-05-22,2017-05-26,0,True,True
2017-06-02,2411.669921875,2440.22998046875,2403.590087890625,2439.070068359375,4,0,0,2017-05-30,2017-06-02,0,True,True
2017-06-09,2437.830078125,2446.199951171875,2415.699951171875,2431.77001953125,5,0,0,2017-06-05,2017-06-09,0,True,True
2017-06-16,2425.8798828125,2443.75,2418.530029296875,2433.14990234375,5,0,0,2017-06-12,2017-06-16,0,True,True
2017-06-23,2442.550048828125,2453.820068359375,2430.739990234375,2438.300048828125,5,0,0,2017-06-19,2017-06-23,0,True,True
2017-06-30,2443.320068359375,2450.419921875,2405.699951171875,2423.409912109375,5,0,0,2017-06-26,2017-06-30,0,True,True
2017-07-07,2431.389892578125,2439.169921875,2407.699951171875,2425.179931640625,4,0,0,2017-07-03,2017-07-07,0,True,True
2017-07-14,2424.510009765625,2463.5400390625,2412.7900390625,2459.27001953125,5,0,0,2017-07-10,2017-07-14,0,True,True
2017-07-21,2459.5,2477.6201171875,2450.340087890625,2472.5400390625,5,0,0,2017-07-17,2017-07-21,0,True,True
2017-07-28,2472.0400390625,2484.0400390625,2459.929931640625,2472.10009765625,5,0,0,2017-07-24,2017-07-28,0,True,True
2017-08-04,2475.93994140625,2480.3798828125,2466.47998046875,2476.830078125,5,0,0,2017-07-31,2017-08-04,0,True,True
2017-08-11,2477.139892578125,2490.8701171875,2437.75,2441.320068359375,5,0,0,2017-08-07,2017-08-11,0,True,True
2017-08-18,2454.9599609375,2474.929931640625,2420.68994140625,2425.550048828125,5,0,0,2017-08-14,2017-08-18,0,True,True
2017-08-25,2425.5,2454.77001953125,2417.35009765625,2443.050048828125,5,0,0,2017-08-21,2017-08-25,0,True,True
2017-09-01,2447.35009765625,2480.3798828125,2428.199951171875,2476.550048828125,5,0,0,2017-08-28,2017-09-01,0,True,True
2017-09-08,2470.35009765625,2471.969970703125,2446.550048828125,2461.429931640625,4,0,0,2017-09-05,2017-09-08,0,True,True
2017-09-15,2474.52001953125,2500.22998046875,2474.52001953125,2500.22998046875,5,0,0,2017-09-11,2017-09-15,0,True,True
2017-09-22,2502.510009765625,2508.85009765625,2496.5400390625,2502.219970703125,5,0,0,2017-09-18,2017-09-22,0,True,True
2017-09-29,2499.389892578125,2519.43994140625,2488.030029296875,2519.360107421875,5,0,0,2017-09-25,2017-09-29,0,True,True
2017-10-06,2521.199951171875,2552.510009765625,2520.39990234375,2549.330078125,5,0,0,2017-10-02,2017-10-06,0,True,True
2017-10-13,2551.389892578125,2557.64990234375,2541.60009765625,2553.169921875,5,0,0,2017-10-09,2017-10-13,0,True,True
2017-10-20,2555.570068359375,2575.43994140625,2547.919921875,2575.2099609375,5,0,0,2017-10-16,2017-10-20,0,True,True
2017-10-27,2578.080078125,2582.97998046875,2544,2581.070068359375,5,0,0,2017-10-23,2017-10-27,0,True,True
2017-11-03,2577.75,2588.419921875,2566.169921875,2587.840087890625,5,0,0,2017-10-30,2017-11-03,0,True,True
2017-11-10,2587.469970703125,2597.02001953125,2566.330078125,2582.300048828125,5,0,0,2017-11-06,2017-11-10,0,True,True
2017-11-17,2576.530029296875,2590.090087890625,2557.449951171875,2578.85009765625,5,0,0,2017-11-13,2017-11-17,0,True,True
2017-11-24,2579.489990234375,2604.2099609375,2578.239990234375,2602.419921875,4,0,0,2017-11-20,2017-11-24,0,True,True
2017-12-01,2602.659912109375,2657.739990234375,2598.8701171875,2642.219970703125,5,0,0,2017-11-27,2017-12-01,0,True,True
2017-12-08,2657.18994140625,2665.18994140625,2624.75,2651.5,5,0,0,2017-12-04,2017-12-08,0,True,True
2017-12-15,2652.18994140625,2679.6298828125,2651.469970703125,2675.81005859375,5,0,0,2017-12-11,2017-12-15,0,True,True
2017-12-22,2685.919921875,2694.969970703125,2676.110107421875,2683.340087890625,5,0,0,2017-12-18,2017-12-22,0,True,True
2017-12-29,2679.090087890625,2692.1201171875,2673.610107421875,2673.610107421875,4,0,0,2017-12-26,2017-12-29,0,True,True
2018-01-05,2683.72998046875,2743.449951171875,2682.360107421875,2743.14990234375,4,0,0,2018-01-02,2018-01-05,0,True,True
2018-01-12,2742.669921875,2787.85009765625,2736.06005859375,2786.239990234375,5,0,0,2018-01-08,2018-01-12,0,True,True
2018-01-19,2798.9599609375,2810.330078125,2768.639892578125,2810.300048828125,4,0,0,2018-01-16,2018-01-19,0,True,True
2018-01-26,2809.159912109375,2872.8701171875,2808.1201171875,2872.8701171875,5,0,0,2018-01-22,2018-01-26,0,True,True
2018-02-02,2867.22998046875,2870.6201171875,2759.969970703125,2762.1298828125,5,0,0,2018-01-29,2018-02-02,0,True,True
2018-02-09,2741.06005859375,2763.389892578125,2532.68994140625,2619.550048828125,5,0,0,2018-02-05,2018-02-09,0,True,True
2018-02-16,2636.75,2754.419921875,2622.449951171875,2732.219970703125,5,0,0,2018-02-12,2018-02-16,0,True,True
2018-02-23,2722.989990234375,2747.760009765625,2697.77001953125,2747.300048828125,4,0,0,2018-02-20,2018-02-23,0,True,True
2018-03-02,2757.3701171875,2789.14990234375,2647.320068359375,2691.25,5,0,0,2018-02-26,2018-03-02,0,True,True
2018-03-09,2681.06005859375,2786.570068359375,2675.75,2786.570068359375,5,0,0,2018-03-05,2018-03-09,0,True,True
2018-03-16,2790.5400390625,2801.89990234375,2741.469970703125,2752.010009765625,5,0,0,2018-03-12,2018-03-16,0,True,True
2018-03-23,2741.3798828125,2741.3798828125,2585.889892578125,2588.260009765625,5,0,0,2018-03-19,2018-03-23,0,True,True
2018-03-30,2619.35009765625,2674.780029296875,2593.06005859375,2640.8701171875,4,0,0,2018-03-26,2018-03-29,0,True,True
2018-04-06,2633.449951171875,2672.080078125,2553.800048828125,2604.469970703125,5,0,0,2018-04-02,2018-04-06,0,True,True
2018-04-13,2617.179931640625,2680.260009765625,2610.7900390625,2656.300048828125,5,0,0,2018-04-09,2018-04-13,0,True,True
2018-04-20,2670.10009765625,2717.489990234375,2660.610107421875,2670.139892578125,5,0,0,2018-04-16,2018-04-20,0,True,True
2018-04-27,2675.39990234375,2683.550048828125,2612.669921875,2669.909912109375,5,0,0,2018-04-23,2018-04-27,0,True,True
2018-05-04,2682.510009765625,2682.8701171875,2594.6201171875,2663.419921875,5,0,0,2018-04-30,2018-05-04,0,True,True
2018-05-11,2680.340087890625,2732.860107421875,2655.199951171875,2727.719970703125,5,0,0,2018-05-07,2018-05-11,0,True,True
2018-05-18,2738.469970703125,2742.10009765625,2701.909912109375,2712.969970703125,5,0,0,2018-05-14,2018-05-18,0,True,True
2018-05-25,2735.389892578125,2742.239990234375,2707.3798828125,2721.330078125,5,0,0,2018-05-21,2018-05-25,0,True,True
2018-06-01,2705.110107421875,2736.929931640625,2676.81005859375,2734.6201171875,4,0,0,2018-05-29,2018-06-01,0,True,True
2018-06-08,2741.669921875,2779.89990234375,2739.510009765625,2779.030029296875,5,0,0,2018-06-04,2018-06-08,0,True,True
2018-06-15,2780.179931640625,2791.469970703125,2761.72998046875,2779.659912109375,5,0,0,2018-06-11,2018-06-15,0,True,True
2018-06-22,2765.7900390625,2774.989990234375,2743.18994140625,2754.8798828125,5,0,0,2018-06-18,2018-06-22,0,True,True
2018-06-29,2742.93994140625,2746.090087890625,2691.989990234375,2718.3701171875,5,0,0,2018-06-25,2018-06-29,0,True,True
2018-07-06,2704.949951171875,2764.409912109375,2698.949951171875,2759.820068359375,4,0,0,2018-07-02,2018-07-06,0,True,True
2018-07-13,2775.6201171875,2804.530029296875,2770.72998046875,2801.31005859375,5,0,0,2018-07-09,2018-07-13,0,True,True
2018-07-20,2797.360107421875,2816.760009765625,2789.239990234375,2801.830078125,5,0,0,2018-07-16,2018-07-20,0,True,True
2018-07-27,2799.169921875,2848.030029296875,2795.139892578125,2818.820068359375,5,0,0,2018-07-23,2018-07-27,0,True,True
2018-08-03,2819,2840.3798828125,2796.340087890625,2840.35009765625,5,0,0,2018-07-30,2018-08-03,0,True,True
2018-08-10,2840.2900390625,2863.429931640625,2825.81005859375,2833.280029296875,5,0,0,2018-08-06,2018-08-10,0,True,True
2018-08-17,2835.4599609375,2855.6298828125,2802.489990234375,2850.1298828125,5,0,0,2018-08-13,2018-08-17,0,True,True
2018-08-24,2853.929931640625,2876.159912109375,2850.6201171875,2874.68994140625,5,0,0,2018-08-20,2018-08-24,0,True,True
2018-08-31,2884.68994140625,2916.5,2884.68994140625,2901.52001953125,5,0,0,2018-08-27,2018-08-31,0,True,True
2018-09-07,2896.9599609375,2900.179931640625,2864.1201171875,2871.679931640625,4,0,0,2018-09-04,2018-09-07,0,True,True
2018-09-14,2881.389892578125,2908.300048828125,2866.780029296875,2904.97998046875,5,0,0,2018-09-10,2018-09-14,0,True,True
2018-09-21,2903.830078125,2940.909912109375,2886.159912109375,2929.669921875,5,0,0,2018-09-17,2018-09-21,0,True,True
2018-09-28,2921.830078125,2931.14990234375,2903.280029296875,2913.97998046875,5,0,0,2018-09-24,2018-09-28,0,True,True
2018-10-05,2926.2900390625,2939.860107421875,2869.2900390625,2885.570068359375,5,0,0,2018-10-01,2018-10-05,0,True,True
2018-10-12,2877.530029296875,2894.830078125,2710.510009765625,2767.1298828125,5,0,0,2018-10-08,2018-10-12,0,True,True
2018-10-19,2763.830078125,2816.93994140625,2749.030029296875,2767.780029296875,5,0,0,2018-10-15,2018-10-19,0,True,True
2018-10-26,2773.93994140625,2778.93994140625,2628.159912109375,2658.68994140625,5,0,0,2018-10-22,2018-10-26,0,True,True
2018-11-02,2682.64990234375,2756.550048828125,2603.5400390625,2723.06005859375,5,0,0,2018-10-29,2018-11-02,0,True,True
2018-11-09,2726.3701171875,2815.14990234375,2717.93994140625,2781.010009765625,5,0,0,2018-11-05,2018-11-09,0,True,True
2018-11-16,2773.929931640625,2775.989990234375,2670.75,2736.27001953125,5,0,0,2018-11-12,2018-11-16,0,True,True
2018-11-23,2730.739990234375,2733.159912109375,2631.090087890625,2632.56005859375,4,0,0,2018-11-19,2018-11-23,0,True,True
2018-11-30,2649.969970703125,2760.8798828125,2649.969970703125,2760.169921875,5,0,0,2018-11-26,2018-11-30,0,True,True
2018-12-07,2790.5,2800.179931640625,2621.530029296875,2633.080078125,4,0,0,2018-12-03,2018-12-07,0,True,True
2018-12-14,2630.860107421875,2685.43994140625,2583.22998046875,2599.949951171875,5,0,0,2018-12-10,2018-12-14,0,True,True
2018-12-21,2590.75,2601.1298828125,2408.550048828125,2416.6201171875,5,0,0,2018-12-17,2018-12-21,0,True,True
2018-12-28,2400.56005859375,2520.27001953125,2346.580078125,2485.739990234375,4,0,0,2018-12-24,2018-12-28,0,True,True
2019-01-04,2498.93994140625,2538.070068359375,2443.9599609375,2531.93994140625,4,0,0,2018-12-31,2019-01-04,0,True,True
2019-01-11,2535.610107421875,2597.820068359375,2524.56005859375,2596.260009765625,5,0,0,2019-01-07,2019-01-11,0,True,True
2019-01-18,2580.31005859375,2675.469970703125,2570.409912109375,2670.7099609375,5,0,0,2019-01-14,2019-01-18,0,True,True
2019-01-25,2657.8798828125,2672.3798828125,2612.860107421875,2664.760009765625,4,0,0,2019-01-22,2019-01-25,0,True,True
2019-02-01,2644.969970703125,2716.659912109375,2624.06005859375,2706.530029296875,5,0,0,2019-01-28,2019-02-01,0,True,True
2019-02-08,2706.489990234375,2738.97998046875,2681.830078125,2707.8798828125,5,0,0,2019-02-04,2019-02-08,0,True,True
2019-02-15,2712.39990234375,2775.659912109375,2703.7900390625,2775.60009765625,5,0,0,2019-02-11,2019-02-15,0,True,True
2019-02-22,2769.280029296875,2794.199951171875,2764.550048828125,2792.669921875,4,0,0,2019-02-19,2019-02-22,0,True,True
2019-03-01,2804.35009765625,2813.489990234375,2775.1298828125,2803.68994140625,5,0,0,2019-02-25,2019-03-01,0,True,True
2019-03-08,2814.3701171875,2816.8798828125,2722.27001953125,2743.070068359375,5,0,0,2019-03-04,2019-03-08,0,True,True
2019-03-15,2747.610107421875,2830.72998046875,2747.610107421875,2822.47998046875,5,0,0,2019-03-11,2019-03-15,0,True,True
2019-03-22,2822.610107421875,2860.31005859375,2800.469970703125,2800.7099609375,5,0,0,2019-03-18,2019-03-22,0,True,True
2019-03-29,2796.010009765625,2836.030029296875,2785.02001953125,2834.39990234375,5,0,0,2019-03-25,2019-03-29,0,True,True
2019-04-05,2848.6298828125,2893.239990234375,2848.6298828125,2892.739990234375,5,0,0,2019-04-01,2019-04-05,0,True,True
2019-04-12,2888.4599609375,2910.5400390625,2873.330078125,2907.409912109375,5,0,0,2019-04-08,2019-04-12,0,True,True
2019-04-19,2908.320068359375,2918,2891.89990234375,2905.030029296875,4,0,0,2019-04-15,2019-04-18,0,True,True
2019-04-26,2898.780029296875,2939.8798828125,2896.35009765625,2939.8798828125,5,0,0,2019-04-22,2019-04-26,0,True,True
2019-05-03,2940.580078125,2954.1298828125,2900.5,2945.639892578125,5,0,0,2019-04-29,2019-05-03,0,True,True
2019-05-10,2908.889892578125,2937.320068359375,2825.389892578125,2881.39990234375,5,0,0,2019-05-06,2019-05-10,0,True,True
2019-05-17,2840.18994140625,2892.14990234375,2801.429931640625,2859.530029296875,5,0,0,2019-05-13,2019-05-17,0,True,True
2019-05-24,2841.93994140625,2868.8798828125,2805.489990234375,2826.06005859375,5,0,0,2019-05-20,2019-05-24,0,True,True
2019-05-31,2830.030029296875,2840.510009765625,2750.52001953125,2752.06005859375,4,0,0,2019-05-28,2019-05-31,0,True,True
2019-06-07,2751.530029296875,2884.969970703125,2728.81005859375,2873.340087890625,5,0,0,2019-06-03,2019-06-07,0,True,True
2019-06-14,2885.830078125,2910.610107421875,2874.679931640625,2886.97998046875,5,0,0,2019-06-10,2019-06-14,0,True,True
2019-06-21,2889.75,2964.14990234375,2887.300048828125,2950.4599609375,5,0,0,2019-06-17,2019-06-21,0,True,True
2019-06-28,2951.419921875,2954.919921875,2912.989990234375,2941.760009765625,5,0,0,2019-06-24,2019-06-28,0,True,True
2019-07-05,2971.409912109375,2995.840087890625,2952.219970703125,2990.409912109375,4,0,0,2019-07-01,2019-07-05,0,True,True
2019-07-12,2979.77001953125,3013.919921875,2963.43994140625,3013.77001953125,5,0,0,2019-07-08,2019-07-12,0,True,True
2019-07-19,3017.800048828125,3017.800048828125,2973.090087890625,2976.610107421875,5,0,0,2019-07-15,2019-07-19,0,True,True
2019-07-26,2981.929931640625,3027.97998046875,2976.64990234375,3025.860107421875,5,0,0,2019-07-22,2019-07-26,0,True,True
2019-08-02,3024.469970703125,3025.610107421875,2914.110107421875,2932.050048828125,5,0,0,2019-07-29,2019-08-02,0,True,True
2019-08-09,2898.070068359375,2938.719970703125,2822.1201171875,2918.64990234375,5,0,0,2019-08-05,2019-08-09,0,True,True
2019-08-16,2907.070068359375,2943.31005859375,2825.510009765625,2888.679931640625,5,0,0,2019-08-12,2019-08-16,0,True,True
2019-08-23,2913.47998046875,2939.080078125,2834.969970703125,2847.110107421875,5,0,0,2019-08-19,2019-08-23,0,True,True
2019-08-30,2866.699951171875,2940.429931640625,2853.050048828125,2926.4599609375,5,0,0,2019-08-26,2019-08-30,0,True,True
2019-09-06,2909.010009765625,2985.860107421875,2891.85009765625,2978.7099609375,4,0,0,2019-09-03,2019-09-06,0,True,True
2019-09-13,2988.429931640625,3020.739990234375,2957.010009765625,3007.389892578125,5,0,0,2019-09-09,2019-09-13,0,True,True
2019-09-20,2996.409912109375,3021.989990234375,2978.570068359375,2992.070068359375,5,0,0,2019-09-16,2019-09-20,0,True,True
2019-09-27,2983.5,3007.97998046875,2945.530029296875,2961.7900390625,5,0,0,2019-09-23,2019-09-27,0,True,True
2019-10-04,2967.070068359375,2992.530029296875,2855.93994140625,2952.010009765625,5,0,0,2019-09-30,2019-10-04,0,True,True
2019-10-11,2944.22998046875,2993.280029296875,2892.659912109375,2970.27001953125,5,0,0,2019-10-07,2019-10-11,0,True,True
2019-10-18,2965.81005859375,3008.2900390625,2962.93994140625,2986.199951171875,5,0,0,2019-10-14,2019-10-18,0,True,True
2019-10-25,2996.47998046875,3027.389892578125,2991.2099609375,3022.550048828125,5,0,0,2019-10-21,2019-10-25,0,True,True
2019-11-01,3032.1201171875,3066.949951171875,3023.18994140625,3066.909912109375,5,0,0,2019-10-28,2019-11-01,0,True,True
2019-11-08,3078.9599609375,3097.77001953125,3065.889892578125,3093.080078125,5,0,0,2019-11-04,2019-11-08,0,True,True
2019-11-15,3080.330078125,3120.4599609375,3075.820068359375,3120.4599609375,5,0,0,2019-11-11,2019-11-15,0,True,True
2019-11-22,3117.909912109375,3127.639892578125,3091.409912109375,3110.2900390625,5,0,0,2019-11-18,2019-11-22,0,True,True
2019-11-29,3117.43994140625,3154.260009765625,3117.43994140625,3140.97998046875,4,0,0,2019-11-25,2019-11-29,0,True,True
2019-12-06,3143.85009765625,3150.60009765625,3070.330078125,3145.909912109375,5,0,0,2019-12-02,2019-12-06,0,True,True
2019-12-13,3141.860107421875,3182.679931640625,3126.090087890625,3168.800048828125,5,0,0,2019-12-09,2019-12-13,0,True,True
2019-12-20,3183.6298828125,3225.64990234375,3183.6298828125,3221.219970703125,5,0,0,2019-12-16,2019-12-20,0,True,True
2019-12-27,3226.050048828125,3247.929931640625,3220.510009765625,3240.02001953125,4,0,0,2019-12-23,2019-12-27,0,True,True
2020-01-03,3240.090087890625,3258.139892578125,3212.030029296875,3234.85009765625,4,0,0,2019-12-30,2020-01-03,0,True,True
2020-01-10,3217.550048828125,3282.989990234375,3214.639892578125,3265.35009765625,5,0,0,2020-01-06,2020-01-10,0,True,True
2020-01-17,3271.1298828125,3329.8798828125,3268.429931640625,3329.6201171875,5,0,0,2020-01-13,2020-01-17,0,True,True
2020-01-24,3321.030029296875,3337.77001953125,3281.530029296875,3295.469970703125,4,0,0,2020-01-21,2020-01-24,0,True,True
2020-01-31,3247.159912109375,3293.469970703125,3214.679931640625,3225.52001953125,5,0,0,2020-01-27,2020-01-31,0,True,True
2020-02-07,3235.659912109375,3347.9599609375,3235.659912109375,3327.7099609375,5,0,0,2020-02-03,2020-02-07,0,True,True
2020-02-14,3318.280029296875,3385.090087890625,3317.77001953125,3380.159912109375,5,0,0,2020-02-10,2020-02-14,0,True,True
2020-02-21,3369.0400390625,3393.52001953125,3328.449951171875,3337.75,4,0,0,2020-02-18,2020-02-21,0,True,True
2020-02-28,3257.610107421875,3259.81005859375,2855.840087890625,2954.219970703125,5,0,0,2020-02-24,2020-02-28,0,True,True
2020-03-06,2974.280029296875,3136.719970703125,2901.5400390625,2972.3701171875,5,0,0,2020-03-02,2020-03-06,0,True,True
2020-03-13,2863.889892578125,2882.590087890625,2478.860107421875,2711.02001953125,5,0,0,2020-03-09,2020-03-13,0,True,True
2020-03-20,2508.590087890625,2562.97998046875,2280.52001953125,2304.919921875,5,0,0,2020-03-16,2020-03-20,0,True,True
2020-03-27,2290.7099609375,2637.010009765625,2191.860107421875,2541.469970703125,5,0,0,2020-03-23,2020-03-27,0,True,True
2020-04-03,2558.97998046875,2641.389892578125,2447.489990234375,2488.64990234375,5,0,0,2020-03-30,2020-04-03,0,True,True
2020-04-10,2578.280029296875,2818.570068359375,2574.570068359375,2789.820068359375,4,0,0,2020-04-06,2020-04-09,0,True,True
2020-04-17,2782.4599609375,2879.219970703125,2721.169921875,2874.56005859375,5,0,0,2020-04-13,2020-04-17,0,True,True
2020-04-24,2845.6201171875,2868.97998046875,2727.10009765625,2836.739990234375,5,0,0,2020-04-20,2020-04-24,0,True,True
2020-05-01,2854.64990234375,2954.860107421875,2821.610107421875,2830.7099609375,5,0,0,2020-04-27,2020-05-01,0,True,True
2020-05-08,2815.010009765625,2932.159912109375,2797.85009765625,2929.800048828125,5,0,0,2020-05-04,2020-05-08,0,True,True
2020-05-15,2915.4599609375,2945.820068359375,2766.639892578125,2863.699951171875,5,0,0,2020-05-11,2020-05-15,0,True,True
2020-05-22,2913.860107421875,2980.2900390625,2913.860107421875,2955.449951171875,5,0,0,2020-05-18,2020-05-22,0,True,True
2020-05-29,3004.080078125,3068.669921875,2969.75,3044.31005859375,4,0,0,2020-05-26,2020-05-29,0,True,True
2020-06-05,3038.780029296875,3211.719970703125,3031.5400390625,3193.929931640625,5,0,0,2020-06-01,2020-06-05,0,True,True
2020-06-12,3199.919921875,3233.1298828125,2984.469970703125,3041.31005859375,5,0,0,2020-06-08,2020-06-12,0,True,True
2020-06-19,2993.760009765625,3155.530029296875,2965.659912109375,3097.739990234375,5,0,0,2020-06-15,2020-06-19,0,True,True
2020-06-26,3094.419921875,3154.89990234375,3004.6298828125,3009.050048828125,5,0,0,2020-06-22,2020-06-26,0,True,True
2020-07-03,3018.590087890625,3165.81005859375,2999.739990234375,3130.010009765625,4,0,0,2020-06-29,2020-07-02,0,True,True
2020-07-10,3155.2900390625,3186.820068359375,3115.699951171875,3185.0400390625,5,0,0,2020-07-06,2020-07-10,0,True,True
2020-07-17,3205.080078125,3238.280029296875,3127.659912109375,3224.72998046875,5,0,0,2020-07-13,2020-07-17,0,True,True
2020-07-24,3224.2900390625,3279.989990234375,3200.050048828125,3215.6298828125,5,0,0,2020-07-20,2020-07-24,0,True,True
2020-07-31,3219.840087890625,3272.169921875,3204.1298828125,3271.1201171875,5,0,0,2020-07-27,2020-07-31,0,True,True
2020-08-07,3288.260009765625,3352.5400390625,3284.530029296875,3351.280029296875,5,0,0,2020-08-03,2020-08-07,0,True,True
2020-08-14,3356.0400390625,3387.889892578125,3326.43994140625,3372.85009765625,5,0,0,2020-08-10,2020-08-14,0,True,True
2020-08-21,3380.860107421875,3399.9599609375,3354.68994140625,3397.159912109375,5,0,0,2020-08-17,2020-08-21,0,True,True
2020-08-28,3418.090087890625,3509.22998046875,3413.1298828125,3508.010009765625,5,0,0,2020-08-24,2020-08-28,0,True,True
2020-09-04,3509.72998046875,3588.110107421875,3349.6298828125,3426.9599609375,5,0,0,2020-08-31,2020-09-04,0,True,True
2020-09-11,3371.8798828125,3425.550048828125,3310.469970703125,3340.969970703125,4,0,0,2020-09-08,2020-09-11,0,True,True
2020-09-18,3363.56005859375,3428.919921875,3292.39990234375,3319.469970703125,5,0,0,2020-09-14,2020-09-18,0,True,True
2020-09-25,3285.570068359375,3323.35009765625,3209.449951171875,3298.4599609375,5,0,0,2020-09-21,2020-09-25,0,True,True
2020-10-02,3333.89990234375,3397.179931640625,3323.68994140625,3348.419921875,5,0,0,2020-09-28,2020-10-02,0,True,True
2020-10-09,3367.27001953125,3482.340087890625,3354.5400390625,3477.139892578125,5,0,0,2020-10-05,2020-10-09,0,True,True
2020-10-16,3500.02001953125,3549.85009765625,3440.889892578125,3483.81005859375,5,0,0,2020-10-12,2020-10-16,0,True,True
2020-10-23,3493.659912109375,3502.419921875,3415.340087890625,3465.389892578125,5,0,0,2020-10-19,2020-10-23,0,True,True
2020-10-30,3441.419921875,3441.419921875,3233.93994140625,3269.9599609375,5,0,0,2020-10-26,2020-10-30,0,True,True
2020-11-06,3296.199951171875,3529.050048828125,3279.739990234375,3509.43994140625,5,0,0,2020-11-02,2020-11-06,0,True,True
2020-11-13,3583.0400390625,3645.989990234375,3511.909912109375,3585.14990234375,5,0,0,2020-11-09,2020-11-13,0,True,True
2020-11-20,3600.159912109375,3628.510009765625,3543.840087890625,3557.5400390625,5,0,0,2020-11-16,2020-11-20,0,True,True
2020-11-27,3566.820068359375,3644.31005859375,3552.77001953125,3638.35009765625,4,0,0,2020-11-23,2020-11-27,0,True,True
2020-12-04,3634.179931640625,3699.199951171875,3594.389892578125,3699.1201171875,5,0,0,2020-11-30,2020-12-04,0,True,True
2020-12-11,3694.72998046875,3712.389892578125,3633.39990234375,3663.4599609375,5,0,0,2020-12-07,2020-12-11,0,True,True
2020-12-18,3675.27001953125,3726.699951171875,3645.840087890625,3709.409912109375,5,0,0,2020-12-14,2020-12-18,0,True,True
2020-12-25,3684.280029296875,3711.239990234375,3636.47998046875,3703.06005859375,4,0,0,2020-12-21,2020-12-24,0,True,True
2021-01-01,3723.030029296875,3760.199951171875,3723.030029296875,3756.070068359375,4,0,0,2020-12-28,2020-12-31,0,True,True
2021-01-08,3764.610107421875,3826.68994140625,3662.7099609375,3824.679931640625,5,0,0,2021-01-04,2021-01-08,0,True,True
2021-01-15,3803.139892578125,3823.60009765625,3749.6201171875,3768.25,5,0,0,2021-01-11,2021-01-15,0,True,True
2021-01-22,3781.8798828125,3861.449951171875,3780.3701171875,3841.469970703125,4,0,0,2021-01-19,2021-01-22,0,True,True
2021-01-29,3851.679931640625,3870.89990234375,3694.1201171875,3714.239990234375,5,0,0,2021-01-25,2021-01-29,0,True,True
2021-02-05,3731.169921875,3894.56005859375,3725.6201171875,3886.830078125,5,0,0,2021-02-01,2021-02-05,0,True,True
2021-02-12,3892.590087890625,3937.22998046875,3884.93994140625,3934.830078125,5,0,0,2021-02-08,2021-02-12,0,True,True
2021-02-19,3939.610107421875,3950.429931640625,3885.030029296875,3906.7099609375,4,0,0,2021-02-16,2021-02-19,0,True,True
2021-02-26,3885.550048828125,3928.64990234375,3789.5400390625,3811.14990234375,5,0,0,2021-02-22,2021-02-26,0,True,True
2021-03-05,3842.510009765625,3914.5,3723.340087890625,3841.93994140625,5,0,0,2021-03-01,2021-03-05,0,True,True
2021-03-12,3844.389892578125,3960.27001953125,3819.25,3943.340087890625,5,0,0,2021-03-08,2021-03-12,0,True,True
2021-03-19,3942.9599609375,3983.8701171875,3886.75,3913.10009765625,5,0,0,2021-03-15,2021-03-19,0,True,True
2021-03-26,3916.47998046875,3978.18994140625,3853.5,3974.5400390625,5,0,0,2021-03-22,2021-03-26,0,True,True
2021-04-02,3969.31005859375,4020.6298828125,3943.25,4019.8701171875,4,0,0,2021-03-29,2021-04-01,0,True,True
2021-04-09,4034.43994140625,4129.47998046875,4034.43994140625,4128.7998046875,5,0,0,2021-04-05,2021-04-09,0,True,True
2021-04-16,4124.7099609375,4191.31005859375,4114.81982421875,4185.47021484375,5,0,0,2021-04-12,2021-04-16,0,True,True
2021-04-23,4179.7998046875,4194.169921875,4118.3798828125,4180.169921875,5,0,0,2021-04-19,2021-04-23,0,True,True
2021-04-30,4185.02978515625,4218.77978515625,4174.85009765625,4181.169921875,5,0,0,2021-04-26,2021-04-30,0,True,True
2021-05-07,4191.97998046875,4238.0400390625,4128.58984375,4232.60009765625,5,0,0,2021-05-03,2021-05-07,0,True,True
2021-05-14,4228.2900390625,4236.39013671875,4056.8798828125,4173.85009765625,5,0,0,2021-05-10,2021-05-14,0,True,True
2021-05-21,4169.919921875,4188.72021484375,4061.409912109375,4155.85986328125,5,0,0,2021-05-17,2021-05-21,0,True,True
2021-05-28,4170.16015625,4218.35986328125,4170.16015625,4204.10986328125,5,0,0,2021-05-24,2021-05-28,0,True,True
2021-06-04,4216.52001953125,4234.1201171875,4167.93017578125,4229.89013671875,4,0,0,2021-06-01,2021-06-04,0,True,True
2021-06-11,4229.33984375,4249.740234375,4208.41015625,4247.43994140625,5,0,0,2021-06-07,2021-06-11,0,True,True
2021-06-18,4248.31005859375,4257.16015625,4164.39990234375,4166.4501953125,5,0,0,2021-06-14,2021-06-18,0,True,True
2021-06-25,4173.39990234375,4286.1201171875,4173.39990234375,4280.7001953125,5,0,0,2021-06-21,2021-06-25,0,True,True
2021-07-02,4284.89990234375,4355.43017578125,4274.669921875,4352.33984375,5,0,0,2021-06-28,2021-07-02,0,True,True
2021-07-09,4356.4599609375,4371.60009765625,4289.3701171875,4369.5498046875,4,0,0,2021-07-06,2021-07-09,0,True,True
2021-07-16,4372.41015625,4393.68017578125,4322.52978515625,4327.16015625,5,0,0,2021-07-12,2021-07-16,0,True,True
2021-07-23,4296.39990234375,4415.18017578125,4233.1298828125,4411.7900390625,5,0,0,2021-07-19,2021-07-23,0,True,True
2021-07-30,4409.580078125,4429.97021484375,4372.509765625,4395.259765625,5,0,0,2021-07-26,2021-07-30,0,True,True
2021-08-06,4406.85986328125,4440.81982421875,4373,4436.52001953125,5,0,0,2021-08-02,2021-08-06,0,True,True
2021-08-13,4437.77001953125,4468.3701171875,4424.740234375,4468,5,0,0,2021-08-09,2021-08-13,0,True,True
2021-08-20,4461.64990234375,4480.259765625,4367.72998046875,4441.669921875,5,0,0,2021-08-16,2021-08-20,0,True,True
2021-08-27,4450.2900390625,4513.330078125,4450.2900390625,4509.3701171875,5,0,0,2021-08-23,2021-08-27,0,True,True
2021-09-03,4513.759765625,4545.85009765625,4513.759765625,4535.43017578125,5,0,0,2021-08-30,2021-09-03,0,True,True
2021-09-10,4535.3798828125,4535.3798828125,4457.66015625,4458.580078125,4,0,0,2021-09-07,2021-09-10,0,True,True
2021-09-17,4474.81005859375,4492.990234375,4427.759765625,4432.990234375,5,0,0,2021-09-13,2021-09-17,0,True,True
2021-09-24,4402.9501953125,4465.39990234375,4305.91015625,4455.47998046875,5,0,0,2021-09-20,2021-09-24,0,True,True
2021-10-01,4442.1201171875,4457.2998046875,4288.52001953125,4357.0400390625,5,0,0,2021-09-27,2021-10-01,0,True,True
2021-10-08,4348.83984375,4429.97021484375,4278.93994140625,4391.33984375,5,0,0,2021-10-04,2021-10-08,0,True,True
2021-10-15,4385.43994140625,4475.81982421875,4329.919921875,4471.3701171875,5,0,0,2021-10-11,2021-10-15,0,True,True
2021-10-22,4463.72021484375,4559.669921875,4447.47021484375,4544.89990234375,5,0,0,2021-10-18,2021-10-22,0,True,True
2021-10-29,4553.68994140625,4608.080078125,4537.35986328125,4605.3798828125,5,0,0,2021-10-25,2021-10-29,0,True,True
2021-11-05,4610.6201171875,4718.5,4595.06005859375,4697.52978515625,5,0,0,2021-11-01,2021-11-05,0,True,True
2021-11-12,4701.47998046875,4714.919921875,4630.85986328125,4682.85009765625,5,0,0,2021-11-08,2021-11-12,0,True,True
2021-11-19,4689.2998046875,4717.75,4672.77978515625,4697.9599609375,5,0,0,2021-11-15,2021-11-19,0,True,True
2021-11-26,4712,4743.830078125,4585.43017578125,4594.6201171875,4,0,0,2021-11-22,2021-11-26,0,True,True
2021-12-03,4628.75,4672.9501953125,4495.1201171875,4538.43017578125,5,0,0,2021-11-29,2021-12-03,0,True,True
2021-12-10,4548.3701171875,4713.56982421875,4540.509765625,4712.02001953125,5,0,0,2021-12-06,2021-12-10,0,True,True
2021-12-17,4710.2998046875,4731.990234375,4600.22021484375,4620.64013671875,5,0,0,2021-12-13,2021-12-17,0,True,True
2021-12-24,4587.89990234375,4740.740234375,4531.10009765625,4725.7900390625,4,0,0,2021-12-20,2021-12-23,0,True,True
2021-12-31,4733.990234375,4808.93017578125,4733.990234375,4766.18017578125,5,0,0,2021-12-27,2021-12-31,0,True,True
2022-01-07,4778.14013671875,4818.6201171875,4662.740234375,4677.02978515625,5,0,0,2022-01-03,2022-01-07,0,True,True
2022-01-14,4655.33984375,4748.830078125,4582.240234375,4662.85009765625,5,0,0,2022-01-10,2022-01-14,0,True,True
2022-01-21,4632.240234375,4632.240234375,4395.33984375,4397.93994140625,4,0,0,2022-01-18,2022-01-21,0,True,True
2022-01-28,4356.31982421875,4453.22998046875,4222.6201171875,4431.85009765625,5,0,0,2022-01-24,2022-01-28,0,True,True
2022-02-04,4431.7900390625,4595.31005859375,4414.02001953125,4500.52978515625,5,0,0,2022-01-31,2022-02-04,0,True,True
2022-02-11,4505.75,4590.02978515625,4401.41015625,4418.64013671875,5,0,0,2022-02-07,2022-02-11,0,True,True
2022-02-18,4412.60986328125,4489.5498046875,4327.22021484375,4348.8701171875,5,0,0,2022-02-14,2022-02-18,0,True,True
2022-02-25,4332.740234375,4385.33984375,4114.64990234375,4384.64990234375,4,0,0,2022-02-22,2022-02-25,0,True,True
2022-03-04,4354.169921875,4416.77978515625,4279.5400390625,4328.8701171875,5,0,0,2022-02-28,2022-03-04,0,True,True
2022-03-11,4327.009765625,4327.009765625,4157.8701171875,4204.31005859375,5,0,0,2022-03-07,2022-03-11,0,True,True
2022-03-18,4202.75,4465.39990234375,4161.72021484375,4463.1201171875,5,0,0,2022-03-14,2022-03-18,0,True,True
2022-03-25,4462.39990234375,4546.02978515625,4424.2998046875,4543.06005859375,5,0,0,2022-03-21,2022-03-25,0,True,True
2022-04-01,4541.08984375,4637.2998046875,4507.56982421875,4545.85986328125,5,0,0,2022-03-28,2022-04-01,0,True,True
2022-04-08,4547.97021484375,4593.4501953125,4450.0400390625,4488.27978515625,5,0,0,2022-04-04,2022-04-08,0,True,True
2022-04-15,4462.64013671875,4471,4381.33984375,4392.58984375,4,0,0,2022-04-11,2022-04-14,0,True,True
2022-04-22,4385.6298828125,4512.93994140625,4267.6201171875,4271.77978515625,5,0,0,2022-04-18,2022-04-22,0,True,True
2022-04-29,4255.33984375,4308.4501953125,4124.27978515625,4131.93017578125,5,0,0,2022-04-25,2022-04-29,0,True,True
2022-05-06,4130.60986328125,4307.66015625,4062.510009765625,4123.33984375,5,0,0,2022-05-02,2022-05-06,0,True,True
2022-05-13,4081.27001953125,4081.27001953125,3858.8701171875,4023.889892578125,5,0,0,2022-05-09,2022-05-13,0,True,True
2022-05-20,4013.02001953125,4090.719970703125,3810.320068359375,3901.360107421875,5,0,0,2022-05-16,2022-05-20,0,True,True
2022-05-27,3919.419921875,4158.490234375,3875.1298828125,4158.240234375,5,0,0,2022-05-23,2022-05-27,0,True,True
2022-06-03,4151.08984375,4177.509765625,4073.85009765625,4108.5400390625,4,0,0,2022-05-31,2022-06-03,0,True,True
2022-06-10,4134.72021484375,4168.77978515625,3900.159912109375,3900.860107421875,5,0,0,2022-06-06,2022-06-10,0,True,True
2022-06-17,3838.14990234375,3838.14990234375,3636.8701171875,3674.840087890625,5,0,0,2022-06-13,2022-06-17,0,True,True
2022-06-24,3715.31005859375,3913.64990234375,3715.31005859375,3911.739990234375,4,0,0,2022-06-21,2022-06-24,0,True,True
2022-07-01,3920.760009765625,3945.860107421875,3738.669921875,3825.330078125,5,0,0,2022-06-27,2022-07-01,0,True,True
2022-07-08,3792.610107421875,3918.5,3742.06005859375,3899.3798828125,4,0,0,2022-07-05,2022-07-08,0,True,True
2022-07-15,3880.93994140625,3880.93994140625,3721.56005859375,3863.159912109375,5,0,0,2022-07-11,2022-07-15,0,True,True
2022-07-22,3883.7900390625,4012.43994140625,3818.6298828125,3961.6298828125,5,0,0,2022-07-18,2022-07-22,0,True,True
2022-07-29,3965.719970703125,4140.14990234375,3910.739990234375,4130.2900390625,5,0,0,2022-07-25,2022-07-29,0,True,True
2022-08-05,4112.3798828125,4167.66015625,4079.81005859375,4145.18994140625,5,0,0,2022-08-01,2022-08-05,0,True,True
2022-08-12,4155.93017578125,4280.47021484375,4112.08984375,4280.14990234375,5,0,0,2022-08-08,2022-08-12,0,True,True
2022-08-19,4269.3701171875,4325.27978515625,4218.7001953125,4228.47998046875,5,0,0,2022-08-15,2022-08-19,0,True,True
2022-08-26,4195.080078125,4203.0400390625,4057.659912109375,4057.659912109375,5,0,0,2022-08-22,2022-08-26,0,True,True
2022-09-02,4034.580078125,4062.989990234375,3903.64990234375,3924.260009765625,5,0,0,2022-08-29,2022-09-02,0,True,True
2022-09-09,3930.889892578125,4076.81005859375,3886.75,4067.360107421875,4,0,0,2022-09-06,2022-09-09,0,True,True
2022-09-16,4083.669921875,4119.27978515625,3837.080078125,3873.330078125,5,0,0,2022-09-12,2022-09-16,0,True,True
2022-09-23,3849.909912109375,3907.070068359375,3647.469970703125,3693.22998046875,5,0,0,2022-09-19,2022-09-23,0,True,True
2022-09-30,3682.719970703125,3736.739990234375,3584.1298828125,3585.6201171875,5,0,0,2022-09-26,2022-09-30,0,True,True
2022-10-07,3609.780029296875,3806.909912109375,3604.929931640625,3639.659912109375,5,0,0,2022-10-03,2022-10-07,0,True,True
2022-10-14,3647.510009765625,3712,3491.580078125,3583.070068359375,5,0,0,2022-10-10,2022-10-14,0,True,True
2022-10-21,3638.64990234375,3762.7900390625,3638.64990234375,3752.75,5,0,0,2022-10-17,2022-10-21,0,True,True
2022-10-28,3762.010009765625,3905.419921875,3741.64990234375,3901.06005859375,5,0,0,2022-10-24,2022-10-28,0,True,True
2022-11-04,3881.85009765625,3911.7900390625,3698.14990234375,3770.550048828125,5,0,0,2022-10-31,2022-11-04,0,True,True
2022-11-11,3780.7099609375,4001.47998046875,3744.219970703125,3992.929931640625,5,0,0,2022-11-07,2022-11-11,0,True,True
2022-11-18,3977.969970703125,4028.840087890625,3906.5400390625,3965.340087890625,5,0,0,2022-11-14,2022-11-18,0,True,True
2022-11-25,3956.22998046875,4034.02001953125,3933.340087890625,4026.1201171875,4,0,0,2022-11-21,2022-11-25,0,True,True
2022-12-02,4005.360107421875,4100.509765625,3937.64990234375,4071.699951171875,5,0,0,2022-11-28,2022-12-02,0,True,True
2022-12-09,4052.02001953125,4052.449951171875,3918.389892578125,3934.3798828125,5,0,0,2022-12-05,2022-12-09,0,True,True
2022-12-16,3939.2900390625,4100.9599609375,3827.909912109375,3852.360107421875,5,0,0,2022-12-12,2022-12-16,0,True,True
2022-12-23,3853.7900390625,3889.820068359375,3764.489990234375,3844.820068359375,5,0,0,2022-12-19,2022-12-23,0,True,True
2022-12-30,3843.340087890625,3858.18994140625,3780.780029296875,3839.5,4,0,0,2022-12-27,2022-12-30,0,True,True
2023-01-06,3853.2900390625,3906.18994140625,3794.330078125,3895.080078125,4,0,0,2023-01-03,2023-01-06,0,True,True
2023-01-13,3910.820068359375,4003.949951171875,3877.2900390625,3999.090087890625,5,0,0,2023-01-09,2023-01-13,0,True,True
2023-01-20,3999.280029296875,4015.389892578125,3885.5400390625,3972.610107421875,4,0,0,2023-01-17,2023-01-20,0,True,True
2023-01-27,3978.139892578125,4094.2099609375,3949.06005859375,4070.56005859375,5,0,0,2023-01-23,2023-01-27,0,True,True
2023-02-03,4049.27001953125,4195.43994140625,4015.550048828125,4136.47998046875,5,0,0,2023-01-30,2023-02-03,0,True,True
2023-02-10,4119.56982421875,4176.5400390625,4060.7900390625,4090.4599609375,5,0,0,2023-02-06,2023-02-10,0,True,True
2023-02-17,4096.6201171875,4159.77001953125,4047.949951171875,4079.090087890625,5,0,0,2023-02-13,2023-02-17,0,True,True
2023-02-24,4052.35009765625,4052.35009765625,3943.080078125,3970.0400390625,4,0,0,2023-02-21,2023-02-24,0,True,True
2023-03-03,3992.360107421875,4048.2900390625,3928.159912109375,4045.639892578125,5,0,0,2023-02-27,2023-03-03,0,True,True
2023-03-10,4055.14990234375,4078.489990234375,3846.320068359375,3861.590087890625,5,0,0,2023-03-06,2023-03-10,0,True,True
2023-03-17,3835.1201171875,3964.4599609375,3808.860107421875,3916.639892578125,5,0,0,2023-03-13,2023-03-17,0,True,True
2023-03-24,3917.469970703125,4039.489990234375,3909.159912109375,3970.989990234375,5,0,0,2023-03-20,2023-03-24,0,True,True
2023-03-31,3982.929931640625,4110.75,3951.530029296875,4109.31005859375,5,0,0,2023-03-27,2023-03-31,0,True,True
2023-04-07,4102.2001953125,4133.1298828125,4069.840087890625,4105.02001953125,4,0,0,2023-04-03,2023-04-06,0,True,True
2023-04-14,4085.199951171875,4163.18994140625,4072.550048828125,4137.64013671875,5,0,0,2023-04-10,2023-04-14,0,True,True
2023-04-21,4137.169921875,4169.47998046875,4113.85986328125,4133.52001953125,5,0,0,2023-04-17,2023-04-21,0,True,True
2023-04-28,4132.06982421875,4170.06005859375,4049.35009765625,4169.47998046875,5,0,0,2023-04-24,2023-04-28,0,True,True
2023-05-05,4166.7900390625,4186.919921875,4048.280029296875,4136.25,5,0,0,2023-05-01,2023-05-05,0,True,True
2023-05-12,4136.97998046875,4154.27978515625,4098.919921875,4124.080078125,5,0,0,2023-05-08,2023-05-12,0,True,True
2023-05-19,4126.64990234375,4212.91015625,4109.85986328125,4191.97998046875,5,0,0,2023-05-15,2023-05-19,0,True,True
2023-05-26,4190.77978515625,4212.8701171875,4103.97998046875,4205.4501953125,5,0,0,2023-05-22,2023-05-26,0,True,True
2023-06-02,4226.7099609375,4290.669921875,4166.14990234375,4282.3701171875,4,0,0,2023-05-30,2023-06-02,0,True,True
2023-06-09,4282.990234375,4322.6201171875,4261.06982421875,4298.85986328125,5,0,0,2023-06-05,2023-06-09,0,True,True
2023-06-16,4308.31982421875,4448.47021484375,4304.3701171875,4409.58984375,5,0,0,2023-06-12,2023-06-16,0,True,True
2023-06-23,4396.10986328125,4400.14990234375,4341.33984375,4348.330078125,4,0,0,2023-06-20,2023-06-23,0,True,True
2023-06-30,4344.83984375,4458.47998046875,4328.080078125,4450.3798828125,5,0,0,2023-06-26,2023-06-30,0,True,True
2023-07-07,4450.47998046875,4456.4599609375,4385.0498046875,4398.9501953125,4,0,0,2023-07-03,2023-07-07,0,True,True
2023-07-14,4394.22998046875,4527.759765625,4389.919921875,4505.419921875,5,0,0,2023-07-10,2023-07-14,0,True,True
2023-07-21,4508.85986328125,4578.43017578125,4504.89990234375,4536.33984375,5,0,0,2023-07-17,2023-07-21,0,True,True
2023-07-28,4543.39013671875,4607.06982421875,4528.56005859375,4582.22998046875,5,0,0,2023-07-24,2023-07-28,0,True,True
2023-08-04,4584.81982421875,4594.22021484375,4474.5498046875,4478.02978515625,5,0,0,2023-07-31,2023-08-04,0,True,True
2023-08-11,4491.580078125,4527.3701171875,4443.97998046875,4464.0498046875,5,0,0,2023-08-07,2023-08-11,0,True,True
2023-08-18,4458.1298828125,4490.330078125,4335.31005859375,4369.7099609375,5,0,0,2023-08-14,2023-08-18,0,True,True
2023-08-25,4380.27978515625,4458.2998046875,4356.2900390625,4405.7099609375,5,0,0,2023-08-21,2023-08-25,0,True,True
2023-09-01,4426.02978515625,4541.25,4414.97998046875,4515.77001953125,5,0,0,2023-08-28,2023-09-01,0,True,True
2023-09-08,4510.06005859375,4514.2900390625,4430.4599609375,4457.490234375,4,0,0,2023-09-05,2023-09-08,0,True,True
2023-09-15,4480.97998046875,4511.990234375,4447.2099609375,4450.31982421875,5,0,0,2023-09-11,2023-09-15,0,True,True
2023-09-22,4445.1298828125,4466.35986328125,4316.490234375,4320.06005859375,5,0,0,2023-09-18,2023-09-22,0,True,True
2023-09-29,4310.6201171875,4338.509765625,4238.6298828125,4288.0498046875,5,0,0,2023-09-25,2023-09-29,0,True,True
2023-10-06,4284.52001953125,4324.10009765625,4216.4501953125,4308.5,5,0,0,2023-10-02,2023-10-06,0,True,True
2023-10-13,4289.02001953125,4385.85009765625,4283.7900390625,4327.77978515625,5,0,0,2023-10-09,2023-10-13,0,True,True
2023-10-20,4342.3701171875,4393.56982421875,4223.02978515625,4224.16015625,5,0,0,2023-10-16,2023-10-20,0,True,True
2023-10-27,4210.39990234375,4259.3798828125,4103.77978515625,4117.3701171875,5,0,0,2023-10-23,2023-10-27,0,True,True
2023-11-03,4139.39013671875,4373.6201171875,4132.93994140625,4358.33984375,5,0,0,2023-10-30,2023-11-03,0,True,True
2023-11-10,4364.27001953125,4418.02978515625,4343.93994140625,4415.240234375,5,0,0,2023-11-06,2023-11-10,0,True,True
2023-11-17,4406.66015625,4521.169921875,4393.81982421875,4514.02001953125,5,0,0,2023-11-13,2023-11-17,0,True,True
2023-11-24,4511.7001953125,4568.43017578125,4510.35986328125,4559.33984375,4,0,0,2023-11-20,2023-11-24,0,True,True
2023-12-01,4554.85986328125,4599.39013671875,4537.240234375,4594.6298828125,5,0,0,2023-11-27,2023-12-01,0,True,True
2023-12-08,4564.3701171875,4609.22998046875,4546.5,4604.3701171875,5,0,0,2023-12-04,2023-12-08,0,True,True
2023-12-15,4593.39013671875,4738.56982421875,4593.39013671875,4719.18994140625,5,0,0,2023-12-11,2023-12-15,0,True,True
2023-12-22,4725.580078125,4778.009765625,4697.81982421875,4754.6298828125,5,0,0,2023-12-18,2023-12-22,0,True,True
2023-12-29,4758.85986328125,4793.2998046875,4751.990234375,4769.830078125,4,0,0,2023-12-26,2023-12-29,0,True,True
2024-01-05,4745.2001953125,4754.330078125,4682.10986328125,4697.240234375,4,0,0,2024-01-02,2024-01-05,0,True,True
2024-01-12,4703.7001953125,4802.39990234375,4699.81982421875,4783.830078125,5,0,0,2024-01-08,2024-01-12,0,True,True
2024-01-19,4772.35009765625,4842.06982421875,4714.81982421875,4839.81005859375,4,0,0,2024-01-16,2024-01-19,0,True,True
2024-01-26,4853.419921875,4906.68994140625,4844.0498046875,4890.97021484375,5,0,0,2024-01-22,2024-01-26,0,True,True
2024-02-02,4892.9501953125,4975.2900390625,4845.14990234375,4958.60986328125,5,0,0,2024-01-29,2024-02-02,0,True,True
2024-02-09,4957.18994140625,5030.06005859375,4918.08984375,5026.60986328125,5,0,0,2024-02-05,2024-02-09,0,True,True
2024-02-16,5026.830078125,5048.39013671875,4920.31005859375,5005.56982421875,5,0,0,2024-02-12,2024-02-16,0,True,True
2024-02-23,4989.31982421875,5111.06005859375,4946,5088.7998046875,4,0,0,2024-02-20,2024-02-23,0,True,True
2024-03-01,5093,5140.330078125,5057.2900390625,5137.080078125,5,0,0,2024-02-26,2024-03-01,0,True,True
2024-03-08,5130.990234375,5189.259765625,5056.81982421875,5123.68994140625,5,0,0,2024-03-04,2024-03-08,0,True,True
2024-03-15,5111.9599609375,5179.8701171875,5091.14013671875,5117.08984375,5,0,0,2024-03-11,2024-03-15,0,True,True
2024-03-22,5154.77001953125,5261.10009765625,5131.58984375,5234.18017578125,5,0,0,2024-03-18,2024-03-22,0,True,True
2024-03-29,5219.52001953125,5264.85009765625,5203.419921875,5254.35009765625,4,0,0,2024-03-25,2024-03-28,0,True,True
2024-04-05,5257.97021484375,5263.9501953125,5146.06005859375,5204.33984375,5,0,0,2024-04-01,2024-04-05,0,True,True
2024-04-12,5211.3701171875,5224.81005859375,5107.93994140625,5123.41015625,5,0,0,2024-04-08,2024-04-12,0,True,True
2024-04-19,5149.669921875,5168.43017578125,4953.56005859375,4967.22998046875,5,0,0,2024-04-15,2024-04-19,0,True,True
2024-04-26,4987.330078125,5114.6201171875,4969.39990234375,5099.9599609375,5,0,0,2024-04-22,2024-04-26,0,True,True
2024-05-03,5114.1298828125,5139.1201171875,5011.0498046875,5127.7900390625,5,0,0,2024-04-29,2024-05-03,0,True,True
2024-05-10,5142.419921875,5239.66015625,5142.419921875,5222.68017578125,5,0,0,2024-05-06,2024-05-10,0,True,True
2024-05-17,5233.080078125,5325.490234375,5211.16015625,5303.27001953125,5,0,0,2024-05-13,2024-05-17,0,True,True
2024-05-24,5305.35009765625,5341.8798828125,5256.93017578125,5304.72021484375,5,0,0,2024-05-20,2024-05-24,0,True,True
2024-05-31,5315.91015625,5315.91015625,5191.68017578125,5277.509765625,4,0,0,2024-05-28,2024-05-31,0,True,True
2024-06-07,5297.14990234375,5375.080078125,5234.31982421875,5346.990234375,5,0,0,2024-06-03,2024-06-07,0,True,True
2024-06-14,5341.22021484375,5447.25,5327.25,5431.60009765625,5,0,0,2024-06-10,2024-06-14,0,True,True
2024-06-21,5431.10986328125,5505.52978515625,5420.39990234375,5464.6201171875,4,0,0,2024-06-17,2024-06-21,0,True,True
2024-06-28,5459.580078125,5523.64013671875,5446.56005859375,5460.47998046875,5,0,0,2024-06-24,2024-06-28,0,True,True
2024-07-05,5471.080078125,5570.330078125,5446.52978515625,5567.18994140625,4,0,0,2024-07-01,2024-07-05,0,True,True
2024-07-12,5572.75,5655.56005859375,5562.509765625,5615.35009765625,5,0,0,2024-07-08,2024-07-12,0,True,True
2024-07-19,5638.16015625,5669.669921875,5497.0400390625,5505,5,0,0,2024-07-15,2024-07-19,0,True,True
2024-07-26,5544.5400390625,5585.33984375,5390.9501953125,5459.10009765625,5,0,0,2024-07-22,2024-07-26,0,True,True
2024-08-02,5476.5498046875,5566.16015625,5302.02978515625,5346.56005859375,5,0,0,2024-07-29,2024-08-02,0,True,True
2024-08-09,5151.14013671875,5358.669921875,5119.259765625,5344.16015625,5,0,0,2024-08-05,2024-08-09,0,True,True
2024-08-16,5351.8798828125,5561.97998046875,5324.3701171875,5554.25,5,0,0,2024-08-12,2024-08-16,0,True,True
2024-08-23,5557.22998046875,5643.22021484375,5550.740234375,5634.60986328125,5,0,0,2024-08-19,2024-08-23,0,True,True
2024-08-30,5639.66015625,5651.6201171875,5560.9501953125,5648.39990234375,5,0,0,2024-08-26,2024-08-30,0,True,True
2024-09-06,5623.89013671875,5623.89013671875,5402.6201171875,5408.419921875,4,0,0,2024-09-03,2024-09-06,0,True,True
2024-09-13,5442.06982421875,5636.27001953125,5406.9599609375,5626.02001953125,5,0,0,2024-09-09,2024-09-13,0,True,True
2024-09-20,5615.2099609375,5733.56982421875,5604.52978515625,5702.5498046875,5,0,0,2024-09-16,2024-09-20,0,True,True
2024-09-27,5711.89990234375,5767.3701171875,5698.990234375,5738.169921875,5,0,0,2024-09-23,2024-09-27,0,True,True
2024-10-04,5726.52001953125,5765.14013671875,5674,5751.06982421875,5,0,0,2024-09-30,2024-10-04,0,True,True
2024-10-11,5737.7998046875,5822.1298828125,5686.85009765625,5815.02978515625,5,0,0,2024-10-07,2024-10-11,0,True,True
2024-10-18,5829.81005859375,5878.4599609375,5804.47998046875,5864.669921875,5,0,0,2024-10-14,2024-10-18,0,True,True
2024-10-25,5857.81982421875,5866.919921875,5762.41015625,5808.1201171875,5,0,0,2024-10-21,2024-10-25,0,True,True
2024-11-01,5833.93017578125,5850.93994140625,5702.85986328125,5728.7998046875,5,0,0,2024-10-28,2024-11-01,0,True,True
2024-11-08,5725.14990234375,6012.4501953125,5696.509765625,5995.5400390625,5,0,0,2024-11-04,2024-11-08,0,True,True
2024-11-15,6008.85986328125,6017.31005859375,5853.009765625,5870.6201171875,5,0,0,2024-11-11,2024-11-15,0,True,True
2024-11-22,5874.169921875,5972.89990234375,5855.2900390625,5969.33984375,5,0,0,2024-11-18,2024-11-22,0,True,True
2024-11-29,5992.27978515625,6044.169921875,5963.91015625,6032.3798828125,4,0,0,2024-11-25,2024-11-29,0,True,True
2024-12-06,6040.10986328125,6099.97021484375,6033.39013671875,6090.27001953125,5,0,0,2024-12-02,2024-12-06,0,True,True
2024-12-13,6083.009765625,6092.58984375,6029.89013671875,6051.08984375,5,0,0,2024-12-09,2024-12-13,0,True,True
2024-12-20,6063.7900390625,6085.18994140625,5832.2998046875,5930.85009765625,5,0,0,2024-12-16,2024-12-20,0,True,True
2024-12-27,5940.25,6049.75,5902.56982421875,5970.83984375,4,0,0,2024-12-23,2024-12-27,0,True,True
2025-01-03,5920.669921875,5949.33984375,5829.52978515625,5942.47021484375,4,0,0,2024-12-30,2025-01-03,0,True,True
2025-01-10,5982.81005859375,6021.0400390625,5807.77978515625,5827.0400390625,4,0,0,2025-01-06,2025-01-10,0,True,True
2025-01-17,5782.02001953125,6014.9599609375,5773.31005859375,5996.66015625,5,0,0,2025-01-13,2025-01-17,0,True,True
2025-01-24,6014.1201171875,6128.18017578125,6006.8798828125,6101.240234375,4,0,0,2025-01-21,2025-01-24,0,True,True
2025-01-31,5969.0400390625,6120.91015625,5962.919921875,6040.52978515625,5,0,0,2025-01-27,2025-01-31,0,True,True
2025-02-07,5969.64990234375,6101.27978515625,5923.93017578125,6025.990234375,5,0,0,2025-02-03,2025-02-07,0,True,True
2025-02-14,6046.39990234375,6127.47021484375,6003,6114.6298828125,5,0,0,2025-02-10,2025-02-14,0,True,True
2025-02-21,6121.60009765625,6147.43017578125,6008.56005859375,6013.1298828125,4,0,0,2025-02-18,2025-02-21,0,True,True
2025-02-28,6026.68994140625,6043.64990234375,5837.66015625,5954.5,5,0,0,2025-02-24,2025-02-28,0,True,True
2025-03-07,5968.330078125,5986.08984375,5666.2900390625,5770.2001953125,5,0,0,2025-03-03,2025-03-07,0,True,True
2025-03-14,5705.3701171875,5705.3701171875,5504.64990234375,5638.93994140625,5,0,0,2025-03-10,2025-03-14,0,True,True
2025-03-21,5635.60009765625,5715.330078125,5597.759765625,5667.56005859375,5,0,0,2025-03-17,2025-03-21,0,True,True
2025-03-28,5718.080078125,5786.9501953125,5572.419921875,5580.93994140625,5,0,0,2025-03-24,2025-03-28,0,True,True
2025-04-04,5527.91015625,5695.31005859375,5069.89990234375,5074.080078125,5,0,0,2025-03-31,2025-04-04,0,True,True
2025-04-11,4953.7900390625,5481.33984375,4835.0400390625,5363.35986328125,5,0,0,2025-04-07,2025-04-11,0,True,True
2025-04-18,5441.9599609375,5459.4599609375,5220.7900390625,5282.7001953125,4,0,0,2025-04-14,2025-04-17,0,True,True
2025-04-25,5232.93994140625,5528.10986328125,5101.6298828125,5525.2099609375,5,0,0,2025-04-21,2025-04-25,0,True,True
2025-05-02,5529.22021484375,5700.7001953125,5433.240234375,5686.669921875,5,0,0,2025-04-28,2025-05-02,0,True,True
2025-05-09,5655.31982421875,5720.10009765625,5578.64013671875,5659.91015625,5,0,0,2025-05-05,2025-05-09,0,True,True
2025-05-16,5807.2001953125,5958.6201171875,5786.080078125,5958.3798828125,5,0,0,2025-05-12,2025-05-16,0,True,True
2025-05-23,5902.8798828125,5968.60986328125,5767.41015625,5802.81982421875,5,0,0,2025-05-19,2025-05-23,0,True,True
2025-05-30,5854.06982421875,5943.1298828125,5843.66015625,5911.68994140625,4,0,0,2025-05-27,2025-05-30,0,True,True
2025-06-06,5896.68017578125,6016.8701171875,5861.43017578125,6000.35986328125,5,0,0,2025-06-02,2025-06-06,0,True,True
2025-06-13,6004.6298828125,6059.39990234375,5963.2099609375,5976.97021484375,5,0,0,2025-06-09,2025-06-13,0,True,True
2025-06-20,6004,6050.830078125,5952.56005859375,5967.83984375,4,0,0,2025-06-16,2025-06-20,0,True,True
2025-06-27,5969.669921875,6187.68017578125,5943.22998046875,6173.06982421875,5,0,0,2025-06-23,2025-06-27,0,True,True
2025-07-04,6193.35986328125,6284.64990234375,6174.97021484375,6279.35009765625,4,0,0,2025-06-30,2025-07-03,0,True,True
2025-07-11,6259.0400390625,6290.22021484375,6201,6259.75,5,0,0,2025-07-07,2025-07-11,0,True,True
2025-07-18,6255.14990234375,6315.60986328125,6201.58984375,6296.7900390625,5,0,0,2025-07-14,2025-07-18,0,True,True
2025-07-25,6304.740234375,6395.81982421875,6281.7099609375,6388.64013671875,5,0,0,2025-07-21,2025-07-25,0,True,True
2025-08-01,6397.68994140625,6427.02001953125,6212.68994140625,6238.009765625,5,0,0,2025-07-28,2025-08-01,0,True,True
2025-08-08,6271.7099609375,6395.16015625,6271.7099609375,6389.4501953125,5,0,0,2025-08-04,2025-08-08,0,True,True
2025-08-15,6389.669921875,6481.33984375,6364.06005859375,6449.7998046875,5,0,0,2025-08-11,2025-08-15,0,True,True
2025-08-22,6445.02001953125,6478.89013671875,6343.85986328125,6466.91015625,5,0,0,2025-08-18,2025-08-22,0,True,True
2025-08-29,6457.669921875,6508.22998046875,6429.2099609375,6460.259765625,5,0,0,2025-08-25,2025-08-29,0,True,True
2025-09-05,6401.509765625,6532.64990234375,6360.580078125,6481.5,4,0,0,2025-09-02,2025-09-05,0,True,True
2025-09-12,6498.08984375,6600.2099609375,6483.080078125,6584.2900390625,5,0,0,2025-09-08,2025-09-12,0,True,True
2025-09-19,6603.490234375,6671.81982421875,6551.14990234375,6664.35986328125,5,0,0,2025-09-15,2025-09-19,0,True,True
2025-09-26,6654.27978515625,6699.52001953125,6569.22021484375,6643.7001953125,5,0,0,2025-09-22,2025-09-26,0,True,True
2025-10-03,6661.580078125,6750.8701171875,6641,6715.7900390625,5,0,0,2025-09-29,2025-10-03,0,True,True
2025-10-10,6733.85986328125,6764.580078125,6550.77978515625,6552.509765625,5,0,0,2025-10-06,2025-10-10,0,True,True
2025-10-17,6622.52978515625,6724.1201171875,6555.06982421875,6664.009765625,5,0,0,2025-10-13,2025-10-17,0,True,True
2025-10-24,6690.0498046875,6807.10986328125,6655.68994140625,6791.68994140625,5,0,0,2025-10-20,2025-10-24,0,True,True
2025-10-31,6845.4599609375,6920.33984375,6814.259765625,6840.2001953125,5,0,0,2025-10-27,2025-10-31,0,True,True
2025-11-07,6882.31982421875,6882.31982421875,6631.43994140625,6728.7998046875,5,0,0,2025-11-03,2025-11-07,0,True,True
2025-11-14,6785.35986328125,6869.91015625,6646.8701171875,6734.10986328125,5,0,0,2025-11-10,2025-11-14,0,True,True
2025-11-21,6713.60986328125,6770.35009765625,6521.919921875,6602.990234375,5,0,0,2025-11-17,2025-11-21,0,True,True
2025-11-28,6636.5400390625,6850.85986328125,6630.7001953125,6849.08984375,4,0,0,2025-11-24,2025-11-28,0,True,True
2025-12-05,6812.2998046875,6895.77978515625,6799.93994140625,6870.39990234375,5,0,0,2025-12-01,2025-12-05,0,True,True
2025-12-12,6875.2001953125,6903.4599609375,6801.7900390625,6827.41015625,5,0,0,2025-12-08,2025-12-12,0,True,True
2025-12-19,6860.18994140625,6861.58984375,6720.43017578125,6834.5,5,0,0,2025-12-15,2025-12-19,0,True,True
2025-12-26,6865.2099609375,6945.77001953125,6855.740234375,6929.93994140625,4,0,0,2025-12-22,2025-12-26,0,True,True
2026-01-02,6903.60009765625,6920.2099609375,6824.31005859375,6858.47021484375,4,0,0,2025-12-29,2026-01-02,0,True,True
2026-01-09,6892.18994140625,6978.35986328125,6891.56005859375,6966.27978515625,5,0,0,2026-01-05,2026-01-09,0,True,True
2026-01-16,6944.1201171875,6986.330078125,6885.740234375,6940.009765625,5,0,0,2026-01-12,2026-01-16,0,True,True
2026-01-23,6865.240234375,6934.75,6789.0498046875,6915.60986328125,4,0,0,2026-01-20,2026-01-23,0,True,True
2026-01-30,6923.22998046875,7002.27978515625,6870.7998046875,6939.02978515625,5,0,0,2026-01-26,2026-01-30,0,True,True
2026-02-06,6916.64013671875,6993.080078125,6780.1298828125,6932.2998046875,5,0,0,2026-02-02,2026-02-06,0,True,True
2026-02-13,6917.259765625,6993.47998046875,6794.5498046875,6836.169921875,5,0,0,2026-02-09,2026-02-13,0,True,True
2026-02-20,6819.85986328125,6915.85986328125,6775.5,6909.509765625,4,0,0,2026-02-17,2026-02-20,0,True,True
2026-02-27,6901.25,6952.509765625,6815.43017578125,6878.8798828125,5,0,0,2026-02-23,2026-02-27,0,True,True
2026-03-06,6824.35986328125,6901.009765625,6710.419921875,6740.02001953125,5,0,0,2026-03-02,2026-03-06,0,True,True
2026-03-13,6699.7998046875,6845.080078125,6623.919921875,6632.18994140625,5,0,0,2026-03-09,2026-03-13,0,True,True
2026-03-20,6674.3701171875,6754.2998046875,6473.52001953125,6506.47998046875,5,0,0,2026-03-16,2026-03-20,0,True,True
2026-03-27,6574.9599609375,6651.6201171875,6356.080078125,6368.85009765625,5,0,0,2026-03-23,2026-03-27,0,True,True
2026-04-03,6403.3701171875,6609.669921875,6316.91015625,6582.68994140625,4,0,0,2026-03-30,2026-04-02,0,True,True
2026-04-10,6587.66015625,6845.77001953125,6534.5498046875,6816.89013671875,5,0,0,2026-04-06,2026-04-10,0,True,True
2026-04-17,6806.47021484375,7147.52001953125,6790.02001953125,7126.06005859375,5,0,0,2026-04-13,2026-04-17,0,True,True
2026-04-24,7117.0498046875,7168.58984375,7046.5498046875,7165.080078125,5,0,0,2026-04-20,2026-04-24,0,True,True
2026-05-01,7152.72021484375,7272.52001953125,7107.85986328125,7230.1201171875,5,0,0,2026-04-27,2026-05-01,0,True,True
2026-05-08,7228.3798828125,7401.5,7174.1201171875,7398.93017578125,5,0,0,2026-05-04,2026-05-08,0,True,True
2026-05-15,7385.31005859375,7517.1201171875,7338.5400390625,7408.5,5,0,0,2026-05-11,2026-05-15,0,True,True
2026-05-22,7415.06982421875,7506.31982421875,7333.68017578125,7473.47021484375,5,0,0,2026-05-18,2026-05-22,0,True,True
2026-05-29,7511.7900390625,7599.3798828125,7499.72021484375,7580.06005859375,4,0,0,2026-05-26,2026-05-29,0,True,True
2026-06-05,7582.2900390625,7620.89990234375,7368.6298828125,7383.740234375,5,0,0,2026-06-01,2026-06-05,0,True,True
2026-06-12,7440.56982421875,7483.14990234375,7237.85009765625,7431.4599609375,5,0,0,2026-06-08,2026-06-12,0,True,True
2026-06-19,7516.75,7577.919921875,7402.60986328125,7500.580078125,4,0,0,2026-06-15,2026-06-18,0,True,True
2026-06-26,7500.43994140625,7530.009765625,7294.18017578125,7354.02001953125,5,0,0,2026-06-22,2026-06-26,0,True,True
2026-07-03,7391.8798828125,7540.75,7348.8798828125,7483.240234375,4,0,0,2026-06-29,2026-07-02,0,True,True
2026-07-10,7506.9599609375,7579.93017578125,7421.81982421875,7575.39013671875,5,0,0,2026-07-06,2026-07-10,0,True,True
2026-07-17,7547.52978515625,7581.5,7431.259765625,7457.68994140625,5,0,0,2026-07-13,2026-07-17,0,True,True
2026-07-24,7489.18017578125,7525.93994140625,7376,7411.97998046875,5,0,0,2026-07-20,2026-07-24,0,True,True
2026-07-31,7464.2001953125,7512.0400390625,7313.919921875,7489.72021484375,5,0,0,2026-07-27,2026-07-31,0,True,True
2026-08-07,7504.77978515625,7793.68017578125,7504.77978515625,7757.64013671875,5,0,0,2026-08-03,2026-08-07,0,True,True
2026-08-14,7751.740234375,7816.7001953125,7717.25,7785.759765625,5,0,0,2026-08-10,2026-08-14,0,True,True
2026-08-21,7790.68017578125,7790.68017578125,7639.009765625,7674.3701171875,5,0,0,2026-08-17,2026-08-21,0,True,True
2026-08-28,7663.3798828125,7771.47998046875,7638.169921875,7711.759765625,5,0,0,2026-08-24,2026-08-28,0,True,True
2026-09-04,7697.52001953125,7756.759765625,7611.2001953125,7718.60009765625,5,0,0,2026-08-31,2026-09-04,0,True,True
