week,open,high,low,close,source_rows,bad_hlc,bad_ohlc,first_date,last_date,null_rows,valid_hlc,valid_ohlc
2000-01-07,6.3442222229726521,6.8605705367194281,5.9217541774912466,6.4272723197937012,4,0,0,2000-01-03,2000-01-07,1,False,False
2000-01-14,6.4272693028317107,6.6078105831214815,5.9759177552335272,5.9939723014831543,5,0,0,2000-01-10,2000-01-14,0,True,True
2000-01-21,6.0300808569127096,6.1384035219843254,5.4704024033550178,5.4956784248352051,5,0,0,2000-01-17,2000-01-21,0,True,True
2000-01-28,5.4884560568573724,5.6148329575691749,5.3440217966560812,5.5426182746887207,5,0,0,2000-01-24,2000-01-28,0,True,True
2000-02-04,5.5245637893676758,5.5967802397188144,5.2718048175241901,5.354853630065918,5,0,0,2000-01-31,2000-02-04,0,True,True
2000-02-11,5.3548541979294573,5.6328901376239831,4.9829401969909668,5.1707029342651367,5,0,0,2000-02-07,2000-02-11,0,True,True
2000-02-18,5.2356978609363232,5.2537525123965745,4.8023991584777832,4.8023991584777832,5,0,0,2000-02-14,2000-02-18,0,True,True
2000-02-25,4.7662894518853456,4.7662894518853456,3.7949782489275385,4.0080170631408691,5,0,0,2000-02-21,2000-02-25,0,True,True
2000-03-03,4.1271743849442322,4.1271743849442322,3.477224676372241,3.6324908733367915,5,0,0,2000-02-28,2000-03-03,0,True,True
2000-03-10,3.7552598007756046,3.8094224103481653,3.3364038310289574,3.4663937091827393,5,0,0,2000-03-06,2000-03-10,0,True,True
2000-03-17,3.5205545370440139,4.6038029344722178,3.5205545370440139,4.1885581016540527,5,0,0,2000-03-13,2000-03-17,0,True,True
2000-03-24,4.1885590231777314,4.2968835464547883,3.7971787816574265,4.0403485298156738,5,0,0,2000-03-20,2000-03-24,0,True,True
2000-03-31,4.0403485741906096,4.2086963571202993,3.8233666949541214,4.1899905204772949,5,0,0,2000-03-27,2000-03-31,0,True,True
2000-04-07,4.2274010815466472,4.4855348231024124,4.0665356992391901,4.0777587890625,5,0,0,2000-04-03,2000-04-07,0,True,True
2000-04-14,4.1151689801897327,4.1151697714065145,3.8720007912609198,3.9468216896057129,5,0,0,2000-04-10,2000-04-14,0,True,True
2000-04-21,3.7597689628601074,4.0216423420600211,3.7036527951901808,3.871999979019165,4,0,0,2000-04-17,2000-04-21,1,True,True
2000-04-28,3.9206343185910293,4.2648126119564855,3.8682596587043236,4.2461075782775879,4,0,0,2000-04-24,2000-04-28,1,True,True
2000-05-05,4.2872580899454595,4.5940260921321396,4.1525799542273489,4.4892764091491699,4,0,0,2000-05-01,2000-05-05,1,True,True
2000-05-12,4.5304279811271417,4.7623734207429518,4.4630890775973358,4.6763291358947754,4,0,0,2000-05-08,2000-05-12,1,True,True
2000-05-19,4.7137403723168818,4.7324454052678293,4.4518654483896709,4.5453920364379883,5,0,0,2000-05-15,2000-05-19,0,True,True
2000-05-26,4.5640974254027764,4.6351769347188476,3.8345897008453349,3.8570365905761719,5,0,0,2000-05-22,2000-05-26,0,True,True
2000-06-02,3.8607764183606106,3.9655262574279666,3.7223572668146394,3.729839563369751,4,0,0,2000-05-29,2000-06-02,1,True,True
2000-06-09,3.7597683610469121,3.75976868528589,3.6176079251907707,3.6475372314453125,5,0,0,2000-06-05,2000-06-09,0,True,True
2000-06-16,3.7373211965403148,3.7373211965403148,3.3557338714599609,3.3557338714599609,5,0,0,2000-06-12,2000-06-16,0,True,True
2000-06-23,3.3632154979395463,3.3669564210944518,3.2734298538418281,3.2921352386474609,3,0,0,2000-06-19,2000-06-23,2,True,True
2000-06-30,3.3108413821781668,3.6662416139866978,3.2547252149014727,3.5727150440216064,5,0,0,2000-06-26,2000-06-30,0,True,True
2000-07-07,3.6288309565266652,3.8907053188653418,3.5540097695749369,3.7971787452697754,4,0,0,2000-07-03,2000-07-07,1,True,True
2000-07-14,3.8645176824793546,4.2909998400420228,3.8158841022371131,4.2274017333984375,5,0,0,2000-07-10,2000-07-14,0,True,True
2000-07-21,4.2274014532721118,4.2386254401007806,4.0964640996175463,4.2274017333984375,5,0,0,2000-07-17,2000-07-21,0,True,True
2000-07-28,4.2610714782528829,4.3770439222215947,4.0852410480511026,4.1151695251464844,3,0,0,2000-07-24,2000-07-28,2,True,True
2000-08-04,4.1151694998703636,4.1151694998703636,3.5165989523609817,3.6101260185241699,5,0,0,2000-07-31,2000-08-04,0,True,True
2000-08-11,3.6475367950295876,3.8907053188653418,3.591420987047067,3.7971787452697754,4,0,0,2000-08-07,2000-08-11,1,True,True
2000-08-18,3.8158838252971923,3.8720002895666803,3.7148759365081787,3.7410624027252197,5,0,0,2000-08-14,2000-08-18,0,True,True
2000-08-25,3.7784737452505808,3.9056695493151965,3.7298392851552649,3.7784731388092045,5,0,0,2000-08-21,2000-08-25,0,True,True
2000-09-01,3.7784746055594121,3.9842325669500926,3.7373217952527029,3.9655275344848633,5,0,0,2000-08-28,2000-09-01,0,True,True
2000-09-08,3.9991966243546075,4.2199204076306023,3.9617862043569616,4.1525802612304688,5,0,0,2000-09-04,2000-09-08,0,True,True
2000-09-15,4.1450978269702192,4.1525801243154765,3.8158842360659233,3.9168927669525146,5,0,0,2000-09-11,2000-09-15,0,True,True
2000-09-22,3.9131516081605309,3.9468212296279881,3.5165993769189874,3.5540101528167725,5,0,0,2000-09-18,2000-09-22,0,True,True
2000-09-29,3.6288314067768788,3.7036526711918145,3.4679660797119141,3.5502691268920903,5,0,0,2000-09-25,2000-09-29,0,True,True
2000-10-06,3.5502688609212347,3.7859562937073652,3.5353046225197717,3.7410624027252197,5,0,0,2000-10-02,2000-10-06,0,True,True
2000-10-13,3.7784736872056839,3.7784736872056839,3.2734313436435891,3.3295471668243408,5,0,0,2000-10-09,2000-10-13,0,True,True
2000-10-20,3.3669569296450761,3.7073941429371562,3.3557338397767587,3.6625006198883057,5,0,0,2000-10-16,2000-10-20,0,True,True
2000-10-27,3.6400535465993928,4.3321514727637576,3.6400535465993928,4.1712856292724609,5,0,0,2000-10-23,2000-10-27,0,True,True
2000-11-03,4.1712851339800716,4.6351767533865988,4.1712851339800716,4.5042400360107422,4,0,0,2000-10-30,2000-11-03,1,True,True
2000-11-10,4.5079817507276063,4.6164728585643928,4.4144531431546685,4.4219350814819336,5,0,0,2000-11-06,2000-11-10,0,True,True
2000-11-17,4.3396343383198737,4.3770436868462355,4.0066777454771758,4.1563200950622559,5,0,0,2000-11-13,2000-11-17,0,True,True
2000-11-24,4.1151690312179454,4.4181966088400113,4.040348621795772,4.377044677734375,5,0,0,2000-11-20,2000-11-24,0,True,True
2000-12-01,4.3396342081825869,4.4705712288512753,4.1899906475426913,4.2984814643859863,5,0,0,2000-11-27,2000-12-01,0,True,True
2000-12-08,4.3022225941974455,4.7212217604983193,4.2835172072153833,4.650141716003418,4,0,0,2000-12-04,2000-12-08,1,True,True
2000-12-15,4.676329520397986,4.9569092916218649,4.5079815741216347,4.5266866683959961,5,0,0,2000-12-11,2000-12-15,0,True,True
2000-12-22,4.5266869629156234,4.7548914595389711,4.2872572806927156,4.6950345039367676,5,0,0,2000-12-18,2000-12-22,0,True,True
2000-12-29,4.6763296839705744,4.8259709966838056,4.5640977002001524,4.7137393951416016,3,0,0,2000-12-25,2000-12-29,2,True,True
2001-01-05,4.7137407340172413,4.8633831497611668,4.3770444487962514,4.650141716003418,4,0,0,2001-01-01,2001-01-05,1,True,True
2001-01-12,4.6389178875330837,4.6389178875330837,4.0403481094419265,4.1039462089538574,5,0,0,2001-01-08,2001-01-12,0,True,True
2001-01-19,4.1151687976714255,4.1151694874073126,3.7859563480905547,3.9206340312957764,5,0,0,2001-01-15,2001-01-19,0,True,True
2001-01-26,3.9131523175578189,4.2648123593062506,3.8907057802517708,4.2573304176330566,3,0,0,2001-01-22,2001-01-26,2,True,True
2001-02-02,4.2274015125965425,4.5079820565285109,4.0216429450295195,4.377044677734375,5,0,0,2001-01-29,2001-02-02,0,True,True
2001-02-09,4.4144542860826839,4.4144542860826839,3.9954556070696756,4.0104198455810547,5,0,0,2001-02-05,2001-02-09,0,True,True
2001-02-16,3.9655269719909163,4.1712853305064286,3.8420719983431662,4.1151695251464844,5,0,0,2001-02-12,2001-02-16,0,True,True
2001-02-23,4.1151695445712981,4.2648118709051408,4.0403483514796656,4.1525802612304688,5,0,0,2001-02-19,2001-02-23,0,True,True
2001-03-02,4.1151697595111925,4.4892766657328265,4.1151694021306104,4.4032320976257324,5,0,0,2001-02-26,2001-03-02,0,True,True
2001-03-09,4.451864666478544,4.6576223515899375,4.3620792433479298,4.5079808235168457,5,0,0,2001-03-05,2001-03-09,0,True,True
2001-03-16,4.5004995002748647,4.5453922215532803,4.3022223103891992,4.4518651962280273,4,0,0,2001-03-12,2001-03-16,1,True,True
2001-03-23,4.4593474941003794,4.4892759720385884,3.9719874417189711,3.9875638484954834,5,0,0,2001-03-19,2001-03-23,0,True,True
2001-03-30,3.9719884633147267,4.5366334915161133,3.9719884633147267,4.1822710037231445,5,0,0,2001-03-26,2001-03-30,0,True,True
2001-04-06,4.1822700409225044,4.2835176117593692,3.9719885939747037,4.2056355476379395,5,0,0,2001-04-02,2001-04-06,0,True,True
2001-04-13,4.166694722088387,4.5171637947478196,4.1121774577573511,4.4704341888427734,3,0,0,2001-04-09,2001-04-13,2,True,True
2001-04-20,4.2835175851348355,4.6417750444628521,4.2445763676306747,4.5171637535095215,4,0,0,2001-04-16,2001-04-20,1,True,True
2001-04-27,4.4782225394011359,4.8754215646513632,4.4782225394011359,4.8286919593811035,5,0,0,2001-04-23,2001-04-27,0,True,True
2001-05-04,4.8286923526803127,4.9844568497360786,4.7118686681827784,4.7430214881896973,4,0,0,2001-04-30,2001-05-04,1,True,True
2001-05-11,4.8676334227520277,4.9571982695537589,4.5755775666134983,4.9065752029418945,4,0,0,2001-05-07,2001-05-11,1,True,True
2001-05-18,4.9065742182625609,5.5218431791177833,4.8481623993719793,5.4634313583374023,5,0,0,2001-05-14,2001-05-18,0,True,True
2001-05-25,5.4322783107806663,5.4906901291414441,4.4509633320392643,5.1635847091674805,4,0,0,2001-05-21,2001-05-25,1,True,True
2001-06-01,5.2570435984401787,5.3738671868365868,5.0818090438842773,5.2959842681884766,5,0,0,2001-05-28,2001-06-01,0,True,True
2001-06-08,5.1869490388516803,5.5296311337826296,5.1869490388516803,5.3738679885864258,5,0,0,2001-06-04,2001-06-08,0,True,True
2001-06-15,5.3621857200043443,6.0748072982391577,4.3808695050728517,4.4860105514526367,5,0,0,2001-06-11,2001-06-15,0,True,True
2001-06-22,4.5599995532444,4.8286922068216276,4.4782232870606267,4.7508101463317871,4,0,0,2001-06-18,2001-06-22,1,True,True
2001-06-29,4.7508109793228845,5.1402206551331702,4.676823101727491,4.9844565391540527,5,0,0,2001-06-25,2001-06-29,0,True,True
2001-07-06,5.0623397255584104,5.0623397255584104,4.7547044055866019,4.8987860679626465,5,0,0,2001-07-02,2001-07-06,0,True,True
2001-07-13,4.9844570750201331,5.1402204926877433,4.7897517234284948,4.8871045112609863,4,0,0,2001-07-09,2001-07-13,1,True,True
2001-07-20,4.8676333366247526,4.9455153957365585,4.680716394756419,4.9416213035583496,5,0,0,2001-07-16,2001-07-20,0,True,True
2001-07-27,4.9260448395228131,4.9260448395228131,4.1861648560029154,4.4704341888427734,5,0,0,2001-07-23,2001-07-27,0,True,True
2001-08-03,4.4587516214318121,4.8987859831986453,4.127753734588623,4.8793153762817383,5,0,0,2001-07-30,2001-08-03,0,True,True
2001-08-10,4.8286915688322019,4.9260442244245519,4.6729287143966438,4.8481621742248535,5,0,0,2001-08-06,2001-08-10,0,True,True
2001-08-17,4.8481626376511224,5.085703631294856,4.8286922711955835,4.9260449409484863,5,0,0,2001-08-13,2001-08-17,0,True,True
2001-08-24,4.9221507490779759,5.2414694379387363,4.7508098551316795,5.2258930206298828,5,0,0,2001-08-20,2001-08-24,0,True,True
2001-08-31,5.1519044443676165,5.3855485091005431,4.9649869617510562,5.0039281845092773,5,0,0,2001-08-27,2001-08-31,0,True,True
2001-09-07,4.9260449290666761,5.2570441203629548,4.8520570636361562,5.1285386085510254,5,0,0,2001-09-03,2001-09-07,0,True,True
2001-09-14,5.0623387762411687,5.0623387762411687,4.4392821301284089,4.5561056137084961,5,0,0,2001-09-10,2001-09-14,0,True,True
2001-09-21,4.5755750143136682,4.5755750143136682,3.9914601525760727,4.4003415107727051,5,0,0,2001-09-17,2001-09-21,0,True,True
2001-09-28,4.3497172094082952,4.7430214881896973,4.3497172094082952,4.7430214881896973,4,0,0,2001-09-24,2001-09-28,1,True,True
2001-10-05,4.7118705128965157,4.9649862810298337,4.5522102600266052,4.8754220008850098,5,0,0,2001-10-01,2001-10-05,0,True,True
2001-10-12,4.8676335697869968,5.2375739600714137,4.8286923526803127,5.1363272666931152,5,0,0,2001-10-08,2001-10-12,0,True,True
2001-10-19,5.1402189957930231,5.1402208402863154,4.8871040976940865,5.0467629432678223,4,0,0,2001-10-15,2001-10-19,1,True,True
2001-10-26,5.0428686343019669,5.5296317503201857,4.8871044984155798,5.3972320556640625,4,0,0,2001-10-22,2001-10-26,1,True,True
2001-11-02,5.2258917427890932,5.2959860132583279,4.9844564773515048,5.0506563186645508,5,0,0,2001-10-29,2001-11-02,0,True,True
2001-11-09,5.0623389282224629,5.533525649525755,5.0623385842979109,5.4439601898193359,5,0,0,2001-11-05,2001-11-09,0,True,True
2001-11-16,5.3543968223166818,6.1020652803461095,5.3037733896138999,5.903465747833252,5,0,0,2001-11-12,2001-11-16,0,True,True
2001-11-23,5.8606301863528785,5.9579831685477505,5.5296319392946165,5.6853971481323242,5,0,0,2001-11-19,2001-11-23,0,True,True
2001-11-30,5.6464541153707648,5.9073592662734322,5.3349260507072813,5.5491013526916504,5,0,0,2001-11-26,2001-11-30,0,True,True
2001-12-07,5.4945831270315404,5.7048655317472301,5.3933366588985932,5.6191954612731934,4,0,0,2001-12-03,2001-12-07,1,True,True
2001-12-14,5.7243367167643235,5.7243367167643235,5.2570432738944541,5.3154544830322266,5,0,0,2001-12-10,2001-12-14,0,True,True
2001-12-21,5.2570439442306238,5.4984784104528392,5.2570439442306238,5.3933377265930176,5,0,0,2001-12-17,2001-12-21,0,True,True
2001-12-28,5.4906906557495843,5.6853961783849973,5.4867964598778585,5.5997257232666016,2,0,0,2001-12-24,2001-12-28,3,True,True
2002-01-04,5.5685735266567633,5.9190423266875909,5.4128090114598182,5.8061132431030273,3,0,0,2001-12-31,2002-01-04,2,True,True
2002-01-11,5.8411593376108462,6.0825938790009184,5.763279016594316,5.8022198677062988,5,0,0,2002-01-07,2002-01-11,0,True,True
2002-01-18,5.8022184549764271,5.8216890614772057,5.354396180402782,5.607513427734375,5,0,0,2002-01-14,2002-01-18,0,True,True
2002-01-25,5.6464557333401055,5.6503499298714539,5.3543964918917784,5.451749324798584,5,0,0,2002-01-21,2002-01-25,0,True,True
2002-02-01,5.4712196299468987,5.9151478304877267,5.3933395229489056,5.899571418762207,5,0,0,2002-01-28,2002-02-01,0,True,True
2002-02-08,5.8917839884313352,5.9579838377350232,5.6853956128783611,5.704866886138916,5,0,0,2002-02-04,2002-02-08,0,True,True
2002-02-15,5.7243376072938785,6.0592293628909246,5.7243376072938785,6.028076171875,5,0,0,2002-02-11,2002-02-15,0,True,True
2002-02-22,,,,,0,0,0,2002-02-18,2002-02-22,5,False,False
2002-03-01,,,,,0,0,0,2002-02-25,2002-03-01,5,False,False
2002-03-08,,,,,0,0,0,2002-03-04,2002-03-08,5,False,False
2002-03-15,,,,,0,0,0,2002-03-11,2002-03-15,5,False,False
2002-03-22,,,,,0,0,0,2002-03-18,2002-03-22,5,False,False
2002-03-29,,,,,0,0,0,2002-03-25,2002-03-29,5,False,False
2002-04-05,5.8708696339367785,6.0433053444908902,5.8347779750856699,5.991173267364502,4,0,0,2002-04-01,2002-04-05,1,True,True
2002-04-12,5.991173063944192,6.0192444167903938,5.8427971847677194,5.8508176803588867,5,0,0,2002-04-08,2002-04-12,0,True,True
2002-04-19,5.9390408731973183,6.0152351396096027,5.8147258758544922,5.8708682060241699,5,0,0,2002-04-15,2002-04-19,0,True,True
2002-04-26,5.8548284474972752,5.8909195335440909,5.3535584320143865,5.7545742988586426,5,0,0,2002-04-22,2002-04-26,0,True,True
2002-05-03,5.7345229137489371,5.9751337127155608,5.5500557302597855,5.8788900375366211,4,0,0,2002-04-29,2002-05-03,1,True,True
2002-05-10,5.8748784497779933,6.0954373818008909,5.7265033764703981,6.0753865242004395,4,0,0,2002-05-06,2002-05-10,1,True,True
2002-05-17,6.0673661273188033,6.2959452980429109,6.0152340529671608,6.1555900573730469,5,0,0,2002-05-13,2002-05-17,0,True,True
2002-05-24,6.0513266994936847,6.2117318543031645,6.0392953979752804,6.163609504699707,5,0,0,2002-05-20,2002-05-24,0,True,True
2002-05-31,6.1756396518649908,6.2558445930480957,5.9350308615753757,6.2558445930480957,5,0,0,2002-05-27,2002-05-31,0,True,True
2002-06-07,6.155589619391387,6.2157435417175293,5.8748781205712843,6.1154894828796387,5,0,0,2002-06-03,2002-06-07,0,True,True
2002-06-14,6.1756398069303247,6.2237628389593427,5.7345243873498388,5.8347783088684082,5,0,0,2002-06-10,2002-06-14,0,True,True
2002-06-21,5.834778023019151,5.9350310198834881,5.634270191192627,5.634270191192627,4,0,0,2002-06-17,2002-06-21,1,True,True
2002-06-28,5.6342693321954789,5.7625942035395346,5.2613255472786946,5.6904129981994629,5,0,0,2002-06-24,2002-06-28,0,True,True
2002-07-05,5.5460460254711768,5.7746248077877942,5.3736094951081776,5.377619743347168,5,0,0,2002-07-01,2002-07-05,0,True,True
2002-07-12,5.4137104475980067,5.6142178309833008,5.2613244779952479,5.389650821685791,5,0,0,2002-07-08,2002-07-12,0,True,True
2002-07-19,5.2332537997476178,5.3736090341268659,4.7520362815906658,4.792137622833252,5,0,0,2002-07-15,2002-07-19,0,True,True
2002-07-26,4.792137388624889,4.792137388624889,4.0101567210734848,4.3109183311462402,5,0,0,2002-07-22,2002-07-26,0,True,True
2002-08-02,4.3109184691251281,4.912442286880589,4.210664557127159,4.2507662773132324,5,0,0,2002-07-29,2002-08-02,0,True,True
2002-08-09,4.2908671636045401,4.4111724382720574,3.9299537075643047,4.3831014633178711,5,0,0,2002-08-05,2002-08-09,0,True,True
2002-08-16,4.4512732817740766,4.4913750001420878,4.0502576959603278,4.2708163261413574,5,0,0,2002-08-12,2002-08-16,0,True,True
2002-08-23,4.2948777671497558,4.9806152578175134,4.2307153222431246,4.8121886253356934,5,0,0,2002-08-19,2002-08-23,0,True,True
2002-08-30,4.7720850211951094,4.9124410813147161,4.4031518858749781,4.5154366493225098,5,0,0,2002-08-26,2002-08-30,0,True,True
2002-09-06,4.6437603983712625,4.6678215015092075,4.1585319058661545,4.2547760009765625,5,0,0,2002-09-02,2002-09-06,0,True,True
2002-09-13,4.3309688568115234,4.6116794391917484,4.3229483606849817,4.4913744926452637,5,0,0,2002-09-09,2002-09-13,0,True,True
2002-09-20,4.4913751133994895,4.6397510034549656,4.1344706574441563,4.1505112648010254,5,0,0,2002-09-16,2002-09-20,0,True,True
2002-09-27,4.2868571205145756,4.2868571205145756,3.8497504258617234,4.0622878074645996,5,0,0,2002-09-23,2002-09-27,0,True,True
2002-10-04,4.0502578591258835,4.0502578591258835,3.6692925959173635,3.8296985626220703,5,0,0,2002-09-30,2002-10-04,0,True,True
2002-10-11,3.8296996597479662,3.9540142518227608,3.3725410621498737,3.8657910823822026,5,0,0,2002-10-07,2002-10-11,0,True,True
2002-10-18,3.8898510489753551,4.6317293025246986,3.7615261857733131,4.5916275978088379,5,0,0,2002-10-14,2002-10-18,0,True,True
2002-10-25,4.4151826890407611,4.6517802596022264,4.1705624181808725,4.2708163261413574,5,0,0,2002-10-21,2002-10-25,0,True,True
2002-11-01,4.31091837906264,4.3670607095840479,4.0502584917174804,4.1304607391357422,5,0,0,2002-10-28,2002-11-01,0,True,True
2002-11-08,4.1906136036243868,4.4833556254508755,4.1304614071244297,4.2708163261413574,5,0,0,2002-11-04,2002-11-08,0,True,True
2002-11-15,4.2668064399750829,4.2708166597421924,3.9981253826445293,4.0903596878051758,5,0,0,2002-11-11,2002-11-15,0,True,True
2002-11-22,4.1745725152620023,4.4713238086264342,4.1023895817615381,4.3710699081420898,5,0,0,2002-11-18,2002-11-22,0,True,True
2002-11-29,4.4111714518269718,4.9405128473963975,4.4111714518269718,4.932492733001709,5,0,0,2002-11-25,2002-11-29,0,True,True
2002-12-06,4.9124418733574799,5.0928988452788628,4.2106637427514961,4.4592933654785156,4,0,0,2002-12-02,2002-12-06,1,True,True
2002-12-13,4.4512733863980074,4.5114255744148917,4.1906122490064934,4.2788357734680176,5,0,0,2002-12-09,2002-12-13,0,True,True
2002-12-20,4.3309700955047603,4.4031526690969232,4.1144199371337891,4.142491340637207,5,0,0,2002-12-16,2002-12-20,0,True,True
2002-12-27,4.1705617486646283,4.2106634583864651,3.9139124890158365,3.9299530982971187,2,0,0,2002-12-23,2002-12-27,3,True,True
2003-01-03,3.9299532496562199,4.322948404173407,3.9299532496562199,4.2708163261413574,3,0,0,2002-12-30,2003-01-03,2,True,True
2003-01-10,4.2748264195956276,4.4392427615126442,4.0141660254213969,4.0382266044616699,4,0,0,2003-01-06,2003-01-10,1,True,True
2003-01-17,4.0502583507968861,4.4793455175186185,4.0502583507968861,4.3189377784729004,5,0,0,2003-01-13,2003-01-17,0,True,True
2003-01-24,4.3510192050663621,4.4713238904745181,4.0662991035040736,4.1104106903076172,5,0,0,2003-01-20,2003-01-24,0,True,True
2003-01-31,4.1104100483211194,4.1104100483211194,3.4888360093463953,3.520916223526001,5,0,0,2003-01-27,2003-01-31,0,True,True
2003-02-07,3.5850798598405222,3.8056379614379261,3.5850798598405222,3.6893434524536128,5,0,0,2003-02-03,2003-02-07,0,True,True
2003-02-14,3.7134038413475947,3.7615265776607711,3.5890892589543171,3.625180721282959,5,0,0,2003-02-10,2003-02-14,0,True,True
2003-02-21,3.6652832522043761,3.833709380124267,3.6412215232849126,3.6412215232849126,5,0,0,2003-02-17,2003-02-21,0,True,True
2003-02-28,3.6652832059280054,3.7775675772789454,3.5289379123715028,3.6452324390411377,5,0,0,2003-02-24,2003-02-28,0,True,True
2003-03-07,3.6692930689986176,3.7174152838653165,3.3645207010121547,3.3966019153594971,5,0,0,2003-03-03,2003-03-07,0,True,True
2003-03-14,3.468784898604059,3.7174139270212705,3.3765519602473062,3.6572613716125488,5,0,0,2003-03-10,2003-03-14,0,True,True
2003-03-21,3.7093943733918038,4.0811553001761247,3.6251810804280802,4.0306668281555176,5,0,0,2003-03-17,2003-03-21,0,True,True
2003-03-28,4.0811550115546655,4.0811550115546655,3.736150602670393,3.7824316024780269,5,0,0,2003-03-24,2003-03-28,0,True,True
2003-04-04,3.7445646096201131,3.8834085484928469,3.4921239102488384,3.6982853412628174,5,0,0,2003-03-31,2003-04-04,0,True,True
2003-04-11,3.807675838470459,3.8539571845325429,3.668833438574528,3.774017333984375,5,0,0,2003-04-07,2003-04-11,0,True,True
2003-04-18,3.8287131477761349,3.8792016516708006,3.6604178306642532,3.8623721599578857,4,0,0,2003-04-14,2003-04-18,1,True,True
2003-04-25,3.8076759765616823,4.2242070343871401,3.7824315399270825,3.9549334049224854,4,0,2,2003-04-21,2003-04-25,1,True,False
2003-05-02,3.9423131022239524,4.2199986984479025,4.0264605812141507,4.1190223693847656,4,0,1,2003-04-28,2003-05-02,1,True,False
2003-05-09,4.106399736738731,4.2831100107321287,4.0222530271283157,4.0727415084838867,5,0,0,2003-05-05,2003-05-09,0,True,True
2003-05-16,4.1232289419766133,4.1358509587960954,3.8371274471282959,3.8371274471282959,5,0,0,2003-05-12,2003-05-16,0,True,True
2003-05-23,3.8707870765256422,3.9002389907836914,3.765602285846116,3.7866396903991699,5,0,0,2003-05-19,2003-05-23,0,True,True
2003-05-30,3.8076766578174102,3.8918240332490726,3.7151144484702661,3.7235291004180908,4,0,0,2003-05-26,2003-05-30,1,True,True
2003-06-06,3.8160904844268697,4.1190233360063155,3.7992609939152127,4.0853643417358398,5,0,0,2003-06-02,2003-06-06,0,True,True
2003-06-13,4.0727412393095861,4.2284144230789771,3.9970078467734393,4.0601191520690918,5,0,0,2003-06-09,2003-06-13,0,True,True
2003-06-20,4.0811561199483348,4.2578639799160092,3.9801791556241159,4.2115845680236816,4,0,0,2003-06-16,2003-06-20,1,True,True
2003-06-27,4.2073772987744755,4.2410362850649301,3.9296905994415283,4.1190223693847656,5,0,0,2003-06-23,2003-06-27,0,True,True
2003-07-04,4.060119145340046,4.4177448280426654,3.9212748382326565,4.3588414192199707,5,0,0,2003-06-30,2003-07-04,0,True,True
2003-07-11,4.3335985112211528,4.830068738232268,4.3335985112211528,4.5523819923400879,5,0,0,2003-07-07,2003-07-11,0,True,True
2003-07-18,4.5103082566583907,4.8384834755554369,4.5103082566583907,4.7753729820251465,5,0,0,2003-07-14,2003-07-18,0,True,True
2003-07-25,4.6954329291638199,4.8048248335521517,4.510308394325361,4.6281147003173828,5,0,0,2003-07-21,2003-07-25,0,True,True
2003-08-01,4.6491524902105299,4.7206778565937917,4.5439673828453664,4.6281147003173828,5,0,0,2003-07-28,2003-08-01,0,True,True
2003-08-08,4.6239072335796374,4.6491521506920019,4.3967084898038395,4.497685432434082,5,0,0,2003-08-04,2003-08-08,0,True,True
2003-08-15,4.5860407763238262,4.771166470460332,4.5271377550341105,4.7417149543762207,5,0,0,2003-08-11,2003-08-15,0,True,True
2003-08-22,4.7585444276594364,5.179280958975661,4.7332999845266972,5.1077561378479004,5,0,0,2003-08-18,2003-08-22,0,True,True
2003-08-29,5.0572682209599549,5.1119625196140595,4.771166046937811,4.9899487495422363,5,0,0,2003-08-25,2003-08-29,0,True,True
2003-09-05,4.96470451492908,5.2255626520841405,4.8679348397033237,4.939460277557373,5,0,0,2003-09-01,2003-09-05,0,True,True
2003-09-12,4.9394608089662411,5.1077563806976398,4.6491513246694103,4.8595209121704102,5,0,0,2003-09-08,2003-09-12,0,True,True
2003-09-19,4.8805583667662527,5.0488515386901174,4.6491513252258301,4.6491513252258301,5,0,0,2003-09-15,2003-09-19,0,True,True
2003-09-26,4.6870183417137836,4.7122609892058387,4.4219525349603224,4.5313444137573242,5,0,0,2003-09-22,2003-09-26,0,True,True
2003-10-03,4.5860407763238262,4.6491516721657575,4.3125622492761391,4.5313444137573242,5,0,0,2003-09-29,2003-10-03,0,True,True
2003-10-10,4.5776257482679856,4.6533596275267,4.337807326877094,4.5776267051696777,5,0,0,2003-10-06,2003-10-10,0,True,True
2003-10-17,4.6070780678925409,4.7543358813778243,4.5523819248644033,4.6870183944702148,5,0,0,2003-10-13,2003-10-17,0,True,True
2003-10-24,4.653359475037103,4.7332994672690694,4.4051236393733753,4.6028704643249512,5,0,0,2003-10-20,2003-10-24,0,True,True
2003-10-31,4.6239074284693862,4.9562907294673808,4.5818338973815109,4.9226317405700684,5,0,0,2003-10-27,2003-10-31,0,True,True
2003-11-07,4.9226318526138808,5.0278162956237793,4.8132399854945511,4.8637290000915527,5,0,0,2003-11-03,2003-11-07,0,True,True
2003-11-14,4.8805573952425005,4.9983636973332723,4.8426920304670027,4.9647045135498047,5,0,0,2003-11-10,2003-11-14,0,True,True
2003-11-21,4.9226306491366127,4.9226306491366127,4.607076923623052,4.724884033203125,5,0,0,2003-11-17,2003-11-21,0,True,True
2003-11-28,4.7122613449494262,4.8384834029016677,4.6281145577753424,4.724884033203125,5,0,0,2003-11-24,2003-11-28,0,True,True
2003-12-05,4.7248850080963738,4.855313312212898,4.6281155127019824,4.7711658477783203,5,0,0,2003-12-01,2003-12-05,0,True,True
2003-12-12,4.7964089300384227,4.8847650283546846,4.6154915348421994,4.7122616767883301,5,0,0,2003-12-08,2003-12-12,0,True,True
2003-12-19,4.76695922167118,4.8048256877099824,4.3083541654442605,4.400916576385498,5,0,0,2003-12-15,2003-12-19,0,True,True
2003-12-26,4.375672283929414,4.5271379600847581,4.3335987511733611,4.5018935203552246,2,0,0,2003-12-22,2003-12-26,3,True,True
2004-01-02,4.4808565541217398,4.6575665473937988,4.4808565541217398,4.6575665473937988,3,0,0,2003-12-29,2004-01-02,2,True,True
2004-01-09,4.6449440507357318,4.71226201648967,4.4850640276177884,4.5018935203552246,4,0,0,2004-01-05,2004-01-09,1,True,True
2004-01-16,4.5439673828453664,4.6617725258969873,4.4598199204540494,4.653357982635498,5,0,0,2004-01-12,2004-01-16,0,True,True
2004-01-23,4.6365295064104233,4.7290915087141085,4.1947560921166946,4.2915248870849609,5,0,0,2004-01-19,2004-01-23,0,True,True
2004-01-30,4.3125626141505027,4.4345761895472497,4.2704886720502948,4.3967089653015137,5,0,0,2004-01-26,2004-01-30,0,True,True
2004-02-06,4.3798798289328911,4.3967093225588414,4.1484732009286835,4.1947546005249023,5,0,0,2004-02-02,2004-02-06,0,True,True
2004-02-13,4.2073780364933064,4.3925013585609856,4.194756014732941,4.3251833915710449,5,0,0,2004-02-09,2004-02-13,0,True,True
2004-02-20,4.3335981375158976,4.5734195752450093,4.2746947185022925,4.5565900802612305,5,0,0,2004-02-16,2004-02-20,0,True,True
2004-02-27,4.5565889879762453,4.6491513888217906,4.4850634149169775,4.497685432434082,5,0,0,2004-02-23,2004-02-27,0,True,True
2004-03-05,4.5481744431248581,4.8511059756680908,4.5313449521753695,4.6491513252258301,5,0,0,2004-03-01,2004-03-05,0,True,True
2004-03-12,4.6786020851321464,4.7206760058221864,4.4177473402957252,4.4640283584594727,5,0,0,2004-03-08,2004-03-12,0,True,True
2004-03-19,4.5018928408041985,4.5145148581403207,4.2236100474031986,4.4171919822692871,5,0,0,2004-03-15,2004-03-19,0,True,True
2004-03-26,4.4215907318047698,4.5843756189855087,4.3819943305121116,4.4435873031616211,5,0,0,2004-03-22,2004-03-26,0,True,True
2004-04-02,4.5095827108861091,4.742760583434972,4.4435883596392785,4.7075638771057129,5,0,0,2004-03-29,2004-04-02,0,True,True
2004-04-09,4.6679667249885579,4.8087541979477946,4.6591677596137915,4.7647581100463867,4,0,0,2004-04-05,2004-04-09,1,True,True
2004-04-16,4.7955553915019333,4.835151788940804,4.5755762594765468,4.6327710151672363,4,0,0,2004-04-12,2004-04-16,1,True,True
2004-04-23,4.663567179089064,5.0111355321108331,4.6195710960574203,4.9495410919189453,5,0,0,2004-04-19,2004-04-23,0,True,True
2004-04-30,4.9539403883968705,5.1915186258753829,4.8615498666367634,4.9495410919189453,5,0,0,2004-04-26,2004-04-30,0,True,True
2004-05-07,4.971538687059609,4.984738199484454,4.7251610191091951,4.8395504951477051,5,0,0,2004-05-03,2004-05-07,0,True,True
2004-05-14,4.7295602882152128,4.892347539497016,4.6591689942524548,4.6767673492431641,5,0,0,2004-05-10,2004-05-14,0,True,True
2004-05-21,4.6899644932458564,4.7735572465301281,4.5799747052444895,4.7031631469726562,4,0,0,2004-05-17,2004-05-21,1,True,True
2004-05-28,4.7075625882816814,4.8439501026511254,4.5227813354160933,4.6767673492431641,5,0,0,2004-05-24,2004-05-28,0,True,True
2004-06-04,4.5799752899232171,4.8175539970397949,4.5755755971428398,4.8175539970397949,5,0,0,2004-05-31,2004-06-04,0,True,True
2004-06-11,4.8747479577844635,4.8747479577844635,4.7471606263106967,4.782355785369873,5,0,0,2004-06-07,2004-06-11,0,True,True
2004-06-18,4.7339609905252917,4.7911557356401886,4.6767673492431641,4.716362476348877,5,0,0,2004-06-14,2004-06-18,0,True,True
2004-06-25,4.7735579312142669,4.9495420572068092,4.7295618392966547,4.9187450408935547,4,0,0,2004-06-21,2004-06-25,1,True,True
2004-07-02,4.8439512111605092,4.9803383371636141,4.7515586960295799,4.7779560089111328,5,0,0,2004-06-28,2004-07-02,0,True,True
2004-07-09,4.76035766046419,4.8835460702177693,4.7383608818054199,4.7383608818054199,5,0,0,2004-07-05,2004-07-09,0,True,True
2004-07-16,4.7515595405921829,4.7779568581657079,4.6371701090499649,4.6855654716491699,5,0,0,2004-07-12,2004-07-16,0,True,True
2004-07-23,4.7075630737375835,4.7515592881782132,4.5975731379041198,4.5975732803344727,5,0,0,2004-07-19,2004-07-23,0,True,True
2004-07-30,4.597574064932318,5.0991264510448602,4.597574064932318,5.0771284103393555,5,0,0,2004-07-26,2004-07-30,0,True,True
2004-08-06,5.037531910118032,5.1695199012756348,4.7999541057822412,4.8395504951477051,5,0,0,2004-08-02,2004-08-06,0,True,True
2004-08-13,4.8967455479750219,4.927543413770251,4.7559594136408778,4.782355785369873,5,0,0,2004-08-09,2004-08-13,0,True,True
2004-08-20,4.8307511115844575,4.8791481588630727,4.7735567931363896,4.7955546379089355,5,0,0,2004-08-16,2004-08-20,0,True,True
2004-08-27,4.8043553720956682,4.9935372649143188,4.8043553720956682,4.9319419860839844,5,0,0,2004-08-23,2004-08-27,0,True,True
2004-09-03,4.9231437542945899,4.9583408798158199,4.7471599192892695,4.8043546676635742,5,0,0,2004-08-30,2004-09-03,0,True,True
2004-09-10,4.799955642750926,4.8571503990842144,4.6987652670802564,4.7295622825622559,5,0,0,2004-09-06,2004-09-10,0,True,True
2004-09-17,4.7427606672523623,4.7559597470424748,4.6063721605279886,4.6899652481079102,5,0,0,2004-09-13,2004-09-17,0,True,True
2004-09-24,4.6943653000888128,4.7559581912151057,4.6415701576328106,4.6943635940551758,5,0,0,2004-09-20,2004-09-24,0,True,True
2004-10-01,4.6503684653436013,4.9627393022938877,4.650368374661257,4.9231429100036621,5,0,0,2004-09-27,2004-10-01,0,True,True
2004-10-08,4.9583393510616141,5.0331320134479043,4.8263530647457635,4.936342716217041,5,0,0,2004-10-04,2004-10-08,0,True,True
2004-10-15,4.9275436782976003,5.0375327274719011,4.8879459041645692,4.9319419860839844,5,0,0,2004-10-11,2004-10-15,0,True,True
2004-10-22,4.9319416199540926,5.0727285488442488,4.8263521950472867,5.037531852722168,5,0,0,2004-10-18,2004-10-22,0,True,True
2004-10-29,4.980337340533155,5.0023353814928626,4.7999541063312323,4.9231429100036621,5,0,0,2004-10-25,2004-10-29,0,True,True
2004-11-05,4.8879477818839652,5.015534805313413,4.8879477818839652,4.9495410919189453,5,0,0,2004-11-01,2004-11-05,0,True,True
2004-11-12,4.9363419050966906,5.1167264345866315,4.8659496213680384,5.0903286933898926,5,0,0,2004-11-08,2004-11-12,0,True,True
2004-11-19,5.0903281401124341,5.1167258784399525,4.9759393739877087,5.0595312118530273,5,0,0,2004-11-15,2004-11-19,0,True,True
2004-11-26,5.0595315319336303,5.2795105036871144,4.9979370839751081,5.1915183067321777,5,0,0,2004-11-22,2004-11-26,0,True,True
2004-12-03,5.2135165928192917,5.3279055480999791,5.0463329919625082,5.0859293937683105,5,0,0,2004-11-29,2004-12-03,0,True,True
2004-12-10,5.0771294407313121,5.1475228496129271,4.9847381081985391,5.1343240737915039,4,0,0,2004-12-06,2004-12-10,1,True,True
2004-12-17,5.1475228050996709,5.1695217033698944,4.9715387385327592,4.9847373962402344,5,0,0,2004-12-13,2004-12-17,0,True,True
2004-12-24,4.9803384151417287,5.1827196386399921,4.9803384151417287,5.1035275459289551,4,0,0,2004-12-20,2004-12-24,1,True,True
2004-12-31,5.1123265128831274,5.1211258994151443,4.9407415390014648,4.958341121673584,4,0,0,2004-12-27,2004-12-31,1,True,True
2005-01-07,4.962740468492651,5.0551310785888335,4.9099442524328394,4.9231429100036621,4,0,0,2005-01-03,2005-01-07,1,True,True
2005-01-14,4.9099439451242768,5.0287337617023287,4.8967460372878122,5.0023360252380371,5,0,0,2005-01-10,2005-01-14,0,True,True
2005-01-21,4.9979367677911481,5.0595312118530273,4.8747485791569289,4.9275436401367188,5,0,0,2005-01-17,2005-01-21,0,True,True
2005-01-28,4.9099439451242768,4.9451405865120126,4.7207620221449789,4.7427587509155273,5,0,0,2005-01-24,2005-01-28,0,True,True
2005-02-04,4.7779564235437926,5.0023360616428514,4.6943655735605807,4.7295622825622559,5,0,0,2005-01-31,2005-02-04,0,True,True
2005-02-11,4.7779560645310077,4.9847373121356737,4.7735567920513526,4.9803376197814941,5,0,0,2005-02-07,2005-02-11,0,True,True
2005-02-18,4.9935364168556191,5.0991264510448602,4.9187433293392537,5.0771284103393555,5,0,0,2005-02-14,2005-02-18,0,True,True
2005-02-25,5.072728463630038,5.0991261950670133,4.9847385883402113,5.0595312118530273,5,0,0,2005-02-21,2005-02-25,0,True,True
2005-03-04,5.0727298714456355,5.3015081479027311,5.0463330174991441,5.283909797668457,5,0,0,2005-02-28,2005-03-04,0,True,True
2005-03-11,5.301508099588462,5.3543031498101472,5.0287338089103306,5.0639305114746094,5,0,0,2005-03-07,2005-03-11,0,True,True
2005-03-18,5.0155353286542939,5.0947279671298711,4.8791472954249038,5.0595312118530273,5,0,0,2005-03-14,2005-03-18,0,True,True
2005-03-25,5.0375334013475692,5.0683308346053426,4.8527488462092299,5.0153861045837402,4,0,0,2005-03-21,2005-03-25,1,True,True
2005-04-01,4.9970489566212715,5.0520629660328096,4.8824369844107958,4.8961906433105469,4,0,0,2005-03-28,2005-04-01,1,True,True
2005-04-08,4.8961924255006872,5.1666740554790644,4.8365945268628581,5.1070761680603027,5,0,0,2005-04-04,2005-04-08,0,True,True
2005-04-15,5.0933228062737976,5.1208296933182149,4.8686861991882324,4.8686861991882324,5,0,0,2005-04-11,2005-04-15,0,True,True
2005-04-22,4.832009846592233,4.8824373727839383,4.6486317832635367,4.7403206825256348,5,0,0,2005-04-18,2005-04-22,0,True,True
2005-04-29,4.7449055335964871,4.8228403791016294,4.607371161669966,4.7082295417785645,5,0,0,2005-04-25,2005-04-29,0,True,True
2005-05-06,4.7678266025827689,4.7815802638453464,4.6073708534240723,4.7128124237060547,4,0,0,2005-05-02,2005-05-06,1,True,True
2005-05-13,4.6990603290664623,4.7586582198511866,4.6532151618672373,4.6807222366333008,5,0,0,2005-05-09,2005-05-13,0,True,True
2005-05-20,4.6532161913918282,4.9328676408177543,4.6302942930478492,4.8136720657348633,5,0,0,2005-05-16,2005-05-20,0,True,True
2005-05-27,4.8595159140282789,4.8961906433105469,4.8136708711211273,4.8961906433105469,5,0,0,2005-05-23,2005-05-27,0,True,True
2005-06-03,4.8732694595818362,5.0749843683801528,4.8732694595818362,4.9878802299499512,5,0,0,2005-05-30,2005-06-03,0,True,True
2005-06-10,4.9970491937460029,5.07498411799489,4.905359980710231,4.9512062072753906,5,0,0,2005-06-06,2005-06-10,0,True,True
2005-06-17,4.93286670919003,5.0795694434918914,4.93286670919003,5.0428938865661621,5,0,0,2005-06-13,2005-06-17,0,True,True
2005-06-24,5.0658165617677859,5.0749852330161316,4.8641001913349884,4.9649581909179688,4,0,0,2005-06-20,2005-06-24,1,True,True
2005-07-01,4.8916064794464615,5.0199711103320688,4.8136708216432904,4.9832959175109863,5,0,0,2005-06-27,2005-07-01,0,True,True
2005-07-08,5.0016334536095881,5.0108025608540778,4.7815815970147897,4.8549323081970215,5,0,0,2005-07-04,2005-07-08,0,True,True
2005-07-15,4.900775336904613,4.9282822207403285,4.6761379180001166,4.8641009330749512,5,0,0,2005-07-11,2005-07-15,0,True,True
2005-07-22,4.8457628903651555,5.0383096736084401,4.7678272153558341,5.01080322265625,5,0,0,2005-07-18,2005-07-22,0,True,True
2005-07-29,5.0245559996293165,5.1345831560187127,4.9374529793605433,5.01080322265625,5,0,0,2005-07-25,2005-07-29,0,True,True
2005-08-05,5.0383099241897176,5.0520635875570097,4.9420364666545629,5.0337252616882324,5,0,0,2005-08-01,2005-08-05,0,True,True
2005-08-12,5.0428946602685425,5.1254143714904785,4.9741272470298457,5.1070761680603027,5,0,0,2005-08-08,2005-08-12,0,True,True
2005-08-19,5.084153278733182,5.1620896410807298,4.9832958661237017,5.139167308807373,5,0,0,2005-08-15,2005-08-19,0,True,True
2005-08-26,5.1391670732171804,5.1758426282904164,4.94203585866632,4.9649581909179688,5,0,0,2005-08-22,2005-08-26,0,True,True
2005-09-02,4.942035956222143,5.1345829182368545,4.9236981775002615,5.0887384414672852,5,0,0,2005-08-29,2005-09-02,0,True,True
2005-09-09,5.0658163500907261,5.1208287757855828,5.0474785711531318,5.0841541290283203,5,0,0,2005-09-05,2005-09-09,0,True,True
2005-09-16,5.0979074837798839,5.3271307747698433,5.0887388126811173,5.2904543876647949,5,0,0,2005-09-12,2005-09-16,0,True,True
2005-09-23,5.2950393036096557,5.4050659875873253,5.1850110055513117,5.2125177383422852,5,0,0,2005-09-19,2005-09-23,0,True,True
2005-09-30,5.2491947404595409,5.3408836456451949,5.207934273158882,5.2446098327636719,5,0,0,2005-09-26,2005-09-30,0,True,True
2005-10-07,5.2446097797396929,5.2950399526864365,5.0841541290283203,5.0841541290283203,5,0,0,2005-10-03,2005-10-07,0,True,True
2005-10-14,5.0979071981567561,5.1758428655618935,4.9787120207294207,5.0062189102172852,5,0,0,2005-10-10,2005-10-14,0,True,True
2005-10-21,4.997049141836257,5.0383089065181315,4.7586585902545009,4.781580924987793,5,0,0,2005-10-17,2005-10-21,0,True,True
2005-10-28,4.8045014759134315,4.9512059389027083,4.7082300575237159,4.8549323081970215,5,0,0,2005-10-24,2005-10-28,0,True,True
2005-11-04,4.877852633006114,4.9236984717202965,4.8365925327141719,4.9145298004150391,5,0,0,2005-10-31,2005-11-04,0,True,True
2005-11-11,4.8870233317605196,5.0749851262156165,4.8732701050179896,5.0474786758422852,5,0,0,2005-11-07,2005-11-11,0,True,True
2005-11-18,5.1024916657157373,5.1299981142126416,5.0108024597538403,5.0245556831359863,5,0,0,2005-11-14,2005-11-18,0,True,True
2005-11-25,5.0428946602685425,5.0566471049860695,4.9924650990473536,5.05206298828125,5,0,0,2005-11-21,2005-11-25,0,True,True
2005-12-02,5.0474780135776216,5.2216876104887611,4.9787118332336684,5.1987652778625488,5,0,0,2005-11-28,2005-12-02,0,True,True
2005-12-09,5.1987655129646777,5.327128931653351,5.1895964046166894,5.258364200592041,4,0,0,2005-12-05,2005-12-09,1,True,True
2005-12-16,5.2675314456573057,5.272115999282037,5.148336291465041,5.2033500671386719,5,0,0,2005-12-12,2005-12-16,0,True,True
2005-12-23,5.1804280822370501,5.2767021697756089,5.1345841190355488,5.2721176147460938,5,0,0,2005-12-19,2005-12-23,0,True,True
2005-12-30,5.2629461204649166,5.2950390482826153,5.2308566072136653,5.2446098327636719,4,0,0,2005-12-26,2005-12-30,1,True,True
2006-01-06,5.2491936683654785,5.3087915538656922,5.1024910395202916,5.1437511444091797,4,0,0,2006-01-02,2006-01-06,1,True,True
2006-01-13,5.1437517756682096,5.1666741075537068,5.0153873686515267,5.1162443161010742,5,0,0,2006-01-09,2006-01-13,0,True,True
2006-01-20,5.1162455585040822,5.1208301129216691,5.0108033643157714,5.05206298828125,5,0,0,2006-01-16,2006-01-20,0,True,True
2006-01-27,5.033724778731167,5.1483353148170163,4.9924646828419501,5.1162443161010742,5,0,0,2006-01-23,2006-01-27,0,True,True
2006-02-03,5.116244741994632,5.4417422159730569,5.0841541854799637,5.2079339027404785,5,0,0,2006-01-30,2006-02-03,0,True,True
2006-02-10,5.1941806265823063,5.2537785154110317,5.12999785934824,5.180427074432373,5,0,0,2006-02-06,2006-02-10,0,True,True
2006-02-17,5.1391676203242023,5.5059234003854129,5.1345830661502081,5.3867282867431641,5,0,0,2006-02-13,2006-02-17,0,True,True
2006-02-24,5.3408831216546737,5.6526255788137805,5.3408831216546737,5.6159501075744629,5,0,0,2006-02-20,2006-02-24,0,True,True
2006-03-03,5.5609367712304261,5.6205346615715825,5.4188185476482706,5.4875855445861816,5,0,0,2006-02-27,2006-03-03,0,True,True
2006-03-10,5.4784170468543651,6.1844228345065408,5.4646638208180747,5.9964599609375,5,0,0,2006-03-06,2006-03-10,0,True,True
2006-03-17,6.0056280579966304,6.2073440016695871,5.9827057267265307,6.1110706329345703,5,0,0,2006-03-13,2006-03-17,0,True,True
2006-03-24,6.1110698203880434,6.2256818866644608,5.9803350048608195,6.0894136428833008,5,0,0,2006-03-20,2006-03-24,0,True,True
2006-03-31,6.1415816739562485,6.1415816739562485,5.8333166729658092,6.0230178833007812,5,0,0,2006-03-27,2006-03-31,0,True,True
2006-04-07,6.0277613036412658,6.060958900058397,5.7716630864111451,5.7906332015991211,5,0,0,2006-04-03,2006-04-07,0,True,True
2006-04-14,5.8001182204324939,5.8665130012827138,5.6815561887451809,5.8475446701049805,4,0,0,2006-04-10,2006-04-14,1,True,True
2006-04-21,5.8190867198969327,6.089412619530072,5.7479484717202283,6.0657005310058594,4,0,0,2006-04-17,2006-04-21,1,True,True
2006-04-28,6.0325017164091141,6.1463246648833971,5.8333174635695046,5.8902268409729004,5,0,0,2006-04-24,2006-04-28,0,True,True
2006-05-05,5.9091969154910107,6.0182746322901641,5.8048599901756743,5.8902268409729004,4,0,0,2006-05-01,2006-05-05,1,True,True
2006-05-12,5.9471351848164868,5.9803347163990841,5.5677341385208718,5.5867042541503906,5,0,0,2006-05-08,2006-05-12,0,True,True
2006-05-19,5.5535079328521508,5.6104182927345381,5.1171927226159895,5.2167863845825195,5,0,0,2006-05-15,2006-05-19,0,True,True
2006-05-26,5.1693623610413733,5.3732898698379277,4.9891464502486125,5.3211221694946289,4,0,0,2006-05-22,2006-05-26,1,True,True
2006-06-02,5.3163795855970264,5.3495771723316476,4.9938874179368877,5.1930742263793945,5,0,0,2006-05-29,2006-06-02,0,True,True
2006-06-09,5.2025583001236688,5.2547259950121541,4.9085222338823096,5.022343635559082,5,0,0,2006-06-05,2006-06-09,0,True,True
2006-06-16,4.9749182721370335,5.0650266753041651,4.7472758970922149,4.8705825805664062,5,0,0,2006-06-12,2006-06-16,0,True,True
2006-06-23,4.8800666344521764,5.1077081160926445,4.8800666344521764,5.0792527198791504,4,0,0,2006-06-19,2006-06-23,1,True,True
2006-06-30,5.0745108219753652,5.1788468360900879,4.8610972310358065,5.1788468360900879,5,0,0,2006-06-26,2006-06-30,0,True,True
2006-07-07,5.169361425237069,5.169361425237069,5.0223431374233369,5.1266789436340332,5,0,0,2006-07-03,2006-07-07,0,True,True
2006-07-14,5.1219366733142495,5.3448341651953033,5.0650263211120468,5.1693615913391113,5,0,0,2006-07-10,2006-07-14,0,True,True
2006-07-21,5.1788459833341971,5.5155672034987777,5.098222887534714,5.4444289207458496,5,0,0,2006-07-17,2006-07-21,0,True,True
2006-07-28,5.4444287474169322,5.6388733082108944,5.3021533630189639,5.4918532371520996,5,0,0,2006-07-24,2006-07-28,0,True,True
2006-08-04,5.4681405005965225,5.5108256431775251,5.3021523653587916,5.3685474395751953,5,0,0,2006-07-31,2006-08-04,0,True,True
2006-08-11,5.3211214130345983,5.3732891059616463,5.1551331637134492,5.2547268867492676,5,0,0,2006-08-07,2006-08-11,0,True,True
2006-08-18,5.3258649395011153,5.4776257316144124,5.2073016011975293,5.4064874649047852,5,0,0,2006-08-14,2006-08-18,0,True,True
2006-08-25,5.3495771229069993,5.6957816846085674,5.3495771229069993,5.676811695098877,5,0,0,2006-08-21,2006-08-25,0,True,True
2006-09-01,5.6436145633061523,5.762177898268745,5.5392780492137659,5.6151599884033203,5,0,0,2006-08-28,2006-09-01,0,True,True
2006-09-08,5.629386471890383,5.8238302475223263,5.55350699586202,5.6341309547424316,5,0,0,2006-09-04,2006-09-08,0,True,True
2006-09-15,5.5724770929046148,5.9376520010721388,5.5440216917234473,5.866513729095459,5,0,0,2006-09-11,2006-09-15,0,True,True
2006-09-22,5.8522867511936516,5.9091971022243115,5.6436138153076172,5.6436138153076172,5,0,0,2006-09-18,2006-09-22,0,True,True
2006-09-29,5.6341278096148075,5.738465994308604,5.5250493434740395,5.6720705032348633,5,0,0,2006-09-25,2006-09-29,0,True,True
2006-10-06,5.6910400782044812,5.7242385399027444,5.5108245948925418,5.5677342414855957,5,0,0,2006-10-02,2006-10-06,0,True,True
2006-10-13,5.5535063550210388,5.6293871719194009,5.4728816567094576,5.5819621086120605,5,0,0,2006-10-09,2006-10-13,0,True,True
2006-10-20,5.5914461176602899,6.1036416371098436,5.5724760046718824,6.0372452735900879,5,0,0,2006-10-16,2006-10-20,0,True,True
2006-10-27,5.9850767638895093,6.2032314524635757,5.9661067070413178,6.032503604888916,5,0,0,2006-10-23,2006-10-27,0,True,True
2006-11-03,5.9755921399312601,6.084670188753897,5.7479518354417882,5.7764072418212891,5,0,0,2006-10-30,2006-11-03,0,True,True
2006-11-10,5.7906332482023855,5.9091971022243115,5.7526911120552908,5.7811460494995117,5,0,0,2006-11-06,2006-11-10,0,True,True
2006-11-17,5.7716622729077027,5.9281670095371268,5.7289794066800095,5.8001174926757812,5,0,0,2006-11-13,2006-11-17,0,True,True
2006-11-24,5.8096014392268085,5.9566231925953153,5.6388712548430373,5.7194943428039551,5,0,0,2006-11-20,2006-11-24,0,True,True
2006-12-01,5.7289795498970344,5.7432070213404449,5.4965972043826632,5.5108246803283691,5,0,0,2006-11-27,2006-12-01,0,True,True
2006-12-08,5.5819624810686488,5.7621790043369305,5.5582497216911264,5.7052674293518066,4,0,0,2006-12-04,2006-12-08,1,True,True
2006-12-15,5.7289791107177734,5.866513662351025,5.6578413055354098,5.7906332015991211,5,0,0,2006-12-11,2006-12-15,0,True,True
2006-12-22,5.7479512258013274,5.8854846954345703,5.6246425240219651,5.6910381317138672,5,0,0,2006-12-18,2006-12-22,0,True,True
2006-12-29,5.6625847673650025,5.7906313171101829,5.6578425776275907,5.6910381317138672,3,0,0,2006-12-25,2006-12-29,2,True,True
2007-01-05,5.7289817152832354,5.7764072418212891,5.5535056180638289,5.6056733131408691,4,0,0,2007-01-02,2007-01-05,0,True,True
2007-01-12,5.6388735977184341,5.7906341755634445,5.581963238856388,5.7858915328979492,5,0,0,2007-01-08,2007-01-12,0,True,True
2007-01-19,5.8143463526857389,6.0941560567374218,5.8143463526857389,6.0419878959655762,5,0,0,2007-01-15,2007-01-19,0,True,True
2007-01-26,6.0609584365904219,6.1178687913608378,5.8143468654558665,5.8854846954345703,5,0,0,2007-01-22,2007-01-26,0,True,True
2007-02-02,5.8997115098427466,6.2743718119113909,5.8522864459325676,6.2411742210388184,5,0,0,2007-01-29,2007-02-02,0,True,True
2007-02-09,6.1937494880488417,6.274371749486118,6.0040476819226161,6.0372452735900879,5,0,0,2007-02-05,2007-02-09,0,True,True
2007-02-16,5.9993035837083832,6.0704418413757484,5.8949683282480692,6.0467290878295898,5,0,0,2007-02-12,2007-02-16,0,True,True
2007-02-23,6.0609578492305705,6.0894132499998488,5.9803343922508612,6.0514726638793945,5,0,0,2007-02-19,2007-02-23,0,True,True
2007-03-02,6.0894132476955933,6.1652937133406187,5.7811475947773134,5.9281659126281738,5,0,0,2007-02-26,2007-03-02,0,True,True
2007-03-09,5.795376956390748,6.0941562853647131,5.7384665998979552,6.0894136428833008,5,0,0,2007-03-05,2007-03-09,0,True,True
2007-03-16,6.0751864848833694,6.1178689125945178,5.757435511488401,5.9850773811340332,5,0,0,2007-03-12,2007-03-16,0,True,True
2007-03-23,6.037245993573495,6.2174602993099244,5.9850782786913541,6.1937479972839355,5,0,0,2007-03-19,2007-03-23,0,True,True
2007-03-30,6.2174617755898209,6.3893511652774508,6.1226108186834045,6.3844399452209473,5,0,0,2007-03-26,2007-03-30,0,True,True
2007-04-06,6.3697051427730056,6.4924839155931933,6.2960382656319656,6.4237284660339355,4,0,0,2007-04-02,2007-04-05,0,True,True
2007-04-13,6.4139054168450054,6.5514179089957594,6.3058616260921543,6.3795280456542969,4,0,0,2007-04-10,2007-04-13,0,True,True
2007-04-20,6.4040833303470253,6.4286387674514849,6.1143280247944825,6.2518391609191895,5,0,0,2007-04-16,2007-04-20,0,True,True
2007-04-27,6.2763948955384032,6.7675049429549512,6.1388840245296494,6.5759720802307129,5,0,0,2007-04-23,2007-04-27,0,True,True
2007-05-04,6.5072158499686301,7.022883556801399,6.5072158499686301,6.8951945304870605,4,0,0,2007-04-30,2007-05-04,0,True,True
2007-05-11,6.8460832008098613,6.9835933294233348,6.6889281093788826,6.8657269477844238,5,0,0,2007-05-07,2007-05-11,0,True,True
2007-05-18,6.9246612720738678,6.9835940006690702,6.7920611541493727,6.8804607391357422,4,0,0,2007-05-14,2007-05-18,0,True,True
2007-05-25,6.9148380972279444,7.1260166855317681,6.8608167564140885,6.949216365814209,5,0,0,2007-05-21,2007-05-25,0,True,True
2007-06-01,6.9295714992830959,7.0523506732611656,6.7969718860678272,7.0327062606811523,5,0,0,2007-05-28,2007-06-01,0,True,True
2007-06-08,6.9983266120101471,7.0818154581835975,6.5514175216002863,6.6840171813964844,5,0,0,2007-06-04,2007-06-08,0,True,True
2007-06-15,6.7134836616453386,7.0572607409925716,6.679105563305745,7.027794361114502,5,0,0,2007-06-11,2007-06-15,0,True,True
2007-06-22,7.027793623557093,7.1505712863362483,6.9344841977810852,7.0130610466003418,4,0,0,2007-06-18,2007-06-21,0,True,True
2007-06-29,6.9099280998004717,7.013061375992705,6.8215273808679084,6.8657269477844238,5,0,0,2007-06-25,2007-06-29,0,True,True
2007-07-06,6.8264373863886902,7.1211041747749713,6.68401532624664,6.9688596725463867,5,0,0,2007-07-02,2007-07-06,0,True,True
2007-07-13,7.0474391422886358,7.0867279631052673,6.6349060458466154,6.9099278450012207,5,0,0,2007-07-09,2007-07-13,0,True,True
2007-07-20,6.9246617295636392,6.9246617295636392,6.6054379289293195,6.7085714340209961,5,0,0,2007-07-16,2007-07-20,0,True,True
2007-07-27,6.7478611822236223,6.7675064267625151,6.143794919392481,6.1879949569702148,5,0,0,2007-07-23,2007-07-27,0,True,True
2007-08-03,6.1879948467676877,6.28621689054693,6.0455717863065255,6.0799493789672852,5,0,0,2007-07-30,2007-08-03,0,True,True
2007-08-10,5.996461664962327,6.0995938119388109,5.5986616204597963,5.7312617301940918,5,0,0,2007-08-06,2007-08-10,0,True,True
2007-08-17,5.7607286160351805,6.0897728413443684,5.5937508922920509,5.8835062980651855,5,0,0,2007-08-13,2007-08-17,0,True,True
2007-08-24,5.9375269074699579,6.4482825918207016,5.8638607418070219,6.4335494041442871,5,0,0,2007-08-20,2007-08-24,0,True,True
2007-08-31,6.4139050084469638,6.4581045715496517,6.09959389580637,6.4237284660339355,5,0,0,2007-08-27,2007-08-31,0,True,True
2007-09-07,6.4875719208841627,6.5219497261794777,6.2420175477496374,6.3697056770324707,5,0,0,2007-09-03,2007-09-07,0,True,True
2007-09-14,6.384438324992324,6.4433720919926811,6.2174606323242188,6.3549718856811523,5,0,0,2007-09-10,2007-09-14,0,True,True
2007-09-21,6.3402385360175462,6.8902818005528799,6.1830832749316933,6.7773265838623047,5,0,0,2007-09-17,2007-09-21,0,True,True
2007-09-28,6.723303930942822,6.7773263968779203,6.5317734152981055,6.7085714340209961,5,0,0,2007-09-24,2007-09-28,0,True,True
2007-10-05,6.6054383448922707,6.7282171803373183,6.0995942307806787,6.1487054824829102,5,0,0,2007-10-01,2007-10-05,0,True,True
2007-10-12,6.1781724634429178,6.2321930694565983,6.0308385720694755,6.1487054824829102,5,0,0,2007-10-08,2007-10-12,0,True,True
2007-10-19,6.153616884577561,6.1634393233019571,5.6281290394397345,5.7656383514404297,5,0,0,2007-10-15,2007-10-19,0,True,True
2007-10-26,5.6526844316265246,6.0897728405947378,5.5937512021384235,5.849128246307373,5,0,0,2007-10-22,2007-10-26,0,True,True
2007-11-02,5.8933273183285459,6.2567494460861726,5.8442160699986445,5.9326167106628418,5,0,0,2007-10-29,2007-11-02,0,True,True
2007-11-09,5.878595448359035,5.9866394406275836,5.5397272551909644,5.5986604690551758,5,0,0,2007-11-05,2007-11-09,0,True,True
2007-11-16,5.583927298812684,5.6772398243389217,5.3481952163013355,5.4857063293457031,5,0,0,2007-11-12,2007-11-16,0,True,True
2007-11-23,5.5004404014951636,5.5937517078910473,4.9209293009460806,5.1271953582763672,5,0,0,2007-11-19,2007-11-23,0,True,True
2007-11-30,5.225418107142688,5.6379507695410283,4.9798619311168384,5.5299067497253418,5,0,0,2007-11-26,2007-11-30,0,True,True
2007-12-07,5.5446397696582093,5.6477730351208901,5.1517508794599243,5.3874845504760742,4,0,0,2007-12-03,2007-12-07,0,True,True
2007-12-14,5.3285510982066064,5.554461412167587,5.0289733917390542,5.1173734664916992,5,0,0,2007-12-10,2007-12-14,0,True,True
2007-12-21,4.9995063276222274,5.092818305561412,4.9061944147429131,4.9602169990539551,5,0,0,2007-12-17,2007-12-21,0,True,True
2007-12-28,4.9602179091462437,5.0829955755274909,4.9258398440749467,5.0289731025695801,2,0,0,2007-12-27,2007-12-28,0,True,True
2008-01-04,4.9553069830127257,5.1271960368046843,4.8914631010250247,4.9454851150512695,3,0,0,2008-01-02,2008-01-04,0,True,True
2008-01-11,4.9209291384729221,5.0633514111368143,4.7392182732055605,4.8914628028869629,5,0,0,2008-01-07,2008-01-11,0,True,True
2008-01-18,4.9111058372679146,4.9651289795644988,4.5673294342495083,4.5967965126037598,5,0,0,2008-01-14,2008-01-18,0,True,True
2008-01-25,4.5231297227709595,4.6213515471079569,3.8699525541901778,4.454373836517334,5,0,0,2008-01-21,2008-01-25,0,True,True
2008-02-01,4.3807071726671847,4.6950174017269211,4.302129541143767,4.6802845001220703,5,0,0,2008-01-28,2008-02-01,0,True,True
2008-02-08,4.7441287241965782,4.8030619450013026,4.2775740395590276,4.3119516372680664,5,0,0,2008-02-04,2008-02-08,0,True,True
2008-02-15,4.2923072288115236,4.4150848987548255,4.1155071835325838,4.1400628089904785,5,0,0,2008-02-11,2008-02-15,0,True,True
2008-02-22,4.1597078086452477,4.3070411140351688,4.0516630666494473,4.0762181282043457,5,0,0,2008-02-18,2008-02-22,0,True,True
2008-02-29,4.1253288726846638,4.2972180610999082,4.056573722675922,4.0762181282043457,5,0,0,2008-02-25,2008-02-29,0,True,True
2008-03-07,4.0025518165289125,4.3217744269327412,3.9534411976923631,4.2039079666137695,5,0,0,2008-03-03,2008-03-07,0,True,True
2008-03-14,4.159706968790041,4.213729157949909,3.9141521452891785,3.977996826171875,5,0,0,2008-03-10,2008-03-14,0,True,True
2008-03-21,3.8895975488233456,3.9534418892999081,3.5114412138099826,3.7373521327972412,4,0,0,2008-03-17,2008-03-20,0,True,True
2008-03-28,3.7766411764303598,4.0811297527883337,3.7766411764303598,3.9063370227813721,4,0,0,2008-03-25,2008-03-28,0,True,True
2008-04-04,3.8283138408245621,4.1560094421923548,3.7971047909298963,3.9999639987945552,5,0,0,2008-03-31,2008-04-04,0,True,True
2008-04-11,4.0467776068367884,4.1716140596477329,3.9011354591408285,3.9739565849304204,5,0,0,2008-04-07,2008-04-11,0,True,True
2008-04-18,3.9427481688345507,4.0779863929822122,3.8127095699310303,4.0623817443847656,5,0,0,2008-04-14,2008-04-18,0,True,True
2008-04-25,4.057180617388882,4.3848762036178606,3.8491205574352447,4.2912487983703613,5,0,0,2008-04-21,2008-04-25,0,True,True
2008-05-02,4.2912489985548516,4.3432643363532843,4.0311728995952274,4.3172564506530762,4,0,0,2008-04-28,2008-05-02,0,True,True
2008-05-09,4.2444349923722724,4.4576976117336535,4.1924207584675104,4.2912487983703613,5,0,0,2008-05-05,2008-05-09,0,True,True
2008-05-16,4.3172573833979593,4.5045108012994204,4.2548392653218698,4.4628987312316895,5,0,0,2008-05-12,2008-05-16,0,True,True
2008-05-23,4.488906952169307,4.5409217981358356,4.1976210326485202,4.234032154083252,5,0,0,2008-05-19,2008-05-23,0,True,True
2008-05-30,4.1612113708527421,4.1716146373862983,3.9427469318959263,4.0623817443847656,5,0,0,2008-05-26,2008-05-30,0,True,True
2008-06-06,4.0571810197006064,4.1560094661215361,3.9531504944906217,3.9791581630706792,5,0,0,2008-06-02,2008-06-06,0,True,True
2008-06-13,3.9375464931514852,3.9895615875864214,3.5474325379175555,3.7086794376373295,5,0,0,2008-06-09,2008-06-13,0,True,True
2008-06-20,3.7294856294302279,3.7450900327513272,3.1781258583068848,3.1781258583068848,4,0,0,2008-06-16,2008-06-19,0,True,True
2008-06-27,3.0168783944169362,3.2457439636343177,2.9284522509548707,3.1469154357910152,5,0,0,2008-06-23,2008-06-27,0,True,True
2008-07-04,3.1521175160358661,3.1989312223224817,2.8400265719219187,2.9440567493438721,5,0,0,2008-06-30,2008-07-04,0,True,True
2008-07-11,2.9544593304444438,3.0844976852123502,2.8504291980425474,2.8868403434753418,5,0,0,2008-07-07,2008-07-11,0,True,True
2008-07-18,2.9388543668569613,3.1261100943424842,2.7620039488306172,3.1001024246215816,5,0,0,2008-07-14,2008-07-18,0,True,True
2008-07-25,3.0792967442991714,3.5110215387275954,3.0012735461769435,3.1989316940307622,5,0,0,2008-07-21,2008-07-25,0,True,True
2008-08-01,3.1937290842004979,3.2353411507525598,2.9180493723673182,3.0064752101898198,5,0,0,2008-07-28,2008-08-01,0,True,True
2008-08-08,3.0116764951557253,3.7919044494628902,2.9648627912014627,3.7919044494628902,5,0,0,2008-08-04,2008-08-08,0,True,True
2008-08-15,3.7658957887587774,4.0779868082701682,3.6930745552792286,3.8751270771026616,5,0,0,2008-08-11,2008-08-15,0,True,True
2008-08-22,3.8751283463596442,3.9323450774198108,3.453805570749342,3.6046483516693115,5,0,0,2008-08-18,2008-08-22,0,True,True
2008-08-29,3.5422317076493623,3.6878728299538368,3.469410567348314,3.5682380199432373,5,0,0,2008-08-25,2008-08-29,0,True,True
2008-09-05,3.5734403665505532,3.9947618857555911,3.5006192337201263,3.5890443325042725,5,0,0,2008-09-01,2008-09-05,0,True,True
2008-09-12,3.7242832202829854,4.3900762835644516,3.7034771881718207,4.234032154083252,5,0,0,2008-09-08,2008-09-12,0,True,True
2008-09-19,4.0987930888700062,4.3172573135780823,3.8387176897113382,4.3016529083251953,5,0,0,2008-09-15,2008-09-19,0,True,True
2008-09-26,4.3224579311081506,4.3380623326923367,3.5734403665505532,3.6410601139068608,5,0,0,2008-09-22,2008-09-26,0,True,True
2008-10-03,3.7658952047139005,3.9531507565517559,3.3549764104498689,3.854321956634521,5,0,0,2008-09-29,2008-10-03,0,True,True
2008-10-10,3.7086795190431983,3.7606946091223601,2.7516010900866577,2.8140192031860352,5,0,0,2008-10-06,2008-10-10,0,True,True
2008-10-17,2.9648628611463086,3.4746112545318089,2.8712352008066335,3.1261096000671387,5,0,0,2008-10-13,2008-10-17,0,True,True
2008-10-24,3.1417143115751824,3.3913872740461901,2.9440572292430209,3.1625208854675293,5,0,0,2008-10-20,2008-10-24,0,True,True
2008-10-31,3.0532891076716462,3.8023071392007179,3.006475643443185,3.7762997150421138,5,0,0,2008-10-27,2008-10-31,0,True,True
2008-11-07,3.7606946840999451,4.1091958634235501,3.6514628687421755,3.9531505107879639,5,0,0,2008-11-03,2008-11-07,0,True,True
2008-11-14,4.0467780317762188,4.2600397799948171,3.7138809533203427,3.745090007781982,5,0,0,2008-11-10,2008-11-14,0,True,True
2008-11-21,3.6930748110381444,3.739888515401022,2.8088173814206532,2.8348248004913335,5,0,0,2008-11-17,2008-11-21,0,True,True
2008-11-28,2.9388547252987314,3.3809837896035035,2.7880108768310095,3.318565845489502,5,0,0,2008-11-24,2008-11-28,0,True,True
2008-12-05,3.2561480328009496,3.3445735665244589,2.9128481808819071,3.0116770267486572,5,0,0,2008-12-01,2008-12-05,0,True,True
2008-12-12,3.1209086361783958,3.2925584398732921,2.8140191240457693,2.9492588043212891,5,0,0,2008-12-08,2008-12-12,0,True,True
2008-12-19,2.9908700688885985,3.0532881673214187,2.6527717609980019,2.9180493354797363,5,0,0,2008-12-15,2008-12-19,0,True,True
2008-12-26,2.8608323720343281,2.9180490889227113,2.7828099155862454,2.8868403434753418,2,0,0,2008-12-22,2008-12-23,0,True,True
2009-01-02,2.8504297279426973,3.0532889002780634,2.7932130035712008,3.0324828624725342,3,0,0,2008-12-29,2009-01-02,0,True,True
2009-01-09,3.0949001078387948,3.204132424138578,2.7099889177907044,2.8088173866271973,4,0,0,2009-01-05,2009-01-09,0,True,True
2009-01-16,2.8036156551459452,2.8660340044912207,2.377091449041226,2.5123310089111328,5,0,0,2009-01-12,2009-01-16,0,True,True
2009-01-23,2.4239051104234726,2.4915252232304663,2.283465110605575,2.3354802131652836,5,0,0,2009-01-19,2009-01-23,0,True,True
2009-01-30,2.3614873637553191,2.6319659987749198,2.2938675852558585,2.4863235950469975,5,0,0,2009-01-26,2009-01-30,0,True,True
2009-02-06,2.5019276833657336,2.6267646359893209,2.3406813468663685,2.6267642974853516,5,0,0,2009-02-02,2009-02-06,0,True,True
2009-02-13,2.5487418570411902,2.5955553134170164,2.2106435848094055,2.2782633304595947,5,0,0,2009-02-09,2009-02-13,0,True,True
2009-02-20,2.2834648173477601,2.3250768940514259,1.9661722183227539,1.9661722183227539,5,0,0,2009-02-16,2009-02-20,0,True,True
2009-02-27,1.9869785249027185,2.0077845632765001,1.6644841986348162,1.7217007875442503,5,0,0,2009-02-23,2009-02-27,0,True,True
2009-03-06,1.7164996759291242,1.7164996759291242,1.5084387977175717,1.5344465970993042,5,0,0,2009-03-02,2009-03-06,0,True,True
2009-03-13,1.5292451189939018,1.7477087118342383,1.4824314144445696,1.6332755088806152,5,0,0,2009-03-09,2009-03-13,0,True,True
2009-03-20,1.6748875189394232,1.6852905369938367,1.44081932144535,1.472028374671936,5,0,0,2009-03-16,2009-03-20,0,True,True
2009-03-27,1.487632681426948,1.5604538773573229,1.4044088680934164,1.4564237594604492,5,0,0,2009-03-23,2009-03-27,0,True,True
2009-04-03,1.4356179559056161,1.602066048530006,1.3784014842092094,1.5760585069656372,5,0,0,2009-03-30,2009-04-03,0,True,True
2009-04-10,1.60206627509491,1.7685146678485253,1.5968647660464366,1.7529100179672241,4,0,0,2009-04-06,2009-04-09,0,True,True
2009-04-17,1.7633129776243379,1.9869781329746945,1.7217007889160414,1.872545003890991,4,0,0,2009-04-14,2009-04-17,0,True,True
2009-04-24,1.882947671504529,2.2886663679864889,1.700894763689887,2.2522556781768799,5,0,0,2009-04-20,2009-04-24,0,True,True
2009-05-01,2.2158449803468643,2.3926966427086533,2.1482256644725344,2.2678604125976562,4,0,0,2009-04-27,2009-04-30,0,True,True
2009-05-08,2.2730610437804906,2.590354223531969,2.2730610437804906,2.5643465518951416,5,0,0,2009-05-04,2009-05-08,0,True,True
2009-05-15,2.5695473288193629,2.5747487125962114,2.0389934008474047,2.2782633304595947,5,0,0,2009-05-11,2009-05-15,0,True,True
2009-05-22,2.2470541308363714,2.3978983506323535,2.1534265721287307,2.2106432914733887,4,0,0,2009-05-18,2009-05-22,0,True,True
2009-05-29,2.226248237208782,2.226248237208782,2.0910088857534981,2.1950385570526123,5,0,0,2009-05-25,2009-05-29,0,True,True
2009-06-05,2.2418522117812572,2.340681651878123,2.1378221904629933,2.1586282253265381,5,0,0,2009-06-01,2009-06-05,0,True,True
2009-06-12,2.1274191883043452,2.283465010910616,2.1118145380309081,2.1950385570526123,5,0,0,2009-06-08,2009-06-12,0,True,True
2009-06-19,2.2002402134075405,2.2002402134075405,1.9037539664366772,1.919358491897583,4,0,0,2009-06-15,2009-06-18,0,True,True
2009-06-26,1.9297620437505032,2.0337919578272849,1.8725453397385492,1.9661722183227539,5,0,0,2009-06-22,2009-06-26,0,True,True
2009-07-03,1.9765753933353107,2.0702029294167823,1.9505677107204602,1.9765752553939819,5,0,0,2009-06-29,2009-07-03,0,True,True
2009-07-10,1.9765755213071345,1.9765755213071345,1.8309332304514341,1.8517386913299558,5,0,0,2009-07-06,2009-07-10,0,True,True
2009-07-17,1.8361346371625336,2.0650014195042288,1.8361346371625336,2.0389938354492188,5,0,0,2009-07-13,2009-07-17,0,True,True
2009-07-24,2.0650012127378261,2.3718901472722456,2.0181876282122388,2.3406808376312256,5,0,0,2009-07-20,2009-07-24,0,True,True
2009-07-31,2.3822933698394708,2.5428823152609361,2.2834645089636916,2.4285342693328857,5,0,0,2009-07-27,2009-07-31,0,True,True
2009-08-07,2.428534250145943,2.5646635887417917,2.3686381043034821,2.4230895042419434,5,0,0,2009-08-03,2009-08-07,0,True,True
2009-08-14,2.4121988146680873,2.5918893035943236,2.3523026213994425,2.5483279228210449,5,0,0,2009-08-10,2009-08-14,0,True,True
2009-08-21,2.5156574614138569,2.6354497849185767,2.4884308438214289,2.6082243919372559,5,0,0,2009-08-17,2009-08-21,0,True,True
2009-08-28,2.6136685874666989,2.7280177258212408,2.5428822871134749,2.6844563484191895,5,0,0,2009-08-24,2009-08-28,0,True,True
2009-09-04,2.6517855096877732,2.6681210586665882,2.4720963337149713,2.6191146373748779,5,0,0,2009-08-31,2009-09-04,0,True,True
2009-09-11,2.6790105301982718,2.875035765488867,2.6735652622992085,2.8096945285797119,5,0,0,2009-09-07,2009-09-11,0,True,True
2009-09-18,2.7661329578770162,2.8151398039004838,2.6790107417689795,2.8042495250701904,5,0,0,2009-09-14,2009-09-18,0,True,True
2009-09-25,2.809694218039466,2.809694218039466,2.5047661936141292,2.5156564712524414,5,0,0,2009-09-21,2009-09-25,0,True,True
2009-10-02,2.5156571834308998,2.6790107276461845,2.3795277961051475,2.4612050056457524,5,0,0,2009-09-28,2009-10-02,0,True,True
2009-10-09,2.4503147283499844,2.6300047163537617,2.4448694598797549,2.6027791500091553,4,0,0,2009-10-05,2009-10-09,1,True,True
2009-10-16,2.6408947986677629,2.8532557184685245,2.6136692343453389,2.7824690341949467,5,0,0,2009-10-12,2009-10-16,0,True,True
2009-10-23,2.7770235943536035,3.0765065570914549,2.7606883387021233,2.940377950668335,5,0,0,2009-10-19,2009-10-23,0,True,True
2009-10-30,2.9676032210762746,2.9948290435115261,2.722572260225177,2.8096945285797119,5,0,0,2009-10-26,2009-10-30,0,True,True
2009-11-06,2.8042495189987182,2.8750364270514428,2.7497982914808823,2.8205847740173344,5,0,0,2009-11-02,2009-11-06,0,True,True
2009-11-13,2.8587002187219444,2.9022621413954623,2.8260296194891481,2.8804810047149658,5,0,0,2009-11-09,2009-11-13,0,True,True
2009-11-20,2.9077070466064243,3.0601708158652405,2.8859266902982004,2.9131524562835693,5,0,0,2009-11-16,2009-11-20,0,True,True
2009-11-27,2.9621590185141891,3.0383909785765164,2.6953469940838959,2.8587014675140381,5,0,0,2009-11-23,2009-11-27,0,True,True
2009-12-04,2.9022618897840529,3.0002746436753842,2.7715785503387451,2.9294877052307129,5,0,0,2009-11-30,2009-12-04,0,True,True
2009-12-11,2.9077076154061947,2.9458230056792982,2.7770236921595677,2.8314750194549561,5,0,0,2009-12-07,2009-12-11,0,True,True
2009-12-18,2.8478099403992632,2.853254948653662,2.5918891365319134,2.5973341464996338,5,0,0,2009-12-14,2009-12-18,0,True,True
2009-12-25,2.6136694284759416,2.6681205059332052,2.5755533240198294,2.6300044059753418,3,0,0,2009-12-21,2009-12-23,0,True,True
2010-01-01,2.6408941450508427,2.6844566644339491,2.6300038700882582,2.6572310924530029,3,0,0,2009-12-28,2009-12-30,0,True,True
2010-01-08,2.6790111781605175,2.9104296224588619,2.6790111781605175,2.8968169689178467,4,0,0,2010-01-04,2010-01-08,0,True,True
2010-01-15,2.9131522105031893,2.9240424889489223,2.5564952439786781,2.5717415809631343,5,0,0,2010-01-11,2010-01-15,0,True,True
2010-01-22,2.597334112499627,2.6572307792289589,2.2597352645523343,2.438335657119751,5,0,0,2010-01-18,2010-01-22,0,True,True
2010-01-29,2.4230889826602078,2.5211017410964689,2.3876956438755594,2.4328901767730713,5,0,0,2010-01-25,2010-01-29,0,True,True
2010-02-05,2.43397891419905,2.5701080825265326,2.3087414787754885,2.3305222988128662,5,0,0,2010-02-01,2010-02-05,0,True,True
2010-02-12,2.3414121270165782,2.4100210275076646,2.2760702769657617,2.294039249420166,5,0,0,2010-02-08,2010-02-12,0,True,True
2010-02-19,2.3076520507206641,2.4421474813839077,2.2951283479287858,2.4252674579620361,5,0,0,2010-02-15,2010-02-19,0,True,True
2010-02-26,2.4448691925796568,2.5374372064195714,2.4356126006948671,2.5319921970367432,5,0,0,2010-02-22,2010-02-26,0,True,True
2010-03-05,2.5488722461992324,2.674110826434795,2.5374372330503174,2.6550529003143311,5,0,0,2010-03-01,2010-03-05,0,True,True
2010-03-12,2.674655179720995,2.8287523755115536,2.6338168460975115,2.79608154296875,5,0,0,2010-03-08,2010-03-12,0,True,True
2010-03-19,2.7824688078321804,2.8314749510954869,2.6888120689745389,2.7715785503387451,5,0,0,2010-03-15,2010-03-19,0,True,True
2010-03-26,2.7606884037718591,3.0656167037779696,2.7389078461584293,3.0383908748626709,5,0,0,2010-03-22,2010-03-26,0,True,True
2010-04-02,3.0628934910627268,3.2253424336211607,3.0029970668763539,3.1845889091491699,4,0,0,2010-03-29,2010-04-01,0,True,True
2010-04-09,3.231163976710357,3.3417803682333607,3.1467460256082398,3.3039381504058838,4,0,0,2010-04-06,2010-04-09,0,True,True
2010-04-16,3.277739178107363,3.4291095712170518,3.2457184584949226,3.3650686740875244,5,0,0,2010-04-12,2010-04-16,0,True,True
2010-04-23,3.3184930232962864,3.6969171482894563,3.2777397765103031,3.6357870101928711,5,0,0,2010-04-19,2010-04-23,0,True,True
2010-04-30,3.6736291999326047,3.7318483081703229,3.4815069564722552,3.6736304759979248,5,0,0,2010-04-26,2010-04-30,0,True,True
2010-05-07,3.6474304441131196,3.6969176298763546,3.0565061153911559,3.0739719867706299,5,0,0,2010-05-03,2010-05-07,0,True,True
2010-05-14,3.2486296716393359,3.507705668836079,3.2136981850754931,3.4232878684997559,4,0,0,2010-05-10,2010-05-14,0,True,True
2010-05-21,3.4145535852788256,3.7114717772016417,3.309760702468397,3.4174661636352539,5,0,0,2010-05-17,2010-05-21,0,True,True
2010-05-28,3.42619924144579,3.5368150000824281,3.234074805817317,3.5222604274749756,5,0,0,2010-05-24,2010-05-28,0,True,True
2010-06-04,3.5018832835851614,3.7114717774106967,3.4058217739339613,3.5542800426483154,5,0,0,2010-05-31,2010-06-04,0,True,True
2010-06-11,3.4698622643057515,3.8191786342433791,3.4698622643057515,3.7929799556732178,5,0,0,2010-06-07,2010-06-11,0,True,True
2010-06-18,3.8424660251708214,4.0491424155436571,3.8250001679566168,3.8570206165313725,5,0,0,2010-06-14,2010-06-18,0,True,True
2010-06-25,3.9530820737285084,3.9821917731081018,3.6736297582971926,3.68236255645752,4,0,0,2010-06-21,2010-06-24,0,True,True
2010-07-02,3.6619862725554815,3.6910959725883385,3.3184924994299259,3.3650686740875244,5,0,0,2010-06-28,2010-07-02,0,True,True
2010-07-09,3.3854450242335923,3.5717468071380143,3.2981162071228027,3.5513699054718018,5,0,0,2010-07-05,2010-07-09,0,True,True
2010-07-16,3.5804784474388858,3.6736302293750063,3.3534246710880353,3.3854451179504395,5,0,0,2010-07-12,2010-07-16,0,True,True
2010-07-23,3.3912670770076421,3.6532527594669664,3.3534248548289245,3.5484580993652339,5,0,0,2010-07-19,2010-07-23,0,True,True
2010-07-30,3.6095883399213875,3.7318502830213571,3.5833899472605331,3.6183226108551025,5,0,0,2010-07-26,2010-07-30,0,True,True
2010-08-06,3.6619866683332343,3.8424657571846819,3.6590756424931978,3.8104453086853027,5,0,0,2010-08-02,2010-08-06,0,True,True
2010-08-13,3.8075336067754186,3.88612961769104,3.5863013633381904,3.6998288631439209,5,0,0,2010-08-09,2010-08-13,0,True,True
2010-08-20,3.7202053482944026,3.8133553373137348,3.6037671048464834,3.6416091918945308,5,0,0,2010-08-16,2010-08-20,0,True,True
2010-08-27,3.627053932214483,3.6852730407551233,3.4523964376689875,3.5979459285736084,5,0,0,2010-08-23,2010-08-27,0,True,True
2010-09-03,3.6212335829247069,3.9297939286763826,3.5077056352221172,3.8541092872619629,5,0,0,2010-08-30,2010-09-03,0,True,True
2010-09-10,3.8628424260384637,4.0578765341352838,3.7958903417789176,4.0200343132019043,5,0,0,2010-09-06,2010-09-10,0,True,True
2010-09-17,4.0578760843117498,4.2121570846510448,4.0171228424054819,4.1219172477722168,5,0,0,2010-09-13,2010-09-17,0,True,True
2010-09-24,4.1219173789561134,4.2208902752746509,3.804622984442235,4.0083904266357422,5,0,0,2010-09-20,2010-09-24,0,True,True
2010-10-01,4.0404108385489454,4.3256856790715483,3.9327053965065191,4.2674665451049805,5,0,0,2010-09-27,2010-10-01,0,True,True
2010-10-08,4.2703766515868971,4.3780825691649712,4.1684927932424403,4.3373279571533203,5,0,0,2010-10-04,2010-10-08,0,True,True
2010-10-15,4.3373278035794334,4.4275682447046814,4.2296230314156054,4.255821704864502,5,0,0,2010-10-11,2010-10-15,0,True,True
2010-10-22,4.2267128059486545,4.2616441062046428,4.0986296646387501,4.241267204284668,5,0,0,2010-10-18,2010-10-22,0,True,True
2010-10-29,4.2820201234599766,4.4770543724042611,4.1393833108940061,4.1568489074707031,5,0,0,2010-10-25,2010-10-29,0,True,True
2010-11-05,4.2092464511369405,4.3547939292752522,4.1190065383218322,4.2499995231628418,5,0,0,2010-11-01,2010-11-05,0,True,True
2010-11-12,4.2412663456237993,4.3897255240349713,4.1597600581126732,4.1801366806030273,5,0,0,2010-11-08,2010-11-12,0,True,True
2010-11-19,4.1510276938783131,4.2529100597234768,4.0374983966461935,4.116096019744873,5,0,0,2010-11-15,2010-11-19,0,True,True
2010-11-26,4.119006282544599,4.1335611309769353,3.8249992014894234,3.9239730834960938,5,0,0,2010-11-22,2010-11-26,0,True,True
2010-12-03,3.9501708601545871,4.1859586739435226,3.8279102713331121,4.1510272026062012,5,0,0,2010-11-29,2010-12-03,0,True,True
2010-12-10,4.0986294491147968,4.1917806045147783,4.0258563898958259,4.0433211326599121,4,0,0,2010-12-07,2010-12-10,0,True,True
2010-12-17,4.0753419218112192,4.0869857447691116,3.9181509835680526,4.0054798126220703,5,0,0,2010-12-13,2010-12-17,0,True,True
2010-12-24,4.0258555431959637,4.4450347243386013,4.017122745513916,4.4246578216552734,4,0,0,2010-12-20,2010-12-23,0,True,True
2010-12-31,4.4246569946370844,4.5352737728901475,4.4071913985852582,4.4741435050964355,4,0,0,2010-12-27,2010-12-31,1,True,True
2011-01-07,4.485786802320689,4.709930921502238,4.485786802320689,4.6546225547790527,4,0,0,2011-01-03,2011-01-07,0,True,True
2011-01-14,4.6546225211769094,4.8904099576899975,4.5381842935644157,4.8380131721496573,5,0,0,2011-01-10,2011-01-14,0,True,True
2011-01-21,4.8409243346162842,5.0563360369597152,4.7565064807387865,4.9049654006958008,5,0,0,2011-01-17,2011-01-21,0,True,True
2011-01-28,4.9835611664515884,5.2309930044955024,4.9660950157968751,5.0941786766052246,5,0,0,2011-01-24,2011-01-28,0,True,True
2011-02-04,5.0650671592137924,5.2309925526809362,4.8874997947268337,4.9311647415161124,5,0,0,2011-01-31,2011-02-04,0,True,True
2011-02-11,4.9893838547672615,5.1058224908376824,4.7885279068235489,4.9136981964111328,5,0,0,2011-02-07,2011-02-11,0,True,True
2011-02-18,4.9369850600250027,5.024314143037425,4.8321914995578137,4.8875002861022949,5,0,0,2011-02-14,2011-02-18,0,True,True
2011-02-25,4.8845885501178792,4.9806509352613659,4.6866433083173193,4.8321914672851562,5,0,0,2011-02-21,2011-02-25,0,True,True
2011-03-04,4.864210558357299,4.864210558357299,4.654623285958861,4.7303085327148438,5,0,0,2011-02-28,2011-03-04,0,True,True
2011-03-11,4.7157539593181212,4.8147266130357123,4.5556494774462006,4.573115348815918,5,0,0,2011-03-07,2011-03-11,0,True,True
2011-03-18,4.5265414028632378,4.5702056778061753,4.185959086914206,4.4188351631164551,5,0,0,2011-03-14,2011-03-18,0,True,True
2011-03-25,4.5003416719520706,4.7273964260931454,4.4799650521031671,4.7070198059082031,5,0,0,2011-03-21,2011-03-25,0,True,True
2011-04-01,4.7215751360216744,5.0854443231449693,4.645890331969901,5.0621566772460938,5,0,0,2011-03-28,2011-04-01,0,True,True
2011-04-08,5.065067481916449,5.1494871144947103,4.9806502846308494,5.0650687217712402,5,0,0,2011-04-04,2011-04-08,0,True,True
2011-04-15,5.0388693205979873,5.0621569678336646,4.8816780922183591,5.0301370620727539,5,0,0,2011-04-11,2011-04-15,0,True,True
2011-04-22,5.0359594327228185,5.1058219561109954,4.7477736049401749,5.0379781723022461,4,0,0,2011-04-18,2011-04-21,0,True,True
2011-04-29,5.0889582693844497,5.2059117405529518,4.8280635278151234,4.8790431022644043,4,0,0,2011-04-26,2011-04-29,0,True,True
2011-05-06,4.8970358735290427,4.9030336052873578,4.5911582125001287,4.8160676956176758,5,0,0,2011-05-02,2011-05-06,0,True,True
2011-05-13,4.8040739906068843,4.8790423083382208,4.7380994771144973,4.8010730743408203,5,0,0,2011-05-09,2011-05-13,0,True,True
2011-05-20,4.7530928022056358,4.8160677716850246,4.666129255889798,4.7081122398376465,5,0,0,2011-05-16,2011-05-20,0,True,True
2011-05-27,4.6421378659505406,4.76508958513657,4.5791621428523275,4.6211457252502441,5,0,0,2011-05-23,2011-05-27,0,True,True
2011-06-03,4.6091514639582565,4.6871197194022383,4.3632492262974525,4.4322214126586914,4,0,0,2011-05-30,2011-06-03,0,True,True
2011-06-10,4.402233885075626,4.4502149856536697,4.2073118730086527,4.2343010902404785,5,0,0,2011-06-06,2011-06-10,0,True,True
2011-06-17,4.2462965023691339,4.3362605501626801,4.138339319194924,4.2492947578430176,5,0,0,2011-06-13,2011-06-17,0,True,True
2011-06-24,4.1983157391052073,4.3872401323444299,4.1023543280131083,4.2372994422912598,4,0,0,2011-06-20,2011-06-23,0,True,True
2011-07-01,4.1383400093052245,4.4472161602311049,4.0603712169328441,4.4292235374450684,5,0,0,2011-06-27,2011-07-01,0,True,True
2011-07-08,4.4442167583908301,4.4891988819054935,4.2702868016567548,4.2972760200500488,5,0,0,2011-07-04,2011-07-08,0,True,True
2011-07-15,4.246297433342165,4.2762849844047972,3.9584124186900511,4.0093908309936523,5,0,0,2011-07-11,2011-07-15,0,True,True
2011-07-22,3.9824025726877568,4.0363810134129388,3.5475771803043541,3.7305042743682861,5,0,0,2011-07-18,2011-07-22,0,True,True
2011-07-29,3.7215067561655393,3.7634896724315188,3.556572948256314,3.6045539379119873,5,0,0,2011-07-25,2011-07-29,0,True,True
2011-08-05,3.676524854878318,3.715509246636576,2.8056740441824535,2.8728470802307129,5,0,0,2011-08-01,2011-08-05,0,True,True
2011-08-12,2.8452588846979574,3.1727269006585175,2.7133116973188618,3.1427388191223145,5,0,0,2011-08-08,2011-08-12,0,True,True
2011-08-19,3.2297050721388176,3.2327036523136363,2.712112039401696,2.7768862247467041,5,0,0,2011-08-15,2011-08-19,0,True,True
2011-08-26,2.7576932057759045,2.9172296732749992,2.7361018456033377,2.8188686370849609,5,0,0,2011-08-22,2011-08-26,0,True,True
2011-09-02,2.8668499513482244,3.1247461970337929,2.8200686787036586,2.9376213550567627,5,0,0,2011-08-29,2011-09-02,0,True,True
2011-09-09,2.8764457362395985,2.8764457362395985,2.6965181838266203,2.7025160789489746,5,0,0,2011-09-05,2011-09-09,0,True,True
2011-09-16,2.6389414831684341,2.9400202065792951,2.5021965543824183,2.8836429119110107,5,0,0,2011-09-12,2011-09-16,0,True,True
2011-09-23,2.8248669248295233,2.8596530242268496,2.4230276644697781,2.5261862277984619,5,0,0,2011-09-19,2011-09-23,0,True,True
2011-09-30,2.4626121932139329,2.760092716841688,2.444619570425592,2.6521358489990234,5,0,0,2011-09-26,2011-09-30,0,True,True
2011-10-07,2.5789656156038832,2.8068737477754295,2.4698089428811314,2.7672896385192871,5,0,0,2011-10-03,2011-10-07,0,True,True
2011-10-14,2.7756867878247653,3.0887604976489618,2.719309478159357,2.8188686370849609,5,0,0,2011-10-10,2011-10-14,0,True,True
2011-10-21,2.848857289962599,2.8932394168181483,2.5609725473727796,2.7169101238250732,5,0,0,2011-10-17,2011-10-21,0,True,True
2011-10-28,2.7588931329917243,3.0377814973808817,2.6977178194339553,2.9508163928985596,5,0,0,2011-10-24,2011-10-28,0,True,True
2011-11-04,2.8956381914730223,2.9184291109010614,2.5789656411283106,2.6977176666259766,5,0,0,2011-10-31,2011-11-04,0,True,True
2011-11-11,2.6629320932886458,2.7696892634212418,2.5369821215346873,2.6545348167419434,5,0,0,2011-11-07,2011-11-11,0,True,True
2011-11-18,2.6941191344149766,2.7001165793627178,2.3846433683049564,2.3858428001403809,5,0,0,2011-11-14,2011-11-18,0,True,True
2011-11-25,2.3858426578265441,2.3870422325841956,2.2359029735374989,2.3558545112609863,5,0,0,2011-11-21,2011-11-25,0,True,True
2011-12-02,2.3930400187975644,2.8380610197956782,2.384643423779139,2.8056740760803223,5,0,0,2011-11-28,2011-12-02,0,True,True
2011-12-09,2.8776451452047032,2.9016361971197209,2.5609726568559967,2.6437394618988037,4,0,0,2011-12-05,2011-12-09,0,True,True
2011-12-16,2.6449388703068242,2.6593331966170215,2.456614381257487,2.4782059192657471,5,0,0,2011-12-12,2011-12-16,0,True,True
2011-12-23,2.4590133113802422,2.6881217437266924,2.4470181356559499,2.6869223117828374,5,0,0,2011-12-19,2011-12-23,0,True,True
2011-12-30,2.6989168435426802,2.7840833838300871,2.6449386444278633,2.775686502456665,4,0,0,2011-12-27,2011-12-30,0,True,True
2012-01-06,2.7888818424441251,3.0317830854739536,2.7768866634094511,2.914830207824707,4,0,0,2012-01-02,2012-01-05,0,True,True
2012-01-13,2.9364221332897378,3.2656900024689866,2.8524558926252666,3.0497763156890874,5,0,0,2012-01-09,2012-01-13,0,True,True
2012-01-20,3.0227876814765553,3.4426191112289097,3.019788815513782,3.4096324443817143,5,0,0,2012-01-16,2012-01-20,0,True,True
2012-01-27,3.4156303127819871,3.5145900949829159,3.3016747557843207,3.3406591415405269,5,0,0,2012-01-23,2012-01-27,0,True,True
2012-02-03,3.3256656237638138,3.4396205313246861,3.1877209625603204,3.4096324443817143,5,0,0,2012-01-30,2012-02-03,0,True,True
2012-02-10,3.4216270283886927,3.526585396149664,3.2656899921821885,3.3046743869781494,5,0,0,2012-02-06,2012-02-10,0,True,True
2012-02-17,3.337661403889518,3.4066332379038626,3.2267054969041453,3.3946380615234375,5,0,0,2012-02-13,2012-02-17,0,True,True
2012-02-24,3.4156303836734296,3.5685683876649885,3.3526543451812487,3.4366214275360107,5,0,0,2012-02-20,2012-02-24,0,True,True
2012-03-02,3.4186282625173634,3.4666092518965534,3.3286648367921701,3.4366214275360107,5,0,0,2012-02-27,2012-03-02,0,True,True
2012-03-09,3.4186286422168322,3.4336226851889622,3.1697282460446448,3.3526554107666011,5,0,0,2012-03-05,2012-03-09,0,True,True
2012-03-16,3.3346619188013191,3.4816025886786957,3.2896800823898631,3.4606111049652095,5,0,0,2012-03-12,2012-03-16,0,True,True
2012-03-23,3.4456182895030043,3.4696086468373282,3.1937189852436338,3.2686889171600346,5,0,0,2012-03-19,2012-03-23,0,True,True
2012-03-30,3.2926790790680718,3.4546139441366392,3.2267052931667757,3.3406591415405269,5,0,0,2012-03-26,2012-03-30,0,True,True
2012-04-06,3.3826427349736337,3.4366216535335607,3.1427392278852748,3.2297046184539795,4,0,0,2012-04-02,2012-04-05,0,True,True
2012-04-13,3.1787248127196293,3.1997166280227969,3.0617716312408447,3.1097526550292969,4,0,0,2012-04-10,2012-04-13,0,True,True
2012-04-20,3.1097521053677011,3.3016759076880602,3.0947580648544455,3.1457371711730957,5,0,0,2012-04-16,2012-04-20,0,True,True
2012-04-27,3.1187487877164903,3.420501098051806,3.0617717701470606,3.3632807731628418,5,0,0,2012-04-23,2012-04-27,0,True,True
2012-05-04,3.3791753057903473,3.3887119338002414,3.046662224587116,3.0733652114868164,4,0,0,2012-04-30,2012-05-04,0,True,True
2012-05-11,2.9907133841722358,3.1407580184534272,2.9818124902790157,3.1051540374755864,5,0,0,2012-05-07,2012-05-11,0,True,True
2012-05-18,3.0606494147964436,3.0911668090549496,2.7491167927605482,2.7809059619903564,4,0,0,2012-05-14,2012-05-18,0,True,True
2012-05-25,2.7783629285763669,2.972911672707037,2.7618326078380577,2.8622853755950928,5,0,0,2012-05-21,2012-05-25,0,True,True
2012-06-01,2.9029761424009042,2.9423938481045147,2.6639220157882009,2.6893532276153564,5,0,0,2012-05-28,2012-06-01,0,True,True
2012-06-08,2.6499353091520934,2.8877164011076468,2.629590276225175,2.8266820907592773,5,0,0,2012-06-04,2012-06-08,0,True,True
2012-06-15,2.9106051545004075,3.0097869482687845,2.758017995641517,2.983083963394165,5,0,0,2012-06-11,2012-06-15,0,True,True
2012-06-22,3.0517489643287705,3.1534735377730994,2.9309505362445054,3.0911669731140137,4,0,0,2012-06-18,2012-06-21,0,True,True
2012-06-29,3.064464684188589,3.0822664754793023,2.8635574925605658,3.0771796703338623,5,0,0,2012-06-25,2012-06-29,0,True,True
2012-07-06,3.0720933559332604,3.2488407913058004,3.0479339155115914,3.1165986061096191,5,0,0,2012-07-02,2012-07-06,0,True,True
2012-07-13,3.1254988085205184,3.1884419417623455,3.0568345979979337,3.12422776222229,5,0,0,2012-07-09,2012-07-13,0,True,True
2012-07-20,3.1344002748656146,3.3155975622490215,2.9767262548066906,3.0034289360046387,5,0,0,2012-07-16,2012-07-20,0,True,True
2012-07-27,2.9373077633033575,2.95510955136649,2.7262283883015175,2.9322214126586914,5,0,0,2012-07-23,2012-07-27,0,True,True
2012-08-03,2.938579136099686,3.0339466724821738,2.8292250633239746,2.9245922565460201,5,0,0,2012-07-30,2012-08-03,0,True,True
2012-08-10,2.924592580636066,3.1420299997684729,2.8928040838065168,3.1204130649566655,5,0,0,2012-08-06,2012-08-10,0,True,True
2012-08-17,3.1216848346983181,3.236124657661176,3.0441187719046066,3.2329456806182861,5,0,0,2012-08-13,2012-08-17,0,True,True
2012-08-24,3.2170518329375204,3.2488402816329467,3.0835376993099572,3.1344001293182377,5,0,0,2012-08-20,2012-08-24,0,True,True
2012-08-31,3.1254991474236391,3.1947994034384046,3.0237743736949465,3.0517487525939941,5,0,0,2012-08-27,2012-08-31,0,True,True
2012-09-07,3.0530201524753044,3.2933452529458127,3.0288601858444197,3.2615563869476323,5,0,0,2012-09-03,2012-09-07,0,True,True
2012-09-14,3.2583777601294996,3.3982486203495861,3.1884417281237836,3.3442075252532959,5,0,0,2012-09-10,2012-09-14,0,True,True
2012-09-21,3.3346710025179731,3.3346710025179731,3.1789048271675124,3.2138726711273189,5,0,0,2012-09-17,2012-09-21,0,True,True
2012-09-28,3.1947990999652736,3.2170517740593829,3.0606496044940013,3.0733652114868164,5,0,0,2012-09-24,2012-09-28,0,True,True
2012-10-05,3.0530200651085422,3.1305851739050805,2.9652819407504678,3.0886237621307377,5,0,0,2012-10-01,2012-10-05,0,True,True
2012-10-12,3.0339467656119363,3.0504771335419618,2.9563816963654097,2.999614953994751,5,0,0,2012-10-08,2012-10-12,0,True,True
2012-10-19,2.9970717913187306,3.122956128108183,2.9856276532291148,3.0314037799835205,5,0,0,2012-10-15,2012-10-19,0,True,True
2012-10-26,3.0288607213773902,3.2106938284343194,2.919506045111774,3.0771796703338623,5,0,0,2012-10-22,2012-10-26,0,True,True
2012-11-02,3.0682797592506987,3.2170517740593829,3.0530209059637232,3.2043361663818359,5,0,0,2012-10-29,2012-11-02,0,True,True
2012-11-09,3.166189219985402,3.2774507384632865,3.0771803089542029,3.1064262390136719,5,0,0,2012-11-05,2012-11-09,0,True,True
2012-11-16,3.1000679105217577,3.1026111531984655,2.9512956142425537,2.9512956142425537,5,0,0,2012-11-12,2012-11-16,0,True,True
2012-11-23,2.98817022567476,3.1382143477659277,2.9767263921555851,3.1331281661987305,5,0,0,2012-11-19,2012-11-23,0,True,True
2012-11-30,3.1254990116284973,3.2329462628743735,3.0492056579967683,3.2011570930480961,5,0,0,2012-11-26,2012-11-30,0,True,True
2012-12-07,3.2138724046601244,3.3696391961412582,3.1776330939359614,3.3219554424285889,4,0,0,2012-12-03,2012-12-07,0,True,True
2012-12-14,3.306060953095014,3.4268590260128398,3.2742720862014814,3.3124191761016846,5,0,0,2012-12-10,2012-12-14,0,True,True
2012-12-21,3.2965237780545316,3.4236812103010914,3.2933448009418251,3.3823552131652836,5,0,0,2012-12-17,2012-12-21,0,True,True
2012-12-28,3.3728178121950609,3.4141436100990958,3.3219544635564571,3.3346700668334961,2,0,0,2012-12-27,2012-12-28,0,True,True
2013-01-04,3.4014283411240309,3.5635519490272363,3.3791761027979179,3.5571939945220952,3,0,0,2012-12-31,2013-01-04,1,True,True
2013-01-11,3.5476575461695821,3.5540155009977439,3.3092399846946199,3.3696389198303223,5,0,0,2013-01-07,2013-01-11,0,True,True
2013-01-18,3.3728184198991498,3.490437852803681,3.2551984693260585,3.3950705528259277,5,0,0,2013-01-14,2013-01-18,0,True,True
2013-01-25,3.4077865459074501,3.4650064421016746,3.3982489425114806,3.461827278137207,5,0,0,2013-01-21,2013-01-25,0,True,True
2013-02-01,3.4650063514709468,3.4872584342956543,3.3060603794332879,3.3569231033325195,5,0,0,2013-01-28,2013-02-01,0,True,True
2013-02-08,3.3759966619212469,3.3887122682440327,3.0784513690712365,3.1013393402099609,5,0,0,2013-02-04,2013-02-08,0,True,True
2013-02-15,3.1013395031923494,3.1560172034402525,3.073365437505045,3.0822658538818359,5,0,0,2013-02-11,2013-02-15,0,True,True
2013-02-22,3.0720932432462238,3.1661891321549902,3.0339462483450328,3.0848095417022701,5,0,0,2013-02-18,2013-02-22,0,True,True
2013-03-01,3.1038826691014711,3.3314917456312316,3.059378012013874,3.2997028827667236,5,0,0,2013-02-25,2013-03-01,0,True,True
2013-03-08,3.271092948197837,3.3950704863403685,3.267913970715135,3.3505654335021973,5,0,0,2013-03-04,2013-03-08,0,True,True
2013-03-15,3.3473865985870366,3.4046068656729562,3.2965241332362396,3.3187763690948486,5,0,0,2013-03-11,2013-03-15,0,True,True
2013-03-22,3.2615558831218592,3.3028822036806322,3.2170518755086528,3.2488410472869873,5,0,0,2013-03-18,2013-03-22,0,True,True
2013-03-29,3.290166344591126,3.3251341856516943,3.1820838336835227,3.2011570930480961,4,0,0,2013-03-25,2013-03-28,0,True,True
2013-04-05,3.1979786744981147,3.2456613401232213,3.1471151617572355,3.1763610839843754,4,0,0,2013-04-02,2013-04-05,0,True,True
2013-04-12,3.1820842887862115,3.2901663950334363,3.1331290572646289,3.2361249923706055,5,0,0,2013-04-08,2013-04-12,0,True,True
2013-04-19,3.2520199873438611,3.2551989654139457,3.0275888160143074,3.0581066608428955,5,0,0,2013-04-15,2013-04-19,0,True,True
2013-04-26,3.0962531415641839,3.6189921409462298,3.0326751074470102,3.5920350551605225,5,0,0,2013-04-22,2013-04-26,0,True,True
2013-05-03,3.602143814713374,3.6863853268397793,3.5212727912569797,3.6291017532348637,4,0,0,2013-04-29,2013-05-03,0,True,True
2013-05-10,3.622361939148893,3.902042499146932,3.6189922230108147,3.8481283187866211,4,0,0,2013-05-06,2013-05-10,0,True,True
2013-05-17,3.8447577219184108,3.9087819323689024,3.7807355933362321,3.8481283187866211,5,0,0,2013-05-13,2013-05-17,0,True,True
2013-05-24,3.8481279601511118,3.8818244804128099,3.7167115345543871,3.7402992248535152,5,0,0,2013-05-20,2013-05-24,0,True,True
2013-05-31,3.743668569931089,3.8986721038818355,3.7369294594731932,3.8009529113769531,5,0,0,2013-05-27,2013-05-31,0,True,True
2013-06-07,3.767256309749262,3.773995420296298,3.4639886967234115,3.5617082118988037,5,0,0,2013-06-03,2013-06-07,0,True,True
2013-06-14,3.5179038381795342,3.5684486283995618,3.369639648683493,3.5280120372772212,5,0,0,2013-06-10,2013-06-14,0,True,True
2013-06-21,3.5313819364967842,3.5852954701751085,3.3602044204741617,3.3831179141998291,4,0,0,2013-06-17,2013-06-20,0,True,True
2013-06-28,3.3103336895128952,3.4943160086834881,3.2469842433929443,3.4707286357879639,5,0,0,2013-06-24,2013-06-28,0,True,True
2013-07-05,3.5044248742465087,3.6796457707178809,3.4235534781190675,3.5785565376281738,5,0,0,2013-07-01,2013-07-05,0,True,True
2013-07-12,3.5852963122109398,3.7942140554671613,3.578556879396201,3.7436692714691162,5,0,0,2013-07-08,2013-07-12,0,True,True
2013-07-19,3.7504086773296073,3.8447583833102987,3.6257326032042116,3.6897549629211421,5,0,0,2013-07-15,2013-07-19,0,True,True
2013-07-26,3.6729066741838245,3.760517466886995,3.6627985263521898,3.7066032886505127,5,0,0,2013-07-22,2013-07-26,0,True,True
2013-08-02,3.6897550818151905,3.8548667646931398,3.6661677088286964,3.8211705684661865,5,0,0,2013-07-29,2013-08-02,0,True,True
2013-08-09,3.8245401382446289,4.036827322547162,3.7874739060524427,4.0166096687316895,5,0,0,2013-08-05,2013-08-09,0,True,True
2013-08-16,3.9896533832397703,4.1345475267953589,3.9896533832397703,4.1278080940246582,5,0,0,2013-08-12,2013-08-16,0,True,True
2013-08-23,4.1176986063019427,4.1648733427210489,3.9930231000030654,4.0368270874023438,5,0,0,2013-08-19,2013-08-23,0,True,True
2013-08-30,4.0435680745836482,4.1042216985356559,3.9188900414275483,3.9391078948974614,5,0,0,2013-08-26,2013-08-30,0,True,True
2013-09-06,3.9862832208492214,4.2760719049333025,3.9862832208492214,4.265963077545166,5,0,0,2013-09-02,2013-09-06,0,True,True
2013-09-13,4.2558543699536999,4.5153160728890143,4.2558543699536999,4.5119466781616211,5,0,0,2013-09-09,2013-09-13,0,True,True
2013-09-20,4.5490137908398625,4.6804287396567545,4.4782503708168981,4.5254254341125488,5,0,0,2013-09-16,2013-09-20,0,True,True
2013-09-27,4.5422733088887002,4.5624912846900436,4.4007495411250126,4.4647712707519531,5,0,0,2013-09-23,2013-09-27,0,True,True
2013-10-04,4.3434651757007483,4.3636828315533629,4.1446569026448499,4.1884622573852539,5,0,0,2013-09-30,2013-10-04,0,True,True
2013-10-11,4.1615039186744305,4.4041184717768829,4.0806323457304181,4.3670525550842285,5,0,0,2013-10-07,2013-10-11,0,True,True
2013-10-18,4.3636819780716474,4.7107559446826244,4.3502034363548567,4.6467318534851074,5,0,0,2013-10-14,2013-10-18,0,True,True
2013-10-25,4.6399926649802046,4.7040163013548311,4.3771612628269647,4.5018377304077148,5,0,0,2013-10-21,2013-10-25,0,True,True
2013-11-01,4.5389033140098887,4.7309735908219119,4.4967828312330616,4.6972770690917969,5,0,0,2013-10-28,2013-11-01,0,True,True
2013-11-08,4.6972770534797172,4.919672882013538,4.6972770534797172,4.838801383972168,5,0,0,2013-11-04,2013-11-08,0,True,True
2013-11-15,4.8489107849666775,4.8893464156407376,4.6602109288173557,4.838801383972168,5,0,0,2013-11-11,2013-11-15,0,True,True
2013-11-22,4.8320616709987156,4.9466294316662198,4.7949960303964874,4.9163036346435547,5,0,0,2013-11-18,2013-11-22,0,True,True
2013-11-29,4.933152555190258,5.0780461626195663,4.8792366203239403,4.8994545936584473,5,0,0,2013-11-25,2013-11-29,0,True,True
2013-12-06,4.9028246440029299,4.946629988088767,4.6939073813015471,4.7040162086486816,4,0,0,2013-12-02,2013-12-05,0,True,True
2013-12-13,4.7242341846967779,4.7276035795766038,4.5759707452114311,4.6433634757995605,5,0,0,2013-12-09,2013-12-13,0,True,True
2013-12-20,4.6096662853373171,4.8185840460780893,4.6062965691901026,4.7983660697937012,5,0,0,2013-12-16,2013-12-20,0,True,True
2013-12-27,4.7815178208362799,4.9331517219543457,4.7747787096284586,4.9331517219543457,2,0,0,2013-12-23,2013-12-27,0,True,True
2014-01-03,4.9230427459264376,4.9803266379232003,4.8388015964706614,4.9331517219543457,3,0,0,2013-12-30,2014-01-03,0,True,True
2014-01-10,4.9533698831743571,5.1488088146798283,4.9331522266123322,5.0510892868041992,4,0,0,2014-01-07,2014-01-10,0,True,True
2014-01-17,5.0611980389662641,5.2364193495027731,5.0207623476205461,5.1151123046875,5,0,0,2014-01-13,2014-01-17,0,True,True
2014-01-24,5.0814159568772093,5.1656568587901219,4.8051052093505859,4.8051052093505859,5,0,0,2014-01-20,2014-01-24,0,True,True
2014-01-31,4.8051048593896466,4.9196728172724153,4.6231454700007726,4.6770596504211426,5,0,0,2014-01-27,2014-01-31,0,True,True
2014-02-07,4.6770597825624982,5.2498972373939647,4.4984693217054232,5.2296795845031738,5,0,0,2014-02-03,2014-02-07,0,True,True
2014-02-14,5.1555477693963816,5.5059903687830802,5.1285906829210237,5.4554462432861328,5,0,0,2014-02-10,2014-02-14,0,True,True
2014-02-21,5.4385972773869957,5.5464254693626796,5.3846831034449618,5.5160984992980957,5,0,0,2014-02-17,2014-02-21,0,True,True
2014-02-28,5.5059912544793903,5.6441457401932604,5.489143313266708,5.5632743835449219,5,0,0,2014-02-24,2014-02-28,0,True,True
2014-03-07,5.4385978432717792,5.5194697078440464,5.3105521202087402,5.3105521202087402,5,0,0,2014-03-03,2014-03-07,0,True,True
2014-03-14,5.2802243746833657,5.3779441260913456,4.99380536468282,5.0443501472473145,5,0,0,2014-03-10,2014-03-14,0,True,True
2014-03-21,5.0275024020770989,5.2431586860492034,5.0173935730688486,5.0881552696228027,5,0,0,2014-03-17,2014-03-21,0,True,True
2014-03-28,5.078046408873397,5.3206610554023364,4.9264127020580366,5.2330503463745117,5,0,0,2014-03-24,2014-03-28,0,True,True
2014-04-04,5.2701165886152976,5.5194685029714243,5.2094629713877438,5.4689240455627441,5,0,0,2014-03-31,2014-04-04,0,True,True
2014-04-11,5.4385971140271012,5.482402023985669,5.1285919889528238,5.1858758926391602,5,0,0,2014-04-07,2014-04-11,0,True,True
2014-04-18,5.1386999422567223,5.1454393751193646,4.9904356002807617,5.0510892868041992,4,0,0,2014-04-14,2014-04-17,0,True,True
2014-04-25,5.064568316995401,5.4458096403661029,4.997537335977265,5.018549919128418,4,0,0,2014-04-22,2014-04-25,0,True,True
2014-05-02,5.0395627021789551,5.2566946332561573,4.9835283692925039,5.1691408157348633,4,0,0,2014-04-28,2014-05-02,0,True,True
2014-05-09,5.1796468953899986,5.3302396874011198,5.0885914943215758,5.2742056846618652,5,0,0,2014-05-05,2014-05-09,0,True,True
2014-05-16,5.3302391807289622,5.4703237357667858,5.1061017514004874,5.1516294479370117,5,0,0,2014-05-12,2014-05-16,0,True,True
2014-05-23,5.1481288300582424,5.4282991159044096,5.1341203294127524,5.3827705383300781,5,0,0,2014-05-19,2014-05-23,0,True,True
2014-05-30,5.3827707455953604,5.4808311600549144,5.2461883453778526,5.2636990547180176,4,0,0,2014-05-26,2014-05-30,0,True,True
2014-06-06,5.2882137699929901,5.5053458897493632,5.2146690636769106,5.4423074722290039,5,0,0,2014-06-02,2014-06-06,0,True,True
2014-06-13,5.463320255279541,5.4913372050788238,5.1131078500863829,5.2251758575439453,5,0,0,2014-06-09,2014-06-13,0,True,True
2014-06-20,5.2111670146572244,5.3022213532973739,5.1236137624844691,5.2391829490661621,4,0,0,2014-06-16,2014-06-19,0,True,True
2014-06-27,5.2566940848466306,5.2601962929218242,4.962516140418467,5.0640778541564941,5,0,0,2014-06-23,2014-06-27,0,True,True
2014-07-04,5.0780857382703255,5.1796474687339948,4.9800262451171875,5.0990986824035645,5,0,0,2014-06-30,2014-07-04,0,True,True
2014-07-11,5.0780866313243056,5.1166099269120977,4.7839069595556127,4.7979154586791992,5,0,0,2014-07-07,2014-07-11,0,True,True
2014-07-18,4.8154270876022949,5.0535717010498047,4.8154270876022949,4.8959746360778809,5,0,0,2014-07-14,2014-07-18,0,True,True
2014-07-25,4.9450044051773219,5.1586340803808355,4.836439967048773,4.9134855270385742,5,0,0,2014-07-21,2014-07-25,0,True,True
2014-08-01,4.902979763637612,4.966018181760858,4.6052989032220388,4.6543288230895996,5,0,0,2014-07-28,2014-08-01,0,True,True
2014-08-08,4.7208680436787382,4.7278734042306745,4.2831036641670659,4.3146228790283203,5,0,0,2014-08-04,2014-08-08,0,True,True
2014-08-15,4.363651370883221,4.4617111596812862,4.363651370883221,4.3951706886291504,5,0,0,2014-08-11,2014-08-15,0,True,True
2014-08-22,4.4442007202168909,4.6158048904717397,4.4371966372053135,4.5457620620727539,5,0,0,2014-08-18,2014-08-22,0,True,True
2014-08-29,4.5877883999231415,4.7488861039381662,4.5212477723853173,4.6403203010559082,5,0,0,2014-08-25,2014-08-29,0,True,True
2014-09-05,4.6333156798100461,4.91348598188348,4.5807838877806439,4.899477481842041,5,0,0,2014-09-01,2014-09-05,0,True,True
2014-09-12,4.8959749113787243,4.9204901948693269,4.5072389377319162,4.5597710609436035,5,0,0,2014-09-08,2014-09-12,0,True,True
2014-09-19,4.5282520985615626,4.7068602479180868,4.4512042626810802,4.6228089332580566,5,0,0,2014-09-15,2014-09-19,0,True,True
2014-09-26,4.6088009835747741,4.654328693471971,4.4862252068603112,4.5527667999267578,5,0,0,2014-09-22,2014-09-26,0,True,True
2014-10-03,4.5597713073943611,4.6648344457327138,4.4126815795898438,4.4757199287414551,5,0,0,2014-09-29,2014-10-03,0,True,True
2014-10-10,4.5107409588178822,4.5947919516805174,4.150022119321763,4.2060561180114746,5,0,0,2014-10-06,2014-10-10,0,True,True
2014-10-17,4.1675324016885922,4.4091793662161045,3.9994305827176779,4.4021749496459961,5,0,0,2014-10-13,2014-10-17,0,True,True
2014-10-24,4.4056771579310503,4.6123027341633138,4.3181239547384793,4.5002346038818359,5,0,0,2014-10-20,2014-10-24,0,True,True
2014-10-31,4.556268867841724,4.6718394526011178,4.3881666329635358,4.6052970886230469,5,0,0,2014-10-27,2014-10-31,0,True,True
2014-11-07,4.5877881274459158,4.7523879783934024,4.5457620673511787,4.6333155632019043,5,0,0,2014-11-03,2014-11-07,0,True,True
2014-11-14,4.6403203010559082,4.6578310104992031,4.4512043245060129,4.5807843208312988,5,0,0,2014-11-10,2014-11-14,0,True,True
2014-11-21,4.5527667335830539,4.9134855270385742,4.5352560255022469,4.9134855270385742,5,0,0,2014-11-17,2014-11-21,0,True,True
2014-11-28,4.9169877637825872,5.0465663927657021,4.8679578456288217,4.990532398223877,5,0,0,2014-11-24,2014-11-28,0,True,True
2014-12-05,4.9800259945659997,5.2181715375643636,4.9204897932211216,5.186652660369873,5,0,0,2014-12-01,2014-12-05,0,True,True
2014-12-12,5.1691406057248503,5.1866513111593822,4.8784646987915039,4.8784646987915039,5,0,0,2014-12-08,2014-12-12,0,True,True
2014-12-19,4.8714599274489263,5.1901544470717056,4.6893498106195599,5.1201119422912598,5,0,0,2014-12-15,2014-12-19,0,True,True
2014-12-26,5.1656386077078844,5.3057245821305132,5.1341194034429618,5.2882142066955566,2,0,0,2014-12-22,2014-12-23,0,True,True
2015-01-02,5.2882141853466784,5.3407455372806192,5.1936559905842676,5.2917156219482422,3,0,0,2014-12-29,2015-01-02,0,True,True
2015-01-09,5.2601966361103658,5.3162306330134967,5.0605759620666504,5.2146682739257812,4,0,0,2015-01-05,2015-01-09,0,True,True
2015-01-16,5.2461879372503946,5.4318009980858282,5.1551336704572455,5.4247965812683105,5,0,0,2015-01-12,2015-01-16,0,True,True
2015-01-23,5.4072851315575594,5.8240384162504188,5.3652596383835416,5.7785110473632812,5,0,0,2015-01-19,2015-01-23,0,True,True
2015-01-30,5.7154731146743378,6.0761924840639345,5.7154731146743378,6.0306644439697266,5,0,0,2015-01-26,2015-01-30,0,True,True
2015-02-06,6.0656857002803157,6.0691879085018439,5.5543747007688857,5.8800740242004395,5,0,0,2015-02-02,2015-02-06,0,True,True
2015-02-13,5.8415501008401947,5.9851370449752785,5.715473398399876,5.9115920066833496,5,0,0,2015-02-09,2015-02-13,0,True,True
2015-02-20,5.9115936789132748,6.0516778549290358,5.7645028287135851,6.0341668128967285,5,0,0,2015-02-16,2015-02-20,0,True,True
2015-02-27,6.0656869823073079,6.2092729943227143,5.9641242903267635,6.0096516609191895,5,0,0,2015-02-23,2015-02-27,0,True,True
2015-03-06,6.0411710689094518,6.289822056987437,5.9851370718534538,6.2618050575256339,5,0,0,2015-03-02,2015-03-06,0,True,True
2015-03-13,6.2372903634343491,6.5384737438500373,6.1777541551554558,6.4194016456604004,5,0,0,2015-03-09,2015-03-13,0,True,True
2015-03-20,6.5104566978174461,6.7871240299495481,6.4999500722280334,6.7240862846374512,5,0,0,2015-03-16,2015-03-20,0,True,True
2015-03-27,6.7240861924415389,6.7450997658263079,6.373873614929888,6.4929451942443848,5,0,0,2015-03-23,2015-03-27,0,True,True
2015-04-03,6.5139588079724158,6.9167022429942229,6.5139588079724158,6.8466601371765137,4,0,0,2015-03-30,2015-04-02,0,True,True
2015-04-10,6.8991916835095157,7.2774236538691399,6.8326510716482858,7.2353978157043457,4,0,0,2015-04-07,2015-04-10,0,True,True
2015-04-17,7.2143845995508986,7.5505885081510078,7.2143845995508986,7.3754825592041016,5,0,0,2015-04-13,2015-04-17,0,True,True
2015-04-24,7.3894905750921884,7.6696614247635173,7.1357619495581242,7.3917708396911621,5,0,0,2015-04-20,2015-04-24,0,True,True
2015-05-01,7.3773478472424436,7.4783088714498351,6.6922562068601366,6.8004288673400888,4,0,0,2015-04-27,2015-04-30,0,True,True
2015-05-08,6.8148513766249357,6.9122065633137275,6.2487506874855727,6.8220629692077637,5,0,0,2015-05-04,2015-05-08,0,True,True
2015-05-15,6.8400904222280943,6.886965440313543,6.4398544068234473,6.6742272377014169,4,0,0,2015-05-11,2015-05-15,0,True,True
2015-05-22,6.6994687707598333,7.1177331359304272,6.6093252185764442,7.0420126914978027,5,0,0,2015-05-18,2015-05-22,0,True,True
2015-05-29,6.9374457936394842,7.0888886714465515,6.8689379692077637,6.8689379692077637,5,0,0,2015-05-25,2015-05-29,0,True,True
2015-06-05,6.9230242779452036,6.9626869686312212,6.5299974826492422,6.5660543441772461,5,0,0,2015-06-01,2015-06-05,0,True,True
2015-06-12,6.5552381468337284,6.7679767312014141,6.2884127979044138,6.5480260848999015,5,0,0,2015-06-08,2015-06-12,0,True,True
2015-06-19,6.465093821426354,6.5912959154702566,6.2884127049017682,6.4867281913757324,4,0,0,2015-06-15,2015-06-18,0,True,True
2015-06-26,6.7283139596023931,7.0131679775605242,6.5985070382786652,6.9843220710754395,5,0,0,2015-06-22,2015-06-26,0,True,True
2015-07-03,6.627352944379421,6.8220633263650132,6.4939411035150627,6.5588445663452148,5,0,0,2015-06-29,2015-07-03,0,True,True
2015-07-10,6.4254313509518637,6.670621953230774,6.1513947535153655,6.6345643997192383,5,0,0,2015-07-06,2015-07-10,0,True,True
2015-07-17,6.7319181398621186,7.0960985754452706,6.6489874982279975,7.0239834785461426,5,0,0,2015-07-13,2015-07-17,0,True,True
2015-07-24,7.0744639807188676,7.2114821543233765,6.0468282887416747,6.0504341125488281,5,0,0,2015-07-20,2015-07-24,0,True,True
2015-07-31,6.0612521712310325,6.4542785034294985,5.9855319185745541,6.1694240570068359,5,0,0,2015-07-27,2015-07-31,0,True,True
2015-08-07,6.1658182374437303,6.3677394167487735,6.1622124133359684,6.2487502098083496,5,0,0,2015-08-03,2015-08-07,0,True,True
2015-08-14,6.2667784994444071,6.3316819572601819,5.9170216345076501,6.1441841125488281,5,0,0,2015-08-10,2015-08-14,0,True,True
2015-08-21,6.1477885246276855,6.1694234671899464,5.6934657096862793,5.6934657096862793,5,0,0,2015-08-17,2015-08-21,0,True,True
2015-08-28,5.4626976967678456,5.862936139197644,5.2427476107305999,5.8340902328491211,5,0,0,2015-08-24,2015-08-28,0,True,True
2015-09-04,5.7980320790451838,5.812455374599856,5.4554880201527842,5.5780825614929199,5,0,0,2015-08-31,2015-09-04,0,True,True
2015-09-11,5.632167834945589,5.9747128855543439,5.5348132897106499,5.5384187698364258,5,0,0,2015-09-07,2015-09-11,0,True,True
2015-09-18,5.5420242365320691,5.5492358840592848,5.0191925529822594,5.0696730613708496,5,0,0,2015-09-14,2015-09-18,0,True,True
2015-09-25,5.0696721466027421,5.1742394830741549,4.8425115752088885,5.0264034271240234,5,0,0,2015-09-21,2015-09-25,0,True,True
2015-10-02,5.0155861786816658,5.0336151867273156,4.7451555581844236,4.9506831169128418,5,0,0,2015-09-28,2015-10-02,0,True,True
2015-10-09,5.0732786545762085,5.6357737750134103,5.0480385717559368,5.6069278717041016,5,0,0,2015-10-05,2015-10-09,0,True,True
2015-10-16,6.165818062955216,6.3028359364695064,5.8845706122165842,6.0215883255004883,5,0,0,2015-10-12,2015-10-16,0,True,True
2015-10-23,6.0215883781838047,6.3533168084129219,6.0215883781838047,6.3064417839050293,5,0,0,2015-10-19,2015-10-23,0,True,True
2015-10-30,6.2054809852169495,6.4506715249141422,5.9711076275509285,6.0900969505310059,5,0,0,2015-10-26,2015-10-30,0,True,True
2015-11-06,6.0720693630000646,6.5480269836740455,6.0720693630000646,6.5372095108032227,5,0,0,2015-11-02,2015-11-06,0,True,True
2015-11-13,6.5372091080548946,6.8292738339100145,6.4687003799455525,6.5732665061950684,5,0,0,2015-11-09,2015-11-13,0,True,True
2015-11-20,6.5516326435459851,6.951869960622413,6.5336042102877121,6.6381702423095703,5,0,0,2015-11-16,2015-11-20,0,True,True
2015-11-27,6.6201411040185612,6.7535531441048935,6.4326427589138042,6.6742272377014169,5,0,0,2015-11-23,2015-11-27,0,True,True
2015-12-04,6.6670163594786471,6.7896109678117327,6.212693344359054,6.3028368949890137,5,0,0,2015-11-30,2015-12-04,0,True,True
2015-12-11,6.3244708610927374,6.4650945581811445,5.9350503874970792,5.9675021171569824,5,0,0,2015-12-07,2015-12-11,0,True,True
2015-12-18,6.2739902929779339,6.3461056977574719,5.8773585364784688,6.0937027931213379,5,0,0,2015-12-14,2015-12-18,0,True,True
2015-12-25,6.0937036865314695,6.2307222641603532,5.9783201940457751,6.1225495338439941,3,0,0,2015-12-21,2015-12-23,0,True,True
2016-01-01,6.0684635433099592,6.1225495338439941,6.0215883781838047,6.0504341125488281,3,0,0,2015-12-28,2015-12-30,0,True,True
2016-01-08,6.0792800152654847,6.0900967989463757,5.4807266737606648,5.6213512420654297,4,0,0,2016-01-04,2016-01-08,0,True,True
2016-01-15,5.5636595854394244,6.0251938226687383,5.1093353272446302,5.116546630859375,5,0,0,2016-01-11,2016-01-15,0,True,True
2016-01-22,5.1345756296825291,5.4554869539352522,5.091306608548174,5.3869776725769043,5,0,0,2016-01-18,2016-01-22,0,True,True
2016-01-29,5.4374570147671397,5.4915439136989832,5.1598162213070839,5.3905830383300781,5,0,0,2016-01-25,2016-01-29,0,True,True
2016-02-05,5.4086113539389462,5.585293243148211,4.9398650982723877,5.098517894744873,5,0,0,2016-02-01,2016-02-05,0,True,True
2016-02-12,5.1273646927644112,5.2102965851743495,4.6874638652448173,4.8929910659790039,5,0,0,2016-02-08,2016-02-12,0,True,True
2016-02-19,5.058855569520686,5.6033223233117351,5.037221311628465,5.5312075614929199,5,0,0,2016-02-15,2016-02-19,0,True,True
2016-02-26,5.5816876496593126,5.7583692436371363,5.2463528516073916,5.4663043022155762,5,0,0,2016-02-22,2016-02-26,0,True,True
2016-03-04,5.4302469746099877,5.7763979603559008,5.3689493401971617,5.6970715522766113,5,0,0,2016-02-29,2016-03-04,0,True,True
2016-03-11,5.7042831342893079,5.7367348638970235,5.3401034710451842,5.4302473068237305,5,0,0,2016-03-07,2016-03-11,0,True,True
2016-03-18,5.4735155320737485,5.8340907414267962,5.4518809324623794,5.7259178161621094,5,0,0,2016-03-14,2016-03-18,0,True,True
2016-03-25,5.7187056728459504,5.7800036473424292,5.6033216859200881,5.6357736587524414,4,0,0,2016-03-21,2016-03-24,0,True,True
2016-04-01,5.6646195425749779,5.8521176336964205,5.430247011083444,5.5023617744445801,4,0,0,2016-03-29,2016-04-01,0,True,True
2016-04-08,5.5167842678337982,5.6033223169794297,5.2715939703897892,5.4663043022155762,5,0,0,2016-04-04,2016-04-08,0,True,True
2016-04-15,5.4663041657192277,5.740339889724833,5.2860170214649198,5.6357736587524414,5,0,0,2016-04-11,2016-04-15,0,True,True
2016-04-22,5.5888988667544579,5.6826482205966249,5.3761613250016191,5.4590935707092285,5,0,0,2016-04-18,2016-04-22,0,True,True
2016-04-29,5.4663046641217425,5.9025988993254526,5.3473152089587757,5.7277865409851074,5,0,0,2016-04-25,2016-04-29,0,True,True
2016-05-06,5.6939609564064915,5.6977194325940852,5.3143632888731949,5.4195981025695801,4,0,0,2016-05-02,2016-05-06,0,True,True
2016-05-13,5.4496657521140666,5.6451019255281514,5.2429534114643799,5.3632221221923828,5,0,0,2016-05-09,2016-05-13,0,True,True
2016-05-20,5.3632227417803051,5.5398668731475587,5.2918125332946158,5.4910082817077637,5,0,0,2016-05-16,2016-05-20,0,True,True
2016-05-27,5.4872491099828542,5.8217460700145738,5.3782564312398851,5.7165112495422363,5,0,0,2016-05-23,2016-05-27,0,True,True
2016-06-03,5.7315444492843381,5.8518138282591678,5.6751696425996148,5.6902031898498535,5,0,0,2016-05-30,2016-06-03,0,True,True
2016-06-10,5.7127527794524298,5.8706048514998441,5.6037597198905837,5.607518196105957,5,0,0,2016-06-06,2016-06-10,0,True,True
2016-06-17,5.5511418518234805,5.6150341480387489,5.2053703925167358,5.4308733940124512,5,0,0,2016-06-13,2016-06-17,0,True,True
2016-06-24,5.5812093315805997,5.8142295744495316,5.5549003576694451,5.7578535079956055,4,0,0,2016-06-20,2016-06-23,0,True,True
2016-07-01,5.2993296832309884,5.6112759723841528,5.1377188095170352,5.5962424278259277,5,0,0,2016-06-27,2016-07-01,0,True,True
2016-07-08,5.6187928594498517,5.6638934954843956,5.2091285988685714,5.6225504875183105,5,0,0,2016-07-04,2016-07-08,0,True,True
2016-07-15,5.7014777097113409,5.923222618168567,5.6563770723189801,5.8367795944213867,5,0,0,2016-07-11,2016-07-15,0,True,True
2016-07-22,5.8668465686049895,6.1261744211994165,5.7616109083041298,5.994631290435791,5,0,0,2016-07-18,2016-07-22,0,True,True
2016-07-29,6.0059069349662071,6.212618893087126,5.9946318655381639,6.1036252975463867,5,0,0,2016-07-25,2016-07-29,0,True,True
2016-08-05,6.1224173548799419,6.1261751138630123,5.851813230555277,6.0547661781311035,5,0,0,2016-08-01,2016-08-05,0,True,True
2016-08-12,6.0885921557255305,6.2614784139569979,6.0622828232684061,6.1900672912597656,5,0,0,2016-08-08,2016-08-12,0,True,True
2016-08-19,6.2013430595397949,6.2126184868071013,5.9081887976826648,5.9795980453491211,5,0,0,2016-08-15,2016-08-19,0,True,True
2016-08-26,5.9758397010101909,6.1787924766540527,5.960806155990376,6.1787924766540527,5,0,0,2016-08-22,2016-08-26,0,True,True
2016-09-02,6.122417677732555,6.1487262931371856,5.9495315551757812,6.1111416816711426,5,0,0,2016-08-29,2016-09-02,0,True,True
2016-09-09,6.1261749267578125,6.2351687804578937,5.9946324649974363,6.0059075355529785,5,0,0,2016-09-05,2016-09-09,0,True,True
2016-09-16,5.9232221973683181,6.024699815522963,5.8367796791756161,5.8593301773071289,5,0,0,2016-09-12,2016-09-16,0,True,True
2016-09-23,5.9006720526307976,6.1750340912319119,5.9006720526307976,6.1073832511901855,5,0,0,2016-09-19,2016-09-23,0,True,True
2016-09-30,6.1036257200681012,6.1524841963003416,5.7991953671120955,5.942014217376709,5,0,0,2016-09-26,2016-09-30,0,True,True
2016-10-07,5.9420147913973462,6.1073845069557144,5.9119473414225121,6.0434918403625488,5,0,0,2016-10-03,2016-10-07,0,True,True
2016-10-14,6.0510072658430598,6.2652358052695423,6.0134232273012449,6.1299338340759277,5,0,0,2016-10-10,2016-10-14,0,True,True
2016-10-21,6.1036249756847498,6.1975847976807676,6.0246991336328453,6.0735588073730469,5,0,0,2016-10-17,2016-10-21,0,True,True
2016-10-28,6.0885913693790181,6.6561082284048512,6.0547658060158964,6.5696654319763184,5,0,0,2016-10-24,2016-10-28,0,True,True
2016-11-04,6.52456509375076,6.5846992747834499,6.2426858077773559,6.2614774703979492,5,0,0,2016-10-31,2016-11-04,0,True,True
2016-11-11,6.3516788155357835,6.8928875390283864,6.0810761378240974,6.5546317100524902,5,0,0,2016-11-07,2016-11-11,0,True,True
2016-11-18,6.5959731344571209,6.7049667715478254,6.4456385163158423,6.6749000549316397,5,0,0,2016-11-14,2016-11-18,0,True,True
2016-11-25,6.7350350795382941,6.9379877018994573,6.6335583749184464,6.8816113471984863,5,0,0,2016-11-21,2016-11-25,0,True,True
2016-12-02,6.8778526676446896,6.937986781357611,6.7350346637713061,6.8402705192565927,5,0,0,2016-11-28,2016-12-02,0,True,True
2016-12-09,6.8365108080819184,7.2574508287257009,6.8214769057560867,7.1973166465759277,4,0,0,2016-12-05,2016-12-09,0,True,True
2016-12-16,7.2048347746804771,7.4265779147408537,7.1221504399410946,7.377718448638916,5,0,0,2016-12-12,2016-12-16,0,True,True
2016-12-23,7.3702028617668081,7.6144970071793141,7.3288603432570829,7.5693960189819336,5,0,0,2016-12-19,2016-12-23,0,True,True
2016-12-30,7.5769130569990502,7.7272497470796848,7.5693961060703545,7.6746320724487305,4,0,0,2016-12-27,2016-12-30,0,True,True
2017-01-06,7.6896650458977938,7.7723509477829804,7.5919463668599692,7.6821494102478027,4,0,0,2017-01-02,2017-01-05,0,True,True
2017-01-13,7.7122152478316517,7.7873843616258673,7.4942286905431184,7.7798681259155273,5,0,0,2017-01-09,2017-01-13,0,True,True
2017-01-20,7.764833790975203,8.1030881150363125,7.6220146017377042,8.0655040740966797,5,0,0,2017-01-16,2017-01-20,0,True,True
2017-01-27,8.0429533111849487,8.4187933252927394,7.9903360880723957,8.3887262344360352,5,0,0,2017-01-23,2017-01-27,0,True,True
2017-02-03,8.35114294765736,8.3812100412359545,7.3288593556448163,7.5468459129333496,5,0,0,2017-01-30,2017-02-03,0,True,True
2017-02-10,7.5167811011540477,7.5618821031776591,7.1860410538279575,7.4416122436523438,5,0,0,2017-02-06,2017-02-10,0,True,True
2017-02-17,7.4942301449302189,7.8400011765806434,7.4604045762989406,7.719733715057373,5,0,0,2017-02-13,2017-02-17,0,True,True
2017-02-24,7.7422829579467809,7.8324853186608294,7.4829532642355439,7.5468459129333496,5,0,0,2017-02-20,2017-02-24,0,True,True
2017-03-03,7.5693962851149159,7.9602696051883131,7.5167788832812725,7.8625516891479492,5,0,0,2017-02-27,2017-03-03,0,True,True
2017-03-10,7.8625523263270924,7.9602710641775358,7.764833295394574,7.8024182319641113,5,0,0,2017-03-06,2017-03-10,0,True,True
2017-03-17,7.817450921822644,8.4037599563598633,7.794900782517618,8.4037599563598633,5,0,0,2017-03-13,2017-03-17,0,True,True
2017-03-24,8.4037616082579127,8.4037616082579127,8.027920152396776,8.3285932540893555,5,0,0,2017-03-20,2017-03-24,0,True,True
2017-03-31,8.2684575941488507,8.3586603492831184,8.1557061864255722,8.3285932540893555,5,0,0,2017-03-27,2017-03-31,0,True,True
2017-04-07,8.3586606056559045,8.5766436727401381,8.2609413551033786,8.5390596389770508,5,0,0,2017-04-03,2017-04-07,0,True,True
2017-04-14,8.5390604129649468,8.5616112653803196,8.4263082545436063,8.5390596389770508,4,0,0,2017-04-10,2017-04-13,0,True,True
2017-04-21,8.5315452035309089,8.6518145462576967,8.3812091010635452,8.5465793609619141,4,0,0,2017-04-18,2017-04-21,0,True,True
2017-04-28,8.7194642399792883,9.1178551238094343,8.3812102385108069,8.486445426940918,5,0,0,2017-04-24,2017-04-28,0,True,True
2017-05-05,8.4942166694793553,8.626331484755136,8.2299857793152871,8.6185598373413086,4,0,0,2017-05-02,2017-05-05,0,True,True
2017-05-12,8.6341029548413832,8.9294183248447787,8.5330737552995579,8.8750171661376953,5,0,0,2017-05-08,2017-05-12,0,True,True
2017-05-19,8.8750167701916958,9.115930844636539,8.5253017750573665,8.7118167877197266,5,0,0,2017-05-15,2017-05-19,0,True,True
2017-05-26,8.7429037861470373,8.9138749355256053,8.6107887363092033,8.8983316421508789,4,0,0,2017-05-22,2017-05-26,0,True,True
2017-06-02,8.8827886581420898,8.913875125937416,8.7118168753992791,8.82061767578125,5,0,0,2017-05-29,2017-06-02,0,True,True
2017-06-09,8.8206173987123027,9.240276645970301,8.8128457520249377,9.2247333526611328,5,0,0,2017-06-05,2017-06-09,0,True,True
2017-06-16,9.2325043755685829,9.2325043755685829,8.8827892116950871,9.201420783996582,5,0,0,2017-06-12,2017-06-16,0,True,True
2017-06-23,9.2869055822016602,9.5122781602399495,9.0926187533036309,9.1392478942871094,4,0,0,2017-06-19,2017-06-22,0,True,True
2017-06-30,9.1081612507282923,9.1781045855135979,8.6651874936551074,8.7895317077636719,5,0,0,2017-06-26,2017-06-30,0,True,True
2017-07-07,8.8439314127881232,9.0770749944816895,8.7506736655195603,8.8439311981201172,5,0,0,2017-07-03,2017-07-07,0,True,True
2017-07-14,8.8983313643268502,9.3801623910800078,8.7195879429683405,9.2635927200317383,5,0,0,2017-07-10,2017-07-14,0,True,True
2017-07-21,9.2558207437659359,9.403479026624245,9.07707552914726,9.1625614166259766,5,0,0,2017-07-17,2017-07-21,0,True,True
2017-07-28,9.2014197793865193,9.2325056269731594,8.6807303307828967,8.9682741165161133,5,0,0,2017-07-24,2017-07-28,0,True,True
2017-08-04,9.0071327896164632,9.0537611890930982,8.6651879218628061,8.8283872604370117,5,0,0,2017-07-31,2017-08-04,0,True,True
2017-08-11,8.8361606597900391,8.929417610168457,8.64187350208236,8.82061767578125,5,0,0,2017-08-07,2017-08-11,0,True,True
2017-08-18,8.9061036907754367,9.1003903467162512,8.8050738304252363,8.9605026245117188,5,0,0,2017-08-14,2017-08-18,0,True,True
2017-08-25,8.9371895377827908,9.1858763629371598,8.8439319967607251,9.0615329742431641,5,0,0,2017-08-21,2017-08-25,0,True,True
2017-09-01,8.9760493345204768,8.9760493345204768,8.3621006907494095,8.6341018676757812,5,0,0,2017-08-28,2017-09-01,0,True,True
2017-09-08,8.5563891272082166,8.6418734622958429,8.3543302598666056,8.5486173629760742,5,0,0,2017-09-04,2017-09-08,0,True,True
2017-09-15,8.5719313537738149,8.9760465621948242,8.5719313537738149,8.906102180480957,5,0,0,2017-09-11,2017-09-15,0,True,True
2017-09-22,8.9371885515557832,9.2169616149540374,8.9216452591947952,9.1392478942871094,5,0,0,2017-09-18,2017-09-22,0,True,True
2017-09-29,9.1237049102783203,9.3490772247314453,9.0926190622813525,9.2869052886962891,5,0,0,2017-09-25,2017-09-29,0,True,True
2017-10-06,9.2869055305251145,9.9008513864431063,9.279133883463059,9.6443929672241211,5,0,0,2017-10-02,2017-10-06,0,True,True
2017-10-13,9.6443956270351929,9.784279857574564,9.5822239168143639,9.6832494735717773,5,0,0,2017-10-09,2017-10-13,0,True,True
2017-10-20,9.6754788137614209,9.830908379294673,9.4811906265616042,9.7765083312988281,5,0,0,2017-10-16,2017-10-20,0,True,True
2017-10-27,9.7998223896531602,10.600283965601237,9.7609656365879793,10.545883178710938,5,0,0,2017-10-23,2017-10-27,0,True,True
2017-11-03,10.569199363683875,10.701314008730229,10.359369203395312,10.662456512451172,5,0,0,2017-10-30,2017-11-03,0,True,True
2017-11-10,10.639142793014551,10.724629442884577,10.242795670646212,10.351595878601074,5,0,0,2017-11-06,2017-11-10,0,True,True
2017-11-17,10.359369196783346,10.390455046375576,9.9707935218015145,10.23502254486084,5,0,0,2017-11-13,2017-11-17,0,True,True
2017-11-24,10.180625394513001,10.514798080775838,10.165082099682358,10.374912261962891,5,0,0,2017-11-20,2017-11-24,0,True,True
2017-12-01,10.312740119736292,10.359368520508106,9.7920507937402199,9.8075933456420898,5,0,0,2017-11-27,2017-12-01,0,True,True
2017-12-08,9.9008516518260308,10.087365671589806,9.7842799094728221,10.071823120117188,4,0,0,2017-12-04,2017-12-08,0,True,True
2017-12-15,10.10290896420741,10.39822665655303,9.9552505993369866,10.266110420227051,5,0,0,2017-12-11,2017-12-15,0,True,True
2017-12-22,10.328282563523985,10.50702766375651,10.29719671629042,10.429311752319336,5,0,0,2017-12-18,2017-12-22,0,True,True
2017-12-29,10.413768768310547,10.437083710288965,10.227253722895487,10.273882865905762,3,0,0,2017-12-27,2017-12-29,0,True,True
2018-01-05,10.266109991304083,10.592512995961137,10.176738280792,10.573083877563477,4,0,0,2018-01-02,2018-01-05,0,True,True
2018-01-12,10.576970343500118,10.821771533484226,10.499256088625753,10.802342414855957,5,0,0,2018-01-08,2018-01-12,0,True,True
2018-01-19,10.833427963811809,11.400745742069935,10.76737044459335,11.295830726623535,5,0,0,2018-01-15,2018-01-19,0,True,True
2018-01-26,11.299717272512853,11.424060109940779,10.615828182982764,10.880058288574219,5,0,0,2018-01-22,2018-01-26,0,True,True
2018-02-02,10.887830053244413,11.051028779127915,10.701315625166151,10.763486862182617,5,0,0,2018-01-29,2018-02-02,0,True,True
2018-02-09,10.693542792055815,10.732400289900323,9.9669075933203803,9.9863367080688477,5,0,0,2018-02-05,2018-02-09,0,True,True
2018-02-16,10.172852335901164,11.074344235927446,10.165080689563938,11.07045841217041,5,0,0,2018-02-12,2018-02-16,0,True,True
2018-02-23,11.140402599712504,11.272515296936035,10.973315871253845,11.082117080688477,5,0,0,2018-02-19,2018-02-23,0,True,True
2018-03-02,11.163715172122352,11.385201609320275,10.84897105410726,10.91502857208252,5,0,0,2018-02-26,2018-03-02,0,True,True
2018-03-09,10.883942722283011,11.591145670101943,10.883942722283011,11.5833740234375,5,0,0,2018-03-05,2018-03-09,0,True,True
2018-03-16,11.633889474488386,11.983605939320181,11.295829862707173,11.979720115661621,5,0,0,2018-03-12,2018-03-16,0,True,True
2018-03-23,11.929205930017844,12.251721049322919,11.40463146682977,11.661089897155762,5,0,0,2018-03-19,2018-03-23,0,True,True
2018-03-30,11.661089776700679,11.981018703006098,11.373544449676693,11.925088882446289,4,0,0,2018-03-26,2018-03-29,0,True,True
2018-04-06,11.861168048920057,12.132827538388907,11.469657143696903,11.985012054443359,4,0,0,2018-04-03,2018-04-06,0,True,True
2018-04-13,12.008983786313593,13.087633232061325,11.869158470912785,12.724088668823242,5,0,0,2018-04-09,2018-04-13,0,True,True
2018-04-20,12.756047375956356,13.431204137577531,12.652177184735638,13.359293937683105,5,0,0,2018-04-16,2018-04-20,0,True,True
2018-04-27,13.347308797410866,13.551052752825441,12.951804232637439,13.127585411071777,5,0,0,2018-04-23,2018-04-27,0,True,True
2018-05-04,13.103613537810279,13.363289421719461,12.943814632350735,13.107609748840332,4,0,0,2018-04-30,2018-05-04,0,True,True
2018-05-11,13.103613904268801,13.798744201660156,13.099619570484982,13.798744201660156,4,0,0,2018-05-07,2018-05-11,0,True,True
2018-05-18,13.806733730302261,14.078393853615228,13.499118253736627,13.970529556274414,5,0,0,2018-05-14,2018-05-18,0,True,True
2018-05-25,13.982514733996938,14.138319654340055,13.559043004815246,13.690878868103027,5,0,0,2018-05-21,2018-05-25,0,True,True
2018-06-01,13.806734702609848,14.318096801204073,13.642938281012295,14.178272247314451,5,0,0,2018-05-28,2018-06-01,0,True,True
2018-06-08,14.226210615358593,14.58176545563316,14.090380407634212,14.441940307617188,5,0,0,2018-06-04,2018-06-08,0,True,True
2018-06-15,14.529828395600966,14.613724633630344,13.990506540114099,14.114350318908691,5,0,0,2018-06-11,2018-06-15,0,True,True
2018-06-22,14.10236256165792,14.118342941990978,13.463164937446416,13.467159271240234,4,0,0,2018-06-18,2018-06-21,0,True,True
2018-06-29,13.515099098495405,13.682890574219851,13.163538956883015,13.391255378723145,5,0,0,2018-06-25,2018-06-29,0,True,True
2018-07-06,13.267407423200302,13.435199368927494,13.123587351519078,13.219468116760254,5,0,0,2018-07-02,2018-07-06,0,True,True
2018-07-13,13.311352789841775,13.710853860413151,13.239443816709692,13.243439674377441,5,0,0,2018-07-09,2018-07-13,0,True,True
2018-07-20,13.271404588402293,13.614974819308951,11.249931335449219,11.249931335449219,5,0,0,2018-07-16,2018-07-20,0,True,True
2018-07-27,11.409732762676315,11.83719679273476,10.826462465089303,11.657422065734863,5,0,0,2018-07-23,2018-07-27,0,True,True
2018-08-03,11.653427554232987,11.665412841428266,11.154051353607255,11.573527336120605,5,0,0,2018-07-30,2018-08-03,0,True,True
2018-08-10,11.553551851405851,12.008981518097571,11.465662035796951,11.52558708190918,5,0,0,2018-08-06,2018-08-10,0,True,True
2018-08-17,11.46566138226966,11.545561404233476,11.086137607970784,11.317846298217773,5,0,0,2018-08-13,2018-08-17,0,True,True
2018-08-24,11.429707234042111,12.292628407658166,11.401742326623561,12.180768013000488,5,0,0,2018-08-20,2018-08-24,0,True,True
2018-08-31,12.244688670061356,13.01971781083466,12.136823365420652,12.811978340148926,5,0,0,2018-08-27,2018-08-31,0,True,True
2018-09-07,12.819967242991433,12.939817052083082,12.160792850990591,12.256672859191895,5,0,0,2018-09-03,2018-09-07,0,True,True
2018-09-14,12.260669043952429,12.500367164611816,11.965038801906264,12.500367164611816,5,0,0,2018-09-10,2018-09-14,0,True,True
2018-09-21,12.436448434302447,13.047682762145996,12.300616894962936,13.047682762145996,5,0,0,2018-09-17,2018-09-21,0,True,True
2018-09-28,12.967782366382627,13.391255681112746,12.871903125669746,13.163539886474609,5,0,0,2018-09-24,2018-09-28,0,True,True
2018-10-05,13.183513610791772,13.279394380327526,12.452428667141392,12.540318489074707,5,0,0,2018-10-01,2018-10-05,0,True,True
2018-10-12,12.504361825153667,12.680142456092339,11.194000946483829,11.421716690063477,5,0,0,2018-10-08,2018-10-12,0,True,True
2018-10-19,11.501616559989857,11.609482268420697,10.918347386667977,11.110107421875,5,0,0,2018-10-15,2018-10-19,0,True,True
2018-10-26,11.19000615563151,11.229956347529685,10.003491499535507,10.642690658569336,5,0,0,2018-10-22,2018-10-26,0,True,True
2018-11-02,10.598747037324477,10.96628741579662,9.9755262175154176,10.798497200012207,5,0,0,2018-10-29,2018-11-02,0,True,True
2018-11-09,10.80249221053646,10.82646202346301,10.227211012674481,10.291131019592285,5,0,0,2018-11-05,2018-11-09,0,True,True
2018-11-16,10.36703572108301,10.387010436358311,9.5640402365479904,9.9036169052124023,5,0,0,2018-11-12,2018-11-16,0,True,True
2018-11-23,9.9755254875162294,10.047435687012365,9.4322063052632572,9.5121059417724609,5,0,0,2018-11-19,2018-11-23,0,True,True
2018-11-30,9.5600465095203937,9.607986139912418,8.7170984720851958,8.9927539825439453,5,0,0,2018-11-26,2018-11-30,0,True,True
2018-12-07,9.2763999809598747,9.4401951010803078,8.4014943554387198,8.4374494552612305,4,0,0,2018-12-03,2018-12-07,0,True,True
2018-12-14,8.31360322333434,8.8888840661463639,8.2097332400481058,8.4654150009155273,5,0,0,2018-12-10,2018-12-14,0,True,True
2018-12-21,8.4853888661252626,8.4933789470058496,7.9772242666073216,8.2536783218383789,5,0,0,2018-12-17,2018-12-21,0,True,True
2018-12-28,8.2616684533111471,8.3655386494962567,7.9228924402178169,8.0579233169555664,2,0,0,2018-12-27,2018-12-28,0,True,True
2019-01-04,7.9708306882707181,8.3974990844726562,7.8797454947178887,8.3974990844726562,3,0,0,2019-01-02,2019-01-04,0,True,True
2019-01-11,8.4773970917495873,8.992754093567271,8.2736545076920631,8.8808937072753906,5,0,0,2019-01-07,2019-01-11,0,True,True
2019-01-18,8.8689098223946896,9.5760243338795998,8.6651645123087295,9.4202194213867188,5,0,0,2019-01-14,2019-01-18,0,True,True
2019-01-25,9.4282105781064551,9.7038646433231985,9.3642899379204323,9.5560512542724609,5,0,0,2019-01-21,2019-01-25,0,True,True
2019-02-01,9.5560505949144101,9.6399447944060448,8.8369489788340658,9.1885089874267578,5,0,0,2019-01-28,2019-02-01,0,True,True
2019-02-08,9.2004953421073044,9.9515566555216832,9.1245900456906739,9.272404670715332,5,0,0,2019-02-04,2019-02-08,0,True,True
2019-02-15,9.3483109829933468,9.8596709232628772,9.3283362639944514,9.7038669586181641,5,0,0,2019-02-11,2019-02-15,0,True,True
2019-02-22,9.7278353398239972,9.8277104444177006,9.228459535985003,9.4242162704467773,5,0,0,2019-02-18,2019-02-22,0,True,True
2019-03-01,9.4721547034102915,9.9036163923671818,9.3922556198362841,9.7917566299438477,5,0,0,2019-02-25,2019-03-01,0,True,True
2019-03-08,9.827711756673768,10.011481607910698,9.160546173694101,9.3363265991210938,5,0,0,2019-03-04,2019-03-08,0,True,True
2019-03-15,9.3842663970063747,9.6878865231064086,9.3163496753589374,9.6286916732788086,5,0,0,2019-03-11,2019-03-15,0,True,True
2019-03-22,9.6745617173807705,10.045698199953351,8.9656526106426,8.9865026473999023,5,0,0,2019-03-18,2019-03-22,0,True,True
2019-03-29,8.9406293306116691,9.1658129348185984,8.6362154196585923,9.0865821838378906,5,0,0,2019-03-25,2019-03-29,0,True,True
2019-04-05,9.2225267483844924,10.208329791391559,9.2225267483844924,10.149949073791504,5,0,0,2019-04-01,2019-04-05,0,True,True
2019-04-12,10.16246111565421,10.195821644415835,9.6703917405580739,9.9539566040039062,5,0,0,2019-04-08,2019-04-12,0,True,True
2019-04-19,9.9789770860381797,9.9831472512531541,9.4201888056285803,9.4869098663330078,4,0,0,2019-04-15,2019-04-18,0,True,True
2019-04-26,9.6703927378518291,10.095739046558156,9.420188154757378,9.6703920364379883,4,0,0,2019-04-23,2019-04-26,0,True,True
2019-05-03,9.7412842085513862,9.7788149038538137,9.1741543821659715,9.4702281951904297,4,0,0,2019-04-29,2019-05-03,0,True,True
2019-05-10,9.2408742904663086,9.2950856413846843,8.7029375695029838,8.9197797775268555,5,0,0,2019-05-06,2019-05-10,0,True,True
2019-05-17,8.9114405866260231,8.9114405866260231,8.4485627737215694,8.6904268264770508,5,0,0,2019-05-13,2019-05-17,0,True,True
2019-05-24,8.7279570500585937,8.7404667516085048,8.2450625170852998,8.250065803527832,5,0,0,2019-05-20,2019-05-24,0,True,True
2019-05-31,8.3184557913504769,8.3609901008272427,7.647908455863508,7.8914403915405273,4,0,0,2019-05-27,2019-05-31,0,True,True
2019-06-07,7.8597477547135588,8.1900164523731913,7.6245567683986248,7.8347282409667978,5,0,0,2019-06-03,2019-06-07,0,True,True
2019-06-14,7.9231341528691352,8.1349734198004295,7.7379824889709576,7.8547439575195312,5,0,0,2019-06-10,2019-06-14,0,True,True
2019-06-21,7.8780955203149183,8.2867618464689308,7.6062079946532721,8.0749225616455078,4,0,0,2019-06-17,2019-06-20,0,True,True
2019-06-28,8.0665834088206179,8.636214358452488,7.8964449524658207,8.6195344924926758,5,0,0,2019-06-24,2019-06-28,0,True,True
2019-07-05,8.7196154650178954,8.9406317827159167,8.5694936639954644,8.8280372619628906,5,0,0,2019-07-01,2019-07-05,0,True,True
2019-07-12,8.757147135040281,8.8280383579485751,8.2000258210434875,8.3860111236572266,5,0,0,2019-07-08,2019-07-12,0,True,True
2019-07-19,8.390181689931115,8.4986028164594476,7.6028724534197814,7.9197978973388672,5,0,0,2019-07-15,2019-07-19,0,True,True
2019-07-26,7.9798449710841819,9.2784059159025887,7.9798449710841819,8.9281215667724609,5,0,0,2019-07-22,2019-07-26,0,True,True
2019-08-02,8.9322908832806771,8.9739917466114481,8.0048654433536441,8.1032791137695312,5,0,0,2019-07-29,2019-08-02,0,True,True
2019-08-09,7.978178356791946,8.0715880735153664,7.6879422986315085,8.0148744583129883,5,0,0,2019-08-05,2019-08-09,0,True,True
2019-08-16,8.0549068426467532,8.1950223507480704,7.5861904676874756,8.0365581512451172,5,0,0,2019-08-12,2019-08-16,0,True,True
2019-08-23,8.1016122074793184,8.4860919296631536,8.0715882873154357,8.1016111373901367,5,0,0,2019-08-19,2019-08-23,0,True,True
2019-08-30,8.0232153172341185,8.5403038333523504,7.9414817790308359,8.4819231033325195,5,0,0,2019-08-26,2019-08-30,0,True,True
2019-09-06,8.5069427896815277,9.0323711177099799,8.2584072480418076,9.0073509216308594,5,0,0,2019-09-02,2019-09-06,0,True,True
2019-09-13,9.0115222917573927,9.7829835249650863,8.9239504007051451,9.7079229354858398,5,0,0,2019-09-09,2019-09-13,0,True,True
2019-09-20,9.6412013793440146,9.983146963333148,9.0907518803035074,9.1866655349731445,5,0,0,2019-09-16,2019-09-20,0,True,True
2019-09-27,9.1491355512499108,9.1908354987985721,8.7237873620046376,9.149134635925293,5,0,0,2019-09-23,2019-09-27,0,True,True
2019-10-04,9.149133840453441,9.3534679381976797,8.6320459423692064,8.8155288696289062,5,0,0,2019-09-30,2019-10-04,0,True,True
2019-10-11,8.8822506758488231,9.6412033766559961,8.7112778330217786,9.6328630447387695,5,0,0,2019-10-07,2019-10-11,0,True,True
2019-10-18,9.5911603705178461,9.8538753110241935,9.4201875753692637,9.8038349151611328,5,0,0,2019-10-14,2019-10-18,0,True,True
2019-10-25,9.80383439679105,10.266713389094733,9.7663037041892853,10.220842361450195,5,0,0,2019-10-21,2019-10-25,0,True,True
2019-11-01,10.220840341543131,10.383472795956527,9.3034272790950716,10.054039001464844,5,0,0,2019-10-28,2019-11-01,0,True,True
2019-11-08,10.10408079554624,10.687889090503218,10.074890428830194,10.587806701660156,5,0,0,2019-11-04,2019-11-08,0,True,True
2019-11-15,10.546107848767081,10.879711519718992,10.475214915327589,10.683718681335449,5,0,0,2019-11-11,2019-11-15,0,True,True
2019-11-22,10.687889234534998,10.758780457507548,9.991486387902544,10.174969673156738,5,0,0,2019-11-18,2019-11-22,0,True,True
2019-11-29,10.254202141399643,10.408495197728421,10.129100360187952,10.174969673156738,5,0,0,2019-11-25,2019-11-29,0,True,True
2019-12-06,10.174970617591102,10.433515306964406,9.8580459830697293,10.066549301147461,4,0,0,2019-12-02,2019-12-05,0,True,True
2019-12-13,10.058209363851912,10.404325114785966,9.8705563826737279,10.245862007141113,5,0,0,2019-12-09,2019-12-13,0,True,True
2019-12-20,10.300072809792006,10.767121509205653,10.091569475461361,10.583638191223145,5,0,0,2019-12-16,2019-12-20,0,True,True
2019-12-27,10.583637163540798,10.817161606375789,10.579467793530911,10.783801078796387,2,0,0,2019-12-23,2019-12-27,0,True,True
2020-01-03,10.746271036747178,10.971455432545925,10.550276968915783,10.637848854064941,3,0,0,2019-12-30,2020-01-03,0,True,True
2020-01-10,10.612826990094211,10.683718202036246,10.216671401548817,10.291732788085938,4,0,0,2020-01-07,2020-01-10,0,True,True
2020-01-17,10.258370974604196,10.258370974604196,9.7329441430134089,10.154121398925781,5,0,0,2020-01-13,2020-01-17,0,True,True
2020-01-24,10.154119719834652,10.466875853620358,9.8455358287048043,9.9664669036865234,5,0,0,2020-01-20,2020-01-24,0,True,True
2020-01-31,9.7496225026332244,10.066547223432959,9.2992543942917738,9.8080043792724609,5,0,0,2020-01-27,2020-01-31,0,True,True
2020-02-07,9.7871526435557321,10.566957712614297,9.6453702196288393,10.129100799560547,5,0,0,2020-02-03,2020-02-07,0,True,True
2020-02-14,10.11241983811653,10.496066488994636,10.037358450202031,10.20416259765625,5,0,0,2020-02-10,2020-02-14,0,True,True
2020-02-21,10.233352361300689,10.325093616753382,9.8747259404538514,10.08322811126709,5,0,0,2020-02-17,2020-02-21,0,True,True
2020-02-28,9.8288543840522671,9.8288543840522671,8.7404664413496764,8.9322900772094727,5,0,0,2020-02-24,2020-02-28,0,True,True
2020-03-06,9.2158549678157637,9.3409585752016024,8.3334680801177452,8.5820045471191406,5,0,0,2020-03-02,2020-03-06,0,True,True
2020-03-13,7.964833685317644,8.5611542149334685,6.9273209445892112,7.0807795524597168,5,0,0,2020-03-09,2020-03-13,0,True,True
2020-03-20,6.8672713632275837,7.1308201563768776,6.1433470689348271,6.7021369934082031,5,0,0,2020-03-16,2020-03-20,0,True,True
2020-03-27,6.3585230575431897,7.3676801131631553,6.0482696554574025,6.9890375137329102,5,0,0,2020-03-23,2020-03-27,0,True,True
2020-04-03,7.0307389263840339,7.823052046415059,7.0173940775706098,7.6645889282226562,5,0,0,2020-03-30,2020-04-03,0,True,True
2020-04-10,7.9097894871899355,8.8071897965717376,7.8013675643510449,8.5444746017456055,4,0,0,2020-04-06,2020-04-09,0,True,True
2020-04-17,8.7905080597268732,8.7905080597268732,7.99819450486617,8.4402217864990234,4,0,0,2020-04-14,2020-04-17,0,True,True
2020-04-24,8.4610736236842339,8.8322084916715706,8.1616613104638915,8.5069437026977539,5,0,0,2020-04-20,2020-04-24,0,True,True
2020-05-01,8.6153649860632484,9.2283641118555391,8.5236237278236135,9.0073509216308594,4,0,0,2020-04-27,2020-04-30,0,True,True
2020-05-08,8.7946797207880341,8.9781617085260876,8.4569027577056133,8.8739099502563477,5,0,0,2020-05-04,2020-05-08,0,True,True
2020-05-15,8.9197793453760585,9.0240310938554522,8.0098705574873836,8.1950216293334961,5,0,0,2020-05-11,2020-05-15,0,True,True
2020-05-22,8.3484811346293313,9.1699842614034637,8.3384728956725613,8.8488893508911133,4,0,0,2020-05-18,2020-05-22,0,True,True
2020-05-29,8.90727108022209,9.3075957798575395,8.7613184497516041,9.1950054168701172,5,0,0,2020-05-25,2020-05-29,0,True,True
2020-06-05,9.3451267502137583,9.7613010406494141,9.257555570035052,9.7613010406494141,5,0,0,2020-06-01,2020-06-05,0,True,True
2020-06-12,9.6387555212258871,9.6979154644965622,8.7217845093161159,8.9584226608276367,5,0,0,2020-06-08,2020-06-12,0,True,True
2020-06-19,8.7048832076040092,9.757073313738676,8.6372725299746183,9.4612760543823242,4,0,0,2020-06-15,2020-06-18,0,True,True
2020-06-26,9.4147958755493164,9.5415640567651838,8.8908132800513666,8.9964542388916016,5,0,0,2020-06-22,2020-06-26,0,True,True
2020-07-03,8.9753265006079932,9.2542198120204144,8.7724944179597735,9.0513877868652344,5,0,0,2020-06-29,2020-07-03,0,True,True
2020-07-10,9.1359024635137072,9.2922518632403417,8.7978488102897927,8.933070182800293,5,0,0,2020-07-06,2020-07-10,0,True,True
2020-07-17,9.0513882325620436,9.2542200088500977,8.8485558704999381,9.2542200088500977,5,0,0,2020-07-13,2020-07-17,0,True,True
2020-07-24,9.2077384677754655,9.78665231487523,9.0978709134606888,9.4528264999389648,5,0,0,2020-07-20,2020-07-24,0,True,True
2020-07-31,9.45705130973443,9.5415648735746306,8.9668726573440409,9.009129524230957,5,0,0,2020-07-27,2020-07-31,0,True,True
2020-08-07,9.0091315761363742,9.5457911666367039,8.9457466643609038,9.4021186828613281,5,0,0,2020-08-03,2020-08-07,0,True,True
2020-08-14,9.4190209469916013,9.7021396716687693,9.3640867732179398,9.6176261901855469,5,0,0,2020-08-10,2020-08-14,0,True,True
2020-08-21,9.6176258461850708,9.9725827412939925,9.5500151848326311,9.7782020568847656,5,0,0,2020-08-17,2020-08-21,0,True,True
2020-08-28,9.8373633677804122,10.39937584152803,9.8373633677804122,10.238800048828125,5,0,0,2020-08-24,2020-08-28,0,True,True
2020-09-04,10.310637027832524,11.252962456837041,10.251477892039468,11.15577220916748,5,0,0,2020-08-31,2020-09-04,0,True,True
2020-09-11,11.151545850224114,11.371280942342521,11.092386712339467,11.219156265258789,5,0,0,2020-09-07,2020-09-11,0,True,True
2020-09-18,11.252962743347187,12.127676398668875,11.185351459299516,11.874135971069336,5,0,0,2020-09-14,2020-09-18,0,True,True
2020-09-25,11.814976112705649,11.844556487691522,11.193801587004669,11.286766052246094,5,0,0,2020-09-21,2020-09-25,0,True,True
2020-10-02,11.409312288599329,11.726237629949312,11.282541896889086,11.645949363708496,5,0,0,2020-09-28,2020-10-02,0,True,True
2020-10-09,11.760043970781968,12.11077392215774,11.675530216818411,12.000904083251953,5,0,0,2020-10-05,2020-10-09,0,True,True
2020-10-16,11.992453460848779,12.279800253772311,11.853007751078341,12.064291000366211,5,0,0,2020-10-12,2020-10-16,0,True,True
2020-10-23,12.068516516372213,12.491082921535224,11.020550321364166,11.050129890441895,5,0,0,2020-10-19,2020-10-23,0,True,True
2020-10-30,10.800814263795884,10.974066700908935,10.166964655267346,10.585306167602539,5,0,0,2020-10-26,2020-10-30,0,True,True
2020-11-06,10.657142462081067,11.409312554676911,10.593757555361881,11.316348075866699,5,0,0,2020-11-02,2020-11-06,0,True,True
2020-11-13,11.468470979239616,11.823427325858924,11.227607284522319,11.337474822998047,5,0,0,2020-11-09,2020-11-13,0,True,True
2020-11-20,11.392408438018432,11.692431563908384,11.25718709724404,11.603692054748535,5,0,0,2020-11-16,2020-11-20,0,True,True
2020-11-27,11.654401260816256,12.258672714233398,11.629047459022871,12.258672714233398,5,0,0,2020-11-23,2020-11-27,0,True,True
2020-12-04,12.212189926620885,12.393893921936669,11.755817339149809,11.76426887512207,5,0,0,2020-11-30,2020-12-04,0,True,True
2020-12-11,11.764268601333425,12.63487307151278,11.650175286311674,12.498233795166016,5,0,0,2020-12-07,2020-12-11,0,True,True
2020-12-18,12.579363822774617,13.441898628744678,12.553744164433922,13.390659332275391,5,0,0,2020-12-14,2020-12-18,0,True,True
2020-12-25,13.211321173664915,13.211321173664915,12.809942739776986,13.061871528625488,3,0,0,2020-12-21,2020-12-23,0,True,True
2021-01-01,13.143000491716254,13.535837956193683,13.091760366509396,13.360769271850586,3,0,0,2020-12-28,2020-12-30,0,True,True
2021-01-08,13.433359927562865,14.146447491784668,13.245481822198609,14.078127861022949,4,0,0,2021-01-04,2021-01-08,0,True,True
2021-01-15,14.073855042318733,14.150716127654938,13.360769944655816,13.518758773803711,5,0,0,2021-01-11,2021-01-15,0,True,True
2021-01-22,13.467520128918208,14.026885945688104,13.416279999845566,13.779228210449219,5,0,0,2021-01-18,2021-01-22,0,True,True
2021-01-29,13.877436860005114,13.881706123875363,12.344514278742766,12.809942245483398,5,0,0,2021-01-25,2021-01-29,0,True,True
2021-02-05,12.925231267363436,13.15154169172629,12.686113831267573,13.070412635803223,5,0,0,2021-02-01,2021-02-05,0,True,True
2021-02-12,13.125921276003702,14.082396507263184,13.121651197343247,14.082396507263184,5,0,0,2021-02-08,2021-02-12,0,True,True
2021-02-19,14.090935421406071,14.466695154686311,13.800577489862519,13.979917526245117,5,0,0,2021-02-15,2021-02-19,0,True,True
2021-02-26,13.95002677698405,14.470964401988393,13.330880016118993,13.941488265991211,5,0,0,2021-02-22,2021-02-26,0,True,True
2021-03-05,14.189144781459342,14.479504249278932,13.839006767018031,13.99272632598877,5,0,0,2021-03-01,2021-03-05,0,True,True
2021-03-12,14.039697705712232,14.590524320479821,14.039697705712232,14.206227302551268,5,0,0,2021-03-08,2021-03-12,0,True,True
2021-03-19,14.210495587111755,14.470964676639753,13.510219572200597,14.193417549133301,5,0,0,2021-03-15,2021-03-19,0,True,True
2021-03-26,14.158629220033395,14.545643135681246,13.880326593508103,14.532596588134766,5,0,0,2021-03-22,2021-03-26,0,True,True
2021-04-02,14.532597742188768,14.632614093140427,13.815101272047384,14.032523155212402,4,0,0,2021-03-29,2021-04-01,0,True,True
2021-04-09,14.254293966034062,14.397794416902315,13.997734383975944,14.393445014953613,4,0,0,2021-04-06,2021-04-09,0,True,True
2021-04-16,14.393444563468437,14.715233605661219,13.9542513165215,14.584779739379883,5,0,0,2021-04-12,2021-04-16,0,True,True
2021-04-23,14.632612537410504,14.797853853487114,14.071658681441365,14.502158164978027,5,0,0,2021-04-19,2021-04-23,0,True,True
2021-04-30,14.650005535298316,14.667399826119926,13.80205360664244,13.854235649108887,5,0,0,2021-04-26,2021-04-30,0,True,True
2021-05-07,13.871629671545946,14.067309480928477,13.602023506444604,13.941205024719238,5,0,0,2021-05-03,2021-05-07,0,True,True
2021-05-14,14.002084506413313,14.049917978630877,13.493313225009755,13.606372833251953,4,0,0,2021-05-10,2021-05-14,0,True,True
2021-05-21,13.649856968308804,13.68899308485231,12.967147251666781,13.101949691772461,5,0,0,2021-05-17,2021-05-21,0,True,True
2021-05-28,13.101949905489072,13.101949905489072,12.43228547253088,12.710586547851562,5,0,0,2021-05-24,2021-05-28,0,True,True
2021-06-04,12.723632697403522,13.123692188450773,12.406194352494708,12.993237495422363,5,0,0,2021-05-31,2021-06-04,0,True,True
2021-06-11,13.014979778349892,13.023676923378217,12.649707761448637,12.906269073486328,5,0,0,2021-06-07,2021-06-11,0,True,True
2021-06-18,12.880177125643373,13.441131250124664,12.823648420906872,12.871481895446777,5,0,0,2021-06-14,2021-06-18,0,True,True
2021-06-25,12.801904887583502,13.22805672590016,12.662753882730216,13.223708152770996,4,0,0,2021-06-21,2021-06-24,0,True,True
2021-07-02,13.254146970685792,13.667252032620436,12.958449317260467,13.441131591796875,5,0,0,2021-06-28,2021-07-02,0,True,True
2021-07-09,13.441130750365275,14.076007391358235,13.436782177586307,14.010781288146973,5,0,0,2021-07-05,2021-07-09,0,True,True
2021-07-16,14.03687187456938,14.223855548927748,13.654205311333079,13.728129386901855,5,0,0,2021-07-12,2021-07-16,0,True,True
2021-07-23,13.64116143581003,14.489112824959687,13.336767965711525,14.436931610107422,5,0,0,2021-07-19,2021-07-23,0,True,True
2021-07-30,14.48041620974662,14.763066318020913,14.363007227920313,14.51085376739502,5,0,0,2021-07-26,2021-07-30,0,True,True
2021-08-06,14.619566180956953,14.815249678902111,14.323869875768793,14.480415344238281,5,0,0,2021-08-02,2021-08-06,0,True,True
2021-08-13,14.463021081135588,14.850037890754193,14.2716888581979,14.789157867431641,5,0,0,2021-08-09,2021-08-13,0,True,True
2021-08-20,14.697838579607501,14.715232869924902,13.975992764599914,14.115143775939941,5,0,0,2021-08-16,2021-08-20,0,True,True
2021-08-27,14.219507077021255,14.580429409407444,14.115142975745755,14.536945343017578,5,0,0,2021-08-23,2021-08-27,0,True,True
2021-09-03,14.580428795380705,14.75871689878959,14.223854768710497,14.680442810058594,5,0,0,2021-08-30,2021-09-03,0,True,True
2021-09-10,14.693491350314018,15.363157568655968,14.571734555915631,14.671750068664551,5,0,0,2021-09-06,2021-09-10,0,True,True
2021-09-17,14.476066223047502,14.523899688839993,13.288934707641602,13.288934707641602,5,0,0,2021-09-13,2021-09-17,0,True,True
2021-09-24,13.08455659945181,13.31502496044012,12.788860273908529,12.945404052734375,5,0,0,2021-09-20,2021-09-24,0,True,True
2021-10-01,13.036723174426969,13.054117466302088,12.180074275647744,12.393149375915527,5,0,0,2021-09-27,2021-10-01,0,True,True
2021-10-08,12.401846735530428,12.871480557504222,12.193120186286118,12.671450614929199,5,0,0,2021-10-04,2021-10-08,0,True,True
2021-10-15,12.654056741768546,12.697541638150959,11.888725790574934,12.406193733215332,5,0,0,2021-10-11,2021-10-15,0,True,True
2021-10-22,12.406194943049256,12.910617906924218,12.249649634807156,12.68449592590332,5,0,0,2021-10-18,2021-10-22,0,True,True
2021-10-29,12.697541664761355,12.780162797493231,12.323573431533466,12.506209373474121,5,0,0,2021-10-25,2021-10-29,0,True,True
2021-11-05,12.597527096202047,12.749722903929708,12.427936526245178,12.575784683227539,5,0,0,2021-11-01,2021-11-05,0,True,True
2021-11-12,12.558390238084462,13.280237787396844,12.471420076310588,13.271540641784668,5,0,0,2021-11-08,2021-11-12,0,True,True
2021-11-19,13.258494556303619,13.262843128989317,12.767116721910231,13.019328117370605,5,0,0,2021-11-15,2021-11-19,0,True,True
2021-11-26,13.054117215244101,13.480266023715052,12.958450658749467,13.001935005187988,5,0,0,2021-11-22,2021-11-26,0,True,True
2021-12-03,13.114994613392421,13.858584628491485,13.023676872253418,13.415040016174316,5,0,0,2021-11-29,2021-12-03,0,True,True
2021-12-10,13.671599533422485,14.102097298965457,13.528099955612939,13.649857521057129,4,0,0,2021-12-07,2021-12-10,0,True,True
2021-12-17,13.510706554285271,13.723781648725883,13.184570691574045,13.515054702758789,5,0,0,2021-12-13,2021-12-17,0,True,True
2021-12-24,13.249798003047706,13.828144073486328,13.054117199879201,13.828144073486328,4,0,0,2021-12-20,2021-12-23,0,True,True
2021-12-31,13.780312101446949,14.15862853943325,13.780312101446949,14.036870956420898,4,0,0,2021-12-27,2021-12-30,0,True,True
2022-01-07,13.989036700777829,14.797854537317605,13.989036700777829,14.671750068664551,4,0,0,2022-01-03,2022-01-07,0,True,True
2022-01-14,14.632612357807787,15.037020990708532,14.328218915020411,14.632613182067871,5,0,0,2022-01-10,2022-01-14,0,True,True
2022-01-21,14.632613042926717,15.03267172931151,14.37605256004491,14.48476505279541,5,0,0,2022-01-17,2022-01-21,0,True,True
2022-01-28,14.541293781183668,15.576231631407323,14.002084033408405,15.219656944274902,5,0,0,2022-01-24,2022-01-28,0,True,True
2022-02-04,15.567534221103461,16.337214168365787,15.206611796565637,15.632761001586914,5,0,0,2022-01-31,2022-02-04,0,True,True
2022-02-11,15.776261435372737,16.580729009449829,15.689293291825113,16.302423477172852,5,0,0,2022-02-07,2022-02-11,0,True,True
2022-02-18,15.724077460052937,16.358953487467623,15.66319910672104,15.902366638183594,5,0,0,2022-02-14,2022-02-18,0,True,True
2022-02-25,15.958894944752165,16.050212472216021,14.389097805657393,15.345761299133301,5,0,0,2022-02-21,2022-02-25,0,True,True
2022-03-04,14.958749633894961,15.010930851882659,12.71058708169245,12.897571563720703,5,0,0,2022-02-28,2022-03-04,0,True,True
2022-03-11,12.48881448288634,14.580429049218864,12.093103495926108,14.28038501739502,5,0,0,2022-03-07,2022-03-11,0,True,True
2022-03-18,14.406492698011521,15.415955993167707,14.397793944952701,15.213586807250978,5,0,0,2022-03-14,2022-03-18,0,True,True
2022-03-25,15.281042805988823,16.481760014402841,15.195599098309833,16.28388786315918,5,0,0,2022-03-21,2022-03-25,0,True,True
2022-04-01,16.355843996551332,17.102356860611227,15.897142619008036,16.324361801147461,5,0,0,2022-03-28,2022-04-01,0,True,True
2022-04-08,16.324364195742678,17.37667894524618,16.144482420204621,17.02140998840332,5,0,0,2022-04-04,2022-04-08,0,True,True
2022-04-15,16.980935077921394,17.704962227037353,16.747089646898758,17.659992218017578,4,0,0,2022-04-11,2022-04-14,0,True,True
2022-04-22,17.628515010881348,17.997275117992316,16.57170006342583,16.594186782836914,4,0,0,2022-04-19,2022-04-22,0,True,True
2022-04-29,16.252408628178355,17.079868516672217,15.640808865054179,16.994424819946289,5,0,0,2022-04-25,2022-04-29,0,True,True
2022-05-06,16.91347905886661,17.291232974306052,14.507545790896586,16.144479751586914,5,0,0,2022-05-02,2022-05-06,0,True,True
2022-05-13,15.919628401645577,16.477261984331395,15.487906926474359,15.604831695556641,5,0,0,2022-05-09,2022-05-13,0,True,True
2022-05-20,15.537374745205012,16.612174467667479,15.433942352792158,16.005073547363281,5,0,0,2022-05-16,2022-05-20,0,True,True
2022-05-27,16.130989097471556,16.913481246176296,16.005071690428416,16.895492553710938,4,0,0,2022-05-23,2022-05-27,0,True,True
2022-06-03,16.953953291655839,17.169812433682456,15.564358739946536,15.703765869140625,5,0,0,2022-05-30,2022-06-03,0,True,True
2022-06-10,15.88814692869413,16.315367645433547,14.691926488546677,14.984236717224121,5,0,0,2022-06-06,2022-06-10,0,True,True
2022-06-17,15.056188483409814,15.078673487815522,13.504701753236443,13.756537437438965,5,0,0,2022-06-13,2022-06-17,0,True,True
2022-06-24,13.806003202020804,14.597487375087136,13.563162461013865,13.67109203338623,4,0,0,2022-06-20,2022-06-23,0,True,True
2022-07-01,13.873459018849916,14.539027201559021,13.23037795880758,13.464225769042969,5,0,0,2022-06-27,2022-07-01,0,True,True
2022-07-08,13.563162234559289,14.093816630313757,13.176414489746094,13.940916061401367,5,0,0,2022-07-04,2022-07-08,0,True,True
2022-07-15,13.68907999427535,14.039850103292327,13.365290418980829,13.940916061401367,5,0,0,2022-07-11,2022-07-15,0,True,True
2022-07-22,14.057839524809538,14.826840171229863,13.149431488476704,13.302331924438477,5,0,0,2022-07-18,2022-07-22,0,True,True
2022-07-29,13.302333344592858,13.657601343558428,12.969550259544665,13.545174598693848,5,0,0,2022-07-25,2022-07-29,0,True,True
2022-08-05,13.545174486200628,13.770028830914214,13.17641390576577,13.518192291259766,5,0,0,2022-08-01,2022-08-05,0,True,True
2022-08-12,13.599137797998454,14.224231322787197,13.48671163243751,14.053342819213867,5,0,0,2022-08-08,2022-08-12,0,True,True
2022-08-19,14.120798677740822,14.143284540875738,13.675589334686849,13.972394943237305,5,0,0,2022-08-15,2022-08-19,0,True,True
2022-08-26,13.972395625228199,14.138786421605928,13.270852001865622,13.392273902893066,5,0,0,2022-08-22,2022-08-26,0,True,True
2022-09-02,13.221384613325599,13.459729663663282,12.848127534186156,13.099963188171387,5,0,0,2022-08-29,2022-09-02,0,True,True
2022-09-09,12.888601872515711,12.906591284609776,12.393924113061601,12.717714309692383,5,0,0,2022-09-05,2022-09-09,0,True,True
2022-09-16,12.789665664957539,13.639612999143935,12.618777651573723,12.947064399719238,5,0,0,2022-09-12,2022-09-16,0,True,True
2022-09-23,12.947064414110443,13.144935576205912,11.633919395572546,11.755339622497559,5,0,0,2022-09-19,2022-09-23,0,True,True
2022-09-30,11.669896609577938,12.016170244315285,11.386580832953559,11.77332878112793,5,0,0,2022-09-26,2022-09-30,0,True,True
2022-10-07,11.687884269395409,12.636765570569011,11.53048665535586,11.840784072875977,5,0,0,2022-10-03,2022-10-07,0,True,True
2022-10-14,11.732854874030993,12.546824672301407,11.642913621964984,12.362444877624512,5,0,0,2022-10-10,2022-10-14,0,True,True
2022-10-21,12.38043325606286,12.987536583613883,11.579953916244007,12.250017166137695,5,0,0,2022-10-17,2022-10-21,0,True,True
2022-10-28,12.456883221769104,12.722210415732217,11.818300140833662,11.966703414916992,5,0,0,2022-10-24,2022-10-28,0,True,True
2022-11-04,11.993685242386986,12.569310545852755,11.678890009951074,12.52433967590332,5,0,0,2022-10-31,2022-11-04,0,True,True
2022-11-11,12.447890305327075,13.122449240962666,12.339960724718512,12.852624893188477,5,0,0,2022-11-07,2022-11-11,0,True,True
2022-11-18,12.884105550456264,12.987537955977583,12.362445367713836,12.717714309692383,5,0,0,2022-11-14,2022-11-18,0,True,True
2022-11-25,12.677240611847989,12.812151424434768,12.38493123243658,12.63676643371582,5,0,0,2022-11-21,2022-11-25,0,True,True
2022-12-02,12.618778083610959,12.992033338662822,12.366942405700684,12.884103775024414,5,0,0,2022-11-28,2022-12-02,0,True,True
2022-12-09,12.884104056184047,13.34730252743633,12.758187564729349,13.234875679016113,4,0,0,2022-12-05,2022-12-09,0,True,True
2022-12-16,13.176413711729262,13.176413711729262,11.561965604162921,11.818299293518066,5,0,0,2022-12-12,2022-12-16,0,True,True
2022-12-23,11.75983716520502,12.245521774733584,11.651908175226037,12.07463264465332,5,0,0,2022-12-19,2022-12-23,0,True,True
2022-12-30,12.178064441457522,12.227532481532673,11.827293395996094,11.827293395996094,4,0,0,2022-12-27,2022-12-30,0,True,True
2023-01-06,11.944216871725958,12.510847673027341,11.930726211597431,12.492859840393066,4,0,0,2023-01-02,2023-01-05,0,True,True
2023-01-13,12.654754643267726,12.830140955673604,12.42540312514431,12.677240371704102,5,0,0,2023-01-09,2023-01-13,0,True,True
2023-01-20,12.740198248276462,12.780671943632365,12.303983106670751,12.32197093963623,5,0,0,2023-01-16,2023-01-20,0,True,True
2023-01-27,12.366941264812212,12.744695175702676,12.052146218303951,12.205046653747559,5,0,0,2023-01-23,2023-01-27,0,True,True
2023-02-03,12.142088404195377,12.821146127508694,11.521493462123441,12.735701560974121,5,0,0,2023-01-30,2023-02-03,0,True,True
2023-02-10,12.726706023234851,12.911085799498302,12.03865552403877,12.079129219055176,5,0,0,2023-02-06,2023-02-10,0,True,True
2023-02-17,12.092620515884567,12.726706696123877,12.043153330951645,12.09711742401123,5,0,0,2023-02-13,2023-02-17,0,True,True
2023-02-24,12.173568735432413,12.303984181251034,11.66090202331543,11.66090202331543,5,0,0,2023-02-20,2023-02-24,0,True,True
2023-03-03,11.692381530183866,12.294988747118062,11.687884357434804,12.276999473571777,5,0,0,2023-02-27,2023-03-03,0,True,True
2023-03-10,12.276999416077579,12.281496588516189,11.350604536339363,11.431551933288574,5,0,0,2023-03-06,2023-03-10,0,True,True
2023-03-17,11.431550961470892,11.481019608868136,10.605091344402496,10.690196990966797,5,0,0,2023-03-13,2023-03-17,0,True,True
2023-03-24,10.685468920871219,11.427777999720416,10.392327346237684,11.205558776855469,5,0,0,2023-03-20,2023-03-24,0,True,True
2023-03-31,11.29539108865149,11.503427970357212,10.997523289823617,11.328487396240234,5,0,0,2023-03-27,2023-03-31,0,True,True
2023-04-07,11.371040218995239,11.427777286178147,10.945513955300656,11.14409351348877,4,0,0,2023-04-03,2023-04-06,0,True,True
2023-04-14,11.252838511217201,11.328487776026599,10.784758687422229,10.907689094543457,4,0,0,2023-04-11,2023-04-14,0,True,True
2023-04-21,10.97861090768067,11.167734992304453,10.302493691521047,10.439608573913574,5,0,0,2023-04-17,2023-04-21,0,True,True
2023-04-28,10.425424678263527,10.874591827392578,10.293037983563803,10.874591827392578,5,0,0,2023-04-24,2023-04-28,0,True,True
2023-05-05,11.016434472656618,11.432507144504893,10.959697974236711,11.380497932434082,4,0,0,2023-05-02,2023-05-05,0,True,True
2023-05-12,11.423049349803216,11.574347873353934,10.992794982345007,11.06844425201416,5,0,0,2023-05-08,2023-05-12,0,True,True
2023-05-19,11.068443420112191,11.229198207140985,10.879321098327637,11.09681224822998,4,0,0,2023-05-15,2023-05-19,0,True,True
2023-05-26,11.096812254734175,11.583805349561034,10.978610160790993,11.375768661499023,5,0,0,2023-05-22,2023-05-26,0,True,True
2023-06-02,11.418321485192504,11.768199923066419,11.129908437316157,11.730375289916992,5,0,0,2023-05-29,2023-06-02,0,True,True
2023-06-09,11.824936739505512,12.06134186362778,11.649998654687952,11.725647926330566,5,0,0,2023-06-05,2023-06-09,0,True,True
2023-06-16,11.725646650714118,11.952596313105712,11.0164350288278,11.181918144226074,5,0,0,2023-06-12,2023-06-16,0,True,True
2023-06-23,11.096812407403061,11.106268791483112,9.914791727797251,9.97625732421875,4,0,0,2023-06-19,2023-06-22,0,True,True
2023-06-30,9.9289766649477542,10.141739344327224,9.6878434333404559,10.047177314758301,5,0,0,2023-06-26,2023-06-30,0,True,True
2023-07-07,10.080273627233243,10.53417036308988,10.061361762644557,10.264668464660645,5,0,0,2023-07-03,2023-07-07,0,True,True
2023-07-14,10.226843260536624,11.011706678118092,10.146465812455585,10.808399200439453,5,0,0,2023-07-10,2023-07-14,0,True,True
2023-07-21,10.685469123603289,11.087356202563106,9.5554561614990234,9.5554561614990234,5,0,0,2023-07-17,2023-07-21,0,True,True
2023-07-28,9.4656239702357876,10.756390330772215,9.3710619336494716,10.434880256652832,5,0,0,2023-07-24,2023-07-28,0,True,True
2023-08-04,10.434880251867773,10.685469382594377,10.179564344290766,10.534171104431152,5,0,0,2023-07-31,2023-08-04,0,True,True
2023-08-11,10.496345847852526,10.519985904892181,10.193747520196373,10.231572151184082,5,0,0,2023-08-07,2023-08-11,0,True,True
2023-08-18,10.174836034928241,10.34977462158928,9.9762563693390742,10.12282657623291,5,0,0,2023-08-14,2023-08-18,0,True,True
2023-08-25,10.146467372067804,10.704381471608217,10.118099121858215,10.524714469909668,5,0,0,2023-08-21,2023-08-25,0,True,True
2023-09-01,10.51053000250506,11.371040607030951,10.51053000250506,11.210287094116211,5,0,0,2023-08-28,2023-09-01,0,True,True
2023-09-08,11.276478892309068,11.371040017570436,10.746933809628926,10.780030250549316,5,0,0,2023-09-04,2023-09-08,0,True,True
2023-09-15,10.794215301880016,11.720919822733793,10.794215301880016,11.503427505493164,5,0,0,2023-09-11,2023-09-15,0,True,True
2023-09-22,11.493970419991324,11.583803997831629,10.576722480139695,10.855678558349609,5,0,0,2023-09-18,2023-09-22,0,True,True
2023-09-29,10.79894231801622,11.337944540879461,10.780029551967107,11.243383407592773,5,0,0,2023-09-25,2023-09-29,0,True,True
2023-10-06,11.243383297638969,11.427778272283572,10.467976614121032,11.125182151794434,5,0,0,2023-10-02,2023-10-06,0,True,True
2023-10-13,11.115724434312158,12.00933217121136,11.049531553786698,11.479788780212402,5,0,0,2023-10-09,2023-10-13,0,True,True
2023-10-20,11.574349157430172,11.640542945185004,10.184291839599609,10.184291839599609,5,0,0,2023-10-16,2023-10-20,0,True,True
2023-10-27,10.184292883619046,10.723293178683154,9.9620723690484727,10.458521842956543,5,0,0,2023-10-23,2023-10-27,0,True,True
2023-11-03,10.496345841457796,11.125182151794434,10.472704882622175,11.125182151794434,5,0,0,2023-10-30,2023-11-03,0,True,True
2023-11-10,11.063716031934657,11.635814666748047,11.054259643907264,11.267023086547852,5,0,0,2023-11-06,2023-11-10,0,True,True
2023-11-17,11.290663146986274,11.834393973390972,11.06371514494661,11.512883186340332,5,0,0,2023-11-13,2023-11-17,0,True,True
2023-11-24,11.512884276435832,11.593261737408969,10.921873337108897,11.044803619384766,5,0,0,2023-11-20,2023-11-24,0,True,True
2023-12-01,10.997522935225998,11.48924268582128,10.827311631267339,11.342672348022461,5,0,0,2023-11-27,2023-12-01,0,True,True
2023-12-08,11.314305535680059,11.41359367336347,10.86513512520515,11.352128982543945,4,0,0,2023-12-04,2023-12-08,0,True,True
2023-12-15,11.252839125376662,11.87694582105645,10.666556262822956,11.81548023223877,5,0,0,2023-12-11,2023-12-15,0,True,True
2023-12-22,11.749288185768034,12.174815190112074,11.654726150956099,12.009332656860352,5,0,0,2023-12-18,2023-12-22,0,True,True
2023-12-29,11.990420543084477,12.084981675929667,11.839120938778535,11.84384822845459,3,0,0,2023-12-27,2023-12-29,0,True,True
2024-01-05,11.848576918699148,12.103893858848695,11.716192337398114,11.985692977905273,4,0,0,2024-01-02,2024-01-05,0,True,True
2024-01-12,11.853305677573857,12.108622629940506,11.489243876793463,11.834393501281738,5,0,0,2024-01-08,2024-01-12,0,True,True
2024-01-19,11.82020951407983,11.843849572383823,10.917145979194316,10.926602363586426,5,0,0,2024-01-15,2024-01-19,0,True,True
2024-01-26,10.959697724673461,11.446690489757094,10.780030046210744,11.404138565063477,5,0,0,2024-01-22,2024-01-26,0,True,True
2024-02-02,11.30957616495879,11.337944414447414,10.420696821212298,10.770574569702148,5,0,0,2024-01-29,2024-02-02,0,True,True
2024-02-09,10.704382091345877,10.798944133871526,10.519986393088534,10.605091094970703,5,0,0,2024-02-05,2024-02-09,0,True,True
2024-02-16,10.642915225637177,10.713836292170411,10.127555570666823,10.590907096862793,5,0,0,2024-02-12,2024-02-16,0,True,True
2024-02-23,10.486890656071548,10.68546875093088,10.420697200657962,10.590907096862793,5,0,0,2024-02-19,2024-02-23,0,True,True
2024-03-01,10.562538855980293,11.215014716951982,10.40178394110923,11.148821830749512,5,0,0,2024-02-26,2024-03-01,0,True,True
2024-03-08,11.148821140842497,11.172461198220368,10.425424996116842,11.054259300231934,5,0,0,2024-03-04,2024-03-08,0,True,True
2024-03-15,11.016435544243333,11.257567417909058,10.879321574882606,11.14409351348877,5,0,0,2024-03-11,2024-03-15,0,True,True
2024-03-22,11.158277515844919,12.268013397360818,11.011708072122978,12.176674842834473,5,0,0,2024-03-18,2024-03-22,0,True,True
2024-03-29,12.114181841365328,12.484336730771981,12.114181841365328,12.388192176818848,4,0,0,2024-03-25,2024-03-28,0,True,True
2024-04-05,12.479528593551175,12.79680602575228,12.306469492387587,12.585288047790527,4,0,0,2024-04-02,2024-04-05,0,True,True
2024-04-12,12.561251768687457,12.748733978404482,12.147832909377756,12.181483268737793,5,0,0,2024-04-08,2024-04-12,0,True,True
2024-04-19,12.181482934559543,12.344928318598898,11.81132623349243,12.28243350982666,5,0,0,2024-04-15,2024-04-19,0,True,True
2024-04-26,12.282434245267869,12.835263551581432,11.710375244053917,12.219940185546875,5,0,0,2024-04-22,2024-04-26,0,True,True
2024-05-03,12.272819680482073,12.566059014045896,12.003614992257443,12.402613639831543,4,0,0,2024-04-29,2024-05-03,0,True,True
2024-05-10,12.402614041021303,12.700660834458347,12.258397144808454,12.609323501586914,4,0,0,2024-05-06,2024-05-10,0,True,True
2024-05-17,12.623746400973461,13.671718386025534,12.542023711233321,13.224647521972656,5,0,0,2024-05-13,2024-05-17,0,True,True
2024-05-24,13.248684703575144,13.493851777278936,12.767962507954305,12.897757530212402,5,0,0,2024-05-20,2024-05-24,0,True,True
2024-05-31,12.897757060884638,13.287140865609631,12.671817739657273,12.892949104309082,5,0,0,2024-05-27,2024-05-31,0,True,True
2024-06-07,13.017937456091239,13.114082117481622,12.176675259822929,12.287240982055664,5,0,0,2024-06-03,2024-06-07,0,True,True
2024-06-14,12.176674669333622,12.368963347355315,11.830555343401338,11.907470703125,5,0,0,2024-06-10,2024-06-14,0,True,True
2024-06-21,11.902664213842085,12.200711357762406,11.705568476105364,12.171868324279785,4,0,0,2024-06-17,2024-06-20,0,True,True
2024-06-28,12.075723248395068,12.460301066644419,11.931506263002738,12.263205528259277,5,0,0,2024-06-24,2024-06-28,0,True,True
2024-07-05,12.56125239423517,12.599710077567215,11.989193240540351,12.114181518554688,5,0,0,2024-07-01,2024-07-05,0,True,True
2024-07-12,12.133410600976763,12.210325967947812,11.844976881679589,12.075722694396973,5,0,0,2024-07-08,2024-07-12,0,True,True
2024-07-19,12.018036140394921,12.30646947495412,11.835362394498411,12.171868324279785,5,0,0,2024-07-15,2024-07-19,0,True,True
2024-07-26,12.186289485845563,12.450685928407882,10.984486415548856,11.00852108001709,5,0,0,2024-07-22,2024-07-26,0,True,True
2024-08-02,11.018137170434386,11.268112760882591,10.335511336381108,10.43646240234375,5,0,0,2024-07-29,2024-08-02,0,True,True
2024-08-09,10.095150627229456,10.431656162486464,9.907669551847146,10.345126152038574,5,0,0,2024-08-05,2024-08-09,0,True,True
2024-08-16,10.373968634656794,10.705667263479441,10.244173834220579,10.638365745544434,5,0,0,2024-08-12,2024-08-16,0,True,True
2024-08-23,10.638365672150909,11.104667183529312,10.614329965537705,11.056594848632812,5,0,0,2024-08-19,2024-08-23,0,True,True
2024-08-30,11.042172044766877,11.301762083592775,10.960449356644293,11.244074821472168,5,0,0,2024-08-26,2024-08-30,0,True,True
2024-09-06,11.220039515034175,11.316184178639451,10.426848817461861,10.441269874572754,5,0,0,2024-09-02,2024-09-06,0,True,True
2024-09-13,10.441269640483066,10.672017421169265,10.30186060206435,10.619137763977051,5,0,0,2024-09-09,2024-09-13,0,True,True
2024-09-20,10.571065243828949,11.133508704033838,10.364354324323724,10.402812004089355,5,0,0,2024-09-16,2024-09-20,0,True,True
2024-09-27,10.412426863763187,11.109473615007005,10.287439172772171,10.994100570678711,5,0,0,2024-09-23,2024-09-27,0,True,True
2024-10-04,10.97487215437982,11.72479589189351,10.830655263533325,11.53250789642334,5,0,0,2024-09-30,2024-10-04,0,True,True
2024-10-11,11.864205464488416,11.87382011348995,11.296954094079995,11.546930313110352,5,0,0,2024-10-07,2024-10-11,0,True,True
2024-10-18,11.556545671158553,11.614231739544715,10.244174063707801,10.422041893005371,5,0,0,2024-10-14,2024-10-18,0,True,True
2024-10-25,10.393198871929838,10.470114618875094,9.9461278915405273,10.287439346313477,5,0,0,2024-10-21,2024-10-25,0,True,True
2024-11-01,10.297054278634917,10.422041975167033,9.7682607778350743,9.9797773361206055,5,0,0,2024-10-28,2024-11-01,0,True,True
2024-11-08,9.9605485483698182,10.109572452370777,9.7538385391235352,9.7538385391235352,5,0,0,2024-11-04,2024-11-08,0,True,True
2024-11-15,9.7778745658444279,9.8547899260614145,9.2529261351167804,9.4375238418579102,5,0,0,2024-11-11,2024-11-15,0,True,True
2024-11-22,9.4375244545648602,9.5009796777682372,8.8548895893998161,8.9414196014404297,5,0,0,2024-11-18,2024-11-22,0,True,True
2024-11-29,9.0241039915412422,9.2933087007096322,8.7414388847717941,8.8375835418701172,5,0,0,2024-11-25,2024-11-29,0,True,True
2024-12-06,8.8145091451250295,9.3683004379272461,8.7606685748550834,9.3683004379272461,4,0,0,2024-12-02,2024-12-05,0,True,True
2024-12-13,9.5567422707966951,9.7346096153542536,9.2702336018711939,9.2971534729003906,5,0,0,2024-12-09,2024-12-13,0,True,True
2024-12-20,9.2567726464990709,9.3798364994758092,8.6337576995217802,8.9894924163818359,5,0,0,2024-12-16,2024-12-20,0,True,True
2024-12-27,8.9606490303550679,9.339457341479461,8.9145003576050641,9.3144598007202148,2,0,0,2024-12-23,2024-12-27,0,True,True
2025-01-03,9.2894621890317488,9.6240437401528336,9.2356216145470942,9.454829216003418,3,0,0,2024-12-30,2025-01-03,0,True,True
2025-01-10,9.5663572154079652,9.7971033044676457,9.2413902282714844,9.2413902282714844,4,0,0,2025-01-07,2025-01-10,0,True,True
2025-01-17,9.2202379007612425,9.6721166024320322,9.1683200775874933,9.619236946105957,5,0,0,2025-01-13,2025-01-17,0,True,True
2025-01-24,9.633658304856807,10.148030475754922,9.5163615010896887,9.9941997528076172,5,0,0,2025-01-20,2025-01-24,0,True,True
2025-01-31,9.9028624434503527,10.340318853496701,9.8163324323374272,10.282631874084473,5,0,0,2025-01-27,2025-01-31,0,True,True
2025-02-07,10.027850897943173,10.450884333022248,9.9365125223181376,10.085536956787109,5,0,0,2025-02-03,2025-02-07,0,True,True
2025-02-14,10.119186597113091,10.715281702422107,9.3490707228266761,10.498956680297852,5,0,0,2025-02-10,2025-02-14,0,True,True
2025-02-21,10.479727896060195,10.854690980503277,10.239367121042401,10.297054290771484,5,0,0,2025-02-17,2025-02-21,0,True,True
2025-02-28,10.446077545514076,10.556643265911976,9.7442244365763226,9.9653558731079102,5,0,0,2025-02-24,2025-02-28,0,True,True
2025-03-07,10.003814332059582,10.47972746925968,9.6384645057146532,10.032657623291016,5,0,0,2025-03-03,2025-03-07,0,True,True
2025-03-14,10.047078193101457,10.071114815914513,9.3259959172661322,9.5528964996337891,5,0,0,2025-03-10,2025-03-14,0,True,True
2025-03-21,9.5913551224328355,9.7778750853843466,8.9992481215696447,9.077214241027832,5,0,0,2025-03-17,2025-03-21,0,True,True
2025-03-28,9.1317896830671597,9.1805187365869685,8.5996714093806013,8.8589086532592773,5,0,0,2025-03-24,2025-03-28,0,True,True
2025-04-04,8.7107722343711647,8.7672982718521215,7.7966189545172577,7.9545001983642578,5,0,0,2025-03-31,2025-04-04,0,True,True
2025-04-11,6.9604322387701325,8.1338227629133293,6.9175503912892546,7.2040762901306152,5,0,0,2025-04-07,2025-04-11,0,True,True
2025-04-18,7.4067879697613943,7.5315343079669379,7.2469574778670376,7.3619580268859863,4,0,0,2025-04-14,2025-04-17,0,True,True
2025-04-25,7.3561102946613088,8.2117888636442853,7.2196695847562129,7.8511953353881836,4,0,0,2025-04-22,2025-04-25,0,True,True
2025-05-02,7.837551377507304,8.4125518024810368,7.7498397263364698,8.0285682678222656,4,0,0,2025-04-28,2025-05-02,0,True,True
2025-05-09,8.028568286624358,8.3189928002256899,7.7439921132113394,8.2273826599121094,5,0,0,2025-05-05,2025-05-09,0,True,True
2025-05-16,8.354077153673968,8.9914508124731718,8.354077153673968,8.7595024108886719,5,0,0,2025-05-12,2025-05-16,0,True,True
2025-05-23,8.710772627885925,9.4397565350473869,8.4515352719393295,8.6250104904174805,5,0,0,2025-05-19,2025-05-23,0,True,True
2025-05-30,8.7380601450434767,8.8861975561053672,8.5665352617289354,8.6795864105224609,4,0,0,2025-05-26,2025-05-30,0,True,True
2025-06-06,8.6055180815674479,8.7185692272242399,8.3034000396728516,8.3034000396728516,5,0,0,2025-06-02,2025-06-06,0,True,True
2025-06-13,8.3034004532392007,8.6191620678189107,8.053907861183502,8.1435689926147461,5,0,0,2025-06-09,2025-06-13,0,True,True
2025-06-20,8.1396714014328495,9.8481045746995779,8.1182295591536064,9.4495029449462891,4,0,0,2025-06-16,2025-06-19,0,True,True
2025-06-27,9.3637395235623746,9.3695874936080141,8.6971283292832506,9.2584857940673828,5,0,0,2025-06-23,2025-06-27,0,True,True
2025-07-04,9.2234003070462709,9.4241632531009945,8.7867897582692507,9.0382308959960938,5,0,0,2025-06-30,2025-07-04,0,True,True
2025-07-11,8.8218742111694137,9.4300109836965227,8.7458571109991237,9.1142482757568359,5,0,0,2025-07-07,2025-07-11,0,True,True
2025-07-18,9.0518744660583792,9.2818753755057433,8.4612812911535169,8.5509424209594727,5,0,0,2025-07-14,2025-07-18,0,True,True
2025-07-25,8.5957725155518627,9.6405194180998386,8.4632303158634077,9.5742483139038086,5,0,0,2025-07-21,2025-07-25,0,True,True
2025-08-01,9.7282320101068755,9.7282320101068755,8.7107725952150421,8.7731456756591797,5,0,0,2025-07-28,2025-08-01,0,True,True
2025-08-08,8.8179766762494562,9.8286132643109685,8.6893324886967775,9.7603931427001953,5,0,0,2025-08-04,2025-08-08,0,True,True
2025-08-15,9.7457743685744624,9.8870885430449373,9.4631462394103725,9.5859441757202148,5,0,0,2025-08-11,2025-08-15,0,True,True
2025-08-22,9.5859444485119933,10.198952519408911,9.414418233428302,10.179460525512695,5,0,0,2025-08-18,2025-08-22,0,True,True
2025-08-29,10.179460248097111,10.267172892887253,9.634671682899187,9.7243328094482422,5,0,0,2025-08-25,2025-08-29,0,True,True
2025-09-05,9.7282326032552913,9.8675968388003934,9.3637399279561979,9.4806890487670898,5,0,0,2025-09-01,2025-09-05,0,True,True
2025-09-12,9.4806887364956118,9.8091210342886743,9.164926046190315,9.2545871734619141,5,0,0,2025-09-08,2025-09-12,0,True,True
2025-09-19,9.2623837212617932,9.775011240267153,9.1083999261392457,9.1220436096191406,5,0,0,2025-09-15,2025-09-19,0,True,True
2025-09-26,9.1805192655011254,9.4748424232522659,9.0266482127551786,9.0996828079223633,5,0,0,2025-09-22,2025-09-26,0,True,True
2025-10-03,9.2279868771731532,9.5240705170622153,9.050335372094727,9.4273500442504883,5,0,0,2025-09-29,2025-10-03,0,True,True
2025-10-10,9.3760291840775789,9.3760291840775789,8.5154085159301758,8.5154085159301758,5,0,0,2025-10-06,2025-10-10,0,True,True
2025-10-17,8.5371209600668081,8.7503026495021352,8.3871042344150304,8.6141023635864258,5,0,0,2025-10-13,2025-10-17,0,True,True
2025-10-24,8.6121287999212512,9.733305660783838,8.4423734033212749,9.6780357360839844,5,0,0,2025-10-20,2025-10-24,0,True,True
2025-10-31,9.7135659254719133,10.086633668695814,9.4214276132166415,9.9681997299194336,5,0,0,2025-10-27,2025-10-31,0,True,True
2025-11-07,9.8695043743672546,10.111307039714374,9.6997486512410287,9.8991117477416992,5,0,0,2025-11-03,2025-11-07,0,True,True
2025-11-14,10.007677633404526,10.856454410175706,9.8991122577342043,10.106371879577637,5,0,0,2025-11-10,2025-11-14,0,True,True
2025-11-21,10.106371358907321,10.111306223605217,9.2714116346849647,9.5280189514160156,5,0,0,2025-11-17,2025-11-21,0,True,True
2025-11-28,9.6346101514047131,10.096501976407849,9.5398631890145857,9.997807502746582,5,0,0,2025-11-24,2025-11-28,0,True,True
2025-12-05,9.9484601782904587,10.3383061694215,9.7609396648422759,10.165589332580566,5,0,0,2025-12-01,2025-12-05,0,True,True
2025-12-12,10.160654854407541,10.392587141262672,9.9139170937027323,10.002742767333984,5,0,0,2025-12-08,2025-12-12,0,True,True
2025-12-19,10.002742676845646,10.293892592966738,9.908981743090175,10.160654067993164,5,0,0,2025-12-15,2025-12-19,0,True,True
2025-12-26,10.160654866861513,10.254415253847178,10.111307156558526,10.180393218994141,2,0,0,2025-12-22,2025-12-23,0,True,True
2026-01-02,10.200132103761344,10.752825479783308,10.200132103761344,10.678803443908691,3,0,0,2025-12-29,2026-01-02,0,True,True
2026-01-09,10.757759155392215,10.886062822389718,10.244545019310872,10.589977264404297,4,0,0,2026-01-05,2026-01-09,0,True,True
2026-01-16,10.649194619588918,10.762693458315775,10.308696457584345,10.446869850158691,5,0,0,2026-01-12,2026-01-16,0,True,True
2026-01-23,10.224806218840893,10.45180524340112,9.7076447216163757,10.264284133911133,5,0,0,2026-01-19,2026-01-23,0,True,True
2026-01-30,10.293893183258104,10.45180509988389,9.5477578604587112,9.6109228134155273,5,0,0,2026-01-26,2026-01-30,0,True,True
2026-02-06,9.4668279492155261,10.535696029663086,9.397741724562545,10.535696029663086,5,0,0,2026-02-02,2026-02-06,0,True,True
2026-02-13,10.629456139009397,12.100011650615073,10.540630453422027,11.468363761901855,5,0,0,2026-02-09,2026-02-13,0,True,True
2026-02-20,11.517711440489816,11.527581170553812,11.048909128719737,11.142669677734375,5,0,0,2026-02-16,2026-02-20,0,True,True
2026-02-27,11.17227838867268,11.3597996808496,10.999562819153743,11.354864120483398,5,0,0,2026-02-23,2026-02-27,0,True,True
2026-03-06,11.152539619357045,11.1624093491734,10.333370877575378,10.515955924987793,5,0,0,2026-03-02,2026-03-06,0,True,True
2026-03-13,10.264283484307343,10.678803261053451,10.111306668730583,10.140914916992188,5,0,0,2026-03-09,2026-03-13,0,True,True
2026-03-20,10.106371400155188,10.323500800305789,9.4510374069213867,9.4510374069213867,5,0,0,2026-03-16,2026-03-20,0,True,True
2026-03-27,9.1944301279170588,10.199999809265137,9.1450824185088138,9.8479995727539062,5,0,0,2026-03-23,2026-03-27,0,True,True
2026-04-03,9.9499998092651367,10.399999618530273,9.8479995727539062,10.050000190734863,4,0,0,2026-03-30,2026-04-02,0,True,True
2026-04-10,10.100000381469727,10.449999809265137,9.8400001525878906,10.345000267028809,4,0,0,2026-04-07,2026-04-10,0,True,True
2026-04-17,10.265000343322754,10.550000190734863,10.175000190734863,10.520000457763672,5,0,0,2026-04-13,2026-04-17,0,True,True
2026-04-24,10.414999961853027,10.5,9.6520004272460938,9.6719999313354492,5,0,0,2026-04-20,2026-04-24,0,True,True
2026-05-01,9.6719999313354492,9.6719999313354492,9.2799997329711914,9.4600000381469727,4,0,0,2026-04-27,2026-04-30,0,True,True
2026-05-08,9.5240001678466797,10.215000152587891,9.3540000915527344,9.5900001525878906,5,0,0,2026-05-04,2026-05-08,0,True,True
2026-05-15,9.5900001525878906,9.7659997940063477,9.3479995727539062,9.4860000610351562,4,0,0,2026-05-11,2026-05-15,0,True,True
2026-05-22,9.3879995346069336,9.9160003662109375,9.324000358581543,9.7539997100830078,5,0,0,2026-05-18,2026-05-22,0,True,True
2026-05-29,9.7980003356933594,10.154999732971191,9.7980003356933594,10.045000076293945,5,0,0,2026-05-25,2026-05-29,0,True,True
2026-06-05,10.045000076293945,10.229999542236328,9.869999885559082,10.100000381469727,5,0,0,2026-06-01,2026-06-05,0,True,True
2026-06-12,9.9739999771118164,10.234999656677246,9.4499998092651367,9.6520004272460938,5,0,0,2026-06-08,2026-06-12,0,True,True
2026-06-19,9.8260002136230469,10.130000114440918,9.4219999313354492,9.6319999694824219,4,0,0,2026-06-15,2026-06-18,0,True,True
2026-06-26,9.6660003662109375,9.7200002670288086,9.1140003204345703,9.2480001449584961,5,0,0,2026-06-22,2026-06-26,0,True,True
2026-07-03,9.2480001449584961,9.4079999923706055,9.064000129699707,9.3940000534057617,5,0,0,2026-06-29,2026-07-03,0,True,True
2026-07-10,9.3540000915527344,9.6160001754760742,9.1239995956420898,9.4420003890991211,5,0,0,2026-07-06,2026-07-10,0,True,True
2026-07-17,9.3680000305175781,9.8299999237060547,9.2119998931884766,9.7720003128051758,5,0,0,2026-07-13,2026-07-17,0,True,True
2026-07-24,9.7440004348754883,10.109999656677246,8.7320003509521484,9.380000114440918,5,0,0,2026-07-20,2026-07-24,0,True,True
2026-07-31,9.4799995422363281,10.270000457763672,9.4420003890991211,9.9379997253417969,5,0,0,2026-07-27,2026-07-31,0,True,True
2026-08-07,9.9580001831054688,10.215000152587891,9.6520004272460938,9.7559995651245117,5,0,0,2026-08-03,2026-08-07,0,True,True
2026-08-14,9.7559995651245117,9.8260002136230469,9.5360002517700195,9.5880002975463867,5,0,0,2026-08-10,2026-08-14,0,True,True
2026-08-21,9.5880002975463867,9.8660001754760742,9.3360004425048828,9.8219995498657227,5,0,0,2026-08-17,2026-08-21,0,True,True
2026-08-28,9.8219995498657227,10.260000228881836,9.7779998779296875,10.109999656677246,5,0,0,2026-08-24,2026-08-28,0,True,True
2026-09-04,10.109999656677246,10.335000038146973,9.9499998092651367,10.180000305175781,5,0,0,2026-08-31,2026-09-04,0,True,True
