week,open,high,low,close,source_rows,bad_hlc,bad_ohlc,first_date,last_date,null_rows,valid_hlc,valid_ohlc
2000-01-07,17.569999694824219,19,16.399999618530273,17.799999237060547,4,0,0,2000-01-03,2000-01-07,1,False,False
2000-01-14,17.799999237060547,18.299999237060547,16.549999237060547,16.600000381469727,5,0,0,2000-01-10,2000-01-14,0,True,True
2000-01-21,16.700000762939453,17,15.149999618530273,15.220000267028809,5,0,0,2000-01-17,2000-01-21,0,True,True
2000-01-28,15.199999809265137,15.550000190734863,14.800000190734863,15.350000381469727,5,0,0,2000-01-24,2000-01-28,0,True,True
2000-02-04,15.300000190734863,15.5,14.600000381469727,14.829999923706055,5,0,0,2000-01-31,2000-02-04,0,True,True
2000-02-11,14.829999923706055,15.600000381469727,13.800000190734863,14.319999694824219,5,0,0,2000-02-07,2000-02-11,0,True,True
2000-02-18,14.5,14.550000190734863,13.300000190734863,13.300000190734863,5,0,0,2000-02-14,2000-02-18,0,True,True
2000-02-25,13.199999809265137,13.199999809265137,10.510000228881836,11.100000381469727,5,0,0,2000-02-21,2000-02-25,0,True,True
2000-03-03,11.430000305175781,11.430000305175781,9.630000114440918,10.060000419616699,5,0,0,2000-02-28,2000-03-03,0,True,True
2000-03-10,10.399999618530273,10.550000190734863,9.2399997711181641,9.6000003814697266,5,0,0,2000-03-06,2000-03-10,0,True,True
2000-03-17,9.75,12.75,9.75,11.600000381469727,5,0,0,2000-03-13,2000-03-17,0,True,True
2000-03-24,11.600000381469727,11.899999618530273,10.149999618530273,10.800000190734863,5,0,0,2000-03-20,2000-03-24,0,True,True
2000-03-31,10.800000190734863,11.25,10.220000267028809,11.199999809265137,5,0,0,2000-03-27,2000-03-31,0,True,True
2000-04-07,11.300000190734863,11.989999771118164,10.869999885559082,10.899999618530273,5,0,0,2000-04-03,2000-04-07,0,True,True
2000-04-14,11,11,10.350000381469727,10.550000190734863,5,0,0,2000-04-10,2000-04-14,0,True,True
2000-04-21,10.050000190734863,10.75,9.8999996185302734,10.350000381469727,4,0,0,2000-04-17,2000-04-21,1,True,True
2000-04-28,10.479999542236328,11.399999618530273,10.340000152587891,11.350000381469727,4,0,0,2000-04-24,2000-04-28,1,True,True
2000-05-05,11.460000038146973,12.279999732971191,11.100000381469727,12,4,0,0,2000-05-01,2000-05-05,1,True,True
2000-05-12,12.109999656677246,12.729999542236328,11.930000305175781,12.5,4,0,0,2000-05-08,2000-05-12,1,True,True
2000-05-19,12.600000381469727,12.649999618530273,11.899999618530273,12.149999618530273,5,0,0,2000-05-15,2000-05-19,0,True,True
2000-05-26,12.199999809265137,12.390000343322754,10.25,10.310000419616699,5,0,0,2000-05-22,2000-05-26,0,True,True
2000-06-02,10.319999694824219,10.600000381469727,9.9499998092651367,9.9700002670288086,4,0,0,2000-05-29,2000-06-02,1,True,True
2000-06-09,10.050000190734863,10.050000190734863,9.6700000762939453,9.75,5,0,0,2000-06-05,2000-06-09,0,True,True
2000-06-16,9.9899997711181641,9.9899997711181641,8.9700002670288086,8.9700002670288086,5,0,0,2000-06-12,2000-06-16,0,True,True
2000-06-23,8.9899997711181641,9,8.75,8.8000001907348633,3,0,0,2000-06-19,2000-06-23,2,True,True
2000-06-30,8.8500003814697266,9.8000001907348633,8.6999998092651367,9.5500001907348633,5,0,0,2000-06-26,2000-06-30,0,True,True
2000-07-07,9.6999998092651367,10.399999618530273,9.5,10.149999618530273,4,0,0,2000-07-03,2000-07-07,1,True,True
2000-07-14,10.329999923706055,11.470000267028809,10.199999809265137,11.300000190734863,5,0,0,2000-07-10,2000-07-14,0,True,True
2000-07-21,11.300000190734863,11.329999923706055,10.949999809265137,11.300000190734863,5,0,0,2000-07-17,2000-07-21,0,True,True
2000-07-28,11.390000343322754,11.699999809265137,10.920000076293945,11,3,0,0,2000-07-24,2000-07-28,2,True,True
2000-08-04,11,11,9.3999996185302734,9.6499996185302734,5,0,0,2000-07-31,2000-08-04,0,True,True
2000-08-11,9.75,10.399999618530273,9.6000003814697266,10.149999618530273,4,0,0,2000-08-07,2000-08-11,1,True,True
2000-08-18,10.199999809265137,10.350000381469727,9.9300003051757812,10,5,0,0,2000-08-14,2000-08-18,0,True,True
2000-08-25,10.100000381469727,10.439999580383301,9.9700002670288086,10.100000381469727,5,0,0,2000-08-21,2000-08-25,0,True,True
2000-09-01,10.100000381469727,10.649999618530273,9.9899997711181641,10.600000381469727,5,0,0,2000-08-28,2000-09-01,0,True,True
2000-09-08,10.689999580383301,11.279999732971191,10.590000152587891,11.100000381469727,5,0,0,2000-09-04,2000-09-08,0,True,True
2000-09-15,11.079999923706055,11.100000381469727,10.199999809265137,10.470000267028809,5,0,0,2000-09-11,2000-09-15,0,True,True
2000-09-22,10.460000038146973,10.550000190734863,9.3999996185302734,9.5,5,0,0,2000-09-18,2000-09-22,0,True,True
2000-09-29,9.6999998092651367,9.8999996185302734,9.2700004577636719,9.4899997711181641,5,0,0,2000-09-25,2000-09-29,0,True,True
2000-10-06,9.4899997711181641,10.119999885559082,9.4499998092651367,10,5,0,0,2000-10-02,2000-10-06,0,True,True
2000-10-13,10.100000381469727,10.100000381469727,8.75,8.8999996185302734,5,0,0,2000-10-09,2000-10-13,0,True,True
2000-10-20,9,9.9099998474121094,8.9700002670288086,9.7899999618530273,5,0,0,2000-10-16,2000-10-20,0,True,True
2000-10-27,9.7299995422363281,11.579999923706055,9.7299995422363281,11.149999618530273,5,0,0,2000-10-23,2000-10-27,0,True,True
2000-11-03,11.149999618530273,12.390000343322754,11.149999618530273,12.039999961853027,4,0,0,2000-10-30,2000-11-03,1,True,True
2000-11-10,12.050000190734863,12.340000152587891,11.800000190734863,11.819999694824219,5,0,0,2000-11-06,2000-11-10,0,True,True
2000-11-17,11.600000381469727,11.699999809265137,10.710000038146973,11.109999656677246,5,0,0,2000-11-13,2000-11-17,0,True,True
2000-11-24,11,11.810000419616699,10.800000190734863,11.699999809265137,5,0,0,2000-11-20,2000-11-24,0,True,True
2000-12-01,11.600000381469727,11.949999809265137,11.199999809265137,11.489999771118164,5,0,0,2000-11-27,2000-12-01,0,True,True
2000-12-08,11.5,12.619999885559082,11.449999809265137,12.430000305175781,4,0,0,2000-12-04,2000-12-08,1,True,True
2000-12-15,12.5,13.25,12.050000190734863,12.100000381469727,5,0,0,2000-12-11,2000-12-15,0,True,True
2000-12-22,12.100000381469727,12.710000038146973,11.460000038146973,12.550000190734863,5,0,0,2000-12-18,2000-12-22,0,True,True
2000-12-29,12.5,12.899999618530273,12.199999809265137,12.600000381469727,3,0,0,2000-12-25,2000-12-29,2,True,True
2001-01-05,12.600000381469727,13,11.699999809265137,12.430000305175781,4,0,0,2001-01-01,2001-01-05,1,True,True
2001-01-12,12.399999618530273,12.399999618530273,10.800000190734863,10.970000267028809,5,0,0,2001-01-08,2001-01-12,0,True,True
2001-01-19,11,11,10.119999885559082,10.479999542236328,5,0,0,2001-01-15,2001-01-19,0,True,True
2001-01-26,10.460000038146973,11.399999618530273,10.399999618530273,11.380000114440918,3,0,0,2001-01-22,2001-01-26,2,True,True
2001-02-02,11.300000190734863,12.050000190734863,10.75,11.699999809265137,5,0,0,2001-01-29,2001-02-02,0,True,True
2001-02-09,11.800000190734863,11.800000190734863,10.680000305175781,10.720000267028809,5,0,0,2001-02-05,2001-02-09,0,True,True
2001-02-16,10.600000381469727,11.149999618530273,10.270000457763672,11,5,0,0,2001-02-12,2001-02-16,0,True,True
2001-02-23,11,11.399999618530273,10.800000190734863,11.100000381469727,5,0,0,2001-02-19,2001-02-23,0,True,True
2001-03-02,11,12,11,11.770000457763672,5,0,0,2001-02-26,2001-03-02,0,True,True
2001-03-09,11.899999618530273,12.449999809265137,11.659999847412109,12.050000190734863,5,0,0,2001-03-05,2001-03-09,0,True,True
2001-03-16,12.029999732971191,12.149999618530273,11.5,11.899999618530273,4,0,0,2001-03-12,2001-03-16,1,True,True
2001-03-23,11.920000076293945,12,10.199999809265137,10.239999771118164,5,0,0,2001-03-19,2001-03-23,0,True,True
2001-03-30,10.199999809265137,11.649999618530273,10.199999809265137,10.739999771118164,5,0,0,2001-03-26,2001-03-30,0,True,True
2001-04-06,10.739999771118164,11,10.199999809265137,10.800000190734863,5,0,0,2001-04-02,2001-04-06,0,True,True
2001-04-13,10.699999809265137,11.600000381469727,10.560000419616699,11.479999542236328,3,0,0,2001-04-09,2001-04-13,2,True,True
2001-04-20,11,11.920000076293945,10.899999618530273,11.600000381469727,4,0,0,2001-04-16,2001-04-20,1,True,True
2001-04-27,11.5,12.520000457763672,11.5,12.399999618530273,5,0,0,2001-04-23,2001-04-27,0,True,True
2001-05-04,12.399999618530273,12.800000190734863,12.100000381469727,12.180000305175781,4,0,0,2001-04-30,2001-05-04,1,True,True
2001-05-11,12.5,12.729999542236328,11.75,12.600000381469727,4,0,0,2001-05-07,2001-05-11,1,True,True
2001-05-18,12.600000381469727,14.180000305175781,12.449999809265137,14.029999732971191,5,0,0,2001-05-14,2001-05-18,0,True,True
2001-05-25,13.949999809265137,14.100000381469727,11.430000305175781,13.260000228881836,4,0,0,2001-05-21,2001-05-25,1,True,True
2001-06-01,13.5,13.800000190734863,13.050000190734863,13.600000381469727,5,0,0,2001-05-28,2001-06-01,0,True,True
2001-06-08,13.319999694824219,14.199999809265137,13.319999694824219,13.800000190734863,5,0,0,2001-06-04,2001-06-08,0,True,True
2001-06-15,13.770000457763672,15.600000381469727,11.25,11.520000457763672,5,0,0,2001-06-11,2001-06-15,0,True,True
2001-06-22,11.710000038146973,12.399999618530273,11.5,12.199999809265137,4,0,0,2001-06-18,2001-06-22,1,True,True
2001-06-29,12.199999809265137,13.199999809265137,12.010000228881836,12.800000190734863,5,0,0,2001-06-25,2001-06-29,0,True,True
2001-07-06,13,13,12.210000038146973,12.579999923706055,5,0,0,2001-07-02,2001-07-06,0,True,True
2001-07-13,12.800000190734863,13.199999809265137,12.300000190734863,12.550000190734863,4,0,0,2001-07-09,2001-07-13,1,True,True
2001-07-20,12.5,12.699999809265137,12.020000457763672,12.689999580383301,5,0,0,2001-07-16,2001-07-20,0,True,True
2001-07-27,12.649999618530273,12.649999618530273,10.75,11.479999542236328,5,0,0,2001-07-23,2001-07-27,0,True,True
2001-08-03,11.449999809265137,12.579999923706055,10.600000381469727,12.529999732971191,5,0,0,2001-07-30,2001-08-03,0,True,True
2001-08-10,12.399999618530273,12.649999618530273,12,12.449999809265137,5,0,0,2001-08-06,2001-08-10,0,True,True
2001-08-17,12.449999809265137,13.060000419616699,12.399999618530273,12.649999618530273,5,0,0,2001-08-13,2001-08-17,0,True,True
2001-08-24,12.640000343322754,13.460000038146973,12.199999809265137,13.420000076293945,5,0,0,2001-08-20,2001-08-24,0,True,True
2001-08-31,13.229999542236328,13.829999923706055,12.75,12.850000381469727,5,0,0,2001-08-27,2001-08-31,0,True,True
2001-09-07,12.649999618530273,13.5,12.460000038146973,13.170000076293945,5,0,0,2001-09-03,2001-09-07,0,True,True
2001-09-14,13,13,11.399999618530273,11.699999809265137,5,0,0,2001-09-10,2001-09-14,0,True,True
2001-09-21,11.75,11.75,10.25,11.300000190734863,5,0,0,2001-09-17,2001-09-21,0,True,True
2001-09-28,11.170000076293945,12.180000305175781,11.170000076293945,12.180000305175781,4,0,0,2001-09-24,2001-09-28,1,True,True
2001-10-05,12.100000381469727,12.75,11.689999580383301,12.520000457763672,5,0,0,2001-10-01,2001-10-05,0,True,True
2001-10-12,12.5,13.449999809265137,12.399999618530273,13.189999580383301,5,0,0,2001-10-08,2001-10-12,0,True,True
2001-10-19,13.199999809265137,13.199999809265137,12.550000190734863,12.960000038146973,4,0,0,2001-10-15,2001-10-19,1,True,True
2001-10-26,12.949999809265137,14.199999809265137,12.550000190734863,13.859999656677246,4,0,0,2001-10-22,2001-10-26,1,True,True
2001-11-02,13.420000076293945,13.600000381469727,12.800000190734863,12.970000267028809,5,0,0,2001-10-29,2001-11-02,0,True,True
2001-11-09,13,14.210000038146973,13,13.979999542236328,5,0,0,2001-11-05,2001-11-09,0,True,True
2001-11-16,13.75,15.670000076293945,13.619999885559082,15.159999847412109,5,0,0,2001-11-12,2001-11-16,0,True,True
2001-11-23,15.050000190734863,15.300000190734863,14.199999809265137,14.600000381469727,5,0,0,2001-11-19,2001-11-23,0,True,True
2001-11-30,14.5,15.170000076293945,13.699999809265137,14.25,5,0,0,2001-11-26,2001-11-30,0,True,True
2001-12-07,14.109999656677246,14.649999618530273,13.850000381469727,14.430000305175781,4,0,0,2001-12-03,2001-12-07,1,True,True
2001-12-14,14.699999809265137,14.699999809265137,13.5,13.649999618530273,5,0,0,2001-12-10,2001-12-14,0,True,True
2001-12-21,13.5,14.119999885559082,13.5,13.850000381469727,5,0,0,2001-12-17,2001-12-21,0,True,True
2001-12-28,14.100000381469727,14.600000381469727,14.090000152587891,14.380000114440918,2,0,0,2001-12-24,2001-12-28,3,True,True
2002-01-04,14.300000190734863,15.199999809265137,13.899999618530273,14.909999847412109,3,0,0,2001-12-31,2002-01-04,2,True,True
2002-01-11,15,15.619999885559082,14.800000190734863,14.899999618530273,5,0,0,2002-01-07,2002-01-11,0,True,True
2002-01-18,14.899999618530273,14.949999809265137,13.75,14.399999618530273,5,0,0,2002-01-14,2002-01-18,0,True,True
2002-01-25,14.5,14.510000228881836,13.75,14,5,0,0,2002-01-21,2002-01-25,0,True,True
2002-02-01,14.050000190734863,15.189999580383301,13.850000381469727,15.149999618530273,5,0,0,2002-01-28,2002-02-01,0,True,True
2002-02-08,15.130000114440918,15.300000190734863,14.600000381469727,14.649999618530273,5,0,0,2002-02-04,2002-02-08,0,True,True
2002-02-15,14.699999809265137,15.560000419616699,14.699999809265137,15.479999542236328,5,0,0,2002-02-11,2002-02-15,0,True,True
2002-02-22,,,,,0,0,0,2002-02-18,2002-02-22,5,False,False
2002-03-01,,,,,0,0,0,2002-02-25,2002-03-01,5,False,False
2002-03-08,,,,,0,0,0,2002-03-04,2002-03-08,5,False,False
2002-03-15,,,,,0,0,0,2002-03-11,2002-03-15,5,False,False
2002-03-22,,,,,0,0,0,2002-03-18,2002-03-22,5,False,False
2002-03-29,,,,,0,0,0,2002-03-25,2002-03-29,5,False,False
2002-04-05,14.640000343322754,15.069999694824219,14.550000190734863,14.939999580383301,4,0,0,2002-04-01,2002-04-05,1,True,True
2002-04-12,14.939999580383301,15.010000228881836,14.569999694824219,14.590000152587891,5,0,0,2002-04-08,2002-04-12,0,True,True
2002-04-19,14.810000419616699,15,14.5,14.640000343322754,5,0,0,2002-04-15,2002-04-19,0,True,True
2002-04-26,14.600000381469727,14.689999580383301,13.350000381469727,14.350000381469727,5,0,0,2002-04-22,2002-04-26,0,True,True
2002-05-03,14.300000190734863,14.899999618530273,13.840000152587891,14.659999847412109,4,0,0,2002-04-29,2002-05-03,1,True,True
2002-05-10,14.649999618530273,15.199999809265137,14.279999732971191,15.149999618530273,4,0,0,2002-05-06,2002-05-10,1,True,True
2002-05-17,15.130000114440918,15.699999809265137,15,15.350000381469727,5,0,0,2002-05-13,2002-05-17,0,True,True
2002-05-24,15.090000152587891,15.489999771118164,15.060000419616699,15.369999885559082,5,0,0,2002-05-20,2002-05-24,0,True,True
2002-05-31,15.399999618530273,15.600000381469727,14.800000190734863,15.600000381469727,5,0,0,2002-05-27,2002-05-31,0,True,True
2002-06-07,15.350000381469727,15.5,14.649999618530273,15.25,5,0,0,2002-06-03,2002-06-07,0,True,True
2002-06-14,15.399999618530273,15.520000457763672,14.300000190734863,14.550000190734863,5,0,0,2002-06-10,2002-06-14,0,True,True
2002-06-21,14.550000190734863,14.800000190734863,14.050000190734863,14.050000190734863,4,0,0,2002-06-17,2002-06-21,1,True,True
2002-06-28,14.050000190734863,14.369999885559082,13.119999885559082,14.189999580383301,5,0,0,2002-06-24,2002-06-28,0,True,True
2002-07-05,13.829999923706055,14.399999618530273,13.399999618530273,13.409999847412109,5,0,0,2002-07-01,2002-07-05,0,True,True
2002-07-12,13.5,14,13.119999885559082,13.439999580383301,5,0,0,2002-07-08,2002-07-12,0,True,True
2002-07-19,13.050000190734863,13.399999618530273,11.850000381469727,11.949999809265137,5,0,0,2002-07-15,2002-07-19,0,True,True
2002-07-26,11.949999809265137,11.949999809265137,10,10.75,5,0,0,2002-07-22,2002-07-26,0,True,True
2002-08-02,10.75,12.25,10.5,10.600000381469727,5,0,0,2002-07-29,2002-08-02,0,True,True
2002-08-09,10.699999809265137,11,9.8000001907348633,10.930000305175781,5,0,0,2002-08-05,2002-08-09,0,True,True
2002-08-16,11.100000381469727,11.199999809265137,10.100000381469727,10.649999618530273,5,0,0,2002-08-12,2002-08-16,0,True,True
2002-08-23,10.710000038146973,12.420000076293945,10.550000190734863,12,5,0,0,2002-08-19,2002-08-23,0,True,True
2002-08-30,11.899999618530273,12.25,10.979999542236328,11.260000228881836,5,0,0,2002-08-26,2002-08-30,0,True,True
2002-09-06,11.579999923706055,11.640000343322754,10.369999885559082,10.609999656677246,5,0,0,2002-09-02,2002-09-06,0,True,True
2002-09-13,10.800000190734863,11.5,10.779999732971191,11.199999809265137,5,0,0,2002-09-09,2002-09-13,0,True,True
2002-09-20,11.199999809265137,11.569999694824219,10.310000419616699,10.350000381469727,5,0,0,2002-09-16,2002-09-20,0,True,True
2002-09-27,10.689999580383301,10.689999580383301,9.6000003814697266,10.130000114440918,5,0,0,2002-09-23,2002-09-27,0,True,True
2002-10-04,10.100000381469727,10.100000381469727,9.1499996185302734,9.5500001907348633,5,0,0,2002-09-30,2002-10-04,0,True,True
2002-10-11,9.5500001907348633,9.8599996566772461,8.4099998474121094,9.6400003433227539,5,0,0,2002-10-07,2002-10-11,0,True,True
2002-10-18,9.6999998092651367,11.550000190734863,9.380000114440918,11.449999809265137,5,0,0,2002-10-14,2002-10-18,0,True,True
2002-10-25,11.010000228881836,11.600000381469727,10.399999618530273,10.649999618530273,5,0,0,2002-10-21,2002-10-25,0,True,True
2002-11-01,10.75,10.890000343322754,10.100000381469727,10.300000190734863,5,0,0,2002-10-28,2002-11-01,0,True,True
2002-11-08,10.449999809265137,11.180000305175781,10.300000190734863,10.649999618530273,5,0,0,2002-11-04,2002-11-08,0,True,True
2002-11-15,10.640000343322754,10.649999618530273,9.9700002670288086,10.199999809265137,5,0,0,2002-11-11,2002-11-15,0,True,True
2002-11-22,10.409999847412109,11.149999618530273,10.229999542236328,10.899999618530273,5,0,0,2002-11-18,2002-11-22,0,True,True
2002-11-29,11,12.319999694824219,11,12.300000190734863,5,0,0,2002-11-25,2002-11-29,0,True,True
2002-12-06,12.25,12.699999809265137,10.5,11.119999885559082,4,0,0,2002-12-02,2002-12-06,1,True,True
2002-12-13,11.100000381469727,11.25,10.449999809265137,10.670000076293945,5,0,0,2002-12-09,2002-12-13,0,True,True
2002-12-20,10.800000190734863,10.979999542236328,10.260000228881836,10.329999923706055,5,0,0,2002-12-16,2002-12-20,0,True,True
2002-12-27,10.399999618530273,10.5,9.7600002288818359,9.8000001907348633,2,0,0,2002-12-23,2002-12-27,3,True,True
2003-01-03,9.8000001907348633,10.779999732971191,9.8000001907348633,10.649999618530273,3,0,0,2002-12-30,2003-01-03,2,True,True
2003-01-10,10.659999847412109,11.069999694824219,10.010000228881836,10.069999694824219,4,0,0,2003-01-06,2003-01-10,1,True,True
2003-01-17,10.100000381469727,11.170000076293945,10.100000381469727,10.770000457763672,5,0,0,2003-01-13,2003-01-17,0,True,True
2003-01-24,10.850000381469727,11.149999618530273,10.140000343322754,10.25,5,0,0,2003-01-20,2003-01-24,0,True,True
2003-01-31,10.25,10.25,8.6999998092651367,8.7799997329711914,5,0,0,2003-01-27,2003-01-31,0,True,True
2003-02-07,8.9399995803833008,9.4899997711181641,8.9399995803833008,9.1999998092651367,5,0,0,2003-02-03,2003-02-07,0,True,True
2003-02-14,9.2600002288818359,9.380000114440918,8.9499998092651367,9.0399999618530273,5,0,0,2003-02-10,2003-02-14,0,True,True
2003-02-21,9.1400003433227539,9.5600004196166992,9.0799999237060547,9.0799999237060547,5,0,0,2003-02-17,2003-02-21,0,True,True
2003-02-28,9.1400003433227539,9.4200000762939453,8.8000001907348633,9.0900001525878906,5,0,0,2003-02-24,2003-02-28,0,True,True
2003-03-07,9.1499996185302734,9.2700004577636719,8.3900003433227539,8.4700002670288086,5,0,0,2003-03-03,2003-03-07,0,True,True
2003-03-14,8.6499996185302734,9.2700004577636719,8.4200000762939453,9.119999885559082,5,0,0,2003-03-10,2003-03-14,0,True,True
2003-03-21,9.25,10.050000190734863,9.0399999618530273,9.5799999237060547,5,0,0,2003-03-17,2003-03-21,0,True,True
2003-03-28,9.6999998092651367,9.6999998092651367,8.880000114440918,8.9899997711181641,5,0,0,2003-03-24,2003-03-28,0,True,True
2003-04-04,8.8999996185302734,9.2299995422363281,8.3000001907348633,8.7899999618530273,5,0,0,2003-03-31,2003-04-04,0,True,True
2003-04-11,9.0500001907348633,9.1599998474121094,8.7200002670288086,8.9700002670288086,5,0,0,2003-04-07,2003-04-11,0,True,True
2003-04-18,9.1000003814697266,9.2200002670288086,8.6999998092651367,9.1800003051757812,4,0,0,2003-04-14,2003-04-18,1,True,True
2003-04-25,9.0500001907348633,10.039999961853027,8.9899997711181641,9.3999996185302734,4,0,2,2003-04-21,2003-04-25,1,True,False
2003-05-02,9.369999885559082,10.029999732971191,9.5699996948242188,9.7899999618530273,4,0,1,2003-04-28,2003-05-02,1,True,False
2003-05-09,9.7600002288818359,10.180000305175781,9.5600004196166992,9.6800003051757812,5,0,0,2003-05-05,2003-05-09,0,True,True
2003-05-16,9.8000001907348633,9.8299999237060547,9.119999885559082,9.119999885559082,5,0,0,2003-05-12,2003-05-16,0,True,True
2003-05-23,9.1999998092651367,9.2700004577636719,8.9499998092651367,9,5,0,0,2003-05-19,2003-05-23,0,True,True
2003-05-30,9.0500001907348633,9.25,8.8299999237060547,8.8500003814697266,4,0,0,2003-05-26,2003-05-30,1,True,True
2003-06-06,9.0699996948242188,9.7899999618530273,9.0299997329711914,9.7100000381469727,5,0,0,2003-06-02,2003-06-06,0,True,True
2003-06-13,9.6800003051757812,10.050000190734863,9.5,9.6499996185302734,5,0,0,2003-06-09,2003-06-13,0,True,True
2003-06-20,9.6999998092651367,10.119999885559082,9.4600000381469727,10.010000228881836,4,0,0,2003-06-16,2003-06-20,1,True,True
2003-06-27,10,10.079999923706055,9.3400001525878906,9.7899999618530273,5,0,0,2003-06-23,2003-06-27,0,True,True
2003-07-04,9.6499996185302734,10.5,9.3199996948242188,10.359999656677246,5,0,0,2003-06-30,2003-07-04,0,True,True
2003-07-11,10.300000190734863,11.479999542236328,10.300000190734863,10.819999694824219,5,0,0,2003-07-07,2003-07-11,0,True,True
2003-07-18,10.720000267028809,11.5,10.720000267028809,11.350000381469727,5,0,0,2003-07-14,2003-07-18,0,True,True
2003-07-25,11.159999847412109,11.420000076293945,10.720000267028809,11,5,0,0,2003-07-21,2003-07-25,0,True,True
2003-08-01,11.050000190734863,11.220000267028809,10.800000190734863,11,5,0,0,2003-07-28,2003-08-01,0,True,True
2003-08-08,10.989999771118164,11.050000190734863,10.449999809265137,10.689999580383301,5,0,0,2003-08-04,2003-08-08,0,True,True
2003-08-15,10.899999618530273,11.340000152587891,10.760000228881836,11.270000457763672,5,0,0,2003-08-11,2003-08-15,0,True,True
2003-08-22,11.310000419616699,12.310000419616699,11.25,12.140000343322754,5,0,0,2003-08-18,2003-08-22,0,True,True
2003-08-29,12.020000457763672,12.149999618530273,11.340000152587891,11.859999656677246,5,0,0,2003-08-25,2003-08-29,0,True,True
2003-09-05,11.800000190734863,12.420000076293945,11.569999694824219,11.739999771118164,5,0,0,2003-09-01,2003-09-05,0,True,True
2003-09-12,11.739999771118164,12.140000343322754,11.050000190734863,11.550000190734863,5,0,0,2003-09-08,2003-09-12,0,True,True
2003-09-19,11.600000381469727,12,11.050000190734863,11.050000190734863,5,0,0,2003-09-15,2003-09-19,0,True,True
2003-09-26,11.140000343322754,11.199999809265137,10.510000228881836,10.770000457763672,5,0,0,2003-09-22,2003-09-26,0,True,True
2003-10-03,10.899999618530273,11.050000190734863,10.25,10.770000457763672,5,0,0,2003-09-29,2003-10-03,0,True,True
2003-10-10,10.880000114440918,11.060000419616699,10.310000419616699,10.880000114440918,5,0,0,2003-10-06,2003-10-10,0,True,True
2003-10-17,10.949999809265137,11.300000190734863,10.819999694824219,11.140000343322754,5,0,0,2003-10-13,2003-10-17,0,True,True
2003-10-24,11.060000419616699,11.25,10.470000267028809,10.939999580383301,5,0,0,2003-10-20,2003-10-24,0,True,True
2003-10-31,10.989999771118164,11.779999732971191,10.890000343322754,11.699999809265137,5,0,0,2003-10-27,2003-10-31,0,True,True
2003-11-07,11.699999809265137,11.949999809265137,11.439999580383301,11.560000419616699,5,0,0,2003-11-03,2003-11-07,0,True,True
2003-11-14,11.600000381469727,11.880000114440918,11.510000228881836,11.800000190734863,5,0,0,2003-11-10,2003-11-14,0,True,True
2003-11-21,11.699999809265137,11.699999809265137,10.949999809265137,11.229999542236328,5,0,0,2003-11-17,2003-11-21,0,True,True
2003-11-28,11.199999809265137,11.5,11,11.229999542236328,5,0,0,2003-11-24,2003-11-28,0,True,True
2003-12-05,11.229999542236328,11.539999961853027,11,11.340000152587891,5,0,0,2003-12-01,2003-12-05,0,True,True
2003-12-12,11.399999618530273,11.609999656677246,10.970000267028809,11.199999809265137,5,0,0,2003-12-08,2003-12-12,0,True,True
2003-12-19,11.329999923706055,11.420000076293945,10.239999771118164,10.460000038146973,5,0,0,2003-12-15,2003-12-19,0,True,True
2003-12-26,10.399999618530273,10.760000228881836,10.300000190734863,10.699999809265137,2,0,0,2003-12-22,2003-12-26,3,True,True
2004-01-02,10.649999618530273,11.069999694824219,10.649999618530273,11.069999694824219,3,0,0,2003-12-29,2004-01-02,2,True,True
2004-01-09,11.039999961853027,11.199999809265137,10.659999847412109,10.699999809265137,4,0,0,2004-01-05,2004-01-09,1,True,True
2004-01-16,10.800000190734863,11.079999923706055,10.600000381469727,11.060000419616699,5,0,0,2004-01-12,2004-01-16,0,True,True
2004-01-23,11.020000457763672,11.239999771118164,9.9700002670288086,10.199999809265137,5,0,0,2004-01-19,2004-01-23,0,True,True
2004-01-30,10.25,10.539999961853027,10.149999618530273,10.449999809265137,5,0,0,2004-01-26,2004-01-30,0,True,True
2004-02-06,10.409999847412109,10.449999809265137,9.8599996566772461,9.9700002670288086,5,0,0,2004-02-02,2004-02-06,0,True,True
2004-02-13,10,10.439999580383301,9.9700002670288086,10.279999732971191,5,0,0,2004-02-09,2004-02-13,0,True,True
2004-02-20,10.300000190734863,10.869999885559082,10.159999847412109,10.829999923706055,5,0,0,2004-02-16,2004-02-20,0,True,True
2004-02-27,10.829999923706055,11.050000190734863,10.659999847412109,10.689999580383301,5,0,0,2004-02-23,2004-02-27,0,True,True
2004-03-05,10.810000419616699,11.529999732971191,10.770000457763672,11.050000190734863,5,0,0,2004-03-01,2004-03-05,0,True,True
2004-03-12,11.119999885559082,11.220000267028809,10.5,10.609999656677246,5,0,0,2004-03-08,2004-03-12,0,True,True
2004-03-19,10.699999809265137,10.729999542236328,9.6000003814697266,10.039999961853027,5,0,0,2004-03-15,2004-03-19,0,True,True
2004-03-26,10.050000190734863,10.420000076293945,9.9600000381469727,10.100000381469727,5,0,0,2004-03-22,2004-03-26,0,True,True
2004-04-02,10.25,10.779999732971191,10.100000381469727,10.699999809265137,5,0,0,2004-03-29,2004-04-02,0,True,True
2004-04-09,10.609999656677246,10.930000305175781,10.590000152587891,10.829999923706055,4,0,0,2004-04-05,2004-04-09,1,True,True
2004-04-16,10.899999618530273,10.989999771118164,10.399999618530273,10.529999732971191,4,0,0,2004-04-12,2004-04-16,1,True,True
2004-04-23,10.600000381469727,11.390000343322754,10.5,11.25,5,0,0,2004-04-19,2004-04-23,0,True,True
2004-04-30,11.260000228881836,11.800000190734863,11.050000190734863,11.25,5,0,0,2004-04-26,2004-04-30,0,True,True
2004-05-07,11.300000190734863,11.329999923706055,10.739999771118164,11,5,0,0,2004-05-03,2004-05-07,0,True,True
2004-05-14,10.75,11.119999885559082,10.590000152587891,10.630000114440918,5,0,0,2004-05-10,2004-05-14,0,True,True
2004-05-21,10.659999847412109,10.850000381469727,10.409999847412109,10.689999580383301,4,0,0,2004-05-17,2004-05-21,1,True,True
2004-05-28,10.699999809265137,11.010000228881836,10.279999732971191,10.630000114440918,5,0,0,2004-05-24,2004-05-28,0,True,True
2004-06-04,10.409999847412109,10.949999809265137,10.399999618530273,10.949999809265137,5,0,0,2004-05-31,2004-06-04,0,True,True
2004-06-11,11.079999923706055,11.079999923706055,10.789999961853027,10.869999885559082,5,0,0,2004-06-07,2004-06-11,0,True,True
2004-06-18,10.760000228881836,10.890000343322754,10.630000114440918,10.720000267028809,5,0,0,2004-06-14,2004-06-18,0,True,True
2004-06-25,10.850000381469727,11.25,10.75,11.180000305175781,4,0,0,2004-06-21,2004-06-25,1,True,True
2004-07-02,11.010000228881836,11.319999694824219,10.800000190734863,10.859999656677246,5,0,0,2004-06-28,2004-07-02,0,True,True
2004-07-09,10.819999694824219,11.100000381469727,10.770000457763672,10.770000457763672,5,0,0,2004-07-05,2004-07-09,0,True,True
2004-07-16,10.800000190734863,10.859999656677246,10.539999961853027,10.649999618530273,5,0,0,2004-07-12,2004-07-16,0,True,True
2004-07-23,10.699999809265137,10.800000190734863,10.449999809265137,10.449999809265137,5,0,0,2004-07-19,2004-07-23,0,True,True
2004-07-30,10.449999809265137,11.590000152587891,10.449999809265137,11.539999961853027,5,0,0,2004-07-26,2004-07-30,0,True,True
2004-08-06,11.449999809265137,11.75,10.909999847412109,11,5,0,0,2004-08-02,2004-08-06,0,True,True
2004-08-13,11.130000114440918,11.199999809265137,10.810000419616699,10.869999885559082,5,0,0,2004-08-09,2004-08-13,0,True,True
2004-08-20,10.979999542236328,11.090000152587891,10.850000381469727,10.899999618530273,5,0,0,2004-08-16,2004-08-20,0,True,True
2004-08-27,10.920000076293945,11.350000381469727,10.920000076293945,11.210000038146973,5,0,0,2004-08-23,2004-08-27,0,True,True
2004-09-03,11.189999580383301,11.270000457763672,10.789999961853027,10.920000076293945,5,0,0,2004-08-30,2004-09-03,0,True,True
2004-09-10,10.909999847412109,11.039999961853027,10.680000305175781,10.75,5,0,0,2004-09-06,2004-09-10,0,True,True
2004-09-17,10.779999732971191,10.810000419616699,10.470000267028809,10.659999847412109,5,0,0,2004-09-13,2004-09-17,0,True,True
2004-09-24,10.670000076293945,10.810000419616699,10.550000190734863,10.670000076293945,5,0,0,2004-09-20,2004-09-24,0,True,True
2004-10-01,10.569999694824219,11.279999732971191,10.569999694824219,11.189999580383301,5,0,0,2004-09-27,2004-10-01,0,True,True
2004-10-08,11.270000457763672,11.439999580383301,10.970000267028809,11.220000267028809,5,0,0,2004-10-04,2004-10-08,0,True,True
2004-10-15,11.199999809265137,11.449999809265137,11.109999656677246,11.210000038146973,5,0,0,2004-10-11,2004-10-15,0,True,True
2004-10-22,11.210000038146973,11.529999732971191,10.970000267028809,11.449999809265137,5,0,0,2004-10-18,2004-10-22,0,True,True
2004-10-29,11.319999694824219,11.369999885559082,10.909999847412109,11.189999580383301,5,0,0,2004-10-25,2004-10-29,0,True,True
2004-11-05,11.109999656677246,11.399999618530273,11.109999656677246,11.25,5,0,0,2004-11-01,2004-11-05,0,True,True
2004-11-12,11.220000267028809,11.630000114440918,11.060000419616699,11.569999694824219,5,0,0,2004-11-08,2004-11-12,0,True,True
2004-11-19,11.569999694824219,11.630000114440918,11.310000419616699,11.5,5,0,0,2004-11-15,2004-11-19,0,True,True
2004-11-26,11.5,12,11.359999656677246,11.800000190734863,5,0,0,2004-11-22,2004-11-26,0,True,True
2004-12-03,11.850000381469727,12.109999656677246,11.470000267028809,11.560000419616699,5,0,0,2004-11-29,2004-12-03,0,True,True
2004-12-10,11.539999961853027,11.699999809265137,11.329999923706055,11.670000076293945,4,0,0,2004-12-06,2004-12-10,1,True,True
2004-12-17,11.699999809265137,11.75,11.300000190734863,11.329999923706055,5,0,0,2004-12-13,2004-12-17,0,True,True
2004-12-24,11.319999694824219,11.779999732971191,11.319999694824219,11.600000381469727,4,0,0,2004-12-20,2004-12-24,1,True,True
2004-12-31,11.619999885559082,11.640000343322754,11.229999542236328,11.270000457763672,4,0,0,2004-12-27,2004-12-31,1,True,True
2005-01-07,11.279999732971191,11.489999771118164,11.159999847412109,11.189999580383301,4,0,0,2005-01-03,2005-01-07,1,True,True
2005-01-14,11.159999847412109,11.430000305175781,11.130000114440918,11.369999885559082,5,0,0,2005-01-10,2005-01-14,0,True,True
2005-01-21,11.359999656677246,11.5,11.079999923706055,11.199999809265137,5,0,0,2005-01-17,2005-01-21,0,True,True
2005-01-28,11.159999847412109,11.239999771118164,10.729999542236328,10.779999732971191,5,0,0,2005-01-24,2005-01-28,0,True,True
2005-02-04,10.859999656677246,11.369999885559082,10.670000076293945,10.75,5,0,0,2005-01-31,2005-02-04,0,True,True
2005-02-11,10.859999656677246,11.329999923706055,10.850000381469727,11.319999694824219,5,0,0,2005-02-07,2005-02-11,0,True,True
2005-02-18,11.350000381469727,11.590000152587891,11.180000305175781,11.539999961853027,5,0,0,2005-02-14,2005-02-18,0,True,True
2005-02-25,11.529999732971191,11.590000152587891,11.329999923706055,11.5,5,0,0,2005-02-21,2005-02-25,0,True,True
2005-03-04,11.529999732971191,12.050000190734863,11.470000267028809,12.010000228881836,5,0,0,2005-02-28,2005-03-04,0,True,True
2005-03-11,12.050000190734863,12.170000076293945,11.430000305175781,11.510000228881836,5,0,0,2005-03-07,2005-03-11,0,True,True
2005-03-18,11.399999618530273,11.579999923706055,11.090000152587891,11.5,5,0,0,2005-03-14,2005-03-18,0,True,True
2005-03-25,11.449999809265137,11.520000457763672,10.699999809265137,10.939999580383301,4,0,0,2005-03-21,2005-03-25,1,True,True
2005-04-01,10.899999618530273,11.020000457763672,10.649999618530273,10.680000305175781,4,0,0,2005-03-28,2005-04-01,1,True,True
2005-04-08,10.680000305175781,11.270000457763672,10.550000190734863,11.140000343322754,5,0,0,2005-04-04,2005-04-08,0,True,True
2005-04-15,11.109999656677246,11.170000076293945,10.619999885559082,10.619999885559082,5,0,0,2005-04-11,2005-04-15,0,True,True
2005-04-22,10.539999961853027,10.649999618530273,10.140000343322754,10.340000152587891,5,0,0,2005-04-18,2005-04-22,0,True,True
2005-04-29,10.350000381469727,10.520000457763672,10.050000190734863,10.270000457763672,5,0,0,2005-04-25,2005-04-29,0,True,True
2005-05-06,10.399999618530273,10.430000305175781,10.050000190734863,10.279999732971191,4,0,0,2005-05-02,2005-05-06,1,True,True
2005-05-13,10.25,10.380000114440918,10.149999618530273,10.210000038146973,5,0,0,2005-05-09,2005-05-13,0,True,True
2005-05-20,10.149999618530273,10.760000228881836,10.100000381469727,10.5,5,0,0,2005-05-16,2005-05-20,0,True,True
2005-05-27,10.600000381469727,10.680000305175781,10.5,10.680000305175781,5,0,0,2005-05-23,2005-05-27,0,True,True
2005-06-03,10.630000114440918,11.069999694824219,10.630000114440918,10.880000114440918,5,0,0,2005-05-30,2005-06-03,0,True,True
2005-06-10,10.899999618530273,11.069999694824219,10.699999809265137,10.800000190734863,5,0,0,2005-06-06,2005-06-10,0,True,True
2005-06-17,10.760000228881836,11.079999923706055,10.760000228881836,11,5,0,0,2005-06-13,2005-06-17,0,True,True
2005-06-24,11.050000190734863,11.069999694824219,10.609999656677246,10.829999923706055,4,0,0,2005-06-20,2005-06-24,1,True,True
2005-07-01,10.670000076293945,10.949999809265137,10.5,10.869999885559082,5,0,0,2005-06-27,2005-07-01,0,True,True
2005-07-08,10.909999847412109,10.930000305175781,10.430000305175781,10.590000152587891,5,0,0,2005-07-04,2005-07-08,0,True,True
2005-07-15,10.689999580383301,10.75,10.199999809265137,10.609999656677246,5,0,0,2005-07-11,2005-07-15,0,True,True
2005-07-22,10.569999694824219,10.989999771118164,10.399999618530273,10.930000305175781,5,0,0,2005-07-18,2005-07-22,0,True,True
2005-07-29,10.960000038146973,11.199999809265137,10.770000457763672,10.930000305175781,5,0,0,2005-07-25,2005-07-29,0,True,True
2005-08-05,10.989999771118164,11.020000457763672,10.779999732971191,10.979999542236328,5,0,0,2005-08-01,2005-08-05,0,True,True
2005-08-12,11,11.180000305175781,10.850000381469727,11.140000343322754,5,0,0,2005-08-08,2005-08-12,0,True,True
2005-08-19,11.090000152587891,11.260000228881836,10.869999885559082,11.210000038146973,5,0,0,2005-08-15,2005-08-19,0,True,True
2005-08-26,11.210000038146973,11.289999961853027,10.779999732971191,10.829999923706055,5,0,0,2005-08-22,2005-08-26,0,True,True
2005-09-02,10.779999732971191,11.199999809265137,10.739999771118164,11.100000381469727,5,0,0,2005-08-29,2005-09-02,0,True,True
2005-09-09,11.050000190734863,11.170000076293945,11.010000228881836,11.090000152587891,5,0,0,2005-09-05,2005-09-09,0,True,True
2005-09-16,11.119999885559082,11.619999885559082,11.100000381469727,11.539999961853027,5,0,0,2005-09-12,2005-09-16,0,True,True
2005-09-23,11.550000190734863,11.789999961853027,11.310000419616699,11.369999885559082,5,0,0,2005-09-19,2005-09-23,0,True,True
2005-09-30,11.449999809265137,11.649999618530273,11.359999656677246,11.439999580383301,5,0,0,2005-09-26,2005-09-30,0,True,True
2005-10-07,11.439999580383301,11.550000190734863,11.090000152587891,11.090000152587891,5,0,0,2005-10-03,2005-10-07,0,True,True
2005-10-14,11.119999885559082,11.289999961853027,10.859999656677246,10.920000076293945,5,0,0,2005-10-10,2005-10-14,0,True,True
2005-10-21,10.899999618530273,10.989999771118164,10.380000114440918,10.430000305175781,5,0,0,2005-10-17,2005-10-21,0,True,True
2005-10-28,10.479999542236328,10.800000190734863,10.270000457763672,10.590000152587891,5,0,0,2005-10-24,2005-10-28,0,True,True
2005-11-04,10.640000343322754,10.739999771118164,10.550000190734863,10.720000267028809,5,0,0,2005-10-31,2005-11-04,0,True,True
2005-11-11,10.659999847412109,11.069999694824219,10.630000114440918,11.010000228881836,5,0,0,2005-11-07,2005-11-11,0,True,True
2005-11-18,11.130000114440918,11.189999580383301,10.930000305175781,10.960000038146973,5,0,0,2005-11-14,2005-11-18,0,True,True
2005-11-25,11,11.029999732971191,10.890000343322754,11.020000457763672,5,0,0,2005-11-21,2005-11-25,0,True,True
2005-12-02,11.010000228881836,11.390000343322754,10.859999656677246,11.340000152587891,5,0,0,2005-11-28,2005-12-02,0,True,True
2005-12-09,11.340000152587891,11.619999885559082,11.319999694824219,11.470000267028809,4,0,0,2005-12-05,2005-12-09,1,True,True
2005-12-16,11.489999771118164,11.5,11.229999542236328,11.350000381469727,5,0,0,2005-12-12,2005-12-16,0,True,True
2005-12-23,11.300000190734863,11.510000228881836,11.199999809265137,11.5,5,0,0,2005-12-19,2005-12-23,0,True,True
2005-12-30,11.479999542236328,11.550000190734863,11.409999847412109,11.439999580383301,4,0,0,2005-12-26,2005-12-30,1,True,True
2006-01-06,11.449999809265137,11.579999923706055,11.130000114440918,11.220000267028809,4,0,0,2006-01-02,2006-01-06,1,True,True
2006-01-13,11.220000267028809,11.270000457763672,10.939999580383301,11.159999847412109,5,0,0,2006-01-09,2006-01-13,0,True,True
2006-01-20,11.159999847412109,11.170000076293945,10.930000305175781,11.020000457763672,5,0,0,2006-01-16,2006-01-20,0,True,True
2006-01-27,10.979999542236328,11.229999542236328,10.890000343322754,11.159999847412109,5,0,0,2006-01-23,2006-01-27,0,True,True
2006-02-03,11.159999847412109,11.869999885559082,11.090000152587891,11.359999656677246,5,0,0,2006-01-30,2006-02-03,0,True,True
2006-02-10,11.329999923706055,11.460000038146973,11.189999580383301,11.300000190734863,5,0,0,2006-02-06,2006-02-10,0,True,True
2006-02-17,11.210000038146973,12.010000228881836,11.199999809265137,11.75,5,0,0,2006-02-13,2006-02-17,0,True,True
2006-02-24,11.649999618530273,12.329999923706055,11.649999618530273,12.25,5,0,0,2006-02-20,2006-02-24,0,True,True
2006-03-03,12.130000114440918,12.260000228881836,11.819999694824219,11.970000267028809,5,0,0,2006-02-27,2006-03-03,0,True,True
2006-03-10,11.949999809265137,13.489999771118164,11.920000076293945,13.079999923706055,5,0,0,2006-03-06,2006-03-10,0,True,True
2006-03-17,13.100000381469727,13.539999961853027,13.050000190734863,13.329999923706055,5,0,0,2006-03-13,2006-03-17,0,True,True
2006-03-24,13.329999923706055,13.579999923706055,12.609999656677246,12.840000152587891,5,0,0,2006-03-20,2006-03-24,0,True,True
2006-03-31,12.949999809265137,12.949999809265137,12.300000190734863,12.699999809265137,5,0,0,2006-03-27,2006-03-31,0,True,True
2006-04-07,12.710000038146973,12.779999732971191,12.170000076293945,12.210000038146973,5,0,0,2006-04-03,2006-04-07,0,True,True
2006-04-14,12.229999542236328,12.369999885559082,11.979999542236328,12.329999923706055,4,0,0,2006-04-10,2006-04-14,1,True,True
2006-04-21,12.270000457763672,12.840000152587891,12.119999885559082,12.789999961853027,4,0,0,2006-04-17,2006-04-21,1,True,True
2006-04-28,12.720000267028809,12.960000038146973,12.300000190734863,12.420000076293945,5,0,0,2006-04-24,2006-04-28,0,True,True
2006-05-05,12.460000038146973,12.689999580383301,12.239999771118164,12.420000076293945,4,0,0,2006-05-01,2006-05-05,1,True,True
2006-05-12,12.539999961853027,12.609999656677246,11.739999771118164,11.779999732971191,5,0,0,2006-05-08,2006-05-12,0,True,True
2006-05-19,11.710000038146973,11.829999923706055,10.789999961853027,11,5,0,0,2006-05-15,2006-05-19,0,True,True
2006-05-26,10.899999618530273,11.329999923706055,10.520000457763672,11.220000267028809,4,0,0,2006-05-22,2006-05-26,1,True,True
2006-06-02,11.210000038146973,11.279999732971191,10.529999732971191,10.949999809265137,5,0,0,2006-05-29,2006-06-02,0,True,True
2006-06-09,10.970000267028809,11.079999923706055,10.350000381469727,10.590000152587891,5,0,0,2006-06-05,2006-06-09,0,True,True
2006-06-16,10.489999771118164,10.680000305175781,10.010000228881836,10.270000457763672,5,0,0,2006-06-12,2006-06-16,0,True,True
2006-06-23,10.289999961853027,10.770000457763672,10.289999961853027,10.710000038146973,4,0,0,2006-06-19,2006-06-23,1,True,True
2006-06-30,10.699999809265137,10.920000076293945,10.25,10.920000076293945,5,0,0,2006-06-26,2006-06-30,0,True,True
2006-07-07,10.899999618530273,10.899999618530273,10.590000152587891,10.810000419616699,5,0,0,2006-07-03,2006-07-07,0,True,True
2006-07-14,10.800000190734863,11.270000457763672,10.680000305175781,10.899999618530273,5,0,0,2006-07-10,2006-07-14,0,True,True
2006-07-21,10.920000076293945,11.630000114440918,10.75,11.479999542236328,5,0,0,2006-07-17,2006-07-21,0,True,True
2006-07-28,11.479999542236328,11.890000343322754,11.180000305175781,11.579999923706055,5,0,0,2006-07-24,2006-07-28,0,True,True
2006-08-04,11.529999732971191,11.619999885559082,11.180000305175781,11.319999694824219,5,0,0,2006-07-31,2006-08-04,0,True,True
2006-08-11,11.220000267028809,11.329999923706055,10.869999885559082,11.079999923706055,5,0,0,2006-08-07,2006-08-11,0,True,True
2006-08-18,11.229999542236328,11.550000190734863,10.979999542236328,11.399999618530273,5,0,0,2006-08-14,2006-08-18,0,True,True
2006-08-25,11.279999732971191,12.010000228881836,11.279999732971191,11.970000267028809,5,0,0,2006-08-21,2006-08-25,0,True,True
2006-09-01,11.899999618530273,12.149999618530273,11.680000305175781,11.840000152587891,5,0,0,2006-08-28,2006-09-01,0,True,True
2006-09-08,11.869999885559082,12.279999732971191,11.710000038146973,11.880000114440918,5,0,0,2006-09-04,2006-09-08,0,True,True
2006-09-15,11.75,12.520000457763672,11.689999580383301,12.369999885559082,5,0,0,2006-09-11,2006-09-15,0,True,True
2006-09-22,12.340000152587891,12.460000038146973,11.899999618530273,11.899999618530273,5,0,0,2006-09-18,2006-09-22,0,True,True
2006-09-29,11.880000114440918,12.100000381469727,11.649999618530273,11.960000038146973,5,0,0,2006-09-25,2006-09-29,0,True,True
2006-10-06,12,12.069999694824219,11.619999885559082,11.739999771118164,5,0,0,2006-10-02,2006-10-06,0,True,True
2006-10-13,11.710000038146973,11.869999885559082,11.539999961853027,11.770000457763672,5,0,0,2006-10-09,2006-10-13,0,True,True
2006-10-20,11.789999961853027,12.869999885559082,11.75,12.729999542236328,5,0,0,2006-10-16,2006-10-20,0,True,True
2006-10-27,12.619999885559082,13.079999923706055,12.579999923706055,12.720000267028809,5,0,0,2006-10-23,2006-10-27,0,True,True
2006-11-03,12.600000381469727,12.829999923706055,12.119999885559082,12.180000305175781,5,0,0,2006-10-30,2006-11-03,0,True,True
2006-11-10,12.210000038146973,12.460000038146973,12.130000114440918,12.189999580383301,5,0,0,2006-11-06,2006-11-10,0,True,True
2006-11-17,12.170000076293945,12.5,12.079999923706055,12.229999542236328,5,0,0,2006-11-13,2006-11-17,0,True,True
2006-11-24,12.25,12.560000419616699,11.890000343322754,12.060000419616699,5,0,0,2006-11-20,2006-11-24,0,True,True
2006-12-01,12.079999923706055,12.109999656677246,11.590000152587891,11.619999885559082,5,0,0,2006-11-27,2006-12-01,0,True,True
2006-12-08,11.770000457763672,12.149999618530273,11.720000267028809,12.029999732971191,4,0,0,2006-12-04,2006-12-08,1,True,True
2006-12-15,12.079999923706055,12.369999885559082,11.930000305175781,12.210000038146973,5,0,0,2006-12-11,2006-12-15,0,True,True
2006-12-22,12.119999885559082,12.409999847412109,11.859999656677246,12,5,0,0,2006-12-18,2006-12-22,0,True,True
2006-12-29,11.939999580383301,12.210000038146973,11.930000305175781,12,3,0,0,2006-12-25,2006-12-29,2,True,True
2007-01-05,12.079999923706055,12.180000305175781,11.710000038146973,11.819999694824219,4,0,0,2007-01-02,2007-01-05,0,True,True
2007-01-12,11.890000343322754,12.210000038146973,11.770000457763672,12.199999809265137,5,0,0,2007-01-08,2007-01-12,0,True,True
2007-01-19,12.260000228881836,12.850000381469727,12.260000228881836,12.739999771118164,5,0,0,2007-01-15,2007-01-19,0,True,True
2007-01-26,12.779999732971191,12.899999618530273,12.260000228881836,12.409999847412109,5,0,0,2007-01-22,2007-01-26,0,True,True
2007-02-02,12.439999580383301,13.229999542236328,12.340000152587891,13.159999847412109,5,0,0,2007-01-29,2007-02-02,0,True,True
2007-02-09,13.060000419616699,13.229999542236328,12.659999847412109,12.729999542236328,5,0,0,2007-02-05,2007-02-09,0,True,True
2007-02-16,12.649999618530273,12.800000190734863,12.430000305175781,12.75,5,0,0,2007-02-12,2007-02-16,0,True,True
2007-02-23,12.779999732971191,12.840000152587891,12.609999656677246,12.760000228881836,5,0,0,2007-02-19,2007-02-23,0,True,True
2007-03-02,12.840000152587891,13,12.189999580383301,12.5,5,0,0,2007-02-26,2007-03-02,0,True,True
2007-03-09,12.220000267028809,12.850000381469727,12.100000381469727,12.840000152587891,5,0,0,2007-03-05,2007-03-09,0,True,True
2007-03-16,12.810000419616699,12.899999618530273,12.140000343322754,12.619999885559082,5,0,0,2007-03-12,2007-03-16,0,True,True
2007-03-23,12.729999542236328,13.109999656677246,12.619999885559082,13.060000419616699,5,0,0,2007-03-19,2007-03-23,0,True,True
2007-03-30,13.109999656677246,13.170000076293945,12.579999923706055,13,5,0,0,2007-03-26,2007-03-30,0,True,True
2007-04-06,12.970000267028809,13.220000267028809,12.819999694824219,13.079999923706055,4,0,0,2007-04-02,2007-04-05,0,True,True
2007-04-13,13.060000419616699,13.340000152587891,12.840000152587891,12.989999771118164,4,0,0,2007-04-10,2007-04-13,0,True,True
2007-04-20,13.039999961853027,13.090000152587891,12.449999809265137,12.729999542236328,5,0,0,2007-04-16,2007-04-20,0,True,True
2007-04-27,12.779999732971191,13.779999732971191,12.5,13.390000343322754,5,0,0,2007-04-23,2007-04-27,0,True,True
2007-05-04,13.25,14.300000190734863,13.25,14.039999961853027,4,0,0,2007-04-30,2007-05-04,0,True,True
2007-05-11,13.939999580383301,14.220000267028809,13.619999885559082,13.979999542236328,5,0,0,2007-05-07,2007-05-11,0,True,True
2007-05-18,14.100000381469727,14.220000267028809,13.829999923706055,14.010000228881836,4,0,0,2007-05-14,2007-05-18,0,True,True
2007-05-25,14.079999923706055,14.510000228881836,13.970000267028809,14.149999618530273,5,0,0,2007-05-21,2007-05-25,0,True,True
2007-06-01,14.109999656677246,14.359999656677246,13.840000152587891,14.319999694824219,5,0,0,2007-05-28,2007-06-01,0,True,True
2007-06-08,14.25,14.420000076293945,13.340000152587891,13.609999656677246,5,0,0,2007-06-04,2007-06-08,0,True,True
2007-06-15,13.670000076293945,14.369999885559082,13.600000381469727,14.310000419616699,5,0,0,2007-06-11,2007-06-15,0,True,True
2007-06-22,14.310000419616699,14.560000419616699,14.119999885559082,14.279999732971191,4,0,0,2007-06-18,2007-06-21,0,True,True
2007-06-29,14.069999694824219,14.279999732971191,13.890000343322754,13.979999542236328,5,0,0,2007-06-25,2007-06-29,0,True,True
2007-07-06,13.899999618530273,14.5,13.609999656677246,14.189999580383301,5,0,0,2007-07-02,2007-07-06,0,True,True
2007-07-13,14.350000381469727,14.430000305175781,13.510000228881836,14.069999694824219,5,0,0,2007-07-09,2007-07-13,0,True,True
2007-07-20,14.100000381469727,14.100000381469727,13.449999809265137,13.659999847412109,5,0,0,2007-07-16,2007-07-20,0,True,True
2007-07-27,13.739999771118164,13.779999732971191,12.510000228881836,12.600000381469727,5,0,0,2007-07-23,2007-07-27,0,True,True
2007-08-03,12.600000381469727,12.800000190734863,12.310000419616699,12.380000114440918,5,0,0,2007-07-30,2007-08-03,0,True,True
2007-08-10,12.210000038146973,12.420000076293945,11.399999618530273,11.670000076293945,5,0,0,2007-08-06,2007-08-10,0,True,True
2007-08-17,11.729999542236328,12.399999618530273,11.390000343322754,11.979999542236328,5,0,0,2007-08-13,2007-08-17,0,True,True
2007-08-24,12.090000152587891,13.130000114440918,11.939999580383301,13.100000381469727,5,0,0,2007-08-20,2007-08-24,0,True,True
2007-08-31,13.060000419616699,13.149999618530273,12.420000076293945,13.079999923706055,5,0,0,2007-08-27,2007-08-31,0,True,True
2007-09-07,13.210000038146973,13.279999732971191,12.710000038146973,12.970000267028809,5,0,0,2007-09-03,2007-09-07,0,True,True
2007-09-14,13,13.119999885559082,12.659999847412109,12.939999580383301,5,0,0,2007-09-10,2007-09-14,0,True,True
2007-09-21,12.909999847412109,14.029999732971191,12.590000152587891,13.800000190734863,5,0,0,2007-09-17,2007-09-21,0,True,True
2007-09-28,13.689999580383301,13.800000190734863,13.300000190734863,13.659999847412109,5,0,0,2007-09-24,2007-09-28,0,True,True
2007-10-05,13.449999809265137,13.699999809265137,12.420000076293945,12.520000457763672,5,0,0,2007-10-01,2007-10-05,0,True,True
2007-10-12,12.579999923706055,12.689999580383301,12.279999732971191,12.520000457763672,5,0,0,2007-10-08,2007-10-12,0,True,True
2007-10-19,12.529999732971191,12.550000190734863,11.460000038146973,11.739999771118164,5,0,0,2007-10-15,2007-10-19,0,True,True
2007-10-26,11.510000228881836,12.399999618530273,11.390000343322754,11.909999847412109,5,0,0,2007-10-22,2007-10-26,0,True,True
2007-11-02,12,12.739999771118164,11.899999618530273,12.079999923706055,5,0,0,2007-10-29,2007-11-02,0,True,True
2007-11-09,11.970000267028809,12.189999580383301,11.279999732971191,11.399999618530273,5,0,0,2007-11-05,2007-11-09,0,True,True
2007-11-16,11.369999885559082,11.560000419616699,10.890000343322754,11.170000076293945,5,0,0,2007-11-12,2007-11-16,0,True,True
2007-11-23,11.199999809265137,11.390000343322754,10.020000457763672,10.439999580383301,5,0,0,2007-11-19,2007-11-23,0,True,True
2007-11-30,10.640000343322754,11.479999542236328,10.140000343322754,11.260000228881836,5,0,0,2007-11-26,2007-11-30,0,True,True
2007-12-07,11.289999961853027,11.5,10.489999771118164,10.970000267028809,4,0,0,2007-12-03,2007-12-07,0,True,True
2007-12-14,10.850000381469727,11.310000419616699,10.239999771118164,10.420000076293945,5,0,0,2007-12-10,2007-12-14,0,True,True
2007-12-21,10.180000305175781,10.369999885559082,9.9899997711181641,10.100000381469727,5,0,0,2007-12-17,2007-12-21,0,True,True
2007-12-28,10.100000381469727,10.350000381469727,10.029999732971191,10.239999771118164,2,0,0,2007-12-27,2007-12-28,0,True,True
2008-01-04,10.090000152587891,10.439999580383301,9.9600000381469727,10.069999694824219,3,0,0,2008-01-02,2008-01-04,0,True,True
2008-01-11,10.020000457763672,10.310000419616699,9.6499996185302734,9.9600000381469727,5,0,0,2008-01-07,2008-01-11,0,True,True
2008-01-18,10,10.109999656677246,9.3000001907348633,9.3599996566772461,5,0,0,2008-01-14,2008-01-18,0,True,True
2008-01-25,9.2100000381469727,9.4099998474121094,7.880000114440918,9.0699996948242188,5,0,0,2008-01-21,2008-01-25,0,True,True
2008-02-01,8.9200000762939453,9.5600004196166992,8.7600002288818359,9.5299997329711914,5,0,0,2008-01-28,2008-02-01,0,True,True
2008-02-08,9.6599998474121094,9.7799997329711914,8.7100000381469727,8.7799997329711914,5,0,0,2008-02-04,2008-02-08,0,True,True
2008-02-15,8.7399997711181641,8.9899997711181641,8.380000114440918,8.4300003051757812,5,0,0,2008-02-11,2008-02-15,0,True,True
2008-02-22,8.4700002670288086,8.7700004577636719,8.25,8.3000001907348633,5,0,0,2008-02-18,2008-02-22,0,True,True
2008-02-29,8.3999996185302734,8.75,8.2600002288818359,8.3000001907348633,5,0,0,2008-02-25,2008-02-29,0,True,True
2008-03-07,8.1499996185302734,8.8000001907348633,8.0500001907348633,8.5600004196166992,5,0,0,2008-03-03,2008-03-07,0,True,True
2008-03-14,8.4700002670288086,8.5799999237060547,7.9699997901916504,8.1000003814697266,5,0,0,2008-03-10,2008-03-14,0,True,True
2008-03-21,7.9200000762939453,8.0500001907348633,7.1500000953674316,7.6100001335144043,4,0,0,2008-03-17,2008-03-20,0,True,True
2008-03-28,7.690000057220459,8.3100004196166992,7.2899999618530273,7.5100002288818359,4,0,0,2008-03-25,2008-03-28,0,True,True
2008-04-04,7.3600001335144043,7.9899997711181641,7.3000001907348633,7.690000057220459,5,0,0,2008-03-31,2008-04-04,0,True,True
2008-04-11,7.7800002098083496,8.0200004577636719,7.5,7.6399998664855957,5,0,0,2008-04-07,2008-04-11,0,True,True
2008-04-18,7.5799999237060547,7.8400001525878906,7.3299999237060547,7.809999942779541,5,0,0,2008-04-14,2008-04-18,0,True,True
2008-04-25,7.8000001907348633,8.4300003051757812,7.4000000953674316,8.25,5,0,0,2008-04-21,2008-04-25,0,True,True
2008-05-02,8.25,8.3500003814697266,7.75,8.3000001907348633,4,0,0,2008-04-28,2008-05-02,0,True,True
2008-05-09,8.1599998474121094,8.5699996948242188,8.0600004196166992,8.25,5,0,0,2008-05-05,2008-05-09,0,True,True
2008-05-16,8.3000001907348633,8.6599998474121094,8.1800003051757812,8.5799999237060547,5,0,0,2008-05-12,2008-05-16,0,True,True
2008-05-23,8.630000114440918,8.7299995422363281,8.0699996948242188,8.1400003433227539,5,0,0,2008-05-19,2008-05-23,0,True,True
2008-05-30,8,8.0200004577636719,7.5799999237060547,7.809999942779541,5,0,0,2008-05-26,2008-05-30,0,True,True
2008-06-06,7.8000001907348633,7.9899997711181641,7.5999999046325684,7.6500000953674316,5,0,0,2008-06-02,2008-06-06,0,True,True
2008-06-13,7.570000171661377,7.6700000762939453,6.820000171661377,7.130000114440918,5,0,0,2008-06-09,2008-06-13,0,True,True
2008-06-20,7.1700000762939453,7.1999998092651367,6.1100001335144043,6.1100001335144043,4,0,0,2008-06-16,2008-06-19,0,True,True
2008-06-27,5.8000001907348633,6.2399997711181641,5.630000114440918,6.0500001907348633,5,0,0,2008-06-23,2008-06-27,0,True,True
2008-07-04,6.059999942779541,6.1500000953674316,5.4600000381469727,5.6599998474121094,5,0,0,2008-06-30,2008-07-04,0,True,True
2008-07-11,5.679999828338623,5.929999828338623,5.4800000190734863,5.5500001907348633,5,0,0,2008-07-07,2008-07-11,0,True,True
2008-07-18,5.6500000953674316,6.0100002288818359,5.309999942779541,5.9600000381469727,5,0,0,2008-07-14,2008-07-18,0,True,True
2008-07-25,5.9200000762939453,6.75,5.7699999809265137,6.1500000953674316,5,0,0,2008-07-21,2008-07-25,0,True,True
2008-08-01,6.1399998664855957,6.2199997901916504,5.6100001335144043,5.7800002098083496,5,0,0,2008-07-28,2008-08-01,0,True,True
2008-08-08,5.7899999618530273,7.2899999618530273,5.6999998092651367,7.2899999618530273,5,0,0,2008-08-04,2008-08-08,0,True,True
2008-08-15,7.2399997711181641,7.8400001525878906,7.0999999046325684,7.4499998092651367,5,0,0,2008-08-11,2008-08-15,0,True,True
2008-08-22,7.4499998092651367,7.559999942779541,6.6399998664855957,6.929999828338623,5,0,0,2008-08-18,2008-08-22,0,True,True
2008-08-29,6.809999942779541,7.0900001525878906,6.6700000762939453,6.8600001335144043,5,0,0,2008-08-25,2008-08-29,0,True,True
2008-09-05,6.869999885559082,7.679999828338623,6.7300000190734863,6.9000000953674316,5,0,0,2008-09-01,2008-09-05,0,True,True
2008-09-12,7.1599998474121094,8.4399995803833008,7.119999885559082,8.1400003433227539,5,0,0,2008-09-08,2008-09-12,0,True,True
2008-09-19,7.880000114440918,8.3000001907348633,7.380000114440918,8.2700004577636719,5,0,0,2008-09-15,2008-09-19,0,True,True
2008-09-26,8.3100004196166992,8.3400001525878906,6.869999885559082,7,5,0,0,2008-09-22,2008-09-26,0,True,True
2008-10-03,7.2399997711181641,7.5999999046325684,6.4499998092651367,7.4099998474121094,5,0,0,2008-09-29,2008-10-03,0,True,True
2008-10-10,7.130000114440918,7.2300000190734863,5.2899999618530273,5.4099998474121094,5,0,0,2008-10-06,2008-10-10,0,True,True
2008-10-17,5.6999998092651367,6.679999828338623,5.5199999809265137,6.0100002288818359,5,0,0,2008-10-13,2008-10-17,0,True,True
2008-10-24,6.0399999618530273,6.5199999809265137,5.6599998474121094,6.0799999237060547,5,0,0,2008-10-20,2008-10-24,0,True,True
2008-10-31,5.869999885559082,7.309999942779541,5.7800002098083496,7.2600002288818359,5,0,0,2008-10-27,2008-10-31,0,True,True
2008-11-07,7.2300000190734863,7.9000000953674316,7.0199999809265137,7.5999999046325684,5,0,0,2008-11-03,2008-11-07,0,True,True
2008-11-14,7.7800002098083496,8.1899995803833008,7.1399998664855957,7.1999998092651367,5,0,0,2008-11-10,2008-11-14,0,True,True
2008-11-21,7.0999999046325684,7.190000057220459,5.4000000953674316,5.4499998092651367,5,0,0,2008-11-17,2008-11-21,0,True,True
2008-11-28,5.6500000953674316,6.5,5.3600001335144043,6.380000114440918,5,0,0,2008-11-24,2008-11-28,0,True,True
2008-12-05,6.2600002288818359,6.429999828338623,5.5999999046325684,5.7899999618530273,5,0,0,2008-12-01,2008-12-05,0,True,True
2008-12-12,6,6.3299999237060547,5.4099998474121094,5.6700000762939453,5,0,0,2008-12-08,2008-12-12,0,True,True
2008-12-19,5.75,5.869999885559082,5.0999999046325684,5.6100001335144043,5,0,0,2008-12-15,2008-12-19,0,True,True
2008-12-26,5.5,5.6100001335144043,5.3499999046325684,5.5500001907348633,2,0,0,2008-12-22,2008-12-23,0,True,True
2009-01-02,5.4800000190734863,5.869999885559082,5.369999885559082,5.8299999237060547,3,0,0,2008-12-29,2009-01-02,0,True,True
2009-01-09,5.9499998092651367,6.1599998474121094,5.2100000381469727,5.4000000953674316,4,0,0,2009-01-05,2009-01-09,0,True,True
2009-01-16,5.3899998664855957,5.5100002288818359,4.570000171661377,4.8299999237060547,5,0,0,2009-01-12,2009-01-16,0,True,True
2009-01-23,4.6599998474121094,4.7899999618530273,4.3899998664855957,4.4899997711181641,5,0,0,2009-01-19,2009-01-23,0,True,True
2009-01-30,4.5399999618530273,5.059999942779541,4.4099998474121094,4.7800002098083496,5,0,0,2009-01-26,2009-01-30,0,True,True
2009-02-06,4.809999942779541,5.0500001907348633,4.5,5.0500001907348633,5,0,0,2009-02-02,2009-02-06,0,True,True
2009-02-13,4.9000000953674316,4.9899997711181641,4.25,4.380000114440918,5,0,0,2009-02-09,2009-02-13,0,True,True
2009-02-20,4.3899998664855957,4.4699997901916504,3.7799999713897705,3.7799999713897705,5,0,0,2009-02-16,2009-02-20,0,True,True
2009-02-27,3.8199999332427979,3.8599998950958252,3.2000000476837158,3.309999942779541,5,0,0,2009-02-23,2009-02-27,0,True,True
2009-03-06,3.2999999523162842,3.2999999523162842,2.9000000953674316,2.9500000476837158,5,0,0,2009-03-02,2009-03-06,0,True,True
2009-03-13,2.940000057220459,3.3599998950958252,2.8499999046325684,3.1400001049041748,5,0,0,2009-03-09,2009-03-13,0,True,True
2009-03-20,3.2200000286102295,3.2400000095367432,2.7699999809265137,2.8299999237060547,5,0,0,2009-03-16,2009-03-20,0,True,True
2009-03-27,2.8599998950958252,3,2.7000000476837158,2.7999999523162842,5,0,0,2009-03-23,2009-03-27,0,True,True
2009-04-03,2.7599999904632568,3.0799999237060547,2.6500000953674316,3.0299999713897705,5,0,0,2009-03-30,2009-04-03,0,True,True
2009-04-10,3.0799999237060547,3.4000000953674316,3.0699999332427979,3.369999885559082,4,0,0,2009-04-06,2009-04-09,0,True,True
2009-04-17,3.3900001049041748,3.8199999332427979,3.309999942779541,3.5999999046325684,4,0,0,2009-04-14,2009-04-17,0,True,True
2009-04-24,3.619999885559082,4.4000000953674316,3.2699999809265137,4.3299999237060547,5,0,0,2009-04-20,2009-04-24,0,True,True
2009-05-01,4.2600002288818359,4.5999999046325684,4.130000114440918,4.3600001335144043,4,0,0,2009-04-27,2009-04-30,0,True,True
2009-05-08,4.369999885559082,4.9800000190734863,4.369999885559082,4.929999828338623,5,0,0,2009-05-04,2009-05-08,0,True,True
2009-05-15,4.940000057220459,4.9499998092651367,3.9200000762939453,4.380000114440918,5,0,0,2009-05-11,2009-05-15,0,True,True
2009-05-22,4.320000171661377,4.6100001335144043,4.1399998664855957,4.25,4,0,0,2009-05-18,2009-05-22,0,True,True
2009-05-29,4.2800002098083496,4.2800002098083496,4.0199999809265137,4.2199997901916504,5,0,0,2009-05-25,2009-05-29,0,True,True
2009-06-05,4.309999942779541,4.5,4.1100001335144043,4.1500000953674316,5,0,0,2009-06-01,2009-06-05,0,True,True
2009-06-12,4.0900001525878906,4.3899998664855957,4.059999942779541,4.2199997901916504,5,0,0,2009-06-08,2009-06-12,0,True,True
2009-06-19,4.2300000190734863,4.2300000190734863,3.6600000858306885,3.690000057220459,4,0,0,2009-06-15,2009-06-18,0,True,True
2009-06-26,3.7100000381469727,3.9100000858306885,3.5999999046325684,3.7799999713897705,5,0,0,2009-06-22,2009-06-26,0,True,True
2009-07-03,3.7999999523162842,3.9800000190734863,3.75,3.7999999523162842,5,0,0,2009-06-29,2009-07-03,0,True,True
2009-07-10,3.7999999523162842,3.7999999523162842,3.5199999809265137,3.559999942779541,5,0,0,2009-07-06,2009-07-10,0,True,True
2009-07-17,3.5299999713897705,3.9700000286102295,3.5299999713897705,3.9200000762939453,5,0,0,2009-07-13,2009-07-17,0,True,True
2009-07-24,3.9700000286102295,4.559999942779541,3.880000114440918,4.5,5,0,0,2009-07-20,2009-07-24,0,True,True
2009-07-31,4.5799999237060547,4.6700000762939453,4.2300000190734863,4.4600000381469727,5,0,0,2009-07-27,2009-07-31,0,True,True
2009-08-07,4.4600000381469727,4.7100000381469727,4.3499999046325684,4.4499998092651367,5,0,0,2009-08-03,2009-08-07,0,True,True
2009-08-14,4.429999828338623,4.7600002288818359,4.320000171661377,4.679999828338623,5,0,0,2009-08-10,2009-08-14,0,True,True
2009-08-21,4.619999885559082,4.8400001525878906,4.570000171661377,4.7899999618530273,5,0,0,2009-08-17,2009-08-21,0,True,True
2009-08-28,4.8000001907348633,5.0100002288818359,4.6700000762939453,4.929999828338623,5,0,0,2009-08-24,2009-08-28,0,True,True
2009-09-04,4.869999885559082,4.9000000953674316,4.5399999618530273,4.809999942779541,5,0,0,2009-08-31,2009-09-04,0,True,True
2009-09-11,4.9200000762939453,5.2800002098083496,4.9099998474121094,5.1599998474121094,5,0,0,2009-09-07,2009-09-11,0,True,True
2009-09-18,5.0799999237060547,5.1700000762939453,4.9200000762939453,5.1500000953674316,5,0,0,2009-09-14,2009-09-18,0,True,True
2009-09-25,5.1599998474121094,5.1599998474121094,4.5999999046325684,4.619999885559082,5,0,0,2009-09-21,2009-09-25,0,True,True
2009-10-02,4.619999885559082,4.9200000762939453,4.369999885559082,4.5199999809265137,5,0,0,2009-09-28,2009-10-02,0,True,True
2009-10-09,4.5,4.8299999237060547,4.4899997711181641,4.7800002098083496,4,0,0,2009-10-05,2009-10-09,1,True,True
2009-10-16,4.8499999046325684,5.2399997711181641,4.8000001907348633,5.1100001335144043,5,0,0,2009-10-12,2009-10-16,0,True,True
2009-10-23,5.0999999046325684,5.6500000953674316,5.070000171661377,5.4000000953674316,5,0,0,2009-10-19,2009-10-23,0,True,True
2009-10-30,5.4499998092651367,5.5,5,5.1599998474121094,5,0,0,2009-10-26,2009-10-30,0,True,True
2009-11-06,5.1500000953674316,5.2800002098083496,5.0500001907348633,5.179999828338623,5,0,0,2009-11-02,2009-11-06,0,True,True
2009-11-13,5.25,5.3299999237060547,5.190000057220459,5.2899999618530273,5,0,0,2009-11-09,2009-11-13,0,True,True
2009-11-20,5.3400001525878906,5.619999885559082,5.3000001907348633,5.3499999046325684,5,0,0,2009-11-16,2009-11-20,0,True,True
2009-11-27,5.440000057220459,5.5799999237060547,4.9499998092651367,5.25,5,0,0,2009-11-23,2009-11-27,0,True,True
2009-12-04,5.3299999237060547,5.5100002288818359,5.0900001525878906,5.380000114440918,5,0,0,2009-11-30,2009-12-04,0,True,True
2009-12-11,5.3400001525878906,5.4099998474121094,5.0999999046325684,5.1999998092651367,5,0,0,2009-12-07,2009-12-11,0,True,True
2009-12-18,5.2300000190734863,5.2399997711181641,4.7600002288818359,4.7699999809265137,5,0,0,2009-12-14,2009-12-18,0,True,True
2009-12-25,4.8000001907348633,4.9000000953674316,4.7300000190734863,4.8299999237060547,3,0,0,2009-12-21,2009-12-23,0,True,True
2010-01-01,4.8499999046325684,4.929999828338623,4.8299999237060547,4.880000114440918,3,0,0,2009-12-28,2009-12-30,0,True,True
2010-01-08,4.9200000762939453,5.3449997901916504,4.9200000762939453,5.320000171661377,4,0,0,2010-01-04,2010-01-08,0,True,True
2010-01-15,5.3499999046325684,5.369999885559082,4.695000171661377,4.7230000495910645,5,0,0,2010-01-11,2010-01-15,0,True,True
2010-01-22,4.7699999809265137,4.880000114440918,4.1500000953674316,4.4780001640319824,5,0,0,2010-01-18,2010-01-22,0,True,True
2010-01-29,4.4499998092651367,4.630000114440918,4.3850002288818359,4.4679999351501465,5,0,0,2010-01-25,2010-01-29,0,True,True
2010-02-05,4.4699997901916504,4.7199997901916504,4.2399997711181641,4.2800002098083496,5,0,0,2010-02-01,2010-02-05,0,True,True
2010-02-12,4.3000001907348633,4.4260001182556152,4.179999828338623,4.2129998207092285,5,0,0,2010-02-08,2010-02-12,0,True,True
2010-02-19,4.2379999160766602,4.4850001335144043,4.2150001525878906,4.4539999961853027,5,0,0,2010-02-15,2010-02-19,0,True,True
2010-02-26,4.4899997711181641,4.6599998474121094,4.4730000495910645,4.6500000953674316,5,0,0,2010-02-22,2010-02-26,0,True,True
2010-03-05,4.6810002326965332,4.9109997749328613,4.6599998474121094,4.875999927520752,5,0,0,2010-03-01,2010-03-05,0,True,True
2010-03-12,4.9120001792907715,5.195000171661377,4.8369998931884766,5.1350002288818359,5,0,0,2010-03-08,2010-03-12,0,True,True
2010-03-19,5.1100001335144043,5.1999998092651367,4.9380002021789551,5.0900001525878906,5,0,0,2010-03-15,2010-03-19,0,True,True
2010-03-26,5.070000171661377,5.630000114440918,5.0300002098083496,5.5799999237060547,5,0,0,2010-03-22,2010-03-26,0,True,True
2010-04-02,5.625,5.7300000190734863,5.440000057220459,5.4699997901916504,4,0,0,2010-03-29,2010-04-01,0,True,True
2010-04-09,5.5500001907348633,5.7399997711181641,5.4050002098083496,5.6750001907348633,4,0,0,2010-04-06,2010-04-09,0,True,True
2010-04-16,5.630000114440918,5.8899998664855957,5.5749998092651367,5.7800002098083496,5,0,0,2010-04-12,2010-04-16,0,True,True
2010-04-23,5.6999998092651367,6.3499999046325684,5.630000114440918,6.244999885559082,5,0,0,2010-04-19,2010-04-23,0,True,True
2010-04-30,6.309999942779541,6.4099998474121094,5.9800000190734863,6.309999942779541,5,0,0,2010-04-26,2010-04-30,0,True,True
2010-05-07,6.2649998664855957,6.3499999046325684,5.25,5.2800002098083496,5,0,0,2010-05-03,2010-05-07,0,True,True
2010-05-14,5.5799999237060547,6.0250000953674316,5.5199999809265137,5.880000114440918,4,0,0,2010-05-10,2010-05-14,0,True,True
2010-05-21,5.8649997711181641,6.375,5.684999942779541,5.869999885559082,5,0,0,2010-05-17,2010-05-21,0,True,True
2010-05-28,5.8850002288818359,6.0749998092651367,5.554999828338623,6.0500001907348633,5,0,0,2010-05-24,2010-05-28,0,True,True
2010-06-04,6.0149998664855957,6.375,5.8499999046325684,6.1050000190734863,5,0,0,2010-05-31,2010-06-04,0,True,True
2010-06-11,5.9600000381469727,6.559999942779541,5.9600000381469727,6.5149998664855957,5,0,0,2010-06-07,2010-06-11,0,True,True
2010-06-18,6.5999999046325684,6.9549999237060547,6.570000171661377,6.625,5,0,0,2010-06-14,2010-06-18,0,True,True
2010-06-25,6.7899999618530273,6.8400001525878906,6.309999942779541,6.3249998092651367,4,0,0,2010-06-21,2010-06-24,0,True,True
2010-07-02,6.2899999618530273,6.3400001525878906,5.6999998092651367,5.7800002098083496,5,0,0,2010-06-28,2010-07-02,0,True,True
2010-07-09,5.815000057220459,6.1350002288818359,5.6649999618530273,6.0999999046325684,5,0,0,2010-07-05,2010-07-09,0,True,True
2010-07-16,6.1500000953674316,6.309999942779541,5.7600002288818359,5.815000057220459,5,0,0,2010-07-12,2010-07-16,0,True,True
2010-07-23,5.8249998092651367,6.2750000953674316,5.7600002288818359,6.0949997901916504,5,0,0,2010-07-19,2010-07-23,0,True,True
2010-07-30,6.1999998092651367,6.4099998474121094,6.1550002098083496,6.2150001525878906,5,0,0,2010-07-26,2010-07-30,0,True,True
2010-08-06,6.2899999618530273,6.5999999046325684,6.2849998474121094,6.5450000762939453,5,0,0,2010-08-02,2010-08-06,0,True,True
2010-08-13,6.5399999618530273,6.6750001907348633,6.1599998474121094,6.3550000190734863,5,0,0,2010-08-09,2010-08-13,0,True,True
2010-08-20,6.3899998664855957,6.5500001907348633,6.190000057220459,6.255000114440918,5,0,0,2010-08-16,2010-08-20,0,True,True
2010-08-27,6.2300000190734863,6.3299999237060547,5.929999828338623,6.179999828338623,5,0,0,2010-08-23,2010-08-27,0,True,True
2010-09-03,6.2199997901916504,6.75,6.0250000953674316,6.619999885559082,5,0,0,2010-08-30,2010-09-03,0,True,True
2010-09-10,6.6350002288818359,6.9699997901916504,6.5199999809265137,6.9050002098083496,5,0,0,2010-09-06,2010-09-10,0,True,True
2010-09-17,6.9699997901916504,7.2350001335144043,6.9000000953674316,7.0799999237060547,5,0,0,2010-09-13,2010-09-17,0,True,True
2010-09-24,7.0799999237060547,7.25,6.5349998474121094,6.8850002288818359,5,0,0,2010-09-20,2010-09-24,0,True,True
2010-10-01,6.940000057220459,7.429999828338623,6.755000114440918,7.3299999237060547,5,0,0,2010-09-27,2010-10-01,0,True,True
2010-10-08,7.3350000381469727,7.5199999809265137,7.1599998474121094,7.4499998092651367,5,0,0,2010-10-04,2010-10-08,0,True,True
2010-10-15,7.4499998092651367,7.6050000190734863,7.2649998664855957,7.309999942779541,5,0,0,2010-10-11,2010-10-15,0,True,True
2010-10-22,7.2600002288818359,7.320000171661377,7.0399999618530273,7.2849998474121094,5,0,0,2010-10-18,2010-10-22,0,True,True
2010-10-29,7.3550000190734863,7.690000057220459,7.1100001335144043,7.1399998664855957,5,0,0,2010-10-25,2010-10-29,0,True,True
2010-11-05,7.2300000190734863,7.4800000190734863,7.0749998092651367,7.3000001907348633,5,0,0,2010-11-01,2010-11-05,0,True,True
2010-11-12,7.2849998474121094,7.5399999618530273,7.1449999809265137,7.179999828338623,5,0,0,2010-11-08,2010-11-12,0,True,True
2010-11-19,7.130000114440918,7.304999828338623,6.934999942779541,7.070000171661377,5,0,0,2010-11-15,2010-11-19,0,True,True
2010-11-26,7.0749998092651367,7.0999999046325684,6.570000171661377,6.7399997711181641,5,0,0,2010-11-22,2010-11-26,0,True,True
2010-12-03,6.7849998474121094,7.190000057220459,6.5749998092651367,7.130000114440918,5,0,0,2010-11-29,2010-12-03,0,True,True
2010-12-10,7.0399999618530273,7.1999998092651367,6.9149999618530273,6.945000171661377,4,0,0,2010-12-07,2010-12-10,0,True,True
2010-12-17,7,7.0199999809265137,6.7300000190734863,6.880000114440918,5,0,0,2010-12-13,2010-12-17,0,True,True
2010-12-24,6.9149999618530273,7.6350002288818359,6.9000000953674316,7.5999999046325684,4,0,0,2010-12-20,2010-12-23,0,True,True
2010-12-31,7.5999999046325684,7.7899999618530273,7.570000171661377,7.684999942779541,4,0,0,2010-12-27,2010-12-31,1,True,True
2011-01-07,7.7049999237060547,8.0900001525878906,7.7049999237060547,7.994999885559082,4,0,0,2011-01-03,2011-01-07,0,True,True
2011-01-14,7.994999885559082,8.3999996185302734,7.7950000762939453,8.3100004196166992,5,0,0,2011-01-10,2011-01-14,0,True,True
2011-01-21,8.3149995803833008,8.6850004196166992,8.1700000762939453,8.4250001907348633,5,0,0,2011-01-17,2011-01-21,0,True,True
2011-01-28,8.5600004196166992,8.9849996566772461,8.5299997329711914,8.75,5,0,0,2011-01-24,2011-01-28,0,True,True
2011-02-04,8.6999998092651367,8.9849996566772461,8.3950004577636719,8.4700002670288086,5,0,0,2011-01-31,2011-02-04,0,True,True
2011-02-11,8.5699996948242188,8.7700004577636719,8.2250003814697266,8.4399995803833008,5,0,0,2011-02-07,2011-02-11,0,True,True
2011-02-18,8.4799995422363281,8.630000114440918,8.3000001907348633,8.3950004577636719,5,0,0,2011-02-14,2011-02-18,0,True,True
2011-02-25,8.3900003433227539,8.5550003051757812,8.0500001907348633,8.3000001907348633,5,0,0,2011-02-21,2011-02-25,0,True,True
2011-03-04,8.3549995422363281,8.3549995422363281,7.994999885559082,8.125,5,0,0,2011-02-28,2011-03-04,0,True,True
2011-03-11,8.1000003814697266,8.2700004577636719,7.8249998092651367,7.8550000190734863,5,0,0,2011-03-07,2011-03-11,0,True,True
2011-03-18,7.7750000953674316,7.8499999046325684,7.190000057220459,7.5900001525878906,5,0,0,2011-03-14,2011-03-18,0,True,True
2011-03-25,7.7300000190734863,8.119999885559082,7.695000171661377,8.0850000381469727,5,0,0,2011-03-21,2011-03-25,0,True,True
2011-04-01,8.1099996566772461,8.7349996566772461,7.9800000190734863,8.6949996948242188,5,0,0,2011-03-28,2011-04-01,0,True,True
2011-04-08,8.6999998092651367,8.8450002670288086,8.5550003051757812,8.6999998092651367,5,0,0,2011-04-04,2011-04-08,0,True,True
2011-04-15,8.6549997329711914,8.6949996948242188,8.3850002288818359,8.6400003433227539,5,0,0,2011-04-11,2011-04-15,0,True,True
2011-04-22,8.6499996185302734,8.7700004577636719,8.1549997329711914,8.3999996185302734,4,0,0,2011-04-18,2011-04-21,0,True,True
2011-04-29,8.4849996566772461,8.6800003051757812,8.0500001907348633,8.1350002288818359,4,0,0,2011-04-26,2011-04-29,0,True,True
2011-05-06,8.1649999618530273,8.1750001907348633,7.6550002098083496,8.0299997329711914,5,0,0,2011-05-02,2011-05-06,0,True,True
2011-05-13,8.0100002288818359,8.1350002288818359,7.9000000953674316,8.005000114440918,5,0,0,2011-05-09,2011-05-13,0,True,True
2011-05-20,7.9250001907348633,8.0299997329711914,7.7800002098083496,7.8499999046325684,5,0,0,2011-05-16,2011-05-20,0,True,True
2011-05-27,7.7399997711181641,7.945000171661377,7.6350002288818359,7.7049999237060547,5,0,0,2011-05-23,2011-05-27,0,True,True
2011-06-03,7.684999942779541,7.815000057220459,7.2750000953674316,7.3899998664855957,4,0,0,2011-05-30,2011-06-03,0,True,True
2011-06-10,7.3400001525878906,7.4200000762939453,7.0149998664855957,7.059999942779541,5,0,0,2011-06-06,2011-06-10,0,True,True
2011-06-17,7.0799999237060547,7.2300000190734863,6.9000000953674316,7.0850000381469727,5,0,0,2011-06-13,2011-06-17,0,True,True
2011-06-24,7,7.315000057220459,6.8400001525878906,7.065000057220459,4,0,0,2011-06-20,2011-06-23,0,True,True
2011-07-01,6.9000000953674316,7.4149999618530273,6.7699999809265137,7.3850002288818359,5,0,0,2011-06-27,2011-07-01,0,True,True
2011-07-08,7.4099998474121094,7.4850001335144043,7.119999885559082,7.1649999618530273,5,0,0,2011-07-04,2011-07-08,0,True,True
2011-07-15,7.0799999237060547,7.130000114440918,6.5999999046325684,6.684999942779541,5,0,0,2011-07-11,2011-07-15,0,True,True
2011-07-22,6.6399998664855957,6.7300000190734863,5.9149999618530273,6.2199997901916504,5,0,0,2011-07-18,2011-07-22,0,True,True
2011-07-29,6.2049999237060547,6.2750000953674316,5.929999828338623,6.0100002288818359,5,0,0,2011-07-25,2011-07-29,0,True,True
2011-08-05,6.130000114440918,6.195000171661377,4.6779999732971191,4.7899999618530273,5,0,0,2011-08-01,2011-08-05,0,True,True
2011-08-12,4.7439999580383301,5.2899999618530273,4.5240001678466797,5.2399997711181641,5,0,0,2011-08-08,2011-08-12,0,True,True
2011-08-19,5.3850002288818359,5.3899998664855957,4.5219998359680176,4.630000114440918,5,0,0,2011-08-15,2011-08-19,0,True,True
2011-08-26,4.5980000495910645,4.8639998435974121,4.5619997978210449,4.6999998092651367,5,0,0,2011-08-22,2011-08-26,0,True,True
2011-09-02,4.7800002098083496,5.2100000381469727,4.7020001411437988,4.8979997634887695,5,0,0,2011-08-29,2011-09-02,0,True,True
2011-09-09,4.7960000038146973,4.7960000038146973,4.495999813079834,4.5060000419616699,5,0,0,2011-09-05,2011-09-09,0,True,True
2011-09-16,4.4000000953674316,4.9019999504089355,4.1719999313354492,4.8080000877380371,5,0,0,2011-09-12,2011-09-16,0,True,True
2011-09-23,4.7100000381469727,4.7680001258850098,4.0399999618530273,4.2119998931884766,5,0,0,2011-09-19,2011-09-23,0,True,True
2011-09-30,4.1059999465942383,4.6020002365112305,4.0760002136230469,4.4219999313354492,5,0,0,2011-09-26,2011-09-30,0,True,True
2011-10-07,4.3000001907348633,4.679999828338623,4.1180000305175781,4.6139998435974121,5,0,0,2011-10-03,2011-10-07,0,True,True
2011-10-14,4.6279997825622559,5.1500000953674316,4.5339999198913574,4.6999998092651367,5,0,0,2011-10-10,2011-10-14,0,True,True
2011-10-21,4.75,4.8239998817443848,4.2699999809265137,4.5300002098083496,5,0,0,2011-10-17,2011-10-21,0,True,True
2011-10-28,4.5999999046325684,5.065000057220459,4.4980001449584961,4.9200000762939453,5,0,0,2011-10-24,2011-10-28,0,True,True
2011-11-04,4.8280000686645508,4.8660001754760742,4.3000001907348633,4.4980001449584961,5,0,0,2011-10-31,2011-11-04,0,True,True
2011-11-11,4.440000057220459,4.6180000305175781,4.2300000190734863,4.4260001182556152,5,0,0,2011-11-07,2011-11-11,0,True,True
2011-11-18,4.4920001029968262,4.5019998550415039,3.9760000705718994,3.9779999256134033,5,0,0,2011-11-14,2011-11-18,0,True,True
2011-11-25,3.9779999256134033,3.9800000190734863,3.7279999256134033,3.9279999732971191,5,0,0,2011-11-21,2011-11-25,0,True,True
2011-12-02,3.9900000095367432,4.7319998741149902,3.9760000705718994,4.6779999732971191,5,0,0,2011-11-28,2011-12-02,0,True,True
2011-12-09,4.7979998588562012,4.8379998207092285,4.2699999809265137,4.4079999923706055,4,0,0,2011-12-05,2011-12-09,0,True,True
2011-12-16,4.4099998474121094,4.4340000152587891,4.0960001945495605,4.1319999694824219,5,0,0,2011-12-12,2011-12-16,0,True,True
2011-12-23,4.0999999046325684,4.4819998741149902,4.0799999237060547,4.4800000190734863,5,0,0,2011-12-19,2011-12-23,0,True,True
2011-12-30,4.5,4.6420001983642578,4.4099998474121094,4.6279997825622559,4,0,0,2011-12-27,2011-12-30,0,True,True
2012-01-06,4.6500000953674316,5.054999828338623,4.630000114440918,4.8600001335144043,4,0,0,2012-01-02,2012-01-05,0,True,True
2012-01-13,4.8959999084472656,5.445000171661377,4.7560000419616699,5.0850000381469727,5,0,0,2012-01-09,2012-01-13,0,True,True
2012-01-20,5.0399999618530273,5.7399997711181641,5.0349998474121094,5.684999942779541,5,0,0,2012-01-16,2012-01-20,0,True,True
2012-01-27,5.695000171661377,5.8600001335144043,5.505000114440918,5.570000171661377,5,0,0,2012-01-23,2012-01-27,0,True,True
2012-02-03,5.5450000762939453,5.7350001335144043,5.315000057220459,5.684999942779541,5,0,0,2012-01-30,2012-02-03,0,True,True
2012-02-10,5.7049999237060547,5.880000114440918,5.445000171661377,5.5100002288818359,5,0,0,2012-02-06,2012-02-10,0,True,True
2012-02-17,5.565000057220459,5.679999828338623,5.380000114440918,5.6599998474121094,5,0,0,2012-02-13,2012-02-17,0,True,True
2012-02-24,5.695000171661377,5.9499998092651367,5.5900001525878906,5.7300000190734863,5,0,0,2012-02-20,2012-02-24,0,True,True
2012-03-02,5.6999998092651367,5.7800002098083496,5.5500001907348633,5.7300000190734863,5,0,0,2012-02-27,2012-03-02,0,True,True
2012-03-09,5.6999998092651367,5.7249999046325684,5.2849998474121094,5.5900001525878906,5,0,0,2012-03-05,2012-03-09,0,True,True
2012-03-16,5.559999942779541,5.804999828338623,5.4850001335144043,5.7699999809265137,5,0,0,2012-03-12,2012-03-16,0,True,True
2012-03-23,5.744999885559082,5.7849998474121094,5.3249998092651367,5.4499998092651367,5,0,0,2012-03-19,2012-03-23,0,True,True
2012-03-30,5.4899997711181641,5.7600002288818359,5.380000114440918,5.570000171661377,5,0,0,2012-03-26,2012-03-30,0,True,True
2012-04-06,5.6399998664855957,5.7300000190734863,5.2399997711181641,5.3850002288818359,4,0,0,2012-04-02,2012-04-05,0,True,True
2012-04-13,5.3000001907348633,5.3350000381469727,5.1050000190734863,5.184999942779541,4,0,0,2012-04-10,2012-04-13,0,True,True
2012-04-20,5.184999942779541,5.505000114440918,5.1599998474121094,5.244999885559082,5,0,0,2012-04-16,2012-04-20,0,True,True
2012-04-27,5.1999998092651367,5.380000114440918,5.0450000762939453,5.2899999618530273,5,0,0,2012-04-23,2012-04-27,0,True,True
2012-05-04,5.315000057220459,5.3299999237060547,4.7919998168945312,4.8340001106262207,4,0,0,2012-04-30,2012-05-04,0,True,True
2012-05-11,4.7039999961853027,4.940000057220459,4.690000057220459,4.8839998245239258,5,0,0,2012-05-07,2012-05-11,0,True,True
2012-05-18,4.814000129699707,4.8619999885559082,4.3239998817443848,4.374000072479248,4,0,0,2012-05-14,2012-05-18,0,True,True
2012-05-25,4.369999885559082,4.6760001182556152,4.3439998626708984,4.5019998550415039,5,0,0,2012-05-21,2012-05-25,0,True,True
2012-06-01,4.5659999847412109,4.6279997825622559,4.190000057220459,4.2300000190734863,5,0,0,2012-05-28,2012-06-01,0,True,True
2012-06-08,4.1680002212524414,4.5419998168945312,4.1360001564025879,4.4460000991821289,5,0,0,2012-06-04,2012-06-08,0,True,True
2012-06-15,4.5780000686645508,4.7340002059936523,4.3379998207092285,4.6919999122619629,5,0,0,2012-06-11,2012-06-15,0,True,True
2012-06-22,4.8000001907348633,4.9600000381469727,4.6100001335144043,4.8619999885559082,4,0,0,2012-06-18,2012-06-21,0,True,True
2012-06-29,4.820000171661377,4.8480000495910645,4.504000186920166,4.8400001525878906,5,0,0,2012-06-25,2012-06-29,0,True,True
2012-07-06,4.8319997787475586,5.1100001335144043,4.7940001487731934,4.9019999504089355,5,0,0,2012-07-02,2012-07-06,0,True,True
2012-07-13,4.9159998893737793,5.0149998664855957,4.8080000877380371,4.9140000343322754,5,0,0,2012-07-09,2012-07-13,0,True,True
2012-07-20,4.929999828338623,5.2150001525878906,4.6820001602172852,4.7239999771118164,5,0,0,2012-07-16,2012-07-20,0,True,True
2012-07-27,4.619999885559082,4.6479997634887695,4.2880001068115234,4.6119999885559082,5,0,0,2012-07-23,2012-07-27,0,True,True
2012-08-03,4.6220002174377441,4.7719998359680176,4.4499998092651367,4.5999999046325684,5,0,0,2012-07-30,2012-08-03,0,True,True
2012-08-10,4.5999999046325684,4.9419999122619629,4.5500001907348633,4.9079999923706055,5,0,0,2012-08-06,2012-08-10,0,True,True
2012-08-17,4.9099998474121094,5.0900001525878906,4.7880001068115234,5.0850000381469727,5,0,0,2012-08-13,2012-08-17,0,True,True
2012-08-24,5.059999942779541,5.1100001335144043,4.8499999046325684,4.929999828338623,5,0,0,2012-08-20,2012-08-24,0,True,True
2012-08-31,4.9159998893737793,5.0250000953674316,4.7560000419616699,4.8000001907348633,5,0,0,2012-08-27,2012-08-31,0,True,True
2012-09-07,4.8020000457763672,5.179999828338623,4.7639999389648438,5.130000114440918,5,0,0,2012-09-03,2012-09-07,0,True,True
2012-09-14,5.125,5.3449997901916504,5.0149998664855957,5.2600002288818359,5,0,0,2012-09-10,2012-09-14,0,True,True
2012-09-21,5.244999885559082,5.244999885559082,5,5.054999828338623,5,0,0,2012-09-17,2012-09-21,0,True,True
2012-09-28,5.0250000953674316,5.059999942779541,4.814000129699707,4.8340001106262207,5,0,0,2012-09-24,2012-09-28,0,True,True
2012-10-05,4.8020000457763672,4.9239997863769531,4.6640000343322754,4.8579998016357422,5,0,0,2012-10-01,2012-10-05,0,True,True
2012-10-12,4.7719998359680176,4.7979998588562012,4.6500000953674316,4.7179999351501465,5,0,0,2012-10-08,2012-10-12,0,True,True
2012-10-19,4.7140002250671387,4.9120001792907715,4.6960000991821289,4.7680001258850098,5,0,0,2012-10-15,2012-10-19,0,True,True
2012-10-26,4.7639999389648438,5.0500001907348633,4.5920000076293945,4.8400001525878906,5,0,0,2012-10-22,2012-10-26,0,True,True
2012-11-02,4.8260002136230469,5.059999942779541,4.8020000457763672,5.0399999618530273,5,0,0,2012-10-29,2012-11-02,0,True,True
2012-11-09,4.9800000190734863,5.1550002098083496,4.8400001525878906,4.8860001564025879,5,0,0,2012-11-05,2012-11-09,0,True,True
2012-11-16,4.875999927520752,4.880000114440918,4.6420001983642578,4.6420001983642578,5,0,0,2012-11-12,2012-11-16,0,True,True
2012-11-23,4.6999998092651367,4.935999870300293,4.6820001602172852,4.9279999732971191,5,0,0,2012-11-19,2012-11-23,0,True,True
2012-11-30,4.9159998893737793,5.0850000381469727,4.7960000038146973,5.0349998474121094,5,0,0,2012-11-26,2012-11-30,0,True,True
2012-12-07,5.054999828338623,5.3000001907348633,4.9980001449584961,5.2249999046325684,4,0,0,2012-12-03,2012-12-07,0,True,True
2012-12-14,5.1999998092651367,5.3899998664855957,5.1500000953674316,5.2100000381469727,5,0,0,2012-12-10,2012-12-14,0,True,True
2012-12-21,5.184999942779541,5.3850002288818359,5.179999828338623,5.320000171661377,5,0,0,2012-12-17,2012-12-21,0,True,True
2012-12-28,5.304999828338623,5.369999885559082,5.2249999046325684,5.244999885559082,2,0,0,2012-12-27,2012-12-28,0,True,True
2013-01-04,5.3499999046325684,5.6050000190734863,5.315000057220459,5.5949997901916504,3,0,0,2012-12-31,2013-01-04,1,True,True
2013-01-11,5.5799999237060547,5.5900001525878906,5.2049999237060547,5.3000001907348633,5,0,0,2013-01-07,2013-01-11,0,True,True
2013-01-18,5.304999828338623,5.4899997711181641,5.119999885559082,5.3400001525878906,5,0,0,2013-01-14,2013-01-18,0,True,True
2013-01-25,5.3600001335144043,5.4499998092651367,5.3449997901916504,5.445000171661377,5,0,0,2013-01-21,2013-01-25,0,True,True
2013-02-01,5.4499998092651367,5.4850001335144043,5.1999998092651367,5.2800002098083496,5,0,0,2013-01-28,2013-02-01,0,True,True
2013-02-08,5.309999942779541,5.3299999237060547,4.8420000076293945,4.8779997825622559,5,0,0,2013-02-04,2013-02-08,0,True,True
2013-02-15,4.8779997825622559,4.9640002250671387,4.8340001106262207,4.8480000495910645,5,0,0,2013-02-11,2013-02-15,0,True,True
2013-02-22,4.8319997787475586,4.9800000190734863,4.7719998359680176,4.8520002365112305,5,0,0,2013-02-18,2013-02-22,0,True,True
2013-03-01,4.8819999694824219,5.2399997711181641,4.8119997978210449,5.190000057220459,5,0,0,2013-02-25,2013-03-01,0,True,True
2013-03-08,5.1449999809265137,5.3400001525878906,5.1399998664855957,5.2699999809265137,5,0,0,2013-03-04,2013-03-08,0,True,True
2013-03-15,5.2649998664855957,5.3550000190734863,5.184999942779541,5.2199997901916504,5,0,0,2013-03-11,2013-03-15,0,True,True
2013-03-22,5.130000114440918,5.195000171661377,5.059999942779541,5.1100001335144043,5,0,0,2013-03-18,2013-03-22,0,True,True
2013-03-29,5.1750001907348633,5.2300000190734863,5.005000114440918,5.0349998474121094,4,0,0,2013-03-25,2013-03-28,0,True,True
2013-04-05,5.0300002098083496,5.1050000190734863,4.9499998092651367,4.995999813079834,4,0,0,2013-04-02,2013-04-05,0,True,True
2013-04-12,5.005000114440918,5.1750001907348633,4.9279999732971191,5.0900001525878906,5,0,0,2013-04-08,2013-04-12,0,True,True
2013-04-19,5.1149997711181641,5.119999885559082,4.7620000839233398,4.809999942779541,5,0,0,2013-04-15,2013-04-19,0,True,True
2013-04-26,4.869999885559082,5.4000000953674316,4.7699999809265137,5.3299999237060547,5,0,0,2013-04-22,2013-04-26,0,True,True
2013-05-03,5.3449997901916504,5.4699997901916504,5.2249999046325684,5.3850002288818359,4,0,0,2013-04-29,2013-05-03,0,True,True
2013-05-10,5.375,5.7899999618530273,5.369999885559082,5.7100000381469727,4,0,0,2013-05-06,2013-05-10,0,True,True
2013-05-17,5.7049999237060547,5.8000001907348633,5.6100001335144043,5.7100000381469727,5,0,0,2013-05-13,2013-05-17,0,True,True
2013-05-24,5.7100000381469727,5.7600002288818359,5.5149998664855957,5.5500001907348633,5,0,0,2013-05-20,2013-05-24,0,True,True
2013-05-31,5.554999828338623,5.7849998474121094,5.5450000762939453,5.6399998664855957,5,0,0,2013-05-27,2013-05-31,0,True,True
2013-06-07,5.5900001525878906,5.5999999046325684,5.1399998664855957,5.2849998474121094,5,0,0,2013-06-03,2013-06-07,0,True,True
2013-06-14,5.2199997901916504,5.2950000762939453,5,5.2350001335144043,5,0,0,2013-06-10,2013-06-14,0,True,True
2013-06-21,5.2399997711181641,5.320000171661377,4.9860000610351562,5.0199999809265137,4,0,0,2013-06-17,2013-06-20,0,True,True
2013-06-28,4.9120001792907715,5.184999942779541,4.8179998397827148,5.1500000953674316,5,0,0,2013-06-24,2013-06-28,0,True,True
2013-07-05,5.1999998092651367,5.4600000381469727,5.0799999237060547,5.309999942779541,5,0,0,2013-07-01,2013-07-05,0,True,True
2013-07-12,5.320000171661377,5.630000114440918,5.309999942779541,5.554999828338623,5,0,0,2013-07-08,2013-07-12,0,True,True
2013-07-19,5.565000057220459,5.7049999237060547,5.380000114440918,5.4749999046325684,5,0,0,2013-07-15,2013-07-19,0,True,True
2013-07-26,5.4499998092651367,5.5799999237060547,5.434999942779541,5.5,5,0,0,2013-07-22,2013-07-26,0,True,True
2013-08-02,5.4749999046325684,5.7199997901916504,5.440000057220459,5.6700000762939453,5,0,0,2013-07-29,2013-08-02,0,True,True
2013-08-09,5.6750001907348633,5.9899997711181641,5.619999885559082,5.9600000381469727,5,0,0,2013-08-05,2013-08-09,0,True,True
2013-08-16,5.9200000762939453,6.1350002288818359,5.9200000762939453,6.125,5,0,0,2013-08-12,2013-08-16,0,True,True
2013-08-23,6.1100001335144043,6.179999828338623,5.9250001907348633,5.9899997711181641,5,0,0,2013-08-19,2013-08-23,0,True,True
2013-08-30,6,6.0900001525878906,5.815000057220459,5.8449997901916504,5,0,0,2013-08-26,2013-08-30,0,True,True
2013-09-06,5.9149999618530273,6.3449997901916504,5.9149999618530273,6.3299999237060547,5,0,0,2013-09-02,2013-09-06,0,True,True
2013-09-13,6.315000057220459,6.6999998092651367,6.315000057220459,6.695000171661377,5,0,0,2013-09-09,2013-09-13,0,True,True
2013-09-20,6.75,6.945000171661377,6.6449999809265137,6.7150001525878906,5,0,0,2013-09-16,2013-09-20,0,True,True
2013-09-27,6.7399997711181641,6.7699999809265137,6.5300002098083496,6.625,5,0,0,2013-09-23,2013-09-27,0,True,True
2013-10-04,6.445000171661377,6.4749999046325684,6.1500000953674316,6.2150001525878906,5,0,0,2013-09-30,2013-10-04,0,True,True
2013-10-11,6.1750001907348633,6.5349998474121094,6.054999828338623,6.4800000190734863,5,0,0,2013-10-07,2013-10-11,0,True,True
2013-10-18,6.4749999046325684,6.9899997711181641,6.4549999237060547,6.8949999809265137,5,0,0,2013-10-14,2013-10-18,0,True,True
2013-10-25,6.8850002288818359,6.9800000190734863,6.494999885559082,6.679999828338623,5,0,0,2013-10-21,2013-10-25,0,True,True
2013-11-01,6.7350001335144043,7.0199999809265137,6.6725001335144043,6.9699997901916504,5,0,0,2013-10-28,2013-11-01,0,True,True
2013-11-08,6.9699997901916504,7.3000001907348633,6.9699997901916504,7.179999828338623,5,0,0,2013-11-04,2013-11-08,0,True,True
2013-11-15,7.195000171661377,7.255000114440918,6.9149999618530273,7.179999828338623,5,0,0,2013-11-11,2013-11-15,0,True,True
2013-11-22,7.1700000762939453,7.3400001525878906,7.1149997711181641,7.2950000762939453,5,0,0,2013-11-18,2013-11-22,0,True,True
2013-11-29,7.320000171661377,7.5349998474121094,7.2399997711181641,7.2699999809265137,5,0,0,2013-11-25,2013-11-29,0,True,True
2013-12-06,7.2750000953674316,7.3400001525878906,6.9650001525878906,6.9800000190734863,4,0,0,2013-12-02,2013-12-05,0,True,True
2013-12-13,7.0100002288818359,7.0149998664855957,6.7899999618530273,6.8899998664855957,5,0,0,2013-12-09,2013-12-13,0,True,True
2013-12-20,6.8400001525878906,7.1500000953674316,6.8350000381469727,7.119999885559082,5,0,0,2013-12-16,2013-12-20,0,True,True
2013-12-27,7.0949997901916504,7.320000171661377,7.0850000381469727,7.320000171661377,2,0,0,2013-12-23,2013-12-27,0,True,True
2014-01-03,7.304999828338623,7.3899998664855957,7.179999828338623,7.320000171661377,3,0,0,2013-12-30,2014-01-03,0,True,True
2014-01-10,7.3499999046325684,7.6399998664855957,7.320000171661377,7.494999885559082,4,0,0,2014-01-07,2014-01-10,0,True,True
2014-01-17,7.5100002288818359,7.7699999809265137,7.4499998092651367,7.5900001525878906,5,0,0,2014-01-13,2014-01-17,0,True,True
2014-01-24,7.5399999618530273,7.6649999618530273,7.130000114440918,7.130000114440918,5,0,0,2014-01-20,2014-01-24,0,True,True
2014-01-31,7.130000114440918,7.3000001907348633,6.8600001335144043,6.940000057220459,5,0,0,2014-01-27,2014-01-31,0,True,True
2014-02-07,6.940000057220459,7.7899999618530273,6.6750001907348633,7.7600002288818359,5,0,0,2014-02-03,2014-02-07,0,True,True
2014-02-14,7.6500000953674316,8.1700000762939453,7.6100001335144043,8.0950002670288086,5,0,0,2014-02-10,2014-02-14,0,True,True
2014-02-21,8.0699996948242188,8.2299995422363281,7.9899997711181641,8.1850004196166992,5,0,0,2014-02-17,2014-02-21,0,True,True
2014-02-28,8.1700000762939453,8.375,8.1450004577636719,8.255000114440918,5,0,0,2014-02-24,2014-02-28,0,True,True
2014-03-07,8.0699996948242188,8.1899995803833008,7.880000114440918,7.880000114440918,5,0,0,2014-03-03,2014-03-07,0,True,True
2014-03-14,7.8350000381469727,7.9800000190734863,7.4099998474121094,7.4850001335144043,5,0,0,2014-03-10,2014-03-14,0,True,True
2014-03-21,7.4600000381469727,7.7800002098083496,7.445000171661377,7.5500001907348633,5,0,0,2014-03-17,2014-03-21,0,True,True
2014-03-28,7.5349998474121094,7.8949999809265137,7.309999942779541,7.7649998664855957,5,0,0,2014-03-24,2014-03-28,0,True,True
2014-04-04,7.820000171661377,8.1899995803833008,7.7300000190734863,8.1149997711181641,5,0,0,2014-03-31,2014-04-04,0,True,True
2014-04-11,8.0699996948242188,8.1350002288818359,7.6100001335144043,7.695000171661377,5,0,0,2014-04-07,2014-04-11,0,True,True
2014-04-18,7.625,7.6350002288818359,7.4050002098083496,7.494999885559082,4,0,0,2014-04-14,2014-04-17,0,True,True
2014-04-25,7.5149998664855957,8.0249996185302734,7.1350002288818359,7.1649999618530273,4,0,0,2014-04-22,2014-04-25,0,True,True
2014-05-02,7.195000171661377,7.505000114440918,7.1149997711181641,7.380000114440918,4,0,0,2014-04-28,2014-05-02,0,True,True
2014-05-09,7.3949999809265137,7.6100001335144043,7.2649998664855957,7.5300002098083496,5,0,0,2014-05-05,2014-05-09,0,True,True
2014-05-16,7.6100001335144043,7.809999942779541,7.2899999618530273,7.3550000190734863,5,0,0,2014-05-12,2014-05-16,0,True,True
2014-05-23,7.3499999046325684,7.75,7.3299999237060547,7.684999942779541,5,0,0,2014-05-19,2014-05-23,0,True,True
2014-05-30,7.684999942779541,7.8249998092651367,7.4899997711181641,7.5149998664855957,4,0,0,2014-05-26,2014-05-30,0,True,True
2014-06-06,7.5500001907348633,7.8600001335144043,7.445000171661377,7.7699999809265137,5,0,0,2014-06-02,2014-06-06,0,True,True
2014-06-13,7.8000001907348633,7.8400001525878906,7.3000001907348633,7.4600000381469727,5,0,0,2014-06-09,2014-06-13,0,True,True
2014-06-20,7.440000057220459,7.570000171661377,7.315000057220459,7.4800000190734863,4,0,0,2014-06-16,2014-06-19,0,True,True
2014-06-27,7.505000114440918,7.5100002288818359,7.0850000381469727,7.2300000190734863,5,0,0,2014-06-23,2014-06-27,0,True,True
2014-07-04,7.25,7.3949999809265137,7.1100001335144043,7.2800002098083496,5,0,0,2014-06-30,2014-07-04,0,True,True
2014-07-11,7.25,7.304999828338623,6.8299999237060547,6.8499999046325684,5,0,0,2014-07-07,2014-07-11,0,True,True
2014-07-18,6.875,7.2150001525878906,6.875,6.9899997711181641,5,0,0,2014-07-14,2014-07-18,0,True,True
2014-07-25,7.059999942779541,7.3649997711181641,6.9050002098083496,7.0149998664855957,5,0,0,2014-07-21,2014-07-25,0,True,True
2014-08-01,7,7.0900001525878906,6.5749998092651367,6.6449999809265137,5,0,0,2014-07-28,2014-08-01,0,True,True
2014-08-08,6.7399997711181641,6.75,6.1149997711181641,6.1599998474121094,5,0,0,2014-08-04,2014-08-08,0,True,True
2014-08-15,6.2300000190734863,6.369999885559082,6.2300000190734863,6.2750000953674316,5,0,0,2014-08-11,2014-08-15,0,True,True
2014-08-22,6.3449997901916504,6.5900001525878906,6.3350000381469727,6.4899997711181641,5,0,0,2014-08-18,2014-08-22,0,True,True
2014-08-29,6.5500001907348633,6.7800002098083496,6.4549999237060547,6.625,5,0,0,2014-08-25,2014-08-29,0,True,True
2014-09-05,6.6149997711181641,7.0149998664855957,6.5399999618530273,6.994999885559082,5,0,0,2014-09-01,2014-09-05,0,True,True
2014-09-12,6.9899997711181641,7.0250000953674316,6.434999942779541,6.5100002288818359,5,0,0,2014-09-08,2014-09-12,0,True,True
2014-09-19,6.4650001525878906,6.7199997901916504,6.3550000190734863,6.5999999046325684,5,0,0,2014-09-15,2014-09-19,0,True,True
2014-09-26,6.5799999237060547,6.6449999809265137,6.4050002098083496,6.5,5,0,0,2014-09-22,2014-09-26,0,True,True
2014-10-03,6.5100002288818359,6.6599998474121094,6.3000001907348633,6.3899998664855957,5,0,0,2014-09-29,2014-10-03,0,True,True
2014-10-10,6.440000057220459,6.559999942779541,5.9250001907348633,6.005000114440918,5,0,0,2014-10-06,2014-10-10,0,True,True
2014-10-17,5.9499998092651367,6.2950000762939453,5.7100000381469727,6.2849998474121094,5,0,0,2014-10-13,2014-10-17,0,True,True
2014-10-24,6.2899999618530273,6.5850000381469727,6.1649999618530273,6.4250001907348633,5,0,0,2014-10-20,2014-10-24,0,True,True
2014-10-31,6.505000114440918,6.6700000762939453,6.2649998664855957,6.5749998092651367,5,0,0,2014-10-27,2014-10-31,0,True,True
2014-11-07,6.5500001907348633,6.7849998474121094,6.4899997711181641,6.6149997711181641,5,0,0,2014-11-03,2014-11-07,0,True,True
2014-11-14,6.625,6.6500000953674316,6.3550000190734863,6.5399999618530273,5,0,0,2014-11-10,2014-11-14,0,True,True
2014-11-21,6.5,7.0149998664855957,6.4749999046325684,7.0149998664855957,5,0,0,2014-11-17,2014-11-21,0,True,True
2014-11-28,7.0199999809265137,7.2049999237060547,6.9499998092651367,7.125,5,0,0,2014-11-24,2014-11-28,0,True,True
2014-12-05,7.1100001335144043,7.4499998092651367,7.0250000953674316,7.4050002098083496,5,0,0,2014-12-01,2014-12-05,0,True,True
2014-12-12,7.380000114440918,7.4050002098083496,6.9650001525878906,6.9650001525878906,5,0,0,2014-12-08,2014-12-12,0,True,True
2014-12-19,6.9549999237060547,7.4099998474121094,6.695000171661377,7.309999942779541,5,0,0,2014-12-15,2014-12-19,0,True,True
2014-12-26,7.375,7.5749998092651367,7.3299999237060547,7.5500001907348633,2,0,0,2014-12-22,2014-12-23,0,True,True
2015-01-02,7.5500001907348633,7.625,7.4149999618530273,7.554999828338623,3,0,0,2014-12-29,2015-01-02,0,True,True
2015-01-09,7.5100002288818359,7.5900001525878906,7.2249999046325684,7.445000171661377,4,0,0,2015-01-05,2015-01-09,0,True,True
2015-01-16,7.4899997711181641,7.755000114440918,7.3600001335144043,7.744999885559082,5,0,0,2015-01-12,2015-01-16,0,True,True
2015-01-23,7.7199997901916504,8.3149995803833008,7.6599998474121094,8.25,5,0,0,2015-01-19,2015-01-23,0,True,True
2015-01-30,8.1599998474121094,8.6750001907348633,8.1599998474121094,8.6099996566772461,5,0,0,2015-01-26,2015-01-30,0,True,True
2015-02-06,8.6599998474121094,8.6649999618530273,7.929999828338623,8.3950004577636719,5,0,0,2015-02-02,2015-02-06,0,True,True
2015-02-13,8.3400001525878906,8.5450000762939453,8.1599998474121094,8.4399995803833008,5,0,0,2015-02-09,2015-02-13,0,True,True
2015-02-20,8.4399995803833008,8.6400003433227539,8.2299995422363281,8.6149997711181641,5,0,0,2015-02-16,2015-02-20,0,True,True
2015-02-27,8.6599998474121094,8.8649997711181641,8.5150003433227539,8.5799999237060547,5,0,0,2015-02-23,2015-02-27,0,True,True
2015-03-06,8.625,8.9799995422363281,8.5450000762939453,8.9399995803833008,5,0,0,2015-03-02,2015-03-06,0,True,True
2015-03-13,8.9049997329711914,9.3350000381469727,8.8199996948242188,9.1649999618530273,5,0,0,2015-03-09,2015-03-13,0,True,True
2015-03-20,9.2950000762939453,9.6899995803833008,9.2799997329711914,9.6000003814697266,5,0,0,2015-03-16,2015-03-20,0,True,True
2015-03-27,9.6000003814697266,9.630000114440918,9.1000003814697266,9.2700004577636719,5,0,0,2015-03-23,2015-03-27,0,True,True
2015-04-03,9.3000001907348633,9.875,9.3000001907348633,9.7749996185302734,4,0,0,2015-03-30,2015-04-02,0,True,True
2015-04-10,9.8500003814697266,10.390000343322754,9.755000114440918,10.329999923706055,4,0,0,2015-04-07,2015-04-10,0,True,True
2015-04-17,10.300000190734863,10.779999732971191,10.300000190734863,10.529999732971191,5,0,0,2015-04-13,2015-04-17,0,True,True
2015-04-24,10.550000190734863,10.949999809265137,9.8950004577636719,10.25,5,0,0,2015-04-20,2015-04-24,0,True,True
2015-05-01,10.229999542236328,10.369999885559082,9.2799997329711914,9.4300003051757812,4,0,0,2015-04-27,2015-04-30,0,True,True
2015-05-08,9.4499998092651367,9.5850000381469727,8.6649999618530273,9.4600000381469727,5,0,0,2015-05-04,2015-05-08,0,True,True
2015-05-15,9.4849996566772461,9.5500001907348633,8.9300003051757812,9.255000114440918,4,0,0,2015-05-11,2015-05-15,0,True,True
2015-05-22,9.2899999618530273,9.869999885559082,9.1649999618530273,9.7650003433227539,5,0,0,2015-05-18,2015-05-22,0,True,True
2015-05-29,9.619999885559082,9.8299999237060547,9.5249996185302734,9.5249996185302734,5,0,0,2015-05-25,2015-05-29,0,True,True
2015-06-05,9.6000003814697266,9.6549997329711914,9.0550003051757812,9.1049995422363281,5,0,0,2015-06-01,2015-06-05,0,True,True
2015-06-12,9.0900001525878906,9.3850002288818359,8.7200002670288086,9.0799999237060547,5,0,0,2015-06-08,2015-06-12,0,True,True
2015-06-19,8.9650001525878906,9.1400003433227539,8.7200002670288086,8.994999885559082,4,0,0,2015-06-15,2015-06-18,0,True,True
2015-06-26,9.3299999237060547,9.7250003814697266,9.1499996185302734,9.6850004196166992,5,0,0,2015-06-22,2015-06-26,0,True,True
2015-07-03,9.1899995803833008,9.4600000381469727,9.005000114440918,9.0950002670288086,5,0,0,2015-06-29,2015-07-03,0,True,True
2015-07-10,8.9099998474121094,9.25,8.5299997329711914,9.1999998092651367,5,0,0,2015-07-06,2015-07-10,0,True,True
2015-07-17,9.3350000381469727,9.8400001525878906,9.2200002670288086,9.7399997711181641,5,0,0,2015-07-13,2015-07-17,0,True,True
2015-07-24,9.8100004196166992,10,8.3850002288818359,8.3900003433227539,5,0,0,2015-07-20,2015-07-24,0,True,True
2015-07-31,8.4049997329711914,8.9499998092651367,8.3000001907348633,8.5550003051757812,5,0,0,2015-07-27,2015-07-31,0,True,True
2015-08-07,8.5500001907348633,8.8299999237060547,8.5450000762939453,8.6649999618530273,5,0,0,2015-08-03,2015-08-07,0,True,True
2015-08-14,8.6899995803833008,8.7799997329711914,8.2049999237060547,8.5200004577636719,5,0,0,2015-08-10,2015-08-14,0,True,True
2015-08-21,8.5249996185302734,8.5550003051757812,7.8949999809265137,7.8949999809265137,5,0,0,2015-08-17,2015-08-21,0,True,True
2015-08-28,7.5749998092651367,8.130000114440918,7.2699999809265137,8.0900001525878906,5,0,0,2015-08-24,2015-08-28,0,True,True
2015-09-04,8.0399999618530273,8.0600004196166992,7.565000057220459,7.7350001335144043,5,0,0,2015-08-31,2015-09-04,0,True,True
2015-09-11,7.809999942779541,8.2849998474121094,7.6750001907348633,7.679999828338623,5,0,0,2015-09-07,2015-09-11,0,True,True
2015-09-18,7.684999942779541,7.695000171661377,6.9600000381469727,7.0300002098083496,5,0,0,2015-09-14,2015-09-18,0,True,True
2015-09-25,7.0300002098083496,7.1750001907348633,6.7150001525878906,6.9699997901916504,5,0,0,2015-09-21,2015-09-25,0,True,True
2015-10-02,6.9549999237060547,6.9800000190734863,6.5799999237060547,6.8649997711181641,5,0,0,2015-09-28,2015-10-02,0,True,True
2015-10-09,7.0349998474121094,7.815000057220459,7,7.7750000953674316,5,0,0,2015-10-05,2015-10-09,0,True,True
2015-10-16,8.5500001907348633,8.7399997711181641,8.1599998474121094,8.3500003814697266,5,0,0,2015-10-12,2015-10-16,0,True,True
2015-10-23,8.3500003814697266,8.8100004196166992,8.3500003814697266,8.744999885559082,5,0,0,2015-10-19,2015-10-23,0,True,True
2015-10-30,8.6049995422363281,8.9449996948242188,8.2799997329711914,8.4449996948242188,5,0,0,2015-10-26,2015-10-30,0,True,True
2015-11-06,8.4200000762939453,9.0799999237060547,8.4200000762939453,9.0649995803833008,5,0,0,2015-11-02,2015-11-06,0,True,True
2015-11-13,9.0649995803833008,9.4700002670288086,8.9700002670288086,9.1149997711181641,5,0,0,2015-11-09,2015-11-13,0,True,True
2015-11-20,9.0850000381469727,9.6400003433227539,9.0600004196166992,9.2049999237060547,5,0,0,2015-11-16,2015-11-20,0,True,True
2015-11-27,9.1800003051757812,9.3649997711181641,8.9200000762939453,9.255000114440918,5,0,0,2015-11-23,2015-11-27,0,True,True
2015-12-04,9.244999885559082,9.4149999618530273,8.6149997711181641,8.7399997711181641,5,0,0,2015-11-30,2015-12-04,0,True,True
2015-12-11,8.7700004577636719,8.9650001525878906,8.2299995422363281,8.2749996185302734,5,0,0,2015-12-07,2015-12-11,0,True,True
2015-12-18,8.6999998092651367,8.8000001907348633,8.1499996185302734,8.4499998092651367,5,0,0,2015-12-14,2015-12-18,0,True,True
2015-12-25,8.4499998092651367,8.6400003433227539,8.2899999618530273,8.4899997711181641,3,0,0,2015-12-21,2015-12-23,0,True,True
2016-01-01,8.4149999618530273,8.4899997711181641,8.3500003814697266,8.3900003433227539,3,0,0,2015-12-28,2015-12-30,0,True,True
2016-01-08,8.4300003051757812,8.4449996948242188,7.5999999046325684,7.7950000762939453,4,0,0,2016-01-04,2016-01-08,0,True,True
2016-01-15,7.7150001525878906,8.3549995422363281,7.0850000381469727,7.0949997901916504,5,0,0,2016-01-11,2016-01-15,0,True,True
2016-01-22,7.119999885559082,7.565000057220459,7.059999942779541,7.4699997901916504,5,0,0,2016-01-18,2016-01-22,0,True,True
2016-01-29,7.5399999618530273,7.6149997711181641,7.1550002098083496,7.4749999046325684,5,0,0,2016-01-25,2016-01-29,0,True,True
2016-02-05,7.5,7.744999885559082,6.8499999046325684,7.070000171661377,5,0,0,2016-02-01,2016-02-05,0,True,True
2016-02-12,7.1100001335144043,7.2249999046325684,6.5,6.7849998474121094,5,0,0,2016-02-08,2016-02-12,0,True,True
2016-02-19,7.0149998664855957,7.7699999809265137,6.9850001335144043,7.6700000762939453,5,0,0,2016-02-15,2016-02-19,0,True,True
2016-02-26,7.7399997711181641,7.9850001335144043,7.2750000953674316,7.5799999237060547,5,0,0,2016-02-22,2016-02-26,0,True,True
2016-03-04,7.5300002098083496,8.0100002288818359,7.445000171661377,7.9000000953674316,5,0,0,2016-02-29,2016-03-04,0,True,True
2016-03-11,7.9099998474121094,7.9549999237060547,7.4050002098083496,7.5300002098083496,5,0,0,2016-03-07,2016-03-11,0,True,True
2016-03-18,7.5900001525878906,8.0900001525878906,7.559999942779541,7.940000057220459,5,0,0,2016-03-14,2016-03-18,0,True,True
2016-03-25,7.929999828338623,8.0150003433227539,7.7699999809265137,7.815000057220459,4,0,0,2016-03-21,2016-03-24,0,True,True
2016-04-01,7.8550000190734863,8.1149997711181641,7.5300002098083496,7.630000114440918,4,0,0,2016-03-29,2016-04-01,0,True,True
2016-04-08,7.6500000953674316,7.7699999809265137,7.309999942779541,7.5799999237060547,5,0,0,2016-04-04,2016-04-08,0,True,True
2016-04-15,7.5799999237060547,7.9600000381469727,7.3299999237060547,7.815000057220459,5,0,0,2016-04-11,2016-04-15,0,True,True
2016-04-22,7.75,7.880000114440918,7.4549999237060547,7.570000171661377,5,0,0,2016-04-18,2016-04-22,0,True,True
2016-04-29,7.5799999237060547,8.1850004196166992,7.4149999618530273,7.619999885559082,5,0,0,2016-04-25,2016-04-29,0,True,True
2016-05-06,7.5749998092651367,7.5799999237060547,7.070000171661377,7.2100000381469727,4,0,0,2016-05-02,2016-05-06,0,True,True
2016-05-13,7.25,7.5100002288818359,6.9749999046325684,7.1350002288818359,5,0,0,2016-05-09,2016-05-13,0,True,True
2016-05-20,7.1350002288818359,7.369999885559082,7.0399999618530273,7.304999828338623,5,0,0,2016-05-16,2016-05-20,0,True,True
2016-05-27,7.3000001907348633,7.744999885559082,7.1550002098083496,7.6050000190734863,5,0,0,2016-05-23,2016-05-27,0,True,True
2016-06-03,7.625,7.7849998474121094,7.5500001907348633,7.570000171661377,5,0,0,2016-05-30,2016-06-03,0,True,True
2016-06-10,7.5999999046325684,7.809999942779541,7.4549999237060547,7.4600000381469727,5,0,0,2016-06-06,2016-06-10,0,True,True
2016-06-17,7.3850002288818359,7.4699997901916504,6.9250001907348633,7.2249999046325684,5,0,0,2016-06-13,2016-06-17,0,True,True
2016-06-24,7.4250001907348633,7.7350001335144043,7.3899998664855957,7.6599998474121094,4,0,0,2016-06-20,2016-06-23,0,True,True
2016-07-01,7.0500001907348633,7.4650001525878906,6.8350000381469727,7.445000171661377,5,0,0,2016-06-27,2016-07-01,0,True,True
2016-07-08,7.4749999046325684,7.5349998474121094,6.929999828338623,7.4800000190734863,5,0,0,2016-07-04,2016-07-08,0,True,True
2016-07-15,7.5850000381469727,7.880000114440918,7.5250000953674316,7.7649998664855957,5,0,0,2016-07-11,2016-07-15,0,True,True
2016-07-22,7.804999828338623,8.1499996185302734,7.6649999618530273,7.9749999046325684,5,0,0,2016-07-18,2016-07-22,0,True,True
2016-07-29,7.9899997711181641,8.2650003433227539,7.9749999046325684,8.119999885559082,5,0,0,2016-07-25,2016-07-29,0,True,True
2016-08-05,8.1450004577636719,8.1499996185302734,7.7849998474121094,8.0550003051757812,5,0,0,2016-08-01,2016-08-05,0,True,True
2016-08-12,8.1000003814697266,8.3299999237060547,8.0649995803833008,8.2349996566772461,5,0,0,2016-08-08,2016-08-12,0,True,True
2016-08-19,8.25,8.2650003433227539,7.8600001335144043,7.9549999237060547,5,0,0,2016-08-15,2016-08-19,0,True,True
2016-08-26,7.9499998092651367,8.2200002670288086,7.929999828338623,8.2200002670288086,5,0,0,2016-08-22,2016-08-26,0,True,True
2016-09-02,8.1450004577636719,8.1800003051757812,7.9149999618530273,8.130000114440918,5,0,0,2016-08-29,2016-09-02,0,True,True
2016-09-09,8.1499996185302734,8.2950000762939453,7.9749999046325684,7.9899997711181641,5,0,0,2016-09-05,2016-09-09,0,True,True
2016-09-16,7.880000114440918,8.0150003433227539,7.7649998664855957,7.7950000762939453,5,0,0,2016-09-12,2016-09-16,0,True,True
2016-09-23,7.8499999046325684,8.2150001525878906,7.8499999046325684,8.125,5,0,0,2016-09-19,2016-09-23,0,True,True
2016-09-30,8.119999885559082,8.1850004196166992,7.7150001525878906,7.9050002098083496,5,0,0,2016-09-26,2016-09-30,0,True,True
2016-10-07,7.9050002098083496,8.125,7.8649997711181641,8.0399999618530273,5,0,0,2016-10-03,2016-10-07,0,True,True
2016-10-14,8.0500001907348633,8.3350000381469727,8,8.1549997329711914,5,0,0,2016-10-10,2016-10-14,0,True,True
2016-10-21,8.119999885559082,8.244999885559082,8.0150003433227539,8.0799999237060547,5,0,0,2016-10-17,2016-10-21,0,True,True
2016-10-28,8.1000003814697266,8.8549995422363281,8.0550003051757812,8.7399997711181641,5,0,0,2016-10-24,2016-10-28,0,True,True
2016-11-04,8.6800003051757812,8.7600002288818359,8.3050003051757812,8.3299999237060547,5,0,0,2016-10-31,2016-11-04,0,True,True
2016-11-11,8.4499998092651367,9.1700000762939453,8.0900001525878906,8.7200002670288086,5,0,0,2016-11-07,2016-11-11,0,True,True
2016-11-18,8.7749996185302734,8.9200000762939453,8.5749998092651367,8.880000114440918,5,0,0,2016-11-14,2016-11-18,0,True,True
2016-11-25,8.9600000381469727,9.2299995422363281,8.8249998092651367,9.1549997329711914,5,0,0,2016-11-21,2016-11-25,0,True,True
2016-12-02,9.1499996185302734,9.2299995422363281,8.9600000381469727,9.1000003814697266,5,0,0,2016-11-28,2016-12-02,0,True,True
2016-12-09,9.0950002670288086,9.6549997329711914,9.0749998092651367,9.5749998092651367,4,0,0,2016-12-05,2016-12-09,0,True,True
2016-12-16,9.5850000381469727,9.880000114440918,9.4750003814697266,9.8149995803833008,5,0,0,2016-12-12,2016-12-16,0,True,True
2016-12-23,9.8050003051757812,10.130000114440918,9.75,10.069999694824219,5,0,0,2016-12-19,2016-12-23,0,True,True
2016-12-30,10.079999923706055,10.279999732971191,10.069999694824219,10.210000038146973,4,0,0,2016-12-27,2016-12-30,0,True,True
2017-01-06,10.229999542236328,10.340000152587891,10.100000381469727,10.220000267028809,4,0,0,2017-01-02,2017-01-05,0,True,True
2017-01-13,10.260000228881836,10.359999656677246,9.9700002670288086,10.350000381469727,5,0,0,2017-01-09,2017-01-13,0,True,True
2017-01-20,10.329999923706055,10.779999732971191,10.140000343322754,10.729999542236328,5,0,0,2017-01-16,2017-01-20,0,True,True
2017-01-27,10.699999809265137,11.199999809265137,10.630000114440918,11.159999847412109,5,0,0,2017-01-23,2017-01-27,0,True,True
2017-02-03,11.109999656677246,11.149999618530273,9.75,10.039999961853027,5,0,0,2017-01-30,2017-02-03,0,True,True
2017-02-10,10,10.060000419616699,9.5600004196166992,9.8999996185302734,5,0,0,2017-02-06,2017-02-10,0,True,True
2017-02-17,9.9700002670288086,10.430000305175781,9.9250001907348633,10.270000457763672,5,0,0,2017-02-13,2017-02-17,0,True,True
2017-02-24,10.300000190734863,10.420000076293945,9.9549999237060547,10.039999961853027,5,0,0,2017-02-20,2017-02-24,0,True,True
2017-03-03,10.069999694824219,10.590000152587891,10,10.460000038146973,5,0,0,2017-02-27,2017-03-03,0,True,True
2017-03-10,10.460000038146973,10.590000152587891,10.329999923706055,10.380000114440918,5,0,0,2017-03-06,2017-03-10,0,True,True
2017-03-17,10.399999618530273,11.180000305175781,10.369999885559082,11.180000305175781,5,0,0,2017-03-13,2017-03-17,0,True,True
2017-03-24,11.180000305175781,11.180000305175781,10.680000305175781,11.079999923706055,5,0,0,2017-03-20,2017-03-24,0,True,True
2017-03-31,11,11.119999885559082,10.850000381469727,11.079999923706055,5,0,0,2017-03-27,2017-03-31,0,True,True
2017-04-07,11.119999885559082,11.409999847412109,10.989999771118164,11.359999656677246,5,0,0,2017-04-03,2017-04-07,0,True,True
2017-04-14,11.359999656677246,11.390000343322754,11.210000038146973,11.359999656677246,4,0,0,2017-04-10,2017-04-13,0,True,True
2017-04-21,11.350000381469727,11.510000228881836,11.149999618530273,11.369999885559082,4,0,0,2017-04-18,2017-04-21,0,True,True
2017-04-28,11.600000381469727,12.130000114440918,10.810000419616699,10.920000076293945,5,0,0,2017-04-24,2017-04-28,0,True,True
2017-05-05,10.930000305175781,11.100000381469727,10.590000152587891,11.090000152587891,4,0,0,2017-05-02,2017-05-05,0,True,True
2017-05-12,11.109999656677246,11.489999771118164,10.979999542236328,11.420000076293945,5,0,0,2017-05-08,2017-05-12,0,True,True
2017-05-19,11.420000076293945,11.729999542236328,10.970000267028809,11.210000038146973,5,0,0,2017-05-15,2017-05-19,0,True,True
2017-05-26,11.25,11.470000267028809,11.079999923706055,11.449999809265137,4,0,0,2017-05-22,2017-05-26,0,True,True
2017-06-02,11.430000305175781,11.470000267028809,11.210000038146973,11.350000381469727,5,0,0,2017-05-29,2017-06-02,0,True,True
2017-06-09,11.350000381469727,11.890000343322754,11.340000152587891,11.869999885559082,5,0,0,2017-06-05,2017-06-09,0,True,True
2017-06-16,11.880000114440918,11.880000114440918,11.430000305175781,11.840000152587891,5,0,0,2017-06-12,2017-06-16,0,True,True
2017-06-23,11.949999809265137,12.239999771118164,11.699999809265137,11.760000228881836,4,0,0,2017-06-19,2017-06-22,0,True,True
2017-06-30,11.720000267028809,11.810000419616699,11.149999618530273,11.310000419616699,5,0,0,2017-06-26,2017-06-30,0,True,True
2017-07-07,11.380000114440918,11.680000305175781,11.260000228881836,11.380000114440918,5,0,0,2017-07-03,2017-07-07,0,True,True
2017-07-14,11.449999809265137,12.069999694824219,11.220000267028809,11.920000076293945,5,0,0,2017-07-10,2017-07-14,0,True,True
2017-07-21,11.909999847412109,12.100000381469727,11.680000305175781,11.789999961853027,5,0,0,2017-07-17,2017-07-21,0,True,True
2017-07-28,11.840000152587891,11.880000114440918,11.170000076293945,11.539999961853027,5,0,0,2017-07-24,2017-07-28,0,True,True
2017-08-04,11.590000152587891,11.649999618530273,11.149999618530273,11.359999656677246,5,0,0,2017-07-31,2017-08-04,0,True,True
2017-08-11,11.369999885559082,11.489999771118164,11.119999885559082,11.350000381469727,5,0,0,2017-08-07,2017-08-11,0,True,True
2017-08-18,11.460000038146973,11.710000038146973,11.329999923706055,11.529999732971191,5,0,0,2017-08-14,2017-08-18,0,True,True
2017-08-25,11.5,11.819999694824219,11.380000114440918,11.659999847412109,5,0,0,2017-08-21,2017-08-25,0,True,True
2017-09-01,11.550000190734863,11.550000190734863,10.760000228881836,11.109999656677246,5,0,0,2017-08-28,2017-09-01,0,True,True
2017-09-08,11.010000228881836,11.119999885559082,10.75,11,5,0,0,2017-09-04,2017-09-08,0,True,True
2017-09-15,11.029999732971191,11.550000190734863,11.029999732971191,11.460000038146973,5,0,0,2017-09-11,2017-09-15,0,True,True
2017-09-22,11.5,11.859999656677246,11.479999542236328,11.760000228881836,5,0,0,2017-09-18,2017-09-22,0,True,True
2017-09-29,11.739999771118164,12.029999732971191,11.699999809265137,11.949999809265137,5,0,0,2017-09-25,2017-09-29,0,True,True
2017-10-06,11.949999809265137,12.739999771118164,11.939999580383301,12.409999847412109,5,0,0,2017-10-02,2017-10-06,0,True,True
2017-10-13,12.409999847412109,12.590000152587891,12.329999923706055,12.460000038146973,5,0,0,2017-10-09,2017-10-13,0,True,True
2017-10-20,12.449999809265137,12.649999618530273,12.199999809265137,12.579999923706055,5,0,0,2017-10-16,2017-10-20,0,True,True
2017-10-27,12.609999656677246,13.640000343322754,12.560000419616699,13.569999694824219,5,0,0,2017-10-23,2017-10-27,0,True,True
2017-11-03,13.600000381469727,13.770000457763672,13.329999923706055,13.720000267028809,5,0,0,2017-10-30,2017-11-03,0,True,True
2017-11-10,13.689999580383301,13.800000190734863,13.180000305175781,13.319999694824219,5,0,0,2017-11-06,2017-11-10,0,True,True
2017-11-17,13.329999923706055,13.369999885559082,12.829999923706055,13.170000076293945,5,0,0,2017-11-13,2017-11-17,0,True,True
2017-11-24,13.100000381469727,13.529999732971191,13.079999923706055,13.350000381469727,5,0,0,2017-11-20,2017-11-24,0,True,True
2017-12-01,13.270000457763672,13.329999923706055,12.600000381469727,12.619999885559082,5,0,0,2017-11-27,2017-12-01,0,True,True
2017-12-08,12.739999771118164,12.979999542236328,12.590000152587891,12.960000038146973,4,0,0,2017-12-04,2017-12-08,0,True,True
2017-12-15,13,13.380000114440918,12.810000419616699,13.210000038146973,5,0,0,2017-12-11,2017-12-15,0,True,True
2017-12-22,13.289999961853027,13.520000457763672,13.25,13.420000076293945,5,0,0,2017-12-18,2017-12-22,0,True,True
2017-12-29,13.399999618530273,13.430000305175781,13.159999847412109,13.220000267028809,3,0,0,2017-12-27,2017-12-29,0,True,True
2018-01-05,13.210000038146973,13.630000114440918,13.095000267028809,13.604999542236328,4,0,0,2018-01-02,2018-01-05,0,True,True
2018-01-12,13.609999656677246,13.925000190734863,13.510000228881836,13.899999618530273,5,0,0,2018-01-08,2018-01-12,0,True,True
2018-01-19,13.939999580383301,14.670000076293945,13.854999542236328,14.534999847412109,5,0,0,2018-01-15,2018-01-19,0,True,True
2018-01-26,14.539999961853027,14.699999809265137,13.659999847412109,14,5,0,0,2018-01-22,2018-01-26,0,True,True
2018-02-02,14.010000228881836,14.220000267028809,13.770000457763672,13.850000381469727,5,0,0,2018-01-29,2018-02-02,0,True,True
2018-02-09,13.760000228881836,13.810000419616699,12.824999809265137,12.850000381469727,5,0,0,2018-02-05,2018-02-09,0,True,True
2018-02-16,13.090000152587891,14.25,13.079999923706055,14.244999885559082,5,0,0,2018-02-12,2018-02-16,0,True,True
2018-02-23,14.335000038146973,14.505000114440918,14.119999885559082,14.260000228881836,5,0,0,2018-02-19,2018-02-23,0,True,True
2018-03-02,14.364999771118164,14.649999618530273,13.960000038146973,14.045000076293945,5,0,0,2018-02-26,2018-03-02,0,True,True
2018-03-09,14.005000114440918,14.914999961853027,14.005000114440918,14.904999732971191,5,0,0,2018-03-05,2018-03-09,0,True,True
2018-03-16,14.970000267028809,15.420000076293945,14.534999847412109,15.414999961853027,5,0,0,2018-03-12,2018-03-16,0,True,True
2018-03-23,15.350000381469727,15.765000343322754,14.675000190734863,15.005000114440918,5,0,0,2018-03-19,2018-03-23,0,True,True
2018-03-30,15.005000114440918,15.395000457763672,14.635000228881836,14.925000190734863,4,0,0,2018-03-26,2018-03-29,0,True,True
2018-04-06,14.845000267028809,15.185000419616699,14.354999542236328,15,4,0,0,2018-04-03,2018-04-06,0,True,True
2018-04-13,15.029999732971191,16.379999160766602,14.854999542236328,15.925000190734863,5,0,0,2018-04-09,2018-04-13,0,True,True
2018-04-20,15.965000152587891,16.809999465942383,15.835000038146973,16.719999313354492,5,0,0,2018-04-16,2018-04-20,0,True,True
2018-04-27,16.704999923706055,16.959999084472656,16.209999084472656,16.430000305175781,5,0,0,2018-04-23,2018-04-27,0,True,True
2018-05-04,16.399999618530273,16.725000381469727,16.200000762939453,16.405000686645508,4,0,0,2018-04-30,2018-05-04,0,True,True
2018-05-11,16.399999618530273,17.270000457763672,16.395000457763672,17.270000457763672,4,0,0,2018-05-07,2018-05-11,0,True,True
2018-05-18,17.280000686645508,17.620000839233398,16.895000457763672,17.485000610351562,5,0,0,2018-05-14,2018-05-18,0,True,True
2018-05-25,17.5,17.694999694824219,16.969999313354492,17.135000228881836,5,0,0,2018-05-21,2018-05-25,0,True,True
2018-06-01,17.280000686645508,17.920000076293945,17.075000762939453,17.745000839233398,5,0,0,2018-05-28,2018-06-01,0,True,True
2018-06-08,17.805000305175781,18.25,17.635000228881836,18.075000762939453,5,0,0,2018-06-04,2018-06-08,0,True,True
2018-06-15,18.184999465942383,18.290000915527344,17.510000228881836,17.665000915527344,5,0,0,2018-06-11,2018-06-15,0,True,True
2018-06-22,17.649999618530273,17.670000076293945,16.850000381469727,16.854999542236328,4,0,0,2018-06-18,2018-06-21,0,True,True
2018-06-29,16.915000915527344,17.125,16.475000381469727,16.760000228881836,5,0,0,2018-06-25,2018-06-29,0,True,True
2018-07-06,16.604999542236328,16.815000534057617,16.424999237060547,16.545000076293945,5,0,0,2018-07-02,2018-07-06,0,True,True
2018-07-13,16.659999847412109,17.159999847412109,16.569999694824219,16.575000762939453,5,0,0,2018-07-09,2018-07-13,0,True,True
2018-07-20,16.610000610351562,17.040000915527344,14.079999923706055,14.079999923706055,5,0,0,2018-07-16,2018-07-20,0,True,True
2018-07-27,14.279999732971191,14.814999580383301,13.550000190734863,14.590000152587891,5,0,0,2018-07-23,2018-07-27,0,True,True
2018-08-03,14.585000038146973,14.600000381469727,13.960000038146973,14.484999656677246,5,0,0,2018-07-30,2018-08-03,0,True,True
2018-08-10,14.460000038146973,15.029999732971191,14.350000381469727,14.425000190734863,5,0,0,2018-08-06,2018-08-10,0,True,True
2018-08-17,14.350000381469727,14.449999809265137,13.875,14.164999961853027,5,0,0,2018-08-13,2018-08-17,0,True,True
2018-08-24,14.305000305175781,15.385000228881836,14.270000457763672,15.244999885559082,5,0,0,2018-08-20,2018-08-24,0,True,True
2018-08-31,15.324999809265137,16.295000076293945,15.189999580383301,16.034999847412109,5,0,0,2018-08-27,2018-08-31,0,True,True
2018-09-07,16.045000076293945,16.194999694824219,15.220000267028809,15.340000152587891,5,0,0,2018-09-03,2018-09-07,0,True,True
2018-09-14,15.345000267028809,15.645000457763672,14.975000381469727,15.645000457763672,5,0,0,2018-09-10,2018-09-14,0,True,True
2018-09-21,15.564999580383301,16.329999923706055,15.395000457763672,16.329999923706055,5,0,0,2018-09-17,2018-09-21,0,True,True
2018-09-28,16.229999542236328,16.760000228881836,16.110000610351562,16.475000381469727,5,0,0,2018-09-24,2018-09-28,0,True,True
2018-10-05,16.5,16.620000839233398,15.585000038146973,15.694999694824219,5,0,0,2018-10-01,2018-10-05,0,True,True
2018-10-12,15.649999618530273,15.869999885559082,14.010000228881836,14.295000076293945,5,0,0,2018-10-08,2018-10-12,0,True,True
2018-10-19,14.395000457763672,14.529999732971191,13.664999961853027,13.904999732971191,5,0,0,2018-10-15,2018-10-19,0,True,True
2018-10-26,14.005000114440918,14.055000305175781,12.520000457763672,13.319999694824219,5,0,0,2018-10-22,2018-10-26,0,True,True
2018-11-02,13.265000343322754,13.725000381469727,12.484999656677246,13.515000343322754,5,0,0,2018-10-29,2018-11-02,0,True,True
2018-11-09,13.520000457763672,13.550000190734863,12.800000190734863,12.880000114440918,5,0,0,2018-11-05,2018-11-09,0,True,True
2018-11-16,12.975000381469727,13,11.970000267028809,12.395000457763672,5,0,0,2018-11-12,2018-11-16,0,True,True
2018-11-23,12.484999656677246,12.574999809265137,11.805000305175781,11.904999732971191,5,0,0,2018-11-19,2018-11-23,0,True,True
2018-11-30,11.965000152587891,12.024999618530273,10.909999847412109,11.255000114440918,5,0,0,2018-11-26,2018-11-30,0,True,True
2018-12-07,11.609999656677246,11.814999580383301,10.515000343322754,10.560000419616699,4,0,0,2018-12-03,2018-12-07,0,True,True
2018-12-14,10.404999732971191,11.125,10.274999618530273,10.595000267028809,5,0,0,2018-12-10,2018-12-14,0,True,True
2018-12-21,10.619999885559082,10.630000114440918,9.9840002059936523,10.329999923706055,5,0,0,2018-12-17,2018-12-21,0,True,True
2018-12-28,10.340000152587891,10.470000267028809,9.9160003662109375,10.085000038146973,2,0,0,2018-12-27,2018-12-28,0,True,True
2019-01-04,9.9759998321533203,10.510000228881836,9.8620004653930664,10.510000228881836,3,0,0,2019-01-02,2019-01-04,0,True,True
2019-01-11,10.609999656677246,11.255000114440918,10.354999542236328,11.114999771118164,5,0,0,2019-01-07,2019-01-11,0,True,True
2019-01-18,11.100000381469727,11.984999656677246,10.845000267028809,11.789999961853027,5,0,0,2019-01-14,2019-01-18,0,True,True
2019-01-25,11.800000190734863,12.145000457763672,11.720000267028809,11.960000038146973,5,0,0,2019-01-21,2019-01-25,0,True,True
2019-02-01,11.960000038146973,12.064999580383301,11.060000419616699,11.5,5,0,0,2019-01-28,2019-02-01,0,True,True
2019-02-08,11.515000343322754,12.454999923706055,11.420000076293945,11.604999542236328,5,0,0,2019-02-04,2019-02-08,0,True,True
2019-02-15,11.699999809265137,12.340000152587891,11.675000190734863,12.145000457763672,5,0,0,2019-02-11,2019-02-15,0,True,True
2019-02-22,12.175000190734863,12.300000190734863,11.550000190734863,11.795000076293945,5,0,0,2019-02-18,2019-02-22,0,True,True
2019-03-01,11.854999542236328,12.395000457763672,11.755000114440918,12.255000114440918,5,0,0,2019-02-25,2019-03-01,0,True,True
2019-03-08,12.300000190734863,12.529999732971191,11.465000152587891,11.685000419616699,5,0,0,2019-03-04,2019-03-08,0,True,True
2019-03-15,11.744999885559082,12.125,11.435000419616699,11.545000076293945,5,0,0,2019-03-11,2019-03-15,0,True,True
2019-03-22,11.600000381469727,12.045000076293945,10.75,10.774999618530273,5,0,0,2019-03-18,2019-03-22,0,True,True
2019-03-29,10.720000267028809,10.989999771118164,10.354999542236328,10.895000457763672,5,0,0,2019-03-25,2019-03-29,0,True,True
2019-04-05,11.057999610900879,12.239999771118164,11.057999610900879,12.170000076293945,5,0,0,2019-04-01,2019-04-05,0,True,True
2019-04-12,12.185000419616699,12.225000381469727,11.595000267028809,11.935000419616699,5,0,0,2019-04-08,2019-04-12,0,True,True
2019-04-19,11.965000152587891,11.970000267028809,11.295000076293945,11.375,4,0,0,2019-04-15,2019-04-18,0,True,True
2019-04-26,11.595000267028809,12.104999542236328,11.295000076293945,11.595000267028809,4,0,0,2019-04-23,2019-04-26,0,True,True
2019-05-03,11.680000305175781,11.725000381469727,11,11.354999542236328,4,0,0,2019-04-29,2019-05-03,0,True,True
2019-05-10,11.079999923706055,11.145000457763672,10.435000419616699,10.694999694824219,5,0,0,2019-05-06,2019-05-10,0,True,True
2019-05-17,10.685000419616699,10.685000419616699,10.130000114440918,10.420000076293945,5,0,0,2019-05-13,2019-05-17,0,True,True
2019-05-24,10.465000152587891,10.479999542236328,9.8859996795654297,9.8920001983642578,5,0,0,2019-05-20,2019-05-24,0,True,True
2019-05-31,9.9739999771118164,10.024999618530273,9.1700000762939453,9.4619998931884766,4,0,0,2019-05-27,2019-05-31,0,True,True
2019-06-07,9.4239997863769531,9.8199996948242188,9.1420001983642578,9.3940000534057617,5,0,0,2019-06-03,2019-06-07,0,True,True
2019-06-14,9.5,9.7539997100830078,9.2779998779296875,9.4180002212524414,5,0,0,2019-06-10,2019-06-14,0,True,True
2019-06-21,9.4460000991821289,9.935999870300293,9.119999885559082,9.6820001602172852,4,0,0,2019-06-17,2019-06-20,0,True,True
2019-06-28,9.6719999313354492,10.354999542236328,9.4680004119873047,10.335000038146973,5,0,0,2019-06-24,2019-06-28,0,True,True
2019-07-05,10.454999923706055,10.720000267028809,10.274999618530273,10.585000038146973,5,0,0,2019-07-01,2019-07-05,0,True,True
2019-07-12,10.5,10.585000038146973,9.8319997787475586,10.055000305175781,5,0,0,2019-07-08,2019-07-12,0,True,True
2019-07-19,10.060000419616699,10.189999580383301,9.1160001754760742,9.4960002899169922,5,0,0,2019-07-15,2019-07-19,0,True,True
2019-07-26,9.5679998397827148,11.125,9.5679998397827148,10.704999923706055,5,0,0,2019-07-22,2019-07-26,0,True,True
2019-08-02,10.710000038146973,10.760000228881836,9.5979995727539062,9.7159996032714844,5,0,0,2019-07-29,2019-08-02,0,True,True
2019-08-09,9.5659999847412109,9.6780004501342773,9.2180004119873047,9.6099996566772461,5,0,0,2019-08-05,2019-08-09,0,True,True
2019-08-16,9.6579999923706055,9.8260002136230469,9.0959997177124023,9.6359996795654297,5,0,0,2019-08-12,2019-08-16,0,True,True
2019-08-23,9.7139997482299805,10.175000190734863,9.6780004501342773,9.7139997482299805,5,0,0,2019-08-19,2019-08-23,0,True,True
2019-08-30,9.619999885559082,10.239999771118164,9.5220003128051758,10.170000076293945,5,0,0,2019-08-26,2019-08-30,0,True,True
2019-09-06,10.199999809265137,10.829999923706055,9.9020004272460938,10.800000190734863,5,0,0,2019-09-02,2019-09-06,0,True,True
2019-09-13,10.805000305175781,11.729999542236328,10.699999809265137,11.640000343322754,5,0,0,2019-09-09,2019-09-13,0,True,True
2019-09-20,11.560000419616699,11.970000267028809,10.899999618530273,11.015000343322754,5,0,0,2019-09-16,2019-09-20,0,True,True
2019-09-27,10.970000267028809,11.020000457763672,10.460000038146973,10.970000267028809,5,0,0,2019-09-23,2019-09-27,0,True,True
2019-10-04,10.970000267028809,11.215000152587891,10.350000381469727,10.569999694824219,5,0,0,2019-09-30,2019-10-04,0,True,True
2019-10-11,10.649999618530273,11.560000419616699,10.444999694824219,11.550000190734863,5,0,0,2019-10-07,2019-10-11,0,True,True
2019-10-18,11.5,11.814999580383301,11.295000076293945,11.755000114440918,5,0,0,2019-10-14,2019-10-18,0,True,True
2019-10-25,11.755000114440918,12.310000419616699,11.710000038146973,12.255000114440918,5,0,0,2019-10-21,2019-10-25,0,True,True
2019-11-01,12.255000114440918,12.449999809265137,11.154999732971191,12.055000305175781,5,0,0,2019-10-28,2019-11-01,0,True,True
2019-11-08,12.114999771118164,12.814999580383301,12.079999923706055,12.694999694824219,5,0,0,2019-11-04,2019-11-08,0,True,True
2019-11-15,12.645000457763672,13.045000076293945,12.560000419616699,12.810000419616699,5,0,0,2019-11-11,2019-11-15,0,True,True
2019-11-22,12.814999580383301,12.899999618530273,11.979999542236328,12.199999809265137,5,0,0,2019-11-18,2019-11-22,0,True,True
2019-11-29,12.295000076293945,12.479999542236328,12.145000457763672,12.199999809265137,5,0,0,2019-11-25,2019-11-29,0,True,True
2019-12-06,12.199999809265137,12.510000228881836,11.819999694824219,12.069999694824219,4,0,0,2019-12-02,2019-12-05,0,True,True
2019-12-13,12.060000419616699,12.475000381469727,11.835000038146973,12.284999847412109,5,0,0,2019-12-09,2019-12-13,0,True,True
2019-12-20,12.350000381469727,12.909999847412109,12.100000381469727,12.689999580383301,5,0,0,2019-12-16,2019-12-20,0,True,True
2019-12-27,12.689999580383301,12.970000267028809,12.685000419616699,12.930000305175781,2,0,0,2019-12-23,2019-12-27,0,True,True
2020-01-03,12.885000228881836,13.154999732971191,12.649999618530273,12.755000114440918,3,0,0,2019-12-30,2020-01-03,0,True,True
2020-01-10,12.725000381469727,12.810000419616699,12.25,12.340000152587891,4,0,0,2020-01-07,2020-01-10,0,True,True
2020-01-17,12.300000190734863,12.300000190734863,11.670000076293945,12.175000190734863,5,0,0,2020-01-13,2020-01-17,0,True,True
2020-01-24,12.175000190734863,12.550000190734863,11.805000305175781,11.949999809265137,5,0,0,2020-01-20,2020-01-24,0,True,True
2020-01-31,11.689999580383301,12.069999694824219,11.149999618530273,11.760000228881836,5,0,0,2020-01-27,2020-01-31,0,True,True
2020-02-07,11.734999656677246,12.670000076293945,11.564999580383301,12.145000457763672,5,0,0,2020-02-03,2020-02-07,0,True,True
2020-02-14,12.125,12.585000038146973,12.034999847412109,12.234999656677246,5,0,0,2020-02-10,2020-02-14,0,True,True
2020-02-21,12.270000457763672,12.380000114440918,11.840000152587891,12.090000152587891,5,0,0,2020-02-17,2020-02-21,0,True,True
2020-02-28,11.784999847412109,11.784999847412109,10.479999542236328,10.710000038146973,5,0,0,2020-02-24,2020-02-28,0,True,True
2020-03-06,11.050000190734863,11.199999809265137,9.991999626159668,10.289999961853027,5,0,0,2020-03-02,2020-03-06,0,True,True
2020-03-13,9.5500001907348633,10.265000343322754,8.305999755859375,8.4899997711181641,5,0,0,2020-03-09,2020-03-13,0,True,True
2020-03-20,8.2340002059936523,8.5500001907348633,7.3660001754760742,8.0360002517700195,5,0,0,2020-03-16,2020-03-20,0,True,True
2020-03-27,7.624000072479248,8.8339996337890625,7.2519998550415039,8.380000114440918,5,0,0,2020-03-23,2020-03-27,0,True,True
2020-04-03,8.4300003051757812,9.380000114440918,8.4139995574951172,9.1899995803833008,5,0,0,2020-03-30,2020-04-03,0,True,True
2020-04-10,9.4840002059936523,10.560000419616699,9.3540000915527344,10.244999885559082,4,0,0,2020-04-06,2020-04-09,0,True,True
2020-04-17,10.539999961853027,10.539999961853027,9.5900001525878906,10.119999885559082,4,0,0,2020-04-14,2020-04-17,0,True,True
2020-04-24,10.145000457763672,10.590000152587891,9.7860002517700195,10.199999809265137,5,0,0,2020-04-20,2020-04-24,0,True,True
2020-05-01,10.329999923706055,11.064999580383301,10.220000267028809,10.800000190734863,4,0,0,2020-04-27,2020-04-30,0,True,True
2020-05-08,10.545000076293945,10.765000343322754,10.140000343322754,10.640000343322754,5,0,0,2020-05-04,2020-05-08,0,True,True
2020-05-15,10.694999694824219,10.819999694824219,9.6040000915527344,9.8260002136230469,5,0,0,2020-05-11,2020-05-15,0,True,True
2020-05-22,10.010000228881836,10.994999885559082,9.9980001449584961,10.609999656677246,4,0,0,2020-05-18,2020-05-22,0,True,True
2020-05-29,10.680000305175781,11.159999847412109,10.505000114440918,11.024999618530273,5,0,0,2020-05-25,2020-05-29,0,True,True
2020-06-05,11.204999923706055,11.604999542236328,11.100000381469727,11.550000190734863,5,0,0,2020-06-01,2020-06-05,0,True,True
2020-06-12,11.404999732971191,11.475000381469727,10.319999694824219,10.600000381469727,5,0,0,2020-06-08,2020-06-12,0,True,True
2020-06-19,10.300000190734863,11.545000076293945,10.220000267028809,11.194999694824219,4,0,0,2020-06-15,2020-06-18,0,True,True
2020-06-26,11.140000343322754,11.289999961853027,10.520000457763672,10.645000457763672,5,0,0,2020-06-22,2020-06-26,0,True,True
2020-07-03,10.619999885559082,10.949999809265137,10.380000114440918,10.710000038146973,5,0,0,2020-06-29,2020-07-03,0,True,True
2020-07-10,10.810000419616699,10.994999885559082,10.409999847412109,10.569999694824219,5,0,0,2020-07-06,2020-07-10,0,True,True
2020-07-17,10.710000038146973,10.949999809265137,10.470000267028809,10.949999809265137,5,0,0,2020-07-13,2020-07-17,0,True,True
2020-07-24,10.895000457763672,11.579999923706055,10.765000343322754,11.185000419616699,5,0,0,2020-07-20,2020-07-24,0,True,True
2020-07-31,11.189999580383301,11.289999961853027,10.609999656677246,10.659999847412109,5,0,0,2020-07-27,2020-07-31,0,True,True
2020-08-07,10.659999847412109,11.295000076293945,10.585000038146973,11.125,5,0,0,2020-08-03,2020-08-07,0,True,True
2020-08-14,11.145000457763672,11.479999542236328,11.079999923706055,11.380000114440918,5,0,0,2020-08-10,2020-08-14,0,True,True
2020-08-21,11.380000114440918,11.800000190734863,11.300000190734863,11.569999694824219,5,0,0,2020-08-17,2020-08-21,0,True,True
2020-08-28,11.640000343322754,12.305000305175781,11.640000343322754,12.114999771118164,5,0,0,2020-08-24,2020-08-28,0,True,True
2020-09-04,12.199999809265137,13.314999580383301,12.130000114440918,13.199999809265137,5,0,0,2020-08-31,2020-09-04,0,True,True
2020-09-11,13.194999694824219,13.454999923706055,13.125,13.274999618530273,5,0,0,2020-09-07,2020-09-11,0,True,True
2020-09-18,13.314999580383301,14.350000381469727,13.234999656677246,14.050000190734863,5,0,0,2020-09-14,2020-09-18,0,True,True
2020-09-25,13.979999542236328,14.015000343322754,13.244999885559082,13.354999542236328,5,0,0,2020-09-21,2020-09-25,0,True,True
2020-10-02,13.5,13.875,13.350000381469727,13.779999732971191,5,0,0,2020-09-28,2020-10-02,0,True,True
2020-10-09,13.914999961853027,14.329999923706055,13.814999580383301,14.199999809265137,5,0,0,2020-10-05,2020-10-09,0,True,True
2020-10-16,14.189999580383301,14.529999732971191,14.024999618530273,14.274999618530273,5,0,0,2020-10-12,2020-10-16,0,True,True
2020-10-23,14.279999732971191,14.779999732971191,13.039999961853027,13.074999809265137,5,0,0,2020-10-19,2020-10-23,0,True,True
2020-10-30,12.779999732971191,12.984999656677246,12.029999732971191,12.524999618530273,5,0,0,2020-10-26,2020-10-30,0,True,True
2020-11-06,12.609999656677246,13.5,12.534999847412109,13.390000343322754,5,0,0,2020-11-02,2020-11-06,0,True,True
2020-11-13,13.569999694824219,13.989999771118164,13.284999847412109,13.414999961853027,5,0,0,2020-11-09,2020-11-13,0,True,True
2020-11-20,13.479999542236328,13.835000038146973,13.319999694824219,13.729999542236328,5,0,0,2020-11-16,2020-11-20,0,True,True
2020-11-27,13.789999961853027,14.505000114440918,13.760000228881836,14.505000114440918,5,0,0,2020-11-23,2020-11-27,0,True,True
2020-12-04,14.449999809265137,14.664999961853027,13.909999847412109,13.920000076293945,5,0,0,2020-11-30,2020-12-04,0,True,True
2020-12-11,13.920000076293945,14.795000076293945,13.784999847412109,14.635000228881836,5,0,0,2020-12-07,2020-12-11,0,True,True
2020-12-18,14.729999542236328,15.739999771118164,14.699999809265137,15.680000305175781,5,0,0,2020-12-14,2020-12-18,0,True,True
2020-12-25,15.470000267028809,15.470000267028809,15,15.295000076293945,3,0,0,2020-12-21,2020-12-23,0,True,True
2021-01-01,15.390000343322754,15.850000381469727,15.329999923706055,15.645000457763672,3,0,0,2020-12-28,2020-12-30,0,True,True
2021-01-08,15.729999542236328,16.565000534057617,15.510000228881836,16.485000610351562,4,0,0,2021-01-04,2021-01-08,0,True,True
2021-01-15,16.479999542236328,16.569999694824219,15.645000457763672,15.829999923706055,5,0,0,2021-01-11,2021-01-15,0,True,True
2021-01-22,15.770000457763672,16.424999237060547,15.710000038146973,16.135000228881836,5,0,0,2021-01-18,2021-01-22,0,True,True
2021-01-29,16.25,16.254999160766602,14.454999923706055,15,5,0,0,2021-01-25,2021-01-29,0,True,True
2021-02-05,15.135000228881836,15.399999618530273,14.854999542236328,15.305000305175781,5,0,0,2021-02-01,2021-02-05,0,True,True
2021-02-12,15.369999885559082,16.489999771118164,15.364999771118164,16.489999771118164,5,0,0,2021-02-08,2021-02-12,0,True,True
2021-02-19,16.5,16.940000534057617,16.159999847412109,16.370000839233398,5,0,0,2021-02-15,2021-02-19,0,True,True
2021-02-26,16.334999084472656,16.944999694824219,15.609999656677246,16.325000762939453,5,0,0,2021-02-22,2021-02-26,0,True,True
2021-03-05,16.614999771118164,16.954999923706055,16.204999923706055,16.385000228881836,5,0,0,2021-03-01,2021-03-05,0,True,True
2021-03-12,16.440000534057617,17.084999084472656,16.440000534057617,16.635000228881836,5,0,0,2021-03-08,2021-03-12,0,True,True
2021-03-19,16.639999389648438,16.944999694824219,15.819999694824219,16.620000839233398,5,0,0,2021-03-15,2021-03-19,0,True,True
2021-03-26,16.280000686645508,16.725000381469727,15.960000038146973,16.709999084472656,5,0,0,2021-03-22,2021-03-26,0,True,True
2021-04-02,16.709999084472656,16.825000762939453,15.885000228881836,16.135000228881836,4,0,0,2021-03-29,2021-04-01,0,True,True
2021-04-09,16.389999389648438,16.555000305175781,16.094999313354492,16.549999237060547,4,0,0,2021-04-06,2021-04-09,0,True,True
2021-04-16,16.549999237060547,16.920000076293945,16.045000076293945,16.770000457763672,5,0,0,2021-04-12,2021-04-16,0,True,True
2021-04-23,16.825000762939453,17.014999389648438,16.180000305175781,16.674999237060547,5,0,0,2021-04-19,2021-04-23,0,True,True
2021-04-30,16.844999313354492,16.864999771118164,15.869999885559082,15.930000305175781,5,0,0,2021-04-26,2021-04-30,0,True,True
2021-05-07,15.949999809265137,16.174999237060547,15.640000343322754,16.030000686645508,5,0,0,2021-05-03,2021-05-07,0,True,True
2021-05-14,16.100000381469727,16.155000686645508,15.515000343322754,15.645000457763672,4,0,0,2021-05-10,2021-05-14,0,True,True
2021-05-21,15.694999694824219,15.739999771118164,14.909999847412109,15.064999580383301,5,0,0,2021-05-17,2021-05-21,0,True,True
2021-05-28,15.064999580383301,15.064999580383301,14.295000076293945,14.614999771118164,5,0,0,2021-05-24,2021-05-28,0,True,True
2021-06-04,14.630000114440918,15.090000152587891,14.265000343322754,14.939999580383301,5,0,0,2021-05-31,2021-06-04,0,True,True
2021-06-11,14.965000152587891,14.975000381469727,14.545000076293945,14.840000152587891,5,0,0,2021-06-07,2021-06-11,0,True,True
2021-06-18,14.810000419616699,15.454999923706055,14.744999885559082,14.800000190734863,5,0,0,2021-06-14,2021-06-18,0,True,True
2021-06-25,14.720000267028809,15.210000038146973,14.560000419616699,15.204999923706055,4,0,0,2021-06-21,2021-06-24,0,True,True
2021-07-02,15.239999771118164,15.715000152587891,14.899999618530273,15.454999923706055,5,0,0,2021-06-28,2021-07-02,0,True,True
2021-07-09,15.454999923706055,16.184999465942383,15.449999809265137,16.110000610351562,5,0,0,2021-07-05,2021-07-09,0,True,True
2021-07-16,16.139999389648438,16.354999542236328,15.699999809265137,15.784999847412109,5,0,0,2021-07-12,2021-07-16,0,True,True
2021-07-23,15.685000419616699,16.659999847412109,15.335000038146973,16.600000381469727,5,0,0,2021-07-19,2021-07-23,0,True,True
2021-07-30,16.649999618530273,16.975000381469727,16.514999389648438,16.684999465942383,5,0,0,2021-07-26,2021-07-30,0,True,True
2021-08-06,16.809999465942383,17.034999847412109,16.469999313354492,16.649999618530273,5,0,0,2021-08-02,2021-08-06,0,True,True
2021-08-13,16.629999160766602,17.075000762939453,16.409999847412109,17.004999160766602,5,0,0,2021-08-09,2021-08-13,0,True,True
2021-08-20,16.899999618530273,16.920000076293945,16.069999694824219,16.229999542236328,5,0,0,2021-08-16,2021-08-20,0,True,True
2021-08-27,16.350000381469727,16.764999389648438,16.229999542236328,16.715000152587891,5,0,0,2021-08-23,2021-08-27,0,True,True
2021-09-03,16.764999389648438,16.969999313354492,16.354999542236328,16.879999160766602,5,0,0,2021-08-30,2021-09-03,0,True,True
2021-09-10,16.895000457763672,17.665000915527344,16.754999160766602,16.870000839233398,5,0,0,2021-09-06,2021-09-10,0,True,True
2021-09-17,16.645000457763672,16.700000762939453,15.279999732971191,15.279999732971191,5,0,0,2021-09-13,2021-09-17,0,True,True
2021-09-24,15.045000076293945,15.310000419616699,14.704999923706055,14.885000228881836,5,0,0,2021-09-20,2021-09-24,0,True,True
2021-10-01,14.989999771118164,15.010000228881836,14.005000114440918,14.25,5,0,0,2021-09-27,2021-10-01,0,True,True
2021-10-08,14.260000228881836,14.800000190734863,14.020000457763672,14.569999694824219,5,0,0,2021-10-04,2021-10-08,0,True,True
2021-10-15,14.550000190734863,14.600000381469727,13.670000076293945,14.265000343322754,5,0,0,2021-10-11,2021-10-15,0,True,True
2021-10-22,14.265000343322754,14.845000267028809,14.085000038146973,14.585000038146973,5,0,0,2021-10-18,2021-10-22,0,True,True
2021-10-29,14.600000381469727,14.694999694824219,14.170000076293945,14.380000114440918,5,0,0,2021-10-25,2021-10-29,0,True,True
2021-11-05,14.484999656677246,14.659999847412109,14.289999961853027,14.460000038146973,5,0,0,2021-11-01,2021-11-05,0,True,True
2021-11-12,14.439999580383301,15.270000457763672,14.340000152587891,15.260000228881836,5,0,0,2021-11-08,2021-11-12,0,True,True
2021-11-19,15.244999885559082,15.25,14.680000305175781,14.970000267028809,5,0,0,2021-11-15,2021-11-19,0,True,True
2021-11-26,15.010000228881836,15.5,14.899999618530273,14.949999809265137,5,0,0,2021-11-22,2021-11-26,0,True,True
2021-12-03,15.079999923706055,15.935000419616699,14.975000381469727,15.425000190734863,5,0,0,2021-11-29,2021-12-03,0,True,True
2021-12-10,15.720000267028809,16.215000152587891,15.555000305175781,15.694999694824219,4,0,0,2021-12-07,2021-12-10,0,True,True
2021-12-17,15.534999847412109,15.779999732971191,15.159999847412109,15.539999961853027,5,0,0,2021-12-13,2021-12-17,0,True,True
2021-12-24,15.234999656677246,15.899999618530273,15.010000228881836,15.899999618530273,4,0,0,2021-12-20,2021-12-23,0,True,True
2021-12-31,15.845000267028809,16.280000686645508,15.845000267028809,16.139999389648438,4,0,0,2021-12-27,2021-12-30,0,True,True
2022-01-07,16.084999084472656,17.014999389648438,16.084999084472656,16.870000839233398,4,0,0,2022-01-03,2022-01-07,0,True,True
2022-01-14,16.825000762939453,17.290000915527344,16.475000381469727,16.825000762939453,5,0,0,2022-01-10,2022-01-14,0,True,True
2022-01-21,16.825000762939453,17.284999847412109,16.530000686645508,16.655000686645508,5,0,0,2022-01-17,2022-01-21,0,True,True
2022-01-28,16.719999313354492,17.909999847412109,16.100000381469727,17.5,5,0,0,2022-01-24,2022-01-28,0,True,True
2022-02-04,17.899999618530273,18.784999847412109,17.485000610351562,17.975000381469727,5,0,0,2022-01-31,2022-02-04,0,True,True
2022-02-11,18.139999389648438,19.065000534057617,18.040000915527344,18.745000839233398,5,0,0,2022-02-07,2022-02-11,0,True,True
2022-02-18,18.079999923706055,18.809999465942383,18.010000228881836,18.284999847412109,5,0,0,2022-02-14,2022-02-18,0,True,True
2022-02-25,18.350000381469727,18.454999923706055,16.545000076293945,17.645000457763672,5,0,0,2022-02-21,2022-02-25,0,True,True
2022-03-04,17.200000762939453,17.260000228881836,14.614999771118164,14.829999923706055,5,0,0,2022-02-28,2022-03-04,0,True,True
2022-03-11,14.359999656677246,16.764999389648438,13.904999732971191,16.420000076293945,5,0,0,2022-03-07,2022-03-11,0,True,True
2022-03-18,16.565000534057617,17.444999694824219,16.485000610351562,16.915000915527344,5,0,0,2022-03-14,2022-03-18,0,True,True
2022-03-25,16.989999771118164,18.325000762939453,16.895000457763672,18.104999542236328,5,0,0,2022-03-21,2022-03-25,0,True,True
2022-04-01,18.184999465942383,19.014999389648438,17.674999237060547,18.149999618530273,5,0,0,2022-03-28,2022-04-01,0,True,True
2022-04-08,18.149999618530273,19.319999694824219,17.950000762939453,18.924999237060547,5,0,0,2022-04-04,2022-04-08,0,True,True
2022-04-15,18.879999160766602,19.684999465942383,18.620000839233398,19.635000228881836,4,0,0,2022-04-11,2022-04-14,0,True,True
2022-04-22,19.600000381469727,20.010000228881836,18.424999237060547,18.450000762939453,4,0,0,2022-04-19,2022-04-22,0,True,True
2022-04-29,18.069999694824219,18.989999771118164,17.389999389648438,18.895000457763672,5,0,0,2022-04-25,2022-04-29,0,True,True
2022-05-06,18.805000305175781,19.225000381469727,16.129999160766602,17.950000762939453,5,0,0,2022-05-02,2022-05-06,0,True,True
2022-05-13,17.700000762939453,18.319999694824219,17.219999313354492,17.350000381469727,5,0,0,2022-05-09,2022-05-13,0,True,True
2022-05-20,17.274999618530273,18.469999313354492,17.159999847412109,17.795000076293945,5,0,0,2022-05-16,2022-05-20,0,True,True
2022-05-27,17.934999465942383,18.805000305175781,17.795000076293945,18.784999847412109,4,0,0,2022-05-23,2022-05-27,0,True,True
2022-06-03,18.850000381469727,19.090000152587891,17.305000305175781,17.459999084472656,5,0,0,2022-05-30,2022-06-03,0,True,True
2022-06-10,17.665000915527344,18.139999389648438,16.334999084472656,16.659999847412109,5,0,0,2022-06-06,2022-06-10,0,True,True
2022-06-17,16.739999771118164,16.764999389648438,15.015000343322754,15.295000076293945,5,0,0,2022-06-13,2022-06-17,0,True,True
2022-06-24,15.350000381469727,16.229999542236328,15.079999923706055,15.199999809265137,4,0,0,2022-06-20,2022-06-23,0,True,True
2022-07-01,15.425000190734863,16.165000915527344,14.710000038146973,14.970000267028809,5,0,0,2022-06-27,2022-07-01,0,True,True
2022-07-08,15.079999923706055,15.670000076293945,14.649999618530273,15.5,5,0,0,2022-07-04,2022-07-08,0,True,True
2022-07-15,15.220000267028809,15.609999656677246,14.859999656677246,15.5,5,0,0,2022-07-11,2022-07-15,0,True,True
2022-07-22,15.630000114440918,16.485000610351562,14.619999885559082,14.789999961853027,5,0,0,2022-07-18,2022-07-22,0,True,True
2022-07-29,14.789999961853027,15.185000419616699,14.420000076293945,15.060000419616699,5,0,0,2022-07-25,2022-07-29,0,True,True
2022-08-05,15.060000419616699,15.310000419616699,14.649999618530273,15.029999732971191,5,0,0,2022-08-01,2022-08-05,0,True,True
2022-08-12,15.119999885559082,15.814999580383301,14.994999885559082,15.625,5,0,0,2022-08-08,2022-08-12,0,True,True
2022-08-19,15.699999809265137,15.725000381469727,15.204999923706055,15.534999847412109,5,0,0,2022-08-15,2022-08-19,0,True,True
2022-08-26,15.534999847412109,15.720000267028809,14.755000114440918,14.890000343322754,5,0,0,2022-08-22,2022-08-26,0,True,True
2022-09-02,14.699999809265137,14.965000152587891,14.284999847412109,14.564999580383301,5,0,0,2022-08-29,2022-09-02,0,True,True
2022-09-09,14.329999923706055,14.350000381469727,13.779999732971191,14.140000343322754,5,0,0,2022-09-05,2022-09-09,0,True,True
2022-09-16,14.220000267028809,15.164999961853027,14.029999732971191,14.395000457763672,5,0,0,2022-09-12,2022-09-16,0,True,True
2022-09-23,14.395000457763672,14.614999771118164,12.935000419616699,13.069999694824219,5,0,0,2022-09-19,2022-09-23,0,True,True
2022-09-30,12.975000381469727,13.359999656677246,12.659999847412109,13.090000152587891,5,0,0,2022-09-26,2022-09-30,0,True,True
2022-10-07,12.994999885559082,14.050000190734863,12.819999694824219,13.164999961853027,5,0,0,2022-10-03,2022-10-07,0,True,True
2022-10-14,13.045000076293945,13.949999809265137,12.944999694824219,13.744999885559082,5,0,0,2022-10-10,2022-10-14,0,True,True
2022-10-21,13.765000343322754,14.439999580383301,12.875,13.619999885559082,5,0,0,2022-10-17,2022-10-21,0,True,True
2022-10-28,13.850000381469727,14.145000457763672,13.140000343322754,13.305000305175781,5,0,0,2022-10-24,2022-10-28,0,True,True
2022-11-04,13.335000038146973,13.975000381469727,12.984999656677246,13.925000190734863,5,0,0,2022-10-31,2022-11-04,0,True,True
2022-11-11,13.840000152587891,14.590000152587891,13.720000267028809,14.289999961853027,5,0,0,2022-11-07,2022-11-11,0,True,True
2022-11-18,14.324999809265137,14.439999580383301,13.744999885559082,14.140000343322754,5,0,0,2022-11-14,2022-11-18,0,True,True
2022-11-25,14.095000267028809,14.244999885559082,13.770000457763672,14.050000190734863,5,0,0,2022-11-21,2022-11-25,0,True,True
2022-12-02,14.029999732971191,14.444999694824219,13.75,14.324999809265137,5,0,0,2022-11-28,2022-12-02,0,True,True
2022-12-09,14.324999809265137,14.840000152587891,14.185000419616699,14.715000152587891,4,0,0,2022-12-05,2022-12-09,0,True,True
2022-12-16,14.649999618530273,14.649999618530273,12.854999542236328,13.140000343322754,5,0,0,2022-12-12,2022-12-16,0,True,True
2022-12-23,13.074999809265137,13.614999771118164,12.954999923706055,13.425000190734863,5,0,0,2022-12-19,2022-12-23,0,True,True
2022-12-30,13.539999961853027,13.595000267028809,13.149999618530273,13.149999618530273,4,0,0,2022-12-27,2022-12-30,0,True,True
2023-01-06,13.279999732971191,13.909999847412109,13.265000343322754,13.890000343322754,4,0,0,2023-01-02,2023-01-05,0,True,True
2023-01-13,14.069999694824219,14.265000343322754,13.814999580383301,14.095000267028809,5,0,0,2023-01-09,2023-01-13,0,True,True
2023-01-20,14.164999961853027,14.210000038146973,13.680000305175781,13.699999809265137,5,0,0,2023-01-16,2023-01-20,0,True,True
2023-01-27,13.75,14.170000076293945,13.399999618530273,13.569999694824219,5,0,0,2023-01-23,2023-01-27,0,True,True
2023-02-03,13.5,14.255000114440918,12.810000419616699,14.159999847412109,5,0,0,2023-01-30,2023-02-03,0,True,True
2023-02-10,14.149999618530273,14.354999542236328,13.385000228881836,13.430000305175781,5,0,0,2023-02-06,2023-02-10,0,True,True
2023-02-17,13.444999694824219,14.149999618530273,13.390000343322754,13.449999809265137,5,0,0,2023-02-13,2023-02-17,0,True,True
2023-02-24,13.534999847412109,13.680000305175781,12.965000152587891,12.965000152587891,5,0,0,2023-02-20,2023-02-24,0,True,True
2023-03-03,13,13.670000076293945,12.994999885559082,13.649999618530273,5,0,0,2023-02-27,2023-03-03,0,True,True
2023-03-10,13.649999618530273,13.654999732971191,12.619999885559082,12.710000038146973,5,0,0,2023-03-06,2023-03-10,0,True,True
2023-03-17,12.710000038146973,12.765000343322754,11.215000152587891,11.305000305175781,5,0,0,2023-03-13,2023-03-17,0,True,True
2023-03-24,11.300000190734863,12.085000038146973,10.989999771118164,11.850000381469727,5,0,0,2023-03-20,2023-03-24,0,True,True
2023-03-31,11.944999694824219,12.164999961853027,11.630000114440918,11.979999542236328,5,0,0,2023-03-27,2023-03-31,0,True,True
2023-04-07,12.024999618530273,12.085000038146973,11.574999809265137,11.784999847412109,4,0,0,2023-04-03,2023-04-06,0,True,True
2023-04-14,11.899999618530273,11.979999542236328,11.404999732971191,11.534999847412109,4,0,0,2023-04-11,2023-04-14,0,True,True
2023-04-21,11.609999656677246,11.810000419616699,10.895000457763672,11.039999961853027,5,0,0,2023-04-17,2023-04-21,0,True,True
2023-04-28,11.024999618530273,11.5,10.885000228881836,11.5,5,0,0,2023-04-24,2023-04-28,0,True,True
2023-05-05,11.649999618530273,12.090000152587891,11.590000152587891,12.034999847412109,4,0,0,2023-05-02,2023-05-05,0,True,True
2023-05-12,12.079999923706055,12.239999771118164,11.625,11.704999923706055,5,0,0,2023-05-08,2023-05-12,0,True,True
2023-05-19,11.704999923706055,11.875,11.505000114440918,11.734999656677246,4,0,0,2023-05-15,2023-05-19,0,True,True
2023-05-26,11.734999656677246,12.25,11.609999656677246,12.029999732971191,5,0,0,2023-05-22,2023-05-26,0,True,True
2023-06-02,12.074999809265137,12.444999694824219,11.770000457763672,12.404999732971191,5,0,0,2023-05-29,2023-06-02,0,True,True
2023-06-09,12.505000114440918,12.755000114440918,12.319999694824219,12.399999618530273,5,0,0,2023-06-05,2023-06-09,0,True,True
2023-06-16,12.399999618530273,12.640000343322754,11.649999618530273,11.824999809265137,5,0,0,2023-06-12,2023-06-16,0,True,True
2023-06-23,11.734999656677246,11.744999885559082,10.484999656677246,10.550000190734863,4,0,0,2023-06-19,2023-06-22,0,True,True
2023-06-30,10.5,10.725000381469727,10.244999885559082,10.625,5,0,0,2023-06-26,2023-06-30,0,True,True
2023-07-07,10.659999847412109,11.140000343322754,10.640000343322754,10.854999542236328,5,0,0,2023-07-03,2023-07-07,0,True,True
2023-07-14,10.814999580383301,11.645000457763672,10.729999542236328,11.430000305175781,5,0,0,2023-07-10,2023-07-14,0,True,True
2023-07-21,11.300000190734863,11.725000381469727,10.104999542236328,10.104999542236328,5,0,0,2023-07-17,2023-07-21,0,True,True
2023-07-28,10.010000228881836,11.375,9.9099998474121094,11.034999847412109,5,0,0,2023-07-24,2023-07-28,0,True,True
2023-08-04,11.034999847412109,11.300000190734863,10.765000343322754,11.140000343322754,5,0,0,2023-07-31,2023-08-04,0,True,True
2023-08-11,11.100000381469727,11.125,10.779999732971191,10.819999694824219,5,0,0,2023-08-07,2023-08-11,0,True,True
2023-08-18,10.760000228881836,10.944999694824219,10.550000190734863,10.704999923706055,5,0,0,2023-08-14,2023-08-18,0,True,True
2023-08-25,10.729999542236328,11.319999694824219,10.699999809265137,11.130000114440918,5,0,0,2023-08-21,2023-08-25,0,True,True
2023-09-01,11.114999771118164,12.024999618530273,11.114999771118164,11.854999542236328,5,0,0,2023-08-28,2023-09-01,0,True,True
2023-09-08,11.925000190734863,12.024999618530273,11.364999771118164,11.399999618530273,5,0,0,2023-09-04,2023-09-08,0,True,True
2023-09-15,11.414999961853027,12.395000457763672,11.414999961853027,12.164999961853027,5,0,0,2023-09-11,2023-09-15,0,True,True
2023-09-22,12.154999732971191,12.25,11.185000419616699,11.479999542236328,5,0,0,2023-09-18,2023-09-22,0,True,True
2023-09-29,11.420000076293945,11.989999771118164,11.399999618530273,11.890000343322754,5,0,0,2023-09-25,2023-09-29,0,True,True
2023-10-06,11.890000343322754,12.085000038146973,11.069999694824219,11.765000343322754,5,0,0,2023-10-02,2023-10-06,0,True,True
2023-10-13,11.755000114440918,12.699999809265137,11.685000419616699,12.140000343322754,5,0,0,2023-10-09,2023-10-13,0,True,True
2023-10-20,12.239999771118164,12.310000419616699,10.770000457763672,10.770000457763672,5,0,0,2023-10-16,2023-10-20,0,True,True
2023-10-27,10.770000457763672,11.340000152587891,10.534999847412109,11.060000419616699,5,0,0,2023-10-23,2023-10-27,0,True,True
2023-11-03,11.100000381469727,11.765000343322754,11.074999809265137,11.765000343322754,5,0,0,2023-10-30,2023-11-03,0,True,True
2023-11-10,11.699999809265137,12.305000305175781,11.689999580383301,11.914999961853027,5,0,0,2023-11-06,2023-11-10,0,True,True
2023-11-17,11.939999580383301,12.515000343322754,11.699999809265137,12.175000190734863,5,0,0,2023-11-13,2023-11-17,0,True,True
2023-11-24,12.175000190734863,12.260000228881836,11.550000190734863,11.680000305175781,5,0,0,2023-11-20,2023-11-24,0,True,True
2023-12-01,11.630000114440918,12.149999618530273,11.449999809265137,11.994999885559082,5,0,0,2023-11-27,2023-12-01,0,True,True
2023-12-08,11.965000152587891,12.069999694824219,11.489999771118164,12.005000114440918,4,0,0,2023-12-04,2023-12-08,0,True,True
2023-12-15,11.899999618530273,12.560000419616699,11.279999732971191,12.494999885559082,5,0,0,2023-12-11,2023-12-15,0,True,True
2023-12-22,12.425000190734863,12.875,12.324999809265137,12.699999809265137,5,0,0,2023-12-18,2023-12-22,0,True,True
2023-12-29,12.680000305175781,12.779999732971191,12.520000457763672,12.524999618530273,3,0,0,2023-12-27,2023-12-29,0,True,True
2024-01-05,12.529999732971191,12.800000190734863,12.390000343322754,12.675000190734863,4,0,0,2024-01-02,2024-01-05,0,True,True
2024-01-12,12.534999847412109,12.805000305175781,12.149999618530273,12.515000343322754,5,0,0,2024-01-08,2024-01-12,0,True,True
2024-01-19,12.5,12.524999618530273,11.545000076293945,11.555000305175781,5,0,0,2024-01-15,2024-01-19,0,True,True
2024-01-26,11.590000152587891,12.104999542236328,11.399999618530273,12.060000419616699,5,0,0,2024-01-22,2024-01-26,0,True,True
2024-02-02,11.960000038146973,11.989999771118164,11.020000457763672,11.390000343322754,5,0,0,2024-01-29,2024-02-02,0,True,True
2024-02-09,11.319999694824219,11.420000076293945,11.125,11.215000152587891,5,0,0,2024-02-05,2024-02-09,0,True,True
2024-02-16,11.255000114440918,11.329999923706055,10.710000038146973,11.199999809265137,5,0,0,2024-02-12,2024-02-16,0,True,True
2024-02-23,11.090000152587891,11.300000190734863,11.020000457763672,11.199999809265137,5,0,0,2024-02-19,2024-02-23,0,True,True
2024-03-01,11.170000076293945,11.859999656677246,11,11.789999961853027,5,0,0,2024-02-26,2024-03-01,0,True,True
2024-03-08,11.789999961853027,11.814999580383301,11.024999618530273,11.689999580383301,5,0,0,2024-03-04,2024-03-08,0,True,True
2024-03-15,11.649999618530273,11.904999732971191,11.505000114440918,11.784999847412109,5,0,0,2024-03-11,2024-03-15,0,True,True
2024-03-22,11.800000190734863,12.760000228881836,11.645000457763672,12.664999961853027,5,0,0,2024-03-18,2024-03-22,0,True,True
2024-03-29,12.600000381469727,12.984999656677246,12.600000381469727,12.885000228881836,4,0,0,2024-03-25,2024-03-28,0,True,True
2024-04-05,12.979999542236328,13.310000419616699,12.800000190734863,13.090000152587891,4,0,0,2024-04-02,2024-04-05,0,True,True
2024-04-12,13.064999580383301,13.260000228881836,12.635000228881836,12.670000076293945,5,0,0,2024-04-08,2024-04-12,0,True,True
2024-04-19,12.670000076293945,12.840000152587891,12.284999847412109,12.774999618530273,5,0,0,2024-04-15,2024-04-19,0,True,True
2024-04-26,12.774999618530273,13.350000381469727,12.180000305175781,12.710000038146973,5,0,0,2024-04-22,2024-04-26,0,True,True
2024-05-03,12.765000343322754,13.069999694824219,12.484999656677246,12.899999618530273,4,0,0,2024-04-29,2024-05-03,0,True,True
2024-05-10,12.899999618530273,13.210000038146973,12.75,13.114999771118164,4,0,0,2024-05-06,2024-05-10,0,True,True
2024-05-17,13.130000114440918,14.220000267028809,13.045000076293945,13.755000114440918,5,0,0,2024-05-13,2024-05-17,0,True,True
2024-05-24,13.779999732971191,14.034999847412109,13.279999732971191,13.414999961853027,5,0,0,2024-05-20,2024-05-24,0,True,True
2024-05-31,13.414999961853027,13.819999694824219,13.180000305175781,13.409999847412109,5,0,0,2024-05-27,2024-05-31,0,True,True
2024-06-07,13.539999961853027,13.640000343322754,12.664999961853027,12.779999732971191,5,0,0,2024-06-03,2024-06-07,0,True,True
2024-06-14,12.664999961853027,12.864999771118164,12.305000305175781,12.385000228881836,5,0,0,2024-06-10,2024-06-14,0,True,True
2024-06-21,12.380000114440918,12.689999580383301,12.175000190734863,12.659999847412109,4,0,0,2024-06-17,2024-06-20,0,True,True
2024-06-28,12.560000419616699,12.960000038146973,12.409999847412109,12.755000114440918,5,0,0,2024-06-24,2024-06-28,0,True,True
2024-07-05,13.064999580383301,13.104999542236328,12.470000267028809,12.600000381469727,5,0,0,2024-07-01,2024-07-05,0,True,True
2024-07-12,12.619999885559082,12.699999809265137,12.319999694824219,12.560000419616699,5,0,0,2024-07-08,2024-07-12,0,True,True
2024-07-19,12.5,12.800000190734863,12.310000419616699,12.659999847412109,5,0,0,2024-07-15,2024-07-19,0,True,True
2024-07-26,12.675000190734863,12.949999809265137,11.425000190734863,11.449999809265137,5,0,0,2024-07-22,2024-07-26,0,True,True
2024-08-02,11.460000038146973,11.720000267028809,10.75,10.854999542236328,5,0,0,2024-07-29,2024-08-02,0,True,True
2024-08-09,10.5,10.850000381469727,10.305000305175781,10.760000228881836,5,0,0,2024-08-05,2024-08-09,0,True,True
2024-08-16,10.789999961853027,11.135000228881836,10.654999732971191,11.064999580383301,5,0,0,2024-08-12,2024-08-16,0,True,True
2024-08-23,11.064999580383301,11.550000190734863,11.039999961853027,11.5,5,0,0,2024-08-19,2024-08-23,0,True,True
2024-08-30,11.484999656677246,11.755000114440918,11.399999618530273,11.694999694824219,5,0,0,2024-08-26,2024-08-30,0,True,True
2024-09-06,11.670000076293945,11.770000457763672,10.845000267028809,10.859999656677246,5,0,0,2024-09-02,2024-09-06,0,True,True
2024-09-13,10.859999656677246,11.100000381469727,10.715000152587891,11.045000076293945,5,0,0,2024-09-09,2024-09-13,0,True,True
2024-09-20,10.994999885559082,11.579999923706055,10.779999732971191,10.819999694824219,5,0,0,2024-09-16,2024-09-20,0,True,True
2024-09-27,10.829999923706055,11.555000305175781,10.699999809265137,11.435000419616699,5,0,0,2024-09-23,2024-09-27,0,True,True
2024-10-04,11.414999961853027,12.194999694824219,11.265000343322754,11.994999885559082,5,0,0,2024-09-30,2024-10-04,0,True,True
2024-10-11,12.340000152587891,12.350000381469727,11.75,12.010000228881836,5,0,0,2024-10-07,2024-10-11,0,True,True
2024-10-18,12.020000457763672,12.079999923706055,10.654999732971191,10.840000152587891,5,0,0,2024-10-14,2024-10-18,0,True,True
2024-10-25,10.810000419616699,10.890000343322754,10.345000267028809,10.699999809265137,5,0,0,2024-10-21,2024-10-25,0,True,True
2024-11-01,10.710000038146973,10.840000152587891,10.159999847412109,10.380000114440918,5,0,0,2024-10-28,2024-11-01,0,True,True
2024-11-08,10.359999656677246,10.515000343322754,10.145000457763672,10.145000457763672,5,0,0,2024-11-04,2024-11-08,0,True,True
2024-11-15,10.170000076293945,10.25,9.6239995956420898,9.8159999847412109,5,0,0,2024-11-11,2024-11-15,0,True,True
2024-11-22,9.8159999847412109,9.8819999694824219,9.2100000381469727,9.3000001907348633,5,0,0,2024-11-18,2024-11-22,0,True,True
2024-11-29,9.3859996795654297,9.6660003662109375,9.0920000076293945,9.1920003890991211,5,0,0,2024-11-25,2024-11-29,0,True,True
2024-12-06,9.1680002212524414,9.7440004348754883,9.1120004653930664,9.7440004348754883,4,0,0,2024-12-02,2024-12-05,0,True,True
2024-12-13,9.9399995803833008,10.125,9.6420001983642578,9.6700000762939453,5,0,0,2024-12-09,2024-12-13,0,True,True
2024-12-20,9.6280002593994141,9.7559995651245117,8.9799995422363281,9.3500003814697266,5,0,0,2024-12-16,2024-12-20,0,True,True
2024-12-27,9.3199996948242188,9.7139997482299805,9.2720003128051758,9.6879997253417969,2,0,0,2024-12-23,2024-12-27,0,True,True
2025-01-03,9.6619997024536133,10.010000228881836,9.6059999465942383,9.8339996337890625,3,0,0,2024-12-30,2025-01-03,0,True,True
2025-01-10,9.9499998092651367,10.189999580383301,9.6120004653930664,9.6120004653930664,4,0,0,2025-01-07,2025-01-10,0,True,True
2025-01-17,9.5900001525878906,10.060000419616699,9.5360002517700195,10.005000114440918,5,0,0,2025-01-13,2025-01-17,0,True,True
2025-01-24,10.020000457763672,10.555000305175781,9.8979997634887695,10.395000457763672,5,0,0,2025-01-20,2025-01-24,0,True,True
2025-01-31,10.300000190734863,10.755000114440918,10.210000038146973,10.694999694824219,5,0,0,2025-01-27,2025-01-31,0,True,True
2025-02-07,10.430000305175781,10.869999885559082,10.335000038146973,10.489999771118164,5,0,0,2025-02-03,2025-02-07,0,True,True
2025-02-14,10.524999618530273,11.145000457763672,9.7239999771118164,10.920000076293945,5,0,0,2025-02-10,2025-02-14,0,True,True
2025-02-21,10.899999618530273,11.289999961853027,10.649999618530273,10.710000038146973,5,0,0,2025-02-17,2025-02-21,0,True,True
2025-02-28,10.864999771118164,10.979999542236328,10.135000228881836,10.364999771118164,5,0,0,2025-02-24,2025-02-28,0,True,True
2025-03-07,10.404999732971191,10.899999618530273,10.024999618530273,10.435000419616699,5,0,0,2025-03-03,2025-03-07,0,True,True
2025-03-14,10.449999809265137,10.475000381469727,9.6999998092651367,9.935999870300293,5,0,0,2025-03-10,2025-03-14,0,True,True
2025-03-21,9.9759998321533203,10.170000076293945,9.2340002059936523,9.314000129699707,5,0,0,2025-03-17,2025-03-21,0,True,True
2025-03-28,9.369999885559082,9.4200000762939453,8.824000358581543,9.0900001525878906,5,0,0,2025-03-24,2025-03-28,0,True,True
2025-04-04,8.9379997253417969,8.9960002899169922,8,8.1619997024536133,5,0,0,2025-03-31,2025-04-04,0,True,True
2025-04-11,7.1420001983642578,8.3459997177124023,7.0980000495910645,7.3920001983642578,5,0,0,2025-04-07,2025-04-11,0,True,True
2025-04-18,7.5999999046325684,7.7280001640319824,7.435999870300293,7.5539999008178711,4,0,0,2025-04-14,2025-04-17,0,True,True
2025-04-25,7.5479998588562012,8.425999641418457,7.4079999923706055,8.055999755859375,4,0,0,2025-04-22,2025-04-25,0,True,True
2025-05-02,8.0419998168945312,8.6319999694824219,7.9520001411437988,8.2379999160766602,4,0,0,2025-04-28,2025-05-02,0,True,True
2025-05-09,8.2379999160766602,8.5360002517700195,7.9460000991821289,8.4420003890991211,5,0,0,2025-05-05,2025-05-09,0,True,True
2025-05-16,8.5719995498657227,9.2259998321533203,8.5719995498657227,8.9879999160766602,5,0,0,2025-05-12,2025-05-16,0,True,True
2025-05-23,8.9379997253417969,9.685999870300293,8.6719999313354492,8.8500003814697266,5,0,0,2025-05-19,2025-05-23,0,True,True
2025-05-30,8.9659996032714844,9.1180000305175781,8.7899999618530273,8.9060001373291016,4,0,0,2025-05-26,2025-05-30,0,True,True
2025-06-06,8.8299999237060547,8.9460000991821289,8.5200004577636719,8.5200004577636719,5,0,0,2025-06-02,2025-06-06,0,True,True
2025-06-13,8.5200004577636719,8.8439998626708984,8.2639999389648438,8.3559999465942383,5,0,0,2025-06-09,2025-06-13,0,True,True
2025-06-20,8.3520002365112305,10.104999542236328,8.3299999237060547,9.6960000991821289,4,0,0,2025-06-16,2025-06-19,0,True,True
2025-06-27,9.6079998016357422,9.6140003204345703,8.9239997863769531,9.5,5,0,0,2025-06-23,2025-06-27,0,True,True
2025-07-04,9.4639997482299805,9.6700000762939453,9.0159997940063477,9.2740001678466797,5,0,0,2025-06-30,2025-07-04,0,True,True
2025-07-11,9.0520000457763672,9.675999641418457,8.9739999771118164,9.3520002365112305,5,0,0,2025-07-07,2025-07-11,0,True,True
2025-07-18,9.2880001068115234,9.5240001678466797,8.6820001602172852,8.7740001678466797,5,0,0,2025-07-14,2025-07-18,0,True,True
2025-07-25,8.8199996948242188,9.8920001983642578,8.6840000152587891,9.824000358581543,5,0,0,2025-07-21,2025-07-25,0,True,True
2025-08-01,9.9820003509521484,9.9820003509521484,8.9379997253417969,9.0019998550415039,5,0,0,2025-07-28,2025-08-01,0,True,True
2025-08-08,9.0480003356933594,10.085000038146973,8.9160003662109375,10.015000343322754,5,0,0,2025-08-04,2025-08-08,0,True,True
2025-08-15,10,10.145000457763672,9.7100000381469727,9.8360004425048828,5,0,0,2025-08-11,2025-08-15,0,True,True
2025-08-22,9.8360004425048828,10.465000152587891,9.6599998474121094,10.444999694824219,5,0,0,2025-08-18,2025-08-22,0,True,True
2025-08-29,10.444999694824219,10.534999847412109,9.8859996795654297,9.9779996871948242,5,0,0,2025-08-25,2025-08-29,0,True,True
2025-09-05,9.9820003509521484,10.125,9.6079998016357422,9.7279996871948242,5,0,0,2025-09-01,2025-09-05,0,True,True
2025-09-12,9.7279996871948242,10.064999580383301,9.4040002822875977,9.4960002899169922,5,0,0,2025-09-08,2025-09-12,0,True,True
2025-09-19,9.5039997100830078,10.029999732971191,9.3459997177124023,9.3599996566772461,5,0,0,2025-09-15,2025-09-19,0,True,True
2025-09-26,9.4200000762939453,9.7220001220703125,9.1459999084472656,9.2200002670288086,5,0,0,2025-09-22,2025-09-26,0,True,True
2025-10-03,9.3500003814697266,9.6499996185302734,9.1700000762939453,9.5520000457763672,5,0,0,2025-09-29,2025-10-03,0,True,True
2025-10-10,9.5,9.5,8.6280002593994141,8.6280002593994141,5,0,0,2025-10-06,2025-10-10,0,True,True
2025-10-17,8.6499996185302734,8.8660001754760742,8.4980001449584961,8.7279996871948242,5,0,0,2025-10-13,2025-10-17,0,True,True
2025-10-24,8.7259998321533203,9.8620004653930664,8.5539999008178711,9.805999755859375,5,0,0,2025-10-20,2025-10-24,0,True,True
2025-10-31,9.8420000076293945,10.220000267028809,9.5459995269775391,10.100000381469727,5,0,0,2025-10-27,2025-10-31,0,True,True
2025-11-07,10,10.244999885559082,9.8280000686645508,10.029999732971191,5,0,0,2025-11-03,2025-11-07,0,True,True
2025-11-14,10.140000343322754,11,10.029999732971191,10.239999771118164,5,0,0,2025-11-10,2025-11-14,0,True,True
2025-11-21,10.239999771118164,10.244999885559082,9.3940000534057617,9.6540002822875977,5,0,0,2025-11-17,2025-11-21,0,True,True
2025-11-28,9.7620000839233398,10.229999542236328,9.6660003662109375,10.130000114440918,5,0,0,2025-11-24,2025-11-28,0,True,True
2025-12-05,10.079999923706055,10.475000381469727,9.8900003433227539,10.300000190734863,5,0,0,2025-12-01,2025-12-05,0,True,True
2025-12-12,10.295000076293945,10.529999732971191,10.045000076293945,10.135000228881836,5,0,0,2025-12-08,2025-12-12,0,True,True
2025-12-19,10.135000228881836,10.430000305175781,10.039999961853027,10.295000076293945,5,0,0,2025-12-15,2025-12-19,0,True,True
2025-12-26,10.295000076293945,10.390000343322754,10.244999885559082,10.314999580383301,2,0,0,2025-12-22,2025-12-23,0,True,True
2026-01-02,10.335000038146973,10.895000457763672,10.335000038146973,10.819999694824219,3,0,0,2025-12-29,2026-01-02,0,True,True
2026-01-09,10.899999618530273,11.029999732971191,10.380000114440918,10.729999542236328,4,0,0,2026-01-05,2026-01-09,0,True,True
2026-01-16,10.789999961853027,10.904999732971191,10.444999694824219,10.585000038146973,5,0,0,2026-01-12,2026-01-16,0,True,True
2026-01-23,10.359999656677246,10.590000152587891,9.8360004425048828,10.399999618530273,5,0,0,2026-01-19,2026-01-23,0,True,True
2026-01-30,10.430000305175781,10.590000152587891,9.6739997863769531,9.7379999160766602,5,0,0,2026-01-26,2026-01-30,0,True,True
2026-02-06,9.5920000076293945,10.675000190734863,9.5220003128051758,10.675000190734863,5,0,0,2026-02-02,2026-02-06,0,True,True
2026-02-13,10.770000457763672,12.260000228881836,10.680000305175781,11.619999885559082,5,0,0,2026-02-09,2026-02-13,0,True,True
2026-02-20,11.670000076293945,11.680000305175781,11.194999694824219,11.289999961853027,5,0,0,2026-02-16,2026-02-20,0,True,True
2026-02-27,11.319999694824219,11.510000228881836,11.145000457763672,11.505000114440918,5,0,0,2026-02-23,2026-02-27,0,True,True
2026-03-06,11.300000190734863,11.310000419616699,10.470000267028809,10.654999732971191,5,0,0,2026-03-02,2026-03-06,0,True,True
2026-03-13,10.399999618530273,10.819999694824219,10.244999885559082,10.274999618530273,5,0,0,2026-03-09,2026-03-13,0,True,True
2026-03-20,10.239999771118164,10.460000038146973,9.5760002136230469,9.5760002136230469,5,0,0,2026-03-16,2026-03-20,0,True,True
2026-03-27,9.3159999847412109,10.199999809265137,9.2659997940063477,9.8479995727539062,5,0,0,2026-03-23,2026-03-27,0,True,True
2026-04-03,9.9499998092651367,10.399999618530273,9.8479995727539062,10.050000190734863,4,0,0,2026-03-30,2026-04-02,0,True,True
2026-04-10,10.100000381469727,10.449999809265137,9.8400001525878906,10.345000267028809,4,0,0,2026-04-07,2026-04-10,0,True,True
2026-04-17,10.265000343322754,10.550000190734863,10.175000190734863,10.520000457763672,5,0,0,2026-04-13,2026-04-17,0,True,True
2026-04-24,10.414999961853027,10.5,9.6520004272460938,9.6719999313354492,5,0,0,2026-04-20,2026-04-24,0,True,True
2026-05-01,9.6719999313354492,9.6719999313354492,9.2799997329711914,9.4600000381469727,4,0,0,2026-04-27,2026-04-30,0,True,True
2026-05-08,9.5240001678466797,10.215000152587891,9.3540000915527344,9.5900001525878906,5,0,0,2026-05-04,2026-05-08,0,True,True
2026-05-15,9.5900001525878906,9.7659997940063477,9.3479995727539062,9.4860000610351562,4,0,0,2026-05-11,2026-05-15,0,True,True
2026-05-22,9.3879995346069336,9.9160003662109375,9.324000358581543,9.7539997100830078,5,0,0,2026-05-18,2026-05-22,0,True,True
2026-05-29,9.7980003356933594,10.154999732971191,9.7980003356933594,10.045000076293945,5,0,0,2026-05-25,2026-05-29,0,True,True
2026-06-05,10.045000076293945,10.229999542236328,9.869999885559082,10.100000381469727,5,0,0,2026-06-01,2026-06-05,0,True,True
2026-06-12,9.9739999771118164,10.234999656677246,9.4499998092651367,9.6520004272460938,5,0,0,2026-06-08,2026-06-12,0,True,True
2026-06-19,9.8260002136230469,10.130000114440918,9.4219999313354492,9.6319999694824219,4,0,0,2026-06-15,2026-06-18,0,True,True
2026-06-26,9.6660003662109375,9.7200002670288086,9.1140003204345703,9.2480001449584961,5,0,0,2026-06-22,2026-06-26,0,True,True
2026-07-03,9.2480001449584961,9.4079999923706055,9.064000129699707,9.3940000534057617,5,0,0,2026-06-29,2026-07-03,0,True,True
2026-07-10,9.3540000915527344,9.6160001754760742,9.1239995956420898,9.4420003890991211,5,0,0,2026-07-06,2026-07-10,0,True,True
2026-07-17,9.3680000305175781,9.8299999237060547,9.2119998931884766,9.7720003128051758,5,0,0,2026-07-13,2026-07-17,0,True,True
2026-07-24,9.7440004348754883,10.109999656677246,8.7320003509521484,9.380000114440918,5,0,0,2026-07-20,2026-07-24,0,True,True
2026-07-31,9.4799995422363281,10.270000457763672,9.4420003890991211,9.9379997253417969,5,0,0,2026-07-27,2026-07-31,0,True,True
2026-08-07,9.9580001831054688,10.215000152587891,9.6520004272460938,9.7559995651245117,5,0,0,2026-08-03,2026-08-07,0,True,True
2026-08-14,9.7559995651245117,9.8260002136230469,9.5360002517700195,9.5880002975463867,5,0,0,2026-08-10,2026-08-14,0,True,True
2026-08-21,9.5880002975463867,9.8660001754760742,9.3360004425048828,9.8219995498657227,5,0,0,2026-08-17,2026-08-21,0,True,True
2026-08-28,9.8219995498657227,10.260000228881836,9.7779998779296875,10.109999656677246,5,0,0,2026-08-24,2026-08-28,0,True,True
2026-09-04,10.109999656677246,10.335000038146973,9.9499998092651367,10.180000305175781,5,0,0,2026-08-31,2026-09-04,0,True,True
