asset,rule,direction,horizon,period,formed,n,mean,median,sd,q25,q75,positive,baseline,excess,ci_low,ci_high
NQ_YAHOO,breakout_1,-1,1,all,210,205,-0.0054921333170926678,-0.0032199393735263815,0.039085271528437708,-0.030523255813953432,0.018407285409804297,0.44878048780487806,-0.0019007540581891537,-0.0035913792589035171,,
NQ_YAHOO,fvg_raw,-1,1,all,90,89,-0.001946006666612808,0.00098192109975159259,0.036279036952812732,-0.02236523259047396,0.025593494729297173,0.5280898876404494,-0.0019919885291396012,4.5981862526792677e-05,,
NQ_YAHOO,breakout_1,1,1,all,412,409,0.00037369321234713242,0.0025051825813762196,0.024576486179173133,-0.012260295504558316,0.015754009680174708,0.55990220048899753,0.0025694244672208647,-0.0021957312548737322,,
NQ_YAHOO,sweep_4,1,1,all,144,141,0.002854495517447311,0.0026487727352992874,0.037355403148026156,-0.021117682741886523,0.022487130858845905,0.55319148936170215,0.0020539371350489096,0.00080055838239840226,,
NQ_YAHOO,breakout_4,-1,1,all,117,113,-0.0082370617337429661,-0.0043136596275048511,0.039293621916564339,-0.039029829941455318,0.016974169741697409,0.40707964601769914,-0.0019849865669738058,-0.006252075166769162,,
NQ_YAHOO,sweep_1,1,1,all,210,205,0.0051288628511155232,0.0068945670811400017,0.03171967757453683,-0.012917295755745628,0.022519760717185644,0.6097560975609756,0.002351329527319273,0.0027775333237962507,,
NQ_YAHOO,sweep_1,-1,1,all,230,227,-0.0013323194768649553,-0.0019632752049889568,0.031888432177481149,-0.018278715671445234,0.013233682637846189,0.46255506607929514,-0.0020859248352844521,0.0007536053584194963,,
NQ_YAHOO,sweep_13,1,1,all,59,57,0.0039496494768447845,0.003649205414949952,0.042055081813121363,-0.024029477098832852,0.02236523259047396,0.57894736842105265,0.0017036931059519504,0.0022459563708928333,,
NQ_YAHOO,sweep_4,-1,1,all,219,217,-0.00056461881290839047,-0.0019850598129864672,0.02733693524798721,-0.017202692595362779,0.013972536738135366,0.46082949308755761,-0.0024200433099628785,0.0018554244970544875,,
NQ_YAHOO,fvg_disp,-1,1,all,59,58,-0.0032083688277206755,-0.0011784817000413117,0.034044950573459236,-0.021991906030993935,0.019293179950698458,0.5,-0.0020612846467857053,-0.00114708418093497,,
NQ_YAHOO,sweep_fvg,-1,1,all,24,24,0.002073380229912413,0.0053403333736269931,0.040391469606047899,-0.011367990355279856,0.022236635738739186,0.625,-0.0019590209572756465,0.0040324011871880616,,
NQ_YAHOO,breakout_13,-1,1,all,48,46,-0.013038853718716553,-0.012537892631955594,0.045369097219895627,-0.040825465531569682,0.012736491848719972,0.32608695652173914,-0.0018395610189081068,-0.011199292699808449,,
NQ_YAHOO,breakout_4,1,1,all,305,302,0.00054452308392304201,0.0018764679545960616,0.021034149981752313,-0.01156809320787891,0.014019894167762559,0.55629139072847678,0.0027641848990402167,-0.0022196618151171747,,
NQ_YAHOO,fvg_raw,1,1,all,214,211,0.0026910669693720954,0.0030455696923121778,0.019751509801508266,-0.0094422087628556195,0.014536899810204118,0.58767772511848337,0.0027471615488053095,-5.609457943321397e-05,,
NQ_YAHOO,sweep_13,-1,1,all,146,145,-0.0013020349758298838,-0.0047518961893446843,0.025732258392055885,-0.017202692595362779,0.01202354611113432,0.44137931034482758,-0.0028399839134457959,0.0015379489376159126,,
NQ_YAHOO,breakout_13,1,1,all,208,206,0.00042269249498676475,0.0018529209890045806,0.018559548338881564,-0.010029694330464162,0.012055576102085741,0.56796116504854366,0.0031301218629717401,-0.0027074293679849744,,
NQ_YAHOO,fvg_disp,1,1,all,123,121,0.0027477368995586027,0.0029806851601621442,0.019184971229147377,-0.0095919272565979652,0.014466546112115841,0.58677685950413228,0.0030389530283808424,-0.00029121612882223924,,
NQ_YAHOO,sweep_fvg,1,1,all,51,51,0.00144003894288413,0.0011024007839295358,0.020533582732445908,-0.011375428463201498,0.01524346879750027,0.52941176470588236,0.0030290447320489087,-0.0015890057891647788,,
NQ_YAHOO,sweep_52,-1,1,all,104,104,-0.0021338112446360876,-0.0065464529166592289,0.025281239151183476,-0.01721696680036866,0.010849923960237789,0.41346153846153844,-0.0032522446721401045,0.0011184334275040171,,
NQ_YAHOO,breakout_52,1,1,all,149,149,-0.00051894220897215262,0.00091779205454312063,0.017790115291664969,-0.010122579383190944,0.010405520091509635,0.53020134228187921,0.0035252134844296207,-0.0040441556934017716,,
NQ_YAHOO,breakout_52,-1,1,all,8,8,-0.013135556909680782,0.0016706676219812033,0.045680634955394178,-0.045094230085727827,0.015281710530276077,0.5,-0.0028661212903435219,-0.010269435619337261,,
NQ_YAHOO,sweep_52,1,1,all,8,8,0.012098371530245955,0.013022283571807236,0.033490627401634832,-0.010206197196624578,0.026430710714306305,0.625,0.0037784771400613554,0.0083198943901845995,,
NQ_YAHOO,breakout_1,-1,1,early,149,144,-0.0052596693427003106,-0.0045936202250900227,0.039535613523551651,-0.028075591862453841,0.016161057164936932,0.43055555555555558,-0.0010041295580608834,-0.004255539784639429,,
NQ_YAHOO,fvg_raw,-1,1,early,63,62,-0.0033513003587437064,0.0019459257774769312,0.035523198995551598,-0.025099419061245631,0.021583768511558576,0.54838709677419351,-0.001110486609427781,-0.0022408137493159256,,
NQ_YAHOO,breakout_1,1,1,early,269,266,-0.0014064963734006302,0.0010575259339818954,0.025426613158602372,-0.012747805508063731,0.014145194529136318,0.53383458646616544,0.001800950646443386,-0.0032074470198440157,,
NQ_YAHOO,sweep_4,1,1,early,102,99,0.002900855456350018,0.002950768752912003,0.039504049809931018,-0.020205143621747135,0.024007267314734571,0.56565656565656564,0.0012277402706749813,0.0016731151856750365,,
NQ_YAHOO,breakout_4,-1,1,early,84,80,-0.0068309801421398003,-0.0043596682684173826,0.03901913627886517,-0.034608688212980743,0.014708658714494088,0.41249999999999998,-0.0011454324977340474,-0.0056855476444057553,,
NQ_YAHOO,sweep_1,1,1,early,146,142,0.0063065292412509211,0.0069534943179501152,0.032160136222420151,-0.010839980809330074,0.022992215604411892,0.62676056338028174,0.0016078181735659494,0.0046987110676849709,,
NQ_YAHOO,sweep_1,-1,1,early,167,164,0.0010909942422523816,0.00076535175671044176,0.031223319636260835,-0.015464642865555045,0.014140763651338012,0.51829268292682928,-0.0013372828304610257,0.0024282770727134073,,
NQ_YAHOO,sweep_13,1,1,early,42,40,0.0014532452403769325,0.0025042639620659335,0.045775707898432411,-0.027996872342888612,0.020586001379815255,0.57499999999999996,0.00072152367871455608,0.00073172156166237574,,
NQ_YAHOO,sweep_4,-1,1,early,147,145,0.0021742840498162222,0.0013072910514232428,0.024943476411222184,-0.01379900701934611,0.014645372759606645,0.53103448275862064,-0.0016180664683649742,0.0037923505181811966,,
NQ_YAHOO,fvg_disp,-1,1,early,41,40,-0.0042455162655759661,0.00063686521748412828,0.034653207886405059,-0.023737549582456829,0.018164393316899452,0.52500000000000002,-0.001192533477625102,-0.0030529827879508644,,
NQ_YAHOO,sweep_fvg,-1,1,early,17,17,-0.00095457405607026499,0.0041914076143905188,0.039905697968456652,-0.0077022429435484874,0.019857573267597961,0.58823529411764708,-0.0011426618518581028,0.0001880877957878386,,
NQ_YAHOO,breakout_13,-1,1,early,33,31,-0.012367590199261634,-0.022222222222222143,0.045380096542650565,-0.04004600994828833,0.0069380567973498786,0.29032258064516131,-0.00080660931980807403,-0.011560980879453562,,
NQ_YAHOO,breakout_4,1,1,early,189,186,-0.00062875784120971427,0.001096506217648674,0.020938320798566772,-0.01133021114635141,0.013063862615092348,0.55376344086021501,0.0020018599923122553,-0.0026306178335219685,,
NQ_YAHOO,fvg_raw,1,1,early,142,139,0.0021305372162405346,0.0028964231333183932,0.018795342909335735,-0.0090165601392725447,0.013983111267150905,0.58273381294964033,0.0020850801037620645,4.5457112478470428e-05,,
NQ_YAHOO,sweep_13,-1,1,early,92,91,0.0021050651061801299,0.00098483356312784043,0.021776750170502974,-0.014310536160165976,0.014308954748871006,0.52747252747252749,-0.00211695490713525,0.00422202001331538,,
NQ_YAHOO,breakout_13,1,1,early,123,121,0.00043091401435648693,0.0016072002571521082,0.016923912254214014,-0.007106926946328862,0.011866808359900727,0.5950413223140496,0.0025183676719137955,-0.0020874536575573085,,
NQ_YAHOO,fvg_disp,1,1,early,75,73,0.0013253669561448869,0.0016072002571521082,0.01656340345796406,-0.0095919272565979652,0.01286814192645247,0.58904109589041098,0.00237844582063549,-0.0010530788644906028,,
NQ_YAHOO,sweep_fvg,1,1,early,31,31,0.0012850436578894383,0.0011024007839295358,0.018576230795328004,-0.010471273427320127,0.014213481845507081,0.54838709677419351,0.0023867712258305502,-0.0011017275679411117,,
NQ_YAHOO,sweep_52,-1,1,early,60,60,0.00095102479911415296,-3.1554923963950099e-05,0.019691690403890499,-0.01331959991101872,0.011503788737020543,0.5,-0.0026683641808781457,0.0036193889799922981,,
NQ_YAHOO,breakout_52,1,1,early,76,76,-0.00089521882592318535,0.00090270584511653595,0.013899731113366931,-0.0071438112811752219,0.0069235579775909772,0.55263157894736847,0.0030616986796174785,-0.0039569175055406648,,
NQ_YAHOO,breakout_52,-1,1,early,2,2,-0.015869350886604461,-0.015869350886604461,0.03562599801777834,-0.028465043279059243,-0.0032736584941496782,0.5,0.00040889983867075421,-0.016278250725275216,,
NQ_YAHOO,sweep_52,1,1,early,1,1,0.038627145085803338,0.038627145085803338,,0.038627145085803338,0.038627145085803338,1,0.0033591785526136133,0.035267966533189726,,
NQ_YAHOO,breakout_1,-1,1,late,61,61,-0.0060409007320516754,-0.00045055973382313041,0.038318384397974407,-0.03812932678912051,0.023541640073670211,0.49180327868852458,-0.0040989748484935992,-0.0019419258835580789,,
NQ_YAHOO,fvg_raw,-1,1,late,27,27,0.0012809640338359214,-0.001344588033166394,0.03845250385786074,-0.018892935681458556,0.029168333797570611,0.48148148148148145,-0.0041172759399630545,0.0053982399737989746,,
NQ_YAHOO,breakout_1,1,1,late,143,143,0.0036850948194024108,0.0058634420779599683,0.022626268722244876,-0.01069903408686973,0.016750525335845978,0.60839160839160844,0.0042288010727938993,-0.00054370625339148621,,
NQ_YAHOO,sweep_4,1,1,late,42,42,0.0027452185186052159,0.0013395128643652887,0.032166901128585952,-0.021805396273569089,0.02104852834346671,0.52380952380952384,0.0041970164099371073,-0.0014517978913318899,,
NQ_YAHOO,breakout_4,-1,1,late,33,33,-0.01164574438005367,-0.0043136596275048511,0.040353203955464712,-0.040092521202775622,0.017064460914217205,0.39393939393939392,-0.0041317742072310634,-0.0075139701728226078,,
NQ_YAHOO,sweep_1,1,1,late,63,62,0.0033663863414557355,0.007586638028083903,0.030209957245202507,-0.018530374490371898,0.022281833885227142,0.58064516129032262,0.0041661491312374741,-0.00079976278978173684,,
NQ_YAHOO,sweep_1,-1,1,late,63,63,-0.0076406282059958011,-0.0095580714562832902,0.032979697391266403,-0.027848688835737101,0.010382694259929326,0.31746031746031744,-0.0041628419228053708,-0.0034777862831904312,,
NQ_YAHOO,sweep_13,1,1,late,17,17,0.0098235417979456122,0.016513638045269508,0.032099695375591764,-0.022690416057423946,0.02236523259047396,0.58823529411764708,0.0040422260858698281,0.0057813157120757868,,
NQ_YAHOO,sweep_4,-1,1,late,72,72,-0.0060804648558954576,-0.0094511518038984388,0.031071644935209457,-0.022967162469621216,0.01025452402527155,0.31944444444444442,-0.0041172759399630537,-0.0019631889159324057,,
NQ_YAHOO,fvg_disp,-1,1,late,18,18,-0.00090359674359780714,-0.0073331200148700759,0.033514486075691949,-0.019592088341698732,0.02250769020693888,0.44444444444444442,-0.0041970164099371064,0.0032934196663392994,,
NQ_YAHOO,sweep_fvg,-1,1,late,7,7,0.0094269834958703447,0.013250276639864,0.043798782546439902,-0.0080169232695524451,0.028918419376956606,0.7142857142857143,-0.0043678888455957925,0.013794872341466136,,
NQ_YAHOO,breakout_13,-1,1,late,15,15,-0.014426131658923385,-0.0057533261416755632,0.046906093733518679,-0.060615722973923369,0.01895209812931703,0.40000000000000002,-0.0041491721279526749,-0.010276959530970709,,
NQ_YAHOO,breakout_4,1,1,late,116,116,0.0024258183604290132,0.0033125998812861823,0.021141349914257104,-0.012015696075997201,0.015712971611599069,0.56034482758620685,0.0042423859876809652,-0.0018165676272519514,,
NQ_YAHOO,fvg_raw,1,1,late,72,72,0.0037732007983344138,0.005363529224615915,0.02157434088538163,-0.0094369365871111444,0.017330635220389523,0.59722222222222221,0.00421695152743062,-0.00044375072909620612,,
NQ_YAHOO,sweep_13,-1,1,late,54,54,-0.0070436295584763884,-0.012236134106277663,0.030663277795437132,-0.027895785056115119,0.010054961108377919,0.29629629629629628,-0.0040641156266470182,-0.0029795139318293715,,
NQ_YAHOO,breakout_13,1,1,late,85,85,0.000410988920354572,0.0025618374558304957,0.020771825739165115,-0.015098537825810499,0.014585291543772083,0.52941176470588236,0.004227974474750565,-0.0038169855543959902,,
NQ_YAHOO,fvg_disp,1,1,late,48,48,0.0049109245218336289,0.0065171295591694989,0.022617230887472226,-0.0095204973047602059,0.018684418943693271,0.58333333333333337,0.0041073083812162977,0.00080361614061733261,,
NQ_YAHOO,sweep_fvg,1,1,late,20,20,0.001680281634625902,-0.001129911744688572,0.023761104234002021,-0.011904489084664627,0.016635669763472194,0.5,0.0041730942689448911,-0.0024928126343189885,,
NQ_YAHOO,sweep_52,-1,1,late,44,44,-0.0063404058497500519,-0.013369040075282945,0.031105207366936883,-0.022967162469621216,0.01025452402527155,0.29545454545454547,-0.0040882794054270342,-0.0022521264443230182,,
NQ_YAHOO,breakout_52,1,1,late,73,73,-0.00012720216940669392,0.00098896406014703508,0.021189653378847539,-0.015098537825810499,0.014585291543772083,0.50684931506849318,0.0041544153369372705,-0.004281617506343963,,
NQ_YAHOO,breakout_52,-1,1,late,6,6,-0.012224292250706223,0.0030884710898843593,0.051609885595774022,-0.044391209659862596,0.021529849922605399,0.5,-0.0039577950000149473,-0.0082664972506912762,,
NQ_YAHOO,sweep_52,1,1,late,7,7,0.0083085467365948996,0.0057533261416755632,0.034271075355557713,-0.0143676034835577,0.021328236796206435,0.5714285714285714,0.0043678888455957925,0.003940657890999108,,
NQ_YAHOO,breakout_1,-1,4,all,210,193,-0.01350996473555619,-0.014237288135593218,0.073664106649026062,-0.054332859303401815,0.019659102792010885,0.37305699481865284,-0.0079722281661086698,-0.0055377365694475166,,
NQ_YAHOO,fvg_raw,-1,4,all,90,81,-0.0055085661805354246,-0.010020876826722258,0.075017543165153883,-0.050234612199834494,0.032482038278089709,0.43209876543209874,-0.0085594999379587922,0.0030509337574233675,,
NQ_YAHOO,breakout_1,1,4,all,412,391,0.006250257325549043,0.014020912547528575,0.050541733020000833,-0.013609038507246374,0.037373989717959577,0.64450127877237851,0.010194376288804104,-0.0039441189632550651,,
NQ_YAHOO,sweep_4,1,4,all,144,135,0.011980435967675406,0.023786869647954401,0.070385976291572339,-0.01931051193683897,0.051542338760080186,0.6518518518518519,0.0083564350978860592,0.0036240008697893417,,
NQ_YAHOO,breakout_4,-1,4,all,117,105,-0.016776613054578355,-0.028139656070870211,0.069935179776707518,-0.05491105955143083,0.032482038278089709,0.40000000000000002,-0.0084916758798164703,-0.0082849371747618899,,
NQ_YAHOO,sweep_1,1,4,all,210,195,0.011876086497958146,0.01817443537434027,0.060751101022634459,-0.019016803415538741,0.047182867376905913,0.62564102564102564,0.0094524329915941993,0.0024236535063639404,-0.0045437168158998032,0.0099163943606777813
NQ_YAHOO,sweep_1,-1,4,all,230,217,-0.010042124580713511,-0.01726070387805434,0.055383900488832287,-0.042971232288535832,0.025915465523957959,0.34562211981566821,-0.0084596156516837141,-0.001582508929029793,-0.0083030745813469954,0.0053511481238041735
NQ_YAHOO,sweep_13,1,4,all,59,54,0.001957414051962945,0.0076418339171456795,0.093615698792066937,-0.04662976334916813,0.068419732217988249,0.5,0.0072341517893868513,-0.0052767377374239085,,
NQ_YAHOO,sweep_4,-1,4,all,219,209,-0.0073778718952035712,-0.01726070387805434,0.052426236643797273,-0.039572532007194905,0.023176398141409593,0.31578947368421051,-0.0096966567063050575,0.0023187848111014897,,
NQ_YAHOO,fvg_disp,-1,4,all,59,55,-0.011368523484980549,-0.008393139520739501,0.07334301977371846,-0.05461805654611529,0.022954449028128154,0.45454545454545453,-0.0085941380835541318,-0.0027743854014264167,-0.020663055985428346,0.011053228009544254
NQ_YAHOO,sweep_fvg,-1,4,all,24,21,-0.01803272510225265,-0.025782448353513177,0.067377219818783307,-0.073585295017632113,0.020364920541494969,0.38095238095238093,-0.0089371525016651767,-0.0090955726005874649,-0.044196639996287541,0.02137523548501849
NQ_YAHOO,breakout_13,-1,4,all,48,42,-0.022079960848780722,-0.028888610395727876,0.070799992782064392,-0.078545787459279093,0.031821758147447116,0.38095238095238093,-0.0081018838356988494,-0.013978077013081873,,
NQ_YAHOO,breakout_4,1,4,all,305,294,0.0063382522381448172,0.012430575851127834,0.04548416237336713,-0.016753379580491501,0.033259420593189537,0.62244897959183676,0.010885912131419713,-0.0045476598932749001,,
NQ_YAHOO,fvg_raw,1,4,all,214,200,0.0094412614391360932,0.014941456144392795,0.043987232364003231,-0.0087143821862244175,0.038245859284608552,0.68500000000000005,0.010981644243339375,-0.0015403828042032852,,
NQ_YAHOO,sweep_13,-1,4,all,146,142,-0.0080784199478829265,-0.016845789186926918,0.046081595983785542,-0.035916975184537681,0.020780984769009164,0.31690140845070425,-0.011285500950193277,0.0032070810023103529,,
NQ_YAHOO,breakout_13,1,4,all,208,204,0.0045743320076295727,0.010783192300009903,0.041450834734012225,-0.017168143392226554,0.032206452221484383,0.62254901960784315,0.012146469905541604,-0.0075721378979120317,,
NQ_YAHOO,fvg_disp,1,4,all,123,118,0.0073399888971437824,0.012754855957308964,0.044402623181007413,-0.009031776169781458,0.035883714773423447,0.67796610169491522,0.011833683614222311,-0.0044936947170785366,-0.012281277358759484,0.002543969926796725
NQ_YAHOO,sweep_fvg,1,4,all,51,49,0.0071187417582729839,0.011484997457196222,0.043365779865377756,-0.016799733865602184,0.034345669904504383,0.63265306122448983,0.011603165991243766,-0.0044844242329707823,-0.017851445823687875,0.0082741658238323478
NQ_YAHOO,sweep_52,-1,4,all,104,102,-0.0075745857094768193,-0.014751028432620661,0.043763674259395424,-0.032596061525537012,0.013966324451566092,0.30392156862745096,-0.012849068265973694,0.0052744825564968846,,
NQ_YAHOO,breakout_52,1,4,all,149,148,0.0035872647975031852,0.0098008676759538949,0.041424076607300832,-0.012038420983745329,0.029821192550909814,0.6216216216216216,0.013716293362447779,-0.010129028564944598,,
NQ_YAHOO,breakout_52,-1,4,all,8,8,-0.032708446785224374,-0.032106184278933414,0.05387421012743436,-0.080274343853380503,0.01194064019622032,0.375,-0.011471155636392765,-0.021237291148831605,,
NQ_YAHOO,sweep_52,1,4,all,8,8,0.073624472764794266,0.082356565061682541,0.081924914533275536,0.0482502038262832,0.10452188369625021,0.75,0.014722095802405962,0.058902376962388307,,
NQ_YAHOO,breakout_1,-1,4,early,148,131,-0.012788149347058415,-0.01375119923249124,0.07580325723788893,-0.051547557550538081,0.017901730011155359,0.35877862595419846,-0.0041792765021282513,-0.0086088728449301676,,
NQ_YAHOO,fvg_raw,-1,4,early,63,54,-0.0059869298307276353,-0.010754296466136348,0.072874410080483801,-0.045935818587840349,0.02503566995414469,0.40740740740740738,-0.0048264402484475876,-0.001160489582280048,,
NQ_YAHOO,breakout_1,1,4,early,269,249,0.003249325579106952,0.01195885242226602,0.049992706286017874,-0.013742637872568242,0.032775050534218808,0.63453815261044177,0.0069240137936930311,-0.0036746882145860782,,
NQ_YAHOO,sweep_4,1,4,early,101,92,0.0044322288152742742,0.020562732552360075,0.0703552052887082,-0.021679964672311619,0.049730600516269263,0.65217391304347827,0.0048428956930842027,-0.00041066687780992844,,
NQ_YAHOO,breakout_4,-1,4,early,83,71,-0.014518858464738021,-0.017336696903011095,0.066781660358838771,-0.047890291827230147,0.027874713450191879,0.39436619718309857,-0.0049117304403669404,-0.0096071280243710845,,
NQ_YAHOO,sweep_1,1,4,early,145,132,0.0073969240821188447,0.017223945291857667,0.060754727200426538,-0.020324109761064912,0.043579741127080129,0.61363636363636365,0.0063059343162303909,0.0010909897658884539,,
NQ_YAHOO,sweep_1,-1,4,early,166,153,-0.0075347892440103086,-0.015445890810180662,0.050970757200564529,-0.037904740855343233,0.02496513249651322,0.34640522875816993,-0.0052717052209677196,-0.0022630840230425885,,
NQ_YAHOO,sweep_13,1,4,early,41,36,-0.010566447204988434,0.017517079054988338,0.097231146073335883,-0.059740698806603459,0.058066076638677466,0.52777777777777779,0.0029340641152370253,-0.013500511320225457,,
NQ_YAHOO,sweep_4,-1,4,early,147,138,-0.0044830194583221827,-0.015511904413561539,0.049917647464201687,-0.035406252738439337,0.02550428524159884,0.32608695652173914,-0.0063732520442892644,0.0018902325859670825,,
NQ_YAHOO,fvg_disp,-1,4,early,41,37,-0.011634302929502528,-0.008393139520739501,0.071147627562206439,-0.069158225637443227,0.022641509433962259,0.43243243243243246,-0.0050310214520379185,-0.0066032814774646094,,
NQ_YAHOO,sweep_fvg,-1,4,early,17,14,-0.027453464839674566,-0.023138019809405996,0.053070673384068491,-0.072478527672584891,0.017025600535296115,0.35714285714285715,-0.005583390701731813,-0.021870074137942747,,
NQ_YAHOO,breakout_13,-1,4,early,32,26,-0.018934553284250529,-0.028888610395727876,0.060669357261459382,-0.058186783352720928,0.019192944589106919,0.30769230769230771,-0.0034872202157139598,-0.015447333068536569,,
NQ_YAHOO,breakout_4,1,4,early,189,179,0.0045189417173412717,0.0095425184751931624,0.040693431516037708,-0.013606743057521742,0.029939414804789899,0.6033519553072626,0.007676633575339026,-0.0031576918579977538,,
NQ_YAHOO,fvg_raw,1,4,early,142,129,0.0086469676417184546,0.012482149468450832,0.039256025229023703,-0.0088804507594316684,0.032245249288220812,0.68217054263565891,0.0081711050420290466,0.00047586259968940904,,
NQ_YAHOO,sweep_13,-1,4,early,92,88,-0.0060154733670366133,-0.013802056850413358,0.037811824769859746,-0.032969209293857882,0.022437118831606678,0.32954545454545453,-0.0082155138688337782,0.0022000405017971619,,
NQ_YAHOO,breakout_13,1,4,early,123,119,0.0027314447188206709,0.0080882352941176183,0.033575723835574403,-0.014667754851294401,0.02865874075406516,0.60504201680672265,0.009419030393583808,-0.0066875856747631345,,
NQ_YAHOO,fvg_disp,1,4,early,75,71,0.0034444083305434181,0.0095371207761243415,0.036659376139931352,-0.012940975919416786,0.02697836644292928,0.676056338028169,0.0089416920085561881,-0.0054972836780127739,,
NQ_YAHOO,sweep_fvg,1,4,early,31,30,0.0035579010568550654,0.011622950903067752,0.040342655006101874,-0.014819913089059555,0.024168681756138288,0.66666666666666663,0.0087625826055255582,-0.0052046815486704945,,
NQ_YAHOO,sweep_52,-1,4,early,60,58,-0.0084713582807479995,-0.01272445280880341,0.030839054133753135,-0.029219471452641754,0.0039566044786170096,0.27586206896551724,-0.010281703860047691,0.0018103455792996912,,
NQ_YAHOO,breakout_52,1,4,early,76,75,0.0016182273857031282,0.0048737964100329378,0.02818579677832803,-0.010698100265560728,0.02048119086035971,0.59999999999999998,0.011487604237348764,-0.0098693768516456351,,
NQ_YAHOO,breakout_52,-1,4,early,2,2,-0.04946252772904558,-0.04946252772904558,0.049816011570902055,-0.067075147525771761,-0.031849907932319399,0,0.0012291633778262106,-0.050691691106871786,,
NQ_YAHOO,sweep_52,1,4,early,1,1,0.086489859594383711,0.086489859594383711,,0.086489859594383711,0.086489859594383711,1,0.012395944781289837,0.074093914813093881,,
NQ_YAHOO,breakout_1,-1,4,late,61,61,-0.016143066204667943,-0.02248050464411655,0.069524124923197664,-0.071876176644612988,0.025064879603166834,0.39344262295081966,-0.016316019177965092,0.00017295297329714354,,
NQ_YAHOO,fvg_raw,-1,4,late,27,27,-0.0045518388801510032,-0.0014524683802530358,0.080552765958226441,-0.052919070062321771,0.044858445463168584,0.48148148148148145,-0.016395277827801421,0.011843438947650418,,
NQ_YAHOO,breakout_1,1,4,late,143,142,0.011512454542901722,0.0196421586945279,0.051243296699890008,-0.012985902317850906,0.042807698355322721,0.6619718309859155,0.016886537930056594,-0.0053740833871548767,,
NQ_YAHOO,sweep_4,1,4,late,42,42,0.028904740261299026,0.036855462090765623,0.069120556147660037,-0.016695913237756599,0.0585132753452281,0.66666666666666663,0.016740619087802586,0.012164121173496436,,
NQ_YAHOO,breakout_4,-1,4,late,33,33,-0.023735055415799417,-0.03908812064103806,0.076995371601468965,-0.078537884628863797,0.029840917755519336,0.39393939393939392,-0.016458067147801635,-0.0072769882679977888,,
NQ_YAHOO,sweep_1,1,4,late,63,61,0.022733442958060068,0.022486916279719882,0.060463821303944509,-0.0084738934250107034,0.051505280821241728,0.67213114754098358,0.016621731113048089,0.0061117118450119828,,
NQ_YAHOO,sweep_1,-1,4,late,63,63,-0.017211260171307391,-0.032873818546103939,0.064611268022559967,-0.059410790342243947,0.018860259837791271,0.33333333333333331,-0.016592615690659229,-0.00061864448064816451,,
NQ_YAHOO,sweep_13,1,4,late,17,17,0.028852808501717356,-0.0016041488122706671,0.085005941208824001,-0.019028960050443633,0.079132403765939774,0.47058823529411764,0.01607025075956503,0.012782557742152326,,
NQ_YAHOO,sweep_4,-1,4,late,72,71,-0.013004486490832185,-0.028744521783965027,0.056935201624867531,-0.045873559062905023,0.0083190833864074665,0.29577464788732394,-0.016405005750618349,0.0034005192597861694,,
NQ_YAHOO,fvg_disp,-1,4,late,18,18,-0.010822199071240927,-0.010677951195328106,0.079792849044651282,-0.051122730721499698,0.034706116474312793,0.5,-0.016740619087802586,0.0059184200165616589,,
NQ_YAHOO,sweep_fvg,-1,4,late,7,7,0.00080875437259118692,-0.025782448353513177,0.091698625937599379,-0.055635721296774632,0.066392214594226895,0.42857142857142855,-0.017480636073519368,0.018289390446110554,,
NQ_YAHOO,breakout_13,-1,4,late,15,15,-0.032507425283021946,-0.039383507564033637,0.087030729566255113,-0.094167876209241275,0.0358781988869466,0.46666666666666667,-0.016533414331801881,-0.015974010951220061,,
NQ_YAHOO,breakout_4,1,4,late,116,115,0.0091700486140042486,0.017518708604524535,0.052137329260215318,-0.019541470667399252,0.040792983567577212,0.65217391304347827,0.016947823843803275,-0.0077777752297990381,,
NQ_YAHOO,fvg_raw,1,4,late,72,71,0.010884414958387854,0.019243104554201418,0.051763009665209754,-0.0075675334761813318,0.042625359309769184,0.6901408450704225,0.016842762277380387,-0.0059583473189925426,,
NQ_YAHOO,sweep_13,-1,4,late,54,54,-0.011440258820373214,-0.023284554105483135,0.057304832697527036,-0.046839536714167296,0.016773391214888689,0.29629629629629628,-0.016165050321133981,0.0047247915007607652,,
NQ_YAHOO,breakout_13,1,4,late,85,85,0.0071543742119620363,0.017518708604524535,0.050567498685447493,-0.024774239543726262,0.039915101127659947,0.6470588235294118,0.016874692753450091,-0.0097203185414880613,,
NQ_YAHOO,fvg_disp,1,4,late,48,47,0.013224802093497525,0.026344321668319903,0.053951983953409076,-0.0070738038924125224,0.048026145812754772,0.68085106382978722,0.016365887082269409,-0.003141084988771884,,
NQ_YAHOO,sweep_fvg,1,4,late,20,19,0.012741121813143382,0.011484997457196222,0.048355740367890525,-0.021359282956982251,0.051094813149881624,0.57894736842105265,0.016686091520433981,-0.0039449697072905998,,
NQ_YAHOO,sweep_52,-1,4,late,44,44,-0.0063924764109829909,-0.019776480768004534,0.056880812834514106,-0.037747365831903079,0.026375934726705547,0.34090909090909088,-0.016269699187800999,0.0098772227768180107,,
NQ_YAHOO,breakout_52,1,4,late,73,73,0.0056102484397635172,0.017318114384328842,0.051756269987095781,-0.034105952097088443,0.039913033413798482,0.64383561643835618,0.016556121702322513,-0.010945873262558994,,
NQ_YAHOO,breakout_52,-1,4,late,6,6,-0.027123753137283973,-0.019286813590023433,0.058458271157741409,-0.07159617212832442,0.013019014104207471,0.5,-0.01570459530779909,-0.011419157829484881,,
NQ_YAHOO,sweep_52,1,4,late,7,7,0.0717865603605672,0.079132403765939774,0.08831069934864183,0.025823815867374256,0.1220993411796375,0.7142857142857143,0.017480636073519368,0.054305924287047835,,
NQ_YAHOO,breakout_1,-1,13,all,210,165,-0.042894616000838937,-0.060065060800867487,0.11454938618273101,-0.11634827114205804,0.0077658673606377793,0.27878787878787881,-0.028159584923521202,-0.014735031077317761,,
NQ_YAHOO,fvg_raw,-1,13,all,90,69,-0.046349534407542817,-0.074014665444546379,0.11159378267450304,-0.098024046266233844,0.011058810185447743,0.30434782608695654,-0.030770907527050292,-0.015578626880492519,,
NQ_YAHOO,breakout_1,1,13,all,412,361,0.023589539286782476,0.027677261613691995,0.085658328221217189,-0.020325203252032575,0.07263614602034707,0.67313019390581719,0.034793734672724154,-0.011204195385941675,,
NQ_YAHOO,sweep_4,1,13,all,144,119,0.035383841017562888,0.058449974079834099,0.12204863184279169,-0.018935915832456074,0.10173835920177388,0.70588235294117652,0.029208441966573202,0.006175399050989688,,
NQ_YAHOO,breakout_4,-1,13,all,117,89,-0.052910339276962898,-0.077101793151175935,0.1153487498215067,-0.12174063201519592,0.0012006705631824044,0.2696629213483146,-0.02865185297797258,-0.024258486298990314,,
NQ_YAHOO,sweep_1,1,13,all,210,177,0.033409007074571832,0.058449974079834099,0.11053032598515844,-0.011834628017308835,0.097355952926792,0.70621468926553677,0.031822329398839382,0.0015866776757324605,,
NQ_YAHOO,sweep_1,-1,13,all,230,197,-0.038707844276362091,-0.045744680851063757,0.087182550114457608,-0.086945547167213588,0.0036055349834340777,0.25888324873096447,-0.029147799903420719,-0.0095600443729413863,,
NQ_YAHOO,sweep_13,1,13,all,59,45,0.034362687125887824,0.062388591800356608,0.15666611775867018,-0.030439509240565266,0.120579355192872,0.66666666666666663,0.027286347792376583,0.0070763393335112369,,
NQ_YAHOO,sweep_4,-1,13,all,219,191,-0.035171099574601503,-0.044240725602398001,0.07273215358042591,-0.078064426371505125,9.169499330691222e-05,0.2513089005235602,-0.032824539264606184,-0.0023465603099953368,,
NQ_YAHOO,fvg_disp,-1,13,all,59,49,-0.041433572127003375,-0.071693964209887717,0.10882032643584434,-0.090110540860639521,0.012614857498831955,0.30612244897959184,-0.029198022477160756,-0.012235549649842621,,
NQ_YAHOO,sweep_fvg,-1,13,all,24,19,-0.059034714504244599,-0.074014665444546379,0.081455501809433936,-0.097040761888173344,-0.02846644831168077,0.15789473684210525,-0.02921356031224949,-0.029821154191995113,,
NQ_YAHOO,breakout_13,-1,13,all,48,34,-0.094233030500481388,-0.093084009185376182,0.096156223233458279,-0.15610778865649327,-0.04685453570783854,0.17647058823529413,-0.031676950991920791,-0.062556079508560597,,
NQ_YAHOO,breakout_4,1,13,all,305,279,0.02230194918458368,0.024426133019423091,0.08115242628446695,-0.020088434621108708,0.07208630962494067,0.67025089605734767,0.036476671368075551,-0.014174722183491872,,
NQ_YAHOO,fvg_raw,1,13,all,214,195,0.02289196627206937,0.024426133019423091,0.080223211449785697,-0.021078224643218402,0.074349439085410252,0.67179487179487174,0.035756616939734642,-0.012864650667665265,,
NQ_YAHOO,sweep_13,-1,13,all,146,135,-0.031902837995265887,-0.043255706709707242,0.066057402506691384,-0.074977643071132971,-0.0010055198479516081,0.24444444444444444,-0.036752656666019866,0.0048498186707539841,,
NQ_YAHOO,breakout_13,1,13,all,208,201,0.018847034641938949,0.019479596189392767,0.064323346782071009,-0.019082720075651927,0.062775600195982273,0.65671641791044777,0.039723627301474732,-0.020876592659535773,,
NQ_YAHOO,fvg_disp,1,13,all,123,114,0.027182042616904659,0.031006309682013566,0.08111674007346005,-0.003521144701627843,0.073622589003251859,0.7192982456140351,0.03900045730942539,-0.011818414692520721,,
NQ_YAHOO,sweep_fvg,1,13,all,51,47,0.038011931559584003,0.047968432085825352,0.069476004744986622,0.011126121226787133,0.073673148210266937,0.80851063829787229,0.038251669067716917,-0.00023973750813292144,,
NQ_YAHOO,sweep_52,-1,13,all,104,99,-0.030672719345783951,-0.039395053783212175,0.060460050384695783,-0.07247764997983519,-0.0010055198479516081,0.24242424242424243,-0.04269338938608018,0.012020670040296203,,
NQ_YAHOO,breakout_52,1,13,all,149,147,0.02238421630852995,0.02298588138249813,0.060189535031699264,-0.012766310014926174,0.064247844720251024,0.70748299319727892,0.045220651740736466,-0.022836435432206509,,
NQ_YAHOO,breakout_52,-1,13,all,8,8,-0.080480532297388746,-0.070943730049410347,0.068390723524588456,-0.11643366186290188,-0.033811455839952764,0.125,-0.03816830679735414,-0.042312225500034606,,
NQ_YAHOO,sweep_52,1,13,all,8,8,0.1803934330770256,0.17678821133805844,0.11747502046916286,0.11026290953037943,0.24142599325293873,1,0.048866123361761514,0.13152730971526408,,
NQ_YAHOO,breakout_1,-1,13,early,146,103,-0.035460855425302973,-0.051610399689561604,0.11837859482083851,-0.099026183161357695,0.0050780707813567472,0.26213592233009708,-0.0144160477647496,-0.021044807660553368,,
NQ_YAHOO,fvg_raw,-1,13,early,62,41,-0.029125881549190255,-0.051383166568569782,0.10920197202946963,-0.090497481464712148,0.030439509240565266,0.34146341463414637,-0.016936681723343276,-0.012189199825846968,,
NQ_YAHOO,breakout_1,1,13,early,266,218,0.016506267281521447,0.024228280017462356,0.080931137647683449,-0.021908055200352411,0.068137287297577731,0.64678899082568808,0.024807975687107856,-0.0083017084055864148,,
NQ_YAHOO,sweep_4,1,13,early,101,78,0.0095299331978499213,0.049678325993125383,0.11180381941655132,-0.033575895397288474,0.079927815297520188,0.65384615384615385,0.018175204312419709,-0.0086452711145697959,,
NQ_YAHOO,breakout_4,-1,13,early,82,56,-0.040776984939388077,-0.074784134424709769,0.12230558022841533,-0.11993552006027974,0.0013941914641006081,0.26785714285714285,-0.015772249324863374,-0.025004735614524706,,
NQ_YAHOO,sweep_1,1,13,early,145,117,0.013405800247161955,0.049365039840637559,0.10609890989647314,-0.029070093720186319,0.078840929670993098,0.66666666666666663,0.022406823158430875,-0.009001022911268931,,
NQ_YAHOO,sweep_1,-1,13,early,166,133,-0.024534063748832682,-0.039395053783212175,0.08248725118493605,-0.076472614536686079,0.01291482752983486,0.2781954887218045,-0.018843354656526742,-0.005690709092305935,,
NQ_YAHOO,sweep_13,1,13,early,40,26,-0.00083274754232237202,0.06148665236372175,0.15273103666255866,-0.052650823624972948,0.09699533085061568,0.65384615384615385,0.0099235475626979451,-0.010756295105020323,,
NQ_YAHOO,sweep_4,-1,13,early,147,121,-0.024623962708114525,-0.037573313782991224,0.067085007511724332,-0.074178110694964605,0.014681475807481137,0.27272727272727271,-0.0222459516981693,-0.0023780110099452237,,
NQ_YAHOO,fvg_disp,-1,13,early,40,30,-0.027497171973006208,-0.051163225252981004,0.098039279306140023,-0.086186148628845882,0.025983346305131938,0.33333333333333331,-0.015890130135573687,-0.011607041837432516,,
NQ_YAHOO,sweep_fvg,-1,13,early,17,12,-0.042006303397172394,-0.06153856538922875,0.062471142879137007,-0.081479901791725873,-0.027361648104333669,0.16666666666666666,-0.017540461485518039,-0.024465841911654348,,
NQ_YAHOO,breakout_13,-1,13,early,32,18,-0.086360404896850304,-0.10620287432608544,0.087629711877363001,-0.13674547628920075,-0.074063605167501989,0.16666666666666666,-0.014789909235610783,-0.071570495661239505,,
NQ_YAHOO,breakout_4,1,13,early,188,163,0.015360933797271633,0.020448400180261395,0.075736568537775481,-0.021249257197368254,0.064133466026299768,0.64417177914110424,0.026804591456064567,-0.011443657658792938,,
NQ_YAHOO,fvg_raw,1,13,early,141,123,0.019422336320115897,0.020448400180261395,0.073733005085486414,-0.021438536535017039,0.06805515992140887,0.64227642276422769,0.027402197601039183,-0.0079798612809232842,,
NQ_YAHOO,sweep_13,-1,13,early,91,81,-0.022920127531100939,-0.030999169665098192,0.058545599923972361,-0.059783743163695613,-0.00031204493447045678,0.24691358024691357,-0.027014585901865257,0.0040944583707643242,,
NQ_YAHOO,breakout_13,1,13,early,122,115,0.01730079779237299,0.019479596189392767,0.058036664230464489,-0.019726969358728808,0.06053178940418813,0.63478260869565217,0.031962922413292613,-0.014662124620919629,,
NQ_YAHOO,fvg_disp,1,13,early,74,66,0.024834915064809216,0.026758454805417831,0.078182614408975379,-0.0030081421798932584,0.070267035087377638,0.72727272727272729,0.030293021916906235,-0.0054581068520970196,,
NQ_YAHOO,sweep_fvg,1,13,early,30,27,0.035054100434979904,0.046980363097443467,0.05590893225550609,0.011126121226787133,0.064838998126678149,0.81481481481481477,0.029459521235116148,0.0055945791998637468,,
NQ_YAHOO,sweep_52,-1,13,early,59,55,-0.027453926086499551,-0.030615800017420147,0.051672903675691086,-0.065637485616935498,-0.0022557069059356838,0.21818181818181817,-0.035994166580350359,0.008540240493850812,,
NQ_YAHOO,breakout_52,1,13,early,75,73,0.030590174005423722,0.036712458550450133,0.05228712992513139,0.005654106780611956,0.071564466559344453,0.75342465753424659,0.039582558282720039,-0.0089923842772963065,,
NQ_YAHOO,breakout_52,-1,13,early,2,2,-0.17768576648156464,-0.17768576648156464,0.0020743343584618307,-0.17841915442722295,-0.17695237853590634,0,0.0072145087636472718,-0.18490027524521191,,
NQ_YAHOO,sweep_52,1,13,early,1,1,0.079313572542901722,0.079313572542901722,,0.079313572542901722,0.079313572542901722,1,0.04229543173468335,0.037018140808218372,,
NQ_YAHOO,breakout_1,-1,13,late,61,59,-0.061483300151199238,-0.069063078567889624,0.10629264574153865,-0.14121575283279741,0.00065993891741300548,0.2711864406779661,-0.054372604616885645,-0.0071106955343136075,,
NQ_YAHOO,fvg_raw,-1,13,late,27,27,-0.077109841614721647,-0.077934793250872936,0.11035566957508501,-0.1427876524737981,-0.011322183099722216,0.22222222222222221,-0.054472298379157028,-0.022637543235564613,,
NQ_YAHOO,breakout_1,1,13,late,143,140,0.03797845279978896,0.03681328808154638,0.089073396773015373,-0.0037726218057869965,0.08937192366677138,0.72857142857142854,0.055337782655333116,-0.017359329855544139,,
NQ_YAHOO,sweep_4,1,13,late,42,40,0.087050664486743284,0.10383917912639351,0.12747879542397214,0.019729748356550447,0.17793106911866508,0.82499999999999996,0.055148720556168415,0.031901943930574848,,
NQ_YAHOO,breakout_4,-1,13,late,33,31,-0.081235971488445483,-0.078117333707156345,0.098877432797828929,-0.13912200457753554,-0.020324546256025644,0.22580645161290322,-0.054662038120254192,-0.026573933368191287,,
NQ_YAHOO,sweep_1,1,13,late,63,58,0.074744186182557279,0.085590142012473502,0.11050657656447796,0.014948428897880117,0.1407197050207884,0.7931034482758621,0.054938796432268344,0.019805389750288942,,
NQ_YAHOO,sweep_1,-1,13,late,63,63,-0.069503163306238569,-0.071305449563180412,0.08999277622629491,-0.12262497405985096,-0.015250623653884299,0.20634920634920634,-0.054808408777672013,-0.014694754528566575,,
NQ_YAHOO,sweep_13,1,13,late,17,17,0.097686213974776781,0.13085521646557852,0.15438816556426144,0.0010809350087825909,0.21594228148026695,0.76470588235294112,0.053918704781602947,0.043767509193173834,,
NQ_YAHOO,sweep_4,-1,13,late,72,70,-0.053402579015243291,-0.056708553149421359,0.078787773153510668,-0.09958185774603534,-0.009855143257983201,0.21428571428571427,-0.054505909419008534,0.0011033304037652459,,
NQ_YAHOO,fvg_disp,-1,13,late,18,18,-0.071296603779267206,-0.077518293201024435,0.12211963790606835,-0.12986900576509736,-0.010310173404825262,0.22222222222222221,-0.055060491576558242,-0.016236112202708958,,
NQ_YAHOO,sweep_fvg,-1,13,late,7,7,-0.088226276402082665,-0.077934793250872936,0.10571681111297197,-0.13698326215905743,-0.073082435859532779,0.14285714285714285,-0.05632090557098942,-0.031905370831093252,,
NQ_YAHOO,breakout_13,-1,13,late,15,15,-0.11094885553180514,-0.085323840146991348,0.10602619310280888,-0.19804540928903103,-0.051726518199049498,0.13333333333333333,-0.054707575658117499,-0.056241279873687613,,
NQ_YAHOO,breakout_4,1,13,late,116,115,0.0331418626762413,0.032514712167537985,0.087205878801843925,-0.011709437943074608,0.085366589976699325,0.71304347826086956,0.05541340749499897,-0.022271544818757667,,
NQ_YAHOO,fvg_raw,1,13,late,72,71,0.03053364295638664,0.04021692966121071,0.08993991299778463,-0.0018787271149572904,0.088148303339904421,0.73239436619718312,0.055234464212409309,-0.024700821256022663,,
NQ_YAHOO,sweep_13,-1,13,late,54,53,-0.048775521978505917,-0.055893549649553398,0.070862192933952531,-0.086945547167213588,-0.0082181203118105728,0.22641509433962265,-0.054094966894031718,0.0053194449155257962,,
NQ_YAHOO,breakout_13,1,13,late,85,85,0.022253703660364891,0.020423376413425176,0.071528232989725035,-0.012844177818797098,0.063934189637754324,0.69411764705882351,0.055288848935549334,-0.033035145275184419,,
NQ_YAHOO,fvg_disp,1,13,late,48,47,0.033033001239870269,0.04021692966121071,0.084676469556510564,-0.0018787271149572904,0.08024984695602877,0.72340425531914898,0.054422239383633518,-0.021389238143763242,,
NQ_YAHOO,sweep_fvg,1,13,late,20,19,0.049105403462114249,0.054524788553471648,0.082007454775263222,0.026521576998164709,0.083506914333564053,0.84210526315789469,0.054967618966442262,-0.0058622155043280061,,
NQ_YAHOO,sweep_52,-1,13,late,44,43,-0.038636817348703084,-0.050228246167718593,0.066077931653802019,-0.081455826543048837,-0.00061985212512649657,0.2558139534883721,-0.054280793617212449,0.015643976268509368,,
NQ_YAHOO,breakout_52,1,13,late,73,73,0.015757529988796596,0.016932587577274116,0.065687558332609641,-0.019082720075651927,0.063125429009811773,0.67123287671232879,0.054746251375206924,-0.038988721386410317,,
NQ_YAHOO,breakout_52,-1,13,late,6,6,-0.048078787569330116,-0.051726518199049498,0.038832412009432472,-0.075680353483379814,-0.017469261086603127,0.16666666666666666,-0.053295911984354606,0.0052171244150244931,,
NQ_YAHOO,sweep_52,1,13,late,7,7,0.194833413153329,0.17763394462423587,0.11897193903170711,0.1482609166223765,0.26211557815814379,1,0.05632090557098942,0.13851250758233963,,
NDX,breakout_1,1,1,all,702,702,0.0022622551900763322,0.0029343925965956696,0.026168122014553243,-0.011489767675893825,0.016554147422766008,0.56837606837606836,0.0033548006504082644,-0.001092545460331932,,
NDX,fvg_raw,1,1,all,393,393,0.0040969576544873966,0.0041570749659480821,0.023904328083144792,-0.0096956645075584325,0.017679488915912422,0.60305343511450382,0.003439290329948508,0.00065766732453888959,,
NDX,sweep_1,-1,1,all,337,337,-0.00090229301417838652,-0.0019399411416018975,0.03323238311025218,-0.019322459180950435,0.017312273308558668,0.4629080118694362,-0.0029602778166057373,0.0020579848024273504,,
NDX,breakout_4,1,1,all,554,554,0.0019833392288695177,0.0028555939484499193,0.024352697572999082,-0.011038026745630897,0.015942607639500395,0.57761732851985559,0.0033264684297480756,-0.0013431292008785581,,
NDX,sweep_1,1,1,all,318,318,0.0037380834554006513,0.0068539528943609707,0.036284575021542177,-0.014438534600324127,0.024210677675690684,0.59748427672955973,0.0031915182013968241,0.00054656525400382779,,
NDX,sweep_13,-1,1,all,266,266,-0.0034096209984297945,-0.0063267338012181762,0.028359532923743654,-0.019901533360608736,0.012156757455825867,0.41729323308270677,-0.0032740666470421915,-0.00013555435138760399,,
NDX,sweep_4,-1,1,all,341,341,-0.0035450147826541754,-0.006326958464055954,0.031006654790889522,-0.020648410620947466,0.013505567991088041,0.41642228739002934,-0.0032351725396226674,-0.00030984224303150855,,
NDX,breakout_13,1,1,all,409,409,0.0020498504256896426,0.0026890339325928991,0.024487740157515717,-0.010207215846093964,0.015819241214806601,0.58190709046454769,0.0034657622203575125,-0.0014159117946678699,,
NDX,fvg_disp,1,1,all,235,235,0.0047460153258840664,0.0048714241781548928,0.024703840507755027,-0.0087916544304512123,0.017957474808843243,0.61702127659574468,0.00359118360481455,0.0011548317210695171,,
NDX,sweep_fvg,1,1,all,78,78,0.0023707957731767017,0.0023881122424187495,0.024794445584668839,-0.010197851910247552,0.017924436196981752,0.5641025641025641,0.0038872881853758679,-0.0015164924121991636,,
NDX,breakout_1,-1,1,all,346,346,-0.0056150427581510729,-0.0059457214088828314,0.039828619067502541,-0.027075011453423503,0.016988849705364489,0.42485549132947975,-0.0027854762270609992,-0.0028295665310900738,,
NDX,breakout_4,-1,1,all,210,210,-0.0079923463921534495,-0.0061510852845746422,0.044968326137993501,-0.033642862787059691,0.01510798763328261,0.41428571428571431,-0.0026225049394578369,-0.005369841452695613,,
NDX,breakout_13,-1,1,all,89,89,-0.013253799779363666,-0.011660854795514375,0.058943957630083553,-0.040824245524540448,0.012545472018256842,0.3595505617977528,-0.0021946149355884432,-0.011059184843775221,,
NDX,fvg_disp,-1,1,all,116,116,0.0004588623416382364,-0.0021246564213489583,0.041347583734496145,-0.022235906266981853,0.020173802015377273,0.48275862068965519,-0.0028508474934188298,0.0033097098350570653,,
NDX,fvg_raw,-1,1,all,170,170,-0.0016880391229898424,-0.0031508184037049025,0.042511491325807879,-0.028071316038445482,0.022664142912831697,0.45882352941176469,-0.0028431192749328164,0.0011550801519429738,,
NDX,sweep_13,1,1,all,105,105,0.0030286934935070836,0.01060398962096798,0.046834810818415819,-0.023111811870160648,0.024781959310985258,0.60952380952380958,0.0022975132021942173,0.00073118029131286619,,
NDX,sweep_4,1,1,all,225,225,0.0022281851588879815,0.0054602174879407883,0.042286688499239888,-0.018740728161047215,0.024497739591564649,0.57333333333333336,0.0027974740152260868,-0.00056928885633810474,,
NDX,sweep_52,-1,1,all,211,211,-0.0031500848573166704,-0.0064840711879894375,0.028137840536518525,-0.019701122634298129,0.012335258416689532,0.43127962085308058,-0.0035655948819621154,0.00041551002464544439,,
NDX,breakout_52,1,1,all,307,307,0.00082713348938232218,0.0022449722625574875,0.024816872473629584,-0.011424095324382044,0.014421759651925381,0.56351791530944628,0.0036574795355285104,-0.0028303460461461881,,
NDX,sweep_fvg,-1,1,all,46,46,-0.0021420112825642538,0.0003484107785030055,0.038326990231104079,-0.0234898945277211,0.022949612382385215,0.52173913043478259,-0.0027566656132338514,0.00061465433066959833,,
NDX,sweep_52,1,1,all,29,29,-0.010690090924660873,-0.0079411326774588842,0.066581931693165841,-0.056622276102886171,0.02226593953786038,0.48275862068965519,0.00078312923916305462,-0.011473220163823931,,
NDX,breakout_52,-1,1,all,25,25,-0.015961526845519058,-0.033013010129970599,0.073117159639318988,-0.047416243007170067,0.024117001040530717,0.40000000000000002,-0.0013750350583235538,-0.014586491787195505,,
NDX,breakout_1,1,1,early,462,462,0.0021953394342053038,0.0028974468341785853,0.028577786834746401,-0.011890676090149238,0.017739688542816323,0.56277056277056281,0.0032218926261961428,-0.0010265531919908387,,
NDX,fvg_raw,1,1,early,257,257,0.004955353822863987,0.0047176961778885307,0.025404396292579758,-0.010207215846093964,0.01957630494967999,0.6108949416342413,0.0033596217413989862,0.0015957320814650015,,
NDX,sweep_1,-1,1,early,249,249,-0.00078061502724632067,-0.0013990781802499797,0.034354510374658212,-0.01957630494967999,0.01828142748359507,0.47389558232931728,-0.0027348696329980095,0.0019542546057516887,,
NDX,breakout_4,1,1,early,365,365,0.001976492759581879,0.0035490869717293982,0.027081525845041709,-0.011506709928998493,0.017548565372757841,0.58082191780821912,0.0031775370057272735,-0.0012010442461453952,,
NDX,sweep_1,1,1,early,231,231,0.0035809421279866943,0.0054937958474525761,0.038822765724488215,-0.015506148814417975,0.02429497739810027,0.58874458874458879,0.0030483794930518011,0.00053256263493489317,,
NDX,sweep_13,-1,1,early,178,178,-0.0041489271325290226,-0.0038001902713198366,0.029089349159734254,-0.02018930758668902,0.012113611541760327,0.4157303370786517,-0.0031127437171400833,-0.0010361834153889396,,
NDX,sweep_4,-1,1,early,232,232,-0.0036362979478363048,-0.0054299845121971169,0.032440973172175723,-0.021383128733637846,0.014354237182858026,0.42672413793103448,-0.0030369172379034748,-0.00059938070993283122,,
NDX,breakout_13,1,1,early,264,264,0.0025781685781368136,0.0039801282942121263,0.027405877933483321,-0.010863353882668292,0.017699555458213723,0.59848484848484851,0.0033880580660472764,-0.00080988948791046317,,
NDX,fvg_disp,1,1,early,171,171,0.0049638427722273623,0.0050515185431583287,0.025866448703843387,-0.0099147737091885291,0.019449382065315213,0.61988304093567248,0.0035531679837510185,0.0014106747884763441,,
NDX,sweep_fvg,1,1,early,61,61,0.0017898320554929667,0.0041570749659480821,0.025965155643429147,-0.012172629116435796,0.018538673572082942,0.5901639344262295,0.0039503408034226887,-0.0021605087479297227,,
NDX,breakout_1,-1,1,early,254,254,-0.004274604492890628,-0.0059457214088828314,0.040815888922776829,-0.025519019755483596,0.018002398636929234,0.43307086614173229,-0.0024559431598175844,-0.0018186613330730436,,
NDX,breakout_4,-1,1,early,157,157,-0.0068311671834571305,-0.006081349028700167,0.046517763724807031,-0.028674357036964082,0.015374144665447176,0.43312101910828027,-0.002249003478047911,-0.0045821637054092208,,
NDX,breakout_13,-1,1,early,65,65,-0.013296970841229029,-0.011660854795514375,0.062401354507564448,-0.040237515324159201,0.010653086281416257,0.35384615384615387,-0.0016288831316742659,-0.011668087709554765,,
NDX,fvg_disp,-1,1,early,89,89,0.0019601783865653738,-0.00053712481166634518,0.043467325796718803,-0.018893312216014646,0.019322824921940485,0.4943820224719101,-0.0026199521403393717,0.0045801305269047455,,
NDX,fvg_raw,-1,1,early,116,116,0.0012572170999710546,-0.0023318043235416308,0.044439858443854216,-0.025664864171681234,0.022801026324586832,0.48275862068965519,-0.0024515741440452434,0.003708791244016298,,
NDX,sweep_13,1,1,early,81,81,5.0003903912267507e-06,0.0088927197880870335,0.050791659446261989,-0.035682026643081288,0.024781959310985258,0.58024691358024694,0.0018924795203655871,-0.0018874791299743621,,
NDX,sweep_4,1,1,early,164,164,0.0017314860785355381,0.005095282721128136,0.046073822842225789,-0.018948997803166417,0.025034230190472573,0.57926829268292679,0.0024913111576922733,-0.00075982507915673639,,
NDX,sweep_52,-1,1,early,132,132,-0.0038516280945497662,-0.0021444906003020847,0.029266222065930044,-0.020123843815340547,0.01359384842848832,0.44696969696969696,-0.0035529901153444404,-0.0002986379792053264,,
NDX,breakout_52,1,1,early,181,181,0.0012172027529862624,0.0035490869717293982,0.028603823300143837,-0.011862445114300457,0.016081724071678183,0.59116022099447518,0.00369347311815713,-0.0024762703651708671,,
NDX,sweep_fvg,-1,1,early,34,34,-0.0043409294260557951,-0.00012082847258554352,0.039918784374824025,-0.028071316038445482,0.021875756202250851,0.5,-0.0024601012502376463,-0.0018808281758181482,,
NDX,sweep_52,1,1,early,24,24,-0.019050850402993254,-0.035551496698971341,0.067674261855420942,-0.061929967969226535,0.012328818436959488,0.45833333333333331,0.00014834943145313059,-0.019199199834446384,,
NDX,breakout_52,-1,1,early,18,18,-0.01678730244859912,-0.033960119739474104,0.082740510015361105,-0.047253595937066517,0.032285770662906693,0.3888888888888889,-0.0004039650356337614,-0.016383337412965358,,
NDX,breakout_1,1,1,late,239,239,0.002333384223774348,0.0028925397108670037,0.020836825188770329,-0.01013950224259591,0.014935793023431176,0.57740585774058573,0.0035892117026007767,-0.0012558274788264283,,
NDX,fvg_raw,1,1,late,136,136,0.0024748413657169287,0.0027897054504297802,0.020768577929939525,-0.0075458858485710212,0.014538642937269308,0.58823529411764708,0.003565757161766049,-0.0010909157960491194,,
NDX,sweep_1,-1,1,late,88,88,-0.0012465864090202548,-0.0068435057671683008,0.030012205098440253,-0.018767326127056005,0.012142027212496076,0.43181818181818182,-0.0035775090176559856,0.0023309226086357308,,
NDX,breakout_4,1,1,late,188,188,0.0019211307457322414,0.0023726469940017481,0.0180308240373553,-0.0090124257696960475,0.013276737776565795,0.56914893617021278,0.0035945117027733411,-0.0016733809570410997,,
NDX,sweep_1,1,1,late,87,87,0.004155320773017019,0.0093766773388732627,0.028666956970601475,-0.0085792629307583357,0.02329289834520909,0.62068965517241381,0.0035453602624628271,0.00060996051055419505,,
NDX,sweep_13,-1,1,late,88,88,-0.0019142063180927192,-0.007389284331181023,0.026922615924610031,-0.018962591624172687,0.012078439420960208,0.42045454545454547,-0.0035775090176559856,0.0016633026995632656,,
NDX,sweep_4,-1,1,late,109,109,-0.0033507240090555144,-0.0071724018593577465,0.027849792742934136,-0.020365076171138252,0.011348455242679911,0.39449541284403672,-0.0036398261984301483,0.00028910218937463225,,
NDX,breakout_13,1,1,late,145,145,0.0010879470308892765,0.0021427328262604295,0.018049797669071915,-0.0097491613690421364,0.012891546652179287,0.55172413793103448,0.0035857758404199414,-0.0024978288095306648,,
NDX,fvg_disp,1,1,late,64,64,0.0041640076176855719,0.0027897054504297802,0.021467297712241196,-0.0057437093599249922,0.014983075653354938,0.609375,0.0036773997927204514,0.00048660782496512086,,
NDX,sweep_fvg,1,1,late,17,17,0.0044554302895712808,-0.00053564171393916116,0.020601949133865007,-0.0074149123237052805,0.014895047233162373,0.47058823529411764,0.0036480201529956076,0.00080741013657567281,,
NDX,breakout_1,-1,1,late,92,92,-0.0093158179687614327,-0.0057031584369946486,0.036926065616798856,-0.03255912095954161,0.014791923287873376,0.40217391304347827,-0.0036817428698971673,-0.0056340750988642671,,
NDX,breakout_4,-1,1,late,53,53,-0.011432065934895369,-0.0062208215404491174,0.040244897315028852,-0.039478638866446092,0.014309516536788913,0.35849056603773582,-0.0037207486196352184,-0.0077113173152601501,,
NDX,breakout_13,-1,1,late,24,24,-0.013136878153478304,-0.011347680801716553,0.049578407088591486,-0.05821307889938343,0.024234964270820308,0.375,-0.0037106967177419395,-0.0094261814357363676,,
NDX,fvg_disp,-1,1,late,27,27,-0.0044899201768252902,-0.0045542135502152359,0.033670818445305319,-0.022946803169595187,0.019998218345489316,0.44444444444444442,-0.0035923076509988693,-0.00089761252582642168,,
NDX,fvg_raw,-1,1,late,54,54,-0.0080148858241651036,-0.0053875175453321766,0.037652812342789152,-0.031245325969082915,0.021925407899529042,0.40740740740740738,-0.0036663008177132881,-0.0043485850064518151,,
NDX,sweep_13,1,1,late,24,24,0.013233657716523101,0.017059251786919583,0.028361473806757239,-0.0086167355063318241,0.0262356580055359,0.70833333333333337,0.0036441028676989628,0.0095895548488241378,,
NDX,sweep_4,1,1,late,61,61,0.0035635728503273368,0.0054602174879407883,0.030106357704236156,-0.013680101106069653,0.02317806075810358,0.55737704918032782,0.0035971596619309627,-3.3586811603624306e-05,,
NDX,sweep_52,-1,1,late,79,79,-0.0019778860305474468,-0.0086367533345046432,0.026284547345668298,-0.018427694949064821,0.0114876273834989,0.4050632911392405,-0.0035623357353677157,0.0015844497048202652,,
NDX,breakout_52,1,1,late,126,126,0.00026679589642745566,0.00091824069479551351,0.01813706532017071,-0.0099784254501372738,0.011508100748426064,0.52380952380952384,0.0035838512890886505,-0.0033170553926611945,,
NDX,sweep_fvg,-1,1,late,12,12,0.0040882567906617802,0.0031772325981177518,0.034228001048912909,-0.0088808152759972669,0.023481072393042757,0.58333333333333337,-0.0035775090176559856,0.0076657658083177649,,
NDX,sweep_52,1,1,late,5,5,0.029441554571334551,0.02186062045334336,0.047598240642053875,-0.0079411326774588842,0.071462229804017063,0.59999999999999998,0.0038172468778107024,0.025624307693523852,,
NDX,breakout_52,-1,1,late,7,7,-0.013838103866170333,-0.0062208215404491174,0.044499355946276423,-0.048651920590496167,0.01833123652939378,0.42857142857142855,-0.0038629112321258868,-0.0099751926340444479,,
NDX,breakout_1,1,4,all,702,701,0.012250422309629586,0.013867100479937999,0.057800581715879255,-0.015768570516232483,0.04370713721946573,0.64621968616262482,0.013425088639276064,-0.0011746663296464794,,
NDX,fvg_raw,1,4,all,393,392,0.015107985336961881,0.015300186619531808,0.050406479340276825,-0.011446101847874979,0.0418255452638297,0.67346938775510201,0.01377872656284124,0.0013292587741206426,,
NDX,sweep_1,-1,4,all,337,337,-0.010178763671413314,-0.016168678446208951,0.057587405791024775,-0.0428158604282316,0.022234609783041703,0.35608308605341249,-0.011825500513823131,0.0016467368424098196,-0.0037487975604330228,0.0070297938760868553
NDX,breakout_4,1,4,all,554,553,0.011180514757596101,0.012710517294763024,0.056126466841150004,-0.015308334754032704,0.04303861251366925,0.63833634719710675,0.013299514847599135,-0.0021190000900030361,,
NDX,sweep_1,1,4,all,318,317,0.0096294361411507594,0.015724308173208579,0.071407530446320505,-0.02683810531585451,0.050013474374625222,0.60252365930599372,0.012765215157449173,-0.0031357790162984084,-0.010911904187370675,0.0040669282414893893
NDX,sweep_13,-1,4,all,266,266,-0.010537631369669386,-0.017971325279032002,0.056545923539959013,-0.041073497808350012,0.017483846184490975,0.34586466165413532,-0.01313035711927206,0.0025927257496026748,,
NDX,sweep_4,-1,4,all,341,340,-0.014046963965336069,-0.018072085403750937,0.058758424505123669,-0.044606165978682555,0.019376603921071711,0.34411764705882353,-0.012950721366834868,-0.0010962425985011966,,
NDX,breakout_13,1,4,all,409,409,0.011861946345049562,0.011286010386021283,0.053960141698108879,-0.015768570516232483,0.041478059869527684,0.64058679706601462,0.013923740658472511,-0.0020617943134229495,,
NDX,fvg_disp,1,4,all,235,234,0.015098390345631605,0.015136495220821722,0.05246825769504429,-0.012235742659291449,0.043126420995443338,0.67521367521367526,0.014412168032240677,0.00068622231339092986,-0.0055632703947884662,0.0068322551301073691
NDX,sweep_fvg,1,4,all,78,77,0.016874383157041425,0.018038302020337404,0.052823546171141628,-0.011018704811142754,0.041610774969557118,0.70129870129870131,0.015731950006079607,0.0011424331509618205,-0.011240741735691655,0.013401143155790498
NDX,breakout_1,-1,4,all,346,346,-0.01798027343043123,-0.022716860770818581,0.077155178328898871,-0.058843884877326502,0.016388540705225857,0.3554913294797688,-0.011100900183833083,-0.0068793732465981441,,
NDX,breakout_4,-1,4,all,210,210,-0.022432097538746802,-0.029678783266340769,0.083856533846715722,-0.066235623196487792,0.023237621170651396,0.37142857142857144,-0.010399640216957256,-0.012032457321789546,,
NDX,breakout_13,-1,4,all,89,89,-0.024664154751354209,-0.016803754386026437,0.095593566550064318,-0.070886974865959074,0.029702760690925478,0.4157303370786517,-0.008584369689230837,-0.016079785062123365,,
NDX,fvg_disp,-1,4,all,116,116,-0.0065816379146616377,-0.013532076891105915,0.077226222822927709,-0.051973951103010618,0.026186202873314163,0.43103448275862066,-0.011287540437437182,0.0047059025227755421,-0.0094492100644825404,0.016635510360785848
NDX,fvg_raw,-1,4,all,170,170,-0.014109557449434075,-0.020313182191268986,0.085554330728778508,-0.059490711834019327,0.027830952883061033,0.40000000000000002,-0.011253338603784115,-0.0028562188456499591,,
NDX,sweep_13,1,4,all,105,105,0.0017065872341247177,0.014901534698653407,0.095216606840728954,-0.044745860391492087,0.073375854006549668,0.52380952380952384,0.0090681205472788618,-0.0073615333131541415,,
NDX,sweep_4,1,4,all,225,225,0.0094903969304347292,0.018913486692085923,0.081662766695992664,-0.03304858429256996,0.052497365147735175,0.59999999999999998,0.011112627553017387,-0.0016222306225826572,,
NDX,sweep_52,-1,4,all,211,211,-0.010039589625932353,-0.01753636073572995,0.059880631274569253,-0.036299205492205222,0.018388555347610747,0.35071090047393366,-0.014377315914001614,0.0043377262880692621,,
NDX,breakout_52,1,4,all,307,307,0.0079262914353060831,0.0083640790576673396,0.055262226485678821,-0.02211709565116704,0.034860524610250354,0.60912052117263848,0.014757724775889398,-0.0068314333405833155,,
NDX,sweep_fvg,-1,4,all,46,46,-0.015828729636743886,-0.024287292486328549,0.081460311904880331,-0.068928030210248736,0.02581545322581566,0.41304347826086957,-0.010905608103800783,-0.0049231215329430993,-0.0296506712140167,0.016518415199273551
NDX,sweep_52,1,4,all,29,29,0.0020598818965856954,-0.0087918432304935346,0.1174189359933145,-0.097066442102321848,0.090098474407785289,0.48275862068965519,0.00269767191280519,-0.00063779001621949813,,
NDX,breakout_52,-1,4,all,25,25,-0.035188217476511172,-0.040533914149860184,0.12854889850254145,-0.10931927416063503,0.044769690220453073,0.40000000000000002,-0.0051973174472897008,-0.029990900029221477,,
NDX,breakout_1,1,4,early,462,462,0.012773250784715667,0.013663412892656934,0.06340241826167721,-0.022106232851415664,0.049272746239645171,0.63419913419913421,0.012856955613647109,-8.3704828931437661e-05,,
NDX,fvg_raw,1,4,early,257,257,0.016836608081568262,0.014872279999885718,0.053874020291963691,-0.016892000610671865,0.047396819499112786,0.65758754863813229,0.013425016788665473,0.0034115912929027887,,
NDX,sweep_1,-1,4,early,248,248,-0.010712605561802462,-0.015557847844104078,0.05746108365968166,-0.042848162895075037,0.021054836704739371,0.36290322580645162,-0.01086387842596845,0.00015127286416598721,,
NDX,breakout_4,1,4,early,365,365,0.012146121039574836,0.012623122664121578,0.061911322060867822,-0.019437743490617221,0.047432102313550883,0.62465753424657533,0.012657056012454277,-0.00051093497287943803,,
NDX,sweep_1,1,4,early,230,230,0.0058455447604732931,0.01490467491921843,0.079271262636481307,-0.037088876947213217,0.057892147180488351,0.57391304347826089,0.012163954869878814,-0.0063184101094055228,,
NDX,sweep_13,-1,4,early,178,178,-0.01372578128927948,-0.020591440966585606,0.05861999868259278,-0.044537333940728174,0.015891558005583312,0.34269662921348315,-0.012451239901073908,-0.0012745413882055718,,
NDX,sweep_4,-1,4,early,231,231,-0.015947935507849918,-0.017971946916731429,0.061376362634976339,-0.048554413951323205,0.02132142366783657,0.354978354978355,-0.01212851518495579,-0.0038194203228941277,,
NDX,breakout_13,1,4,early,264,264,0.013212122985110609,0.010083806387831573,0.059707185079035822,-0.02196716873774851,0.046503319513568731,0.62878787878787878,0.013586095929788636,-0.00037397294467802372,,
NDX,fvg_disp,1,4,early,171,171,0.016656573056086352,0.014760912252269609,0.053627284021082654,-0.011830063376575217,0.047262953212444003,0.66666666666666663,0.014260644745780105,0.0023959283103062467,,
NDX,sweep_fvg,1,4,early,61,61,0.015475279501312892,0.018038302020337404,0.055065916763906021,-0.011018704811142754,0.037866039047141475,0.70491803278688525,0.015998225730757491,-0.00052294622944459629,,
NDX,breakout_1,-1,4,early,254,254,-0.015207816394075103,-0.017551859250355517,0.079891145612451933,-0.053051330923254814,0.018090920330541715,0.36614173228346458,-0.0097372141857750508,-0.0054706022083000497,,
NDX,breakout_4,-1,4,early,157,157,-0.019511159116099096,-0.021841236513028495,0.085407949999800573,-0.061811880907812533,0.023749746935488814,0.37579617834394907,-0.0088407767787185218,-0.010670382337380576,,
NDX,breakout_13,-1,4,early,65,65,-0.020870282738694429,-0.016803754386026437,0.096115005092067496,-0.061811880907812533,0.028161902072129874,0.38461538461538464,-0.0062444214902399233,-0.014625861248454506,,
NDX,fvg_disp,-1,4,early,89,89,-0.0026874668412305829,-0.01228344957282923,0.080959757119428197,-0.046184839740888384,0.028161902072129874,0.43820224719101125,-0.010291180312969838,0.0076037134717392586,,
NDX,fvg_raw,-1,4,early,116,116,-0.01339635477439961,-0.019044913468009073,0.090613663650296564,-0.059114190573285041,0.027169054504923351,0.39655172413793105,-0.009608659650228283,-0.0037876951241713275,,
NDX,sweep_13,1,4,early,81,81,-0.0059528377499733992,0.004285966573023936,0.10055952999243387,-0.063437970633821728,0.061969895364307304,0.51851851851851849,0.0073979267770692102,-0.013350764527042615,,
NDX,sweep_4,1,4,early,164,164,0.0057964729789241705,0.017696494200835744,0.089173865951287665,-0.041810321824678365,0.05816930380562535,0.58536585365853655,0.009833305526334114,-0.0040368325474099487,,
NDX,sweep_52,-1,4,early,132,132,-0.013971460589531517,-0.020134269245497549,0.064336861696865394,-0.039227750477353496,0.016920416309138625,0.34848484848484851,-0.014333474870316424,0.00036201428078491102,,
NDX,breakout_52,1,4,early,181,181,0.0084945698782181063,0.0057284476667718298,0.063360684427862107,-0.031462382474817363,0.040049834598857359,0.58011049723756902,0.0149167320291856,-0.0064221621509674941,,
NDX,sweep_fvg,-1,4,early,34,34,-0.016751158022678726,-0.022652018969943288,0.083603757087421002,-0.061208904008959952,0.02581545322581566,0.41176470588235292,-0.009625074900806458,-0.0071260831218722684,,
NDX,sweep_52,1,4,early,24,24,-0.019420933993424826,-0.026666154771309902,0.10815283052673624,-0.09870143136760226,0.086005306229617495,0.41666666666666669,8.5199310367595985e-05,-0.019506133303792424,,
NDX,breakout_52,-1,4,early,18,18,-0.033669042051284029,-0.028668834267943311,0.14793785850827071,-0.11826361481495462,0.078155179326852925,0.3888888888888889,-0.0012325734850417019,-0.032436468566242327,,
NDX,breakout_1,1,4,late,239,238,0.011143814594038626,0.015072364655279835,0.045217824619198869,-0.008852562384200291,0.03959356445394685,0.66806722689075626,0.014302345343993923,-0.0031585307499552929,,
NDX,fvg_raw,1,4,late,136,135,0.011817199815748261,0.015782904526508768,0.043038603542224801,-0.0090426229838807548,0.038282351931727465,0.70370370370370372,0.014208021565546413,-0.0023908217497981494,,
NDX,sweep_1,-1,4,late,88,88,-0.008193275303091491,-0.025738158308308723,0.058381601304130316,-0.039380643025822448,0.024426857473931252,0.34090909090909088,-0.014264144213722674,0.0060708689106311851,,
NDX,breakout_4,1,4,late,188,187,0.00917333785227443,0.013466438074384524,0.042884271636656743,-0.0091878586916649407,0.035733773216433229,0.66310160427807485,0.01432086710412543,-0.0051475292518509946,,
NDX,sweep_1,1,4,late,87,86,0.019377607663161076,0.017446802978898335,0.043357359697863265,-0.0045803072409050516,0.047181473100645743,0.67441860465116277,0.014123185004349736,0.0052544226588113431,,
NDX,sweep_13,-1,4,late,88,88,-0.0040888735777307866,-0.016290812895637274,0.051820566020601672,-0.035517904962013569,0.020273110456712984,0.35227272727272729,-0.014264144213722674,0.010175270635991893,,
NDX,sweep_4,-1,4,late,109,108,-0.0096248675429046939,-0.017904197825418078,0.052912018776240639,-0.036511453994262144,0.015174030013489853,0.32407407407407407,-0.014488634806427743,0.0048637672635230443,,
NDX,breakout_13,1,4,late,145,145,0.0094036937038349637,0.011680918820553998,0.041586048617764659,-0.0093161906356837854,0.034165628665250969,0.66206896551724137,0.014295495486152179,-0.0048918017823172122,,
NDX,fvg_disp,1,4,late,64,63,0.010869037274397289,0.01753636073572995,0.049348542187190335,-0.011968241491843279,0.041263661715973399,0.69841269841269837,0.014624932666284377,-0.0037558953918870961,,
NDX,sweep_fvg,1,4,late,17,16,0.022208465844506461,0.018308385271208372,0.044388359570919585,-0.007054960120436049,0.058728731972026271,0.6875,0.014453558151317571,0.007754907693188891,,
NDX,breakout_1,-1,4,late,92,92,-0.02563466568297966,-0.03029344257386557,0.068869898859946307,-0.064428697822159653,0.014239485629030157,0.32608695652173914,-0.014659442866094637,-0.010975222816885021,,
NDX,breakout_4,-1,4,late,53,53,-0.031084688715269235,-0.039444461815353993,0.079229298205739235,-0.076195730638765502,0.016495262712439063,0.35849056603773582,-0.014807369091353316,-0.016277319623915917,,
NDX,breakout_13,-1,4,late,24,24,-0.034939224785641099,-0.015039789057005148,0.095427637775974489,-0.10952055810073641,0.033469493073307377,0.5,-0.014769248047309065,-0.020169976738332027,,
NDX,fvg_disp,-1,4,late,27,27,-0.019417979601156595,-0.026976554451302981,0.063018425234909956,-0.067448462157935984,0.020412872114303315,0.40740740740740738,-0.014320266861898943,-0.005097712739257655,,
NDX,fvg_raw,-1,4,late,54,54,-0.015641622455063672,-0.023716751170350214,0.074298093323362471,-0.060559421606513342,0.028103564196473224,0.40740740740740738,-0.014600880102780264,-0.0010407423522833985,,
NDX,sweep_13,1,4,late,24,24,0.027557146555455863,0.023551795787196572,0.070129526382272198,-0.024144786209466751,0.081226666267441072,0.54166666666666663,0.014516696130515871,0.01304045042493999,,
NDX,sweep_4,1,4,late,61,61,0.019421602308266405,0.026976554451302981,0.056182180822726538,-0.018364396469795263,0.048554759506660883,0.63934426229508201,0.014338667730153451,0.0050829345781129463,,
NDX,sweep_52,-1,4,late,79,79,-0.0034698811804248883,-0.013407339759768711,0.051304164028971651,-0.034932054610480878,0.018927591245919084,0.35443037974683544,-0.014206600739010306,0.010736719558585411,,
NDX,breakout_52,1,4,late,126,126,0.0071099549419165898,0.011362682650096989,0.041156426085728691,-0.0094452795126733491,0.033513924368267001,0.65079365079365081,0.014288196777226798,-0.0071782418353101996,,
NDX,sweep_fvg,-1,4,late,12,12,-0.013215182543261835,-0.031813062746642307,0.078533664392008443,-0.075003192298470522,0.029718484149867386,0.41666666666666669,-0.014264144213722676,0.001048961670460843,,
NDX,sweep_52,1,4,late,5,5,0.1051677981686362,0.079885207174233086,0.11486901316466018,0.073375854006549668,0.15790340661870661,0.80000000000000004,0.015173331114178179,0.089994467054458002,,
NDX,breakout_52,-1,4,late,7,7,-0.039094668569952411,-0.052408961693009015,0.063759873845092366,-0.084456197640259356,0.012475046087331743,0.42857142857142855,-0.015346509571407799,-0.02374815899854461,,
NDX,breakout_1,1,13,all,702,699,0.039306036487821133,0.040411695931048097,0.1143645527972971,-0.019245509396477345,0.098997040938530123,0.6938483547925608,0.044126386240885052,-0.0048203497530639157,,
NDX,fvg_raw,1,13,all,393,392,0.044818366413437782,0.0449772319606353,0.11006347914367126,-0.017157041884599655,0.10208823969834679,0.69897959183673475,0.045347564456742213,-0.00052919804330444676,,
NDX,sweep_1,-1,13,all,337,337,-0.038571597016420552,-0.048640221079063517,0.11005359006352355,-0.098901170404626315,0.013321651273724755,0.28189910979228489,-0.03868939975133296,0.00011780273491240445,,
NDX,breakout_4,1,13,all,554,553,0.039565815947582794,0.039817243646500078,0.11008983809293253,-0.015961049403661831,0.099130728076558094,0.69981916817359857,0.043657143817151016,-0.00409132786956822,,
NDX,sweep_1,1,13,all,318,314,0.034979321645073759,0.051169152359538006,0.12890300557644094,-0.024033007231268472,0.10445057704920579,0.68789808917197448,0.041842408179237671,-0.0068630865341639154,,
NDX,sweep_13,-1,13,all,266,266,-0.036556758255693142,-0.043096302517217633,0.097944779625153272,-0.083636626525179725,0.011230767171281436,0.28195488721804512,-0.043256247291377031,0.0066994890356838919,,
NDX,sweep_4,-1,13,all,341,339,-0.0452242641253464,-0.048542713589725395,0.10990151542106062,-0.095750130729790994,0.0098035888323485532,0.27138643067846607,-0.042641764914442458,-0.002582499210903953,,
NDX,breakout_13,1,13,all,409,409,0.034826861968888394,0.030400294646500292,0.10692255871182976,-0.019264544496293445,0.087407161510585807,0.6772616136919315,0.045993874665355372,-0.011167012696466971,,
NDX,fvg_disp,1,13,all,235,234,0.044267767165148068,0.042290745627667325,0.11432649524708345,-0.017770910798898892,0.10424442638231735,0.69230769230769229,0.047834400491112039,-0.0035666333259639772,,
NDX,sweep_fvg,1,13,all,78,77,0.070549583903771626,0.071761058972677816,0.090230075312028174,0.011562332787769192,0.11661638806070207,0.81818181818181823,0.052777596583352876,0.017771987320418754,,
NDX,breakout_1,-1,13,all,346,344,-0.051777967751820607,-0.059385712126334478,0.13412679082343359,-0.13243070765837373,0.016814499756841933,0.29069767441860467,-0.036215659228040237,-0.015562308523780367,,
NDX,breakout_4,-1,13,all,210,208,-0.058119981739593887,-0.069728725764531485,0.13824075313983381,-0.13303480913288324,0.021567851758496764,0.30288461538461536,-0.033554218761828201,-0.0245657629777657,,
NDX,breakout_13,-1,13,all,89,89,-0.056078747693648984,-0.058577542095662904,0.14665371442359787,-0.13202222739018943,0.02880232691658513,0.3258426966292135,-0.027334367295486311,-0.028744380398162669,,
NDX,fvg_disp,-1,13,all,116,116,-0.025935391077751047,-0.056539009080997626,0.13717496410515967,-0.10681518811222268,0.045620078688096671,0.37931034482758619,-0.036465962055931021,0.01053057097817996,,
NDX,fvg_raw,-1,13,all,170,170,-0.043836106543881558,-0.062637551720429285,0.14739454196328122,-0.12595864220692493,0.035957499053455244,0.3411764705882353,-0.036468628797953373,-0.0073674777459281811,,
NDX,sweep_13,1,13,all,105,105,0.027238244841766797,0.051587867069292637,0.1629261863293911,-0.030333294784813614,0.12488441630443847,0.66666666666666663,0.029207647165160222,-0.0019694023233934243,,
NDX,sweep_4,1,13,all,225,223,0.027745770367269041,0.048328216652025136,0.14517260874465218,-0.03452042126405197,0.11249950520041452,0.64125560538116588,0.03598010970536672,-0.0082343393380976907,,
NDX,sweep_52,-1,13,all,211,211,-0.037826948451491961,-0.043306655773150293,0.10281587726830117,-0.082504758722335536,0.008867314569560858,0.27014218009478674,-0.047737773772000572,0.0099108253205086108,,
NDX,breakout_52,1,13,all,307,307,0.029041532307536914,0.024310437536468887,0.10461092684539999,-0.020399755153761301,0.074483345920661193,0.66123778501628661,0.04904410887938053,-0.020002576571843612,,
NDX,sweep_fvg,-1,13,all,46,46,-0.032707440681660351,-0.055774480629399381,0.14678756790053435,-0.096063048388120409,0.043824809191741504,0.36956521739130432,-0.035079007369167081,0.0023715666875067146,,
NDX,sweep_52,1,13,all,29,29,0.012889160680949014,0.060371807266058619,0.20575257206002792,-0.16742065842061293,0.16567497197565895,0.58620689655172409,0.0067228647127215617,0.0061662959682274596,,
NDX,breakout_52,-1,13,all,25,25,-0.063310546140246407,-0.052848408000642166,0.14090297078283748,-0.16331793510646753,0.0037033902206144997,0.32000000000000001,-0.015860818014706273,-0.04744972812554013,,
NDX,breakout_1,1,13,early,461,461,0.042832418763066538,0.046761141626157521,0.12918767609022638,-0.026539908815104707,0.11263254541663481,0.67245119305856837,0.042671315230406209,0.00016110353266032029,,
NDX,fvg_raw,1,13,early,257,257,0.0521036140387858,0.046761141626157521,0.12273977747651008,-0.020928615045579302,0.11550575771651173,0.68482490272373542,0.044680977656788939,0.0074226363819968498,,
NDX,sweep_1,-1,13,early,247,247,-0.032613711346400266,-0.043276164460817057,0.11778099654031293,-0.099153881459020154,0.022993447619670315,0.30769230769230771,-0.035807574313045779,0.003193862966645511,,
NDX,breakout_4,1,13,early,364,364,0.042092874617394173,0.040962390275731564,0.12404610534706494,-0.025224271448054197,0.11335179033930964,0.67307692307692313,0.041923410198698052,0.00016946441869611942,,
NDX,sweep_1,1,13,early,229,229,0.02771004329530433,0.044045978548481912,0.14201865938102082,-0.034037495943450957,0.10461026347706026,0.6506550218340611,0.040303998823433815,-0.012593955528129492,,
NDX,sweep_13,-1,13,early,177,177,-0.035172723232370695,-0.037935809926557873,0.11196927021903592,-0.09400642599300979,0.026225623457416525,0.32768361581920902,-0.041483570361116814,0.0063108471287461141,,
NDX,sweep_4,-1,13,early,230,230,-0.04382017177462235,-0.043291410116983675,0.12469463196742157,-0.10071890690424612,0.025292167148290995,0.31304347826086959,-0.04032575058060521,-0.0034944211940171285,,
NDX,breakout_13,1,13,early,263,263,0.03767636940854005,0.033049422834829478,0.123456267603634,-0.033144220026114168,0.10056496311657526,0.63878326996197721,0.045505345551118646,-0.0078289761425786048,,
NDX,fvg_disp,1,13,early,171,171,0.051789570969247939,0.048845266660288766,0.1247000186133663,-0.018886886534131841,0.11572168707638986,0.69590643274853803,0.04767595764545119,0.004113613323796738,,
NDX,sweep_fvg,1,13,early,61,61,0.077893652626149418,0.07683574661039394,0.096250144805093835,0.0080531644707204642,0.12182944675706309,0.80327868852459017,0.054227182008447894,0.023666470617701531,,
NDX,breakout_1,-1,13,early,251,251,-0.04747073453182598,-0.051587867069292637,0.14355440022586038,-0.14584193596509276,0.026012634228151643,0.31075697211155379,-0.031835581295806957,-0.015635153236019019,,
NDX,breakout_4,-1,13,early,154,154,-0.046204943247570705,-0.047474197027574938,0.14794637417910037,-0.13553882283694252,0.042534641917946009,0.35064935064935066,-0.02839481196718981,-0.017810131280380899,,
NDX,breakout_13,-1,13,early,65,65,-0.036553513683934426,-0.043228883734097057,0.14955383300273847,-0.12746302190526659,0.04636054669753642,0.36923076923076925,-0.019314048337629015,-0.01723946534630541,,
NDX,fvg_disp,-1,13,early,89,89,-0.013711448883657719,-0.030470348257422009,0.14791944597112031,-0.11386673291208083,0.059645278096509546,0.43820224719101125,-0.033295810494337712,0.019584361610679991,,
NDX,fvg_raw,-1,13,early,116,116,-0.029848159998884523,-0.042814382072806745,0.16362421911343586,-0.12524249160526729,0.047026055270942863,0.40517241379310343,-0.030968419175465049,0.0011202591765805321,,
NDX,sweep_13,1,13,early,80,80,0.0074460441667975512,0.037101263108203275,0.1712943188245914,-0.071510737004619573,0.10639116496543377,0.61250000000000004,0.023397711268258733,-0.015951667101461179,,
NDX,sweep_4,1,13,early,163,163,0.014026390170458947,0.031298028256552923,0.15459924300082017,-0.062624248152278628,0.10155911865761613,0.59509202453987731,0.031931516204919762,-0.017905126034460813,,
NDX,sweep_52,-1,13,early,131,131,-0.038782671005483604,-0.040411695931048097,0.12241032722083872,-0.098604768231853268,0.026032314956161651,0.31297709923664124,-0.048452029351119752,0.0096693583456361511,,
NDX,breakout_52,1,13,early,180,180,0.032288384521004181,0.024225106985345191,0.12622596863440219,-0.038924934114797638,0.083085492045543496,0.61111111111111116,0.050584605414172361,-0.018296220893168177,,
NDX,sweep_fvg,-1,13,early,34,34,-0.015093681853289321,-0.022514624387742654,0.15725536817582217,-0.080107853519577166,0.056309115602453857,0.44117647058823528,-0.031010429753423857,0.015916747900134531,,
NDX,sweep_52,1,13,early,24,24,-0.036120192220811177,-0.0043874291155542311,0.18557075593559913,-0.19413845969407878,0.11230017824993765,0.5,-0.0024964818554720791,-0.033623710365339086,,
NDX,breakout_52,-1,13,early,18,18,-0.061046813015708391,-0.063080733243054743,0.16178745076398746,-0.17345107586743574,0.03301939650515015,0.3888888888888889,-0.0019404543182521788,-0.059106358697456209,,
NDX,breakout_1,1,13,late,239,236,0.032271470735394402,0.034433161006022339,0.078007479730120344,-0.0039791988685074775,0.076482589974393222,0.73305084745762716,0.046044440745507995,-0.013772970010113579,,
NDX,fvg_raw,1,13,late,136,135,0.030949413526664131,0.039932445909755421,0.079189047256947934,-0.0051568205109782661,0.077808341637545242,0.72592592592592597,0.045642867151793172,-0.014693453625129041,,
NDX,sweep_1,-1,13,late,88,88,-0.05351313054780818,-0.056652119435433024,0.08415954133090478,-0.093863710962018954,-0.0060507959251911991,0.21590909090909091,-0.045918365314923104,-0.0075947652328850861,,
NDX,breakout_4,1,13,late,188,187,0.034465147040757142,0.038816495758014824,0.076641920593295831,0.00058517214633158066,0.080471546346334244,0.74866310160427807,0.04619680998247154,-0.011731662941714384,,
NDX,sweep_1,1,13,late,87,83,0.05351593385864091,0.066321734071568716,0.082126824796437348,0.014806219804122889,0.10278227545393159,0.7831325301204819,0.044932546586614795,0.0085833872720261131,,
NDX,sweep_13,-1,13,late,88,88,-0.039476224087936093,-0.046444597821777567,0.062000032452249644,-0.076015546595641359,-0.01353052014828704,0.19318181818181818,-0.045918365314923104,0.0064421412269870084,,
NDX,sweep_4,-1,13,late,109,107,-0.047814710723717138,-0.052205642152175269,0.069757999016317754,-0.080580559543064867,-0.014929202188408763,0.18691588785046728,-0.046961138736115841,-0.0008535719876013333,,
NDX,breakout_13,1,13,late,145,145,0.029822650904200054,0.029234239378711724,0.067948075225043966,-0.00036016534408433998,0.071993083916532585,0.7448275862068966,0.046072264288809478,-0.016249613384609417,,
NDX,fvg_disp,1,13,late,64,63,0.023851442554019824,0.021870927037753063,0.076831053272978136,-0.010085367222547881,0.064490823516216267,0.68253968253968256,0.047689424935044064,-0.023837982381024254,,
NDX,sweep_fvg,1,13,late,17,16,0.042550321899706318,0.052527860927289671,0.056019422803224923,0.021135887643914775,0.075664698000440178,0.875,0.046848171615486614,-0.0042978497157802938,,
NDX,breakout_1,-1,13,late,92,90,-0.062739282717745704,-0.077517957910153146,0.10577897454435424,-0.11476185083265994,-0.00080416897965956968,0.24444444444444444,-0.047736653191580637,-0.015002629526165073,,
NDX,breakout_4,-1,13,late,53,51,-0.091289893889432969,-0.086345859835845529,0.10203692867510521,-0.13196632783481677,-0.03619885250539745,0.17647058823529413,-0.048397848783092459,-0.042892045106340516,,
NDX,breakout_13,-1,13,late,24,24,-0.10895958980329257,-0.085956302192844669,0.12671495836066557,-0.20941851835944164,-0.032191232359477906,0.20833333333333334,-0.048397848783092466,-0.060561741020200101,,
NDX,fvg_disp,-1,13,late,27,27,-0.066229126458280899,-0.076468106317579609,0.083519168186733744,-0.091690487201083415,-0.049939719620223921,0.18518518518518517,-0.046193863478053036,-0.020035262980227873,,
NDX,fvg_raw,-1,13,late,54,54,-0.073884288010912236,-0.078760177138708642,0.099167823667207514,-0.12355616269746711,-0.036527223435362632,0.20370370370370369,-0.04757135429370267,-0.026312933717209556,,
NDX,sweep_13,1,13,late,24,24,0.089568605334712767,0.10314593002268113,0.1161799432282041,0.051622540050186738,0.15107125859610937,0.83333333333333337,0.047158107049007782,0.042410498285704978,,
NDX,sweep_4,1,13,late,61,59,0.064174907578094631,0.069846657042203164,0.10908575352272334,0.010629285746200479,0.13699110115120883,0.76271186440677963,0.046044440745507981,0.018130466832586664,,
NDX,sweep_52,-1,13,late,79,79,-0.036409345030380597,-0.045402930142782516,0.059000392303846558,-0.075125465782665768,-0.01435036435503656,0.20253164556962025,-0.045635892514751891,0.0092265474843713172,,
NDX,breakout_52,1,13,late,126,126,0.024546223769148955,0.024730436012375567,0.062732429416255522,-0.0061276196827653728,0.064825968460009931,0.73015873015873012,0.04603643595626452,-0.021490212187115543,,
NDX,sweep_fvg,-1,13,late,12,12,-0.082613090695378269,-0.078485494722046356,0.10139754217548,-0.12334823741821044,-0.064954031704322179,0.16666666666666666,-0.045918365314923104,-0.036694725380455165,,
NDX,sweep_52,1,13,late,5,5,0.24813405460939791,0.2188623710016171,0.12141762556743385,0.17397820564621536,0.29795465949320321,1,0.050381435557627953,0.19775261905176997,,
NDX,breakout_52,-1,13,late,7,7,-0.069131574174772711,-0.052848408000642166,0.072087971766816111,-0.087289316502347281,-0.023876778343753124,0.14285714285714285,-0.051231544175286019,-0.0179000299994867,,
SP500,sweep_1,1,1,all,548,547,0.00222627010731742,0.00395200859390199,0.024244230083737543,-0.012000056921870283,0.015963212049385778,0.55941499085923219,0.0014737961614032329,0.00075247394591418685,,
SP500,breakout_1,1,1,all,1018,1018,0.0014850405549182637,0.0022465354114159508,0.01669181039305264,-0.0077101050042982788,0.011211172526767788,0.56188605108055012,0.0017756298444663149,-0.00029058928954805134,,
SP500,breakout_4,1,1,all,762,762,0.0011538118692857623,0.0019634131663626153,0.015392437138257496,-0.0075927845965625684,0.010151257216944654,0.55118110236220474,0.0018653327890362631,-0.0007115209197505009,,
SP500,fvg_raw,1,1,all,516,516,0.0028465333476974551,0.0037771197742021423,0.016091413381905079,-0.0062152693657389069,0.012766859579533052,0.61046511627906974,0.0019242177288719398,0.00092231561882551594,,
SP500,sweep_1,-1,1,all,595,595,-0.00062145121281243897,-0.0020274526207906263,0.020262753169210029,-0.012564486614470183,0.010648716132263147,0.43697478991596639,-0.0015635803166498151,0.00094212910383737619,,
SP500,sweep_4,-1,1,all,604,604,-0.00092843868918713061,-0.0020940030382156083,0.018279453358606361,-0.012454974086774206,0.0093351863647252176,0.43874172185430466,-0.0015939262238750184,0.00066548753468788791,,
SP500,sweep_4,1,1,all,392,392,0.0027953088081650299,0.0044106680422644207,0.025079354822622271,-0.010271697524320972,0.017365150150172481,0.56887755102040816,0.0014493800289285977,0.0013459287792364325,,
SP500,breakout_1,-1,1,all,556,556,-0.0033251312993986914,-0.0046100882501464158,0.029035445713497809,-0.017479408820160802,0.013045467143352363,0.42446043165467628,-0.0015111516157082971,-0.0018139796836903941,,
SP500,breakout_4,-1,1,all,350,350,-0.003548588997219783,-0.0036998094817640714,0.031994156997743169,-0.017421019418253136,0.013480672669016591,0.42857142857142855,-0.0013941127012901758,-0.0021544762959296074,,
SP500,fvg_raw,-1,1,all,264,264,-0.00065599167687683288,-0.00084482280479114547,0.029930379170155605,-0.015430361549729765,0.015948782126352534,0.48863636363636365,-0.0014791116793393601,0.0008231200024625279,,
SP500,sweep_13,1,1,all,181,181,0.0041798562907051735,0.0055811134992280742,0.029490405861804143,-0.010117856430976735,0.019149862420274832,0.60773480662983426,0.0012579610403183541,0.0029218952503868179,,
SP500,breakout_13,-1,1,all,148,148,-0.006096545588967787,-0.0062466817771381633,0.04134976088449361,-0.024220130283997832,0.013418894465903136,0.35135135135135137,-0.0012998186652659546,-0.0047967269237018315,,
SP500,sweep_13,-1,1,all,432,432,-0.00038110381130681897,-0.0017461136719184589,0.017970473644849643,-0.012174527559045079,0.0095736712020427217,0.45833333333333331,-0.0016509169371998246,0.0012698131258930057,,
SP500,breakout_13,1,1,all,547,547,0.00055315481611507324,0.0014792121964395388,0.014513209433817065,-0.0079769907188282363,0.0095992357671043083,0.54478976234003651,0.0019747172327597832,-0.0014215624166447097,,
SP500,breakout_52,1,1,all,426,426,5.677447115349407e-05,0.0011396209074335806,0.014039767412778592,-0.0089457861590500343,0.0093260557141830458,0.53286384976525825,0.002121689282772989,-0.0020649148116194944,,
SP500,sweep_52,-1,1,all,337,337,-0.00019588326203922091,-0.0017154761334252644,0.017595360554414463,-0.011683934376598426,0.0080694611169349617,0.45697329376854601,-0.0017776564097605927,0.0015817731477213715,,
SP500,sweep_52,1,1,all,67,67,0.0017464371080943158,0.0050283643368458364,0.037890735827548587,-0.014635854908350676,0.019671613709767999,0.53731343283582089,0.0010007096142117529,0.00074572749388256328,,
SP500,breakout_52,-1,1,all,55,55,-0.0090283798510526949,-0.0106846750306544,0.055894879088574823,-0.032178236922083103,0.0093375602702724381,0.30909090909090908,-0.00097829886649864633,-0.0080500809845540488,,
SP500,fvg_disp,-1,1,all,137,137,-0.0029365409065526186,-0.0047691132901825917,0.031400803517518242,-0.017985138828038094,0.015039018455756392,0.44525547445255476,-0.0018293779780541744,-0.001107162928498444,,
SP500,sweep_fvg,-1,1,all,53,53,-0.0044542831487720657,-0.0041054581890742625,0.030447555232610744,-0.018011907994018861,0.015039018455756392,0.45283018867924529,-0.0017266031655761357,-0.0027276799831959303,,
SP500,fvg_disp,1,1,all,270,270,0.0028032424900400776,0.0037324154318538749,0.016083243351941452,-0.0067330440000911707,0.013151794807721939,0.59629629629629632,0.002161846984149078,0.00064139550589100021,,
SP500,sweep_fvg,1,1,all,92,92,0.0034647924239433808,0.0035998061936419745,0.016707393144054165,-0.0056355385140320069,0.014525979397669142,0.59782608695652173,0.0019819599221837098,0.0014828325017596706,,
SP500,sweep_1,1,1,early,407,407,0.0018189187125071738,0.0036097484618391462,0.02431135298112878,-0.012000056921870283,0.014946693502748798,0.55282555282555279,0.0013703483216441783,0.00044857039086299624,,
SP500,breakout_1,1,1,early,660,660,0.0012910167692291982,0.0021013783181247359,0.016837877806009628,-0.0082821350815663053,0.011477521170150107,0.55151515151515151,0.0016038847907907613,-0.00031286802156156335,,
SP500,breakout_4,1,1,early,461,461,0.0015218468169110229,0.0021821447250369719,0.015585568256661476,-0.0081372935264748536,0.01104555019411646,0.54013015184381774,0.0017072375728394993,-0.00018539075592847675,,
SP500,fvg_raw,1,1,early,317,317,0.0037062360246944291,0.0045739846335994816,0.015266282376715106,-0.0059491929121270326,0.013517532885837902,0.63091482649842268,0.0017694365517657632,0.0019367994729286653,,
SP500,sweep_1,-1,1,early,435,435,-0.00063312719625833091,-0.0017812792721734194,0.017880234390559809,-0.01211275580185911,0.009808690497552397,0.44137931034482758,-0.0014454606282231638,0.00081233343196483287,,
SP500,sweep_4,-1,1,early,447,447,-0.00054641624071782857,-0.0017767512104116534,0.016607159399206973,-0.011696295625031938,0.009808690497552397,0.45190156599552572,-0.001434513216040278,0.00088809697532244954,,
SP500,sweep_4,1,1,early,297,297,0.0029919491380894754,0.0043465107030156158,0.025203016071838447,-0.010050696868410203,0.016069179255754795,0.5757575757575758,0.0013404420480392181,0.0016515070900502574,,
SP500,breakout_1,-1,1,early,403,403,-0.0024100961714498196,-0.0039526154447084849,0.024675560804604136,-0.015933814435385107,0.013360095429651053,0.43672456575682383,-0.0013746000908430886,-0.0010354960806067308,,
SP500,breakout_4,-1,1,early,253,253,-0.0021556723545538793,-0.0027798455837302338,0.02680809745568382,-0.015316138382601485,0.013485334826076611,0.45059288537549408,-0.0012701282301621891,-0.00088554412439169014,,
SP500,fvg_raw,-1,1,early,192,192,0.0012266833310997157,0.00054190627057604246,0.026028464262049023,-0.013624281758112977,0.015729369143956035,0.50520833333333337,-0.0013769408152283565,0.0026036241463280735,,
SP500,sweep_13,1,1,early,147,147,0.0036781320604683514,0.005111163459414314,0.029112449993970283,-0.0099434665798555089,0.016875227681166005,0.60544217687074831,0.0012062768333951169,0.0024718552270732333,,
SP500,breakout_13,-1,1,early,103,103,-0.0062986014110687103,-0.0062259477824460063,0.033576365910109221,-0.018471164874080737,0.0087332937309855807,0.33980582524271846,-0.0011383158223709105,-0.005160285588697802,,
SP500,sweep_13,-1,1,early,309,309,-0.00035190772050805859,-0.001623204081889762,0.016330157598691122,-0.011708656873465451,0.010165174286905332,0.46601941747572817,-0.0014752641981797968,0.0011233564776717386,,
SP500,breakout_13,1,1,early,318,318,0.0010577808660897075,0.0014774784030763266,0.015445076721324395,-0.0082589310709856312,0.010986734176912094,0.53459119496855345,0.0018275462207023104,-0.00076976535461260268,,
SP500,breakout_52,1,1,early,243,243,0.00018237632850034475,0.0010895471116789679,0.015286316511660562,-0.0090754785829701978,0.01036273166762669,0.52674897119341568,0.0019861095750152631,-0.0018037332465149181,,
SP500,sweep_52,-1,1,early,234,234,-0.00056203561805588057,-0.0017790152412925364,0.015862008079684051,-0.010778746318941601,0.0085877181197954178,0.45726495726495725,-0.0016037939426498354,0.0010417583245939544,,
SP500,sweep_52,1,1,early,53,53,0.00091781149632007839,0.0050283643368458364,0.037647603713411699,-0.014573340388125633,0.0184145105308966,0.54716981132075471,0.00095563951738805145,-3.7828021067972675e-05,,
SP500,breakout_52,-1,1,early,41,41,-0.0091831213190283062,-0.0060254523057450271,0.039366433446721423,-0.017985138828038094,0.0093001251333931778,0.31707317073170732,-0.00091467762471742224,-0.0082684436943108851,,
SP500,fvg_disp,-1,1,early,88,88,-0.0017127959274789149,-0.0035445490046062123,0.029609422126767978,-0.01638895019122083,0.014003822864302962,0.45454545454545453,-0.0019194159204894738,0.00020661999301055942,,
SP500,sweep_fvg,-1,1,early,36,36,-0.0035514923969056336,-0.0034787991252035466,0.027688266727205341,-0.012733239598926804,0.01700186107062146,0.44444444444444442,-0.0019600082645657088,-0.0015914841323399235,,
SP500,fvg_disp,1,1,early,170,170,0.003044337736065347,0.0042877017019457009,0.015117654000743157,-0.0070400433726444944,0.013151794807721939,0.60588235294117643,0.0021957743752152969,0.00084856336085005002,,
SP500,sweep_fvg,1,1,early,56,56,0.0043533518870658471,0.0056578535077443926,0.017252084304683581,-0.0070284883053862435,0.016160967772744617,0.6071428571428571,0.0019605402119557162,0.00239281167511013,,
SP500,sweep_1,1,1,late,141,140,0.0034104988050872062,0.0057991998898525576,0.024095504511929725,-0.011870248754052432,0.017450754559133252,0.57857142857142863,0.00172675756134577,0.001683741243741436,,
SP500,breakout_1,1,1,late,357,357,0.0018302638113309754,0.0022755843254589347,0.016457868050193336,-0.0064332411626415453,0.010697420533058777,0.57983193277310929,0.0020958093523607024,-0.00026554554102972661,,
SP500,breakout_4,1,1,late,300,300,0.00057112408409802033,0.0017439215156624943,0.015121826943570602,-0.006836542490787495,0.0087841467238670146,0.56666666666666665,0.0020822922199982617,-0.0015111681359002412,,
SP500,fvg_raw,1,1,late,199,199,0.0014770572240389605,0.0024473813444236825,0.017276205996332433,-0.0064127438010387894,0.010077953867001721,0.57788944723618085,0.0021740611767630223,-0.00069700395272406194,,
SP500,sweep_1,-1,1,late,160,160,-0.00058970713281892022,-0.0031846815559041231,0.025714053708443829,-0.013819249703400371,0.013977023121468674,0.42499999999999999,-0.0018532013209886151,0.0012634941881696949,,
SP500,sweep_4,-1,1,late,157,157,-0.0020161076985232966,-0.0048836556687223975,0.022393437159537864,-0.015327822569994876,0.0070049187804031021,0.40127388535031849,-0.0021214349400576087,0.00010532724153431209,,
SP500,sweep_4,1,1,late,95,95,0.0021805490398749214,0.0044748253815132255,0.024810906959640507,-0.012474567467880282,0.018122150927701308,0.54736842105263162,0.0017897253168767055,0.00039082372299821636,,
SP500,breakout_1,-1,1,late,153,153,-0.0057353218651725177,-0.0050754428110406646,0.038208172898246594,-0.027040195860634775,0.01016194859089814,0.39215686274509803,-0.0018725476070296982,-0.0038627742581428181,,
SP500,breakout_4,-1,1,late,97,97,-0.0071816602404617801,-0.00721485834046387,0.042618515421996309,-0.029109138782370536,0.012109060224364976,0.37113402061855671,-0.0017003015900294589,-0.0054813586504323204,,
SP500,fvg_raw,-1,1,late,72,72,-0.0056764583648142956,-0.0050743552468670572,0.038218882728772413,-0.022981421819282921,0.017108741592789634,0.44444444444444442,-0.001721486407707257,-0.0039549719571070384,,
SP500,sweep_13,1,1,late,34,34,0.0063490757567290796,0.012887419209855921,0.031433461594491653,-0.014459665150849621,0.023854080013334278,0.61764705882352944,0.0015145403046736823,0.0048345354520553975,,
SP500,breakout_13,-1,1,late,45,45,-0.005634062262825674,-0.0077104636947717964,0.055664414721021037,-0.037260174690707526,0.018536727949268084,0.37777777777777777,-0.0015737057731241024,-0.0040603564897015729,,
SP500,sweep_13,-1,1,late,123,123,-0.00045445008819150977,-0.0025331236542545099,0.021624536987235054,-0.013696363046764803,0.0075227164663406731,0.43902439024390244,-0.0021311028545318552,0.0016766527663403452,,
SP500,breakout_13,1,1,late,229,229,-0.00014759227511607802,0.0015062167833614915,0.013110838344804376,-0.0077130819994813971,0.0085330729514729864,0.55895196506550215,0.0021519426066767878,-0.0022995348817928659,,
SP500,breakout_52,1,1,late,183,183,-0.00011000832302838964,0.0011896947031881933,0.012228700711343533,-0.0082991338441826823,0.0085844723808046197,0.54098360655737709,0.002314088141299742,-0.0024240964643281308,,
SP500,sweep_52,-1,1,late,103,103,0.00063595801279474383,-0.00090534686736876147,0.021073699557550968,-0.012392049421142248,0.0075227164663406731,0.4563106796116505,-0.0022195684451402058,0.0028555264579349479,,
SP500,sweep_52,1,1,late,14,14,0.0048833769240967861,0.0059071449981302759,0.040077593109163048,-0.017662300575890161,0.0259626858616962,0.5,0.00090912184584263903,0.0039742550782541474,,
SP500,breakout_52,-1,1,late,14,14,-0.0085752084091241156,-0.022848835019986247,0.090603245532902457,-0.060188027249765463,0.021815432535685464,0.2857142857142857,-0.00080005117822683886,-0.0077751572308972765,,
SP500,fvg_disp,-1,1,late,49,49,-0.0051342869914196782,-0.0050732676826934497,0.034597238709676723,-0.022612859381353712,0.01669402610190307,0.42857142857142855,-0.0016768838286524569,-0.0034574031627672215,,
SP500,sweep_fvg,-1,1,late,17,17,-0.0063660753291950997,-0.0050754428110406646,0.036471657625340381,-0.018011907994018861,0.012366863994454191,0.47058823529411764,-0.0011055725746401894,-0.005260502754554911,,
SP500,fvg_disp,1,1,late,100,100,0.0023933805717971201,0.0030133325991755777,0.017676068790770886,-0.0062909921566403348,0.012802618824648171,0.57999999999999996,0.0021390018236034742,0.00025437874819364586,,
SP500,sweep_fvg,1,1,late,36,36,0.002082588814641767,0.002306856994681028,0.015962976217278758,-0.0041974597288498838,0.010034917662134601,0.58333333333333337,0.0020771422559904321,5.4465586513348759e-06,,
SP500,sweep_1,1,4,all,548,546,0.0067206146539916167,0.011188508113816775,0.047301549019712862,-0.014392779853988541,0.033064986250144313,0.59890109890109888,0.0058876412706174198,0.00083297338337419652,-0.0025187378130277879,0.0043291064271402451
SP500,breakout_1,1,4,all,1018,1018,0.0064285884276835811,0.011439400066175609,0.035970170642924598,-0.012903300019461689,0.028456348215795846,0.62770137524557956,0.0070788869233213737,-0.00065029849563779274,,
SP500,breakout_4,1,4,all,762,762,0.0050673661207428543,0.0095498520035799395,0.033814267759161812,-0.012326992971220641,0.026856272919304869,0.61679790026246717,0.0074266441459610146,-0.0023592780252181594,,
SP500,fvg_raw,1,4,all,516,515,0.0070825261179114137,0.011661018869661532,0.034767589884055566,-0.0095561653650433898,0.027950309186258071,0.66407766990291262,0.0076645549833621544,-0.00058202886545074173,,
SP500,sweep_1,-1,4,all,595,594,-0.0044252674402085182,-0.0091580699552532563,0.04080568940239987,-0.029305072405829802,0.015806220788343817,0.38215488215488214,-0.0062691323316321984,0.0018438648914236805,-0.00097956241637396049,0.0046611584122729652
SP500,sweep_4,-1,4,all,604,603,-0.0040947997504862622,-0.0086055091830734565,0.037487917231570786,-0.027063113603373212,0.01528549557229314,0.40464344941956881,-0.0063744529135404153,0.0022796531630541526,,
SP500,sweep_4,1,4,all,392,392,0.0089586375647259225,0.012657266411011947,0.049423911310781152,-0.013942037889442094,0.035820602101518217,0.62755102040816324,0.0058104527039842379,0.0031481848607416841,,
SP500,breakout_1,-1,4,all,556,555,-0.0094477128310486089,-0.010709982234965221,0.052069507295524703,-0.037131330193054923,0.019824365064089355,0.4144144144144144,-0.0060457805003105583,-0.0034019323307380518,,
SP500,breakout_4,-1,4,all,350,350,-0.010924620468776217,-0.011695604198540432,0.056338275114667734,-0.038202448367729069,0.019928098006149364,0.41999999999999998,-0.0056039294836204116,-0.0053206909851558062,,
SP500,fvg_raw,-1,4,all,264,264,-0.0061261562068426305,-0.0072754568468067493,0.056351673796552933,-0.034885912590880752,0.020563062137164273,0.44696969696969696,-0.0059277672179017258,-0.00019838898894090443,,
SP500,sweep_13,1,4,all,181,181,0.0088881091588904233,0.013628000294791276,0.054763803031962828,-0.012643968428880492,0.039082786989507845,0.62430939226519333,0.005061468783423507,0.0038266403754669154,,
SP500,breakout_13,-1,4,all,148,148,-0.017432478698879855,-0.015056188788783342,0.066992628899136181,-0.051130800142016042,0.016288013298150744,0.40540540540540543,-0.0052257222555372853,-0.01220675644334257,,
SP500,sweep_13,-1,4,all,432,431,-0.0033194675684230382,-0.007789560632955661,0.036640552236693748,-0.025796510032510711,0.014848029709238098,0.41067285382830626,-0.0066007955216842865,0.003281327953261247,,
SP500,breakout_13,1,4,all,547,547,0.0045030304675618841,0.0090738712088460627,0.031426774125610013,-0.012323822336601842,0.024846535415501303,0.61243144424131624,0.0078565650241551235,-0.0033535345565932398,,
SP500,breakout_52,1,4,all,426,426,0.0021366019483331621,0.0066894597536678591,0.031742797711044379,-0.014369433143948507,0.023739907231240753,0.5821596244131455,0.0084243852660001069,-0.0062877833176669447,,
SP500,sweep_52,-1,4,all,337,336,-0.0017370476320810672,-0.0068081945543929656,0.03546553794005116,-0.021497075954449885,0.014906122617331874,0.41964285714285715,-0.0071004828146998839,0.0053634351826188156,,
SP500,sweep_52,1,4,all,67,67,0.0035993778824696628,0.0038396697939664381,0.063256775919538794,-0.021757316445289221,0.03889834391328717,0.52238805970149249,0.004077203435927614,-0.00047782555345795126,,
SP500,breakout_52,-1,4,all,55,55,-0.032503869414897066,-0.028656332180459376,0.07944359475920805,-0.077204818586659285,0.0051457837181839716,0.30909090909090908,-0.0040141408237678745,-0.028489728591129186,,
SP500,fvg_disp,-1,4,all,137,137,-0.016019345772572326,-0.016909537916969031,0.051811492795463834,-0.039537068551974031,0.011833353971436922,0.36496350364963503,-0.0072480913295905926,-0.0087712544429817338,-0.01885311453967389,0.00059307734806635299
SP500,sweep_fvg,-1,4,all,53,53,-0.021314299470861071,-0.023697359776076343,0.055901903357504418,-0.040001552615852809,0.010378460822436431,0.30188679245283018,-0.0068139846533480826,-0.014500314817512993,-0.031156705079114898,0.00046001326225711663
SP500,fvg_disp,1,4,all,270,269,0.0065273349925009713,0.010485173214342058,0.036787939783247653,-0.0096603461976944027,0.029088797048512527,0.65427509293680297,0.0085550769985676817,-0.0020277420060667095,-0.0065194499285443049,0.0022445745767813692
SP500,sweep_fvg,1,4,all,92,91,0.0075217269306913854,0.0096398270683923926,0.036189266691198971,-0.011749091351529073,0.034121312895140643,0.64835164835164838,0.0077859556059781702,-0.00026422867528678318,-0.0076073917979551072,0.0060244942473231602
SP500,sweep_1,1,4,early,406,406,0.0070208508984408316,0.0082520039065651085,0.044450331132063849,-0.01504291396337154,0.032238259839124539,0.58128078817733986,0.0054910957109040332,0.001529755187536798,,
SP500,breakout_1,1,4,early,659,659,0.0062320068307886887,0.010764874739749741,0.036362239790430281,-0.013767084437134536,0.028028519063490243,0.62063732928679816,0.0063985802002885471,-0.00016657336949985752,,
SP500,breakout_4,1,4,early,461,461,0.0051299747476022846,0.0084478866757142779,0.034528330826208077,-0.013868812302782585,0.027083164624086775,0.60303687635574832,0.0067923660869483107,-0.0016623913393460261,,
SP500,fvg_raw,1,4,early,317,317,0.0073628165077873915,0.011333489921972362,0.034753758993553367,-0.0096963950262568543,0.028129926108261039,0.64668769716088326,0.00705503364163224,0.00030778286615515166,,
SP500,sweep_1,-1,4,early,435,435,-0.0041874966202659486,-0.0065888299705116893,0.038486376969195754,-0.027995732852924782,0.01562646768220044,0.40000000000000002,-0.0058127698180356789,0.0016252731977697307,,
SP500,sweep_4,-1,4,early,447,447,-0.0035000642786872952,-0.0057080065941161884,0.035467545060726309,-0.025929276273113255,0.016251296015038219,0.42505592841163309,-0.0057440514620763754,0.0022439871833890811,,
SP500,sweep_4,1,4,early,296,296,0.0088431217538849465,0.010956910087811522,0.046485890598675021,-0.016715902306577241,0.034942975592972325,0.60472972972972971,0.0053858174451734929,0.0034573043087114531,,
SP500,breakout_1,-1,4,early,403,403,-0.006522545635301925,-0.0084557826595323959,0.049556945187996304,-0.035163019452426503,0.021548624054401,0.4317617866004963,-0.0055076737543537611,-0.0010148718809481622,,
SP500,breakout_4,-1,4,early,253,253,-0.0059960374395327714,-0.0084557826595323959,0.051545208149668023,-0.030146176633189636,0.020264103523522703,0.44268774703557312,-0.0051066790178692653,-0.00088935842166350406,,
SP500,fvg_raw,-1,4,early,192,192,-0.0029023518474365789,-0.0028558472431144954,0.050970756623968327,-0.032341213220225262,0.021519225827469068,0.48958333333333331,-0.0055150327151427952,0.0026126808677062164,,
SP500,sweep_13,1,4,early,146,146,0.0069669655424344614,0.011875580095368377,0.053524835706935364,-0.016189429352611084,0.036609790409762588,0.60273972602739723,0.0048699433536517275,0.0020970221887827347,,
SP500,breakout_13,-1,4,early,103,103,-0.011087094234346744,-0.011530643100964522,0.06103148558560121,-0.041348396928672981,0.016883152649639799,0.41747572815533979,-0.0045848921131877857,-0.0065022021211589625,,
SP500,sweep_13,-1,4,early,309,309,-0.0030532258881492747,-0.0051863321291072406,0.033779199041303568,-0.021466329174633758,0.015732289159200108,0.4336569579288026,-0.0059151245388434073,0.0028618986506941321,,
SP500,breakout_13,1,4,early,318,318,0.0052280029304476458,0.0083653392865985499,0.031735845365765347,-0.012802915610327564,0.025584106175953691,0.60377358490566035,0.0072659946391889722,-0.0020379917087413255,,
SP500,breakout_52,1,4,early,243,243,0.0032105207705800222,0.0045476447606331849,0.032031997709143979,-0.015004841744432451,0.024507461372579975,0.57201646090534974,0.0078697429023216903,-0.0046592221317416698,,
SP500,sweep_52,-1,4,early,234,234,-0.0017415822075990464,-0.0050597771909541844,0.031457622999053546,-0.020395443058760232,0.015607156627526819,0.44017094017094016,-0.0064258430481072193,0.0046842608405081743,,
SP500,sweep_52,1,4,early,53,53,0.00079490008606472443,-0.00081462886174976656,0.05534905256457797,-0.025058420715954544,0.028017986338443768,0.47169811320754718,0.0039063618459942526,-0.0031114617599295302,,
SP500,breakout_52,-1,4,early,41,41,-0.018280477691062974,-0.018731115210000038,0.069226281951782223,-0.051698164446235539,0.013837788338594947,0.36585365853658536,-0.0037910505865720459,-0.014489427104490927,,
SP500,fvg_disp,-1,4,early,88,88,-0.014166619238660376,-0.01612822045101292,0.054883022164247751,-0.03767443025537931,0.013077994311068736,0.40909090909090912,-0.0075438777061231817,-0.0066227415325371955,,
SP500,sweep_fvg,-1,4,early,36,36,-0.025954272897306899,-0.02800339335011004,0.060186535889313456,-0.047250298552411585,0.010742184109686553,0.33333333333333331,-0.007670951699603485,-0.018283321197703418,,
SP500,fvg_disp,1,4,early,170,170,0.0081966673207341315,0.010379832538136013,0.034052860312492078,-0.0080810574828877324,0.029749366893159324,0.65294117647058825,0.0086586194181465254,-0.00046195209741239462,,
SP500,sweep_fvg,1,4,early,56,56,0.010241758587344076,0.0097506563166428473,0.038607471894649935,-0.011536505083884624,0.040218459578634402,0.6428571428571429,0.0076645129343175539,0.0025772456530265215,,
SP500,sweep_1,1,4,late,141,139,0.0055501855182179746,0.01786853743440342,0.054990106901110426,-0.011304232703668093,0.034776916596515717,0.64748201438848918,0.0066895233568469124,-0.0011393378386289374,,
SP500,breakout_1,1,4,late,357,357,0.0066133706909086085,0.011824682611376813,0.035304898591343357,-0.011549292306702763,0.02902846563893724,0.6386554621848739,0.0082480448316110174,-0.0016346741407024076,,
SP500,breakout_4,1,4,late,300,300,0.004845227264408297,0.011604577939033911,0.032728360082216322,-0.0104662282555677,0.025641857933367707,0.63666666666666671,0.0081951835515160134,-0.0033499562871077159,,
SP500,fvg_raw,1,4,late,199,198,0.0066337783725039139,0.01212397207239635,0.034873124747706215,-0.0088496496847506323,0.026964207274303154,0.69191919191919193,0.008561201364370245,-0.0019274229918663272,,
SP500,sweep_1,-1,4,late,160,159,-0.0050757725136363037,-0.013553161687755777,0.046692750216577088,-0.031671461299851766,0.016549371169740423,0.33333333333333331,-0.0072316235215137119,0.0021558510078774078,,
SP500,sweep_4,-1,4,late,157,156,-0.0057989456216025331,-0.012912608512137713,0.04283212911273343,-0.030292502850793213,0.0091147903792218876,0.34615384615384615,-0.0083358501083918082,0.0025369044867892755,,
SP500,sweep_4,1,4,late,95,95,0.0089127109151839086,0.017631165956660366,0.057992780753643836,-0.0049403172616770408,0.03752547343696766,0.69473684210526321,0.0069836263558764574,0.0019290845593074504,,
SP500,breakout_1,-1,4,late,153,152,-0.017203254803982253,-0.016694427044827265,0.05766794810672584,-0.046932738186769574,0.010280977679129361,0.36842105263157893,-0.0072974557971957092,-0.0099057990067865434,,
SP500,breakout_4,-1,4,late,97,97,-0.023779584452266855,-0.028513689046546054,0.065828899977870781,-0.062583541347471572,0.011483151308366857,0.36082474226804123,-0.0066103946646170137,-0.017169189787649843,,
SP500,fvg_raw,-1,4,late,72,72,-0.014722967831925433,-0.012538105431588287,0.068342692202949654,-0.040395814324766632,0.011441387057087776,0.33333333333333331,-0.0067006951177457112,-0.008022272714179721,,
SP500,sweep_13,1,4,late,34,34,0.016001659978929082,0.015831765224574412,0.060470465084886842,-0.0013573566574936191,0.042846409521088979,0.70588235294117652,0.0058435367918328301,0.010158123187096253,,
SP500,breakout_13,-1,4,late,45,45,-0.031956358695477853,-0.02784905090841483,0.077776527647653818,-0.081123161255919785,0.011157456643907659,0.37777777777777777,-0.006069282807934521,-0.025887075887543333,,
SP500,sweep_13,-1,4,late,123,122,-0.0039938010045262587,-0.010987824065570417,0.043195881804890965,-0.029744357820239875,0.0085695843294983365,0.35245901639344263,-0.0083728564420675645,0.0043790554375413024,,
SP500,breakout_13,1,4,late,229,229,0.0034963001479213934,0.010953408393688857,0.031033543314281022,-0.011549292306702763,0.024299645482189325,0.62445414847161573,0.0084829490763138216,-0.0049866489283924243,,
SP500,breakout_52,1,4,late,183,183,0.00071057859420208523,0.0077228233064488006,0.031385234321914326,-0.013577148607698208,0.021818513907644554,0.59562841530054644,0.009152787523558744,-0.008442208929356659,,
SP500,sweep_52,-1,4,late,103,102,-0.0017266447823633499,-0.0089615946516353739,0.04346295059132689,-0.026621210208162494,0.0086837095505035433,0.37254901960784315,-0.0087337050966894546,0.0070070603143261041,,
SP500,sweep_52,1,4,late,14,14,0.014216329540288357,0.023335585606012899,0.088923415020307067,-0.00011170671693955248,0.067837074515962159,0.7142857142857143,0.003337053528706055,0.010879276011582307,,
SP500,breakout_52,-1,4,late,14,14,-0.074158088034696881,-0.069609664119595016,0.094678694350434356,-0.10994195818512886,-0.030632586984536192,0.14285714285714285,-0.002840719069175989,-0.071317368965520905,,
SP500,fvg_disp,-1,4,late,49,49,-0.019346691384495827,-0.016909537916969031,0.046138675846321753,-0.043117030178161597,0.0020508082747991985,0.2857142857142857,-0.0065334770548229571,-0.012813214329672869,,
SP500,sweep_fvg,-1,4,late,17,17,-0.011488473391328732,-0.020578027719432956,0.045620831079620269,-0.034302749430174861,-0.00045745062566449057,0.23529411764705882,-0.0041743697376271458,-0.0073141036537015874,,
SP500,fvg_disp,1,4,late,100,99,0.0036608047318985749,0.01106417206290411,0.041087178860032846,-0.015775197469350799,0.028838579112928864,0.65656565656565657,0.0083954711043643174,-0.0047346663724657434,,
SP500,sweep_fvg,1,4,late,36,35,0.0031696762800470799,0.0076077535115934847,0.031998580519378039,-0.011770800351319222,0.024244357772969072,0.65714285714285714,0.008085613189404808,-0.0049159369093577281,,
SP500,sweep_1,1,13,all,548,544,0.020708211973297672,0.024202006339768878,0.080589326488246543,-0.023169463412500119,0.067046168053723931,0.65625,0.018945047014241517,0.0017631649590561539,,
SP500,breakout_1,1,13,all,1018,1015,0.020126074064177209,0.02799659274769617,0.06920689074226842,-0.015672237946055378,0.065200803987094824,0.66995073891625612,0.022893581790873647,-0.0027675077266964385,,
SP500,breakout_4,1,13,all,762,761,0.019274970455386647,0.028477339386309586,0.067384809175303886,-0.014549228121669144,0.061281362041727627,0.67805519053876473,0.024019800577491611,-0.0047448301221049627,,
SP500,fvg_raw,1,13,all,516,515,0.021513278515635632,0.031985322768151914,0.069909902512888838,-0.013839008949275811,0.066254142910323499,0.68932038834951459,0.024853577186995015,-0.0033402986713593802,,
SP500,sweep_1,-1,13,all,595,592,-0.01881628479975811,-0.026192289628241161,0.070830863437701619,-0.062709512338796347,0.021770582817762563,0.33783783783783783,-0.020178434930698999,0.0013621501309408913,,
SP500,sweep_4,-1,13,all,604,601,-0.018871102895711599,-0.024483863733115729,0.066933593962771584,-0.063481963944218345,0.018556732492348571,0.3577371048252912,-0.020576249504998926,0.0017051466092873292,,
SP500,sweep_4,1,13,all,392,390,0.020776331926620178,0.024060528652844582,0.082103549650881527,-0.022808573977209118,0.066735404329923032,0.65641025641025641,0.018715742658744514,0.0020605892678756624,,
SP500,breakout_1,-1,13,all,556,553,-0.025093724246635678,-0.028681025063030274,0.085377780074227388,-0.072311128742254871,0.022394453793272873,0.3309222423146474,-0.019553336573328344,-0.005540387673307336,,
SP500,breakout_4,-1,13,all,350,350,-0.031469970807667058,-0.037636977685131301,0.090529831541089262,-0.079787089601220829,0.019526578503055586,0.30857142857142855,-0.018146287992283915,-0.013323682815383143,,
SP500,fvg_raw,-1,13,all,264,263,-0.029280799115403815,-0.029346388334514861,0.089487008733251702,-0.074533257388119001,0.022117754357086183,0.3269961977186312,-0.019145754135625168,-0.010135044979778646,,
SP500,sweep_13,1,13,all,181,181,0.021375849108575509,0.025550932137660798,0.087494557037633841,-0.029191670666379399,0.072575365582136175,0.61878453038674031,0.016365811957283493,0.0050100371512920138,,
SP500,breakout_13,-1,13,all,148,148,-0.040052665350262154,-0.044163722796948357,0.10289295515746237,-0.097577758070868825,0.020643670790598895,0.3108108108108108,-0.017030153631529633,-0.023022511718732513,,
SP500,sweep_13,-1,13,all,432,431,-0.018420652816942724,-0.024711069756865323,0.062935397111786098,-0.060266781879863895,0.016576687219364006,0.3480278422273782,-0.021341137110384968,0.0029204842934422437,,
SP500,breakout_13,1,13,all,547,546,0.018383699687296987,0.029797353711063734,0.061489336323396378,-0.012548895410407102,0.058177329068034689,0.69413919413919412,0.025423992977731531,-0.0070402932904345406,,
SP500,breakout_52,1,13,all,426,425,0.014670598758177609,0.025944192585950265,0.060572569918445632,-0.013285330477037172,0.051716585086382771,0.68235294117647061,0.027295559432687563,-0.012624960674509956,,
SP500,sweep_52,-1,13,all,337,336,-0.015173850498530293,-0.022549809352658157,0.059750159180455467,-0.052653400335436418,0.016906324476365392,0.36011904761904762,-0.022985548431680918,0.007811697933150623,,
SP500,sweep_52,1,13,all,67,67,0.0077596280095691677,0.013796790206348053,0.10692819999692571,-0.0390838075673971,0.071593698556773777,0.56716417910447758,0.013282782865522307,-0.005523154855953138,,
SP500,breakout_52,-1,13,all,55,55,-0.037577230460352516,-0.043220306279489806,0.12492643319108057,-0.089886351729537295,0.037255351014619686,0.38181818181818183,-0.013383666763302533,-0.024193563697049985,,
SP500,fvg_disp,-1,13,all,137,136,-0.036548342617371762,-0.03914730924304044,0.08880978897564458,-0.07766018503827915,0.0071223988418820938,0.29411764705882354,-0.023252687493935085,-0.013295655123436671,,
SP500,sweep_fvg,-1,13,all,53,53,-0.039008146726153166,-0.037001297168020697,0.10719211919118271,-0.096848314723622986,0.011882644410505017,0.35849056603773582,-0.021926331198949732,-0.01708181552720343,,
SP500,fvg_disp,1,13,all,270,269,0.025388203909447678,0.03230036931178093,0.063487875256504581,-0.0070429627485100177,0.062289525445437199,0.70260223048327142,0.027832319655817877,-0.0024441157463701915,,
SP500,sweep_fvg,1,13,all,92,91,0.028077814950697815,0.037769047809214307,0.062585835772460519,-0.01711312565368428,0.068549630460233324,0.69230769230769229,0.025210755124844973,0.0028670598258528478,,
SP500,sweep_1,1,13,early,405,405,0.022215927380606345,0.021305421182985507,0.076852379082584063,-0.022724785096642552,0.061635976552622873,0.64938271604938269,0.017862186249121385,0.0043537411314849579,,
SP500,breakout_1,1,13,early,658,658,0.019639755095960262,0.022551044614860905,0.068311066223045558,-0.01830427687581615,0.066585223670091676,0.64133738601823709,0.020877448988190096,-0.0012376938922298362,,
SP500,breakout_4,1,13,early,459,459,0.020498690602998488,0.025586851616953288,0.067426922650636573,-0.016757914811000696,0.065201536675424165,0.65141612200435728,0.022224625880311294,-0.0017259352773128127,,
SP500,fvg_raw,1,13,early,317,317,0.020264239335495395,0.030071815783001332,0.072141135124775616,-0.017306853946207346,0.070840009677846316,0.65615141955835965,0.023053146284794185,-0.0027889069492987853,,
SP500,sweep_1,-1,13,early,432,432,-0.01759723894558261,-0.024378525420497232,0.069175748312645877,-0.062150898346144234,0.023327354393318261,0.36574074074074076,-0.019042473592113723,0.0014452346465311128,,
SP500,sweep_4,-1,13,early,443,443,-0.016078732496554286,-0.019590083688034277,0.067681669127719168,-0.061630339680287305,0.023195292061370942,0.39277652370203159,-0.018817158768318583,0.0027384262717642998,,
SP500,sweep_4,1,13,early,294,294,0.020042504846977418,0.022345036914596772,0.080314803886046268,-0.022701985902523231,0.05512501375181883,0.6462585034013606,0.017644891429125429,0.0023976134178519942,,
SP500,breakout_1,-1,13,early,402,402,-0.019251900461099637,-0.022578976032710307,0.083824568208446484,-0.066566795686671454,0.02676734736903727,0.34577114427860695,-0.018027795058174621,-0.00122410540292502,,
SP500,breakout_4,-1,13,early,252,252,-0.023813359889365757,-0.023952337203745788,0.085875530403197425,-0.073017170234044138,0.027146163875580998,0.34126984126984128,-0.016693552002674854,-0.007119807886690907,,
SP500,fvg_raw,-1,13,early,191,191,-0.023638186689434956,-0.023888500740622653,0.086928132444991479,-0.073653409602704834,0.023112375997551282,0.3193717277486911,-0.018088406032704007,-0.005549780656730942,,
SP500,sweep_13,1,13,early,145,145,0.019834795949080473,0.02257343441796511,0.083950236873681292,-0.030214833805566221,0.066842511025893669,0.60689655172413792,0.015917675380291849,0.0039171205687886226,,
SP500,breakout_13,-1,13,early,103,103,-0.026239961188398275,-0.022008700056656672,0.094718478472017587,-0.080737484301021234,0.029588960576573953,0.35922330097087379,-0.014970392318515671,-0.011269568869882611,,
SP500,sweep_13,-1,13,early,305,305,-0.016414361576147257,-0.019906588654161395,0.063797592146657575,-0.060059135392852347,0.018686488640490273,0.38032786885245901,-0.019426909505146136,0.0030125479289988791,,
SP500,breakout_13,1,13,early,316,316,0.020037891131822781,0.028142830340000646,0.063021889305357071,-0.012676351769855487,0.061630323518023278,0.67721518987341767,0.023833081579847613,-0.0037951904480248329,,
SP500,breakout_52,1,13,early,241,241,0.016247900872697559,0.021923206922528804,0.06188734757327851,-0.016642698472085105,0.057649935300833732,0.65560165975103735,0.025875710303390222,-0.0096278094306926684,,
SP500,sweep_52,-1,13,early,230,230,-0.013491349782930333,-0.01621038660923857,0.059546210659219827,-0.051556147212915848,0.018505579935415351,0.39565217391304347,-0.021183085145708117,0.0076917353627777877,,
SP500,sweep_52,1,13,early,53,53,0.004251460004488174,0.0089708638026559928,0.093584360132821384,-0.037976219540550638,0.052542090131268759,0.54716981132075471,0.012858732375171208,-0.0086072723706830355,,
SP500,breakout_52,-1,13,early,41,41,-0.022838958175922353,-0.025709172518159518,0.1011022072922541,-0.07502875238273421,0.040728106922002794,0.41463414634146339,-0.012621099182368554,-0.010217858993553798,,
SP500,fvg_disp,-1,13,early,87,87,-0.037234108314281013,-0.033494356115623347,0.0917954718101891,-0.075238824981509689,-0.00061290744312625378,0.22988505747126436,-0.024896318443499082,-0.012337789870781922,,
SP500,sweep_fvg,-1,13,early,35,35,-0.043617593662807916,-0.036929918666136707,0.12091379247119753,-0.10166982615443332,0.011534520299814721,0.34285714285714286,-0.02569673976625728,-0.01792085389655064,,
SP500,fvg_disp,1,13,early,170,170,0.030089226967620744,0.03378432390043451,0.062038748752062951,-0.0057815426255557467,0.074597827026173624,0.71176470588235297,0.028336528959221015,0.0017526980083997132,,
SP500,sweep_fvg,1,13,early,56,56,0.036021262289312031,0.041372063643705159,0.064038351126102289,-0.010802671847359363,0.082208097802792313,0.6785714285714286,0.025033779926735705,0.010987482362576326,,
SP500,sweep_1,1,13,late,141,137,0.015239792032488377,0.039388612456862315,0.090965736073677195,-0.031226306095053391,0.070277489420206951,0.67153284671532842,0.020872326691655195,-0.0056325346591668095,,
SP500,breakout_1,1,13,late,357,354,0.02078865815124975,0.034471045520013899,0.071167096069876715,-0.012176719020249666,0.062780187491334682,0.72033898305084743,0.026307628538570819,-0.0055189703873210674,,
SP500,breakout_4,1,13,late,300,299,0.017102434110586748,0.032295583754429646,0.067649946255983001,-0.012521256548094717,0.058575327225545926,0.71571906354515047,0.026131521647818443,-0.0090290875372316861,,
SP500,fvg_raw,1,13,late,199,198,0.023513002859597523,0.034552085537242427,0.066311904017911663,-0.0048899126790873937,0.062264130309402199,0.74242424242424243,0.027395956760179502,-0.0038829539005819729,,
SP500,sweep_1,-1,13,late,160,157,-0.021706850332464576,-0.037658376313918218,0.075905953817820532,-0.067154985297774417,0.012152788669793857,0.26751592356687898,-0.022528064578933384,0.00082121424646879851,,
SP500,sweep_4,-1,13,late,157,154,-0.026226281753864725,-0.041828815122522234,0.065116806031657842,-0.066421570560945886,0.0018360953050653717,0.26623376623376621,-0.026530091965794003,0.00030381021192927421,,
SP500,sweep_4,1,13,late,95,93,0.021665023384089221,0.045886440183717792,0.088585176069836888,-0.025531364492391018,0.081620906308645713,0.67741935483870963,0.021761456139033058,-9.6432754943838266e-05,,
SP500,breakout_1,-1,13,late,153,150,-0.04020020064557675,-0.045446626167429227,0.087903749816908613,-0.092374757937653207,0.0093213766937525755,0.29333333333333333,-0.023009774566951798,-0.017190426078624952,,
SP500,breakout_4,-1,13,late,97,97,-0.050577192416209615,-0.054013232001153266,0.099649554919982022,-0.10059346822141402,-0.0052991260687302866,0.22680412371134021,-0.020920928086806307,-0.029656264329403319,,
SP500,fvg_raw,-1,13,late,72,71,-0.043820133376770598,-0.042330321616466771,0.09555744469757646,-0.089917818902881419,0.017147647790390852,0.352112676056338,-0.020929012570632392,-0.022891120806138209,,
SP500,sweep_13,1,13,late,34,34,0.023912295887001229,0.043311950987500847,0.1033749767401137,-0.020764795837177885,0.094186962757886461,0.6470588235294118,0.0183055743604481,0.0056067215265531312,,
SP500,breakout_13,-1,13,late,45,45,-0.071668410431861715,-0.070311027100985912,0.1144700748484567,-0.11759128276429642,-0.039887639974038214,0.20000000000000001,-0.019435546027554214,-0.052232864404307494,,
SP500,sweep_13,-1,13,late,123,122,-0.022566509255110223,-0.03974935126137713,0.061632157955405248,-0.062772187392913015,0.0020781244433899781,0.27868852459016391,-0.02676834782287367,0.004201838567763439,,
SP500,breakout_13,1,13,late,229,228,0.015876483914645214,0.03068560588453606,0.059587081323266927,-0.012361376685740194,0.051066797763611116,0.71491228070175439,0.027099768192941947,-0.011223284278296738,,
SP500,breakout_52,1,13,late,183,182,0.012272375070529248,0.028202602135781851,0.059147013272590143,-0.011874311713320207,0.047061474605617937,0.7142857142857143,0.029374957064025705,-0.017102581993496454,,
SP500,sweep_52,-1,13,late,103,102,-0.017799964344884782,-0.033914282232977988,0.061258187603804685,-0.05773589882025254,0.005744171459217795,0.29411764705882354,-0.028060463894087662,0.010260499549202865,,
SP500,sweep_52,1,13,late,14,14,0.021040549743090071,0.090347981879390415,0.15091538760074799,-0.042069691315446273,0.10640495235289887,0.6428571428571429,0.0098974121237069591,0.011143137619383117,,
SP500,breakout_52,-1,13,late,14,14,-0.080739313579040822,-0.067244830827136393,0.17517101275432079,-0.14966068904562607,-0.004890732673399345,0.2857142857142857,-0.0091013301607125469,-0.071637983418328277,,
SP500,fvg_disp,-1,13,late,49,48,-0.0345100027646187,-0.046428003116976146,0.084852815163202588,-0.08790009029750856,0.03106254138412487,0.41666666666666669,-0.019893708814422512,-0.014616293950196188,,
SP500,sweep_fvg,-1,13,late,17,17,-0.027416997551142804,-0.051941706004043908,0.077499745806729983,-0.070806379017488652,0.02972623737396296,0.41176470588235292,-0.012240598564413126,-0.015176398986729674,,
SP500,fvg_disp,1,13,late,100,99,0.017315740072180806,0.027336480133526742,0.065432146770690522,-0.019761439108400836,0.052360964748700223,0.68686868686868685,0.026936226016144624,-0.0096204859439638097,,
SP500,sweep_fvg,1,13,late,36,35,0.015368299208915083,0.034458777801735341,0.058859659145255143,-0.026077734340152481,0.048739311834355425,0.7142857142857143,0.025741153805126926,-0.010372854596211843,,
SP500_MODERN,sweep_1,-1,1,all,369,369,-0.00096447969798323899,-0.0024118470208300824,0.022225644807142713,-0.013597399020364165,0.011855566295882691,0.43631436314363142,-0.0020496934575522951,0.0010852137595690561,,
SP500_MODERN,breakout_1,-1,1,all,366,366,-0.0045974678170481098,-0.0060895842464266936,0.030945064443053855,-0.019866874187195238,0.011157595056630804,0.39617486338797814,-0.0019617340345723881,-0.002635733782475723,,
SP500_MODERN,breakout_4,-1,1,all,225,225,-0.0047606354583356455,-0.005111163459414314,0.034565332593372557,-0.021073659791293498,0.011659142185871385,0.40000000000000002,-0.001768995345882042,-0.002991640112453604,,
SP500_MODERN,fvg_raw,-1,1,all,174,174,-0.0027914083266902721,-0.0021010261143821207,0.03294473684784413,-0.017940751216608597,0.015759224756976636,0.47126436781609193,-0.0018961478252850082,-0.00089526050140526327,,
SP500_MODERN,sweep_1,1,1,all,332,331,0.003895475584400811,0.0054127805896553305,0.025866630689059353,-0.011790266760242474,0.017376183448150728,0.58912386706948638,0.0019399510125643242,0.0019555245718364867,,
SP500_MODERN,sweep_4,1,1,all,234,234,0.0044819881984595102,0.0057609221226684326,0.02642594995447858,-0.010234220489440421,0.018419411646135087,0.5854700854700855,0.0019026495754947107,0.0025793386229647991,,
SP500_MODERN,breakout_1,1,1,all,763,763,0.0012156736429708183,0.0019182909579975593,0.017175976645678975,-0.0085724184151843574,0.011131539209221053,0.55307994757536039,0.0021714214316462658,-0.00095574778867544728,,
SP500_MODERN,sweep_4,-1,1,all,385,385,-0.0012907936384752691,-0.0024118470208300824,0.019500426769143576,-0.013517808975771484,0.0095178762314596099,0.43636363636363634,-0.0020518113073823381,0.00076101766890706831,,
SP500_MODERN,fvg_raw,1,1,all,422,422,0.0023450417454788292,0.0033694237303555363,0.016556704190155216,-0.0065253814075342809,0.012274588831905076,0.59478672985781988,0.0022651652004494248,7.9876545029404359e-05,,
SP500_MODERN,breakout_13,-1,1,all,87,87,-0.0025473659340388578,-0.0061438033268914616,0.046996761634825059,-0.026406546990591417,0.018267939327452354,0.40229885057471265,-0.0016062061480356592,-0.00094115978600319895,,
SP500_MODERN,sweep_13,1,1,all,96,96,0.008728355016106101,0.0074174166802718489,0.031437213432888592,-0.0046472232655798418,0.023388021773861734,0.66666666666666663,0.0016443880430757937,0.0070839669730303062,,
SP500_MODERN,breakout_4,1,1,all,597,597,0.00069325134805753958,0.0014757446097131144,0.016034621904657244,-0.0087815797771837456,0.010116115260186298,0.54103852596314905,0.0022251992078038451,-0.0015319478597463053,,
SP500_MODERN,breakout_13,1,1,all,450,450,0.00037036896337526269,0.0014927144899005151,0.015163786162835606,-0.0091983981575236851,0.0095815801644606458,0.54666666666666663,0.002303094476677875,-0.0019327255133026113,,
SP500_MODERN,fvg_disp,1,1,all,270,270,0.0028032424900400776,0.0037324154318538749,0.016083243351941452,-0.0067330440000911707,0.013151794807721939,0.59629629629629632,0.0022635994517148264,0.00053964303832525098,,
SP500_MODERN,sweep_fvg,1,1,all,92,92,0.0034647924239433808,0.0035998061936419745,0.016707393144054165,-0.0056355385140320069,0.014525979397669142,0.59782608695652173,0.0020900814534988892,0.0013747109704444907,,
SP500_MODERN,sweep_13,-1,1,all,282,282,-0.00069144398497278652,-0.0014645852740983178,0.019425112399675405,-0.01340522985898257,0.010460807216411877,0.46099290780141844,-0.0021293543615840986,0.0014379103766113115,,
SP500_MODERN,breakout_52,1,1,all,359,359,-6.5523498729644255e-05,0.0011896947031881933,0.014213412916673546,-0.0092977212569719248,0.0093189037879360948,0.5348189415041783,0.0023820283193786273,-0.0024475518181082713,,
SP500_MODERN,sweep_52,-1,1,all,234,234,-0.00074798102271824384,-0.0018144105884350115,0.018986631410879699,-0.013071355965324438,0.0090968276112467772,0.44871794871794873,-0.0021926447220623423,0.0014446636993440984,,
SP500_MODERN,fvg_disp,-1,1,all,133,133,-0.0023925492904908132,-0.0047691132901825917,0.030939040475282748,-0.017985138828038094,0.015039018455756392,0.45112781954887216,-0.0018862694511288052,-0.00050627983936200676,,
SP500_MODERN,sweep_fvg,-1,1,all,49,49,-0.0031016318024997733,-0.0041054581890742625,0.029091477024056962,-0.018011907994018861,0.015039018455756392,0.46938775510204084,-0.0017469641457475008,-0.0013546676567522729,,
SP500_MODERN,breakout_52,-1,1,all,23,23,-0.0081395519853847947,-0.017095792336778493,0.074127058519139838,-0.046659047391258812,0.0093375602702724381,0.30434782608695654,-0.0011608595250249694,-0.0069786924603598239,,
SP500_MODERN,sweep_52,1,1,all,26,26,0.0054615287565864317,0.012980817030961433,0.045455735754591081,-0.01396635136984184,0.038227314151503933,0.57692307692307687,0.0012783628966300557,0.0041831658599563778,,
SP500_MODERN,sweep_1,-1,1,early,269,269,-0.0011904152066647214,-0.0016472449583673221,0.021220953089948674,-0.014453107448502589,0.01233483159624571,0.44237918215613381,-0.0019070484675678978,0.00071663326090317585,,
SP500_MODERN,breakout_1,-1,1,early,264,264,-0.003703879191692792,-0.0058856224797964041,0.030498855607680158,-0.018108607932315945,0.011691469445215374,0.40151515151515149,-0.0017522445121636897,-0.0019516346795291023,,
SP500_MODERN,breakout_4,-1,1,early,165,165,-0.0029002455232212112,-0.0029883379562507528,0.033708635799876971,-0.017448754726711702,0.012109060224364976,0.4303030303030303,-0.0015026052588429047,-0.0013976402643783067,,
SP500_MODERN,fvg_raw,-1,1,early,131,131,-0.0015460438986010297,0.00061580136815519992,0.033436469706252504,-0.017628171554515903,0.016598497471853435,0.50381679389312972,-0.0017014199749540177,0.00015537607635298834,,
SP500_MODERN,sweep_1,1,1,early,240,240,0.0047398423702664913,0.0053394936096397005,0.027550782290843581,-0.011572871061408391,0.018719975880283624,0.58750000000000002,0.00173218975590199,0.003007652614364502,,
SP500_MODERN,sweep_4,1,1,early,170,170,0.0049061704369114806,0.005541568887312498,0.027814111011954457,-0.0099487190762186928,0.018368202900030606,0.58823529411764708,0.0016832945591516637,0.003222875877759818,,
SP500_MODERN,breakout_1,1,1,early,502,502,0.00089583059677847399,0.0016064344249683282,0.01791713118409034,-0.0092416524171862746,0.011432387045093084,0.54183266932270913,0.0019981343593790924,-0.0011023037626006176,,
SP500_MODERN,sweep_4,-1,1,early,274,274,-0.00055531704153043442,-0.001411983561100838,0.018765752789018202,-0.01330014596013912,0.01138203778659394,0.45255474452554745,-0.0018681213705924197,0.0013128043290619848,,
SP500_MODERN,fvg_raw,1,1,early,274,274,0.0025360915984812345,0.0040877716075674586,0.017372031048086101,-0.0070400433726444944,0.013676894418904184,0.6058394160583942,0.0021419453273698323,0.00039414627111140227,,
SP500_MODERN,breakout_13,-1,1,early,60,60,-0.00059305750057387361,-0.0050470865733136527,0.046852482737437286,-0.018428758676806156,0.017808962139862883,0.43333333333333335,-0.0011615357279990473,0.00056847822742517361,,
SP500_MODERN,sweep_13,1,1,early,76,76,0.0079896806377071691,0.0070666372742735906,0.032877978901883785,-0.0028448334040648282,0.018828674092969122,0.65789473684210531,0.0014232884742856713,0.0065663921634214958,,
SP500_MODERN,breakout_4,1,1,early,382,382,0.0007572386773383173,0.0013378031380780753,0.016991334642465165,-0.0094106603270998068,0.010968550239947195,0.53141361256544506,0.002075757456323542,-0.0013185187789852249,,
SP500_MODERN,breakout_13,1,1,early,281,281,0.00046190092364106126,0.001225343254134259,0.016437386266297767,-0.0092423032205060096,0.01051967350516736,0.53736654804270467,0.0021880546429893701,-0.0017261537193483088,,
SP500_MODERN,fvg_disp,1,1,early,198,198,0.002738387615031881,0.0042877017019457009,0.016733059816003218,-0.0083565865910350534,0.013844835469431049,0.59595959595959591,0.0021706903446072155,0.0005676972704246662,,
SP500_MODERN,sweep_fvg,1,1,early,69,69,0.0027808287530749938,0.003687403184503113,0.01830715840696023,-0.0098643034499157345,0.015061936261363762,0.56521739130434778,0.0019555814047948969,0.00082524734828009756,,
SP500_MODERN,sweep_13,-1,1,early,195,195,-0.00085867016364104241,-0.0010574187635481458,0.01920648582261706,-0.013703894259531779,0.012950482577938571,0.46153846153846156,-0.0019654800880948044,0.0011068099244537616,,
SP500_MODERN,breakout_52,1,1,early,212,212,-0.00029109219841302251,0.00087577260267479584,0.015359065863651435,-0.0097928577856281618,0.010360693790847531,0.52358490566037741,0.0022992027141620214,-0.0025902949125750432,,
SP500_MODERN,sweep_52,-1,1,early,158,158,-0.00082568006297236948,-0.0014645852740983178,0.018524947508201658,-0.01330014596013912,0.009943554687286138,0.44303797468354428,-0.0020364900988221551,0.0012108100358497853,,
SP500_MODERN,fvg_disp,-1,1,early,107,107,-0.0011331841778849502,-0.0004091484832500214,0.032455932013063543,-0.017691694436072658,0.016598497471853435,0.48598130841121495,-0.0017660597174581438,0.00063287553957319361,,
SP500_MODERN,sweep_fvg,-1,1,early,42,42,-0.0021869405516525275,-0.0010302766971491129,0.030759917032019666,-0.017099142712614535,0.019180679308227533,0.5,-0.0016581815552380789,-0.00052875899641444818,,
SP500_MODERN,breakout_52,-1,1,early,16,16,-0.0068333437128425961,-0.013890233683716446,0.073175813516654961,-0.038094771269214178,0.0093188427018328079,0.3125,-0.00046021292572903644,-0.0063731307871135595,,
SP500_MODERN,sweep_52,1,1,early,19,19,0.0017555965858152322,0.010972915242380532,0.050398675144714314,-0.014642539030683133,0.041527594438312554,0.52631578947368418,0.0008415237085901121,0.00091407287722512114,,
SP500_MODERN,sweep_1,-1,1,late,100,100,-0.00035671317963005154,-0.0035326287242652965,0.024831874315532302,-0.012303863150937733,0.011514375811133182,0.41999999999999998,-0.0024178858426201722,0.0020611726629901207,,
SP500_MODERN,breakout_1,-1,1,late,102,102,-0.0069102854356148172,-0.0069787625739839987,0.032108896406990654,-0.02698662621403608,0.0075449319347985211,0.38235294117647056,-0.0024804408002035527,-0.0044298446354112658,,
SP500_MODERN,breakout_4,-1,1,late,60,60,-0.0098767077799003407,-0.0081667631493841375,0.036623735620606994,-0.032520161923958235,0.0043683227799652946,0.31666666666666665,-0.002483529933911374,-0.0073931778459889663,,
SP500_MODERN,fvg_raw,-1,1,late,43,43,-0.0065854255378458709,-0.0061438033268914616,0.031473616808477094,-0.018814293632871681,0.01256920680253415,0.37209302325581395,-0.0024847512193307449,-0.0041006743185151278,,
SP500_MODERN,sweep_1,1,1,late,92,91,0.0016685741711286854,0.0061856191900497848,0.020753304008799205,-0.012095705052837413,0.015645064936451347,0.59340659340659341,0.0024529441155515174,-0.00078436994442283175,,
SP500_MODERN,sweep_4,1,1,late,64,64,0.0033552541275714623,0.0064641429987769561,0.022486913006109121,-0.010627504835562268,0.018314925079222111,0.578125,0.0024449640302777933,0.00091029009729367031,,
SP500_MODERN,breakout_1,1,1,late,260,260,0.0017583890293314068,0.0021431248635734867,0.015653282672230904,-0.0066298981365847942,0.010058873170409433,0.57307692307692304,0.0024754506611370719,-0.00071706163180566514,,
SP500_MODERN,sweep_4,-1,1,late,111,111,-0.0031062944273300861,-0.0059171754562881151,0.021185418973771096,-0.014828096017676429,0.0064826302829095739,0.3963963963963964,-0.0024892072607257481,-0.00061708716660433861,,
SP500_MODERN,fvg_raw,1,1,late,147,147,0.001864269634220633,0.0021663326449383735,0.014951657799726875,-0.0058520995553247857,0.0089646719088025684,0.5714285714285714,0.0024653103493897342,-0.00060104071516910119,,
SP500_MODERN,breakout_13,-1,1,late,27,27,-0.0068902735639610451,-0.0077104636947717964,0.047916299872059392,-0.035795904284055768,0.020053629064170908,0.33333333333333331,-0.0025885604799772959,-0.0043017130839837492,,
SP500_MODERN,sweep_13,1,1,late,20,20,0.011535317654022043,0.016490349865158849,0.025769407849406796,-0.013300958541036079,0.02517072754893851,0.69999999999999996,0.0024572722973948942,0.0090780453566271513,,
SP500_MODERN,breakout_4,1,1,late,214,214,0.00048567755920252023,0.0015378844283444604,0.014180320196027617,-0.0067728961288777978,0.0086084469669874819,0.55607476635514019,0.0024646342515583929,-0.0019789566923558719,,
SP500_MODERN,breakout_13,1,1,late,168,168,9.6434473797353597e-05,0.0017644095583085884,0.012753683460486887,-0.0079802064439069842,0.0085339355157144636,0.55952380952380953,0.0024666500247222077,-0.0023702155509248541,,
SP500_MODERN,fvg_disp,1,1,late,71,71,0.0027324484810807596,0.0025331236542545099,0.014194017500989494,-0.0052084204948724677,0.0093548695315586183,0.59154929577464788,0.0025071987893628489,0.00022524969171791015,,
SP500_MODERN,sweep_fvg,1,1,late,22,22,0.0048278562119473574,0.0029797952736022593,0.010332388877472971,-0.0012826502809665796,0.009145653978479662,0.68181818181818177,0.0025288840333489325,0.0022989721785984258,,
SP500_MODERN,sweep_13,-1,1,late,87,87,-0.00031662668795773031,-0.0025331236542545099,0.020014231036204245,-0.012392049421142248,0.0072296780494278123,0.45977011494252873,-0.0024799081909435833,0.0021632815029858522,,
SP500_MODERN,breakout_52,1,1,late,146,146,0.00011998443590304037,0.001399811630621639,0.012346339887159644,-0.0083728005589282228,0.008634591264799707,0.54794520547945202,0.0024626677021585535,-0.0023426832662555128,,
SP500_MODERN,sweep_52,-1,1,late,76,76,-0.00058644880745308795,-0.0022232343488496342,0.020037788119725758,-0.012498447369295229,0.0070102053535730235,0.46052631578947367,-0.0024987317234735468,0.001912282916020458,,
SP500_MODERN,fvg_disp,-1,1,late,26,26,-0.0075753211000610943,-0.0068071715854493009,0.023517167416984175,-0.018310460343612944,0.0082210802269788996,0.30769230769230771,-0.0023966777515876305,-0.0051786433484734646,,
SP500_MODERN,sweep_fvg,-1,1,late,7,7,-0.0085897793075832476,-0.012150659916826623,0.016248196350602897,-0.020785482668024713,0.00259649676142365,0.2857142857142857,-0.0022884732055032321,-0.0063013061020800159,,
SP500_MODERN,breakout_52,-1,1,late,7,7,-0.011125170894052674,-0.028601877703194001,0.082133900961926132,-0.055910690925103479,0.0076896630333922467,0.2857142857142857,-0.0027386041172143285,-0.0083865667768383435,,
SP500_MODERN,sweep_52,1,1,late,7,7,0.015520487505822547,0.017483856202978876,0.028768901963033063,-0.00045424170027780209,0.023503788926850011,0.7142857142857143,0.0024010059334310064,0.013119481572391541,,
SP500_MODERN,sweep_1,-1,4,all,369,368,-0.0052338210796363388,-0.010298220613754627,0.042581746869695167,-0.030817377957677916,0.017625552782870257,0.375,-0.0081591653372990545,0.0029253442576627148,-0.00083145884887029186,0.0065092143218834133
SP500_MODERN,breakout_1,-1,4,all,366,365,-0.013894870245630488,-0.015102706028006452,0.053634429324111957,-0.040757601256242948,0.013837788338594947,0.36712328767123287,-0.0077781113535959814,-0.0061167588920345069,,
SP500_MODERN,breakout_4,-1,4,all,225,225,-0.01829932307696468,-0.019015813350231614,0.0579490983887525,-0.044586855212639387,0.013262377300665262,0.35999999999999999,-0.0070381601988148872,-0.011261162878149791,,
SP500_MODERN,fvg_raw,-1,4,all,174,174,-0.012490931936629323,-0.01311100178287028,0.060731883024032797,-0.039468543545551515,0.016871649036401593,0.39655172413793105,-0.0075310918285551205,-0.0049598401080742024,,
SP500_MODERN,sweep_1,1,4,all,332,330,0.0079111762498937817,0.014134757107741369,0.050854392492040566,-0.013495134824897392,0.033880132132099061,0.61818181818181817,0.0076914112257661614,0.00021976502412762022,-0.0051294745093812318,0.0048261633802792964
SP500_MODERN,sweep_4,1,4,all,234,234,0.012203833060503551,0.016361577057140364,0.053510249877741459,-0.010291172862323339,0.039286610087443885,0.65811965811965811,0.0075580324930151384,0.0046458005674884107,,
SP500_MODERN,breakout_1,1,4,all,763,763,0.0068349717982585803,0.011880213255067051,0.036359876115485683,-0.012324537715852957,0.029250455646975815,0.6317169069462647,0.0086250571747242735,-0.0017900853764656918,,
SP500_MODERN,sweep_4,-1,4,all,385,384,-0.0059450832343606987,-0.010209932674094535,0.037235421501973912,-0.028379313445960452,0.013081679804569257,0.390625,-0.0081591077856833852,0.0022140245513226861,,
SP500_MODERN,fvg_raw,1,4,all,422,421,0.0066645274216328553,0.011374501272810145,0.035302103327457021,-0.0096603461976944027,0.028437901663346477,0.66508313539192399,0.0090015855818320282,-0.002337058160199172,,
SP500_MODERN,breakout_13,-1,4,all,87,87,-0.02241967996864349,-0.012562155369840955,0.071897271551108546,-0.058532624898187557,0.015744275747733794,0.44827586206896552,-0.006378971373630006,-0.016040708595013491,,
SP500_MODERN,sweep_13,1,4,all,96,96,0.019097565569312993,0.024580445014782071,0.060776128980507868,-0.0023525961189787004,0.046188189640998523,0.69791666666666663,0.0065328769932507108,0.012564688576062284,,
SP500_MODERN,breakout_4,1,4,all,597,597,0.0052409867465948966,0.010721862862083542,0.034376680509394325,-0.012947776404588884,0.027786860755547815,0.61474036850921276,0.00883908747993843,-0.0035981007333435316,,
SP500_MODERN,breakout_13,1,4,all,450,450,0.0054119671349456598,0.0099851021948748064,0.032009487655951033,-0.011937817305040593,0.026274990034442391,0.61777777777777776,0.0091510328875985293,-0.0037390657526528712,,
SP500_MODERN,fvg_disp,1,4,all,270,269,0.0065273349925009713,0.010485173214342058,0.036787939783247653,-0.0096603461976944027,0.029088797048512527,0.65427509293680297,0.0089887752789481971,-0.0024614402864472241,-0.0066089036280944889,0.0013288122762000582
SP500_MODERN,sweep_fvg,1,4,all,92,91,0.0075217269306913854,0.0096398270683923926,0.036189266691198971,-0.011749091351529073,0.034121312895140643,0.64835164835164838,0.0082501393092501499,-0.00072841237855876615,-0.0081566126921442141,0.00579256979353923
SP500_MODERN,sweep_13,-1,4,all,282,281,-0.0052089581172533395,-0.0088630745140041434,0.038175479569204897,-0.027960357804911462,0.0132988499470299,0.39857651245551601,-0.0084699555918223528,0.0032609974745690154,,
SP500_MODERN,breakout_52,1,4,all,359,359,0.0029750187780995174,0.0070105017328925268,0.032204597968509947,-0.014297482540035822,0.02447862023860925,0.59052924791086348,0.0094704818367389813,-0.006495463058639463,,
SP500_MODERN,sweep_52,-1,4,all,234,233,-0.0036728099512206938,-0.0087666375508275163,0.03741967229159672,-0.025962140498486219,0.0132988499470299,0.39914163090128757,-0.0087390611014263077,0.0050662511502056152,,
SP500_MODERN,fvg_disp,-1,4,all,133,133,-0.014237123499459436,-0.016909537916969031,0.048582625851374135,-0.039488742373634977,0.011611811913948333,0.36090225563909772,-0.0075075257595731467,-0.0067295977398862889,-0.01615247390051747,0.0021376215004061949
SP500_MODERN,sweep_fvg,-1,4,all,49,49,-0.016909080133496592,-0.023697359776076343,0.048054664602731695,-0.039537068551974031,0.0084471823482903385,0.2857142857142857,-0.0069490731676008985,-0.0099600069658956937,-0.025123028012964566,0.0047274997708270719
SP500_MODERN,breakout_52,-1,4,all,23,23,-0.055618625319148879,-0.04584946752489838,0.085481458359736168,-0.1074754989452017,-0.0090521975811959643,0.2608695652173913,-0.0046028441478527882,-0.051015781171296085,,
SP500_MODERN,sweep_52,1,4,all,26,26,0.012107819428500708,0.012141976302804114,0.078282830674303264,-0.0067150417329731871,0.067173767857795219,0.61538461538461542,0.0050371000719426021,0.0070707193565581021,,
SP500_MODERN,sweep_1,-1,4,early,268,268,-0.004310817236226212,-0.0088677360622434476,0.040684793138630097,-0.031749478362698091,0.021287595673266713,0.40671641791044777,-0.0075318113236452298,0.0032209940874190165,,
SP500_MODERN,breakout_1,-1,4,early,264,264,-0.012491920964035636,-0.013852119978176147,0.052572846156682521,-0.037619710321103728,0.016543088807120743,0.37121212121212122,-0.0069026421751856417,-0.005589278788849998,,
SP500_MODERN,breakout_4,-1,4,early,165,165,-0.015925162154351143,-0.017144678525244705,0.05521128092307629,-0.03705355082318107,0.015358766112069211,0.36969696969696969,-0.0059314400463306265,-0.0099937221080205179,,
SP500_MODERN,fvg_raw,-1,4,early,131,131,-0.013243596885672084,-0.016909537916969031,0.058056799155412842,-0.039512905462804504,0.018050237892183907,0.41984732824427479,-0.0066980915952748622,-0.0065455052903972237,,
SP500_MODERN,sweep_1,1,4,early,239,239,0.0045646662268289829,0.010987775726792437,0.055542595551811617,-0.019087912035261057,0.032592489075711106,0.58577405857740583,0.0068205503264891229,-0.0022558840996601387,,
SP500_MODERN,sweep_4,1,4,early,169,169,0.0097282704553353274,0.014063251844525171,0.057981400612467766,-0.014884013517432293,0.036755541914721857,0.62130177514792895,0.0066305020544533298,0.0030977684008819967,,
SP500_MODERN,breakout_1,1,4,early,501,501,0.0073550130629366486,0.012936464245062229,0.037969430292150788,-0.013988309404499022,0.031019448689388662,0.6347305389221557,0.0078734095200668902,-0.0005183964571302415,,
SP500_MODERN,sweep_4,-1,4,early,274,274,-0.0053967063310361111,-0.0088677360622434476,0.033726152876418378,-0.028046412472857496,0.015634024897419913,0.41240875912408759,-0.0073850580284990546,0.001988351697462943,,
SP500_MODERN,fvg_raw,1,4,early,274,274,0.0072448079741342574,0.011261284200126287,0.036574214391786625,-0.010619711602075227,0.030269444495152176,0.65693430656934304,0.0084552591452181289,-0.0012104511710838721,,
SP500_MODERN,breakout_13,-1,4,early,60,60,-0.019112913344918919,-0.012046399235402738,0.067471385507295881,-0.041078923661450828,0.015551520929901502,0.45000000000000001,-0.0045635412519913583,-0.014549372092927563,,
SP500_MODERN,sweep_13,1,4,early,76,76,0.01703912174053418,0.026955440489293436,0.064413925611904399,-0.0024869479989183818,0.045708085728971726,0.68421052631578949,0.0056187597941579365,0.011420361946376242,,
SP500_MODERN,breakout_4,1,4,early,381,381,0.0057738824126490852,0.011333489921972362,0.036758253419406084,-0.015674120532472635,0.030157800139568591,0.61679790026246717,0.008168744683502021,-0.0023948622708529353,,
SP500_MODERN,breakout_13,1,4,early,280,280,0.0070181452238962765,0.011044373403723329,0.032921404310656793,-0.012367642016260699,0.028480012910034991,0.63214285714285712,0.0086185744430131161,-0.0016004292191168388,,
SP500_MODERN,fvg_disp,1,4,early,198,198,0.0078387972115312905,0.010743368800916642,0.036064598049828415,-0.0094751819530006498,0.030269444495152176,0.65151515151515149,0.0085818664781178635,-0.00074306926658657493,,
SP500_MODERN,sweep_fvg,1,4,early,69,69,0.0064462990114470455,0.0090964218495244165,0.0396350596656634,-0.014808726746755596,0.036831790504959994,0.60869565217391308,0.0076696609001605746,-0.0012233618887135312,,
SP500_MODERN,sweep_13,-1,4,early,195,195,-0.005259634908253351,-0.0072913725475973745,0.034598588572034072,-0.027601859994967337,0.01578157691196258,0.42051282051282052,-0.0077713332588515115,0.0025116983505981605,,
SP500_MODERN,breakout_52,1,4,early,211,211,0.0038570074424250935,0.0067067578395061389,0.033350215001992201,-0.01681183047095669,0.026632343838030481,0.59241706161137442,0.0090798774138816287,-0.0052228699714565339,,
SP500_MODERN,sweep_52,-1,4,early,158,158,-0.0039871782486910132,-0.0071686802198019928,0.032828665241542626,-0.023180746020980081,0.015607156627526819,0.41772151898734178,-0.0080848364548315784,0.004097658206140567,,
SP500_MODERN,fvg_disp,-1,4,early,107,107,-0.012545614277273343,-0.017542995436327313,0.050704348476994295,-0.038271146598408023,0.012366478626093191,0.3925233644859813,-0.006962064045020238,-0.0055835502322531035,,
SP500_MODERN,sweep_fvg,-1,4,early,42,42,-0.017435179924445609,-0.027770960646826715,0.050381532657212971,-0.039885431599883114,0.0098956412038999075,0.30952380952380953,-0.006540005132251437,-0.01089517479219417,,
SP500_MODERN,breakout_52,-1,4,early,16,16,-0.042177862957788137,-0.031993487461155268,0.084094285299406796,-0.099130075291186226,0.0015520445018109563,0.3125,-0.0018340577569344722,-0.04034380520085367,,
SP500_MODERN,sweep_52,1,4,early,19,19,0.0025013554593919548,0.007374414688639197,0.08318598674361051,-0.013554614495376871,0.045720769295297559,0.57894736842105265,0.0032581872979554672,-0.00075683183856351563,,
SP500_MODERN,sweep_1,-1,4,late,100,99,-0.0073552989053361677,-0.015862384930428242,0.047533644562484489,-0.028448362270077854,0.002403962658134029,0.29292929292929293,-0.0097132744417282816,0.0023579755363921139,,
SP500_MODERN,breakout_1,-1,4,late,102,101,-0.017561985199502177,-0.018447417334755078,0.056419561825613446,-0.050182550172383156,0.0076690644863555146,0.35643564356435642,-0.0099388058050842963,-0.0076231793944178845,,
SP500_MODERN,breakout_4,-1,4,late,60,60,-0.024828265614151902,-0.028457809653589683,0.064939013515637342,-0.063218847919730814,0.008659365811395231,0.33333333333333331,-0.0099629036767853469,-0.014865361937366556,,
SP500_MODERN,fvg_raw,-1,4,late,43,43,-0.010197929417452536,-0.0086577864563943674,0.068939122341585238,-0.038180109384403083,0.010903840213425664,0.32558139534883723,-0.0099672576750712265,-0.00023067174238130896,,
SP500_MODERN,sweep_1,1,4,late,92,90,0.016084192789966419,0.01931341199271186,0.034152448013626095,-0.0049967748834063019,0.037336433779068035,0.69999999999999996,0.0098380890592568142,0.0062461037307096033,,
SP500_MODERN,sweep_4,1,4,late,64,64,0.017804119469536209,0.019520128334446496,0.038981693293774114,-4.1059152401740073e-05,0.03986971197228717,0.75,0.0098254125746640737,0.0079787068948721368,,
SP500_MODERN,breakout_1,1,4,late,260,260,0.0058237993998810529,0.011410951559722937,0.033238533722289597,-0.010399545700915586,0.025246870388197507,0.62307692307692308,0.009934100303509533,-0.0041103009036284792,,
SP500_MODERN,sweep_4,-1,4,late,111,110,-0.0073110402480964908,-0.01351435850409255,0.044947281013253994,-0.02852091725370276,0.002840677716197948,0.33636363636363636,-0.0099714137643441177,0.0026603735162476203,,
SP500_MODERN,fvg_raw,1,4,late,147,146,0.0055805714114759127,0.011467258481685505,0.033006900416163464,-0.0080660850591144362,0.024950412574970993,0.67808219178082196,0.0098885278430525907,-0.0043079564315766797,,
SP500_MODERN,breakout_13,-1,4,late,27,27,-0.029768050243586974,-0.016115979737523878,0.081770737553289466,-0.091599344500335911,0.016499468328317668,0.44444444444444442,-0.010337347529370947,-0.019430702714216028,,
SP500_MODERN,sweep_13,1,4,late,20,20,0.026919652118672487,0.014190996413485535,0.044822945771834953,-0.0005542310275069573,0.057408678227400201,0.75,0.0098692927136389483,0.017050359405033539,,
SP500_MODERN,breakout_4,1,4,late,214,214,0.0042662887613406095,0.0092972892398367479,0.029909622197950254,-0.010118129015670912,0.023934274331716687,0.60747663551401865,0.0098955387780725219,-0.005629250016731909,,
SP500_MODERN,breakout_13,1,4,late,168,168,0.0027039908003787375,0.0087885134899616801,0.030532850468439256,-0.011649644632482248,0.022798754925631048,0.5892857142857143,0.0099027252004769487,-0.0071987344000982115,,
SP500_MODERN,fvg_disp,1,4,late,71,70,0.0028263718797200466,0.010059897037036913,0.039040982660108969,-0.0093279472501141825,0.027832729672373768,0.65714285714285714,0.010029768650461348,-0.0072033967707413006,,
SP500_MODERN,sweep_fvg,1,4,late,22,21,0.011131299303995595,0.011880213255067051,0.023119182004138032,0.0018198342039972282,0.029088797048512527,0.76190476190476186,0.010069887634666949,0.0010614116693286476,,
SP500_MODERN,sweep_13,-1,4,late,87,86,-0.0050940514399858703,-0.011946957001715219,0.045481877290006613,-0.028022457372614662,0.0034042281091390958,0.34883720930232559,-0.0099346026879271344,0.0048405512479412632,,
SP500_MODERN,breakout_52,1,4,late,146,146,0.0016312950507881543,0.0076181262441018527,0.030764696321226741,-0.011446134418888365,0.02164508612140309,0.5821917808219178,0.0098885278430525907,-0.0082572327922644378,,
SP500_MODERN,sweep_52,-1,4,late,76,75,-0.0030105407378832197,-0.0089767769508637407,0.045855685348468719,-0.026026795937967306,0.0043499026257343698,0.35999999999999999,-0.010000348062043907,0.0069898073241606885,,
SP500_MODERN,fvg_disp,-1,4,late,26,26,-0.021198334529225277,-0.010341041418577279,0.038714902914295087,-0.04218975939894648,-0.0015971063511951988,0.23076923076923078,-0.0096532674140703337,-0.011545067115154944,,
SP500_MODERN,sweep_fvg,-1,4,late,7,7,-0.013752481387802495,-0.020578027719432956,0.033397635056832915,-0.031552653418688736,-0.003081524291151938,0.14285714285714285,-0.0092675079505549502,-0.0044849734372475452,,
SP500_MODERN,breakout_52,-1,4,late,7,7,-0.086340367859401995,-0.087973608775286483,0.086776319613369582,-0.10976527548520043,-0.040156143931334043,0.14285714285714285,-0.010872267318778944,-0.075468100540623043,,
SP500_MODERN,sweep_52,1,4,late,7,7,0.03818250734465304,0.05529188801948548,0.060737226546157035,-0.0012820941311958989,0.078215428560976297,0.7142857142857143,0.0096686977926109495,0.028513809552042087,,
SP500_MODERN,sweep_1,-1,13,all,369,366,-0.023236916415230451,-0.03417426292646697,0.073143611380175069,-0.06644682152415704,0.0078176636953979084,0.29781420765027322,-0.026515429833437496,0.0032785134182070478,,
SP500_MODERN,breakout_1,-1,13,all,366,363,-0.034930649901336958,-0.038776686617111311,0.085932345644351274,-0.081891449567907837,0.0075629197751194144,0.28099173553719009,-0.025423195786801665,-0.0095074541145352947,,
SP500_MODERN,breakout_4,-1,13,all,225,225,-0.043216951154015422,-0.047326688608585465,0.093343999714238929,-0.089952128911929607,-0.00096467506552166959,0.24444444444444444,-0.022968837833253632,-0.020248113320761787,,
SP500_MODERN,fvg_raw,-1,13,all,174,173,-0.040152152064113558,-0.039887639974038214,0.091887911829068497,-0.084294047412261097,0.0069293417623256248,0.2774566473988439,-0.024574236274895658,-0.015577915789217901,,
SP500_MODERN,sweep_1,1,13,all,332,328,0.027737534175466302,0.030844974529710578,0.08564557213431076,-0.01003791093992934,0.074227146763487295,0.72865853658536583,0.0251097794643272,0.0026277547111390985,,
SP500_MODERN,sweep_4,1,13,all,234,232,0.029753208629229078,0.030669146015509519,0.087346247942378233,-0.0063501730952908453,0.078420293224223669,0.73706896551724133,0.024620932699319229,0.0051322759299098474,,
SP500_MODERN,breakout_1,1,13,all,763,760,0.024297507929782778,0.033804589365214688,0.069071859479164194,-0.011138901970510234,0.067387694260561903,0.69736842105263153,0.028227688275163684,-0.0039301803453809106,,
SP500_MODERN,sweep_4,-1,13,all,385,382,-0.024956587865641151,-0.032853690361939303,0.0654024997307978,-0.066628651723563415,0.0083830863569096803,0.32722513089005234,-0.026643399637790485,0.0016868117721493272,,
SP500_MODERN,fvg_raw,1,13,all,422,421,0.025170825181817728,0.034118468773685517,0.067801556832296439,-0.0072523586299068077,0.066912506234930058,0.7102137767220903,0.029473277060243955,-0.0043024518784262221,,
SP500_MODERN,breakout_13,-1,13,all,87,87,-0.055558488598589209,-0.059945712660525619,0.11305189317397646,-0.10946561085884798,0.0029823333484019776,0.25287356321839083,-0.020881891146875161,-0.034676597451714024,,
SP500_MODERN,sweep_13,1,13,all,96,96,0.040196195602350555,0.049422441114036042,0.094625579511956034,-0.0067302761870622063,0.093778293899845488,0.72916666666666663,0.021361111101848726,0.018835084500501836,,
SP500_MODERN,breakout_4,1,13,all,597,596,0.021126166215775843,0.031223979993229567,0.067548197808885671,-0.011772545276812596,0.061639771917436137,0.68959731543624159,0.028910240809228435,-0.0077840745934525894,,
SP500_MODERN,breakout_13,1,13,all,450,449,0.020430416233198526,0.031985322768151914,0.061770665441870258,-0.0087637633427587458,0.058318559819277915,0.70824053452115809,0.029943280896286398,-0.0095128646630878756,,
SP500_MODERN,fvg_disp,1,13,all,270,269,0.025388203909447678,0.03230036931178093,0.063487875256504581,-0.0070429627485100177,0.062289525445437199,0.70260223048327142,0.02958843041383739,-0.0042002265043897128,,
SP500_MODERN,sweep_fvg,1,13,all,92,91,0.028077814950697815,0.037769047809214307,0.062585835772460519,-0.01711312565368428,0.068549630460233324,0.69230769230769229,0.027090306028985232,0.00098750892171259211,,
SP500_MODERN,sweep_13,-1,13,all,282,281,-0.023071121660605595,-0.033326698280212286,0.063890354201487545,-0.063146799368681839,0.0075916661652267736,0.32740213523131673,-0.027695480968378882,0.0046243593077732901,,
SP500_MODERN,breakout_52,1,13,all,359,358,0.016328092617869917,0.028427769301588857,0.061720830075945768,-0.011565318915767675,0.053959317285810382,0.6983240223463687,0.030996667897805218,-0.014668575279935307,,
SP500_MODERN,sweep_52,-1,13,all,234,233,-0.021024610567528114,-0.03238068244366632,0.063558575799104025,-0.060187994327095318,0.0075646544683956041,0.3261802575107296,-0.028578593868721972,0.0075539833011938591,,
SP500_MODERN,fvg_disp,-1,13,all,133,132,-0.03102385734987324,-0.035212137390880027,0.080486601342934061,-0.074802468034493474,0.0073733196799507794,0.30303030303030304,-0.024355442094672608,-0.0066684152552006319,,
SP500_MODERN,sweep_fvg,-1,13,all,49,49,-0.024326660218506661,-0.033494356115623347,0.088785685272728634,-0.074727039918413229,0.020069319239765959,0.38775510204081631,-0.022627898842164231,-0.0016987613763424299,,
SP500_MODERN,breakout_52,-1,13,all,23,23,-0.070095861890060979,-0.063684647593932553,0.14271847959678233,-0.11896976349885835,-0.018616835023720912,0.21739130434782608,-0.015273263761564664,-0.054822598128496332,,
SP500_MODERN,sweep_52,1,13,all,26,26,0.016341494052069569,0.051601865765021238,0.12523421226483752,-0.042069691315446273,0.097342670438924306,0.65384615384615385,0.016335343824524298,6.1502275452707256e-06,,
SP500_MODERN,sweep_1,-1,13,early,268,268,-0.019879677642027849,-0.031789521743275873,0.077497566540804641,-0.068639142890434379,0.016449989897558331,0.33582089552238809,-0.024835238182237384,0.0049555605402095311,,
SP500_MODERN,breakout_1,-1,13,early,264,264,-0.031389091098215062,-0.031707187668097103,0.08992936207922457,-0.079431255283220481,0.012121207425770886,0.30303030303030304,-0.022837713794005947,-0.0085513773042091169,,
SP500_MODERN,breakout_4,-1,13,early,165,165,-0.034249719092010508,-0.038776686617111311,0.099339880300742728,-0.079196922615819787,0.011186396189124426,0.29090909090909089,-0.019505899895088462,-0.014743819196922041,,
SP500_MODERN,fvg_raw,-1,13,early,131,131,-0.036525141295171835,-0.029810066213295183,0.095613913938964706,-0.084723544112069393,0.0073937023212186648,0.29007633587786258,-0.022124297788308742,-0.014400843506863091,,
SP500_MODERN,sweep_1,1,13,early,237,237,0.024729988805383182,0.026486417627952452,0.093205473972480565,-0.010982010327185487,0.075448897580285168,0.71729957805907174,0.022516229276673121,0.0022137595287100562,,
SP500_MODERN,sweep_4,1,13,early,168,168,0.022889901655943151,0.023377311235252884,0.094208664167633543,-0.013554873128028583,0.074576811102306351,0.70833333333333337,0.021884216832843483,0.0010056848230996646,,
SP500_MODERN,breakout_1,1,13,early,496,496,0.025165359033034948,0.032537086880798149,0.07187660890431985,-0.014429417496127805,0.071205199147927278,0.6713709677419355,0.02604146236619332,-0.00087610333315837452,,
SP500_MODERN,sweep_4,-1,13,early,272,272,-0.022080580847249572,-0.027245455497600157,0.067795311790937327,-0.068683277676680587,0.017211344553648561,0.37867647058823528,-0.024336524580128388,0.0022559437328788152,,
SP500_MODERN,fvg_raw,1,13,early,273,273,0.026635035723737568,0.033521911194482001,0.069093810958880897,-0.010958057223298012,0.074481396803520727,0.68131868131868134,0.027985780006154561,-0.0013507442824169935,,
SP500_MODERN,breakout_13,-1,13,early,60,60,-0.03775093486513318,-0.044163722796948357,0.121274023579746,-0.097058785155336891,0.033870421256604499,0.33333333333333331,-0.014916331958359374,-0.022834602906773811,,
SP500_MODERN,sweep_13,1,13,early,76,76,0.033679407608992983,0.042428118042891816,0.099425277763211833,-0.011117138797013926,0.084800024270231422,0.71052631578947367,0.018522034378749119,0.015157373230243866,,
SP500_MODERN,breakout_4,1,13,early,376,376,0.021239308933990675,0.028945760903453133,0.070911832979346057,-0.016856307894384415,0.066520708315481014,0.6542553191489362,0.027016353173195833,-0.0057770442392051542,,
SP500_MODERN,breakout_13,1,13,early,275,275,0.022524428050533521,0.032518603602184504,0.063177409296654122,-0.012147128183684575,0.066252886583973214,0.6836363636363636,0.028535686088855663,-0.0060112580383221434,,
SP500_MODERN,fvg_disp,1,13,early,197,197,0.027335473862400927,0.03230036931178093,0.065168561701468022,-0.0079020001043986765,0.074481396803520727,0.69035532994923854,0.028464284347669001,-0.0011288104852680723,,
SP500_MODERN,sweep_fvg,1,13,early,68,68,0.026994286065868196,0.037079490620212985,0.068634882160585053,-0.02466254329474199,0.078460123765984158,0.63235294117647056,0.025377022415608221,0.0016172636502599727,,
SP500_MODERN,sweep_13,-1,13,early,193,193,-0.02075978766617554,-0.029790595188465385,0.067013447176314023,-0.065276663706740123,0.016433744580693355,0.38341968911917096,-0.025604906062034409,0.0048451183958588681,,
SP500_MODERN,breakout_52,1,13,early,206,206,0.017807587396616323,0.027761636887046914,0.06270230125348232,-0.01451080514616146,0.057971907132301603,0.66504854368932043,0.030107585389852833,-0.012299997993236503,,
SP500_MODERN,sweep_52,-1,13,early,156,156,-0.016738878090677867,-0.028143119426979446,0.066739243291188563,-0.0596758726508263,0.01875836888605778,0.39743589743589741,-0.026595369768601974,0.0098564916779241094,,
SP500_MODERN,fvg_disp,-1,13,early,107,107,-0.026598644184162443,-0.027836766860863449,0.083110515596105813,-0.074626887374341977,0.0093104318964394306,0.30841121495327101,-0.022961055101401919,-0.0036375890827605221,,
SP500_MODERN,sweep_fvg,-1,13,early,42,42,-0.018244640572738599,-0.026874774922110545,0.091723814006537688,-0.074676963646377603,0.023596539499132929,0.42857142857142855,-0.021586115696024834,0.0033414751232862315,,
SP500_MODERN,breakout_52,-1,13,early,16,16,-0.042678563588305532,-0.046187767492640197,0.15233474921098544,-0.082471933468844627,0.016766485814513343,0.3125,-0.0058169611279244911,-0.036861602460381046,,
SP500_MODERN,sweep_52,1,13,early,19,19,-0.023751475208604031,0.021463635030176453,0.12237977407022053,-0.09441328427493878,0.062558727856702467,0.52631578947368418,0.010713559211933715,-0.034465034420537742,,
SP500_MODERN,sweep_1,-1,13,late,100,97,-0.032039267795702556,-0.041110665248950573,0.059207728890023348,-0.06377486550958622,-0.011162907496577557,0.19587628865979381,-0.030652806560203229,-0.001386461235499338,,
SP500_MODERN,breakout_1,-1,13,late,102,99,-0.044374806709662006,-0.052437924886302056,0.073820150909728169,-0.084619383114061697,-0.0050894588569250221,0.22222222222222221,-0.031794694216274975,-0.012580112493387054,,
SP500_MODERN,breakout_4,-1,13,late,60,60,-0.067876839324528954,-0.063286426876790314,0.069326164951856159,-0.1027997345279229,-0.03930857990888087,0.11666666666666667,-0.03204738570518513,-0.035829453619343823,,
SP500_MODERN,fvg_raw,-1,13,late,43,42,-0.051464971367241326,-0.05142251966531286,0.079126579263105221,-0.073894462461306709,-0.012601900460389226,0.23809523809523808,-0.03191502349670837,-0.019549947870532942,,
SP500_MODERN,sweep_1,1,13,late,92,88,0.034681399559867182,0.049043199456562658,0.062165181412790531,0.0026005501707303535,0.070326736293294501,0.75,0.031268253614378773,0.0034131459454884148,,
SP500_MODERN,sweep_4,1,13,late,64,62,0.046695609795497764,0.057051108930948891,0.06390858877339603,0.018521091509723253,0.084649923875392274,0.80645161290322576,0.031135794366159722,0.01555981542933803,,
SP500_MODERN,breakout_1,1,13,late,260,257,0.021827685430320647,0.034118468773685517,0.064122631984787015,-0.0046135455268110359,0.058318559819277915,0.73929961089494167,0.03182746872845528,-0.0099997832981346211,,
SP500_MODERN,sweep_4,-1,13,late,111,108,-0.031374775184175814,-0.042517051414048823,0.059023804651919157,-0.063999614479141376,-0.0096419497778983954,0.20370370370370369,-0.031970174416907034,0.00059539923273120349,,
SP500_MODERN,fvg_raw,1,13,late,147,146,0.022245984850580068,0.034288623287710429,0.065916070058696138,0.00081153404270933871,0.059132027007623766,0.76027397260273977,0.031679309974763474,-0.009433325124183399,,
SP500_MODERN,breakout_13,-1,13,late,27,27,-0.095130830228491448,-0.085590120377730283,0.080884331992031017,-0.12117306369282488,-0.056979472330839442,0.07407407407407407,-0.03390045662385973,-0.061230373604631717,,
SP500_MODERN,sweep_13,1,13,late,20,20,0.064959989977109361,0.075130866638584481,0.070237780634919367,0.024620652749035465,0.10360216557727953,0.80000000000000004,0.031584117975516482,0.033375872001592866,,
SP500_MODERN,breakout_4,1,13,late,214,213,0.019863108520022241,0.032295583754429646,0.062122442992410376,-0.0010939232073654548,0.053998252319790829,0.74178403755868549,0.031681991439530988,-0.011818882919508741,,
SP500_MODERN,breakout_13,1,13,late,168,167,0.015596804695522474,0.029890646176673918,0.060103620088002303,-0.0028537343670882453,0.04770596407542449,0.73652694610778446,0.0317089505972835,-0.016112145901761011,,
SP500_MODERN,fvg_disp,1,13,late,71,70,0.019524280570974623,0.029688761396575836,0.059501640083316425,-0.0048899126790873937,0.050936391260778202,0.72857142857142854,0.032378291226377039,-0.012854010655402407,,
SP500_MODERN,sweep_fvg,1,13,late,22,21,0.030563373678773591,0.037769047809214307,0.042687285321702045,0.017448297870066742,0.050941002586978978,0.8571428571428571,0.032576834539092159,-0.0020134608603185685,,
SP500_MODERN,sweep_13,-1,13,late,87,86,-0.027178178054956311,-0.04133761462826302,0.056694221499850012,-0.060141377691774855,-0.0091104519376973836,0.20930232558139536,-0.031907328019471368,0.0047291499645150418,,
SP500_MODERN,breakout_52,1,13,late,146,145,0.012432561123015858,0.028027005054695575,0.061143842401719738,-0.0069806442412448932,0.04721006108115211,0.73103448275862071,0.031632042223413245,-0.019199481100397382,,
SP500_MODERN,sweep_52,-1,13,late,76,75,-0.028645952343416721,-0.041564564007575466,0.056254827107326114,-0.060094761056454393,-0.011679874213866404,0.18666666666666668,-0.032232692797052605,0.0035867404536358703,,
SP500_MODERN,fvg_disp,-1,13,late,26,25,-0.049963769699115465,-0.051941706004043908,0.066265538941334759,-0.084917348822137084,0.00039694202200302175,0.28000000000000003,-0.030194314786510534,-0.019769454912604928,,
SP500_MODERN,sweep_fvg,-1,13,late,7,7,-0.06081877809311504,-0.059763994181411872,0.061319078383673821,-0.078397013692074302,-0.035883730915296064,0.14285714285714285,-0.028605968284789451,-0.032212809808325589,,
SP500_MODERN,breakout_52,-1,13,late,7,7,-0.13276397229407341,-0.1161071404115015,0.10041738194292277,-0.14038458822582245,-0.067244830827136393,0,-0.03654770079339488,-0.096216271500678532,,
SP500_MODERN,sweep_52,1,13,late,7,7,0.1251652677596122,0.10657705248420446,0.038875572122240812,0.097177885200490532,0.15369811602826555,1,0.030591401411940809,0.094573866347671398,,
STORA,breakout_1,-1,1,all,294,294,-0.005950446889722948,-0.0058102448837064058,0.05685052780329642,-0.038831221113797665,0.023999516770057044,0.45238095238095238,-0.00089381758552131382,-0.0050566293042016335,,
STORA,fvg_raw,-1,1,all,149,149,0.0016469088296088956,-0.00082512105595045071,0.057901416208034649,-0.028404276635656922,0.033761988487678751,0.48993288590604028,-0.00097923404378127727,0.0026261428733901737,,
STORA,sweep_1,1,1,all,194,194,-0.0034881543102060213,0.00090366950349873854,0.056354904029968164,-0.03013949609587549,0.022410950763287585,0.52061855670103097,0.00097832783558948516,-0.0044664821457955067,,
STORA,breakout_4,-1,1,all,180,180,-0.006049066874841226,-0.004758613729407668,0.063077099583965734,-0.0428163088012114,0.032566786396094338,0.46666666666666667,-0.00078113774034617163,-0.0052679291344950533,,
STORA,breakout_1,1,1,all,339,338,-0.0017847158962874261,-0.0023125204689239953,0.044948972436112046,-0.027334238515293735,0.025297821531907017,0.45857988165680474,0.0012785947369839395,-0.0030633106332713668,,
STORA,sweep_1,-1,1,all,192,191,-0.0018567852916149886,-0.0011013468024076989,0.0485955004064458,-0.033660654447006944,0.024306239407448194,0.49214659685863876,-0.00086286171626433943,-0.00099392357535064827,,
STORA,sweep_4,1,1,all,178,178,0.0027502858441913287,0.0039412144216915967,0.052988274989668425,-0.025466178776463982,0.030792064411154008,0.5449438202247191,0.00108183942397134,0.0016684464202199897,,
STORA,breakout_4,1,1,all,201,200,-0.0044813148956780015,-0.0045595329188353739,0.042080467914447299,-0.028099849199631488,0.017573499858080821,0.41999999999999998,0.0013233643927398184,-0.0058046792884178201,,
STORA,fvg_disp,1,1,all,129,129,-0.0017730094184276869,-0.0020976834601373895,0.040990463550658052,-0.026590668572807785,0.023481146573167022,0.4573643410852713,0.0011942440476686387,-0.0029672534660963256,,
STORA,fvg_raw,1,1,all,190,189,-0.0025176493374018411,-0.0028707878965311684,0.045572479871049357,-0.028000030517578156,0.022883320021174658,0.44444444444444442,0.0012577849148436996,-0.0037754342522455381,,
STORA,fvg_disp,-1,1,all,117,117,-0.0005193928525438307,0.00088021791458792187,0.055904188943518396,-0.028476777525724195,0.028818417497352811,0.50427350427350426,-0.0010672756223907242,0.00054788276984689215,,
STORA,breakout_13,-1,1,all,87,87,0.0023289404759924033,-0.0015302569419026746,0.063755646841605174,-0.035812865254309934,0.041500813327756514,0.4942528735632184,-0.00091405733169676892,0.0032429978076891743,,
STORA,sweep_13,1,1,all,89,89,0.014606948010708653,0.010970392960483411,0.056305222161066301,-0.019434568841470989,0.045293725275251218,0.6179775280898876,0.0010543608052457402,0.013552587205462912,,
STORA,sweep_4,-1,1,all,198,197,0.0018608802569913864,0.0020721567424731857,0.047884524324818795,-0.031172070517359929,0.028020988851697681,0.52284263959390864,-0.0010800497751529835,0.0029409300321443714,,
STORA,breakout_13,1,1,all,106,106,-0.0045527918988668026,-0.0034704977932062953,0.036655100578830764,-0.028185061452900534,0.018984058131078896,0.44339622641509435,0.0016621192420854874,-0.0062149111409522881,,
STORA,sweep_13,-1,1,all,103,102,0.0037054481533363437,0.0030844606020527521,0.044930823898889707,-0.023691670095144113,0.027279522151836294,0.5490196078431373,-0.0012385272568711846,0.0049439754102075292,,
STORA,sweep_fvg,-1,1,all,39,39,0.0040652923282876105,0.00088021791458792187,0.061750105504349034,-0.027514365891020853,0.031834251277878312,0.51282051282051277,-0.00097863037403202028,0.0050439227023196297,,
STORA,sweep_fvg,1,1,all,31,31,-0.010824056031119036,-0.010462064757228329,0.037506231497518777,-0.027903954464099767,0.011156476070558363,0.38709677419354838,0.00077914734205599193,-0.011603203373175032,,
STORA,breakout_52,1,1,all,64,64,0.0006054222718789512,0.003508162657737568,0.034435325045355951,-0.025375821105453084,0.025090895331520646,0.53125,0.0022420483279581814,-0.0016366260560792315,,
STORA,sweep_52,-1,1,all,57,57,0.0070256514758358377,0.00152158357065868,0.048113339596544978,-0.024119223654347488,0.032536257007412694,0.54385964912280704,-0.0015450206167421134,0.0085706720925779519,,
STORA,sweep_52,1,1,all,42,42,0.012187119707391839,0.014250506922680484,0.061992997915804642,-0.01730680200376547,0.042667845835884788,0.66666666666666663,0.0010158550820156189,0.011171264625376221,,
STORA,breakout_52,-1,1,all,37,37,0.0071405432324291264,0.010600696889943251,0.072537259676540553,-0.048208762634391666,0.054598877203674623,0.56756756756756754,-0.00066449700484404303,0.0078050402372731717,,
STORA,breakout_1,-1,1,early,199,199,-0.010774623748307496,-0.0069156556850564765,0.057167016041371761,-0.048332063562071315,0.018865697928936886,0.43216080402010049,-0.0012343501910514619,-0.0095402735572560366,,
STORA,fvg_raw,-1,1,early,99,99,0.0030960879699372776,-0.00082512105595045071,0.058347865929926711,-0.031569123087152096,0.036229455100425523,0.48484848484848486,-0.0013753721644659198,0.0044714601344031969,,
STORA,sweep_1,1,1,early,137,137,-0.004729979925713711,0.00078433167700664441,0.060775024223569944,-0.030217156771808029,0.02032521585926772,0.51094890510948909,0.0013545678849709837,-0.0060845478106846948,,
STORA,breakout_4,-1,1,early,121,121,-0.011994385122203041,-0.0094240995592027588,0.065675174531746053,-0.051063848495195518,0.022066224788013122,0.43801652892561982,-0.0010086349074670722,-0.010985750214735971,,
STORA,breakout_1,1,1,early,246,245,4.8398163307095799e-05,-0.00078548904690400878,0.044868816247745587,-0.026590668572807785,0.026178027027595974,0.46530612244897956,0.0018920746964318661,-0.0018436765331247698,,
STORA,sweep_1,-1,1,early,131,131,-0.00051098600559053178,0.00089128597538656873,0.051237367000044678,-0.030898257485329039,0.024306239407448194,0.50381679389312972,-0.0012803101672153056,0.00076932416162477503,,
STORA,sweep_4,1,1,early,127,127,-5.505826643361161e-05,0.0018885272711226531,0.054576227258925948,-0.02568828689238345,0.029929990907052284,0.53543307086614178,0.0014775714548449206,-0.0015326297212785304,,
STORA,breakout_4,1,1,early,151,150,-0.00064907715423486356,-0.00072809760809916524,0.042782299755092984,-0.026387165141662922,0.021881692497965122,0.46000000000000002,0.0019050683243572988,-0.0025541454785921644,,
STORA,fvg_disp,1,1,early,92,92,-0.00075946191920907107,-0.00044564298769328436,0.042277968353356218,-0.02655918389128395,0.024266275997764208,0.47826086956521741,0.0017175851672750994,-0.0024770470864841714,,
STORA,fvg_raw,1,1,early,130,130,0.00036470916605182849,-0.0015667448706868647,0.047504695414202915,-0.026580173678966507,0.026778490295992163,0.46923076923076923,0.0018627708852014286,-0.0014980617191496007,,
STORA,fvg_disp,-1,1,early,78,78,0.0028650089035567147,0.00096643679318003661,0.057753847143854863,-0.032475419564651997,0.037377491913881677,0.51282051282051277,-0.0015288437339708728,0.0043938526375275847,,
STORA,breakout_13,-1,1,early,53,53,-0.0046713823614916482,-0.0094240995592027588,0.066930531241583741,-0.047836001032748987,0.030982903043820786,0.47169811320754718,-0.0012421704248955841,-0.003429211936596066,,
STORA,sweep_13,1,1,early,54,54,0.012209491516490633,0.0095956990685805987,0.063781843712945804,-0.023092008291111743,0.052231810613785734,0.59259259259259256,0.0013680639944894939,0.010841427522001132,,
STORA,sweep_4,-1,1,early,133,133,0.0034018872583698023,0.0034199857131497202,0.047939558200388553,-0.023907064179478965,0.026369095766798134,0.54135338345864659,-0.0016430819699181677,0.0050449692282879743,,
STORA,breakout_13,1,1,early,87,87,-0.0022368256250463498,0,0.035580100595058749,-0.026569667174740352,0.022213158323085902,0.47126436781609193,0.0024020440432231884,-0.004638869668269539,,
STORA,sweep_13,-1,1,early,68,68,0.0041783784982921453,0.0034235017740505969,0.044828944940898181,-0.021437204279862954,0.025160504283090357,0.54411764705882348,-0.0019757168334117638,0.0061540953317039109,,
STORA,sweep_fvg,-1,1,early,32,32,0.0096051068143686649,0.0015567043699247218,0.062988842673242937,-0.023345447217047621,0.039204432571545905,0.53125,-0.0013931858287834591,0.010998292643152125,,
STORA,sweep_fvg,1,1,early,21,21,-0.0091446516892867025,-0.010462064757228329,0.033543851083093268,-0.024970871949668183,0.0061565255522231244,0.38095238095238093,0.0010120517142092975,-0.010156703403495998,,
STORA,breakout_52,1,1,early,54,54,0.0043263974669021177,0.009480263989959048,0.033891984974855544,-0.022522654506991563,0.025777448255463242,0.57407407407407407,0.0032974208682660395,0.0010289765986360765,,
STORA,sweep_52,-1,1,early,39,39,0.010183122687891547,0.0034270178349514735,0.04914824878098354,-0.020455607399909814,0.033970605503740259,0.58974358974358976,-0.0025862797128676342,0.012769402400759178,,
STORA,sweep_52,1,1,early,20,20,0.011294230982977854,0.014490024697302428,0.069775875088088191,-0.013051268328354432,0.044596782506040211,0.59999999999999998,0.00066063314077142641,0.010633597842206431,,
STORA,breakout_52,-1,1,early,20,20,0.0066839624362257819,0.01158490767715592,0.088709302462411641,-0.064452117080086191,0.066613604161421369,0.59999999999999998,-0.00044358049247156494,0.0071275429286973445,,
STORA,breakout_1,-1,1,late,95,95,0.0041549341087857346,0,0.055116986224812807,-0.026947892430786324,0.034046916332123756,0.49473684210526314,-4.1079672978517183e-05,0.0041960137817642559,,
STORA,fvg_raw,-1,1,late,50,50,-0.0012224658682413003,0.0018281787359732404,0.057485220006461175,-0.022401442850862097,0.028705188938603077,0.5,-1.952594545580528e-05,-0.0012029399227854959,,
STORA,sweep_1,1,1,late,57,57,-0.00050341555012613595,0.0025548400798633963,0.044299057530574476,-0.029906514068077872,0.026211832396312751,0.54385964912280704,-2.027782066906655e-06,-0.00050138776805923042,,
STORA,breakout_4,-1,1,late,59,59,0.0061438739375448709,0.0071866244504681376,0.055948741573391192,-0.022220831378630734,0.040801663679878419,0.52542372881355937,-1.2584914558660759e-05,0.0061564588521035328,,
STORA,breakout_1,1,1,late,92,92,-0.0062146614533099267,-0.0063453833904689727,0.04512486004599664,-0.028117941792846352,0.018039829960571796,0.44565217391304346,7.2941704968613113e-05,-0.0062876031582785388,,
STORA,sweep_1,-1,1,late,61,60,-0.0047951137327683861,-0.0044453201109473373,0.042516039619288029,-0.039232408307464495,0.021658961532198512,0.46666666666666667,-0.00019015962167727476,-0.0046049541110911082,,
STORA,sweep_4,1,1,late,51,51,0.0097361427471201016,0.0062774877309472732,0.048618002014010175,-0.024514655145119191,0.034443887517503602,0.56862745098039214,-9.2891535348927571e-05,0.0098290342824690295,,
STORA,breakout_4,1,1,late,49,49,-0.015419566056112152,-0.016319853724804378,0.038212183419160092,-0.039733130870144295,0.0056818038143071625,0.30612244897959184,1.1168377640876163e-05,-0.01543073443375303,,
STORA,fvg_disp,1,1,late,36,36,-0.0032084735877517165,-0.0024233094755465867,0.037990739256222962,-0.025421227654609913,0.023032776659172749,0.41666666666666669,3.0901523870569911e-05,-0.0032393751116222857,,
STORA,fvg_raw,1,1,late,59,58,-0.0082742283983588006,-0.0055080509947810219,0.04075287985724816,-0.031164001525241403,0.016694863059797393,0.39655172413793105,4.0708056986746319e-05,-0.0083149364553455462,,
STORA,fvg_disp,-1,1,late,39,39,-0.0072881963647449212,-0.0025548400798633963,0.05206725973628578,-0.022220831378630734,0.022250847075954705,0.48717948717948717,-9.0254115344840748e-06,-0.0072791709532104339,,
STORA,breakout_13,-1,1,late,34,34,0.013241208428541073,0.0066989110011390074,0.057730099561462099,-0.020945146158074246,0.049841192331357448,0.52941176470588236,-7.4812153695839045e-06,0.01324868964391066,,
STORA,sweep_13,1,1,late,35,35,0.018305880887502169,0.010970392960483411,0.042903675589292534,-0.0043427398635995096,0.038908165618662616,0.65714285714285714,-0.00015598297865770621,0.018461863866159878,,
STORA,sweep_4,-1,1,late,65,64,-0.0013415249177481346,-0.0020260753910770202,0.047987941370833259,-0.041418513889566189,0.032293746730843592,0.484375,-0.00014110243976360229,-0.0012004224779845311,,
STORA,breakout_13,1,1,late,19,19,-0.015157479573728875,-0.024553585547747225,0.040553877280189249,-0.042221760326116797,0.0073702728231437309,0.31578947368421051,0.00010574085554665303,-0.015263220429275529,,
STORA,sweep_13,-1,1,late,35,34,0.0027595874634247408,0.0024233094755465867,0.045794516967815474,-0.034167230766063483,0.030423462992053452,0.55882352941176472,-0.00018815216666290453,0.0029477396300876457,,
STORA,sweep_fvg,-1,1,late,7,7,-0.02125957389379721,-0.0071089865316782408,0.052328990407055472,-0.049536328592386991,0.017336613875187423,0.42857142857142855,-0.00013653189486481293,-0.021123041998932394,,
STORA,sweep_fvg,1,1,late,10,10,-0.014350805148966939,-0.010355149899904603,0.046564310550578282,-0.040300333627712848,0.017734787567634691,0.40000000000000002,1.952594545580528e-05,-0.014370331094422744,,
STORA,breakout_52,1,1,late,10,10,-0.019487843781246149,-0.026558800196836374,0.031693813672167045,-0.037821239890539399,-0.0018770435262064344,0.29999999999999999,0.00042904676838733199,-0.019916890549633488,,
STORA,sweep_52,-1,1,late,18,18,0.00018446384971513666,-0.0093120688920743655,0.046407321180915603,-0.026386965119432282,0.030537175033854558,0.44444444444444442,-0.00031529098423968571,0.00049975483395482267,,
STORA,sweep_52,1,1,late,22,22,0.01299883672958637,0.012805040810805246,0.055649062289310915,-0.016341033772399954,0.04202302768999161,0.72727272727272729,-0.00050168237463886522,0.013500519104225233,,
STORA,breakout_52,-1,1,late,17,17,0.0076776971103154137,0.0071866244504681376,0.049933083072741129,-0.02191554357499359,0.05256721626003058,0.52941176470588236,0.00017318973592373674,0.0075045073743916779,,
STORA,breakout_1,-1,4,all,294,293,-0.016220037060340906,-0.015473872828915214,0.10585625670467591,-0.078534029845112263,0.056780812519797386,0.42320819112627989,-0.0030576536883614005,-0.013162383371979502,,
STORA,fvg_raw,-1,4,all,149,148,-0.0112038581237962,-0.020376541230659573,0.10708121984588564,-0.074870235836655363,0.056856012174223675,0.39189189189189189,-0.0034301168516437594,-0.0077737412721524349,,
STORA,sweep_1,1,4,all,194,194,-0.0043079821979145842,0.0077924795781946221,0.10380953181651688,-0.059756329441400108,0.051662345609418625,0.52061855670103097,0.003379754827370538,-0.0076877370252851178,-0.019603645967012345,0.0042341082438429236
STORA,breakout_4,-1,4,all,180,180,-0.016256733679548482,-0.021445935341738331,0.11606124154985581,-0.078030289440268796,0.060129971239366115,0.40555555555555556,-0.0026101378309124072,-0.013646595848636074,,
STORA,breakout_1,1,4,all,339,336,-0.0041836612653598313,-0.0022814396576055773,0.089039614248094215,-0.059530505445686083,0.052333395708687169,0.48214285714285715,0.0045876001456204851,-0.0087712614109803164,,
STORA,sweep_1,-1,4,all,192,190,-0.00060302914228057853,-0.0057506345061270059,0.081429322026487866,-0.059209077000013322,0.049493646941182079,0.47894736842105262,-0.0029631716072366534,0.0023601424649560766,-0.0065556799811725287,0.012338791333533008
STORA,sweep_4,1,4,all,178,178,0.016258469963216046,0.020715821558042524,0.10694249199445602,-0.053082008258573926,0.069977865751505441,0.5955056179775281,0.0037834291167772333,0.012475040846438811,,
STORA,breakout_4,1,4,all,201,200,-0.014178462208743574,-0.01279824851839434,0.087814002011319725,-0.06746430835971845,0.044015140720635282,0.42999999999999999,0.0047278354492184017,-0.018906297657961976,,
STORA,fvg_disp,1,4,all,129,128,1.689947181766991e-05,0.0029613394756109468,0.076852414255561857,-0.05193254751816323,0.051766631085268133,0.5234375,0.0042813555770880541,-0.0042644561052703842,-0.018381613613126194,0.0086477066440318051
STORA,fvg_raw,1,4,all,190,188,0.0019917959509676091,0.0064176220278417961,0.093916574842064074,-0.055463844415970992,0.060916117571201911,0.53191489361702127,0.0045160829638929466,-0.0025242870129253362,,
STORA,fvg_disp,-1,4,all,117,117,-0.016019045151851763,-0.020344939055952693,0.10048288899799697,-0.070565168387538346,0.04672897279559296,0.38461538461538464,-0.003731610219003219,-0.012287434932848538,-0.03305735769764568,0.0067810040019259041
STORA,breakout_13,-1,4,all,87,87,-0.0056579720230470398,-0.0093114697860379181,0.12503520045542249,-0.069746336528630937,0.078836281370660399,0.43678160919540232,-0.0031359268601014608,-0.0025220451629455742,,
STORA,sweep_13,1,4,all,89,89,0.04425734453778904,0.040572811556378374,0.12665302333763115,-0.03771924262194859,0.10256406681382901,0.651685393258427,0.0036826336645569015,0.040574710873232139,,
STORA,sweep_4,-1,4,all,198,197,-0.0044105378084746075,-0.0026809625769763645,0.076202269692901517,-0.053697238449563978,0.041227257199829448,0.48223350253807107,-0.0037831081358460582,-0.00062742967262854985,,
STORA,breakout_13,1,4,all,106,106,-0.017049052975266928,-0.01536356006424805,0.075835956253029066,-0.06581010264103257,0.044166644572992686,0.39622641509433965,0.0060505817194298067,-0.023099634694696735,,
STORA,sweep_13,-1,4,all,103,102,-0.0096165568986956371,-0.0021745305193018316,0.067498952236622167,-0.052796824487768901,0.039613085103113732,0.49019607843137253,-0.0044055390881263231,-0.0052110178105693157,,
STORA,sweep_fvg,-1,4,all,39,39,-0.010790521110568649,-0.012544833802593525,0.11818922759123261,-0.065846069070835789,0.056779293125729546,0.46153846153846156,-0.0033729858277884886,-0.0074175352827801615,-0.045677799495859053,0.034639058280931209
STORA,sweep_fvg,1,4,all,31,31,-0.016445374267144122,-0.0091491654782820397,0.069238885840984102,-0.051939610636244027,0.038315425932220593,0.41935483870967744,0.0026020292626915296,-0.019047403529835652,-0.042672245634017683,0.0022224987104849082
STORA,breakout_52,1,4,all,64,64,-0.014361368268928854,-0.017189801623868295,0.070257730466699655,-0.067780374907053687,0.044392958587672893,0.421875,0.0083232690697075673,-0.022684637338636425,,
STORA,sweep_52,-1,4,all,57,57,-0.003504116115407796,0.0038940958053482744,0.06628684170231193,-0.048534773742516579,0.041227257199829448,0.50877192982456143,-0.0056067924027270273,0.0021026762873192313,,
STORA,sweep_52,1,4,all,42,42,0.056916323337978567,0.039255153754535366,0.15117408878859917,-0.033905086942650819,0.1058998106704388,0.69047619047619047,0.0035322596105781417,0.05338406372740042,,
STORA,breakout_52,-1,4,all,37,37,0.010609308915522985,-0.0053763644848821013,0.1266778484209756,-0.042081117335654339,0.093167663845396542,0.48648648648648651,-0.0021595795910105855,0.012768888506533571,,
STORA,breakout_1,-1,4,early,198,198,-0.023680296137570462,-0.025124590887604215,0.10906365781858524,-0.095944239478651272,0.04363913179954218,0.39393939393939392,-0.0041600699254140975,-0.01952022621215637,,
STORA,fvg_raw,-1,4,early,99,98,-0.0085783762064830966,-0.026946209266391019,0.10958788574708306,-0.075129747238454836,0.052564393930641051,0.40816326530612246,-0.0048279633014939611,-0.0037504129049891278,,
STORA,sweep_1,1,4,early,137,137,-0.0058410909794604652,-0.0031520853566348039,0.10575910965088296,-0.056790184360542617,0.048497269227920636,0.49635036496350365,0.0046691517340895364,-0.010510242713550007,,
STORA,breakout_4,-1,4,early,121,121,-0.022044951270421911,-0.032702247692202535,0.12184599958629735,-0.087808422466933989,0.043692734594311666,0.38016528925619836,-0.0033417093339706051,-0.018703241936451294,,
STORA,breakout_1,1,4,early,245,243,-0.00014095799811851339,-0.00091913867432436014,0.091969811338472027,-0.056153706577106,0.059530665361826829,0.48559670781893005,0.0067431887323968712,-0.0068841467305153893,,
STORA,sweep_1,-1,4,early,130,129,0.0011695599947349499,-0.0025509976519824118,0.084385723669698778,-0.05506607975784239,0.051886779367676494,0.49612403100775193,-0.0043694179836903432,0.0055389779784252961,,
STORA,sweep_4,1,4,early,127,127,0.018519903288574422,0.024725229139466176,0.11118145941479952,-0.053989410091822343,0.073994407738395496,0.62204724409448819,0.0051411511230891301,0.013378752165485298,,
STORA,breakout_4,1,4,early,150,149,-0.0077314875382886632,-0.0069686347470420129,0.092738755105756285,-0.059357994083868992,0.053391107007421557,0.44295302013422821,0.0067353675001059123,-0.014466855038394578,,
STORA,fvg_disp,1,4,early,92,91,-0.0003730459397441864,-0.003484289682628039,0.077964692143281666,-0.055151398087296799,0.051925764192454871,0.49450549450549453,0.0061616368849731883,-0.0065346828247173751,,
STORA,fvg_raw,1,4,early,130,129,0.0052369359507086679,0.01029455526980172,0.099125158743028546,-0.052117274974182504,0.064444435967339508,0.53488372093023251,0.0066937683877293756,-0.0014568324370207099,,
STORA,fvg_disp,-1,4,early,78,78,-0.011414115500828584,-0.021687314549509673,0.10306761278479203,-0.069994879153924106,0.047078486825924748,0.42307692307692307,-0.0053378973187066083,-0.006076218182121975,,
STORA,breakout_13,-1,4,early,53,53,-0.0048663096791238614,-0.016528909335525421,0.13638094910378809,-0.075607576826794975,0.093167663845396542,0.43396226415094341,-0.0042378509796881332,-0.00062845869943572313,,
STORA,sweep_13,1,4,early,54,54,0.050525348419691959,0.04058859175458418,0.1450425572376057,-0.051582110275819604,0.11151715878096324,0.62962962962962965,0.0047209401126962463,0.045804408306995711,,
STORA,sweep_4,-1,4,early,133,133,-0.0038575572549582105,-0.0025509976519824118,0.07735436868998867,-0.053697238449563978,0.042553152634363101,0.48872180451127817,-0.0057762616492929159,0.0019187043943347064,,
STORA,breakout_13,1,4,early,87,87,-0.012854334846717084,-0.016212182630954919,0.076514998637703127,-0.059703016807503173,0.047047736944256457,0.41379310344827586,0.0086886131789352915,-0.021542948025652375,,
STORA,sweep_13,-1,4,early,68,68,-0.013360651366197827,-0.0049883756082395037,0.064624060266473049,-0.060206673771812436,0.034410561709329379,0.47058823529411764,-0.0070526754354118745,-0.0063079759307859513,,
STORA,sweep_fvg,-1,4,early,32,32,-0.0084059102501305369,-0.010393302980009844,0.1204027043961569,-0.067797332932333421,0.051987142314215778,0.46875,-0.0048173396761353651,-0.0035885705739951705,,
STORA,sweep_fvg,1,4,early,21,21,-0.0038928189287449504,-0.0070484511909501002,0.057194214742625947,-0.021795989030500729,0.044242396499171388,0.42857142857142855,0.0033548205851018759,-0.0072476395138468264,,
STORA,breakout_52,1,4,early,54,54,-0.0070793082147119048,-0.017189801623868295,0.068156288936651391,-0.059875528169320263,0.047775618191976899,0.44444444444444442,0.012124426584820578,-0.019203734799532478,,
STORA,sweep_52,-1,4,early,39,39,-0.010191549988900771,-0.0025509976519824118,0.065384125063542103,-0.053316014702258108,0.036675173965882157,0.48717948717948717,-0.0093955774043901381,-0.00079597258451064024,,
STORA,sweep_52,1,4,early,20,20,0.088163164941447075,0.040247449066272312,0.18588719333259493,-0.026276775584055279,0.11079222649358622,0.69999999999999996,0.0020063284062506589,0.086156836535196429,,
STORA,breakout_52,-1,4,early,20,20,0.04002821398329779,0.028558453811939999,0.135613068751996,-0.026490541999877659,0.1130388189473869,0.55000000000000004,-0.0011734361781366722,0.041201650161434455,,
STORA,breakout_1,-1,4,late,95,94,0.0004330924700945155,-0.0051522259797069925,0.097487207405985057,-0.06512849451054703,0.071989977253469173,0.48936170212765956,0.00090889537469018063,-0.00047580290459566736,,
STORA,fvg_raw,-1,4,late,50,50,-0.016349802681729877,-0.013766539473411221,0.10288069779777276,-0.068986285190469898,0.068265240387012538,0.35999999999999999,0.0010073305874410857,-0.017357133269170967,,
STORA,sweep_1,1,4,late,57,57,-0.00062314179314641065,0.0092936269208427902,0.099784978558142945,-0.064276395573249934,0.057909268559010796,0.57894736842105265,-0.0011290794032119424,0.00050593761006554087,,
STORA,breakout_4,-1,4,late,59,59,-0.0043859823491131473,-0.0060120341337677186,0.10315925987692251,-0.062698376849610438,0.071202599042058168,0.4576271186440678,0.0010465378331978024,-0.0054325201823109542,,
STORA,breakout_1,1,4,late,92,91,-0.016154596472230873,-0.0077319716437567187,0.080640720528264639,-0.072153762522951137,0.031095072169676108,0.46153846153846156,-0.00072770968089043702,-0.015426886791340438,,
STORA,sweep_1,-1,4,late,61,60,-0.0033669539562723727,-0.013493674017463264,0.075567465201304598,-0.060418516549334,0.043617506414275586,0.45000000000000001,4.3485795921803889e-05,-0.0034104397521941788,,
STORA,sweep_4,1,4,late,51,51,0.01062705756477459,0.0086089957718564758,0.0963849079663779,-0.043735561203927908,0.060431069842262652,0.52941176470588236,-0.0016423342147949657,0.012269391779569561,,
STORA,breakout_4,1,4,late,49,49,-0.036373707875481817,-0.021296341837841681,0.068057811812888919,-0.090157442620907302,0.009566302015999284,0.36734693877551022,-0.0010545393119236626,-0.03531916856355815,,
STORA,fvg_disp,1,4,late,36,36,0.0002408417857764664,0.0052618936480730572,0.076020152371573016,-0.033387562759955358,0.046684521138141144,0.58333333333333337,-0.00094307426800646708,0.0011839160537829335,,
STORA,fvg_raw,1,4,late,59,58,-0.0056646053013954742,0.0023752359294105796,0.082322886816108179,-0.059966486415317322,0.052174785825510273,0.51724137931034486,-0.00088768088918351985,-0.004776924412211953,,
STORA,fvg_disp,-1,4,late,39,39,-0.02522890445389812,-0.016424763184237579,0.095738430605733477,-0.06740740199340145,0.034576915001764463,0.30769230769230771,0.0010666441130730421,-0.026295548566971166,,
STORA,breakout_13,-1,4,late,34,34,-0.0068920339121037585,-0.0056941993093249099,0.10691744625104296,-0.05099019735340854,0.062260050779054693,0.44117647058823528,0.0010753666903718585,-0.0079674006024756192,,
STORA,sweep_13,1,4,late,35,35,0.034586709977138808,0.038588220932904482,0.092550937533973726,-0.018541253276549652,0.069902286984516504,0.68571428571428572,-0.0019987138015752047,0.036585423778714009,,
STORA,sweep_4,-1,4,late,65,64,-0.0055597005212508765,-0.012920974629927695,0.074339063220918836,-0.04960902981926929,0.040683229650403635,0.46875,0.00032059117348359745,-0.0058802916947344776,,
STORA,breakout_13,1,4,late,19,19,-0.036256446511258311,-0.01451493749754118,0.071427289433941249,-0.094855022298633518,0.0089260212298188923,0.31578947368421051,-0.00052033532435765903,-0.035736111186900649,,
STORA,sweep_13,-1,4,late,35,34,-0.0021283679636912678,0.0051177616248663238,0.073339643281689793,-0.041646277335372295,0.039613085103113732,0.52941176470588236,5.4825146410266029e-05,-0.0021831931101015342,,
STORA,sweep_fvg,-1,4,late,7,7,-0.0216915993297143,-0.038588220932904482,0.11575506277851069,-0.065200637772600212,0.055088863135622279,0.42857142857142855,0.00034640844468500673,-0.022038007774399314,,
STORA,sweep_fvg,1,4,late,10,10,-0.042805740477782385,-0.026543597641440209,0.087011842585380916,-0.087453819279818407,0.0064077052325985928,0.40000000000000002,-0.0010073305874410857,-0.041798409890341295,,
STORA,breakout_52,1,4,late,10,10,-0.053684492561700381,-0.043047588903052381,0.071841590923343496,-0.11171158399496736,0.0037793018393906253,0.29999999999999999,0.0013058969122051907,-0.054990389473905575,,
STORA,sweep_52,-1,4,late,18,18,0.010985323943826984,0.010183812790965308,0.067773245558215636,-0.037165573177337208,0.048946121304991541,0.55555555555555558,-0.00066333371785900282,0.011648657661685984,,
STORA,sweep_52,1,4,late,22,22,0.028510103698461731,0.02750649205857103,0.10761295075869103,-0.056068570973394322,0.088160346112383936,0.68181818181818177,-0.0039514383142636202,0.032461542012725358,,
STORA,breakout_52,-1,4,late,17,17,-0.02400116763480032,-0.0093114697860379181,0.10914477547123902,-0.059376586704618539,0.039526860994994806,0.41176470588235292,0.0020959082343334516,-0.026097075869133776,,
STORA,breakout_1,-1,13,all,294,291,-0.031207050718213145,-0.041782710319269167,0.1577495738636433,-0.12339381756873946,0.059132734708644774,0.4329896907216495,-0.0078214134709348165,-0.023385637247278331,,
STORA,fvg_raw,-1,13,all,149,147,-0.046255451461342016,-0.049436288941399731,0.16021312549773273,-0.14987357620075548,0.057999422589456895,0.38775510204081631,-0.0090443536116854278,-0.037211097849656594,,
STORA,sweep_1,1,13,all,194,191,-0.00062280265292594887,0.0045836107901435774,0.16314581486349855,-0.11839533010107378,0.11878100572171335,0.51308900523560208,0.0089368698514610233,-0.0095596725043869731,,
STORA,breakout_4,-1,13,all,180,179,-0.043715946320250498,-0.046490361239129863,0.15812262960607068,-0.13533271459225238,0.04716698508939754,0.41899441340782123,-0.006252235645428446,-0.037463710674822057,,
STORA,breakout_1,1,13,all,339,333,0.0026059905289618438,0.0094752268156530484,0.13936328514030133,-0.084081610854791156,0.093205635118875252,0.54054054054054057,0.012938161716872572,-0.010332171187910731,,
STORA,sweep_1,-1,13,all,192,188,-0.0058199779189957697,-0.005609474937571246,0.1345727915815077,-0.09703792335922351,0.080222915143756651,0.47872340425531917,-0.0075852859151249044,0.0017653079961291328,,
STORA,sweep_4,1,13,all,178,176,0.015024047957443588,0.026100647009086875,0.16452313458415746,-0.099336607708108648,0.13180908547867265,0.57954545454545459,0.010255816461266177,0.0047682314961774172,,
STORA,breakout_4,1,13,all,201,199,-0.0075871449259084268,0.0039428950137962993,0.13352331334705456,-0.080739139785278746,0.080247156939588171,0.51758793969849248,0.013353304008359051,-0.02094044893426748,,
STORA,fvg_disp,1,13,all,129,127,0.0084764665097286553,0.0057928979924155577,0.13465839012876576,-0.062054146264850063,0.093989562216794553,0.53543307086614178,0.011976785471947778,-0.0035003189622191209,,
STORA,fvg_raw,1,13,all,190,187,0.0068274072282479724,0.011433607365821441,0.13799957162961657,-0.074991308838135706,0.10137310010536127,0.55080213903743314,0.012750069903341944,-0.0059226626750939707,,
STORA,fvg_disp,-1,13,all,117,116,-0.051083876980469817,-0.048949336206658978,0.16923810666941533,-0.15397143065722529,0.057577766965554111,0.38793103448275862,-0.01006567677663368,-0.041018200203836161,,
STORA,breakout_13,-1,13,all,87,86,-0.067354357349415819,-0.074344632133385713,0.16372711999493522,-0.15030941874476367,0.023958557811890768,0.34883720930232559,-0.008148622605036503,-0.059205734744379325,,
STORA,sweep_13,1,13,all,89,87,0.021336783581091159,0.017790222373984532,0.16688451368723958,-0.077173735590468695,0.13796590713473256,0.57471264367816088,0.010025181025412323,0.01131160255567884,,
STORA,sweep_4,-1,13,all,198,194,-0.0084032438416484223,-0.011414804091369524,0.13103669313716468,-0.098761079347542136,0.0757025857907902,0.45360824742268041,-0.010398428019794671,0.0019951841781462448,,
STORA,breakout_13,1,13,all,106,106,0.0074878984525135134,0.0058003310735810221,0.12274839800537696,-0.070105554536724041,0.083249855949114493,0.53773584905660377,0.017579575086712155,-0.010091676634198639,,
STORA,sweep_13,-1,13,all,103,101,-0.0047709697911253457,-0.012626230394386928,0.11920205142547659,-0.096668514985812637,0.074204895078972988,0.45544554455445546,-0.0124138681254998,0.0076428983343744521,,
STORA,sweep_fvg,-1,13,all,39,39,-0.042862013917793269,-0.063400584091159784,0.16164758873313417,-0.12169874434535466,0.018903486932461078,0.28205128205128205,-0.0085965929364865204,-0.034265420981306742,,
STORA,sweep_fvg,1,13,all,31,31,-0.037001693988300874,-0.024371101659505734,0.1449928673598819,-0.14851920759455628,0.053904885600114971,0.41935483870967744,0.0062025696172751379,-0.043204263605576013,,
STORA,breakout_52,1,13,all,64,64,0.0025316329751358876,0.0077652817591802314,0.10470343208303665,-0.071470201088400215,0.081603286654349128,0.546875,0.025218606019179565,-0.022686973044043678,,
STORA,sweep_52,-1,13,all,57,57,-0.0066838290213260456,-0.015624943085844833,0.11697421538530624,-0.10244825984425399,0.074419866380796673,0.45614035087719296,-0.016364010625689606,0.0096801816043635622,,
STORA,sweep_52,1,13,all,42,42,0.038013641985941739,0.044091438037072606,0.18187413115253864,-0.077808078300592526,0.15587610135254737,0.61904761904761907,0.0093767140582618827,0.028636927927679853,,
STORA,breakout_52,-1,13,all,37,37,-0.095777281772702449,-0.088849399363126969,0.18792514219664821,-0.23980017148667887,0.020169422409614501,0.29729729729729731,-0.0048406512142056069,-0.090936630558496823,,
STORA,breakout_1,-1,13,early,195,194,-0.038711052338655322,-0.050510361813432825,0.17175613485324662,-0.13562316537641755,0.052186629802404239,0.40206185567010311,-0.01261857436858357,-0.026092477970071744,,
STORA,fvg_raw,-1,13,early,96,95,-0.055273856983125834,-0.063400584091159784,0.1749878331815799,-0.15615213123496929,0.050175809576285924,0.35789473684210527,-0.014437666594442063,-0.040836190388683774,,
STORA,sweep_1,1,13,early,135,134,0.006832664731166057,0.021382087624585711,0.17401128733392623,-0.11677248899875675,0.12729333504304918,0.55223880597014929,0.014595110738260272,-0.007762446007094229,,
STORA,breakout_4,-1,13,early,118,118,-0.045397010831347312,-0.054076020570193561,0.1770368306262341,-0.15436832364665226,0.051301390902995403,0.44067796610169491,-0.0090793094799959083,-0.036317701351351407,,
STORA,breakout_1,1,13,early,244,241,0.017901638849048912,0.026684494884068544,0.13726117351867337,-0.069565153763525789,0.10029794036646855,0.59336099585062241,0.022480878753830556,-0.0045792399047816425,,
STORA,sweep_1,-1,13,early,129,127,-0.011487858761656779,-0.012149543622267167,0.13802079781455717,-0.1089417514567721,0.068220101984677706,0.45669291338582679,-0.013727871878789133,0.0022400131171323463,,
STORA,sweep_4,1,13,early,125,124,0.023565788963457193,0.045910046375728708,0.17533983666463043,-0.089885619634892694,0.15048498384453812,0.62903225806451613,0.016334999346143925,0.0072307896173132661,,
STORA,breakout_4,1,13,early,149,147,0.0075075034413130794,0.018456372438213631,0.12796784207111317,-0.073743783210936664,0.088534521608610972,0.57823129251700678,0.022479164375778876,-0.014971660934465803,,
STORA,fvg_disp,1,13,early,92,90,0.017651950765731433,0.007634062404034303,0.13073445656177943,-0.058382891517121477,0.10652936017494152,0.55555555555555558,0.020688782230483951,-0.0030368314647525219,,
STORA,fvg_raw,1,13,early,130,128,0.018308588030734221,0.021917716114463137,0.13488228378695408,-0.061570778154041439,0.10817015603774038,0.59375,0.022534037867010876,-0.0042254498362766591,,
STORA,fvg_disp,-1,13,early,76,76,-0.066364141131797269,-0.067287016256949772,0.18295183699291923,-0.17237264329861934,0.03874740474849267,0.32894736842105265,-0.016515452189376442,-0.049848688942420831,,
STORA,breakout_13,-1,13,early,52,52,-0.063349674038398307,-0.076704528477425704,0.1914845961743161,-0.16625186549218768,0.043208195379219327,0.38461538461538464,-0.012642656553847869,-0.050707017484550448,,
STORA,sweep_13,1,13,early,53,53,0.010742390624496606,0.019801960832583232,0.18570321738967727,-0.067612645817445416,0.13825363196756002,0.58490566037735847,0.014449729210377826,-0.0037073385858812109,,
STORA,sweep_4,-1,13,early,132,131,-0.024501000233791984,-0.022727272727272707,0.12873408984854531,-0.10232330054604322,0.039665396354783278,0.39694656488549618,-0.01893729858159296,-0.0055637016521990169,,
STORA,breakout_13,1,13,early,86,86,0.012477809357813788,0.0076353701965916621,0.12322702266707181,-0.067929085944261169,0.084926209902446315,0.55813953488372092,0.029320409925599922,-0.016842600567786147,,
STORA,sweep_13,-1,13,early,67,67,-0.020840241395795333,-0.019665664480311262,0.10965381255165937,-0.094989206949425253,0.03384246618852732,0.38805970149253732,-0.023206828301650762,0.0023665869058554271,,
STORA,sweep_fvg,-1,13,early,31,31,-0.046409646569408242,-0.06772911431866957,0.17486905028443106,-0.13720788467656908,0.0021941608048745009,0.25806451612903225,-0.014375797048190914,-0.032033849521217329,,
STORA,sweep_fvg,1,13,early,21,21,0.0054564091470916936,0.0028462744857464806,0.13169285612600198,-0.037558650972559837,0.095238174354932426,0.52380952380952384,0.010084211062198601,-0.004627801915106906,,
STORA,breakout_52,1,13,early,53,53,0.013539765484956143,0.02912616726279027,0.10005612056451289,-0.069565153763525789,0.085210566337762694,0.58490566037735847,0.041952493543906878,-0.028412728058950752,,
STORA,sweep_52,-1,13,early,38,38,-0.028166940626972902,-0.031811907975073606,0.10522726480298342,-0.10856709327293551,0.032619854673180571,0.36842105263157893,-0.031699269998512289,0.0035323293715393729,,
STORA,sweep_52,1,13,early,20,20,0.023535899644808143,0.054322204957879427,0.23061657360572083,-0.14445144173005656,0.21143403445862669,0.59999999999999998,0.0051675462478117575,0.018368353396996391,,
STORA,breakout_52,-1,13,early,20,20,-0.080355679504654193,-0.062169316424283916,0.23875883957033406,-0.28216506775596278,0.10920549726637846,0.45000000000000001,-0.0021307826859845889,-0.078224896818669593,,
STORA,breakout_1,-1,13,late,95,93,-0.018890808689405632,-0.027161476985437583,0.12621417125956055,-0.10653408667580666,0.072117270236211062,0.4731182795698925,0.003050556982931728,-0.02194136567233735,,
STORA,fvg_raw,-1,13,late,50,49,-0.034774708740366263,-0.040664766287411336,0.13099985866051417,-0.13263153611567979,0.060632526950233911,0.40816326530612246,0.0033924989552869345,-0.038167207695653189,,
STORA,sweep_1,1,13,late,57,55,-0.016292933959284692,-0.026797909499983619,0.13600905123798776,-0.12345298879272026,0.067107245742947796,0.43636363636363634,-0.0038502349137351515,-0.012442699045549547,,
STORA,breakout_4,-1,13,late,59,58,-0.043601532302598819,-0.048262904577572763,0.11627973248963304,-0.11718997146660642,0.027508527338332284,0.34482758620689657,0.0034838799996232393,-0.04708541230222206,,
STORA,breakout_1,1,13,late,92,89,-0.031213482979990111,-0.024887825567327271,0.1350485586905584,-0.11287841328583437,0.061441724870635817,0.4157303370786517,-0.0026034390387425482,-0.028610043941247575,,
STORA,sweep_1,-1,13,late,61,59,0.0020362694011540178,0.0044976826999868491,0.12766075902589966,-0.091610817603468342,0.080363664686259495,0.50847457627118642,0.00061892937655408397,0.0014173400245999406,,
STORA,sweep_4,1,13,late,51,50,-0.002790087560683403,-0.016177453473918524,0.13669682974951783,-0.1373897423251286,0.088980848466092666,0.47999999999999998,-0.0052077834010276327,0.0024176958403442209,,
STORA,breakout_4,1,13,late,49,49,-0.039692749283090308,-0.012962994523172067,0.13733989312922579,-0.12138556006131551,0.055412326895622144,0.36734693877551022,-0.0033924989552869345,-0.036300250327803381,,
STORA,fvg_disp,1,13,late,36,36,-0.005946289588233406,0.0025400199400572032,0.1367527835913942,-0.063991862468501776,0.08464030977932413,0.5,-0.0030796457965522237,-0.0028666437916811931,,
STORA,fvg_raw,1,13,late,59,58,-0.013253038262891776,-0.002086512818739783,0.13881596087534309,-0.091855930476433451,0.089889322007533967,0.46551724137931033,-0.0029241711030633709,-0.010328867159828415,,
STORA,fvg_disp,-1,13,late,39,38,-0.025950150525794212,-0.021630511113321815,0.13929920958053427,-0.11189811932419141,0.06085264741275756,0.47368421052631576,0.003601713451530578,-0.029551863977324781,,
STORA,breakout_13,-1,13,late,34,33,-0.07608244463453441,-0.07482563845885748,0.11164414727657442,-0.13263153611567979,0.0092397865724095363,0.27272727272727271,0.0036534887561565327,-0.079735933390690947,,
STORA,sweep_13,1,13,late,35,33,0.041636346084415368,0.014616307551950536,0.13353233666376157,-0.075239960747424339,0.13767818230190509,0.5757575757575758,-0.0066046811198358368,0.048241027204251184,,
STORA,sweep_4,-1,13,late,65,62,0.023629859595866842,0.037227201516836561,0.1310032652479885,-0.090870076546604839,0.10272597680833948,0.56451612903225812,0.0014797610474250023,0.022150098548441851,,
STORA,breakout_13,1,13,late,19,19,-0.0067400195712374765,-0.0013907993323908352,0.12021525348163184,-0.059527022318717426,0.069831662178535758,0.47368421052631576,-0.0018931283988741401,-0.0048468911723633388,,
STORA,sweep_13,-1,13,late,35,33,0.024244781642770181,0.044886865269646803,0.13323589677883621,-0.10244825984425399,0.10790502263880042,0.5757575757575758,0.00070229639247722784,0.023542485250292958,,
STORA,sweep_fvg,-1,13,late,7,7,-0.045709350210196828,-0.047370164456942199,0.098521826548847752,-0.103605225773577,-0.0050863993192645784,0.2857142857142857,0.0014049612409723009,-0.047114311451169122,,
STORA,sweep_fvg,1,13,late,10,10,-0.12616371057262527,-0.11697801957698395,0.13600352425659587,-0.21043400493549821,-0.011027327374610596,0.20000000000000001,-0.0032599964409992925,-0.12290371413162597,,
STORA,breakout_52,1,13,late,10,10,-0.040426906334193755,-0.0057400295510099397,0.11620279446186416,-0.14709493524969369,0.041894830425751983,0.40000000000000002,0.0032326267590951788,-0.043659533093288946,,
STORA,sweep_52,-1,13,late,18,18,0.031945281067009702,0.072035098749269,0.13228899809958383,-0.074630972984827404,0.10334417130126552,0.61111111111111116,-0.0014291203146244923,0.033374401381634201,,
STORA,sweep_52,1,13,late,22,22,0.051175225932426807,0.036712581607878381,0.12681201039360371,-0.036423666118887116,0.13302335068696419,0.63636363636363635,-0.011523335059301339,0.062698560991728158,,
STORA,breakout_52,-1,13,late,17,17,-0.11392034326452391,-0.088849399363126969,0.10544803892940262,-0.13624117935936497,-0.045997301198769769,0.11764705882352941,0.0063153485351613954,-0.1202356917996853,,
STORA_ADJ,breakout_1,-1,1,all,292,292,-0.0069458236386054431,-0.0058098072984247295,0.057468368528963365,-0.042085154392566881,0.02389896755564816,0.45205479452054792,-0.0015942559624162833,-0.0053515676761891583,,
STORA_ADJ,fvg_raw,-1,1,all,144,144,0.0017903666517454532,0.00010539704635587066,0.058499474935225323,-0.028378491192915634,0.030870496868064118,0.5,-0.0016881765106394723,0.0034785431623849273,,
STORA_ADJ,sweep_1,1,1,all,197,197,-0.0020426694015289399,0.0009733769109649959,0.055246099598941091,-0.029134638834904192,0.022432520293705016,0.52284263959390864,0.0016786424551852989,-0.0037213118567142409,,
STORA_ADJ,breakout_4,-1,1,all,174,174,-0.0068567074806638014,-0.0052282704130968138,0.064730685153087109,-0.043488736247766724,0.033755796952667588,0.46551724137931033,-0.0014365210715862223,-0.0054201864090775761,,
STORA_ADJ,breakout_1,1,1,all,351,350,-0.00087347631648807163,-0.00049756632001962675,0.04566641822547849,-0.026957045388514317,0.027524564411023134,0.47428571428571431,0.0019921414805994199,-0.0028656177970874928,,
STORA_ADJ,sweep_1,-1,1,all,200,199,-0.0029842146868331709,-0.0025629614758784225,0.049180958533010626,-0.033804259553137483,0.023329711830636923,0.47236180904522612,-0.0015730504132976746,-0.0014111642735354936,,
STORA_ADJ,sweep_4,1,1,all,180,180,0.0033522090617458945,0.0036282181809207392,0.052844551092839843,-0.024029108906077873,0.031018860225852929,0.53888888888888886,0.0017950589814326953,0.001557150080313199,,
STORA_ADJ,breakout_4,1,1,all,213,212,-0.0024959718373700674,-0.0021698139228906177,0.04199507062161062,-0.026833659968470813,0.019941577185799197,0.45283018867924529,0.0020364601549758788,-0.0045324319923459476,,
STORA_ADJ,fvg_disp,1,1,all,134,134,-0.00092301840628255085,-0.0006321535359427588,0.040411781841750011,-0.024362518045167314,0.02333168755477677,0.47761194029850745,0.001892261387631207,-0.002815279793913758,,
STORA_ADJ,fvg_raw,1,1,all,200,199,-0.00099314431366840663,-0.0020976314450312783,0.04518023645228645,-0.026225672620366847,0.02369415918143214,0.46231155778894473,0.0020014959887360937,-0.0029946403024045023,,
STORA_ADJ,fvg_disp,-1,1,all,111,111,-0.0012177139281910011,0.0010526210572913142,0.055971373317744731,-0.028411306441795126,0.025673130417258494,0.51351351351351349,-0.0017969141798650028,0.00057920025167400443,,
STORA_ADJ,breakout_13,-1,1,all,82,82,0.00047748023931705973,0.00035149038719439751,0.063543842680376286,-0.042834044456254494,0.049772675380965858,0.5,-0.0016008722770752975,0.0020783525163923598,,
STORA_ADJ,sweep_13,1,1,all,89,89,0.015503730303605627,0.010970324803317055,0.058378669813312641,-0.01536440546049922,0.046521847722794663,0.6067415730337079,0.0017380080443003543,0.013765722259305269,,
STORA_ADJ,sweep_4,-1,1,all,201,200,0.00079583771796104704,0.0012116776768865689,0.048288959851131553,-0.031429234700587227,0.026631850240669996,0.51500000000000001,-0.0018297387128974618,0.0026255764308585118,,
STORA_ADJ,breakout_13,1,1,all,121,121,-0.0021299742972954202,0,0.036374907005437836,-0.026548663491814173,0.019113055493353404,0.47107438016528924,0.0023696771382558262,-0.0044996514355512491,,
STORA_ADJ,sweep_13,-1,1,all,109,108,0.0035046666784247999,0.002423260892945367,0.043819150237055342,-0.024322072132231642,0.025796591288033272,0.53703703703703709,-0.001891830934076465,0.005396497612501266,,
STORA_ADJ,sweep_fvg,-1,1,all,38,38,-0.0028412654875440159,-0.0042863080180203239,0.063266217175837358,-0.034042571998583182,0.022360929432706816,0.47368421052631576,-0.0016919637505293122,-0.0011493017370147014,,
STORA_ADJ,sweep_fvg,1,1,all,34,34,-0.0090641032873498492,-0.0089487760535718608,0.036279587611146268,-0.023732384561446329,0.013656488023996827,0.44117647058823528,0.0013936320115812324,-0.010457735298931084,,
STORA_ADJ,sweep_52,-1,1,all,69,69,0.0068935167773546422,0.0034199037434293755,0.044429623253675575,-0.022639306241427626,0.028021179389128625,0.56521739130434778,-0.0019254042689071005,0.0088189210462617466,,
STORA_ADJ,breakout_52,1,1,all,76,76,0.0035212437826258867,0.0059177600951713094,0.034171192594898009,-0.023436688126065031,0.025371088155677901,0.56578947368421051,0.0028701745167901299,0.00065106926583575651,,
STORA_ADJ,breakout_52,-1,1,all,34,34,0.0036158093224395774,0.010210571512253797,0.072217727755056249,-0.050089649604965203,0.05883046366689032,0.52941176470588236,-0.0011471357264963996,0.0047629450489359796,,
STORA_ADJ,sweep_52,1,1,all,37,37,0.013671008238284307,0.013861511205807808,0.063543772281134211,-0.019434545846061524,0.046521847722794663,0.64864864864864868,0.001949595000946423,0.011721413237337882,,
STORA_ADJ,breakout_1,-1,1,early,198,198,-0.011865833215384447,-0.0072314131799271486,0.058270618493371479,-0.049357245842550301,0.018218852381201384,0.42929292929292928,-0.0020152938526445899,-0.0098505393627398592,,
STORA_ADJ,fvg_raw,-1,1,early,96,96,0.0031359494149351291,-0.00074726992815599136,0.058622472618502411,-0.029703086110573207,0.033790842490844603,0.48958333333333331,-0.0021453144311861082,0.0052812638461212378,,
STORA_ADJ,sweep_1,1,1,early,141,141,-0.0035041935430271142,0.00078448628686733635,0.059036553507592925,-0.029134638834904192,0.019662838893204526,0.51063829787234039,0.0021254685519452657,-0.0056296620949723803,,
STORA_ADJ,breakout_4,-1,1,early,116,116,-0.012887046162366224,-0.010768012936609561,0.068360454499803824,-0.051788092568441968,0.031481750071067377,0.43103448275862066,-0.0017143166813280934,-0.011172729481038132,,
STORA_ADJ,breakout_1,1,1,early,257,256,0.0012883491780206089,0,0.045770688765981386,-0.025913662487051098,0.028396552832047062,0.48828125,0.002664160136588877,-0.0013758109585682676,,
STORA_ADJ,sweep_1,-1,1,early,139,139,-0.0025408360248084594,-0.0022372497336775599,0.050973794854557559,-0.032278078484549777,0.022337438004580656,0.47482014388489208,-0.0020902885185284056,-0.00045054750628005242,,
STORA_ADJ,sweep_4,1,1,early,130,130,-6.0381892408549574e-05,0.0013933647833597185,0.054374103423028494,-0.023989554514219413,0.029117369502103141,0.52307692307692311,0.0022629852290233479,-0.0023233671214318964,,
STORA_ADJ,breakout_4,1,1,early,159,158,0.0010936359806677143,0,0.042408195744455909,-0.024813278380714537,0.025297737893298311,0.49367088607594939,0.0026719085079538732,-0.0015782725272861593,,
STORA_ADJ,fvg_disp,1,1,early,96,96,0.00022555779130592363,0.00028762884189614812,0.041458714315523122,-0.022908958508491395,0.024266306743688459,0.5,0.0024717791446979627,-0.0022462213533920392,,
STORA_ADJ,fvg_raw,1,1,early,139,139,0.0019255038175923858,0,0.046615646972264037,-0.022960776100586333,0.027364480707338767,0.48920863309352519,0.0026700737445802913,-0.00074456992698790597,,
STORA_ADJ,fvg_disp,-1,1,early,74,74,0.0015890650067284817,0.00096634472892254131,0.057342588545687759,-0.032155384452611402,0.027629727628407846,0.51351351351351349,-0.0023318656960500251,0.0039209307027785077,,
STORA_ADJ,breakout_13,-1,1,early,50,50,-0.007854671226694164,-0.019167455701496139,0.066463501442137876,-0.049996492841245632,0.033067468383484733,0.46000000000000002,-0.0019736872675113048,-0.0058809839591828592,,
STORA_ADJ,sweep_13,1,1,early,53,53,0.012983707442424556,0.010343328501916327,0.06714561101182169,-0.020175208040171588,0.053022948475345943,0.56603773584905659,0.0021206755848833265,0.010863031857541229,,
STORA_ADJ,sweep_4,-1,1,early,135,135,0.0020737067359266367,0.0034199037434293755,0.048573951193304619,-0.024916647231849276,0.023957836484403972,0.53333333333333333,-0.0025142713772502989,0.0045879781131769369,,
STORA_ADJ,breakout_13,1,1,early,98,98,-0.00025938822093512603,0.00033105837961822093,0.03508267553973899,-0.024021673753495593,0.023639117622076822,0.5,0.0031542141289195359,-0.0034136023498546621,,
STORA_ADJ,sweep_13,-1,1,early,68,68,0.0032151690555265095,0.00247077960986819,0.044658634329838312,-0.022855535562637197,0.022718519701367901,0.52941176470588236,-0.002726915433408908,0.0059420844889354176,,
STORA_ADJ,sweep_fvg,-1,1,early,30,30,0.0054786462225134541,-0.0012007687662830002,0.062326851874797883,-0.030036152959854456,0.029669553430043683,0.5,-0.0021826246841588916,0.0076612709066723461,,
STORA_ADJ,sweep_fvg,1,1,early,23,23,-0.0072676964366623197,-0.0094876715701447401,0.032636868796003346,-0.022493985029629515,0.011156570606635774,0.43478260869565216,0.0016505480330687632,-0.0089182444697310827,,
STORA_ADJ,sweep_52,-1,1,early,44,44,0.0073639185768487984,0.0034855356078530852,0.046532871562081031,-0.02246653840488555,0.021808129621016747,0.59090909090909094,-0.0029423971083319357,0.010306315685180733,,
STORA_ADJ,breakout_52,1,1,early,64,64,0.0058393497091936957,0.0094357682873580373,0.032877072638964742,-0.020523138773272276,0.026406613900831821,0.59375,0.003940870355501308,0.0018984793536923881,,
STORA_ADJ,breakout_52,-1,1,early,19,19,0.0020597612227560087,0.010600757077773415,0.086020483104551987,-0.064497306546388189,0.064908181913407026,0.57894736842105265,-0.0010358253296270236,0.0030955865523830321,,
STORA_ADJ,sweep_52,1,1,early,15,15,0.012569008733020323,0.015118520868490526,0.080168360317403833,-0.015179053810803866,0.066000215189710443,0.59999999999999998,0.0018841426603766244,0.010684866072643696,,
STORA_ADJ,breakout_1,-1,1,late,94,94,0.0034176007890779855,0.0012256465027857266,0.05460172059504094,-0.026958536934605759,0.03485543824721804,0.5,-0.00059888894109534716,0.0040164897301733374,,
STORA_ADJ,fvg_raw,-1,1,late,48,48,-0.00090079887463389902,0.0066988989382497088,0.05877744832650094,-0.023928459933718949,0.029361181414290005,0.52083333333333337,-0.0005455459461914579,-0.00035525292844243959,,
STORA_ADJ,sweep_1,1,1,late,56,56,0.0016372395976003925,0.002630087157235006,0.044561338062848163,-0.026235617253000332,0.02672186484072836,0.5535714285714286,0.0005686530499747095,0.0010685865476256831,,
STORA_ADJ,breakout_4,-1,1,late,58,58,0.0052039698827410445,0.0066988989382497088,0.055379582054692539,-0.022229169424417661,0.041436511598898024,0.53448275862068961,-0.00058180019523069743,0.0057857700779717436,,
STORA_ADJ,breakout_1,1,1,late,93,93,-0.006367649678103853,-0.0069308384713006044,0.045179723906996379,-0.028399350677159596,0.017748811503734974,0.44086021505376344,0.00061598534320814408,-0.0069836350213119984,,
STORA_ADJ,sweep_1,-1,1,late,61,60,-0.0040113752538570857,-0.0044452983452114569,0.045146830725245952,-0.039232409706478455,0.024668552330627092,0.46666666666666667,-0.00075582059061904709,-0.0032555546632380378,,
STORA_ADJ,sweep_4,1,1,late,50,50,0.012224945542547449,0.0068907083828156912,0.048026682918686212,-0.023942413542536678,0.040287391660476901,0.57999999999999996,0.00048408105012800876,0.011740864492419439,,
STORA_ADJ,breakout_4,1,1,late,53,53,-0.012426374229953028,-0.015353831092506875,0.039425777307677309,-0.038380537443391427,0.0088795172629991814,0.33962264150943394,0.00054707188700733303,-0.012973446116960363,,
STORA_ADJ,fvg_disp,1,1,late,37,37,-0.0027566306520753472,-0.0020976314450312783,0.037956504366600904,-0.024553518649931494,0.022883224855646089,0.43243243243243246,0.00058270466714020026,-0.0033393353192155474,,
STORA_ADJ,fvg_raw,1,1,late,60,59,-0.0071514926912696931,-0.0040853668727759418,0.041330572526866519,-0.030242406244672448,0.01799990244084837,0.40677966101694918,0.0005551412689489099,-0.0077066339602186035,,
STORA_ADJ,fvg_disp,-1,1,late,37,37,-0.0068312717980299666,0.0062112580612175838,0.053443090703711386,-0.022237443292385084,0.024017449773788724,0.51351351351351349,-0.00053024529638903456,-0.0063010265016409297,,
STORA_ADJ,breakout_13,-1,1,late,32,32,0.013496466904959595,0.0079690941469283683,0.057281398019726398,-0.021996069402758112,0.052115610919791888,0.5625,-0.00052532723038111275,0.01402179413534071,,
STORA_ADJ,sweep_13,1,1,late,36,36,0.019213763960344427,0.013378755943980081,0.042973169664715948,-0.0031673578100525346,0.041785430222448405,0.66666666666666663,0.00041075450745582388,0.018803009452888604,,
STORA_ADJ,sweep_4,-1,1,late,66,65,-0.0018581979347367162,-0.0025629614758784225,0.047956873960450279,-0.040886350267793636,0.032212942487916396,0.47692307692307695,-0.00068116687070392658,-0.0011770310640327897,,
STORA_ADJ,breakout_13,1,1,late,23,23,-0.010100297579178413,-0.019230709838555016,0.041332918291353181,-0.035909331520224075,0.012484349399547234,0.34782608695652173,0.00061235561582564176,-0.010712653195004055,,
STORA_ADJ,sweep_13,-1,1,late,41,40,0.0039968126373518932,0.002423260892945367,0.042911016569839686,-0.027118983326565482,0.032293777737012558,0.55000000000000004,-0.00070729567267421877,0.0047041083100261135,,
STORA_ADJ,sweep_fvg,-1,1,late,8,8,-0.034040934400259529,-0.014377933866941528,0.060448663698241867,-0.084872917778251011,0.013996059875379663,0.375,-0.00070729567267421877,-0.03333363872758531,,
STORA_ADJ,sweep_fvg,1,1,late,11,11,-0.012820226702423776,-0.0069308384713006044,0.044465525257887571,-0.033256131969691571,0.013648301625952097,0.45454545454545453,0.00059701176825415457,-0.013417238470677934,,
STORA_ADJ,sweep_52,-1,1,late,25,25,0.0060656096102449288,0.00090169987746613334,0.041380498076334454,-0.02411917151151588,0.04206500081428155,0.52000000000000002,-0.00087228039368663496,0.006937890003931562,,
STORA_ADJ,breakout_52,1,1,late,12,12,-0.0088419878257357618,-0.024635878583801507,0.039658032434407173,-0.033997396666204688,0.016275158210961094,0.41666666666666669,0.00094992026239836002,-0.0097919080881341217,,
STORA_ADJ,breakout_52,-1,1,late,15,15,0.0055868035820387648,-0.0015302968019692553,0.052652843310846013,-0.032361465523124133,0.053020951734716604,0.46666666666666667,-0.00056172091883973404,0.0061485245008784982,,
STORA_ADJ,sweep_52,1,1,late,22,22,0.014422371537327934,0.010242804336026534,0.051340615977838934,-0.018776382300936506,0.042023041072923095,0.68181818181818177,6.7649027037846451e-05,0.014354722510290085,,
STORA_ADJ,breakout_1,-1,4,all,292,291,-0.020177608674811671,-0.017199093070905613,0.10786655231433318,-0.087148324138589417,0.044446489968891334,0.40893470790378006,-0.0059154008856763928,-0.014262207789135273,,
STORA_ADJ,fvg_raw,-1,4,all,144,143,-0.014196379913130712,-0.020484125874622894,0.1097156334964263,-0.075996171168380533,0.05540575255016561,0.36363636363636365,-0.0063158169733064651,-0.0078805629398242417,,
STORA_ADJ,sweep_1,1,4,all,197,197,-0.0012684586819295264,0.0086090315410722873,0.10266922990416208,-0.054354153817140261,0.054513021790040916,0.53299492385786806,0.0062349470392246437,-0.0075034057211541723,,
STORA_ADJ,breakout_4,-1,4,all,174,174,-0.020727385913149279,-0.021446035507458716,0.12014781429405824,-0.088697746635726993,0.053900071741424721,0.39655172413793105,-0.0052928935533680249,-0.015434492359781249,,
STORA_ADJ,breakout_1,1,4,all,351,348,-0.00026320432557907868,-0.00040942575156222016,0.089823192944984503,-0.056021749543389648,0.055071208351286871,0.4942528735632184,0.0074880229282803731,-0.0077512272538594572,,
STORA_ADJ,sweep_1,-1,4,all,200,198,-0.0066362824444331425,-0.0088818377542038141,0.082189931554748616,-0.063227443445963982,0.03998462658412269,0.45454545454545453,-0.0058534392811594145,-0.00078284316327372676,,
STORA_ADJ,sweep_4,1,4,all,180,180,0.016648552715216355,0.020715676352853318,0.10710758728706897,-0.048433276912648371,0.06982675110143749,0.58333333333333337,0.0066879294144869409,0.0099606233007294154,,
STORA_ADJ,breakout_4,1,4,all,213,212,-0.0078556536552882635,-0.005168065587546844,0.089672657549622239,-0.063085169809042524,0.047385918503865587,0.45754716981132076,0.0076274454600166975,-0.01548309911530496,,
STORA_ADJ,fvg_disp,1,4,all,134,133,0.002872981482851479,0.0029702226710286439,0.076362153485471596,-0.047179917325218867,0.05160786631110037,0.52631578947368418,0.0071190671921037667,-0.0042460857092522898,,
STORA_ADJ,fvg_raw,1,4,all,200,198,0.0057176479477831776,0.0098507414047216413,0.094212613931414793,-0.051972508585562072,0.061692387357840384,0.53535353535353536,0.0075292275493201227,-0.001811579601536947,,
STORA_ADJ,fvg_disp,-1,4,all,111,111,-0.020406768142100646,-0.020484125874622894,0.1028716014748151,-0.074105249806919127,0.043817428918971502,0.35135135135135137,-0.006695615466210442,-0.013711152675890192,,
STORA_ADJ,breakout_13,-1,4,all,82,82,-0.010842333978369204,-0.0092171246106543814,0.12650947045520602,-0.078246556527819033,0.080909888074220393,0.43902439024390244,-0.0059329408819120723,-0.0049093930964571302,,
STORA_ADJ,sweep_13,1,4,all,89,89,0.043722223944508663,0.039921821963883941,0.12942204292468357,-0.037719007920967829,0.094195890347486211,0.6629213483146067,0.0064666137736023822,0.03725561017090627,,
STORA_ADJ,sweep_4,-1,4,all,201,200,-0.0058289852354531761,-0.0068857558184574064,0.07688087155719811,-0.048866287297035571,0.041486926085490816,0.46000000000000002,-0.0068235562585833775,0.00099457102313020313,,
STORA_ADJ,breakout_13,1,4,all,121,121,-0.011806719199613906,-0.0092591819288324606,0.078607185564838714,-0.062880470105669661,0.046612655221164756,0.42148760330578511,0.008924087507822899,-0.020730806707436808,,
STORA_ADJ,sweep_13,-1,4,all,109,108,-0.0068180459352656167,-0.004988538023088851,0.070164188905496749,-0.050995959280934311,0.041210161564675996,0.46296296296296297,-0.00706565422505211,0.00024760828978649419,,
STORA_ADJ,sweep_fvg,-1,4,all,38,38,-0.019674095077232973,-0.030208327459841811,0.12331009209728377,-0.083497468633133731,0.047078418853629678,0.42105263157894735,-0.0062863893893253002,-0.013387705687907677,,
STORA_ADJ,sweep_fvg,1,4,all,34,34,-0.012060043124880423,-0.0052662870449891597,0.065703046220700043,-0.046629224094451943,0.034188047112011621,0.47058823529411764,0.005125900870192132,-0.017185943995072554,,
STORA_ADJ,sweep_52,-1,4,all,69,69,-0.0037611893866237407,-0.0028441083100236852,0.064247156601752578,-0.043041430512367196,0.041227193970612808,0.47826086956521741,-0.0071965561405232404,0.003435366753899504,,
STORA_ADJ,breakout_52,1,4,all,76,76,-0.0053239815753811153,-0.0051565418147060949,0.071676776826043814,-0.059530330329582742,0.046797900051626651,0.47368421052631576,0.010872245233020508,-0.016196226808401628,,
STORA_ADJ,breakout_52,-1,4,all,34,34,0.0081576131622254598,-0.0003207657537779296,0.12449738249093792,-0.041239068605777029,0.091099490763463714,0.5,-0.0041672498261717894,0.012324862988397255,,
STORA_ADJ,sweep_52,1,4,all,37,37,0.066644006462250077,0.040572983406683027,0.15585343533738619,-0.02246265463677799,0.10980118982441489,0.70270270270270274,0.0072904989756403778,0.05935350748660969,,
STORA_ADJ,breakout_1,-1,4,early,197,197,-0.028395095997610587,-0.028056288968971721,0.11154362177277927,-0.10054986413376121,0.040732001328253054,0.37055837563451777,-0.0073708380768033495,-0.021024257920807241,,
STORA_ADJ,fvg_raw,-1,4,early,96,95,-0.011123227469154605,-0.028056288968971721,0.1118259533598988,-0.075996171168380533,0.050774535733049408,0.37894736842105264,-0.0080009901331685122,-0.0031222373359860935,,
STORA_ADJ,sweep_1,1,4,early,141,141,-0.0024584452448132839,0.0055199020087497441,0.10381367731059697,-0.054354153817140261,0.049930840287210954,0.51773049645390068,0.0078423088446883046,-0.010300754089501587,,
STORA_ADJ,breakout_4,-1,4,early,116,116,-0.028127682595703314,-0.037010455412194498,0.12680866517183836,-0.10660377598737997,0.042464443275718522,0.36206896551724138,-0.0062681825200747556,-0.021859500075628556,,
STORA_ADJ,breakout_1,1,4,early,256,254,0.004952857492653325,0.0033838035568191094,0.092783516067151489,-0.05318147204852719,0.064689905365245381,0.50393700787401574,0.0099147481390855184,-0.0049618906464321899,,
STORA_ADJ,sweep_1,-1,4,early,138,137,-0.0050368287142561535,-0.0052433687131878681,0.086366035976032055,-0.062500136719048971,0.039738283754710335,0.48175182481751827,-0.007694117259937976,0.0026572885456818233,,
STORA_ADJ,sweep_4,1,4,early,130,130,0.018761469745818344,0.025132056868424013,0.11067230517051961,-0.047668688541431692,0.07317386722221586,0.60769230769230764,0.0083688019411128738,0.01039266780470547,,
STORA_ADJ,breakout_4,1,4,early,158,157,-0.00096075239487242343,-0.0034843230369994149,0.094331766821649704,-0.053726099238324831,0.059412376295286284,0.4713375796178344,0.0098880976568748707,-0.010848850051747291,,
STORA_ADJ,fvg_disp,1,4,early,96,95,0.0031970144529965654,-0.0034843230369994149,0.077266170343634907,-0.050574049393924347,0.051925874128191274,0.49473684210526314,0.0092640420019585758,-0.0060670275489620113,,
STORA_ADJ,fvg_raw,1,4,early,139,138,0.0092467133906697745,0.011887095924884683,0.098571324090787421,-0.050886801462764086,0.064676116928494676,0.53623188405797106,0.0099988609980869586,-0.00075214760741718024,,
STORA_ADJ,fvg_disp,-1,4,early,74,74,-0.015403566217675184,-0.024870089953721641,0.10493192304020631,-0.074682456757671434,0.046410340434206249,0.39189189189189189,-0.0086325160675635448,-0.0067710501501116382,,
STORA_ADJ,breakout_13,-1,4,early,50,50,-0.014841117386076394,-0.025543192480041887,0.13754045352649685,-0.098391270852451751,0.091099490763463714,0.41999999999999998,-0.007261202610020048,-0.0075799147760563469,,
STORA_ADJ,sweep_13,1,4,early,53,53,0.049567621153383215,0.040572983406683027,0.14981072339036863,-0.054354153817140261,0.10477163279852353,0.64150943396226412,0.0078239586043893136,0.041743662548993886,,
STORA_ADJ,sweep_4,-1,4,early,135,135,-0.0062893765950829753,-0.0043670908242439133,0.078752467598113773,-0.04919797683393079,0.042409489575885084,0.45925925925925926,-0.0093308701431644055,0.0030414935480814241,,
STORA_ADJ,breakout_13,1,4,early,98,98,-0.0073235702080472215,-0.0063001812481940367,0.079146509448239019,-0.056102347842757083,0.051914147671766164,0.43877551020408162,0.011780939822127698,-0.019104510030174916,,
STORA_ADJ,sweep_13,-1,4,early,68,68,-0.011856124372543419,-0.0088537560920798342,0.070087428184997913,-0.058704958318550937,0.032614257583138795,0.44117647058823528,-0.010144994145736519,-0.0017111302268068987,,
STORA_ADJ,sweep_fvg,-1,4,early,30,30,-0.01269055835345434,-0.017755636065740266,0.12293843658112405,-0.081137999550343176,0.047078418853629678,0.43333333333333335,-0.008061135460253754,-0.0046294228932005858,,
STORA_ADJ,sweep_fvg,1,4,early,23,23,-4.5188723827705857e-05,-0.0034843230369994149,0.052473569999017311,-0.020413823253866759,0.039913308346581911,0.47826086956521741,0.0060240393820188481,-0.0060692281058465549,,
STORA_ADJ,sweep_52,-1,4,early,44,44,-0.01530136614100429,-0.0088537560920798342,0.066448413688386498,-0.060206743937177454,0.030571383824420512,0.43181818181818182,-0.010969982188376325,-0.0043313839526279655,,
STORA_ADJ,breakout_52,1,4,early,64,64,-4.4883221667207929e-05,-0.0035225119559388895,0.068561775363727567,-0.055913184092759582,0.055071208351286871,0.484375,0.014792713240122223,-0.014837596461789431,,
STORA_ADJ,breakout_52,-1,4,early,19,19,0.03885972747186496,0.03256719269588082,0.13213312811231789,-0.025543192480041887,0.10891656529941068,0.57894736842105265,-0.0036705265830311519,0.042530254054896112,,
STORA_ADJ,sweep_52,1,4,early,15,15,0.10469852362518531,0.040572983406683027,0.21172653730743304,-0.038043723752671843,0.1799004410988515,0.66666666666666663,0.0069183742456341724,0.097780149379551123,,
STORA_ADJ,breakout_1,-1,4,late,94,93,-0.0018641651640062477,-0.0049281662848508212,0.098022693119010601,-0.065652397286932285,0.068953446779983385,0.4946236559139785,-0.0013480710343079284,-0.00051609412969832232,,
STORA_ADJ,fvg_raw,-1,4,late,48,48,-0.020278660791833426,-0.015583818939626792,0.10630954679078815,-0.072269684522326405,0.068236510399646622,0.33333333333333331,-0.0010606220839871477,-0.019218038707846278,,
STORA_ADJ,sweep_1,1,4,late,56,56,0.0017277574853313648,0.011914272181284824,0.10058996264553761,-0.054052227945679293,0.059494367429716588,0.5714285714285714,0.0011946208427833008,0.00053313664254806686,,
STORA_ADJ,breakout_4,-1,4,late,58,58,-0.0059267925480412046,-0.0056942800340257227,0.10505075645467635,-0.063127943468467951,0.069459272685250456,0.46551724137931033,-0.001270861515891457,-0.0046559310321497502,,
STORA_ADJ,breakout_1,1,4,late,93,92,-0.015741649507410031,-0.0061099845853799239,0.080303231275338477,-0.071866980649879758,0.030919285222046344,0.45652173913043476,0.0014480532778977651,-0.017189702785307796,,
STORA_ADJ,sweep_1,-1,4,late,61,60,-0.0093417807789532969,-0.016289603737784653,0.072756794149586024,-0.064297292287356589,0.04029594210254725,0.40000000000000002,-0.0022800107890321429,-0.0070617699899211571,,
STORA_ADJ,sweep_4,1,4,late,50,50,0.011154968435651195,0.0067685989129615542,0.098080208196150889,-0.047594836401801593,0.06169199499357253,0.52000000000000002,0.00070418538558938027,0.010450783050061817,,
STORA_ADJ,breakout_4,1,4,late,53,53,-0.030437194248535849,-0.015500747130808734,0.071595303087066423,-0.090109923249747426,0.019055579495837582,0.39622641509433965,0.0010694710586246295,-0.031506665307160481,,
STORA_ADJ,fvg_disp,1,4,late,37,37,0.0013770296488496794,0.0075535387956828792,0.07598126611632039,-0.030855524622660058,0.04393932982408888,0.59459459459459463,0.0012761065744836644,0.00010092307436601424,,
STORA_ADJ,fvg_raw,1,4,late,60,59,-0.0029049529055677095,0.0029523163143549969,0.084165702663789171,-0.05968791194640638,0.057148118565207517,0.52542372881355937,0.0011162656363686012,-0.0040212185419363109,,
STORA_ADJ,fvg_disp,-1,4,late,37,37,-0.030413171990951563,-0.020345004283872425,0.099267242250983809,-0.070565001724512744,0.026973712710528397,0.27027027027027029,-0.00097189317613564073,-0.029441278814815928,,
STORA_ADJ,breakout_13,-1,4,late,32,32,-0.0045942349038267209,-0.0048716891978983767,0.10886157837918101,-0.045050827086965228,0.048873559323031196,0.46875,-0.00094337317004051363,-0.003650861733786208,,
STORA_ADJ,sweep_13,1,4,late,36,36,0.035116500275887808,0.036853411508489864,0.092963824701941047,-0.018206377315159533,0.06982675110143749,0.69444444444444442,0.00027896265767625401,0.034837537618211539,,
STORA_ADJ,sweep_4,-1,4,late,66,65,-0.0048727877962220527,-0.012028068687049531,0.073428697811373553,-0.046353267638177043,0.040983545828408574,0.46153846153846156,-0.0018470917221522624,-0.003025696074069789,,
STORA_ADJ,breakout_13,1,4,late,23,23,-0.030908832294115431,-0.014514916723821436,0.07492545291356871,-0.090133665171961086,0.0091258384318756436,0.34782608695652173,0.0014480532778977644,-0.032356885572013196,,
STORA_ADJ,sweep_13,-1,4,late,41,40,0.0017466874081066453,0.0016638223461046819,0.070343783568543899,-0.041869563560052836,0.043800207394449758,0.5,-0.0019986133955602206,0.0037453008036668648,,
STORA_ADJ,sweep_fvg,-1,4,late,8,8,-0.045862357791402852,-0.04921221696798328,0.1294755383483249,-0.09623266071322556,0.048634580529585608,0.375,-0.0019986133955602202,-0.043863744395842633,,
STORA_ADJ,sweep_fvg,1,4,late,11,11,-0.03718201141799065,-0.02223164242166864,0.084627694260317077,-0.084750178175363233,0.013304559145760231,0.45454545454545453,0.0013590738649422165,-0.038541085282932867,,
STORA_ADJ,sweep_52,-1,4,late,25,25,0.016549521701086024,0.0079387751364560222,0.055770627014237059,-0.015271908613721852,0.05151924766596061,0.56000000000000005,-0.0029553645333647545,0.019504886234450781,,
STORA_ADJ,breakout_52,1,4,late,12,12,-0.033479172795188618,-0.014048279365915295,0.084140394489449918,-0.10363729834181598,0.011178301198976559,0.41666666666666669,0.0034056003629198291,-0.036884773158108446,,
STORA_ADJ,breakout_52,-1,4,late,15,15,-0.03073173162998458,-0.0093114674223326865,0.10577141952431043,-0.056668309823120544,0.027200225849245974,0.40000000000000002,-0.0011544212151444549,-0.02957731041484013,,
STORA_ADJ,sweep_52,1,4,late,22,22,0.040697744760248768,0.042337600561048294,0.10007711444862755,-0.012255743843762962,0.093712862151851872,0.72727272727272729,-0.0017107158820242033,0.042408460642272959,,
STORA_ADJ,breakout_1,-1,13,all,292,289,-0.042842921133540324,-0.047394756009391692,0.1605723806844907,-0.13642890259230689,0.039622621484452614,0.38754325259515571,-0.017272487952983091,-0.025570433180557239,,
STORA_ADJ,fvg_raw,-1,13,all,144,142,-0.058368605579605867,-0.05987866914854445,0.16560933847166004,-0.15168454408645599,0.040973010762827472,0.35915492957746481,-0.018600608402798847,-0.039767997176807034,,
STORA_ADJ,sweep_1,1,13,all,197,194,0.0090221208887303617,0.011409792102904603,0.16316047549849819,-0.11004883456874304,0.12266432060236032,0.54123711340206182,0.018380420213204202,-0.0093582993244738372,,
STORA_ADJ,breakout_4,-1,13,all,174,173,-0.057379756458689306,-0.057059966665905515,0.16028952459346918,-0.14368800277550697,0.035634870515819705,0.37572254335260113,-0.015119538965914671,-0.042260217492774643,,
STORA_ADJ,breakout_1,1,13,all,351,345,0.013659732689292225,0.026339566173184892,0.14207721387893169,-0.07111120102813695,0.10299998504041796,0.58260869565217388,0.022550217328721804,-0.0088904846394295793,,
STORA_ADJ,sweep_1,-1,13,all,200,196,-0.014482562621457291,-0.014043256845874597,0.13842769937892618,-0.10950915386240984,0.0719517873803866,0.45918367346938777,-0.017130612304486755,0.0026480496830294646,,
STORA_ADJ,sweep_4,1,13,all,180,178,0.019904060963154547,0.028900620886372685,0.16934365982722949,-0.086457490296122985,0.14373783829326214,0.5842696629213483,0.019865037166302415,3.90237968521293e-05,,
STORA_ADJ,breakout_4,1,13,all,213,211,0.00074261320077706678,0.011809265257419987,0.13695863844246184,-0.07110693665524126,0.085036436011084016,0.56398104265402849,0.022957067972842641,-0.022214454772065573,,
STORA_ADJ,fvg_disp,1,13,all,134,132,0.018503873601288415,0.021917726184522146,0.13683607167830403,-0.045579412915835588,0.096665544833723249,0.59848484848484851,0.02135764386759428,-0.0028537702663058561,,
STORA_ADJ,fvg_raw,1,13,all,200,197,0.019910334946980305,0.026851622854562995,0.1415405207557327,-0.047657773960743999,0.10860649617241935,0.6142131979695431,0.022716703930915336,-0.0028063689839350255,,
STORA_ADJ,fvg_disp,-1,13,all,111,110,-0.065886229987215675,-0.066734004285581627,0.17703592697352361,-0.16265505964347921,0.037931081166159814,0.36363636363636365,-0.019904216585140241,-0.045982013402075438,,
STORA_ADJ,breakout_13,-1,13,all,82,82,-0.078153036167858334,-0.078438581524392426,0.16475793980347134,-0.1611697040553895,0.021353985941896886,0.34146341463414637,-0.01733140117331318,-0.060821634994545147,,
STORA_ADJ,sweep_13,1,13,all,89,86,0.026530608394927806,0.035739682566422237,0.17030115542898003,-0.073333267371359451,0.1424232181686837,0.60465116279069764,0.019417333103750614,0.0071132752911771992,,
STORA_ADJ,sweep_4,-1,13,all,201,197,-0.014959718658596813,-0.01363640155844581,0.13149546428004963,-0.10389599214612955,0.071429170218962224,0.4467005076142132,-0.020511334095407074,0.0055516154368102618,,
STORA_ADJ,breakout_13,1,13,all,121,121,0.014912772688089212,0.013934345126040526,0.12025141839918678,-0.052498318616147843,0.084073219937607746,0.57851239669421484,0.027131453152105606,-0.012218680464016394,,
STORA_ADJ,sweep_13,-1,13,all,109,107,-0.0079015112429769441,-0.005792691714479492,0.11904958281513084,-0.098733126170196917,0.066226213385373989,0.47663551401869159,-0.021306255256118022,0.01340474401314107,,
STORA_ADJ,sweep_fvg,-1,13,all,38,38,-0.065844669019742397,-0.087254180350600952,0.17249960742136708,-0.151632802417841,0.001482384172314527,0.26315789473684209,-0.018267682696337835,-0.047576986323404569,,
STORA_ADJ,sweep_fvg,1,13,all,34,34,-0.029843509558556688,-0.021436629990705613,0.1473090508052789,-0.15320701456469019,0.069814657226794474,0.47058823529411764,0.014515217138137911,-0.044358726696694599,,
STORA_ADJ,sweep_52,-1,13,all,69,69,-0.0048230973859584468,0.0043040719917685211,0.11362583190469298,-0.10079782220510558,0.069650351377641528,0.50724637681159424,-0.02169794518534782,0.016874847799389369,,
STORA_ADJ,breakout_52,1,13,all,76,76,0.021191974151717714,0.034218459092555276,0.10424745871467456,-0.043588181495610751,0.084270444586614313,0.63157894736842102,0.033723092339268047,-0.01253111818755033,,
STORA_ADJ,breakout_52,-1,13,all,34,34,-0.091350038108988757,-0.088500512189254144,0.1957862814266933,-0.23811993394878767,0.032163365407819472,0.3235294117647059,-0.011462110913664354,-0.079887927195324393,,
STORA_ADJ,sweep_52,1,13,all,37,37,0.053776076442222223,0.045104555927563128,0.18192721967159953,-0.040434765526751404,0.14966986021704831,0.67567567567567566,0.021965214161135921,0.031810862281086275,,
STORA_ADJ,breakout_1,-1,13,early,194,193,-0.052079436002124425,-0.062851670009973937,0.1752432231674993,-0.15568307271223136,0.035634870515819705,0.35751295336787564,-0.023249439293836535,-0.028829996708287887,,
STORA_ADJ,fvg_raw,-1,13,early,93,92,-0.069111353175359838,-0.070796026380314903,0.18128175150029613,-0.16784764573918859,0.033341017007948559,0.32608695652173914,-0.024884630038853949,-0.044226723136505892,,
STORA_ADJ,sweep_1,1,13,early,139,138,0.016330377027221274,0.022983814622337118,0.17322451745214842,-0.099507735300679079,0.14167306932570922,0.57971014492753625,0.025112823685844814,-0.0087824466586235456,,
STORA_ADJ,breakout_4,-1,13,early,113,113,-0.062270810602144795,-0.062851670009973937,0.17989500291522459,-0.16722389706321183,0.037537724275389928,0.38938053097345132,-0.018553770894461488,-0.0437170397076833,,
STORA_ADJ,breakout_1,1,13,early,255,252,0.030630234551811242,0.037699383782740181,0.13973524359094938,-0.046223658123485611,0.11574386102357986,0.63095238095238093,0.033056135873955249,-0.0024259013221439936,,
STORA_ADJ,sweep_1,-1,13,early,137,135,-0.01849788561203225,-0.024369218317592312,0.14328047917508424,-0.11024733677383269,0.055951537231901827,0.44444444444444442,-0.024808565489857,0.0063106798778247482,,
STORA_ADJ,sweep_4,1,13,early,128,127,0.025687677150330331,0.044605494297226267,0.1808228242648186,-0.065314580048359216,0.15277730986855065,0.62204724409448819,0.027067742488412191,-0.0013800653380818555,,
STORA_ADJ,breakout_4,1,13,early,157,155,0.017329948173241797,0.026684661106087804,0.13188142032005146,-0.052194568140749353,0.091903115774151556,0.61290322580645162,0.032980351747258732,-0.015650403574016942,,
STORA_ADJ,fvg_disp,1,13,early,96,94,0.029538967360210684,0.026314614252731405,0.13196354840910571,-0.032944382625787333,0.099557173849805725,0.61702127659574468,0.030987596299864847,-0.0014486289396541526,,
STORA_ADJ,fvg_raw,1,13,early,139,137,0.030877243877567257,0.034732155801526332,0.1378097615298802,-0.032283735726310048,0.10860649617241935,0.64963503649635035,0.03359429850684819,-0.0027170546292809329,,
STORA_ADJ,fvg_disp,-1,13,early,72,72,-0.083676263622960018,-0.083001664706282341,0.19210127924865952,-0.21032950971095549,0.025851698499158554,0.30555555555555558,-0.027432792430251891,-0.056243471192708117,,
STORA_ADJ,breakout_13,-1,13,early,49,49,-0.081904999326140995,-0.10147997572453615,0.19348046205752445,-0.2019912762330256,0.035634870515819705,0.38775510204081631,-0.022523524344479125,-0.05938147498166186,,
STORA_ADJ,sweep_13,1,13,early,52,52,0.012591319387429221,0.040484542063860207,0.18896415767095584,-0.053208572366241685,0.12736103603224808,0.61538461538461542,0.02467398974932393,-0.012082670361894707,,
STORA_ADJ,sweep_4,-1,13,early,134,133,-0.031256730678429587,-0.030386822486801579,0.12952363449528828,-0.10389599214612955,0.031548259558380698,0.38345864661654133,-0.030912030654484727,-0.00034470002394485757,,
STORA_ADJ,breakout_13,1,13,early,97,97,0.019490458062777157,0.020036826847631861,0.12043615667390883,-0.047657773960743999,0.084073219937607746,0.59793814432989689,0.039670166856766928,-0.020179708793989767,,
STORA_ADJ,sweep_13,-1,13,early,67,67,-0.02681870327999555,-0.019665815827761168,0.10982662623830684,-0.1023234182879601,0.027739049223569845,0.37313432835820898,-0.033477653491957554,0.0066589502119619925,,
STORA_ADJ,sweep_fvg,-1,13,early,29,29,-0.068859622747803523,-0.090509723693254385,0.18750476493172913,-0.15215134017917786,-0.021977745651361014,0.2413793103448276,-0.025049873714261123,-0.043809749033542379,,
STORA_ADJ,sweep_fvg,1,13,early,23,23,0.016530337483632456,0.011433990135976568,0.13369610779705957,-0.035557697625870466,0.10151304992560917,0.56521739130434778,0.018723401570100714,-0.0021930640864682559,,
STORA_ADJ,sweep_52,-1,13,early,43,43,-0.031448810714200491,-0.021108011694229489,0.10196045522350859,-0.10769732433383128,0.028485930747704169,0.37209302325581395,-0.036363301165394227,0.0049144904511937296,,
STORA_ADJ,breakout_52,1,13,early,63,63,0.031029099955366641,0.040816361711367266,0.099071264564699293,-0.042134509269316778,0.085036436011084016,0.66666666666666663,0.050800908518530273,-0.019771808563163632,,
STORA_ADJ,breakout_52,-1,13,early,19,19,-0.062562616356780676,0.021748850083818771,0.24247508810702842,-0.28940570444364055,0.13294488290706519,0.52631578947368418,-0.010076063368341784,-0.052486552988438885,,
STORA_ADJ,sweep_52,1,13,early,15,15,0.01905348678462852,0.0083891342553727988,0.24921004457902782,-0.14808215807413927,0.24321236935561596,0.53333333333333333,0.022009390086769106,-0.0029559033021405914,,
STORA_ADJ,breakout_1,-1,13,late,94,92,-0.027345766554273246,-0.029082240499510359,0.12625027039147127,-0.12009397858608029,0.057988255393693205,0.42391304347826086,-0.0044500371454186958,-0.022895729408854565,,
STORA_ADJ,fvg_raw,-1,13,late,48,47,-0.044372834080556249,-0.045104555927563128,0.13334298301245257,-0.13682812257401133,0.054277931609954033,0.38297872340425532,-0.0035677374449605025,-0.040805096635595749,,
STORA_ADJ,sweep_1,1,13,late,56,54,-0.006757030856069067,-0.019068109250109044,0.13689988985426163,-0.11623965023938906,0.088322891739710863,0.46296296296296297,0.0038534653553017237,-0.010610496211370789,,
STORA_ADJ,breakout_4,-1,13,late,58,57,-0.051766281304029327,-0.050528507956375757,0.1174003564183982,-0.12408533788679144,0.017994361460027863,0.31578947368421051,-0.0041915004345841299,-0.0475747808694452,,
STORA_ADJ,breakout_1,1,13,late,93,90,-0.025974569426037559,-0.017488545483865248,0.13617634713441126,-0.1068444428591766,0.061225173060673266,0.46666666666666667,0.0046708956379300859,-0.030645465063967651,,
STORA_ADJ,sweep_1,-1,13,late,61,59,-0.0099327127003877389,-0.011965275104024453,0.12760467343878948,-0.10810488142811703,0.077845473994856362,0.47457627118644069,-0.0070697467336820839,-0.002862965966705659,,
STORA_ADJ,sweep_4,1,13,late,50,49,0.0085511992747892285,0.0022656308191595365,0.13911823611912941,-0.10970460974920593,0.11905892126312589,0.51020408163265307,0.0025546329820292529,0.0059965662927599812,,
STORA_ADJ,breakout_4,1,13,late,53,53,-0.035112273595873232,-0.010089175787363791,0.13791711260085379,-0.13023827038127334,0.055412375564799721,0.45283018867924529,0.0037322829683891631,-0.038844556564262382,,
STORA_ADJ,fvg_disp,1,13,late,37,37,-0.00097442367397221493,0.011965275104024453,0.14019826875459765,-0.062802075393106449,0.092740994782483099,0.56756756756756754,0.0043111000695145139,-0.005285523743486723,,
STORA_ADJ,fvg_raw,1,13,late,60,59,-0.00016522857828528344,0.011809265257419987,0.1439812878622197,-0.08811905002342002,0.10451978106457316,0.5423728813559322,0.0038633616056967402,-0.0040285901839820183,,
STORA_ADJ,fvg_disp,-1,13,late,37,36,-0.036856807242223372,-0.041891005088264932,0.14270427286024664,-0.12521619164122116,0.057577812126843542,0.44444444444444442,-0.0032695865819957503,-0.03358722066022763,,
STORA_ADJ,breakout_13,-1,13,late,32,32,-0.075238527092530427,-0.07031739489037192,0.11255503461349609,-0.13353390155141553,-0.016985075009973982,0.25,-0.0033790638519906207,-0.071859463240539809,,
STORA_ADJ,sweep_13,1,13,late,36,33,0.051937262615054797,0.030346823156837566,0.13691079846989465,-0.075240110559333773,0.14966986021704831,0.60606060606060608,0.00072175193484241308,0.051215510680212399,,
STORA_ADJ,sweep_4,-1,13,late,66,63,0.017392541185703696,0.038573753923186849,0.13054359218929512,-0.095022220830780157,0.089898389238946774,0.5714285714285714,-0.0057719241818784926,0.023164465367582196,,
STORA_ADJ,breakout_13,1,13,late,23,23,0.0028341322561907557,0.013934345126040526,0.1186594791390414,-0.053659832601311963,0.088279679893343288,0.52173913043478259,0.0047927485993156799,-0.0019586163431249198,,
STORA_ADJ,sweep_13,-1,13,late,41,39,0.021462587358280487,0.042790679716607771,0.1291350365066436,-0.06657282638429074,0.10202784185766051,0.64102564102564108,-0.0062338942003183836,0.027696481558598884,,
STORA_ADJ,sweep_fvg,-1,13,late,8,8,-0.074026789442905694,-0.07738729675533218,0.11487662884761789,-0.14248509259949305,-0.02188193461342236,0.25,-0.0063349501418521106,-0.067691839301053588,,
STORA_ADJ,sweep_fvg,1,13,late,11,11,-0.12680700791949764,-0.16045282623716439,0.13037364937883741,-0.20684499227997299,-0.014685414956860321,0.27272727272727271,0.0045435039055724191,-0.13135051182507007,,
STORA_ADJ,sweep_52,-1,13,late,25,25,0.036206185251650334,0.058735912902751264,0.12154146106799958,-0.050278084269976597,0.099134618266183527,0.71999999999999997,-0.0090149537113265281,0.045221138962976859,,
STORA_ADJ,breakout_52,1,13,late,12,12,-0.01607744024454787,0.011001465351383688,0.11832348779969667,-0.071288579003743607,0.055896370417483465,0.5,0.010276131861667427,-0.026353572106215296,,
STORA_ADJ,breakout_52,-1,13,late,15,15,-0.12781410566178564,-0.10653422561238135,0.11051172942826716,-0.14392706030345714,-0.055903229398726162,0.066666666666666666,-0.0039702411099629175,-0.12384386455182271,,
STORA_ADJ,sweep_52,1,13,late,22,22,0.077450569390581564,0.059965138132184959,0.11784088540884316,0.0028451312910500182,0.13761265085939844,0.77272727272727271,-0.0040554380285700957,0.081506007419151649,,
MPS,sweep_1,1,1,all,218,217,-0.0043830972240528187,-0.0042372728333058829,0.06686878007234745,-0.034190705399664845,0.027653866571400343,0.46082949308755761,-0.0039965492979079989,-0.0003865479261448173,,
MPS,breakout_1,-1,1,all,339,338,0.0066647895717751506,0.0042676322265708944,0.073387803390590992,-0.027586263662468025,0.043762862453378598,0.52366863905325445,0.0045792110591339873,0.0020855785126411633,,
MPS,fvg_raw,-1,1,all,194,194,0.0019945869574261393,0,0.093953266289088053,-0.033358387709177983,0.034357566799892325,0.48969072164948452,0.0046044917138636258,-0.0026099047564374896,,
MPS,breakout_4,-1,1,all,208,207,0.0041966327344150007,0.002371967607852854,0.078690336780422573,-0.027586252542326384,0.038282338346230682,0.51207729468599039,0.0044497033152753711,-0.00025307058086037151,,
MPS,sweep_4,1,1,all,184,183,-0.0022654170118616515,0.0016207910685788196,0.075833182152205844,-0.034309341355126921,0.035753951664157735,0.50819672131147542,-0.0043714014028432739,0.0021059843909816229,,
MPS,breakout_1,1,1,all,241,241,-0.0040956494480248488,-0.004726303174901525,0.055191393420202725,-0.03481231099618709,0.022547468528527848,0.43568464730290457,-0.0028810826785199205,-0.0012145667695049275,,
MPS,sweep_4,-1,1,all,139,139,0.0066107500487973085,0.0023915544704681269,0.060556530120024515,-0.02760677782982135,0.039727676996013095,0.52517985611510787,0.0028152281062266147,0.003795521942570693,,
MPS,fvg_raw,1,1,all,149,149,-0.001460253139301807,-0.0026205516297026499,0.064788129859051552,-0.033663367157608315,0.030371924243005388,0.44966442953020136,-0.0031471939842773822,0.0016869408449755752,,
MPS,sweep_1,-1,1,all,200,199,0.0028634482718454487,0.0026723743765088015,0.065201708288748411,-0.029431843693832005,0.036317310656020507,0.52261306532663321,0.0039498955248385547,-0.0010864472529931058,,
MPS,breakout_13,-1,1,all,127,126,0.01097308239972012,0.0063941423456746471,0.081179151853991688,-0.027322054658023731,0.0548656623569444,0.55555555555555558,0.004799921059948668,0.0061731613397714487,,
MPS,fvg_disp,-1,1,all,122,122,-0.0019501776770583649,-0.0038188759240673775,0.077081902102948033,-0.034865128331861395,0.032637860396126817,0.45081967213114754,0.0048814419157655739,-0.0068316195928239407,,
MPS,sweep_13,1,1,all,105,105,-0.0039068299246756101,0.0035561232644432117,0.087953664353477609,-0.034979424606996767,0.045976978525521073,0.52380952380952384,-0.0050458244245475273,0.0011389944998719185,,
MPS,breakout_4,1,1,all,157,157,-0.0026200412340259666,-0.0067641783235339314,0.05238300265144586,-0.031856631806840285,0.021812086823988608,0.40764331210191085,-0.0025783568022818915,-4.1684431744075281e-05,,
MPS,fvg_disp,1,1,all,94,94,0.00080504047743347018,-0.00055450329849815461,0.056169117922370657,-0.02952260386297173,0.036104628681701334,0.47872340425531917,-0.0031218680734513742,0.0039269085508848436,,
MPS,sweep_fvg,1,1,all,34,34,0.0057919656108486204,0.00072535884900848391,0.062832405468575339,-0.022594973644703198,0.038118772197151485,0.5,-0.0036285740271863884,0.0094205396380350123,,
MPS,sweep_13,-1,1,all,64,64,0.0040500747328217242,-0.0052970338335219802,0.066515021782654379,-0.029858215552327705,0.022145429583914411,0.453125,0.0014542463986866984,0.0025958283341350257,,
MPS,breakout_13,1,1,all,87,87,-0.0070183733286057967,-0.0083920730601969584,0.052008124483832463,-0.032775120511641498,0.01491592489010507,0.36781609195402298,-0.0016766116357218553,-0.0053417616928839399,,
MPS,breakout_52,1,1,all,48,48,-0.0054909772319418808,-0.0058139441113241874,0.048844739674965956,-0.030610288312681255,0.022051498019934557,0.39583333333333331,-0.00065654593940023059,-0.0048344312925416499,,
MPS,sweep_52,-1,1,all,33,33,0.0017197894399015329,-0.0098581125663619318,0.074862971103462739,-0.041719681263223674,0.01935051085531081,0.45454545454545453,0.00040892635060199443,0.0013108630892995398,,
MPS,breakout_52,-1,1,all,75,74,0.011003965047288023,0.011494859909988109,0.089503516221289131,-0.033762738278610094,0.054659768939658127,0.56756756756756754,0.0042804534803969367,0.0067235115668910885,,
MPS,sweep_52,1,1,all,44,44,-0.0077072917258813245,0.0055261741075403048,0.12411755293278776,-0.02899825190260133,0.060713436268421239,0.52272727272727271,-0.0046212735773535039,-0.0030860181485278197,,
MPS,sweep_fvg,-1,1,all,41,41,0.013107019162281091,0,0.060547249972857126,-0.02455543607953925,0.031523670108561608,0.48780487804878048,0.0057785358421567918,0.0073284833201242988,,
MPS,sweep_1,1,1,early,162,162,-0.0021456300626022458,-0.00023698067231758824,0.053436405419179482,-0.034357566799892325,0.026920613396861581,0.48148148148148145,-0.0051679927152517586,0.0030223626526495128,,
MPS,breakout_1,-1,1,early,236,235,0.006773172360057797,0.0024154143505635828,0.071879693741785877,-0.02705787901400436,0.047213617807175479,0.51914893617021274,0.0063431162438127037,0.00043005611624509423,,
MPS,fvg_raw,-1,1,early,131,131,-0.0061080914716645932,-0.0044785561423603681,0.087109844221832503,-0.032890096856457385,0.034041207516885441,0.4351145038167939,0.0064403947707029853,-0.012548486242367578,,
MPS,breakout_4,-1,1,early,142,141,0.0057443258084289798,0.0012780022876532904,0.075732501671245595,-0.026529527725965618,0.040425411724788085,0.50354609929078009,0.0061973766486405233,-0.00045305084021154393,,
MPS,sweep_4,1,1,early,136,136,0.0023300197227277379,0.0029221726771121448,0.057801764171704927,-0.03421674577849898,0.033615301977744205,0.5220588235294118,-0.0056132017058520972,0.0079432214285798351,,
MPS,breakout_1,1,1,early,166,166,-0.0017315756280953641,-0.0027281461521523886,0.052546079262024148,-0.033867901613878509,0.024069267933878757,0.46385542168674698,-0.0043552453221576129,0.0026236696940622481,,
MPS,sweep_4,-1,1,early,85,85,0.014314602360273267,0.007380066198479196,0.065233078958152335,-0.017884896264833916,0.042721543776567561,0.58823529411764708,0.0045181816889739938,0.009796420671299275,,
MPS,fvg_raw,1,1,early,101,101,-0.0061311051117638139,-0.0067641783235339314,0.065355816316249898,-0.036975746389519948,0.024221448552161906,0.40594059405940597,-0.0046171029952869853,-0.0015140021164768288,,
MPS,sweep_1,-1,1,early,128,127,0.0077844399786017454,0.0039721905769922738,0.064533109754699808,-0.023100187971347164,0.039010987520341101,0.55118110236220474,0.0057314792301198609,0.0020529607484818828,,
MPS,breakout_13,-1,1,early,90,89,0.0073825527243021787,0.002371967607852854,0.082271236074645385,-0.027586230302043102,0.049685540388368699,0.5280898876404494,0.0061503361762816787,0.0012322165480205031,,
MPS,fvg_disp,-1,1,early,84,84,-0.007021694742884603,-0.0051302111569816455,0.071627307983699234,-0.032421806003736786,0.031707260641348545,0.40476190476190477,0.0064113658223934255,-0.013433060565278029,,
MPS,sweep_13,1,1,early,82,82,0.0038871710019190513,0.0042565058378530862,0.061212877036188308,-0.032873149711759447,0.045914922874595254,0.53658536585365857,-0.0062640488615817802,0.010151219863500828,,
MPS,breakout_4,1,1,early,103,103,0.00079460463546741466,-0.0083696222571858492,0.049128832427168853,-0.030414834792897416,0.023917087315595609,0.42718446601941745,-0.0039673484413270338,0.0047619530767944486,,
MPS,fvg_disp,1,1,early,68,68,-0.0052182596082573293,-0.0061949832662455129,0.053044214106729971,-0.035036669495238898,0.026015019337843892,0.4264705882352941,-0.0043850441480756119,-0.00083321546018171847,,
MPS,sweep_fvg,1,1,early,27,27,0.0032161042356143835,-0.0067641783235339314,0.052043731657548276,-0.028260243613140668,0.033268426769658022,0.44444444444444442,-0.0046905884596197579,0.007906692695234141,,
MPS,sweep_13,-1,1,early,33,33,0.017498593267830154,0.0025380243105478373,0.077868867935207892,-0.017884896264833916,0.030530185769725215,0.54545454545454541,0.0034740607230557027,0.014024532544774451,,
MPS,breakout_13,1,1,early,49,49,0.0044053155782409646,-0.0067641783235339314,0.052995180061251347,-0.030411448904429927,0.024221448552161906,0.44897959183673469,-0.003109494408875927,0.0075148099871168907,,
MPS,breakout_52,1,1,early,22,22,0.0058094755754986068,-0.00050856480104166657,0.056781411685163014,-0.027749287510244969,0.027396822092943862,0.5,-0.0020334357718614273,0.0078429113473600359,,
MPS,sweep_52,-1,1,early,12,12,0.025750444640428971,0.0066312236565581606,0.099654309623808376,-0.0045471142566539946,0.017599829336072015,0.75,0.0019614045243017135,0.023789040116127258,,
MPS,breakout_52,-1,1,early,54,53,0.0062068131115021619,0.0079136487646571663,0.091431810411887762,-0.034934501726546996,0.056592369679802967,0.52830188679245282,0.0054746266930160549,0.00073218641848610841,,
MPS,sweep_52,1,1,early,30,30,0.0084686009842798726,0.0087648394370585248,0.078563193072410636,-0.014764597168737625,0.059478567277372218,0.53333333333333333,-0.006556998118611451,0.015025599102891323,,
MPS,sweep_fvg,-1,1,early,28,28,0.00070011118547307267,-0.004532505815092569,0.056424122764872284,-0.028251568070657096,0.014212153743958483,0.39285714285714285,0.0079605784282035883,-0.007260467242730515,,
MPS,sweep_1,1,1,late,55,54,-0.010942447201781806,-0.0075661405554324768,0.097409818753720595,-0.033036741537846553,0.040518670317077676,0.40740740740740738,-0.00052568193013009649,-0.010416765271651708,,
MPS,breakout_1,-1,1,late,103,103,0.0064175084528778521,0.0049669184047937964,0.077078377379256116,-0.029266493976852326,0.036660726100625707,0.53398058252427183,0.00061752199685051403,0.0057999864560273331,,
MPS,fvg_raw,-1,1,late,62,62,0.018942935063662139,0.0092324170927549076,0.10640728433741563,-0.034027132214727751,0.038919570741487969,0.59677419354838712,0.0006292636094054776,0.01831367145425666,,
MPS,breakout_4,-1,1,late,66,66,0.00089019753083968191,0.0056997538692586946,0.085175826385021219,-0.043798907007330634,0.034198610961946874,0.53030303030303028,0.00063613512129843887,0.00025406240954124022,,
MPS,sweep_4,1,1,late,47,46,-0.015626219932173356,-0.0068291149609073787,0.11395807478665008,-0.034854033003185236,0.040530016016307457,0.47826086956521741,-0.00069170473921543085,-0.014934515192957919,,
MPS,breakout_1,1,1,late,75,75,-0.0093281328361354415,-0.0086971579522712172,0.060683103510759416,-0.048381642207283249,0.019484959126677914,0.37333333333333335,5.4039533230600932e-05,-0.0093821723693660389,,
MPS,sweep_4,-1,1,late,54,54,-0.0055156841451926278,-0.010475273666115892,0.050585940227097052,-0.041450896046952512,0.025655269034996264,0.42592592592592593,9.1758679111610437e-05,-0.0056074428243042393,,
MPS,fvg_raw,1,1,late,48,48,0.0083679978860869992,0.0083213301742813828,0.063119601074352216,-0.020718764527731387,0.048568463597812805,0.54166666666666663,-0.00015684716676438331,0.0085248450528513844,,
MPS,sweep_1,-1,1,late,72,72,-0.0058166343220163487,-0.0068716310856075102,0.065919286419750422,-0.043270034594618478,0.030357100007282922,0.47222222222222221,0.00054737809268102123,-0.0063640124146973707,,
MPS,breakout_13,-1,1,late,37,37,0.019609761889238946,0.014761903620292394,0.07891919071291803,-0.018601125409156039,0.058611373197652306,0.6216216216216216,0.0010909549219974221,0.018518806967241522,,
MPS,fvg_disp,-1,1,late,37,37,0.0091689946816082678,0.0058997421855507826,0.089156342516145029,-0.046172052283006915,0.043965555744415408,0.54054054054054057,0.00096429624332175598,0.0082046984382865076,,
MPS,sweep_13,1,1,late,23,23,-0.031694137576013096,-0.0085714171760621349,0.14744482364419151,-0.050595675378602323,0.047179426512833467,0.47826086956521741,-0.00099733763775888547,-0.030696799938254211,,
MPS,breakout_4,1,1,late,54,54,-0.0091331620591707501,-0.0058139441113241874,0.058013911266726725,-0.045310492368647981,0.01448422295944285,0.37037037037037035,-4.9740289079131846e-06,-0.0091281880302628328,,
MPS,fvg_disp,1,1,late,26,26,0.016558286855394025,0.013656507907450544,0.061959896304870837,-0.012368838576203689,0.051364984582549456,0.61538461538461542,-0.00011178590608169442,0.01667007276147572,,
MPS,sweep_fvg,1,1,late,7,7,0.015727430915323533,0.026513712700983572,0.099153607892868631,0.0065704241455488699,0.058565875177666649,0.7142857142857143,-0.00024053236517509137,0.015967963280498629,,
MPS,sweep_13,-1,1,late,31,31,-0.010266090159284022,-0.011285744265554509,0.049116085406922409,-0.044820387926013283,0.014621987292307292,0.35483870967741937,-0.00042894922211057286,-0.0098371409371734511,,
MPS,breakout_13,1,1,late,38,38,-0.02174891955059241,-0.010273464914467623,0.047411105824490624,-0.046406395578855619,0.0017076570973871552,0.26315789473684209,0.00018229811100532812,-0.021931217661597738,,
MPS,breakout_52,1,1,late,26,26,-0.015052898838237679,-0.0058139441113241874,0.039618029651438243,-0.028814939802507183,0.0053744376619737633,0.30769230769230771,0.00042894922211057291,-0.01548184806034825,,
MPS,sweep_52,-1,1,late,21,21,-0.012012013531828432,-0.011885884401180657,0.054411665625623842,-0.048623337434514191,0.01935051085531081,0.2857142857142857,-0.00042894922211057291,-0.011583064309717858,,
MPS,breakout_52,-1,1,late,21,21,0.023111062789985676,0.025862056871904904,0.085377970879604442,-0.011812651864914647,0.048861966719223604,0.66666666666666663,0.00091001395246075544,0.022201048837524912,,
MPS,sweep_52,1,1,late,14,14,-0.042369918961941033,-0.0030716000110326824,0.18785394111198117,-0.083731438090204918,0.094407983073515001,0.5,-0.00057527315881792372,-0.041794645803123101,,
MPS,sweep_fvg,-1,1,late,13,13,0.039829590189252209,0.014617930702270798,0.062640542982541431,0,0.058611373197652306,0.69230769230769229,0.0010130111197354736,0.038816579069516736,,
MPS,sweep_1,1,4,all,218,216,-0.0066155155381842625,-0.0051099842175342247,0.13591494709399951,-0.079666139062583186,0.057423283447208984,0.48148148148148145,-0.014537564206255649,0.0079220486680713787,-0.0077458379396355198,0.021830351516367034
MPS,breakout_1,-1,4,all,339,335,0.017664896628063923,0.0090908820115924716,0.15506705184678329,-0.05696841774864625,0.093352684340010317,0.52238805970149249,0.016543522423932814,0.0011213742041311138,,
MPS,fvg_raw,-1,4,all,194,191,0.017314488675159258,-0.0006997893367317598,0.17517250521471303,-0.066571995144205087,0.12925842756957401,0.49738219895287961,0.016553092030885137,0.00076139664427412354,,
MPS,breakout_4,-1,4,all,208,206,0.01057341459719616,0.0034230974958924243,0.16497981693029787,-0.060297569854843469,0.10970347542841255,0.50485436893203883,0.016077393898498965,-0.0055039793013028013,,
MPS,sweep_4,1,4,all,184,181,-0.005868281372292102,0.0017156962171473999,0.16236128366121469,-0.083333346046742474,0.069846654900308058,0.50828729281767959,-0.015874007887013222,0.010005726514721111,,
MPS,breakout_1,1,4,all,241,240,-0.015109186434564555,-0.014289325906145733,0.1283352038062669,-0.082076034436013745,0.058157723305122311,0.45833333333333331,-0.010253883795838475,-0.0048553026387260856,,
MPS,sweep_4,-1,4,all,139,139,0.025162955790855115,0.01986757380223847,0.11005960505125256,-0.030083658399438606,0.074759120279242253,0.60431654676258995,0.010217508168912542,0.014945447621942574,,
MPS,fvg_raw,1,4,all,149,149,-0.019001945817866048,-0.012984125282958559,0.11002047076471484,-0.085639688063795405,0.050025939916417572,0.46308724832214765,-0.011357917102679374,-0.0076440287151866779,,
MPS,sweep_1,-1,4,all,200,198,0.030366304577933899,0.022088358645028006,0.12573920269350197,-0.033617869814366652,0.090875219494522153,0.59595959595959591,0.01419705527500802,0.016169249302925882,-9.5274258725761301e-07,0.033832213950294628
MPS,breakout_13,-1,4,all,127,126,0.020535576688798848,0.014428645173864607,0.1683969556869499,-0.050111757123427692,0.11612799349497124,0.53968253968253965,0.017379975000701053,0.0031556016880978028,,
MPS,fvg_disp,-1,4,all,122,119,0.0082293167687106875,-0.0059139631229789824,0.17278116283365613,-0.058257556654618292,0.10993681444436088,0.47899159663865548,0.017506584449387162,-0.0092772676806764549,-0.037918500815952098,0.018218446852706977
MPS,sweep_13,1,4,all,105,105,-0.009784401763575196,0.0017156962171473999,0.18776395073248228,-0.084703960300687942,0.076838557919884254,0.50476190476190474,-0.018340107426031999,0.0085557056624567928,,
MPS,breakout_4,1,4,all,157,157,-0.014218146600342685,-0.020983571239902465,0.11146028397383277,-0.076693234015103529,0.04966447554379938,0.43312101910828027,-0.0092476368133850833,-0.0049705097869576003,,
MPS,fvg_disp,1,4,all,94,94,-0.0050924049841932452,0.00048090730911465318,0.10521286912132083,-0.067818242209130464,0.054194180681079673,0.5,-0.01117023006124488,0.006077825077051637,-0.01251486223949165,0.024295084054600961
MPS,sweep_fvg,1,4,all,34,34,0.015983615629367273,0.015800392637371541,0.09994937345298785,-0.030593291167306913,0.070418676423086579,0.58823529411764708,-0.012997234124744019,0.02898084975411129,-0.0052400198112024978,0.061366182036204274
MPS,sweep_13,-1,4,all,64,64,0.03203173349692106,0.014784054105861255,0.11706251513372103,-0.03368094175988029,0.074315792865435493,0.5625,0.0051626067457542718,0.026869126751166789,,
MPS,breakout_13,1,4,all,87,87,-0.026511110047144782,-0.024573353963768474,0.11416547189096825,-0.078790691954261693,0.042006055652251795,0.41379310344827586,-0.0059503823786702147,-0.020560727668474568,,
MPS,breakout_52,1,4,all,48,48,-0.015613561471142819,0.0039816119195760225,0.11785822093293498,-0.064500162453867388,0.061183099354549353,0.5,-0.0022691318424952816,-0.013344429628647542,,
MPS,sweep_52,-1,4,all,33,33,-0.0036047108245960743,0.0095502578056926302,0.10666969882657734,-0.050025939916417572,0.02993633692644293,0.51515151515151514,0.0013974303543120615,-0.0050021411789081364,,
MPS,breakout_52,-1,4,all,75,74,0.023714180425099061,0.044051739463871364,0.20291194770990989,-0.03939397679849671,0.12336189096803712,0.59459459459459463,0.015386928795490147,0.0083272516296089248,,
MPS,sweep_52,1,4,all,44,44,-0.019394767358239928,-0.0016295202009572463,0.24494129281515792,-0.14222278778059994,0.085979020344070123,0.5,-0.016647888074854421,-0.0027468792833855045,,
MPS,sweep_fvg,-1,4,all,41,38,0.029086900344523905,0.0026595955384043912,0.14199244528038488,-0.048615547321926356,0.12350292605579768,0.5,0.020714430185109014,0.0083724701594148805,-0.041326640784950436,0.050661350382955876
MPS,sweep_1,1,4,early,162,161,-0.0061000036496366809,-0.014269596074604762,0.12557380734583079,-0.077706293421734629,0.048833833145167427,0.46583850931677018,-0.019518192266748849,0.013418188617112163,,
MPS,breakout_1,-1,4,early,235,232,0.02276709662997552,0.020818779070069737,0.14632910288418458,-0.047127737946702886,0.094250843443056453,0.54741379310344829,0.023742299019721677,-0.00097520238974615505,,
MPS,fvg_raw,-1,4,early,130,128,0.018223435429298482,0.014904775323554442,0.16325291679098147,-0.049518397750083654,0.12464234666441035,0.5234375,0.023892487812573311,-0.0056690523832748276,,
MPS,breakout_4,-1,4,early,142,140,0.018202582445652427,0.023207697571170471,0.15848803233025127,-0.044599258906925676,0.10694243589844868,0.52857142857142858,0.023330229848442373,-0.0051276474027899368,,
MPS,sweep_4,1,4,early,136,135,-0.002479433968403685,0.002438979344550507,0.14454181982468459,-0.081802492592896625,0.068955496732943655,0.51851851851851849,-0.021074321835564347,0.018594887867160646,,
MPS,breakout_1,1,4,early,165,164,-0.0039236091916069731,-0.0073904048594399252,0.11817021493954057,-0.073260740650698236,0.06059921927311035,0.48170731707317072,-0.015955491592224608,0.012031882400617627,,
MPS,sweep_4,-1,4,early,84,84,0.030640966592293963,0.015465696044748567,0.10441680370319677,-0.012159446218194314,0.076270128005385518,0.63095238095238093,0.016726667927976932,0.013914298664317024,,
MPS,fvg_raw,1,4,early,101,101,-0.015303019705050826,-0.0075693204572647721,0.11139410145031156,-0.085639688063795405,0.059919039722129641,0.46534653465346537,-0.01729891308237828,0.0019958933773274587,,
MPS,sweep_1,-1,4,early,128,126,0.045427441322594832,0.029714857897415625,0.12108924073827274,-0.014463717534357323,0.097531141974832897,0.65079365079365081,0.021447750950851135,0.0239796903717437,,
MPS,breakout_13,-1,4,early,90,89,0.01160008834709755,0.019766408336136743,0.161358109402471,-0.048387086399630519,0.088888868523772535,0.5280898876404494,0.023198560456759786,-0.011598472109662238,,
MPS,fvg_disp,-1,4,early,83,81,0.014002723324782773,0.01319264420408639,0.15318132501838291,-0.048387086399630519,0.1086666737817652,0.50617283950617287,0.023537488339046765,-0.0095347650142639916,,
MPS,sweep_13,1,4,early,82,82,0.0024391807467758026,0.0020773377808489535,0.15954541191036511,-0.070237175354886078,0.069654068057333207,0.51219512195121952,-0.023713804422070349,0.026152985168846152,,
MPS,breakout_4,1,4,early,103,103,-0.009725590741851543,-0.024573353963768474,0.10684549187114104,-0.078790691954261693,0.04769048526291364,0.42718446601941745,-0.014748719858223139,0.0050231291163715984,,
MPS,fvg_disp,1,4,early,68,68,-0.0069394195041647452,-0.0029183019381573971,0.108164997801389,-0.079816188035666674,0.061373079466197689,0.48529411764705882,-0.016297680709502903,0.0093582612053381628,,
MPS,sweep_fvg,1,4,early,27,27,0.020326084447719262,0.0099205899997887315,0.090096102941323086,-0.018581137710679763,0.068818517706053295,0.59259259259259256,-0.017470397889220925,0.037796482336940183,,
MPS,sweep_13,-1,4,early,33,33,0.05784475096681773,0.024530512891999368,0.11613213140850429,-0.023446378501621234,0.12693853289458779,0.54545454545454541,0.012801212692932237,0.045043538273885492,,
MPS,breakout_13,1,4,early,49,49,-0.019244173334740041,-0.025581408936877548,0.10301968169049809,-0.075144531211655208,0.032098776707372378,0.40816326530612246,-0.011401961705000392,-0.0078422116297396493,,
MPS,breakout_52,1,4,early,22,22,-0.016993588222082759,-0.025709210304730501,0.096195039521330988,-0.063940341917389759,0.043742161432720861,0.45454545454545453,-0.0072719144341693151,-0.0097216737879134481,,
MPS,sweep_52,-1,4,early,12,12,0.034523205930748584,0.0038053220247435404,0.13019300718430984,-0.031044557811994722,0.057146749968701227,0.5,0.0069954495212311675,0.02752775640951741,,
MPS,breakout_52,-1,4,early,54,53,0.012384805272332511,0.044746102290664891,0.19358820712829067,-0.03996362822698063,0.10982666006220843,0.58490566037735847,0.020479634425855837,-0.0080948291535233273,,
MPS,sweep_52,1,4,early,30,30,0.033239474376586323,0.012058858077545032,0.19901094159283672,-0.076866535422112747,0.10258819194413721,0.53333333333333333,-0.024633910966684876,0.057873385343271216,,
MPS,sweep_fvg,-1,4,early,27,25,0.028962468782723672,-0.0059139631229789824,0.16027718792762211,-0.045918410583990932,0.1086666737817652,0.44,0.028769826064239546,0.00019264271848411728,,
MPS,sweep_1,1,4,late,55,54,-0.0081163492247368872,0.0084001522404205664,0.16531812977199106,-0.082991801538751325,0.092695908689098272,0.53703703703703709,0.00012842363346829322,-0.008244772858205178,,
MPS,breakout_1,-1,4,late,103,102,0.0063683043470840073,-0.0043220175397350458,0.17420338417596515,-0.087025566890705841,0.090085930679591475,0.47058823529411764,2.2256967317187761e-05,0.0063460473797668305,,
MPS,fvg_raw,-1,4,late,62,61,0.016060537420330891,-0.012777779175911386,0.20183487534293712,-0.088336810016435452,0.1336058308059348,0.44262295081967212,5.004642238008329e-05,0.016010490997950821,,
MPS,breakout_4,-1,4,late,66,66,-0.0056096687177110763,-0.013414259781808879,0.17814690514507972,-0.091359019231652738,0.12190657165438237,0.45454545454545453,3.4585380108726614e-05,-0.0056442540978198013,,
MPS,sweep_4,1,4,late,47,45,-0.015974831825108209,-0.0020229391947339526,0.20993972272903566,-0.083333346046742474,0.10114406854926683,0.48888888888888887,-0.00015334909000055554,-0.015821482735107657,,
MPS,breakout_1,1,4,late,75,75,-0.037559039158323794,-0.024470892103592212,0.14608028674003742,-0.095708819867246053,0.050588119920675023,0.41333333333333333,0.00098398808472825185,-0.038543027243052044,,
MPS,sweep_4,-1,4,late,54,54,0.015360556027776055,0.017888831696533047,0.11928854706655746,-0.055581904788639613,0.067671630785187065,0.55555555555555558,-0.00076881618680658547,0.016129372214582643,,
MPS,fvg_raw,1,4,late,48,48,-0.026785102846914752,-0.020940023440048416,0.10781311620687577,-0.082483863054207879,0.044055837674446319,0.45833333333333331,0.00067275730380584166,-0.027457860150720593,,
MPS,sweep_1,-1,4,late,72,72,0.0040093152747772759,0.0046347516907893627,0.13017937452227507,-0.077376279192969299,0.06711696060107411,0.5,-9.6404005801378658e-05,0.0041057192805786574,,
MPS,breakout_13,-1,4,late,37,37,0.042029048645864119,0.0078291439345471447,0.18478863857304004,-0.061484209728470685,0.1336058308059348,0.56756756756756754,0.000705817476556185,0.041323231169307938,,
MPS,fvg_disp,-1,4,late,37,36,-0.0041585198109961464,-0.030670525686520955,0.21625527134130335,-0.11281511260456684,0.12973771531184008,0.41666666666666669,0.00057600817520382847,-0.0047345279861999668,,
MPS,sweep_13,1,4,late,23,23,-0.053364130713522237,-0.0099220174734263589,0.26532860976612621,-0.14675484385073428,0.090382597611276982,0.47826086956521741,-0.00056765522885593802,-0.052796475484666303,,
MPS,breakout_4,1,4,late,54,54,-0.022787280923020226,-0.016983848261430512,0.12034366629926947,-0.067421077629933296,0.051049942109112845,0.44444444444444442,0.00089689469747424402,-0.023684175620494474,,
MPS,fvg_disp,1,4,late,26,26,-0.00026175162426778515,0.011163375326503688,0.098948508002183522,-0.057070121082400033,0.045397402325095204,0.53846153846153844,0.00073925960742174119,-0.0010010112316895259,,
MPS,sweep_fvg,1,4,late,7,7,-0.00076590695570468077,0.029679481264563767,0.13913002429987217,-0.096487921690496969,0.0648290482109114,0.5714285714285714,0.00054925302566202826,-0.0013151599813667084,,
MPS,sweep_13,-1,4,late,31,31,0.0045533600612246037,0.014522840904153789,0.11348423666046779,-0.060901019676892321,0.049553521389158972,0.58064516129032262,-0.0015372872508125363,0.0060906473120371394,,
MPS,breakout_13,1,4,late,38,38,-0.035881633702614046,-0.016983848261430512,0.12793072779715819,-0.094849110850509732,0.049462430278751246,0.42105263157894735,0.0011732746415465598,-0.037054908344160614,,
MPS,breakout_52,1,4,late,26,26,-0.014445846528039792,0.019210407395606088,0.13541872576766439,-0.064353049580326144,0.077925822170931802,0.53846153846153844,0.0015372872508125366,-0.01598313377885233,,
MPS,sweep_52,-1,4,late,21,21,-0.025392091827650162,0.0095502578056926302,0.086672900201795633,-0.071776099437367069,0.024033555232250148,0.52380952380952384,-0.0015372872508125363,-0.02385480457683762,,
MPS,breakout_52,-1,4,late,21,21,0.052307365334462265,0.042380987770934575,0.22725576025643404,-0.032567021590000467,0.12844834348047518,0.61904761904761907,0.00043878119948848033,0.051868584134973791,,
MPS,sweep_52,1,4,late,14,14,-0.13218242821858189,-0.071594506109076916,0.30000989781070875,-0.24785567182143906,0.037420254189980795,0.42857142857142855,5.5235913086774053e-05,-0.13223766413166868,,
MPS,sweep_fvg,-1,4,late,13,12,0.032919465389940943,0.030001170520190135,0.10763685851849508,-0.050937171950435678,0.13651193347608831,0.66666666666666663,0.00076812594120531652,0.03215133944873564,,
MPS,sweep_1,1,13,all,218,212,-0.029010691550661164,-0.016814500856554726,0.22108217472364478,-0.17812499994078218,0.1122296648951791,0.46698113207547171,-0.046103113806255383,0.017092422255594226,,
MPS,breakout_1,-1,13,all,339,330,0.06045136316303349,0.052087290751222537,0.25753882970470804,-0.11115829892604395,0.19793275272175598,0.58484848484848484,0.052570214032391288,0.0078811491306422007,,
MPS,fvg_raw,-1,13,all,194,190,0.060790486215853694,0.038112542305487995,0.26618073411290227,-0.118727346091278,0.20774868235124946,0.55789473684210522,0.053092767154059903,0.0076977190617937797,,
MPS,breakout_4,-1,13,all,208,204,0.068851593898553387,0.044469479512106169,0.27569692014994307,-0.11108748399481277,0.21985615295001179,0.56862745098039214,0.051319403532834741,0.017532190365718629,,
MPS,sweep_4,1,13,all,184,180,-0.061716189478791997,-0.055759688124536022,0.2409266823268772,-0.20952201628435715,0.096010176093352051,0.43333333333333335,-0.05135362604752558,-0.010362563431266417,,
MPS,breakout_1,1,13,all,241,233,-0.034878350586748402,-0.011764693808012705,0.20274893655897341,-0.13937867966132411,0.083810889426407575,0.46351931330472101,-0.03223821571003628,-0.0026401348767121093,,
MPS,sweep_4,-1,13,all,139,133,0.018794878723515013,0.041414628887493921,0.19369581714988579,-0.067493076580809941,0.12502389291378102,0.55639097744360899,0.031218500574111914,-0.012423621850596901,,
MPS,fvg_raw,1,13,all,149,143,-0.057106411931700442,-0.035228948211986522,0.18852890170686704,-0.15979144920840632,0.045548679310537854,0.40559440559440557,-0.034684278736361304,-0.022422133195339138,,
MPS,sweep_1,-1,13,all,200,190,0.056323497173838222,0.074389247856593677,0.22260604338249523,-0.08465816498217843,0.17991667795401542,0.63157894736842102,0.044526793305090705,0.011796703868747527,,
MPS,breakout_13,-1,13,all,127,125,0.079218912628227556,0.058108589105063113,0.29112416686905568,-0.096052667636550293,0.22487920934355554,0.59199999999999997,0.05600954564510479,0.023209366983122769,,
MPS,fvg_disp,-1,13,all,122,119,0.061626612619525137,0.057471234651448655,0.25676303465741146,-0.11861598549633934,0.20697122894606795,0.53781512605042014,0.05676484586822339,0.0048617667513017734,,
MPS,sweep_13,1,13,all,105,104,-0.11126509147880351,-0.098172702427023806,0.25984009501569322,-0.27605087952597496,0.059004346579818012,0.38461538461538464,-0.059477872199359676,-0.051787219279443804,,
MPS,breakout_4,1,13,all,157,149,-0.03524807787709916,-0.024779720530727523,0.17904952221363774,-0.12661499104095197,0.077542006293630727,0.42953020134228187,-0.028699685137472786,-0.0065483927396263724,,
MPS,fvg_disp,1,13,all,94,93,-0.041184284242625442,-0.015209110340682508,0.18992525737550595,-0.15526758113377526,0.069783258569473983,0.44086021505376344,-0.034937859859225061,-0.0062464243834003787,,
MPS,sweep_fvg,1,13,all,34,34,-0.025047642289045484,-0.007764341340823544,0.14094528870946679,-0.080954987451541671,0.04116730716153405,0.47058823529411764,-0.042223556023193332,0.017175913734147855,,
MPS,sweep_13,-1,13,all,64,60,-0.0067177018036932322,-0.0025479992246308925,0.19903402078131149,-0.1151627380380208,0.10229347736038838,0.48333333333333334,0.014122203886294741,-0.020839905689987979,,
MPS,breakout_13,1,13,all,87,82,-0.039633878320469565,-0.017574821856255474,0.17905089788324025,-0.12298655055754776,0.071793648974798563,0.42682926829268292,-0.019319521283997616,-0.020314357036471956,,
MPS,breakout_52,1,13,all,48,43,0.0048486613693114432,0.034234230155947287,0.16903418369765788,-0.06185064475612656,0.090788729856627781,0.58139534883720934,-0.0064957242284624092,0.011344385597773851,,
MPS,sweep_52,-1,13,all,33,30,-0.056808712127223202,-0.053905656186168827,0.21139481108298211,-0.22595891301604676,0.076421127358177188,0.40000000000000002,0.0023940138965771623,-0.059202726023800376,,
MPS,breakout_52,-1,13,all,75,73,0.084823764625312936,0.08176098040906854,0.33822824221321074,-0.13727089389784175,0.33129178714424778,0.53424657534246578,0.048952713965083453,0.035871050660229491,,
MPS,sweep_52,1,13,all,44,43,-0.091230514531724427,-0.12900092868316992,0.36055263463714327,-0.37255334977655674,0.2303274486376099,0.44186046511627908,-0.052209536890745374,-0.039020977640979067,,
MPS,sweep_fvg,-1,13,all,41,38,0.053246352162781355,0.073415520414522983,0.24046964148098426,-0.089685389696951667,0.15774283651774937,0.57894736842105265,0.067183433412718777,-0.013937081249937444,,
MPS,sweep_1,1,13,early,159,154,-0.026056213609658901,-0.027507355129446576,0.19610642183512902,-0.16431004423303922,0.095541927067991972,0.46103896103896103,-0.060866800411198484,0.034810586801539575,,
MPS,breakout_1,-1,13,early,234,226,0.079373244590488029,0.070836994241390894,0.23535447869894172,-0.052919310691020904,0.20879350950984465,0.64601769911504425,0.07562328992228104,0.0037499546682069752,,
MPS,fvg_raw,-1,13,early,130,127,0.079366175983182685,0.069354815349618959,0.22716019542164193,-0.075268102200416243,0.20977326629375453,0.61417322834645671,0.077015193482278047,0.0023509825009046751,,
MPS,breakout_4,-1,13,early,142,138,0.077127291928054148,0.061550217706577204,0.24620120873203191,-0.055583869966350341,0.21584809667925475,0.62318840579710144,0.075007360440110124,0.0021199314879440032,,
MPS,sweep_4,1,13,early,135,133,-0.049509756962978574,-0.036019136876062174,0.20772343471608645,-0.1958874234900313,0.087188601742025806,0.45112781954887216,-0.067707317818571311,0.018197560855592723,,
MPS,breakout_1,1,13,early,165,161,-0.043718380539868727,-0.019940533371828439,0.19459228152403921,-0.16348121557538442,0.069783258569473983,0.453416149068323,-0.050717447666573649,0.0069990671267049229,,
MPS,sweep_4,-1,13,early,83,80,0.036463959388717299,0.053811165935850558,0.17945364691617582,-0.029434205425411086,0.12520705686982869,0.59999999999999998,0.051038189548546539,-0.014574230159829235,,
MPS,fvg_raw,1,13,early,100,96,-0.078863037627365018,-0.046606338045909357,0.18228158019867952,-0.19337769349252656,0.03204739651951255,0.36458333333333331,-0.052669840878898921,-0.026193196748466079,,
MPS,sweep_1,-1,13,early,125,118,0.097558286709825276,0.09650696006434456,0.20977279091188958,-0.015717904519103876,0.20073632603677249,0.71186440677966101,0.065633646870500925,0.031924639839324344,,
MPS,breakout_13,-1,13,early,90,88,0.06622524357350866,0.061550217706577204,0.24946082260646948,-0.064553683216263091,0.19846627198814368,0.625,0.074652594315978052,-0.0084273507424693986,,
MPS,fvg_disp,-1,13,early,83,81,0.079253060414533005,0.064991846308091294,0.23577460822727075,-0.085774080416845866,0.21403620420342684,0.5679012345679012,0.076275314275338568,0.0029777461391944488,,
MPS,sweep_13,1,13,early,81,80,-0.078014372014678229,-0.05819880015912765,0.21817986098704029,-0.24481558366666994,0.06542844641958484,0.42499999999999999,-0.075695126253401773,-0.0023192457612764479,,
MPS,breakout_4,1,13,early,103,100,-0.054758031460917518,-0.044514815687021037,0.17021728367512151,-0.15582160763030489,0.053294346033975704,0.38,-0.045861950618696259,-0.0088960808422212899,,
MPS,fvg_disp,1,13,early,67,66,-0.060549994313897314,-0.025377910780867097,0.18241171502912162,-0.16858486735977557,0.042669720276239165,0.40909090909090912,-0.050836156294753194,-0.0097138380191441175,,
MPS,sweep_fvg,1,13,early,26,26,-0.018056615945814966,0.0048622450263151595,0.12916821603746234,-0.080954987451541671,0.06320702713462123,0.53846153846153844,-0.05408182463928371,0.036025208693468744,,
MPS,sweep_13,-1,13,early,33,32,0.023095091647377258,0.00030549161163279104,0.19314391551455698,-0.038443192438498752,0.090602644073682154,0.5,0.039298819601304893,-0.016203727953927632,,
MPS,breakout_13,1,13,early,49,49,-0.049229034015296241,-0.024779720530727523,0.15581664655693422,-0.1146757709259496,0.047619025791012737,0.40816326530612246,-0.037596810164895314,-0.011632223850400927,,
MPS,breakout_52,1,13,early,22,22,0.0055666597550032308,0.040883310647680138,0.11298971688536347,-0.053627648058985733,0.076272449497699735,0.59090909090909094,-0.02446510099544278,0.030031760750446012,,
MPS,sweep_52,-1,13,early,12,12,0.044368778650370415,0.016482934107615976,0.17553587610373647,-0.044142021062743009,0.087481128226695903,0.58333333333333337,0.023586065818799101,0.02078271283157131,,
MPS,breakout_52,-1,13,early,54,52,0.054524266357500822,0.089777739227527964,0.2759290831272061,-0.13693684747859652,0.18925952165900203,0.57692307692307687,0.065238809573607337,-0.010714543216106534,,
MPS,sweep_52,1,13,early,30,29,0.0024576895579898846,0.087188601742025806,0.29254535886045641,-0.22519513491972476,0.25684478918133435,0.55172413793103448,-0.077934688981630793,0.080392378539620682,,
MPS,sweep_fvg,-1,13,early,27,25,0.081581123733600658,0.078585452126809896,0.24910408649491245,-0.078640808230756587,0.19957539482179132,0.56000000000000005,0.092818876331255393,-0.011237752597654747,,
MPS,sweep_1,1,13,late,55,54,-0.028842219357482927,0.039235567419915629,0.28677466835112758,-0.1855504811387714,0.15389479466221268,0.51851851851851849,0.00099712244169070379,-0.029839341799173628,,
MPS,breakout_1,-1,13,late,103,102,0.017181481155425143,-0.018444564376696504,0.29973455781286418,-0.17700783074777243,0.16861431935233559,0.44117647058823528,6.2070636065663363e-05,0.017119410519359484,,
MPS,fvg_raw,-1,13,late,62,61,0.019717097974396948,-0.030719007624157024,0.33486351050785657,-0.20888417459199338,0.16740330832312023,0.42622950819672129,0.00025741362171745238,0.019459684352679502,,
MPS,breakout_4,-1,13,late,66,66,0.051547861655051798,-0.015146782246668433,0.33041493766622321,-0.15240012321283236,0.21739453061605915,0.45454545454545453,0.00014873188788209341,0.051399129767169704,,
MPS,sweep_4,1,13,late,47,45,-0.091598195066893304,-0.073754129788486722,0.32314271414684148,-0.28714283500595672,0.1361457374159627,0.40000000000000002,-0.00098356861371370289,-0.090614626453179581,,
MPS,breakout_1,1,13,late,75,71,-0.012100138145946491,-0.0012541885051369217,0.22010421638554031,-0.12499153895573123,0.13055441514631216,0.49295774647887325,0.0067921020340070528,-0.018892240179953543,,
MPS,sweep_4,-1,13,late,54,51,-0.014300618715399338,-0.0197979905792387,0.21361960464965893,-0.17975615093793407,0.1168397649081992,0.47058823529411764,-0.0051809350988283537,-0.0091196836165709852,,
MPS,fvg_raw,1,13,late,48,46,-0.008163199132130915,-0.0013694324327554463,0.19484936171550174,-0.10546151215532754,0.083101086641374278,0.5,0.0045592348140583109,-0.012722433946189229,,
MPS,sweep_1,-1,13,late,72,69,-0.018962708336349592,-0.0197979905792387,0.22949283316400187,-0.18346254758206593,0.13522826345938155,0.47826086956521741,-0.00033167287762202966,-0.01863103545872756,,
MPS,breakout_13,-1,13,late,37,37,0.11012277416377519,0.0019342186824153895,0.37435653654539935,-0.13174800581359913,0.24751986356695588,0.51351351351351349,0.0048670857198874554,0.10525568844388773,,
MPS,fvg_disp,-1,13,late,37,36,0.017947887595459351,-0.028551495646457092,0.30351001758556218,-0.20273148964262705,0.13447606242241586,0.44444444444444442,0.0039546051968203143,0.01399328239863905,,
MPS,sweep_13,1,13,late,23,23,-0.22198698581911605,-0.25876194756109883,0.35741235600898086,-0.46541922296947696,-0.0012511202169864233,0.2608695652173913,-0.0038958890588142556,-0.21809109676030175,,
MPS,breakout_4,1,13,late,54,49,0.0045681539266117979,0.013858733003841772,0.19151417990889175,-0.079475337362683751,0.11939164599147167,0.53061224489795922,0.0059396632014660786,-0.0013715092748542729,,
MPS,fvg_disp,1,13,late,26,26,0.014846897080044549,0.017523051855709237,0.20173964591079202,-0.10316978544332209,0.083916266018630836,0.53846153846153844,0.0052909282261338238,0.0095559688539107422,,
MPS,sweep_fvg,1,13,late,7,7,-0.023184241329751023,-0.026823125370932122,0.18221191210387352,-0.065625138662789961,-0.0013694324327554463,0.2857142857142857,0.0039552973945674152,-0.027139538724318433,,
MPS,sweep_13,-1,13,late,31,28,-0.040789465747773791,-0.012226048446038029,0.20365818690351437,-0.19878304495823029,0.11012720676792248,0.4642857142857143,-0.010900577718712735,-0.029888888029061065,,
MPS,breakout_13,1,13,late,38,33,-0.025386525925120876,-0.008311323675234461,0.21066884394157029,-0.1291837659416305,0.098291511600251624,0.45454545454545453,0.0079540951569541159,-0.03334062108207498,,
MPS,breakout_52,1,13,late,26,21,0.0040964725843010037,0.014365347147498042,0.21586151802337852,-0.092451349316198916,0.13214061187963555,0.5714285714285714,0.010900577718712733,-0.0068041051344117347,,
MPS,sweep_52,-1,13,late,21,18,-0.12426037264561894,-0.17183153997827316,0.21035911085512665,-0.27429745890545776,0.035244891177524634,0.27777777777777779,-0.010900577718712735,-0.11335979492690623,,
MPS,breakout_52,-1,13,late,21,21,0.15985109366941913,-0.019095530969554853,0.45758883017352742,-0.13727089389784175,0.61426399745861304,0.42857142857142855,0.0029899829295779068,0.15686111073984124,,
MPS,sweep_52,1,13,late,14,14,-0.28529893728898975,-0.40940631035241132,0.41895325760525837,-0.58013503651694742,-0.10906541535786321,0.21428571428571427,0.00048265723249475402,-0.28578159452148455,,
MPS,sweep_fvg,-1,13,late,13,12,-0.0088860993791275242,0.06527407284600395,0.23011826471304159,-0.18612543904495615,0.076621606777705659,0.58333333333333337,0.0053050763709596811,-0.014191175750087201,,
MPS_ADJ,sweep_1,1,1,all,224,223,-0.0058072346422531002,-0.0048193841515263847,0.067161175120785066,-0.034309339216066992,0.025535003938504941,0.452914798206278,-0.0036668937759364428,-0.0021403408663166587,,
MPS_ADJ,breakout_1,-1,1,all,329,328,0.0065565086873651734,0.0030922118438703738,0.074170083219914237,-0.02860766449201424,0.044316755205659669,0.51829268292682928,0.004496355195531509,0.0020601534918336661,,
MPS_ADJ,fvg_raw,-1,1,all,187,187,0.0022159936033563738,0,0.094708573231275364,-0.032890131615490481,0.033683022726586798,0.49732620320855614,0.0045024453949372668,-0.0022864517915808917,,
MPS_ADJ,breakout_4,-1,1,all,202,201,0.0047610328447119966,0.0037687958856175152,0.079199038610442932,-0.027586305836842628,0.040201002689523646,0.51741293532338306,0.0043749571278089315,0.00038607571690306588,,
MPS_ADJ,sweep_4,1,1,all,184,183,-0.0023022461516338591,0.0023077164726941213,0.076481008692397795,-0.034168488210242987,0.033685742248282469,0.51366120218579236,-0.0042244609558524408,0.0019222148042185804,,
MPS_ADJ,breakout_1,1,1,all,233,232,-0.0037603611359657567,-0.0040108789194756578,0.055355943317666668,-0.034435281423203373,0.021493459212107935,0.43103448275862066,-0.0026407138211535356,-0.0011196473148122211,,
MPS_ADJ,sweep_4,-1,1,all,144,144,0.0066030396804832199,0.0022374713335238106,0.060222069446258686,-0.028384717456968356,0.039094522120880437,0.52083333333333337,0.0023731927227538491,0.0042298469577293722,,
MPS_ADJ,fvg_raw,1,1,all,144,143,-0.0012540514091968886,-0.0025381813199880643,0.065581642001466114,-0.034003298907552271,0.031927498828675294,0.45454545454545453,-0.0029303243548628858,0.0016762729456659955,,
MPS_ADJ,sweep_1,-1,1,all,199,198,0.002008090579807944,0.002589109664218936,0.065500693703590546,-0.033025049387045535,0.03527412974215946,0.51515151515151514,0.0036354431383547907,-0.0016273525585468465,,
MPS_ADJ,breakout_13,-1,1,all,121,120,0.011646359332557173,0.006394133138383884,0.081443337011294206,-0.026793792763353586,0.051412298750566687,0.55833333333333335,0.0047513478035024941,0.0068950115290546798,,
MPS_ADJ,fvg_disp,-1,1,all,121,121,-0.00090513026628196303,-0.0035560779908732076,0.076223963670330977,-0.031953548676141308,0.032697239893412444,0.45454545454545453,0.0047026603691938612,-0.0056077906354758235,,
MPS_ADJ,sweep_13,1,1,all,104,104,-0.0032818104139515432,0.0042564408165465251,0.089472401826272988,-0.033235380058996289,0.04960694731279558,0.53846153846153844,-0.0049662253874865996,0.0016844149735350566,,
MPS_ADJ,sweep_fvg,-1,1,all,43,43,0.013420392821408311,0.0054997160576820692,0.059172022652782007,-0.022867119783677392,0.032110444967726248,0.51162790697674421,0.0053643335554816231,0.0080560592659266895,,
MPS_ADJ,breakout_4,1,1,all,151,150,-0.0026062937734362022,-0.0065519368902249853,0.052097238255618877,-0.03107198254928184,0.019086674230724965,0.39333333333333331,-0.0023036611885555833,-0.0003026325848806192,,
MPS_ADJ,fvg_disp,1,1,all,86,86,0.0022603170797226599,0.0012798767421974278,0.057432198505998178,-0.025856423414920643,0.038118840200225435,0.5,-0.0030159409292113562,0.0052762580089340148,,
MPS_ADJ,sweep_fvg,1,1,all,33,33,0.0042993148853929207,0.0025597534843948555,0.063275824460655425,-0.022857284253767762,0.036164972796982831,0.51515151515151514,-0.0034644390321634986,0.0077637539175564188,,
MPS_ADJ,breakout_13,1,1,all,87,87,-0.0062569402043236083,-0.0075581680278761221,0.049976777541874823,-0.030414813486164038,0.010518460348174274,0.35632183908045978,-0.0011934519829275305,-0.0050634882213960782,,
MPS_ADJ,sweep_13,-1,1,all,69,69,0.0017087832523648146,-0.0079526003831773551,0.064630702639427412,-0.028699842958659127,0.01516502412555687,0.42028985507246375,0.00090351196466622501,0.00080527128769859074,,
MPS_ADJ,breakout_52,-1,1,all,68,67,0.010951432684348712,0.010781729658558503,0.090304011686052996,-0.032590945565025287,0.052727176062030812,0.56716417910447758,0.0043595575153601591,0.0065918751689885554,,
MPS_ADJ,sweep_52,1,1,all,48,48,-0.012076823566220004,0.0055260972978957712,0.12359670889706623,-0.037823041533677937,0.060713413041747377,0.52083333333333337,-0.0046185123332274118,-0.0074583112329925927,,
MPS_ADJ,breakout_52,1,1,all,54,54,-0.0077291360336529703,-0.0058139376895134931,0.043803693717601289,-0.030603530749736124,0.01082274395046201,0.35185185185185186,-4.3552403437568901e-05,-0.0076855836302154026,,
MPS_ADJ,sweep_52,-1,1,all,35,35,-0.0070818799561669175,-0.011092434765869852,0.070472458411983088,-0.044022772544485944,0.0066311402121397856,0.34285714285714286,-0.00022693540256923746,-0.0068549445535976798,,
MPS_ADJ,sweep_1,1,1,early,166,166,-0.0040471312392386894,-0.0019089686183567101,0.054370399219826393,-0.034357609958974883,0.024499491072789314,0.46987951807228917,-0.0049426883770024126,0.00089555713776372497,,
MPS_ADJ,breakout_1,-1,1,early,228,227,0.0062588550890728956,0.0023351906526143384,0.072791738316455523,-0.02852166669070888,0.048654775136482364,0.50660792951541855,0.0064942896489195937,-0.00023543455984669799,,
MPS_ADJ,fvg_raw,-1,1,early,124,124,-0.0066871062731811504,-0.0044673756437734191,0.087786885133789239,-0.032421840145815894,0.032714058226922138,0.43548387096774194,0.0065709872144180653,-0.01325809348759922,,
MPS_ADJ,breakout_4,-1,1,early,136,135,0.0064383543086694627,0.0023351906526143384,0.07651192342985004,-0.027057960358792599,0.041790112822687464,0.51111111111111107,0.0064477697320260091,-9.4154233565484438e-06,,
MPS_ADJ,sweep_4,1,1,early,134,134,0.001775508928075948,0.0035903351508101977,0.058844036256250599,-0.03384268231982468,0.03086207480218589,0.52985074626865669,-0.0056265298914269842,0.0074020388195029348,,
MPS_ADJ,breakout_1,1,1,early,158,157,-0.002078105300893984,-0.0029182928513904471,0.053437307430981108,-0.033936056053288866,0.021812085462653341,0.45859872611464969,-0.0043952397669352666,0.0023171344660412839,,
MPS_ADJ,sweep_4,-1,1,early,86,86,0.016260936084606055,0.0088295829632504264,0.065557644964724798,-0.01877973026022306,0.044119975124296579,0.60465116279069764,0.0043391665081608556,0.011921769576445196,,
MPS_ADJ,fvg_raw,1,1,early,96,95,-0.0061157169637674619,-0.0065075966947290009,0.066588109475848131,-0.036495066312658198,0.023917082612400997,0.41052631578947368,-0.0046971424138205807,-0.0014185745499468785,,
MPS_ADJ,sweep_1,-1,1,early,123,122,0.0078687415202350081,0.0049272600941716038,0.066056958528821125,-0.02341177427002411,0.039285714685038275,0.55737704918032782,0.0057946858123366822,0.0020740557078983233,,
MPS_ADJ,breakout_13,-1,1,early,84,83,0.0080964117314818139,0.0023719055114264087,0.082766205794200243,-0.027057960358792599,0.048744977625069186,0.53012048192771088,0.0063939111671098168,0.0017025005643719973,,
MPS_ADJ,fvg_disp,-1,1,early,83,83,-0.0055592955158797076,-0.0049834864468412121,0.070305585361688724,-0.030412904330051727,0.031890738470748692,0.40963855421686746,0.0063939111671098168,-0.011953206682989525,,
MPS_ADJ,sweep_13,1,1,early,80,80,0.0036978065006209745,0.0050728991385255995,0.063121004163988748,-0.032714058226922138,0.046536124273136859,0.55000000000000004,-0.0062754340688478908,0.0099732405694688657,,
MPS_ADJ,sweep_fvg,-1,1,early,29,29,0.0018034611215337721,-0.0040815635403974593,0.055725078021292451,-0.027586305836842628,0.015591271631804404,0.41379310344827586,0.007730515755029501,-0.0059270546334957283,,
MPS_ADJ,breakout_4,1,1,early,96,95,-0.00021636116240408257,-0.0083919589103368386,0.05006767704873951,-0.031137279721903,0.022712379214911982,0.41052631578947368,-0.0040558608067432214,0.0038394996443391403,,
MPS_ADJ,fvg_disp,1,1,early,60,60,-0.0039354632856324718,-0.0022651703342791984,0.054737381881809884,-0.034250947463888654,0.026014997650281646,0.45000000000000001,-0.0046727049498691024,0.00073724166423663089,,
MPS_ADJ,sweep_fvg,1,1,early,26,26,0.0012225169385433909,-0.0076741790183813552,0.052143493434025551,-0.030961655943209737,0.027244666102963666,0.46153846153846156,-0.0046850458839185916,0.0059075628224619864,,
MPS_ADJ,breakout_13,1,1,early,45,45,0.0029845382006446204,-0.0088407613420337094,0.054211993884158684,-0.030411521580359091,0.021812085462653341,0.42222222222222222,-0.0031218609043165628,0.0061063991049611849,,
MPS_ADJ,sweep_13,-1,1,early,34,34,0.017232672640867183,0.002075114568578007,0.077642190461458011,-0.022085267096204619,0.026688886420980718,0.52941176470588236,0.0032476900358015559,0.013984982605065628,,
MPS_ADJ,breakout_52,-1,1,early,47,46,0.0054002989207744458,0.0051243837228470701,0.092844830645130924,-0.033762718981708573,0.054395384459214741,0.52173913043478259,0.0060049892648640132,-0.00060469034408956572,,
MPS_ADJ,sweep_52,1,1,early,33,33,-0.0023739756585003029,0.0074961166049183348,0.085232992295402488,-0.03276451322745122,0.056729597138077903,0.51515151515151514,-0.006524966960387968,0.0041509913018876656,,
MPS_ADJ,breakout_52,1,1,early,22,22,-0.0020645650346886287,-0.010122312288838253,0.055175718842180282,-0.033360493876650382,0.021377368710051525,0.40909090909090912,-0.0018578500834900418,-0.00020671495119858505,,
MPS_ADJ,sweep_52,-1,1,early,11,11,0.02069893612331266,0.0025381813199880643,0.10463700972539967,-0.015472645660050244,0.0086585959504696941,0.63636363636363635,0.0018578500834900418,0.018841086039822617,,
MPS_ADJ,sweep_1,1,1,late,57,56,-0.010902531423650689,-0.0075661480099260547,0.09644407925383286,-0.034511999320839593,0.041328653618986411,0.4107142857142857,7.9657110214521876e-05,-0.010982188533865209,,
MPS_ADJ,breakout_1,-1,1,late,101,101,0.007225492517190393,0.0054997160576820692,0.077545824784333861,-0.028466147126349428,0.03824626000295972,0.54455445544554459,8.9245599830573019e-05,0.0071362469173598207,,
MPS_ADJ,fvg_raw,-1,1,late,62,62,0.019853938740608451,0.009893828007962846,0.1064507099799134,-0.034027076951692714,0.043024409917305967,0.61290322580645162,0.00016595519586344655,0.019687983544745005,,
MPS_ADJ,breakout_4,-1,1,late,66,66,0.0013301480320717248,0.0056997125965872475,0.08493389973840805,-0.035118274863315146,0.034198591754736163,0.53030303030303028,8.6816593214618951e-05,0.0012433314388571074,,
MPS_ADJ,sweep_4,1,1,late,49,48,-0.013470447131808184,-0.0068291975168852104,0.11258377699682162,-0.034411744117531951,0.041979991390889093,0.47916666666666669,-0.00020948142732030181,-0.013260965704487879,,
MPS_ADJ,breakout_1,1,1,late,75,75,-0.0072818833507160008,-0.0048175978843263412,0.059389830565686121,-0.046828172532464352,0.019484932132099231,0.37333333333333335,0.0007080515317902052,-0.0079899348825062059,,
MPS_ADJ,sweep_4,-1,1,late,58,58,-0.0077172894704575353,-0.010475260441996315,0.048375095413670993,-0.041450892529801109,0.019181150808387865,0.39655172413793105,-0.00058149526156806638,-0.0071357942088894682,,
MPS_ADJ,fvg_raw,1,1,late,48,48,0.0083679950008907055,0.008321319578911357,0.063119601946869386,-0.020718817557910191,0.048568412560584029,0.54166666666666663,0.00046517516026095351,0.00790281984062975,,
MPS_ADJ,sweep_1,-1,1,late,76,76,-0.0073997964561407616,-0.0068716020494720143,0.063905557672443811,-0.043270027267659938,0.026959625664442016,0.44736842105263158,-7.458450429285837e-05,-0.0073252119518479042,,
MPS_ADJ,breakout_13,-1,1,late,37,37,0.019609755302537037,0.014761892714850844,0.078919193571251614,-0.018601056771519353,0.058611472383803043,0.6216216216216216,0.00061062858750375094,0.018999126715033281,,
MPS_ADJ,fvg_disp,-1,1,late,37,37,0.009168999616581559,0.0058997091354924258,0.089156341193380492,-0.046172095396114665,0.043965545659900074,0.54054054054054057,0.00046475689289158763,0.00870424272368997,,
MPS_ADJ,sweep_13,1,1,late,24,24,-0.026547200129193271,-0.0025076783104302502,0.14639174423837756,-0.049577721384682027,0.056316553978180417,0.5,-0.0006592524857078055,-0.025887947643485464,,
MPS_ADJ,sweep_fvg,-1,1,late,14,14,0.037484037056862714,0.011379293450145767,0.060819632807650514,0.0013749290144205173,0.0549499907028273,0.7142857142857143,0.00040224045234351757,0.037081796604519178,,
MPS_ADJ,breakout_4,1,1,late,55,55,-0.0067343591924916811,-0.0048175978843263412,0.055658972908999758,-0.030937166301586272,0.014010526520387256,0.36363636363636365,0.00064917241141947753,-0.0073835316039111611,,
MPS_ADJ,fvg_disp,1,1,late,26,26,0.016558271769003732,0.013656526155476967,0.06195989758792815,-0.012368822220552966,0.051364940120051938,0.61538461538461542,0.00051707182084412696,0.016041199948159605,,
MPS_ADJ,sweep_fvg,1,1,late,7,7,0.015727421545119746,0.026513805291192849,0.099153597927225418,0.0065704441918787437,0.058565787910120348,0.7142857142857143,0.00036879564774934548,0.015358625897370399,,
MPS_ADJ,breakout_13,1,1,late,42,42,-0.01615852420964671,-0.0058139376895134931,0.043484228140187285,-0.029072383925349304,0.003774545210981417,0.2857142857142857,0.00088281971447792091,-0.017041343924124631,,
MPS_ADJ,sweep_13,-1,1,late,35,35,-0.013371566439323201,-0.011285747593333673,0.045035009859170264,-0.044820377961631408,0.0062254813698703892,0.31428571428571428,-0.0011398317478422085,-0.012231734691480992,,
MPS_ADJ,breakout_52,-1,1,late,21,21,0.02311105902360663,0.025861976094520567,0.085377971995413235,-0.011812571347444845,0.048861957847818771,0.66666666666666663,0.00040224045234351762,0.022708818571263112,,
MPS_ADJ,sweep_52,1,1,late,15,15,-0.033423088963203347,0.0035560779908732076,0.18430718316838399,-0.067512624940655463,0.09952349101796476,0.53333333333333333,-0.00029943563899780245,-0.033123653324205547,,
MPS_ADJ,breakout_52,1,1,late,32,32,-0.011623528595440955,-0.0045040120517504389,0.034347215485368683,-0.023896367284293341,0.0068421289839372124,0.3125,0.0011398317478422087,-0.012763360343283165,,
MPS_ADJ,sweep_52,-1,1,late,24,24,-0.019814753992595056,-0.012871824321170622,0.045198555316812383,-0.049847826592424371,-0.0053485426241274281,0.20833333333333334,-0.0011398317478422087,-0.018674922244752847,,
MPS_ADJ,sweep_1,1,4,all,224,222,-0.0068637052961501403,-0.0051100624179574172,0.13293019538559847,-0.077474527382317943,0.054125212547286361,0.481981981981982,-0.013356491441021396,0.006492786144871256,,
MPS_ADJ,breakout_1,-1,4,all,329,325,0.017045236938430283,0.0059840416723522249,0.15575817026223659,-0.056737671277159452,0.094766570311980769,0.51384615384615384,0.016225589664416097,0.00081964727401419182,,
MPS_ADJ,fvg_raw,-1,4,all,187,184,0.014861783691105652,-0.0038705926282814884,0.17684257449695853,-0.066936508708929809,0.12464228533152408,0.48369565217391303,0.016189489283974668,-0.001327705592869023,,
MPS_ADJ,breakout_4,-1,4,all,202,200,0.011860134750357304,0.0034230343679724773,0.16577918427517621,-0.057924307412537956,0.11343109299251866,0.505,0.015772185147085289,-0.003912050396727991,,
MPS_ADJ,sweep_4,1,4,all,184,181,-0.0053983621842874736,0.0017157366812186048,0.16127788042645116,-0.082385090859593113,0.069076311732838791,0.50828729281767959,-0.015370580585374622,0.0099722184010871528,,
MPS_ADJ,breakout_1,1,4,all,233,228,-0.014091352342227425,-0.010600046188449119,0.13011219033947402,-0.077097575044483585,0.059189732389100913,0.46052631578947367,-0.0094425602442985597,-0.0046487920979288609,,
MPS_ADJ,sweep_4,-1,4,all,144,144,0.024918887461165568,0.01478403384571797,0.11423324432124655,-0.02896245445890655,0.070050256711253589,0.59027777777777779,0.0085470595827460468,0.01637182787841953,,
MPS_ADJ,fvg_raw,1,4,all,144,143,-0.016588161961693097,-0.0058366955121145203,0.1108057433451554,-0.078472178379099866,0.051734110493026564,0.47552447552447552,-0.010556735579584023,-0.0060314263821090817,,
MPS_ADJ,sweep_1,-1,4,all,199,197,0.027668185295964248,0.021099909481628987,0.1292225582009609,-0.03369498420018413,0.090959550475860684,0.58883248730964466,0.012996097975043253,0.014672087320920993,,
MPS_ADJ,breakout_13,-1,4,all,121,120,0.020408464339609706,0.014428608372667018,0.17136883487854299,-0.051837673686054409,0.11758327977735469,0.54166666666666663,0.017202683488691663,0.0032057808509180401,,
MPS_ADJ,fvg_disp,-1,4,all,121,118,0.0099872880874014372,-0.0037852140346518182,0.172846641942007,-0.054470338948149621,0.11057200720883509,0.48305084745762711,0.016906211534279257,-0.0069189234468778225,,
MPS_ADJ,sweep_13,1,4,all,104,104,-0.0061591996833090818,0.0037027933049013084,0.18703076622393197,-0.084808881738755282,0.078422306372714135,0.51923076923076927,-0.018080929314184053,0.011921729630874971,,
MPS_ADJ,sweep_fvg,-1,4,all,43,40,0.024039670742067878,-0.0033070192737698623,0.13991574573440047,-0.049540537130169482,0.11361214993726879,0.47499999999999998,0.019284619294985421,0.0047550514470824619,,
MPS_ADJ,breakout_4,1,4,all,151,149,-0.009772416058795249,-0.015594634867959756,0.1131782224455435,-0.072992507063945555,0.054068290447653045,0.4563758389261745,-0.0082573883406334651,-0.0015150277181617867,,
MPS_ADJ,fvg_disp,1,4,all,86,86,-0.0017194424777944629,0.0058830754368414118,0.1069745295480235,-0.062844256330885723,0.059635033793166425,0.52325581395348841,-0.010797205279023043,0.0090777628012285796,,
MPS_ADJ,sweep_fvg,1,4,all,33,33,0.011393309248926632,0.0099206939769276303,0.099841386427366216,-0.037195128804267008,0.06094532556819976,0.5757575757575758,-0.012464408527438719,0.023857717776365348,,
MPS_ADJ,breakout_13,1,4,all,87,87,-0.023017241973898993,-0.018980368846368667,0.11425805873354694,-0.075918959376428174,0.045587257666458436,0.41379310344827586,-0.0041050866072374643,-0.018912155366661527,,
MPS_ADJ,sweep_13,-1,4,all,69,69,0.026776814547547542,0.015045226787282151,0.12267722807910984,-0.043737731156953341,0.065282713480908527,0.55072463768115942,0.003031474201825307,0.023745340345722239,,
MPS_ADJ,breakout_52,-1,4,all,68,67,0.021735096246002793,0.043357368568187948,0.21107105002941776,-0.044175364641855563,0.12154254888785715,0.59701492537313428,0.015678761432982684,0.0060563348130201113,,
MPS_ADJ,sweep_52,1,4,all,48,48,-0.018944205285783968,-0.0016295026647815125,0.2353331806707383,-0.14401212981241804,0.085978997197488805,0.5,-0.016612317564941314,-0.0023318877208426589,,
MPS_ADJ,breakout_52,1,4,all,54,54,-0.015001500275904921,-0.014922049724458153,0.11085382568997658,-0.062673622240593391,0.050598860772418486,0.42592592592592593,0.00012339826560766768,-0.015124898541512596,,
MPS_ADJ,sweep_52,-1,4,all,35,35,-0.017417409532526788,-0.0031948512227064629,0.11714918314317997,-0.063580571349703185,0.02698489310840646,0.42857142857142855,-0.0011509097497242409,-0.016266499782802542,,
MPS_ADJ,sweep_1,1,4,early,166,165,-0.0063696882649398922,-0.014269572448093348,0.12198557113620477,-0.072639150326636259,0.038375854098303019,0.46666666666666667,-0.018841962592664737,0.012472274327724851,,
MPS_ADJ,breakout_1,-1,4,early,227,224,0.020927077771857646,0.014261331338429495,0.1475648040296397,-0.047174596865182439,0.09568860553270811,0.5357142857142857,0.024483595601663636,-0.0035565178298059921,,
MPS_ADJ,fvg_raw,-1,4,early,123,121,0.015560639380712305,0.013192612358868705,0.16493319313340432,-0.049514681071173072,0.11120709018061847,0.51239669421487599,0.024593486982669298,-0.009032847601956993,,
MPS_ADJ,breakout_4,-1,4,early,136,134,0.018536880361259105,0.02320766393599033,0.16112728707141952,-0.045478830387356672,0.10970337194487648,0.52985074626865669,0.024454413181661635,-0.0059175328204025329,,
MPS_ADJ,sweep_4,1,4,early,134,133,-0.0024484044241649631,0.0017157366812186048,0.1438584080558748,-0.080235564061471254,0.068834676104531534,0.51127819548872178,-0.021308023677240079,0.018859619253075128,,
MPS_ADJ,breakout_1,1,4,early,157,152,-0.0054509024077488144,-0.007896279384169147,0.11950181492902993,-0.073260598675521399,0.060047205340229337,0.47368421052631576,-0.016581989996434926,0.011131087588686117,,
MPS_ADJ,sweep_4,-1,4,early,85,85,0.034442945878855581,0.010351789174127268,0.10601654067776749,-0.008396236077896635,0.072754673886649912,0.61176470588235299,0.016261291918316233,0.018181653960539348,,
MPS_ADJ,fvg_raw,1,4,early,96,95,-0.015952127277644421,-0.0075692628644457027,0.11079334057709235,-0.072664560893050401,0.053830307578284442,0.45263157894736844,-0.017827236244686729,0.0018751089670423101,,
MPS_ADJ,sweep_1,-1,4,early,123,121,0.044939101884736127,0.034657992384051428,0.12386785461862475,-0.014314775207340702,0.095661645057780076,0.64462809917355368,0.021870324826555765,0.023068777058180355,,
MPS_ADJ,breakout_13,-1,4,early,84,83,0.010770375634542962,0.019766349791935589,0.16529404910427561,-0.049110539343204751,0.091483965162981296,0.53012048192771088,0.024297021607892964,-0.013526645973350007,,
MPS_ADJ,fvg_disp,-1,4,early,82,80,0.016667895986700119,0.013925278327299451,0.15291778429438085,-0.046535715000806499,0.10930184126526832,0.51249999999999996,0.023700705228020431,-0.0070328092413203215,,
MPS_ADJ,sweep_13,1,4,early,80,80,0.006598741156799719,0.0037027933049013084,0.15854165700973605,-0.072712165570755327,0.077134599097514356,0.52500000000000002,-0.023918048759867284,0.030516789916667016,,
MPS_ADJ,sweep_fvg,-1,4,early,28,26,0.024887171099647554,-0.0098276289666768823,0.15816498672552212,-0.048615653034765061,0.10361283704372548,0.42307692307692307,0.028194363340058308,-0.0033071922404107504,,
MPS_ADJ,breakout_4,1,4,early,96,94,-0.010358470920099363,-0.019230485971235611,0.10740399569733101,-0.076306100945518179,0.047061987440050634,0.42553191489361702,-0.015456852737811218,0.0050983818177118617,,
MPS_ADJ,fvg_disp,1,4,early,60,60,-0.0048804180330906033,0.0015974256113532315,0.10977834222542564,-0.066935987460536583,0.061393472023482221,0.5,-0.017621760306493272,0.012741342273402673,,
MPS_ADJ,sweep_fvg,1,4,early,26,26,0.012594978424408697,0.009910929140729996,0.087345735288117093,-0.019030882259451209,0.059635033793166425,0.57692307692307687,-0.017668698001776714,0.030263676426185413,,
MPS_ADJ,breakout_13,1,4,early,45,45,-0.023239736975355807,-0.024573396840722794,0.10109540079508485,-0.075144676238248165,0.031387574874836233,0.37777777777777777,-0.011723256599207858,-0.011516480376147952,,
MPS_ADJ,sweep_13,-1,4,early,34,34,0.057929011648290396,0.038574693725667408,0.11508493012207656,-0.022303936451627204,0.12666260346539701,0.52941176470588236,0.01220183702170566,0.045727174626584745,,
MPS_ADJ,breakout_52,-1,4,early,47,46,0.0077781944883499321,0.044051735387511226,0.20433486409693236,-0.046281258934229241,0.10588964916059951,0.58695652173913049,0.022688990627744467,-0.014910796139394533,,
MPS_ADJ,sweep_52,1,4,early,33,33,0.026736759656238479,0.0024389336717265397,0.19189980187064243,-0.092204043197445351,0.10619453407249702,0.51515151515151514,-0.024666681662216611,0.05140344131845509,,
MPS_ADJ,breakout_52,1,4,early,22,22,-0.029696081449929756,-0.023843511402936002,0.080744290604715413,-0.070655162482775702,0.025676903253263605,0.31818181818181818,-0.0069156987186617469,-0.02278038273126801,,
MPS_ADJ,sweep_52,-1,4,early,11,11,0.021694608171423112,-0.0052301071927536302,0.13360455077603611,-0.035924731351994477,0.024004967611470918,0.27272727272727271,0.0069156987186617469,0.014778909452761365,,
MPS_ADJ,sweep_1,1,4,late,57,56,-0.0082888601885265523,0.0084001862122736748,0.16318483561188973,-0.088102486365710359,0.089334808344117167,0.5357142857142857,0.0026549246863468994,-0.01094378487487346,,
MPS_ADJ,breakout_1,-1,4,late,101,100,0.0086582966568080778,-0.0043219962563039171,0.17387934337311522,-0.084403037951098658,0.095870416579980328,0.46999999999999997,-0.0023192872058133492,0.010977583862621432,,
MPS_ADJ,fvg_raw,-1,4,late,62,61,0.014048460232976482,-0.025714303110363934,0.20238980747259869,-0.094500956571757833,0.13360589203177065,0.42622950819672129,-0.0021603071923621585,0.016208767425338645,,
MPS_ADJ,breakout_4,-1,4,late,66,66,-0.0016956820960190948,-0.0080044959779841385,0.17532461105648295,-0.090266001379233129,0.12190654610980786,0.45454545454545453,-0.0023465536935936373,0.00065087159757454759,,
MPS_ADJ,sweep_4,1,4,late,49,47,-0.013678679265304906,0.0058374179736080389,0.20566636263508117,-0.082859257314858048,0.090382577900938954,0.51063829787234039,0.002066153641952373,-0.015744832907257287,,
MPS_ADJ,breakout_1,1,4,late,75,75,-0.029579816983318612,-0.020983562801663691,0.14860541901310348,-0.093175715688038563,0.056829625359951064,0.44,0.0038189440337292146,-0.033398761017047834,,
MPS_ADJ,sweep_4,-1,4,late,58,58,0.0097643058626231787,0.017888805474229164,0.12538167300201628,-0.064016055860687981,0.067671581936292108,0.55172413793103448,-0.003584514920399838,0.013348820783023022,,
MPS_ADJ,fvg_raw,1,4,late,48,48,-0.017846980607206107,0.010061223849259004,0.11199198989852142,-0.082483842863346202,0.050397426492305386,0.52083333333333337,0.0033690469853544548,-0.021216027592560565,,
MPS_ADJ,sweep_1,-1,4,late,76,76,0.00017106809541955173,0.0046347405286659704,0.13357420909751502,-0.077376267892532991,0.067116949585295682,0.5,-0.0026455283403073269,0.0028165964357268862,,
MPS_ADJ,breakout_13,-1,4,late,37,37,0.042029041705029711,0.007829074861062435,0.18478863650774258,-0.061484215818673471,0.13360589203177065,0.56756756756756754,-0.0013762597590698587,0.043405301464099572,,
MPS_ADJ,fvg_disp,-1,4,late,37,36,-0.0041585123474534675,-0.030670523821618945,0.21625525688579747,-0.11281512212872918,0.12973771665940792,0.41666666666666669,-0.0015639045073075797,-0.0025946078401458805,,
MPS_ADJ,sweep_13,1,4,late,24,24,-0.048685669150338416,0.0023144185831253106,0.26050669285433048,-0.1460581394643484,0.085001840068073375,0.5,0.0012861902799157527,-0.049971859430254194,,
MPS_ADJ,sweep_fvg,-1,4,late,14,13,0.025254881744535052,0.024786308613539032,0.10669542133522107,-0.055030975746559685,0.12844832486862034,0.61538461538461542,-0.0015425418744312853,0.026797423618966344,,
MPS_ADJ,breakout_4,1,4,late,55,55,-0.0087707950231118541,0.01916058735547943,0.12344423845805506,-0.062823707297916032,0.056829625359951064,0.50909090909090904,0.0037098780826080617,-0.012480673105719924,,
MPS_ADJ,fvg_disp,1,4,late,26,26,0.0055751164959658619,0.022144113240993191,0.10192016196885666,-0.057070104724589371,0.048818364750678411,0.57692307692307687,0.0034651788332977795,0.0021099376626680798,,
MPS_ADJ,sweep_fvg,1,4,late,7,7,0.0069299665971361045,0.029679547187742461,0.14610312975869177,-0.096487909228174296,0.091764611480683156,0.5714285714285714,0.0031905164106025658,0.00373945018653353,,
MPS_ADJ,breakout_13,1,4,late,42,42,-0.022778854472338111,-0.012216094642385045,0.12812196985601623,-0.084204103692580606,0.054416733162728659,0.45238095238095238,0.0041426794759459725,-0.026921533948284084,,
MPS_ADJ,sweep_13,-1,4,late,35,35,-0.0034853197788883832,0.014522840904153789,0.12381929335688058,-0.069205147014365975,0.052995196790153964,0.5714285714285714,-0.0046187610086176768,0.0011334412297292964,,
MPS_ADJ,breakout_52,-1,4,late,21,21,0.05230735723895668,0.042380938253348766,0.22725575535646597,-0.032567000059988693,0.12844832486862034,0.61904761904761907,-0.001762271812587456,0.054069629051544131,,
MPS_ADJ,sweep_52,1,4,late,15,15,-0.11944232815823336,-0.0099220211848447537,0.2932773227890455,-0.24096648521106928,0.049374225464538402,0.46666666666666667,0.0019527044256561373,-0.12139503258388951,,
MPS_ADJ,breakout_52,1,4,late,32,32,-0.0048989757187628477,0.007343540082365263,0.12780597289263457,-0.054622450444709703,0.064356083036211431,0.5,0.0046187610086176759,-0.0095177367273805297,,
MPS_ADJ,sweep_52,-1,4,late,24,24,-0.035343750980170494,0.0042941780438717214,0.10704979732224332,-0.073124802309335379,0.025509224170328304,0.5,-0.0046187610086176759,-0.030724989971552808,,
MPS_ADJ,sweep_1,1,13,all,224,218,-0.01919304824907616,-0.0013496847894889363,0.22351646766877578,-0.16625083396496129,0.11092667373353599,0.49541284403669728,-0.041324912295970649,0.022131864046894493,,
MPS_ADJ,breakout_1,-1,13,all,329,317,0.060510446346035765,0.056022322773165212,0.26216677538784983,-0.11749362316939149,0.20236682831219688,0.58359621451104104,0.051090582218321294,0.0094198641277144814,,
MPS_ADJ,fvg_raw,-1,13,all,187,183,0.058915511849349358,0.041601836793969671,0.27337692846954775,-0.12653545467012373,0.21236783613559446,0.55737704918032782,0.051125662037107063,0.0077898498122423061,,
MPS_ADJ,breakout_4,-1,13,all,202,198,0.06779540475549764,0.044469426296298575,0.2792614074129588,-0.12764284980739288,0.22739244957314197,0.56565656565656564,0.049460910247446664,0.018334494508050959,,
MPS_ADJ,sweep_4,1,13,all,184,178,-0.058128152963253646,-0.057759355051222983,0.2461377194843421,-0.21320200106041273,0.095993757750128361,0.43820224719101125,-0.049311371067132397,-0.008816781896121258,,
MPS_ADJ,breakout_1,1,13,all,233,220,-0.031437362177165647,-0.006884454531467965,0.20849043765121023,-0.1420618985134473,0.08998867374315761,0.48181818181818181,-0.028580039356075455,-0.0028573228210901943,,
MPS_ADJ,sweep_4,-1,13,all,144,138,0.0088059539930881014,0.007107507607031105,0.1965611691959897,-0.085654580942951586,0.1181978727233795,0.52173913043478259,0.024535915427829923,-0.015729961434741823,,
MPS_ADJ,fvg_raw,1,13,all,144,136,-0.053553223738513879,-0.028558988471914737,0.19468199346975307,-0.15752950626863857,0.063857121000799599,0.43382352941176472,-0.031075105332315403,-0.022478118406198483,,
MPS_ADJ,sweep_1,-1,13,all,199,188,0.045300948392027154,0.060555140756740733,0.22871432348205836,-0.11114042060788515,0.18150778888097155,0.58510638297872342,0.039667339574991245,0.005633608817035919,,
MPS_ADJ,breakout_13,-1,13,all,121,119,0.074532309893410087,0.056064521868485206,0.29836363852126996,-0.11445655758204498,0.22931331326454768,0.57983193277310929,0.054629915222462536,0.019902394670947544,,
MPS_ADJ,fvg_disp,-1,13,all,121,118,0.058669423298025353,0.049536509456459932,0.25910269529363861,-0.12460774655186374,0.20790904948418823,0.52542372881355937,0.054123617421396361,0.0045458058766289916,,
MPS_ADJ,sweep_13,1,13,all,104,103,-0.095016869603127593,-0.079487134601212484,0.26760327911302406,-0.25771436349910032,0.079797130260035543,0.40776699029126212,-0.05796943531139797,-0.037047434291729603,,
MPS_ADJ,sweep_fvg,-1,13,all,43,40,0.041080562946199065,0.063725449379270827,0.24222331844003284,-0.10141967019191139,0.13842186828571479,0.55000000000000004,0.061941463404572808,-0.020860900458373736,,
MPS_ADJ,breakout_4,1,13,all,151,140,-0.028090435727610958,-0.021985268839999572,0.18892342098563075,-0.12324221956150203,0.081222528454515719,0.45714285714285713,-0.024421289845843772,-0.0036691458817671974,,
MPS_ADJ,fvg_disp,1,13,all,86,84,-0.034643404609974893,-0.011400612726663095,0.19860895906292683,-0.1432217143047044,0.071809419471954905,0.47619047619047616,-0.032706315333411007,-0.0019370892765638939,,
MPS_ADJ,sweep_fvg,1,13,all,33,32,-0.024642993849878326,0.0011544683510221199,0.14401707461245103,-0.08651606385470087,0.041249983158211212,0.5,-0.040426607610035498,0.015783613760157168,,
MPS_ADJ,breakout_13,1,13,all,87,82,-0.027578225121460128,-0.0073146647291617017,0.18848732108996333,-0.11414425827488092,0.07780145202187877,0.47560975609756095,-0.011873370884923644,-0.015704854236536486,,
MPS_ADJ,sweep_13,-1,13,all,69,65,-0.023647328718622674,-0.015594634867959645,0.20157406225558056,-0.13465959898449098,0.091060452533411773,0.43076923076923079,0.005640870353376291,-0.029288199071998967,,
MPS_ADJ,breakout_52,-1,13,all,68,66,0.078784452770335398,0.0035909151155472663,0.35308634802563355,-0.16115628252882647,0.30929677402292755,0.5,0.048889517981477025,0.029894934788858366,,
MPS_ADJ,sweep_52,1,13,all,48,47,-0.07928848073335891,-0.10242024663817717,0.34639866023160842,-0.30920525644522334,0.22163628875849228,0.42553191489361702,-0.05160622206999891,-0.027682258663360007,,
MPS_ADJ,breakout_52,1,13,all,54,49,0.031809333956063272,0.06018802890139141,0.17291638142237337,-0.037960519652735503,0.13214050827195134,0.67346938775510201,0.0032607299240750621,0.028548604031988209,,
MPS_ADJ,sweep_52,-1,13,all,35,32,-0.088668417859438672,-0.091965226729223137,0.21547802440756264,-0.21163468582105577,0.0345273050204295,0.28125,-0.0078737864570395111,-0.080794631402399175,,
MPS_ADJ,sweep_1,1,13,early,163,158,-0.014930820828046568,-0.002969812346363454,0.19521840952434072,-0.14530061147529305,0.10473283348093121,0.48734177215189872,-0.058054739671015342,0.043123918842968775,,
MPS_ADJ,breakout_1,-1,13,early,226,215,0.079107586283150275,0.074197133996620646,0.2404642335718257,-0.0712586564871176,0.21939654553543436,0.64186046511627903,0.078470936905072466,0.00063664937807786587,,
MPS_ADJ,fvg_raw,-1,13,early,123,120,0.076413992537797959,0.05807180968149217,0.23200830516116688,-0.081492189589864594,0.21507257061313539,0.60833333333333328,0.078855025705231938,-0.0024410331674339868,,
MPS_ADJ,breakout_4,-1,13,early,136,132,0.075517556005587266,0.061550265643668112,0.25068152280292355,-0.096439534657958126,0.23093954704002276,0.62121212121212122,0.078163824017704261,-0.0026462680121169752,,
MPS_ADJ,sweep_4,1,13,early,133,129,-0.047915462513595547,-0.022633820368127222,0.21123209627875741,-0.20863314452126402,0.09245181817165582,0.4573643410852713,-0.068765594061709276,0.020850131548113732,,
MPS_ADJ,breakout_1,1,13,early,157,148,-0.048237235304516554,-0.023113944276497489,0.19496712740881669,-0.16368973656855734,0.072420117037172105,0.44594594594594594,-0.052170667669979062,0.0039334323654625107,,
MPS_ADJ,sweep_4,-1,13,early,84,81,0.032871809950263245,0.025980260621723983,0.17622584421425772,-0.033008568272954175,0.12185446465804728,0.5679012345679012,0.048787712161905764,-0.015915902211642519,,
MPS_ADJ,fvg_raw,1,13,early,95,89,-0.085720036048417131,-0.037842795160332843,0.1792711935946216,-0.20521443258904792,0.02101722669764361,0.3707865168539326,-0.053977102952737742,-0.031742933095679368,,
MPS_ADJ,sweep_1,-1,13,early,120,112,0.089975272060345377,0.085573077474144943,0.21453746607999313,-0.044345467283535334,0.2152654898454249,0.6517857142857143,0.066850570067603754,0.023124701992741629,,
MPS_ADJ,breakout_13,-1,13,early,84,82,0.060011805921971306,0.057086554574360626,0.25574167848962659,-0.097213131781325124,0.20652902217530311,0.6097560975609756,0.077691763844852796,-0.017679957922881521,,
MPS_ADJ,fvg_disp,-1,13,early,82,80,0.076778748730631091,0.05807180968149217,0.23771928174187151,-0.088653778974324582,0.21507257061313539,0.55000000000000004,0.076403251668841723,0.00037549706178936494,,
MPS_ADJ,sweep_13,1,13,early,79,78,-0.060625841228207522,-0.047247218407004687,0.22004925236647213,-0.22404912659263815,0.091136014751853789,0.46153846153846156,-0.07586937188965498,0.015243530661447489,,
MPS_ADJ,sweep_fvg,-1,13,early,28,26,0.076607327985559817,0.063725449379270827,0.24503154006332359,-0.076954454110823856,0.19295469746114924,0.53846153846153844,0.09095721211359481,-0.014349884128035005,,
MPS_ADJ,breakout_4,1,13,early,96,90,-0.064785945890734442,-0.043452319713286558,0.16405424926941706,-0.14639648946745604,0.047419407907905275,0.36666666666666664,-0.047563925214321755,-0.017222020676412677,,
MPS_ADJ,fvg_disp,1,13,early,59,57,-0.064267667536172482,-0.028001053887212524,0.18322214080930541,-0.16431528120136929,0.040243907660393763,0.42105263157894735,-0.054904785361045122,-0.0093628821751273617,,
MPS_ADJ,sweep_fvg,1,13,early,25,24,-0.02861200023553068,0.0011544683510221199,0.12792581596464359,-0.08651606385470087,0.041052497533890564,0.5,-0.0556790297935894,0.02706702955805872,,
MPS_ADJ,breakout_13,1,13,early,45,45,-0.058662637176203666,-0.036608857850552345,0.15338130139621164,-0.11254995249442956,0.064116383200704785,0.40000000000000002,-0.037699353526727791,-0.020963283649475889,,
MPS_ADJ,sweep_13,-1,13,early,34,33,0.019243203307545441,-0.0047093135190019453,0.18329744710541246,-0.052077873426213728,0.077490802797435698,0.45454545454545453,0.036510614599993128,-0.017267411292447694,,
MPS_ADJ,breakout_52,-1,13,early,47,45,0.040953350836266347,0.056064521868485206,0.29050840929331373,-0.16428154938762707,0.20884693151117673,0.53333333333333333,0.071697286831338844,-0.03074393599507249,,
MPS_ADJ,sweep_52,1,13,early,33,32,0.0087569719066442273,0.07501808743446281,0.2777312199335723,-0.22175724658022616,0.25559275223438865,0.53125,-0.077744996121101376,0.086501968027745596,,
MPS_ADJ,breakout_52,1,13,early,22,22,0.0056106703255951211,0.026739169323361955,0.1131785562737936,-0.040630268668213898,0.074432072004171235,0.59090909090909094,-0.022245747479177305,0.027856417804772424,,
MPS_ADJ,sweep_52,-1,13,early,11,11,0.016316287395242549,-0.02101722669764361,0.1850413168321737,-0.069321958254703775,0.05135640319111201,0.36363636363636365,0.022245747479177305,-0.005929460083934756,,
MPS_ADJ,sweep_1,1,13,late,57,56,-0.022230089549987914,0.049632761113206469,0.29468046860656993,-0.19016149260298768,0.16559823414473079,0.5535714285714286,0.011027849162528861,-0.033257938712516769,,
MPS_ADJ,breakout_1,-1,13,late,101,100,0.019155949525898233,-0.017789275115700609,0.30296928463163642,-0.18147118132239159,0.1696206332645826,0.45000000000000001,-0.0089914237108810694,0.028147373236779294,,
MPS_ADJ,fvg_raw,-1,13,late,62,61,0.022031386389907207,-0.026383954907498675,0.34306127674656323,-0.21652317366945395,0.17316432053454733,0.44262295081967212,-0.0080268385126467823,0.030058224902553977,,
MPS_ADJ,breakout_4,-1,13,late,66,66,0.05235110225531836,-0.014945708502620669,0.33067788700352835,-0.15240017372090864,0.21739457466589646,0.45454545454545453,-0.009156858660531373,0.06150796091584973,,
MPS_ADJ,sweep_4,1,13,late,49,47,-0.080074871401993652,-0.072890077072584214,0.32750728965121162,-0.27295241138013049,0.14632243183847149,0.40425531914893614,0.0074555772634183181,-0.087530448665411903,,
MPS_ADJ,breakout_1,1,13,late,75,71,0.0063630672894356942,0.031924029378286978,0.23144119543794567,-0.12499154773039972,0.14964080787857326,0.56338028169014087,0.01781695109527735,-0.011453883805841638,,
MPS_ADJ,sweep_4,-1,13,late,58,55,-0.031987796259207356,-0.03719919888568346,0.22021924529836409,-0.17975612005309505,0.10951348739532668,0.43636363636363634,-0.016325706478711215,-0.015662089780496147,,
MPS_ADJ,fvg_raw,1,13,late,48,46,0.012297891904468228,0.037868589778493833,0.20919254602820758,-0.10546148517155593,0.12116388155485247,0.56521739130434778,0.015030998177100142,-0.0027331062726319048,,
MPS_ADJ,sweep_1,-1,13,late,76,73,-0.028200900567178482,-0.020928589020748456,0.23580780484911965,-0.20538724645709006,0.13522828005257292,0.46575342465753422,-0.010478827436275812,-0.017722073130902669,,
MPS_ADJ,breakout_13,-1,13,late,37,37,0.10671288626254471,0.001934199435162931,0.37826898034604195,-0.13174813989643464,0.24751985909713081,0.51351351351351349,-0.0032697591009034376,0.10998264536344819,,
MPS_ADJ,fvg_disp,-1,13,late,37,36,0.014242973794601741,-0.028551452377939102,0.30603268181514315,-0.21079393917210981,0.13447606297635797,0.44444444444444442,-0.004408262883531907,0.018651236678133641,,
MPS_ADJ,sweep_13,1,13,late,24,24,-0.20138345292224877,-0.24588934762401232,0.37272770489648577,-0.44766351643658731,0.0050454029483605056,0.25,0.002723277285241773,-0.20410673020749051,,
MPS_ADJ,sweep_fvg,-1,13,late,14,13,-0.033771883058753442,0.057471182118950193,0.23789168854620354,-0.20888419433966177,0.0756663609701137,0.53846153846153844,-0.004278648606740358,-0.029493234452013094,,
MPS_ADJ,breakout_4,1,13,late,55,50,0.037961482566011326,0.050514271778393516,0.21316540748707741,-0.061812696493966202,0.1514569890167119,0.62,0.016877156310878896,0.021084326255132436,,
MPS_ADJ,fvg_disp,1,13,late,26,26,0.037425742694547758,0.039522601248729416,0.21676417671939685,-0.10082811954015936,0.12959588732449462,0.61538461538461542,0.015943933517979746,0.021481809176568022,,
MPS_ADJ,sweep_fvg,1,13,late,7,7,0.016852921455847301,0.034322526560664812,0.18975101038975459,-0.043882482346009999,0.086445215533824116,0.5714285714285714,0.014277464244945548,0.0025754572109017611,,
MPS_ADJ,breakout_13,1,13,late,42,37,0.0102271408910658,0.023263502565256777,0.22024140333849926,-0.12418481355201416,0.14628583183765853,0.56756756756756754,0.019664213570753389,-0.00943707267968758,,
MPS_ADJ,sweep_13,-1,13,late,35,32,-0.067878189870608535,-0.03903186198293751,0.21266431955892845,-0.19878299557111201,0.10229346236454426,0.40625,-0.02294310446472338,-0.044935085405885158,,
MPS_ADJ,breakout_52,-1,13,late,21,21,0.15985109977191195,-0.019095573397150289,0.45758881862224987,-0.13727094070412482,0.61426399932758247,0.42857142857142855,-0.0056118240251677165,0.16546292379707972,,
MPS_ADJ,sweep_52,1,13,late,15,15,-0.26711877969869896,-0.38890472848403146,0.40980766773245159,-0.57871821437520554,-0.057508364470195195,0.20000000000000001,0.0067672427211380943,-0.27388602241983695,,
MPS_ADJ,breakout_52,1,13,late,32,27,0.053156393210518793,0.080359780228860922,0.20928472911478702,-0.012050894875954232,0.15406850097305358,0.7407407407407407,0.02294310446472338,0.030213288745795434,,
MPS_ADJ,sweep_52,-1,13,late,24,21,-0.14366040632617644,-0.15186014250008828,0.21356557462671094,-0.32097374749362273,-0.038537980671304206,0.23809523809523808,-0.022943104464723377,-0.12071730186145309,,
ORELL,breakout_1,1,1,all,290,286,0.0017166055062308718,0,0.0308432283978398,-0.015355226087766155,0.017083815507665523,0.45454545454545453,0.0016479292323975398,6.8676273833332113e-05,,
ORELL,fvg_raw,1,1,all,147,145,0.0054032192633550451,0,0.034519810164136126,-0.0119760479041916,0.021406727828746197,0.47586206896551725,0.0030215280831300435,0.0023816911802250025,,
ORELL,sweep_1,-1,1,all,146,143,-0.00732388433429475,-0.0048543873600934706,0.027903035488553007,-0.017570400149951149,0.0052219775444138361,0.34265734265734266,-0.00073592065353800414,-0.0065879636807567449,,
ORELL,breakout_4,1,1,all,187,185,0.005611304774637808,0,0.032380935108047036,-0.013422818791946289,0.019230769230769162,0.48108108108108111,0.0023336318132692454,0.003277672961368563,,
ORELL,breakout_1,-1,1,all,242,240,-0.007244536207150651,-0.002509362967149209,0.041383893708610515,-0.01833352888077916,0.0096942719165560576,0.34583333333333333,-0.0012267391862513838,-0.0060177970208992685,,
ORELL,fvg_raw,-1,1,all,124,124,0.0041371998722036299,0,0.043825728107022482,-0.017490073773099635,0.021367582192999446,0.4838709677419355,-0.0015936289768507953,0.0057308288490544243,,
ORELL,sweep_4,-1,1,all,111,108,-0.0024572463224602019,0,0.021332160910806384,-0.013099440116845218,0.0088225200904536172,0.42592592592592593,-0.00069355826745481832,-0.0017636880550053839,,
ORELL,breakout_4,-1,1,all,142,140,-0.0040606793409234728,-0.00072581275317640248,0.04162146696606997,-0.018945702466487024,0.013121252342517681,0.39285714285714285,-0.00096646454755931917,-0.0030942147933641557,,
ORELL,sweep_1,1,1,all,258,257,-0.004968989260901782,-0.0043478426725968022,0.023240930675162641,-0.016064216830874001,0.0060362018602673206,0.31128404669260701,0.00013570669320864427,-0.0051046959541104263,,
ORELL,sweep_4,1,1,all,177,176,-0.0059517073644527081,-0.004662667646005203,0.025069906281148375,-0.020485947814193939,0.0076248432052449799,0.33522727272727271,1.1937610158775836e-05,-0.0059636449746114841,,
ORELL,breakout_13,1,1,all,108,108,0.010214593709095046,0.0045264381924936536,0.033070436591481511,-0.010492427421338602,0.025925421883505773,0.55555555555555558,0.0023775440921190512,0.0078370496169759968,,
ORELL,fvg_disp,1,1,all,88,87,0.0022679241668096882,0,0.028988886918051408,-0.011821363643257921,0.019181732558406717,0.48275862068965519,0.0029732378071578337,-0.0007053136403481462,,
ORELL,fvg_disp,-1,1,all,48,48,0.0086813913938016945,0,0.037703828615011856,-0.017266281841129216,0.024659863945578259,0.47916666666666669,-0.00099257265419039234,0.0096739640479920844,,
ORELL,breakout_13,-1,1,all,79,79,-0.0034443177000058273,0,0.051311506591723094,-0.023160190608855213,0.014855080756588257,0.44303797468354428,-0.00044691030445301999,-0.0029974073955528076,,
ORELL,sweep_13,1,1,all,93,93,-0.0034592291081008046,0,0.027614472181603358,-0.016216216216216162,0.013089004974185414,0.41935483870967744,-1.6462613106947525e-05,-0.0034427664949938574,,
ORELL,sweep_13,-1,1,all,61,61,-0.00671194682271147,-0.0042553191489360653,0.021107705160471751,-0.014851446818306524,0.0048076923076922906,0.34426229508196721,-0.00077874912765568498,-0.0059331976950557849,,
ORELL,sweep_52,-1,1,all,35,35,-0.006770743384554247,-0.004366812227074135,0.024083694424030636,-0.015686274509803866,0.0047847985347985178,0.37142857142857144,-0.00088905547052753504,-0.005881687914026712,,
ORELL,sweep_fvg,1,1,all,25,25,0.0021044590412711093,0,0.026284125791186781,-0.012499999999999956,0.014018691588784993,0.47999999999999998,0.00037337006418273387,0.001731088977088375,,
ORELL,breakout_52,1,1,all,50,50,0.0098316953051510829,0.0093491836849168841,0.037936718973994629,-0.014573915119724612,0.030080213903743269,0.57999999999999996,0.0021781914468050967,0.0076535038583459844,,
ORELL,breakout_52,-1,1,all,43,43,0.00085628044170757878,-0.00091825962093605717,0.057010275528207505,-0.024715951922271717,0.031238273921200765,0.41860465116279072,0.00071929368892913875,0.00013698675277844119,,
ORELL,sweep_52,1,1,all,45,45,-0.0023101327549113352,-0.0028089460226743412,0.034098357795122172,-0.021138198976594302,0.007575757575757569,0.35555555555555557,4.4324805899688906e-05,-0.0023544575608110251,,
ORELL,sweep_fvg,-1,1,all,7,7,-0.0085490640433507938,-0.023200012207031273,0.035686299946058299,-0.028898128898128816,0.011337460408868461,0.2857142857142857,0.0010629563526151418,-0.009612020395965936,,
ORELL,breakout_1,1,1,early,219,215,0.0026453217283591147,0,0.032133271388613362,-0.014274966527298982,0.017940359537134909,0.47441860465116281,0.0018861376742844904,0.00075918405407462508,,
ORELL,fvg_raw,1,1,early,120,119,0.0066628654647265797,0,0.035367053025379624,-0.011602570460392869,0.021740363576914223,0.47899159663865548,0.0034602229905006461,0.0032026424742259327,,
ORELL,sweep_1,-1,1,early,77,76,-0.0067774542793779024,-0.0012080247434513858,0.032429519779008972,-0.017506107742228438,0.0089937602161286878,0.38157894736842107,-0.00048625033076157506,-0.0062912039486163291,,
ORELL,breakout_4,1,1,early,136,134,0.0069078211167817403,0.0020819792885307109,0.033323121503785288,-0.012688936365633036,0.019513574660633415,0.5074626865671642,0.0028467639496296822,0.0040610571671520585,,
ORELL,breakout_1,-1,1,early,182,180,-0.0082069898170565592,-0.00074516277572456158,0.04498687428895834,-0.018043717927466618,0.00923941636407416,0.34999999999999998,-0.0013562330583732054,-0.0068507567586833526,,
ORELL,fvg_raw,-1,1,early,104,104,0.0042735206161394531,0,0.046303009078303883,-0.018299810899088886,0.023954727276975257,0.48076923076923078,-0.0017485610636964566,0.0060220816798359092,,
ORELL,sweep_4,-1,1,early,68,67,-0.0023424743829099158,0,0.01867107231661904,-0.011592271818787525,0.010941241375754029,0.44776119402985076,-0.00047456339322964026,-0.0018679109896802759,,
ORELL,breakout_4,-1,1,early,105,103,-0.0032747108711857018,0,0.04557058210093428,-0.017669386635368656,0.013018785832962732,0.40776699029126212,-0.0010285362651835225,-0.0022461746060021799,,
ORELL,sweep_1,1,1,early,164,164,-0.0059752007318124422,-0.0050898824016992195,0.024689434231795832,-0.019705882352941212,0.0047741164732263974,0.3048780487804878,-0.00038497351159367442,-0.0055902272202187683,,
ORELL,sweep_4,1,1,early,122,122,-0.0062697691616325178,-0.004829991512199816,0.026593491922941262,-0.021543057572503244,0.0073759056154155123,0.34426229508196721,-0.00040794147312843703,-0.005861827688504081,,
ORELL,breakout_13,1,1,early,74,74,0.013067836343618893,0.0062961015684649402,0.032929158375115244,-0.0037221123451140481,0.028830688138286542,0.60810810810810811,0.0029339037554838589,0.010133932588135032,,
ORELL,fvg_disp,1,1,early,65,65,0.004550490813863493,0.0020408163265306367,0.028664702825784275,-0.0086206896551723755,0.021510771300896181,0.50769230769230766,0.0035852051589381536,0.00096528565492533778,,
ORELL,fvg_disp,-1,1,early,39,39,0.010962626208450788,0.0055248618784530246,0.040386522582543924,-0.01867052023121385,0.032123827523133752,0.51282051282051277,-0.00099583890121196961,0.011958465109662753,,
ORELL,breakout_13,-1,1,early,60,60,-0.0028006731224806771,0,0.057787232341987294,-0.026756312716600006,0.023032408658987119,0.45000000000000001,-0.00025446986927983253,-0.0025462032532008448,,
ORELL,sweep_13,1,1,early,65,65,-0.0024970168437664351,0,0.030212197188487673,-0.021138198976594302,0.015463917525773141,0.49230769230769234,-0.0005049776355130456,-0.0019920392082533895,,
ORELL,sweep_13,-1,1,early,36,36,-0.0057307008969064216,-0.0018939393939394478,0.016126926146045668,-0.014723993045494044,0.0051585603373907885,0.3611111111111111,-0.00057500525545483173,-0.005155695641451589,,
ORELL,sweep_52,-1,1,early,20,20,-0.0030465294122840269,-0.0040660332459866444,0.016565474058446116,-0.014625375697724319,0.0059422178289000593,0.40000000000000002,-0.0005829513990818618,-0.0024635780132021652,,
ORELL,sweep_fvg,1,1,early,13,13,0.0060535163746160154,0.0048309178743961567,0.021766410701739375,-0.0071770334928229484,0.024390243902439046,0.53846153846153844,-0.00037450209291990167,0.0064280184675359169,,
ORELL,breakout_52,1,1,early,31,31,0.012656754387734497,0.015075376884422065,0.037048093705819199,-0.0095793991697448178,0.029268989149057623,0.64516129032258063,0.0027176693132024746,0.0099390850745320232,,
ORELL,breakout_52,-1,1,early,36,36,0.0040998403093116314,0,0.061655496990517721,-0.01539462780924189,0.050000000000000044,0.47222222222222221,0.0011050305106771736,0.00299480979863446,,
ORELL,sweep_52,1,1,early,27,27,-0.0010118850170695683,0,0.042687177771703957,-0.030529799239745803,0.026758546626096225,0.48148148148148145,-0.00077978175125451303,-0.00023210326581505743,,
ORELL,sweep_fvg,-1,1,early,6,6,-0.015408690659271584,-0.025113519617029123,0.033659423572089259,-0.029833679833679738,-0.013250334177585588,0.16666666666666666,0.0012221200640693314,-0.016630810723340914,,
ORELL,breakout_1,1,1,late,71,71,-0.0010957041804954975,-0.0055248618784530246,0.026567912687545509,-0.016653373002430749,0.013896398280739741,0.39436619718309857,0.00086080195337294267,-0.0019565061338684409,,
ORELL,fvg_raw,1,1,late,27,26,-0.00036208450446082108,0,0.030293305652775392,-0.012369011976047867,0.013054669058695179,0.46153846153846156,0.00096708366457196396,-0.001329168169032786,,
ORELL,sweep_1,-1,1,late,68,66,-0.0075375742397332393,-0.004927203216789855,0.021805044103808981,-0.016414993014495727,0.0029137431324778862,0.30303030303030304,-0.00098529605756101572,-0.0065522781821722243,,
ORELL,breakout_4,1,1,late,51,51,0.0022047716403772824,-0.0043668289578838726,0.029807472154702239,-0.0150227503478359,0.017222831989156751,0.41176470588235292,0.00092649264490355396,0.0012782789954737283,,
ORELL,breakout_1,-1,1,late,60,60,-0.0043571753774329256,-0.0066893535196864695,0.028039695693108643,-0.018831153638652398,0.014149504195270807,0.33333333333333331,-0.00075116562769064819,-0.0036060097497422764,,
ORELL,fvg_raw,-1,1,late,20,20,0.0034283320037373499,0.0024271936800467353,0.02847405390040765,-0.0065322580645161277,0.01699878087529838,0.5,-0.00069329068996988315,0.0041216226937072333,,
ORELL,sweep_4,-1,1,late,43,41,-0.0026448004675789622,-0.0026041268267580353,0.025338222904113222,-0.014423076923076872,0.0052083529945868845,0.3902439024390244,-0.0010045449281998512,-0.0016402555393791108,,
ORELL,breakout_4,-1,1,late,37,37,-0.006248645621544837,-0.0053763440860215006,0.028251971349855527,-0.020408198571867153,0.013636363636363669,0.35135135135135137,-0.00069094440871093356,-0.0055577012128339032,,
ORELL,sweep_1,1,1,late,94,93,-0.0031945948390808311,-0.0022124399807611494,0.020445472917253144,-0.013043478260869601,0.0062893323187998007,0.32258064516129031,0.0010209375148084079,-0.0042155323538892392,,
ORELL,sweep_4,1,1,late,55,54,-0.0052331233041575838,-0.004662667646005203,0.02144516407901785,-0.017433156158463553,0.0074883628578733541,0.31481481481481483,0.00091514461789948256,-0.0061482679220570668,,
ORELL,breakout_13,1,1,late,34,34,0.0040045950339549106,-0.0037878787878787845,0.03300656055231585,-0.014778325123152691,0.02482508271077799,0.44117647058823528,0.0011477791714829496,0.0028568158624719593,,
ORELL,fvg_disp,1,1,late,23,22,-0.004476022744940189,-0.0038584769281900799,0.029556057560768619,-0.014208743842364507,0.010002903482271674,0.40909090909090912,0.0011431367967994661,-0.0056191595417396552,,
ORELL,fvg_disp,-1,1,late,9,9,-0.0012039594696777118,0,0.02165367746156607,-0.010000000000000009,0.011494252873563204,0.33333333333333331,-0.00091514461789948245,-0.00028881485177822866,,
ORELL,breakout_13,-1,1,late,19,19,-0.0054768795237694597,-0.0053763440860215006,0.021393242251021901,-0.019682763060782538,0.013835725677830979,0.42105263157894735,-0.0010268330942027133,-0.0044500464295667451,,
ORELL,sweep_13,1,1,late,28,28,-0.0056929361503055909,-0.004662667646005203,0.020671890821615049,-0.011500873885706669,0.00060534074252854841,0.25,0.0011149509505068856,-0.0068078871008124759,,
ORELL,sweep_13,-1,1,late,25,25,-0.0081249409558707391,-0.005405426025390625,0.027037640204110713,-0.01538461538461533,0.0030303030303030498,0.32000000000000001,-0.0010231778349782438,-0.0071017631208924945,,
ORELL,sweep_52,-1,1,late,15,15,-0.011736362014247874,-0.0045045045045044585,0.031463911137597035,-0.022677595628415315,0.002755827396221211,0.33333333333333331,-0.0013009775360379159,-0.010435384478209957,,
ORELL,sweep_fvg,1,1,late,12,12,-0.0021736864031858725,-0.0026178010471203939,0.030855735856211226,-0.01379977876106192,0.010647530040053366,0.41666666666666669,0.0011562901917360031,-0.0033299765949218771,,
ORELL,breakout_52,1,1,late,19,19,0.0052223883809360385,-0.007575757575757569,0.039925362339197752,-0.014724153593773714,0.037040505680525748,0.47368421052631576,0.0013009775360379159,0.0039214108448981213,,
ORELL,breakout_52,-1,1,late,7,7,-0.015824884591684692,-0.018957327549697922,0.013733289684131121,-0.024715951922271717,-0.0053172004936234973,0.14285714285714285,-0.0013009775360379157,-0.014523907055646776,,
ORELL,sweep_52,1,1,late,18,18,-0.0042575043616739855,-0.004662667646005203,0.014688672518563404,-0.011360426133795037,0,0.16666666666666666,0.0013009775360379159,-0.0055584818977119027,,
ORELL,sweep_fvg,-1,1,late,1,1,0.032608695652173947,0.032608695652173947,,0.032608695652173947,0.032608695652173947,1,0.00043527059558503417,0.032173425056588913,,
ORELL,breakout_1,1,4,all,290,280,0.011349503642702628,0,0.065528165482851314,-0.023561029114503057,0.04017073318399228,0.48571428571428571,0.0060224474405911436,0.0053270562021114874,,
ORELL,fvg_raw,1,4,all,147,145,0.015680356609565609,0.0002040940888075049,0.069057290472716276,-0.021691974687620963,0.043010752688172005,0.50344827586206897,0.011179119814151674,0.004501236795413934,,
ORELL,sweep_1,-1,4,all,146,142,-0.015470945158567841,-0.0039893279039263652,0.05359579145541446,-0.027835309738438729,0.011616743471582147,0.41549295774647887,-0.0023371249093915585,-0.013133820249176285,-0.021387116154815308,-0.004923326317498462
ORELL,breakout_4,1,4,all,187,183,0.017790854250324666,0.0055555555555555358,0.057007543453741795,-0.019952451527824544,0.047249836299779746,0.55737704918032782,0.0086131163745120868,0.0091777378758125805,,
ORELL,breakout_1,-1,4,all,242,233,0.0025214962197610334,-0.0020618242086822836,0.072034440348293108,-0.027027027027026973,0.027397260273972601,0.44635193133047213,-0.0036982288325407725,0.0062197250523018041,,
ORELL,fvg_raw,-1,4,all,124,119,0.025071564659112099,0.014563162080280301,0.082520468802146071,-0.014110444715426884,0.044552664048055857,0.56302521008403361,-0.004529736048513016,0.029601300707625115,,
ORELL,sweep_4,-1,4,all,111,102,-0.01627999552772285,0,0.06372361712365486,-0.048562004422958271,0.022293431704358657,0.47058823529411764,-0.0014331729032889295,-0.014846822624433924,,
ORELL,breakout_4,-1,4,all,142,136,0.0067827194056081161,-0.0056491810029620781,0.075525504827138976,-0.031838255302578888,0.027418981146282828,0.44117647058823528,-0.0030534336538715402,0.0098361530594796541,,
ORELL,sweep_1,1,4,all,258,254,-0.0038683965644250298,-0.010264450628021504,0.049687178092867997,-0.027688070694939143,0.019704579733971939,0.34251968503937008,4.2105426613555576e-05,-0.0039105019910385848,-0.0095969794377792211,0.0026220641826201685
ORELL,sweep_4,1,4,all,177,173,-0.010775527152317459,-0.010035798541106589,0.038695650299885725,-0.028260852979577145,0.011049723756906049,0.32369942196531792,-0.00040385643572919401,-0.010371670716588262,,
ORELL,breakout_13,1,4,all,108,108,0.025603104012630613,0.016025641025640969,0.06032968859059526,-0.013062840178129642,0.055303122951267158,0.60185185185185186,0.0086370566932830774,0.016966047319347536,,
ORELL,fvg_disp,1,4,all,88,87,0.017811578188275175,0.0040285777865216588,0.064987620287684525,-0.012548270333359035,0.043464988493871148,0.51724137931034486,0.010942370365920556,0.006869207822354618,-0.011363312924686069,0.019840821053694023
ORELL,fvg_disp,-1,4,all,48,48,0.027731050330261617,0.018869565217391304,0.07987303436937529,-0.012286024880386104,0.046142859726598484,0.58333333333333337,-0.0033726229858185922,0.031103673316080205,0.0016589399746083325,0.060885000152485463
ORELL,breakout_13,-1,4,all,79,75,0.016471855578829006,0,0.087416101302653607,-0.028561476837338895,0.032059727711901631,0.49333333333333335,-0.00073458560926289854,0.017206441188091903,,
ORELL,sweep_13,1,4,all,93,92,-0.0063166362811270986,-0.0055802663221244386,0.043686421868117331,-0.027662547693232092,0.018551147805074442,0.38043478260869568,-0.0005575570407522466,-0.0057590792403748505,,
ORELL,sweep_13,-1,4,all,61,61,-0.03180598796980285,-0.016260146842582035,0.069556639446228724,-0.066666633852066504,0.0091502869051266478,0.34426229508196721,-0.002467167536082406,-0.029338820433720447,,
ORELL,sweep_52,-1,4,all,35,35,-0.025275517583593934,-0.0088495575221239076,0.075612730711796111,-0.056094364351245041,0.021885256560642719,0.42857142857142855,-0.0028265357198848486,-0.02244898186370909,,
ORELL,sweep_fvg,1,4,all,25,25,0.014671251433423217,0,0.039107168904411488,-0.0063291139240506666,0.034858353397199782,0.47999999999999998,0.00084359297831849414,0.013827658455104726,-0.0032896749973126229,0.030810601134989127
ORELL,breakout_52,1,4,all,50,50,0.027877437472892678,0.016962774957698823,0.062443667707167042,-0.012222773169852152,0.047510268468361261,0.57999999999999996,0.0078012335379893764,0.020076203934903301,,
ORELL,breakout_52,-1,4,all,43,43,0.030207821409957869,0,0.09374738792835674,-0.03265149335324502,0.089859437751004023,0.46511627906976744,0.003202984150814216,0.027004837259143651,,
ORELL,sweep_52,1,4,all,45,44,-0.020480720383166152,-0.019536532380231675,0.041195215739167165,-0.036877950547850646,0.0060175795403241694,0.29545454545454547,-0.00035554521522185902,-0.020125175167944289,,
ORELL,sweep_fvg,-1,4,all,7,7,0.00830183426956832,0.016000000000000014,0.018637474178255984,-0.0033112582781457123,0.022392626246582836,0.5714285714285714,0.0044335474151561546,0.0038682868544121646,,
ORELL,breakout_1,1,4,early,219,213,0.012751490857287761,0.0038241308276372177,0.071049979045075609,-0.026845637583892579,0.043737616769177201,0.50704225352112675,0.0068282277081311866,0.005923263149156581,,
ORELL,fvg_raw,1,4,early,119,118,0.016711989975676446,0.001741391306698814,0.074570802605041467,-0.023202614379084996,0.052569062222666774,0.50847457627118642,0.012960075752047414,0.0037519142236290262,,
ORELL,sweep_1,-1,4,early,76,74,-0.018772613407324081,-0.0030981427075160717,0.05764800948533684,-0.037366078240530842,0.013919425597058638,0.43243243243243246,-0.0013884717277934798,-0.017384141679530604,,
ORELL,breakout_4,1,4,early,136,134,0.020663576519329596,0.0067748691957865148,0.062685149824776035,-0.020819011496977569,0.055517613227893614,0.57462686567164178,0.010463225507530363,0.010200351011799235,,
ORELL,breakout_1,-1,4,early,181,173,0.0039268276973834582,-0.0007417718283595498,0.077739952494837616,-0.026819923371647514,0.027777150813346863,0.45664739884393063,-0.0039341995296136084,0.0078610272269970614,,
ORELL,fvg_raw,-1,4,early,104,99,0.028121070390906146,0.016000000000000014,0.088308541480038763,-0.018801640212507409,0.05449869567568727,0.54545454545454541,-0.0048539305636247356,0.032975000954530875,,
ORELL,sweep_4,-1,4,early,67,61,-0.016704233835573155,0.0044247787610619538,0.063283507375032633,-0.050805944881431309,0.022493917376604555,0.50819672131147542,-0.00011632992609506686,-0.016587903909478084,,
ORELL,breakout_4,-1,4,early,105,101,0.0083549878118438885,-0.005788734221589209,0.08267391835360785,-0.032738095238095344,0.027484143763213509,0.42574257425742573,-0.0031149910538912306,0.011469978865735113,,
ORELL,sweep_1,1,4,early,164,164,-0.0055066093006875989,-0.01070054366790274,0.049952830306307344,-0.028531168744574037,0.020253555967841619,0.33536585365853661,-0.0020380614124864594,-0.0034685478882011409,,
ORELL,sweep_4,1,4,early,122,121,-0.009812361764903842,-0.0096007779438245233,0.041901310192906514,-0.029702970297029729,0.018324607329842868,0.34710743801652894,-0.0021478247238182978,-0.0076645370410855446,,
ORELL,breakout_13,1,4,early,74,74,0.029745878495145067,0.019874152110716303,0.068505813628191137,-0.020108606220174435,0.077715833303329152,0.6216216216216216,0.010809366719945347,0.018936511775199723,,
ORELL,fvg_disp,1,4,early,65,65,0.022198036997303775,0.0065789473684210176,0.072750639710414955,-0.010593220338983023,0.058823529411764719,0.55384615384615388,0.013337863667082598,0.0088601733302211844,,
ORELL,fvg_disp,-1,4,early,39,39,0.029671158619123617,0.016000000000000014,0.088101156807108241,-0.019410405785455942,0.063353540521018104,0.53846153846153844,-0.0033813708660227794,0.033052529485146386,,
ORELL,breakout_13,-1,4,early,60,58,0.02245029043712983,0.0039370335524288036,0.097387501611329877,-0.033825724878352392,0.03862068965517243,0.5,0.00023038937637457089,0.022219901060755255,,
ORELL,sweep_13,1,4,early,65,65,-0.0049151209320515274,-0.00091741719377147479,0.048973997327265137,-0.028340080971659964,0.021969650730942147,0.41538461538461541,-0.0025150368666648267,-0.0024000840653867028,,
ORELL,sweep_13,-1,4,early,36,36,-0.024771893358407009,-0.0068110829103267267,0.063236193476199784,-0.052810341014014661,0.014060942953487282,0.41666666666666669,-0.0017430419991547304,-0.02302885135925228,,
ORELL,sweep_52,-1,4,early,20,20,-0.020318275948662968,-0.0048076923076922906,0.063675187034702957,-0.045887440295654502,0.0215809261526618,0.45000000000000001,-0.0018027043963826862,-0.018515571552280286,,
ORELL,sweep_fvg,1,4,early,13,13,0.011231082691271684,-0.00047849810294553485,0.046982818246921208,-0.0063291139240506666,0.014257919019640131,0.38461538461538464,-0.0018711464730889805,0.013102229164360664,,
ORELL,breakout_52,1,4,early,31,31,0.034963598867213827,0.017964071856287456,0.072082590097965457,-0.012273354355538002,0.077285971242419982,0.61290322580645162,0.010020642584405165,0.024942956282808678,,
ORELL,breakout_52,-1,4,early,36,36,0.040409231850079601,0.012739726855332534,0.099103567651391694,-0.031477261828137648,0.10780542986425337,0.52777777777777779,0.0047330415044226706,0.03567619034565693,,
ORELL,sweep_52,1,4,early,27,26,-0.025020944076589422,-0.024179332031063872,0.0494238764174759,-0.041783314669652821,0.0095604649649587148,0.30769230769230771,-0.0036555485314225416,-0.021365395545166879,,
ORELL,sweep_fvg,-1,4,early,6,6,0.0060622849086992741,0.0080000000000000071,0.019357056833106914,-0.0049668874172185684,0.021284591543787312,0.5,0.0051575084331802979,0.00090477647551897612,,
ORELL,breakout_1,1,4,late,71,67,0.0068924398112603386,-0.0021552216708998762,0.043704005053853023,-0.017675030822809024,0.035286319555742796,0.41791044776119401,0.0033276989717355319,0.0035647408395248054,,
ORELL,fvg_raw,1,4,late,27,26,0.010810512313721441,0,0.037599351732349053,-0.018329389297131266,0.035916691611380114,0.46153846153846156,0.0034417992438642436,0.0073687130698571962,,
ORELL,sweep_1,-1,4,late,68,66,-0.01177422144954407,-0.0035195032039164742,0.049716008918889429,-0.025547981430334432,0.0098091424901174673,0.40909090909090912,-0.0034797069375797334,-0.0082945145119643383,,
ORELL,breakout_4,1,4,late,51,49,0.0099348382493724043,0.0041841004184099972,0.036722672651612935,-0.012765957446808529,0.034858353397199782,0.51020408163265307,0.0034730021754259734,0.00646183607394643,,
ORELL,breakout_1,-1,4,late,60,59,-0.0014260058080350856,-0.010169491525423791,0.053011275264722532,-0.027869121014299059,0.025211744033233396,0.42372881355932202,-0.0030342379944824568,0.0016082321864473715,,
ORELL,fvg_raw,-1,4,late,20,20,0.0099765112867315486,0.012837136595695686,0.042187028698677451,-0.0050579346083938215,0.027382764407885396,0.65000000000000002,-0.0028719202483413865,0.012848431535072934,,
ORELL,sweep_4,-1,4,late,43,40,-0.015525942718933325,-0.0040047764260743302,0.065981821012036382,-0.03831521739130439,0.022734502155139447,0.42499999999999999,-0.0035043469384948012,-0.012021595780438526,,
ORELL,breakout_4,-1,4,late,37,35,0.0022456020047563166,0,0.050172030848410057,-0.025370947220980655,0.026264375612180757,0.48571428571428571,-0.0028977335826333613,0.0051433355873896809,,
ORELL,sweep_1,1,4,late,94,90,-0.0008832089116799039,-0.0053059932233964213,0.049336805374515992,-0.027374507785876856,0.016634862546612061,0.35555555555555557,0.0036147706462993662,-0.0044979795579792731,,
ORELL,sweep_4,1,4,late,55,52,-0.013016738919183759,-0.015124942443819789,0.030190556014575296,-0.027662547693232092,0.0030064914135114473,0.26923076923076922,0.0033723018053858473,-0.016389040724569599,,
ORELL,breakout_13,1,4,late,34,34,0.016586477197746224,0.0092094677562772898,0.036021130708647126,-0.0077882736367244354,0.036130674690651621,0.55882352941176472,0.0038179030285708654,0.012768574169175356,,
ORELL,fvg_disp,1,4,late,23,22,0.004851586252508846,0,0.030500455912280559,-0.018329389297131266,0.027102446483180387,0.40909090909090912,0.0038082402831139742,0.0010433459693948701,,
ORELL,fvg_disp,-1,4,late,9,9,0.019323914411859607,0.021739130434782594,0.022677451207223639,0.0086021833522345048,0.026548672566371723,0.77777777777777779,-0.0033336921173422926,0.022657606529201898,,
ORELL,breakout_13,-1,4,late,19,17,-0.00392515746713852,-0.013698630136986356,0.031349157608569059,-0.025454573197798203,0.024561403508771895,0.47058823529411764,-0.0037116128285450802,-0.00021354463859343746,,
ORELL,sweep_13,1,4,late,28,27,-0.009690654714086807,-0.014705882352941124,0.027552618192250959,-0.026536765379480354,0.0050012662292161503,0.29629629629629628,0.0037352328729952544,-0.013425887587082063,,
ORELL,sweep_13,-1,4,late,25,25,-0.041935084210212852,-0.03578948974609375,0.077991134479428723,-0.076923076923076872,0,0.23999999999999999,-0.0035585549405079513,-0.038376529269704897,,
ORELL,sweep_52,-1,4,late,15,15,-0.03188517309683523,-0.0088495575221239076,0.09110623078772026,-0.07365339578454333,0.024009009009009041,0.40000000000000002,-0.0041367736286482184,-0.027748399468187017,,
ORELL,sweep_fvg,1,4,late,12,12,0.018398100904087378,0.012758112094395258,0.029993557689739721,-0.0021551724137930939,0.039169153985418648,0.58333333333333337,0.0038356180619084964,0.014562482842178884,,
ORELL,breakout_52,1,4,late,19,19,0.01631580572426343,0.0041841004184099972,0.041558524272583074,-0.010693323550990452,0.037777461582242489,0.52631578947368418,0.0041367736286482167,0.012179032095615208,,
ORELL,breakout_52,-1,4,late,7,7,-0.022256575139239603,-0.025287321244163108,0.019802734421627759,-0.034266053176210343,-0.01514316282067385,0.14285714285714285,-0.0041367736286482175,-0.01811980151059139,,
ORELL,sweep_52,1,4,late,18,18,-0.013922619492665878,-0.016693742844034576,0.024964527311341706,-0.027688070694939143,0.0024483169733644783,0.27777777777777779,0.0041367736286482167,-0.018059393121314094,,
ORELL,sweep_fvg,-1,4,late,1,1,0.021739130434782594,0.021739130434782594,,0.021739130434782594,0.021739130434782594,1,-0.00052290682777155568,0.02226203726255415,,
ORELL,breakout_1,1,13,all,290,260,0.02420225547574514,0.0023635331074249866,0.12593170603828546,-0.045195783132530143,0.085499238085751106,0.5115384615384615,0.016891276209916883,0.0073109792658282487,,
ORELL,fvg_raw,1,13,all,147,137,0.042123322057542913,0.018584057293107081,0.12723279455825576,-0.044585987261146487,0.094736776497796882,0.55474452554744524,0.029821688952823701,0.012301633104719205,,
ORELL,sweep_1,-1,13,all,146,135,-0.033952378534640247,-0.017897074349131126,0.11386209096517541,-0.084888254542922814,0.036857150436725217,0.4148148148148148,-0.0088791184827797399,-0.025073260051860512,,
ORELL,breakout_4,1,13,all,187,175,0.044367701027591709,0.022321428571428603,0.12216230612590298,-0.042797725491771965,0.12480323649887459,0.59428571428571431,0.025460621705369436,0.018907079322222273,,
ORELL,breakout_1,-1,13,all,242,218,0.017996691075415003,0.011988011988011971,0.13930476322792232,-0.04595830138571444,0.059001778002733901,0.57339449541284404,-0.011037565577853028,0.029034256653268031,,
ORELL,fvg_raw,-1,13,all,124,112,0.050879395154188919,0.021261833723591139,0.14743830705771788,-0.027031346698048131,0.12425867206787194,0.625,-0.012461129734510381,0.063340524888699304,,
ORELL,sweep_4,-1,13,all,111,100,-0.043887455314355908,-0.029304422498926508,0.11376928209460634,-0.11096676624566193,0.039985580929543407,0.40999999999999998,-0.0063401285228217707,-0.037547326791534136,,
ORELL,breakout_4,-1,13,all,142,125,0.032485913839225236,0.01655629139072845,0.13809822047370382,-0.022471910112359605,0.060000004613823377,0.61599999999999999,-0.0087861554029592236,0.041272069242184461,,
ORELL,sweep_1,1,13,all,258,238,0.0021491658820169211,-0.0072589705779088631,0.098922914769916354,-0.048701375475651315,0.040793125992579171,0.46218487394957986,0.0022722739009025856,-0.00012310801888566631,,
ORELL,sweep_4,1,13,all,177,165,-0.0097178675705906735,-0.014388489208633115,0.088283492211897172,-0.050000040154708048,0.033333333333333437,0.39393939393939392,0.00073622543031702959,-0.010454093000907707,,
ORELL,breakout_13,1,13,all,108,107,0.066904190830047935,0.044083526682134666,0.13235346484810293,-0.028999040227546014,0.15408655119444892,0.66355140186915884,0.025812247789809069,0.041091943040238881,,
ORELL,fvg_disp,1,13,all,88,87,0.058519976633712563,0.034653465346534684,0.13718490900503033,-0.040355829930819875,0.16062362030905086,0.60919540229885061,0.032953782277154016,0.02556619435655853,,
ORELL,fvg_disp,-1,13,all,48,44,0.053905437410100961,0.025602045072143642,0.15860502708476859,-0.030101641445495597,0.14270779220779223,0.61363636363636365,-0.0056159457096084482,0.059521383119709399,,
ORELL,breakout_13,-1,13,all,79,70,0.066420223454141489,0.027247978881372703,0.14551624290212092,-0.0039691556635269021,0.12885498676179455,0.69999999999999996,-0.001803294773459806,0.068223518227601296,,
ORELL,sweep_13,1,13,all,93,90,-0.018292649229462228,-0.022173057827049258,0.077520953649750646,-0.051521756178697808,0.025581588640230746,0.34444444444444444,0.00047965965931453348,-0.018772308888776769,,
ORELL,sweep_13,-1,13,all,61,60,-0.057114112641335008,-0.047546879013614207,0.13031032827100936,-0.13491987498029956,0.046445037612230011,0.33333333333333331,-0.0093651405318094013,-0.047748972109525598,,
ORELL,sweep_52,-1,13,all,35,35,-0.02368936275562324,-0.040520291900109306,0.13853846178555537,-0.081292517006802734,0.056696428571428592,0.42857142857142855,-0.01047881408467582,-0.013210548670947423,,
ORELL,sweep_fvg,1,13,all,25,25,0.0237952148328061,-0.0043103448275861878,0.11721110689327816,-0.048309178743961345,0.080952380952380887,0.44,0.0048545430337082491,0.01894067179909785,,
ORELL,breakout_52,1,13,all,50,49,0.046324514416568825,0.034653465346534684,0.13059675161201723,-0.057324840764331197,0.13024755947663169,0.61224489795918369,0.022546918544209503,0.023777595872359322,,
ORELL,breakout_52,-1,13,all,43,42,0.096554833841567975,0.086520132749511092,0.13686080536101894,0,0.18609693877551026,0.7142857142857143,0.0083472545269677421,0.088207579314600243,,
ORELL,sweep_52,1,13,all,45,44,-0.043921648352211233,-0.035265145992160407,0.079106177085930582,-0.070322295277734093,-0.0030480666758776476,0.22727272727272727,0.0016077932777500763,-0.045529441629961316,,
ORELL,sweep_fvg,-1,13,all,7,7,0.030281561969012105,0.010869565217391353,0.14570893520760106,-0.013294305756137881,0.084278145695364237,0.7142857142857143,0.012462889154833826,0.017818672814178281,,
ORELL,breakout_1,1,13,early,217,194,0.024667151694345496,0.0059443622593260415,0.13022391509787684,-0.044896496815286652,0.085833951418651577,0.52061855670103097,0.017032424814179509,0.007634726880165984,,
ORELL,fvg_raw,1,13,early,119,111,0.046685235637251112,0.019417475728155331,0.12721749447986985,-0.043875727443522861,0.097368388248898485,0.56756756756756754,0.032886449802428011,0.0137987858348231,,
ORELL,sweep_1,-1,13,early,76,68,-0.029839079091947246,-0.024154751087694493,0.11814938227903984,-0.070559817440279726,0.041807698330214887,0.41176470588235292,-0.0023073691463955368,-0.027531709945551697,,
ORELL,breakout_4,1,13,early,135,127,0.047020760662027185,0.024590426905508167,0.12319576122641358,-0.035738376154489215,0.12701635697677949,0.61417322834645671,0.028749831290091916,0.018270929371935255,,
ORELL,breakout_1,-1,13,early,180,163,0.026152692887339426,0.015873015873015928,0.1538250374290446,-0.046404044839844838,0.076612674789239388,0.58282208588957052,-0.0095410687478993481,0.035693761635238783,,
ORELL,fvg_raw,-1,13,early,103,94,0.059307714956961764,0.026011866727958632,0.15524772747461268,-0.030304150752102188,0.14069604828420948,0.61702127659574468,-0.011917086616223775,0.071224801573185545,,
ORELL,sweep_4,-1,13,early,67,59,-0.036478208145462307,-0.027777777777777679,0.10894245690737719,-0.067105263157894779,0.046181902473703407,0.44067796610169491,-7.7051770521412955e-05,-0.036401156374940888,,
ORELL,breakout_4,-1,13,early,104,94,0.042791567874976719,0.017712038837008115,0.15192453341573561,-0.035696273094075248,0.093131876275618558,0.61702127659574468,-0.0068314613539120208,0.04962302922888874,,
ORELL,sweep_1,1,13,early,159,149,-0.0037866488965800967,-0.0056697591577061779,0.10050216916967887,-0.052238820537939046,0.041145801544189453,0.48322147651006714,-0.0066958041010626379,0.0029091552044825356,,
ORELL,sweep_4,1,13,early,121,115,-0.0099382405884857472,-0.010101010101010055,0.098343099696809058,-0.05355438495308229,0.040809958045837536,0.42608695652173911,-0.0069057243674550076,-0.0030325162210307422,,
ORELL,breakout_13,1,13,early,74,73,0.074914030113112748,0.044083526682134666,0.13044612903768141,-0.01837834538640204,0.15830115830115821,0.69863013698630139,0.029660981392725883,0.045253048720386879,,
ORELL,fvg_disp,1,13,early,65,65,0.070560836959766476,0.034653465346534684,0.13655266338896585,-0.034188616715758124,0.16336633663366329,0.63076923076923075,0.038283156323788717,0.032277680635977746,,
ORELL,fvg_disp,-1,13,early,39,36,0.062385971000211531,0.02758625918632901,0.1704806183508524,-0.030926797736364586,0.17997198879551823,0.58333333333333337,-0.0035251420954508939,0.06591111309566243,,
ORELL,breakout_13,-1,13,early,60,54,0.081578920244839703,0.033130376729670064,0.16177700509041806,0,0.17013888888888892,0.72222222222222221,0.0032373139184058391,0.07834160632643386,,
ORELL,sweep_13,1,13,early,65,63,-0.012796941161866537,-0.017857142857142905,0.089885818404849063,-0.053013343883064556,0.033620547462865136,0.41269841269841268,-0.0079445822024934564,-0.0048523589593730855,,
ORELL,sweep_13,-1,13,early,36,35,-0.044193196893466381,-0.029411764705882248,0.13109833369475465,-0.14043895560621666,0.047974631751227514,0.42857142857142855,-0.0049381321617208412,-0.039255064731745531,,
ORELL,sweep_52,-1,13,early,20,20,-0.0048927135666792356,0.0043888016261665053,0.12193849531527248,-0.058869630912186999,0.056473214285714307,0.5,-0.004931751733316561,3.9038166637329547e-05,,
ORELL,sweep_fvg,1,13,early,13,13,0.0040254056005387335,-0.012195121951219523,0.085201486379097482,-0.048309178743961345,0.019480519480519431,0.30769230769230771,-0.0056814642971814659,0.0097068698977201915,,
ORELL,breakout_52,1,13,early,31,30,0.059052043618809225,0.038854765207053665,0.11490303719738988,-0.042761524344164942,0.15474732033273414,0.66666666666666663,0.025573605718005998,0.03347843790080323,,
ORELL,breakout_52,-1,13,early,36,35,0.11608240800066372,0.098507462686567182,0.14167833248831399,0.021710612426704357,0.20773046713517979,0.77142857142857146,0.014361021538309284,0.10172138646235444,,
ORELL,sweep_52,1,13,early,27,26,-0.055652914329818844,-0.055159763413660523,0.10012056825280159,-0.12381647007273097,0.021756785151461289,0.30769230769230771,-0.011060962563276809,-0.044591951766542029,,
ORELL,sweep_fvg,-1,13,early,6,6,0.0335168947609489,0.010186542641929086,0.15934047377139612,-0.021849855580771682,0.11813907284768213,0.66666666666666663,0.015237924001800615,0.018278970759148281,,
ORELL,breakout_1,1,13,late,71,64,0.023916524979140593,0.0010775697287996877,0.11490537350918267,-0.053975552565604962,0.086823838545391829,0.5,0.016674669356546924,0.0072418556225936678,,
ORELL,fvg_raw,1,13,late,27,25,0.024254045012520455,0.010548522867177779,0.13029953242504722,-0.061855670103092786,0.080952380952380887,0.52000000000000002,0.01677618840797469,0.0074778566045457621,,
ORELL,sweep_1,-1,13,late,68,66,-0.038970164895280733,-0.012838943679663983,0.11069849856602464,-0.093594863665275418,0.032677190948777052,0.40909090909090912,-0.016695644367172496,-0.022274520528108237,,
ORELL,breakout_4,1,13,late,51,47,0.038494203611381478,0.010548522867177779,0.12141937752717313,-0.054462750780964686,0.11788932588683165,0.55319148936170215,0.016817031662707711,0.021677171948673767,,
ORELL,breakout_1,-1,13,late,60,54,-0.0062153004157562359,0.0063493433939660893,0.079481028114967905,-0.044769812071194293,0.03361508736265903,0.55555555555555558,-0.016341399743273963,0.010126099327517728,,
ORELL,fvg_raw,-1,13,late,20,17,0.0075030067682218763,0.012987012987012991,0.090061861152558001,0,0.074509788961971468,0.70588235294117652,-0.016281079451278858,0.023784086219500736,,
ORELL,sweep_4,-1,13,late,43,40,-0.056351210250445524,-0.051540403028724757,0.12192974377457709,-0.12144777265744999,0.030246770500181847,0.34999999999999998,-0.01672081437992318,-0.039630395870522347,,
ORELL,breakout_4,-1,13,late,37,30,0.0014105304466787447,0.015189150374599392,0.078344046939312253,-0.012636246019181729,0.029255881197006894,0.6333333333333333,-0.01625936414616062,0.017669894592839366,,
ORELL,sweep_1,1,13,late,94,84,0.013470417072377415,-0.011928289102202172,0.098525313650395685,-0.045270722617022391,0.04238215368966064,0.42857142857142855,0.016927368294083568,-0.0034569512217061393,,
ORELL,sweep_4,1,13,late,55,49,-0.0092397993729272619,-0.022222222222222254,0.060493766775920353,-0.046082947688548481,0.016574585635359185,0.32653061224489793,0.016688795384111083,-0.025928594757038344,,
ORELL,breakout_13,1,13,late,34,34,0.049706594722291109,0.033328201970443394,0.13673060107198548,-0.060174729263169413,0.14963684565339441,0.58823529411764708,0.017041115130417193,0.032665479591873908,,
ORELL,fvg_disp,1,13,late,23,22,0.022944707488553241,0.023292279451606945,0.13589960901571904,-0.078517014870905955,0.077995391705069084,0.54545454545454541,0.017031244537181623,0.0059134629513716121,,
ORELL,fvg_disp,-1,13,late,9,8,0.015743036254603354,0.017262723190642926,0.084702297364964318,0.0016164162531749071,0.054834317483960004,0.75,-0.016443944239665647,0.032186980494269005,,
ORELL,breakout_13,-1,13,late,19,16,0.015259621785535034,0.017930482070498743,0.036222533616580864,-0.0055788533900734683,0.027296646702232502,0.625,-0.016905394473428204,0.03216501625896323,,
ORELL,sweep_13,1,13,late,28,27,-0.031115968053852177,-0.026570102615352642,0.032567216556723219,-0.049449896915800207,-0.011021096137290298,0.18518518518518517,0.01695666672162404,-0.048072634775476235,,
ORELL,sweep_13,-1,13,late,25,25,-0.075203394688351091,-0.076923076923076872,0.12966174373462036,-0.11827956989247301,-0.024324365564294848,0.20000000000000001,-0.01677618840797469,-0.058427206280376426,,
ORELL,sweep_52,-1,13,late,15,15,-0.048751561674215238,-0.05504587155963292,0.15891593905570514,-0.096620249283303927,0.061886496299709659,0.33333333333333331,-0.017366844707190764,-0.031384716967024488,,
ORELL,sweep_fvg,1,13,late,12,12,0.04521250816776242,0.062122010858414622,0.14523514833708914,-0.038913553407836587,0.10390800299177255,0.58333333333333337,0.017059211218015725,0.028153296949746692,,
ORELL,breakout_52,1,13,late,19,19,0.026228415676189248,0.010548522867177779,0.15334295481843432,-0.08734250001586541,0.086495710318688079,0.52631578947368418,0.017366844707190757,0.0088615709689984917,,
ORELL,breakout_52,-1,13,late,7,7,-0.0010830369539107495,-0.0026315387926603151,0.030039122509360503,-0.014013828624272251,0.018797638427459629,0.42857142857142855,-0.01736684470719076,0.016283807753280009,,
ORELL,sweep_52,1,13,late,18,18,-0.026976486384555805,-0.025133392325696058,0.023930003702619506,-0.047727607165604258,-0.014972609198949466,0.1111111111111111,0.017366844707190757,-0.044343331091746561,,
ORELL,sweep_fvg,-1,13,late,1,1,0.010869565217391353,0.010869565217391353,,0.010869565217391353,0.010869565217391353,1,-0.013675242837090304,0.024544808054481657,,
ORELL_ADJ,breakout_1,1,1,all,302,298,0.0025443571717038765,0,0.029877011450807803,-0.014493677119245124,0.018466506681461159,0.46308724832214765,0.002068168141585309,0.00047618903011856711,,
ORELL_ADJ,fvg_raw,1,1,all,165,163,0.0062024988229703844,0,0.03395728955073362,-0.011821369503684398,0.022594229680617195,0.49693251533742333,0.0032508019161895645,0.0029516969067808199,,
ORELL_ADJ,sweep_1,-1,1,all,179,176,-0.0061813822298824169,-0.0044548820897759578,0.028152822351870152,-0.017072372331376651,0.0067582526136693855,0.35227272727272729,-0.0014768598651175113,-0.0047045223647649067,,
ORELL_ADJ,breakout_4,1,1,all,205,203,0.0056393342977725837,0,0.031446128391205648,-0.013197323676298278,0.019419315855323416,0.48768472906403942,0.0026572202695764663,0.002982114028196117,,
ORELL_ADJ,sweep_4,-1,1,all,151,148,-0.0026278658874046412,0,0.02346812754386229,-0.014984789694931944,0.0086543601359269362,0.41891891891891891,-0.0015373124357572518,-0.0010905534516473896,,
ORELL_ADJ,breakout_1,-1,1,all,236,234,-0.0073486212737669705,-0.0025805543103945006,0.041508528595259234,-0.018953322990996779,0.0098979913623983007,0.3504273504273504,-0.0015255564502240865,-0.0058230648235428834,,
ORELL_ADJ,fvg_raw,-1,1,all,120,120,0.0036137587465393103,0,0.045046001965722129,-0.017490090801193847,0.021367368874756987,0.48333333333333334,-0.002054505471507278,0.005668264218046587,,
ORELL_ADJ,breakout_4,-1,1,all,143,141,-0.0043088647991810754,-0.00091830763684019878,0.041926834587977573,-0.01895719674760965,0.013636419159474777,0.40425531914893614,-0.0013583217568046582,-0.0029505430423764187,,
ORELL_ADJ,sweep_4,1,1,all,193,193,-0.0037390485304384571,-0.0038315309511829376,0.030678337222281114,-0.019607779673330383,0.0075758677419481835,0.35233160621761656,0.00057689156141732653,-0.0043159400918557833,,
ORELL_ADJ,breakout_13,1,1,all,125,124,0.0089964144880561158,0.0042751414033930235,0.032084521738973568,-0.01083232747281393,0.025925589223311507,0.54032258064516125,0.0026970459428255962,0.006299368545230521,,
ORELL_ADJ,fvg_disp,1,1,all,87,86,0.0030626405922135136,0.0027064535387895106,0.02946879274256085,-0.012369024805482159,0.021005493840828948,0.52325581395348841,0.0033355958602741013,-0.00027295526806058997,,
ORELL_ADJ,sweep_13,-1,1,all,84,84,-0.0047249477786364524,-0.0013020421690257411,0.023320139488135608,-0.014984789694931944,0.0054795338286240391,0.38095238095238093,-0.0014626164688485081,-0.0032623313097879447,,
ORELL_ADJ,fvg_disp,-1,1,all,42,42,0.0052035719177520989,-0.00045915381842009939,0.036104120165564968,-0.01731613882365679,0.015406909495424642,0.42857142857142855,-0.0016236767869730524,0.0068272487047251517,,
ORELL_ADJ,breakout_13,-1,1,all,75,75,-0.0031281986515698935,0,0.053004783573554946,-0.027241785160184828,0.017470001160615645,0.46666666666666667,-0.00092282067928241751,-0.0022053779722874768,,
ORELL_ADJ,sweep_13,1,1,all,106,106,0.00017982096350392375,0,0.036591159987201347,-0.01563461598188115,0.014063480109934801,0.44339622641509435,0.00049980237102063266,-0.00031998140751670826,,
ORELL_ADJ,sweep_52,-1,1,all,51,51,-0.0081402715873970851,-0.0045044910301186292,0.022277135870422946,-0.016025627964035172,0.0030925170150897796,0.35294117647058826,-0.0013015271926865308,-0.0068387443947105567,,
ORELL_ADJ,sweep_1,1,1,all,274,273,-0.0028680823083188042,-0.0022122674938375164,0.024217917126223898,-0.014374855707698808,0.0084962117039424356,0.34432234432234432,0.00068002062347140171,-0.0035481029317902054,,
ORELL_ADJ,sweep_fvg,1,1,all,26,26,0.0048179603176360854,0.0040602682094853515,0.027998760109837272,-0.011826000768804135,0.022933032654385566,0.53846153846153844,0.0013696998878683067,0.003448260429767779,,
ORELL_ADJ,breakout_52,1,1,all,62,62,0.0073041569017356939,0.0020819228111703669,0.035071935776278595,-0.014493677119245124,0.02883045679198698,0.5161290322580645,0.0023133208916259608,0.0049908360101097362,,
ORELL_ADJ,breakout_52,-1,1,all,40,40,0.0014709907588976085,0,0.059740076127079281,-0.029090037273650671,0.035684996728197277,0.45000000000000001,0.00050878939526352086,0.00096220136363408713,,
ORELL_ADJ,sweep_52,1,1,all,52,52,0.0050081607677681444,0,0.046760539259029038,-0.013500191348353369,0.01464145612955603,0.44230769230769229,0.00065277150221809102,0.0043553892655500545,,
ORELL_ADJ,sweep_fvg,-1,1,all,7,7,-0.0098414685926910186,-0.010830283000871965,0.030536941240154426,-0.02511344824957551,-0.0031554570604358512,0.2857142857142857,0.00066630686747943852,-0.010507775460170458,,
ORELL_ADJ,breakout_1,1,1,early,224,220,0.0031926697216092311,0,0.031135208265057775,-0.013522814548851875,0.018870060780602271,0.48181818181818181,0.0021861257073700082,0.0010065440142392227,,
ORELL_ADJ,fvg_raw,1,1,early,136,135,0.0070698803539305357,0,0.034756971585190449,-0.012426831610978906,0.022594229680617195,0.49629629629629629,0.0035228086460753474,0.0035470717078551878,,
ORELL_ADJ,sweep_1,-1,1,early,94,93,-0.0060956541340701741,-0.0048307798442275285,0.033735690393854163,-0.018994346026560027,0.01010111065057262,0.39784946236559138,-0.0011685997844059384,-0.0049270543496642387,,
ORELL_ADJ,breakout_4,1,1,early,147,145,0.0067652226990700705,6.9029772057582761e-05,0.03249980843198675,-0.012539113936596458,0.019607971038752225,0.50344827586206897,0.0030040185108838259,0.0037612041881862441,,
ORELL_ADJ,sweep_4,-1,1,early,94,93,-0.0015020692976005872,0,0.024274868558337007,-0.014706054132484603,0.012618478167093605,0.43010752688172044,-0.0013638665438304334,-0.00013820275377015372,,
ORELL_ADJ,breakout_1,-1,1,early,182,180,-0.0075044504211747923,-0.0007451184620682616,0.045104826358512484,-0.018371607083566166,0.010077236152643082,0.3611111111111111,-0.0014844063145041913,-0.006020044106670599,,
ORELL_ADJ,fvg_raw,-1,1,early,106,106,0.0032530687813199224,0,0.046875370731299902,-0.018798283777556157,0.023379805855274383,0.48113207547169812,-0.0021239415027301503,0.0053770102840500714,,
ORELL_ADJ,breakout_4,-1,1,early,110,108,-0.0038800711903848716,0,0.045151940307650129,-0.018233776675095015,0.011488463025977336,0.40740740740740738,-0.0012678982951886673,-0.0026121728951962048,,
ORELL_ADJ,sweep_4,1,1,early,136,136,-0.0035106709247761086,-0.0036459606909717279,0.034042100904024958,-0.020507037914419657,0.0080862631563519138,0.35294117647058826,2.3947779834644698e-05,-0.0035346187046107528,,
ORELL_ADJ,breakout_13,1,1,early,86,85,0.011349361205071178,0.0056388252805590344,0.032271490989434798,-0.0069933172039494673,0.02912576374374054,0.57647058823529407,0.0029814880933807784,0.0083678731116903961,,
ORELL_ADJ,fvg_disp,1,1,early,64,64,0.0049670994932812153,0.0038671192554103895,0.029174744691649893,-0.010578258074326913,0.021625554853770323,0.546875,0.0037770250421510264,0.0011900744511301887,,
ORELL_ADJ,sweep_13,-1,1,early,51,51,-0.0029717852395692852,0,0.022825318161629023,-0.014742178904603387,0.0086880597024824868,0.41176470588235292,-0.0011917040208278564,-0.0017800812187414288,,
ORELL_ADJ,fvg_disp,-1,1,early,36,36,0.0066538894225535161,-0.00045915381842009939,0.038702452664602781,-0.018537839668779199,0.020906366582014585,0.47222222222222221,-0.0015669224482678314,0.0082208118708213471,,
ORELL_ADJ,breakout_13,-1,1,early,58,58,-0.0032848409532880325,0,0.059334582774703007,-0.032322178413378699,0.02743045822682183,0.46551724137931033,-0.00065136981884849048,-0.0026334711344395425,,
ORELL_ADJ,sweep_13,1,1,early,75,75,0.0018762066439348354,0.00055605290681293162,0.041088539209972588,-0.018677287107201179,0.015627333552050371,0.50666666666666671,-0.00019308176840083244,0.0020692884123356702,,
ORELL_ADJ,sweep_52,-1,1,early,26,26,-0.0027141329647506697,-0.0038505997796548508,0.016009321204105163,-0.014478602304224208,0.0047960922746742018,0.38461538461538464,-0.00051508277968030647,-0.0021990501850703633,,
ORELL_ADJ,sweep_1,1,1,early,174,174,-0.0040100180770949977,-0.0039832185050884261,0.025412893060636463,-0.016054531269482697,0.0069023965160907585,0.32183908045977011,-6.942293245142956e-05,-0.0039405951446435687,,
ORELL_ADJ,sweep_fvg,1,1,early,14,14,0.01081081260580736,0.0059366739804738167,0.024862719692109882,-0.0068892113160282376,0.025577962804632037,0.6428571428571429,0.00079770384916824535,0.010013108756639109,,
ORELL_ADJ,breakout_52,1,1,early,36,36,0.0092179706879551484,0.0040735077546195653,0.035571060692040669,-0.015232685851119671,0.02823984288847986,0.55555555555555558,0.002454021238458331,0.0067639494494968165,,
ORELL_ADJ,breakout_52,-1,1,early,37,37,0.0031396336010122809,0,0.061821162493534754,-0.02928864000467879,0.047619033304404867,0.48648648648648651,0.00074807452579834838,0.0023915590752139316,,
ORELL_ADJ,sweep_52,1,1,early,31,31,0.0093733523991953154,0.0067761463266797772,0.05935031710074689,-0.024579977015444066,0.024844958823248886,0.54838709677419351,-0.00042523162930541635,0.0097985840285007338,,
ORELL_ADJ,sweep_fvg,-1,1,early,7,7,-0.0098414685926910186,-0.010830283000871965,0.030536941240154426,-0.02511344824957551,-0.0031554570604358512,0.2857142857142857,0.00069109242036144891,-0.010532561013052468,,
ORELL_ADJ,breakout_1,1,1,late,78,78,0.00071578331299646609,-0.0015227940148878072,0.026101873313899022,-0.015975568743175322,0.013562741824570457,0.41025641025641024,0.0016627878447425918,-0.00094700453174612531,,
ORELL_ADJ,fvg_raw,1,1,late,29,28,0.0020204807272696562,0.0022522455150593146,0.030019883698081219,-0.010346940644232,0.022079157802736227,0.5,0.0018533314279899139,0.00016714929927974273,,
ORELL_ADJ,sweep_1,-1,1,late,84,82,-0.0059302259831041076,-0.0043860362058938396,0.020237747531597128,-0.01430321084832864,0.0038002174458683924,0.3048780487804878,-0.0018004003700060368,-0.0041298256130980725,,
ORELL_ADJ,breakout_4,1,1,late,58,58,0.0028246132945288676,0,0.028717617821619603,-0.014751243588766311,0.017232175747197265,0.44827586206896552,0.001737679555216364,0.0010869337393125036,,
ORELL_ADJ,sweep_4,-1,1,late,57,55,-0.0045314855756187688,-0.0026040843380514822,0.02212370315130481,-0.015118050727078836,0.0050432386506890636,0.40000000000000002,-0.0017803944715063453,-0.0027510911041124238,,
ORELL_ADJ,breakout_1,-1,1,late,54,54,-0.0068291907824075604,-0.0073181354093934115,0.026516118749856158,-0.021083235320844995,0.0095090819616765465,0.31481481481481483,-0.0015683591663191402,-0.0052608316160884221,,
ORELL_ADJ,fvg_raw,-1,1,late,14,14,0.0063446970546289626,0.0024272066402976078,0.02859961028182164,-0.0042448464192915702,0.015003814572655622,0.5,-0.0013929916206755872,0.0077376886753045488,,
ORELL_ADJ,breakout_4,-1,1,late,33,33,-0.0057121893370595594,-0.0053763668932793607,0.029514204202430831,-0.020408106518962743,0.014035087719298289,0.39393939393939392,-0.0015683591663191404,-0.0041438301707404195,,
ORELL_ADJ,sweep_4,1,1,late,57,57,-0.0042839494842994994,-0.0043477318826072864,0.020801806596348369,-0.013157894736842146,0.0062893524669191958,0.35087719298245612,0.0017944910014910903,-0.0060784404857905901,,
ORELL_ADJ,breakout_13,1,1,late,39,39,0.0038681972843053422,0,0.031472741149369488,-0.014724203490996735,0.024524531660797266,0.46153846153846156,0.0020405025584363987,0.0018276947258689441,,
ORELL_ADJ,fvg_disp,1,1,late,23,22,-0.0024776034836198006,-0.0012406398777041749,0.030303219346170043,-0.012369024805482159,0.013054664660678561,0.45454545454545453,0.0020147492825027297,-0.0044923527661225307,,
ORELL_ADJ,sweep_13,-1,1,late,33,33,-0.0074343807935584377,-0.0045044910301186292,0.024166761325592891,-0.015384572791372619,0.0025640219347380366,0.33333333333333331,-0.0018473529889338838,-0.005587027804624555,,
ORELL_ADJ,fvg_disp,-1,1,late,6,6,-0.0034983331110564064,-0.0026881834466396803,0.009878771920084569,-0.0088441236482896812,-0,0.16666666666666666,-0.0018752523711953581,-0.0016230807398610488,,
ORELL_ADJ,breakout_13,-1,1,late,17,17,-0.0025937719751197722,-0.0027397237471973312,0.021247736443681459,-0.017241445904615293,0.014035087719298289,0.47058823529411764,-0.0017488845809522095,-0.00084488739416756307,,
ORELL_ADJ,sweep_13,1,1,late,31,31,-0.0039243379407644108,-0.0044945577887386401,0.022298004980063228,-0.011239813278821675,0.0045293023623454998,0.29032258064516131,0.0020633482064420722,-0.005987686147206483,,
ORELL_ADJ,sweep_52,-1,1,late,25,25,-0.013783455754949357,-0.0095238568499407261,0.026492470877102981,-0.025125561929187246,0.0024812797554083499,0.32000000000000001,-0.0021084912069012835,-0.011674964548048075,,
ORELL_ADJ,sweep_1,1,1,late,100,99,-0.00086104368440913107,0,0.021941093065172588,-0.010942026599425114,0.0095753185663868257,0.38383838383838381,0.0019217513416311487,-0.0027827950260402787,,
ORELL_ADJ,sweep_fvg,1,1,late,12,12,-0.0021737006852304008,-0.0026178124306953654,0.030855751803922589,-0.01379981907861072,0.010647555471599457,0.41666666666666669,0.0020286989736334666,-0.0042023996588638679,,
ORELL_ADJ,breakout_52,1,1,late,26,26,0.0046542608900472194,0,0.034889850445159055,-0.012369024805482159,0.028203385800848801,0.46153846153846156,0.002111324067253987,0.0025429368227932324,,
ORELL_ADJ,breakout_52,-1,1,late,3,3,-0.019108937627183353,-0.020408106518962743,0.010624226313482248,-0.024715971441135354,-0.014151488259121048,0,-0.0021821455760715758,-0.016926792051111778,,
ORELL_ADJ,sweep_52,1,1,late,21,21,-0.0014356935452910131,-0.0022122674938375164,0.014794348851606541,-0.0073890643456115956,0.0024213848735916699,0.2857142857142857,0.0021821455760715758,-0.0036178391213625891,,
ORELL_ADJ,sweep_fvg,-1,1,late,0,0,,,,,,,,,,
ORELL_ADJ,breakout_1,1,4,all,302,292,0.013731011866198071,0.004324265016729556,0.064441337273910576,-0.019406761717609605,0.040170511358551819,0.52397260273972601,0.0077502217530750319,0.0059807901131230376,,
ORELL_ADJ,fvg_raw,1,4,all,165,163,0.018506086774156248,0.006578949223440933,0.067561983042445414,-0.018918105951377495,0.048364500193417204,0.54601226993865026,0.012185866431339796,0.0063202203428164494,,
ORELL_ADJ,sweep_1,-1,4,all,179,173,-0.016117055654770073,-0.0043288673333083949,0.054653159623343744,-0.031831751763202965,0.014285568980698771,0.41040462427745666,-0.0051267550867791058,-0.010990300567990965,,
ORELL_ADJ,breakout_4,1,4,all,205,201,0.019803326060506731,0.0081300736515590444,0.056541793043615611,-0.017587760953853282,0.047770762537374223,0.58208955223880599,0.0099676130290188535,0.0098357130314878777,,
ORELL_ADJ,sweep_4,-1,4,all,151,141,-0.012575151004881454,-0.00012812161307262926,0.060279458434679349,-0.038043415703293837,0.020202241189423709,0.46099290780141844,-0.0051293926681691554,-0.0074457583367122963,,
ORELL_ADJ,breakout_1,-1,4,all,236,227,0.0040541574373135067,-0.0017007024402369009,0.073647811497523932,-0.02854658031045243,0.029488576058912253,0.44933920704845814,-0.0049685823589352288,0.0090227397962487355,,
ORELL_ADJ,fvg_raw,-1,4,all,120,114,0.025701496568781873,0.013095603304939529,0.084257421861163528,-0.014172623739586221,0.050985344952195422,0.56140350877192979,-0.0061108760689984861,0.031812372637780369,,
ORELL_ADJ,breakout_4,-1,4,all,143,137,0.008209611587117133,-0.0036100287474178927,0.078525074677461448,-0.034055249582993552,0.030302827413688949,0.45255474452554745,-0.0046816528050018687,0.012891264392119009,,
ORELL_ADJ,sweep_4,1,4,all,193,189,-0.0080031368586393203,-0.007571715091895026,0.039100402910991358,-0.027700926263358627,0.017412494535617551,0.36507936507936506,0.0018992509257638806,-0.009902387784403199,,
ORELL_ADJ,breakout_13,1,4,all,125,124,0.026266735488021907,0.016025627964035172,0.059647601660211581,-0.010380392317282855,0.05530304163048283,0.62096774193548387,0.0099858184782836198,0.016280917009738285,,
ORELL_ADJ,fvg_disp,1,4,all,87,86,0.024779055331499572,0.0091418828169255173,0.061884057876429949,-0.0092305038349848878,0.050871759847346543,0.59302325581395354,0.012457642612373507,0.012321412719126066,,
ORELL_ADJ,sweep_13,-1,4,all,84,83,-0.022625432794894734,-0.0026040843380514822,0.065585909307431245,-0.050403155016381929,0.014367001540429081,0.43373493975903615,-0.0052901066428837698,-0.017335326152010961,,
ORELL_ADJ,fvg_disp,-1,4,all,42,42,0.015265797510599774,0.010115021863714824,0.070807963964550247,-0.017871603766767719,0.030303278288260738,0.54761904761904767,-0.0059308174814036788,0.021196614992003454,,
ORELL_ADJ,breakout_13,-1,4,all,75,71,0.018707536127460785,0.0021737933534745624,0.091196039926242964,-0.037558780201321085,0.039230899215418114,0.50704225352112675,-0.0026774916261370265,0.021385027753597807,,
ORELL_ADJ,sweep_13,1,4,all,106,104,-0.0031723090214511424,-0.0014627406379501551,0.043942878504141365,-0.027182701773065282,0.023600040853095416,0.44230769230769229,0.001551193987480681,-0.0047235030089318219,,
ORELL_ADJ,sweep_52,-1,4,all,51,51,-0.027472952544822304,-0.0040384061013507555,0.070312320285002117,-0.056094384076683212,0.012424058850125486,0.39215686274509803,-0.0045286161860760045,-0.022944336358746303,,
ORELL_ADJ,sweep_1,1,4,all,274,270,0.0021766878633688968,-0.0031243272832326419,0.049436994315036675,-0.023413810735433416,0.023422829991002259,0.41851851851851851,0.002262092109865577,-8.540424649668092e-05,,
ORELL_ADJ,sweep_fvg,1,4,all,26,26,0.023491274880194001,0.0092556724493499942,0.046035057432271799,-0.00060668550802936427,0.044209076560055793,0.57692307692307687,0.0048093819349272387,0.018681892945266763,,
ORELL_ADJ,breakout_52,1,4,all,62,62,0.024466038491255681,0.012758165158387125,0.059105992324487523,-0.0095808740963134464,0.047510316253904672,0.59677419354838712,0.0084381793216327071,0.01602785916962297,,
ORELL_ADJ,breakout_52,-1,4,all,40,40,0.035101571498797515,0.0052082716853090183,0.098955491545053106,-0.040642160667697658,0.10592785710249294,0.5,0.0022357833223522802,0.03286578817644524,,
ORELL_ADJ,sweep_52,1,4,all,52,51,-0.0060231172327677596,-0.0044247436724683675,0.035322406990606146,-0.028020375151927346,0.021803273336912565,0.45098039215686275,0.0021307579697515148,-0.0081538752025192719,,
ORELL_ADJ,sweep_fvg,-1,4,all,7,7,0.0028012422055454828,0,0.021726692804725268,-0.0051163215357550307,0.019523082478988263,0.42857142857142855,0.0027957529491837879,5.4892563616956517e-06,,
ORELL_ADJ,breakout_1,1,4,early,224,218,0.015096187420417621,0.0042464926060536978,0.071020082102551174,-0.0235269137333598,0.046832646371363196,0.52752293577981646,0.0080584931609180982,0.0070376942594995266,,
ORELL_ADJ,fvg_raw,1,4,early,135,134,0.018211438648584283,0.0042464926060536978,0.072784323709670459,-0.021949270021451056,0.052076216468579073,0.52985074626865669,0.013255404063713566,0.0049560345848707159,,
ORELL_ADJ,sweep_1,-1,4,early,92,89,-0.019064241068785896,-0.004866197334545852,0.061886064255684645,-0.044247790123532083,0.015151511716919752,0.42696629213483145,-0.0037220992448895604,-0.015342141823896338,,
ORELL_ADJ,breakout_4,1,4,early,147,145,0.022367305158452717,0.0069705438496223682,0.062711540867194313,-0.01960784859867537,0.058823335247790043,0.58620689655172409,0.011154165372548489,0.011213139785904228,,
ORELL_ADJ,sweep_4,-1,4,early,92,86,-0.010653576662795799,0.00056406189685603847,0.062509163436603954,-0.043338065756622135,0.024245144575763183,0.51162790697674421,-0.0041745501691724633,-0.0064790264936233372,,
ORELL_ADJ,breakout_1,-1,4,early,182,174,0.0064658750610014394,0,0.07874554175196867,-0.0265581678879932,0.030189812400952698,0.45977011494252873,-0.0044599332123387431,0.010925808273340181,,
ORELL_ADJ,fvg_raw,-1,4,early,106,100,0.02753786400280368,0.01320831841111314,0.088093369495754831,-0.019247091490468438,0.053748020350538134,0.54000000000000004,-0.0060768957939885127,0.03361475979679221,,
ORELL_ADJ,breakout_4,-1,4,early,110,106,0.0094994615141429702,-0.0045597653808906458,0.084743777218456065,-0.034763949782773917,0.030189812400952698,0.43396226415094341,-0.0041274444792558053,0.013626905993398783,,
ORELL_ADJ,sweep_4,1,4,early,136,134,-0.0066728750869256099,-0.0074623475320108601,0.041883718505201187,-0.026587960984441605,0.021204550805121736,0.38059701492537312,-0.00041271221402756735,-0.00626016287289804,,
ORELL_ADJ,breakout_13,1,4,early,86,85,0.028551742157734782,0.014258031893412682,0.068711251502874909,-0.020978971246877753,0.078145918848205209,0.59999999999999998,0.011082888740199902,0.017468853417534878,,
ORELL_ADJ,fvg_disp,1,4,early,64,64,0.029634833490556338,0.009638711749910045,0.069533353740869039,-0.0095505512149824945,0.066363258295156213,0.609375,0.014160279041252496,0.015474554449303839,,
ORELL_ADJ,sweep_13,-1,4,early,50,50,-0.015848223544526422,0.00056406189685603847,0.060568804598999895,-0.041954316249678048,0.014210686759371371,0.52000000000000002,-0.0042599202694375768,-0.011588303275088842,,
ORELL_ADJ,fvg_disp,-1,4,early,36,36,0.014382158744446363,0.0034014296782322595,0.075950241454113249,-0.020084362678410295,0.031986739332711039,0.5,-0.0056523406249024029,0.020034499369348764,,
ORELL_ADJ,breakout_13,-1,4,early,58,56,0.025398309202554429,0.0079030473411544344,0.10026534444553602,-0.036279481692010895,0.052083539113749383,0.5178571428571429,-0.001362831688508622,0.026761140891063049,,
ORELL_ADJ,sweep_13,1,4,early,75,74,-0.0024496858728417599,0,0.048483627662311554,-0.028011626091559466,0.026320245109141938,0.47297297297297297,-0.0012793302593162741,-0.0011703556135254855,,
ORELL_ADJ,sweep_52,-1,4,early,26,26,-0.017442039143277119,-0.0019122383527735431,0.057799180179109587,-0.041143780533449803,0.00943423826482781,0.46153846153846156,-0.0016280553224579846,-0.015813983820819135,,
ORELL_ADJ,sweep_1,1,4,early,173,172,0.00097201296789823906,-0.0059846072517341642,0.051487569309122599,-0.024112639851477324,0.024210652224899765,0.38953488372093026,-0.00077538258361192509,0.0017473955515101645,,
ORELL_ADJ,sweep_fvg,1,4,early,14,14,0.027856813928319228,0.0081203234710321981,0.057181765399582134,-0.00060668550802936427,0.072871391621062653,0.5714285714285714,0.0027318736917970707,0.025124940236522147,,
ORELL_ADJ,breakout_52,1,4,early,36,36,0.024352728036068493,0.0035873066807864395,0.072248346760345888,-0.022763613184766468,0.075484733418743566,0.52777777777777779,0.0091065573446214836,0.015246170691447011,,
ORELL_ADJ,breakout_52,-1,4,early,37,37,0.041025586947457109,0.015062902211759988,0.10060566961773403,-0.035000183182700706,0.12371132511031668,0.54054054054054057,0.0032786289758581812,0.037746957971598931,,
ORELL_ADJ,sweep_52,1,4,early,31,30,-0.0071172902892179292,-0.00045873256080625202,0.038732664501690044,-0.035314801205768853,0.022800135223223272,0.46666666666666667,-0.0022132243333372816,-0.0049040659558806489,,
ORELL_ADJ,sweep_fvg,-1,4,early,7,7,0.0028012422055454828,0,0.021726692804725268,-0.0051163215357550307,0.019523082478988263,0.42857142857142855,0.0030761038998029411,-0.00027486169425745783,,
ORELL_ADJ,breakout_1,1,4,late,78,74,0.0097092784767404666,0.0047587313295621714,0.039224070969590089,-0.010910609490472012,0.030473467728181658,0.51351351351351349,0.0066986251929049435,0.0030106532838355222,,
ORELL_ADJ,fvg_raw,1,4,late,29,28,0.018721206829774937,0.009929340118916441,0.035361121403593432,-0.0053197708269297483,0.03636447895920486,0.6071428571428571,0.0069981636689010734,0.011723043160873869,,
ORELL_ADJ,sweep_1,-1,4,late,84,81,-0.01288861163873363,-0.0040384061013507555,0.04648319391024195,-0.027100245505196741,0.010141907300393882,0.39506172839506171,-0.0069255275287837372,-0.0059630841099498934,,
ORELL_ADJ,breakout_4,1,4,late,58,56,0.013164451610468026,0.0082065850178884014,0.035588374908436797,-0.0070678009548263698,0.031650398519363354,0.5714285714285714,0.0068613374514707422,0.0063031141589972818,,
ORELL_ADJ,sweep_4,-1,4,late,57,53,-0.015459840731028868,-0.005405400333430288,0.057768894758717618,-0.036458256045245774,0.011904918798469333,0.37735849056603776,-0.0068871537189104251,-0.0085726870121184389,,
ORELL_ADJ,breakout_1,-1,4,late,54,53,-0.0038635570253600848,-0.010169491525423791,0.053482664386708074,-0.029069766693454735,0.02586206721303641,0.41509433962264153,-0.0064534404259237194,0.0025898834005636385,,
ORELL_ADJ,fvg_raw,-1,4,late,14,14,0.012584586325768929,0.013095603304939529,0.048984047869403503,0.00050200403857195153,0.034275278178933943,0.7142857142857143,-0.0060403801468887647,0.018624966472657691,,
ORELL_ADJ,breakout_4,-1,4,late,33,31,0.0037991569979320136,0.0021737933534745624,0.05284057609127122,-0.025885240334700521,0.030241470152920058,0.5161290322580645,-0.0064464450502303896,0.010245602048162397,,
ORELL_ADJ,sweep_4,1,4,late,57,55,-0.011244138266087266,-0.0080645086026558399,0.03141497965126834,-0.027869087574596718,0.010175551287182283,0.32727272727272727,0.0069160679384428717,-0.018160206204530144,,
ORELL_ADJ,breakout_13,1,4,late,39,39,0.02128659274633999,0.016666683136697724,0.032289384953792542,0,0.038055079708433692,0.66666666666666663,0.0073875921338950861,0.013899000612444902,,
ORELL_ADJ,fvg_disp,1,4,late,23,22,0.010653155232425356,0.006160751242784257,0.026745966713905618,-0.0075204115798570004,0.028688736168839046,0.54545454545454541,0.0073340098389573375,0.0033191453934680215,,
ORELL_ADJ,sweep_13,-1,4,late,33,32,-0.034373380589065659,-0.026024828274385681,0.072928613304321932,-0.068349052840538105,0.0071212117565803701,0.28125,-0.0070836800547950281,-0.027289700534270628,,
ORELL_ADJ,fvg_disp,-1,4,late,6,6,0.020567630107520236,0.01874496195560954,0.026352764553165885,0.0093586044464809004,0.026376951750416738,0.83333333333333337,-0.0070437724080445151,0.027611402515564754,,
ORELL_ADJ,breakout_13,-1,4,late,17,15,-0.006271350019555485,-0.013698737632126257,0.035235417827456261,-0.034266213052313033,0.025211735360904153,0.46666666666666667,-0.0069160679384428761,0.00064471791888738909,,
ORELL_ADJ,sweep_13,1,4,late,31,30,-0.0049547794546876186,-0.0050333069547223164,0.030602170384303778,-0.025165458312381511,0.010890003635895762,0.36666666666666664,0.0074268858168494408,-0.012381665271537052,,
ORELL_ADJ,sweep_52,-1,4,late,25,25,-0.037905102482429287,-0.030150736564277025,0.081223879092293172,-0.076923105627377808,0.015384449239258302,0.32000000000000001,-0.0075290493925307522,-0.030376053089898537,,
ORELL_ADJ,sweep_1,1,4,late,100,97,0.0042558889860261143,0,0.046032726013681011,-0.021739117355362936,0.021869270552668851,0.46391752577319589,0.0071688437957987015,-0.0029129548097725859,,
ORELL_ADJ,sweep_fvg,1,4,late,12,12,0.018398145990714571,0.012758165158387125,0.029993584792720053,-0.0021551829890801566,0.039169274873175342,0.58333333333333337,0.00736303358204862,0.011035112408665953,,
ORELL_ADJ,breakout_52,1,4,late,26,26,0.024622929890745625,0.017120826062380856,0.034876748421415922,0,0.045006894422915167,0.69230769230769229,0.0075349434449739055,0.017087986445771721,,
ORELL_ADJ,breakout_52,-1,4,late,3,3,-0.037961285701337465,-0.04221651101096624,0.01020626882244783,-0.043783971005176281,-0.034266213052313033,0,-0.0076822947560527223,-0.030278990945284745,,
ORELL_ADJ,sweep_52,1,4,late,21,21,-0.004460012866410375,-0.0048308527864924233,0.030651293983370992,-0.024390357207009106,0.01719889482632575,0.42857142857142855,0.0076822947560527223,-0.01214230762246309,,
ORELL_ADJ,sweep_fvg,-1,4,late,0,0,,,,,,,,,,
ORELL_ADJ,breakout_1,1,13,all,302,271,0.031237338347006548,0.0095961258462495813,0.13007129864244429,-0.034281957963937515,0.088738387826651999,0.54243542435424352,0.022861465755426344,0.0083758725915802079,,
ORELL_ADJ,fvg_raw,1,13,all,165,155,0.048270108240480773,0.02459058126504976,0.12769391716585132,-0.036081618706083562,0.099626910549406311,0.59999999999999998,0.033750130039951601,0.014519978200529157,,
ORELL_ADJ,sweep_1,-1,13,all,179,164,-0.038673879032791139,-0.020823021900005956,0.11400157506779834,-0.086456981959224466,0.023979937812371704,0.37195121951219512,-0.018280285182147308,-0.020393593850643838,,
ORELL_ADJ,breakout_4,1,13,all,205,192,0.054967371429864298,0.025028602974076608,0.12295366066199556,-0.024070101503952862,0.12812256670190192,0.61979166666666663,0.03030552248220536,0.024661848947658927,,
ORELL_ADJ,sweep_4,-1,13,all,151,135,-0.036209340048850701,-0.019480598117486148,0.11502311901296189,-0.094590721348938644,0.038662598405185988,0.42222222222222222,-0.017377481048844338,-0.018831859000006369,,
ORELL_ADJ,breakout_1,-1,13,all,236,213,0.016791163732408923,0.0067491068339848859,0.14115162654532415,-0.044779465136337127,0.059999786618937789,0.54929577464788737,-0.015178013031309624,0.031969176763718556,,
ORELL_ADJ,fvg_raw,-1,13,all,120,108,0.050985066299362398,0.017113669556147959,0.15185538802841436,-0.031771878614673843,0.13745222410048749,0.58333333333333337,-0.017165269983630813,0.06815033628299319,,
ORELL_ADJ,breakout_4,-1,13,all,143,126,0.028620350488292728,0.0070064660222596276,0.13973212049400083,-0.046078757758132305,0.060454528610094149,0.56349206349206349,-0.014046406369797744,0.042666756858090474,,
ORELL_ADJ,sweep_4,1,13,all,193,180,0.00070459303276778132,-0.0038454173995542962,0.091141040016025882,-0.044175271568993452,0.044383953923078756,0.46666666666666667,0.0082441899272334054,-0.0075395968944656231,,
ORELL_ADJ,breakout_13,1,13,all,125,123,0.070793754296742811,0.04408362455381365,0.13944764273660956,-0.020293438993131296,0.15408661650625943,0.67479674796747968,0.030638954036983055,0.040154800259759746,,
ORELL_ADJ,fvg_disp,1,13,all,87,86,0.064976929161272137,0.040668164962900488,0.14017163491340123,-0.032759439108006772,0.16280333867656721,0.65116279069767447,0.038044754612842048,0.02693217454843011,,
ORELL_ADJ,sweep_13,-1,13,all,84,80,-0.04240277251715923,-0.027683720031075665,0.12969826599810752,-0.12375324656733516,0.04399565523045737,0.41249999999999998,-0.018708236867732382,-0.023694535649426852,,
ORELL_ADJ,fvg_disp,-1,13,all,42,38,0.021040931265637542,-0.00020111800180233619,0.14162501528162472,-0.034531242802679551,0.080711517266250782,0.5,-0.01300410483631232,0.034045036101949866,,
ORELL_ADJ,breakout_13,-1,13,all,75,66,0.061677363569322373,0.016632123639090446,0.15165073675436841,-0.017776617889375068,0.1298641982777243,0.63636363636363635,-0.0079719349282046138,0.06964929849752699,,
ORELL_ADJ,sweep_13,1,13,all,106,102,-0.0086691174355632179,-0.0086824679305534946,0.08356285864429959,-0.037748019753911011,0.027666034020701946,0.41176470588235292,0.0075591500292798734,-0.016228267464843099,,
ORELL_ADJ,sweep_52,-1,13,all,51,51,-0.039976698107591545,-0.040520108563974588,0.13711107840765027,-0.10462504693245489,0.039492035709467077,0.39215686274509803,-0.016811413687949125,-0.023165284419642419,,
ORELL_ADJ,sweep_1,1,13,all,274,254,0.014908423825710211,0.010115575204697747,0.099194869707348074,-0.037582100044892069,0.04952326504172222,0.55118110236220474,0.0097342848771796026,0.0051741389485306108,,
ORELL_ADJ,sweep_fvg,1,13,all,26,26,0.041403967744275988,0.022825402206154255,0.12032048411419215,-0.026490882837703289,0.099801447139406085,0.53846153846153844,0.017281560439518399,0.024122407304757589,,
ORELL_ADJ,breakout_52,1,13,all,62,61,0.049445351963065133,0.025380420470582976,0.12366091376496267,-0.037288271516897176,0.10793538960302285,0.5901639344262295,0.025913664819463503,0.023531687143601626,,
ORELL_ADJ,breakout_52,-1,13,all,40,39,0.093596746625849617,0.084337479977912966,0.14426118087005596,-0.013341386751600903,0.19245887121524796,0.64102564102564108,0.0053828830440027994,0.08821386358184681,,
ORELL_ADJ,sweep_52,1,13,all,52,51,-0.024082235371337808,-0.02212382270473856,0.085990129137906227,-0.056211116933636007,0.018504763735291863,0.33333333333333331,0.0099376581047697747,-0.034019893476107593,,
ORELL_ADJ,sweep_fvg,-1,13,all,7,7,-0.024270595839405478,-0.01449278032379131,0.11412970261892733,-0.031448177477198413,-0.0030140453608932805,0.2857142857142857,0.0070935613020369631,-0.031364157141442459,,
ORELL_ADJ,breakout_1,1,13,early,222,199,0.030252248469816473,0.0088887765487628556,0.13732706035409298,-0.040697223634274304,0.08942315026613179,0.542713567839196,0.020985253948804079,0.0092669945210123866,,
ORELL_ADJ,fvg_raw,1,13,early,135,127,0.046828857636584675,0.019480598117486148,0.12609140977271521,-0.039492035709467077,0.096995059740364376,0.57480314960629919,0.034408471184718174,0.012420386451866468,,
ORELL_ADJ,sweep_1,-1,13,early,92,83,-0.036241484065584931,-0.026087330167005041,0.12115548043253692,-0.080422028384360744,0.03267100712152371,0.37349397590361444,-0.0098712328949178002,-0.026370251170667134,,
ORELL_ADJ,breakout_4,1,13,early,146,138,0.056400840172803279,0.025028602974076608,0.1262581310651481,-0.02620942052328995,0.12942018390908089,0.62318840579710144,0.031039124589240286,0.025361715583562983,,
ORELL_ADJ,sweep_4,-1,13,early,92,82,-0.028296253033630571,-0.012234116918302673,0.11487497333720663,-0.069666116011959434,0.04460289844106885,0.48780487804878048,-0.011050573762979281,-0.017245679270651289,,
ORELL_ADJ,breakout_1,-1,13,early,181,164,0.027417359800838047,0.012343659218648606,0.15350369772561648,-0.043990089309039582,0.083583924336258858,0.57317073170731703,-0.011281292471315773,0.038698652272153827,,
ORELL_ADJ,fvg_raw,-1,13,early,105,96,0.056949928079793731,0.017113669556147959,0.15731708424384705,-0.030687266901266608,0.14302736535648031,0.57291666666666663,-0.015688803294530155,0.072638731374323889,,
ORELL_ADJ,breakout_4,-1,13,early,109,99,0.039427413301130261,0.0095117129129405065,0.15054577540062336,-0.050306672288798149,0.092857240947186226,0.5757575757575758,-0.010174445145239236,0.049601858446369475,,
ORELL_ADJ,sweep_4,1,13,early,135,128,0.0020140814340050385,0.0016312464733329035,0.099823939279371984,-0.042337103784931107,0.044999878945023275,0.5,-0.0014622259638749236,0.0034763073978799613,,
ORELL_ADJ,breakout_13,1,13,early,86,84,0.072301668102888961,0.038854562554155758,0.14605519104544384,-0.021947203482983929,0.15830933547643961,0.6785714285714286,0.030862194075165578,0.04143947402772339,,
ORELL_ADJ,fvg_disp,1,13,early,64,64,0.072559626741275779,0.040668164962900488,0.1409372955535583,-0.029900973798241914,0.16571232554940113,0.65625,0.040869444777920108,0.031690181963355671,,
ORELL_ADJ,sweep_13,-1,13,early,50,49,-0.024667767264885426,0.012048012586202916,0.12390634831260633,-0.06578958622208364,0.047872389364401413,0.53061224489795922,-0.012566884672688627,-0.012100882592196799,,
ORELL_ADJ,fvg_disp,-1,13,early,36,33,0.023645814762168656,-0.0025573913307099794,0.1511849268585676,-0.032490750623306752,0.084848527389186024,0.48484848484848486,-0.010288825781953632,0.033934640544122284,,
ORELL_ADJ,breakout_13,-1,13,early,58,52,0.078873329301165571,0.028385944030403953,0.16522673249802095,-0.017667168979999592,0.17869915850250945,0.67307692307692313,-0.0017634049350142523,0.080636734236179786,,
ORELL_ADJ,sweep_13,1,13,early,75,72,-0.0006087799621788141,0.00081628688558466056,0.095654841974985916,-0.036125950252048761,0.042524758997927181,0.5,-0.0040574084312642068,0.0034486284690853912,,
ORELL_ADJ,sweep_52,-1,13,early,26,26,-0.018390337394733357,0.001131459740880858,0.12238494898436314,-0.074045083527231936,0.040250770739561653,0.5,-0.0048669860122411744,-0.013523351382492185,,
ORELL_ADJ,sweep_1,1,13,early,168,158,0.0086027737985157008,0.012781049628375007,0.10212887410658666,-0.041351029085978264,0.048900781803708326,0.55696202531645567,-0.0026700235608372032,0.011272797359352904,,
ORELL_ADJ,sweep_fvg,1,13,early,14,14,0.02898903742791769,0.0097402990587430738,0.090488620450396101,-0.023574354875506881,0.071760487998943967,0.5,0.0080886814491325561,0.020900355978785146,,
ORELL_ADJ,breakout_52,1,13,early,36,35,0.048454318300239767,0.034653543422360267,0.11065647995813203,-0.034161323755925621,0.1130768901400615,0.62857142857142856,0.023617062296947319,0.024837256003292448,,
ORELL_ADJ,breakout_52,-1,13,early,37,36,0.1036872298342071,0.090505268992168486,0.14564401026687254,-0,0.20142609822771571,0.69444444444444442,0.0096451165900000232,0.094042113244207068,,
ORELL_ADJ,sweep_52,1,13,early,31,30,-0.032242246469663088,-0.033101576018139289,0.11047009436953832,-0.11215831876630689,0.02558160225527184,0.40000000000000002,-0.0065620310356367395,-0.025680215434026356,,
ORELL_ADJ,sweep_fvg,-1,13,early,7,7,-0.024270595839405478,-0.01449278032379131,0.11412970261892733,-0.031448177477198413,-0.0030140453608932805,0.2857142857142857,0.008844315147308263,-0.033114910986713757,,
ORELL_ADJ,breakout_1,1,13,late,78,70,0.034397206983023947,0.0064092272954698881,0.10985648629811,-0.023739480338801466,0.08949185403152865,0.52857142857142858,0.028356843457346338,0.0060403635256776247,,
ORELL_ADJ,fvg_raw,1,13,late,29,27,0.056366248568098326,0.050980453881875665,0.1392985224965522,-0.014085792811795006,0.12532580039400154,0.70370370370370372,0.028686073959841834,0.027680174608256492,,
ORELL_ADJ,sweep_1,-1,13,late,84,80,-0.041521997973057341,-0.012838960750370498,0.10749996907897828,-0.087802046234563447,0.017856318411750727,0.375,-0.028490181810857006,-0.013031816162200333,,
ORELL_ADJ,breakout_4,1,13,late,58,53,0.052012732700928009,0.03733107262710389,0.11611364554637602,-0.023195477867248293,0.12339335357950731,0.60377358490566035,0.028578235440533877,0.023434497260394142,,
ORELL_ADJ,sweep_4,-1,13,late,57,52,-0.049139519456683219,-0.037143651789924292,0.11628102060477043,-0.11246471381522866,0.023944299793829116,0.32692307692307693,-0.028466249285867919,-0.020673270170815307,,
ORELL_ADJ,breakout_1,-1,13,late,54,48,-0.018438606567528486,-0.0064105405991363718,0.080192273508595702,-0.044820530330030361,0.02772051073979423,0.47916666666666669,-0.027971643769426586,0.0095330372018980983,,
ORELL_ADJ,fvg_raw,-1,13,late,14,11,0.0067336437967192775,0.02956992320582208,0.091638031211718374,-0.017614034866983541,0.073199789523502701,0.72727272727272729,-0.027613381122620108,0.034347024919339379,,
ORELL_ADJ,breakout_4,-1,13,late,33,26,-0.01008745146900147,0.0028152824397534304,0.081242427366068612,-0.023994266107997042,0.027344384590840098,0.53846153846153844,-0.028083328886042366,0.017995877417040895,,
ORELL_ADJ,sweep_4,1,13,late,57,51,-0.0030138151897493243,-0.01555564126368536,0.066325810092780171,-0.045100282275659653,0.040815547707633293,0.37254901960784315,0.028642692999513022,-0.031656508189262335,,
ORELL_ADJ,breakout_13,1,13,late,39,39,0.067545939945043362,0.059999977864279241,0.12578181315081058,-0.015303762781256891,0.14873606003091677,0.66666666666666663,0.029040629885606239,0.03850531005943713,,
ORELL_ADJ,fvg_disp,1,13,late,23,22,0.042918172564897945,0.045840012028354304,0.13875524781182952,-0.047733632002784382,0.10228946352304047,0.63636363636363635,0.028971007994728851,0.013947164570169096,,
ORELL_ADJ,sweep_13,-1,13,late,33,31,-0.070435522754624266,-0.076923182236058985,0.13567155276754059,-0.15720101619921634,-0.0011013112303186467,0.22580645161290322,-0.028781232195401824,-0.041654290559222443,,
ORELL_ADJ,fvg_disp,-1,13,late,6,5,0.0038487001885321838,0.002155155327105307,0.047462756301211786,-0.037383225061072389,0.030232469600214418,0.59999999999999998,-0.028427957245885354,0.032276657434417537,,
ORELL_ADJ,breakout_13,-1,13,late,17,14,-0.0021933662918094559,-0.0011299624443178446,0.048105582068011306,-0.02271120238648322,0.024802289529951699,0.5,-0.028356843457346324,0.026163477165536863,,
ORELL_ADJ,sweep_13,1,13,late,31,30,-0.028013927371685787,-0.022173038766657271,0.037006150684880439,-0.044096113350168636,-0.0062534231602160706,0.20000000000000001,0.029091685938916298,-0.057105613310602106,,
ORELL_ADJ,sweep_52,-1,13,late,25,25,-0.062426513248964068,-0.055045852928439221,0.15011181908154617,-0.15652175766155496,0.020512704862620912,0.28000000000000003,-0.029224431677522488,-0.033202081571441569,,
ORELL_ADJ,sweep_1,1,13,late,100,91,0.025617309029565109,0.0065359032612046786,0.096219016654016831,-0.029253277340128614,0.066491190422407809,0.52747252747252749,0.028876521142823856,-0.0032592121132587362,,
ORELL_ADJ,sweep_fvg,1,13,late,12,12,0.055888053113360675,0.067272540481636223,0.15099780406568394,-0.032371246732169623,0.12274866188933836,0.58333333333333337,0.029008719852287427,0.026879333261073248,,
ORELL_ADJ,breakout_52,1,13,late,26,26,0.050779435739945408,0.016211190292965805,0.1415790271508677,-0.047567205077220287,0.10746984881979244,0.53846153846153844,0.029232090085519,0.021547345654426418,,
ORELL_ADJ,breakout_52,-1,13,late,3,3,-0.027489051874440101,-0.025673289228126173,0.0193904712721484,-0.036698413322715173,-0.017371809103008062,0,-0.029423550285431772,0.0019344984109916721,,
ORELL_ADJ,sweep_52,1,13,late,21,21,-0.012425076659444548,-0.014778240387810504,0.023407536115105917,-0.023696683992345258,-0.0020502197263244648,0.23809523809523808,0.029423550285431772,-0.041848626944876309,,
ORELL_ADJ,sweep_fvg,-1,13,late,0,0,,,,,,,,,,
MATSUI,sweep_1,-1,1,all,202,202,-0.0031073206864391913,-0.0040872617388124644,0.034614188934753855,-0.024344120143168169,0.017779029290246828,0.42574257425742573,-0.0021187876138740315,-0.00098853307256515982,,
MATSUI,breakout_1,1,1,all,302,302,0.004618786759866109,0,0.04411897407585022,-0.017767202793763204,0.019939274231493054,0.46026490066225167,0.0021212146530351287,0.0024975721068309785,,
MATSUI,breakout_4,1,1,all,185,185,0.0057550719282203145,-0.0021574973031284195,0.042851257607126651,-0.017283950617283939,0.026584867075664542,0.46486486486486489,0.0021212282041740138,0.0036338437240462989,,
MATSUI,fvg_raw,1,1,all,151,151,0.005254772717943966,0,0.043389454096383104,-0.018983268983269019,0.026160911849018698,0.45695364238410596,0.0021014316640671346,0.0031533410538768314,,
MATSUI,sweep_4,-1,1,all,152,152,0.00081035651839419349,0,0.039914388948232397,-0.017620530985879845,0.024316564920417061,0.49342105263157893,-0.002160882784840645,0.0029712393032348392,,
MATSUI,breakout_1,-1,1,all,258,257,-0.003597899240532425,-0.0042780748663102663,0.045422413499568048,-0.031900138696255187,0.020953757225433578,0.42801556420233461,-0.002141656173347281,-0.0014562430671851423,,
MATSUI,sweep_13,-1,1,all,79,79,-0.0079166163764215099,-0.0062892889222987414,0.039709035991941304,-0.025999000999000987,0.018616970742588779,0.4050632911392405,-0.0021254412850041492,-0.0057911750914173572,,
MATSUI,sweep_1,1,1,all,194,194,0.0023608209915491792,-0.0012562775924341851,0.040768769614149235,-0.02071884150988812,0.020896985069464469,0.46907216494845361,0.0022261536301720342,0.0001346673613771441,,
MATSUI,sweep_13,1,1,all,62,62,-0.0013872090351989158,-0.0056618715933763886,0.051354152937081649,-0.023414587697581396,0.017897121535181193,0.43548387096774194,0.0022128768713618589,-0.0036000859065607759,,
MATSUI,sweep_4,1,1,all,133,133,0.00033106308755226273,-0.0034661938180527985,0.042150279884814491,-0.020953757225433578,0.017142857142857126,0.43609022556390975,0.0022079788130563555,-0.0018769157255040935,,
MATSUI,fvg_disp,-1,1,all,84,84,-0.016520334519144045,-0.010800385728061745,0.052320979299252786,-0.039980756570618281,0.0064848279497026207,0.30952380952380953,-0.0021329696188326225,-0.014387364900311421,,
MATSUI,fvg_raw,-1,1,all,132,132,-0.011227283780942038,-0.010055019088255124,0.050587779588349729,-0.037232402940677867,0.01822435197009617,0.37121212121212122,-0.0020898477091159974,-0.0091374360718260387,,
MATSUI,breakout_4,-1,1,all,140,140,-0.0067705053805570438,-0.0087042270957631285,0.051311977300796278,-0.038818792454462792,0.019678288726897086,0.39285714285714285,-0.0021672277473369444,-0.0046032776332200981,,
MATSUI,sweep_fvg,-1,1,all,26,26,-0.0047996519577315124,-0.0038683654068270013,0.027319817059539363,-0.024860263886276324,0.0079717050285882107,0.34615384615384615,-0.0021940728324958739,-0.0026055791252356389,,
MATSUI,breakout_13,-1,1,all,66,66,-0.012076496546566371,-0.019745339006552731,0.061378057095206454,-0.048627937333931226,0.02366805051029236,0.34848484848484851,-0.0021250981027679128,-0.0099513984437984565,,
MATSUI,fvg_disp,1,1,all,77,77,0.0032429408094533183,0,0.044357362119268343,-0.018567639257294433,0.024725274725274637,0.45454545454545453,0.002126173937569057,0.0011167668718842618,,
MATSUI,breakout_52,-1,1,all,24,24,-0.021600956822246983,-0.028096303918589638,0.052850402875267932,-0.057368431902042938,0.015261552775767628,0.33333333333333331,-0.0020148550448374036,-0.019586101777409583,,
MATSUI,breakout_13,1,1,all,97,97,0.0065959861669401109,0,0.04394248667393582,-0.017283950617283939,0.029832935560859086,0.49484536082474229,0.0021416245347013886,0.0044543616322387219,,
MATSUI,breakout_52,1,1,all,59,59,0.0086360515197297216,0,0.044301321024589231,-0.017203650050534591,0.027884767492245111,0.4576271186440678,0.0021562595948793543,0.0064797919248503659,,
MATSUI,sweep_fvg,1,1,all,25,25,0.011699819867213229,0.0048134777376653837,0.035416143336878821,-0.014577259475218707,0.027826086956521667,0.52000000000000002,0.0022731643661740614,0.0094266555010391658,,
MATSUI,sweep_52,-1,1,all,32,32,-0.0089797480473487387,-0.013517034720865073,0.042397890531581203,-0.03156242703481893,0.02100150645216306,0.40625,-0.0022274390208977942,-0.0067523090264509453,,
MATSUI,sweep_52,1,1,all,24,24,0.0071780341206989645,0.0084822065325915741,0.027721177416066223,-0.014452597402597384,0.027442947220177316,0.54166666666666663,0.0021640283404555601,0.0050140057802434039,,
MATSUI,sweep_1,-1,1,early,129,129,-0.0027000125421395996,-0.0048484848484848797,0.031998464607377895,-0.021276620439190541,0.016042780748663055,0.41085271317829458,-0.0017733541236713128,-0.00092665841846828684,,
MATSUI,breakout_1,1,1,early,218,218,0.0063261974699223688,0,0.043875403627348999,-0.016103147771703297,0.019463846809791352,0.47247706422018348,0.0018412105449382968,0.0044849869249840718,,
MATSUI,breakout_4,1,1,early,133,133,0.0091504170433077108,0,0.044390932695631546,-0.013944223107569709,0.026922993496328873,0.48120300751879697,0.0018392338077520894,0.0073111832355556216,,
MATSUI,fvg_raw,1,1,early,113,113,0.0077675935732699191,0,0.047358531750768339,-0.018181818181818188,0.026922993496328873,0.45132743362831856,0.0018373583019929429,0.0059302352712769773,,
MATSUI,sweep_4,-1,1,early,92,92,0.0035054227443423952,0.0077276404824939138,0.035189672047368843,-0.016025700340298377,0.025399277921937718,0.55434782608695654,-0.0017987670528742165,0.0053041897972166121,,
MATSUI,breakout_1,-1,1,early,181,181,-0.003894354358917424,-0.0047337278106509562,0.046960447562232402,-0.031088082901554515,0.021276648932852305,0.4143646408839779,-0.0018524259011157796,-0.002041928457801644,,
MATSUI,sweep_13,-1,1,early,43,43,-0.0094293156931551953,-0.0062892889222987414,0.043964109362624931,-0.017989800209171181,0.015041610436347275,0.39534883720930231,-0.0016859526475342223,-0.0077433630456209736,,
MATSUI,sweep_1,1,1,early,128,128,-0.00015724849596532049,-0.0030318223734496774,0.034906179185337054,-0.020665477993913661,0.019837830418071967,0.4453125,0.0019232339987657759,-0.0020804824947310962,,
MATSUI,sweep_13,1,1,early,41,41,-0.0081874277291079812,-0.0032786784204098529,0.043256597103133766,-0.029147982062780242,0.018987341772152,0.43902439024390244,0.0019071210170274696,-0.010094548746135452,,
MATSUI,sweep_4,1,1,early,91,91,-0.0056122291760006306,-0.0053571428571428381,0.034303839108969121,-0.025892445014781384,0.017179370916057368,0.4175824175824176,0.0019169422630393896,-0.0075291714390400199,,
MATSUI,fvg_disp,-1,1,early,60,60,-0.012472834666300321,-0.010800385728061745,0.050352399710914632,-0.041320773880126338,0.014744370054777856,0.36666666666666664,-0.0018498304152912667,-0.010623004251009054,,
MATSUI,fvg_raw,-1,1,early,96,96,-0.0066203850723421144,-0.0097881477945582773,0.046035048628030845,-0.029975968093809646,0.024588668685687931,0.41666666666666669,-0.0018106818374381949,-0.0048097032349039203,,
MATSUI,breakout_4,-1,1,early,99,99,-0.0084210559680057868,-0.010309246240407743,0.053017185363252756,-0.041584069377812671,0.02183737135193442,0.39393939393939392,-0.0018830473904393275,-0.0065380085775664596,,
MATSUI,sweep_fvg,-1,1,early,14,14,0.0056413021241706728,0.0019305019305019266,0.029276954326628871,-0.01414161317501228,0.023678062341042139,0.5,-0.0017827185675431435,0.0074240206917138164,,
MATSUI,breakout_13,-1,1,early,51,51,-0.018808746405384689,-0.025104524935624761,0.060076814649072482,-0.052829284821292899,0.020506832727901769,0.33333333333333331,-0.001877464705540494,-0.016931281699844196,,
MATSUI,fvg_disp,1,1,early,56,56,0.0048695387848725668,0,0.049369905402504459,-0.018175944869171956,0.026455592705316666,0.42857142857142855,0.0018498304152912669,0.003019708369581302,,
MATSUI,breakout_52,-1,1,early,18,18,-0.024361687822953965,-0.035395158076087396,0.059283683374191758,-0.064174356446320524,0.03079044117647059,0.33333333333333331,-0.0017454342076830753,-0.022616253615270889,,
MATSUI,breakout_13,1,1,early,65,65,0.009077132473303667,0.0017873100983021306,0.046287743057939035,-0.015495867768595017,0.030640667481806272,0.50769230769230766,0.0018281481260187962,0.007248984347284871,,
MATSUI,breakout_52,1,1,early,40,40,0.012674441853386866,0,0.046719163252287498,-0.012815789324521182,0.034287557582762085,0.47499999999999998,0.0018498304152912669,0.010824611438095599,,
MATSUI,sweep_fvg,1,1,early,15,15,0.02246043315404387,0.01953125,0.037984060281210714,-0.0091612889136393205,0.051946205103201692,0.59999999999999998,0.0019437870021386389,0.020516646151905231,,
MATSUI,sweep_52,-1,1,early,16,16,-0.013521978288226169,-0.016103494765502324,0.047854431721763402,-0.03156242703481893,0.015291318477251598,0.375,-0.0017911075485116592,-0.011730870739714509,,
MATSUI,sweep_52,1,1,early,14,14,0.016091101029276737,0.019658587794970095,0.029753071918680138,0.0035635964912280604,0.042158968850698142,0.7142857142857143,0.0017827185675431435,0.014308382461733592,,
MATSUI,sweep_1,-1,1,late,73,73,-0.003827084393489155,-0.0039421813403417438,0.039034869628387855,-0.029336734693877542,0.02297297297297296,0.45205479452054792,-0.0026576094970983438,-0.0011694748963908123,,
MATSUI,breakout_1,1,1,late,84,84,0.00018764944091057662,-0.0037597579709690576,0.044703939956853719,-0.024668241680908781,0.020362329396911294,0.42857142857142855,0.0026911416337683076,-0.0025034921928577306,,
MATSUI,breakout_4,1,1,late,52,52,-0.002929176154599371,-0.0064804869316147928,0.037651188075151533,-0.02563950237629295,0.018399102267305123,0.42307692307692307,0.0026946448122683545,-0.0056238209668677246,,
MATSUI,fvg_raw,1,1,late,38,38,-0.0022175629834200535,-0.0017964071856287345,0.027687648194543935,-0.023961400352758455,0.017361661645790394,0.47368421052631576,0.0026917408616696312,-0.0049093038450896851,,
MATSUI,sweep_4,-1,1,late,60,60,-0.0033220783613930492,-0.0050763479740774109,0.046246866733652893,-0.02741106719367592,0.02324577251047838,0.40000000000000002,-0.0026774792376181274,-0.00064459912377492253,,
MATSUI,breakout_1,-1,1,late,76,75,-0.0021663383412653305,-0.0012853470437017567,0.041618083109957293,-0.032105158201116257,0.018742674374714441,0.46666666666666667,-0.0026934186997933378,0.00052708035852800739,,
MATSUI,sweep_13,-1,1,late,36,36,-0.0061097810814340504,-0.0054951276440056152,0.034473867156398379,-0.028203748890860636,0.024316564920417061,0.41666666666666669,-0.0026721660835597235,-0.0034376149978743273,,
MATSUI,sweep_1,1,1,late,66,66,0.0072443496946076021,0.0007131353906947302,0.050177559456832353,-0.02020163909685635,0.022202988645169897,0.51515151515151514,0.0026963167838251942,0.0045480329107824057,,
MATSUI,sweep_13,1,1,late,21,21,0.011889408414814022,-0.0076335877862595547,0.063415006427660126,-0.014399999999999968,0.012970168612191912,0.42857142857142855,0.002611444322892253,0.0092779640919217667,,
MATSUI,sweep_4,1,1,late,42,42,0.013208196325250197,-0.00067204301075268758,0.053745254843750687,-0.011542119648232402,0.016616541353383474,0.47619047619047616,0.002748068284394061,0.010460128040856139,,
MATSUI,fvg_disp,-1,1,late,24,24,-0.02663908415125335,-0.013064368237667323,0.056792714553651612,-0.035101389262063187,-0.00096401028277631751,0.16666666666666666,-0.0027651462795817866,-0.023873937871671556,,
MATSUI,fvg_raw,-1,1,late,35,35,-0.022546797196617892,-0.012970168612191912,0.06070017225042651,-0.038148610113315384,0.0027855153203342753,0.25714285714285712,-0.0027571765484941816,-0.019789620648123708,,
MATSUI,breakout_4,-1,1,late,40,40,-0.0014219905546883377,-0.0037204364127441103,0.04710798419074274,-0.030994211093160917,0.012273690964376416,0.40000000000000002,-0.0026137213889172832,0.0011917308342289461,,
MATSUI,sweep_fvg,-1,1,late,12,12,-0.016980765053284063,-0.014833206009676636,0.019562826271171979,-0.035101389262063187,0,0.16666666666666666,-0.0027252976241437595,-0.014255467429140302,,
MATSUI,breakout_13,-1,1,late,14,14,0.015678848918508452,0,0.061562243244062335,-0.014066315287951936,0.036129026832939559,0.42857142857142855,-0.0025659030023916507,0.018244751920900106,,
MATSUI,fvg_disp,1,1,late,21,21,-0.0010946537916646766,0.0039421813403417438,0.027327781311221627,-0.018567639257294433,0.017758046614872347,0.52380952380952384,0.002611444322892253,-0.0037060981145569305,,
MATSUI,breakout_52,-1,1,late,5,5,-0.0045211985325752883,0,0.020153706679828409,-0.0030030030030030463,0.0089285714285713969,0.40000000000000002,-0.0025659030023916507,-0.0019552955301836371,,
MATSUI,breakout_13,1,1,late,32,32,0.0015561577321391365,-0.0017964071856287345,0.038951571826181031,-0.021628382121841899,0.023375836886469492,0.46875,0.0027452219518627734,-0.0011890642197236361,,
MATSUI,breakout_52,1,1,late,19,19,0.00013417713308309858,-0.0035928143712574689,0.038500346928086612,-0.019504588230446096,0.016520408289208977,0.42105263157894735,0.0025659030023916507,-0.0024317258693085523,,
MATSUI,sweep_fvg,1,1,late,10,10,-0.0044411000630327326,-0.0017964071856287345,0.024859780949625737,-0.017112287959772682,0.012709645585043949,0.40000000000000002,0.0025659030023916507,-0.0070070030654243833,,
MATSUI,sweep_52,-1,1,late,16,16,-0.0044375178064713083,-0.0054951276440056152,0.037160997347771292,-0.031278602603258432,0.026936841502519432,0.4375,-0.0025659030023916507,-0.0018716148040796576,,
MATSUI,sweep_52,1,1,late,10,10,-0.005300259551309916,-0.0084535790554172707,0.019712373534293209,-0.014557792207792214,0.00051506964235037422,0.29999999999999999,0.0026615397754429161,-0.0079617993267528317,,
MATSUI,sweep_1,-1,4,all,202,202,-0.012843969914226049,-0.007979224202862123,0.071446087086309534,-0.043584589373638738,0.028623996431757337,0.4405940594059406,-0.0083189073348085129,-0.0045250625794175355,-0.013263156180966119,0.0043683841319515125
MATSUI,breakout_1,1,4,all,302,300,0.0023563123647401276,-0.0033939914477841837,0.080361609442485202,-0.048954413603246844,0.045108251633986962,0.47999999999999998,0.0083528132524442172,-0.00599650088770409,,
MATSUI,breakout_4,1,4,all,185,185,0.0044206477210064661,-0.0026917900403768957,0.074892518404034963,-0.048465266558966102,0.041666656953316838,0.48108108108108111,0.0083622934139060464,-0.0039416456928995812,,
MATSUI,fvg_raw,1,4,all,151,150,0.0011127369651764247,-0.0085572782609756315,0.085013592884311664,-0.054085463972823156,0.040730337078651757,0.45333333333333331,0.0082811462928304141,-0.0071684093276539905,,
MATSUI,sweep_4,-1,4,all,152,151,-0.0020020379833706309,0.0026595663948800752,0.075480608048557163,-0.039624573378839623,0.042534466932242498,0.52317880794701987,-0.0084721782800540827,0.0064701402966834522,,
MATSUI,breakout_1,-1,4,all,258,256,-0.021336901762624948,-0.0098134140731150898,0.089604102105514852,-0.060250439970163772,0.023713470062354469,0.42578125,-0.0084347423678203873,-0.012902159394804557,,
MATSUI,sweep_13,-1,4,all,79,78,-0.013046169941841912,-0.0018050486828095069,0.072971895741896595,-0.047050618175979386,0.032480785496267456,0.47435897435897434,-0.0082946694962512026,-0.0047515004455907081,,
MATSUI,sweep_1,1,4,all,194,194,0.0083238235740905765,0.0068597560975609539,0.078189408415563461,-0.035070653286913778,0.047754687733599754,0.53608247422680411,0.0087688841864207792,-0.00044506061233020368,-0.0091204785990949624,0.0080595031596414242
MATSUI,sweep_13,1,4,all,62,62,0.011404694737254686,0,0.065450009318968688,-0.022899582636052768,0.054248107730188178,0.4838709677419355,0.0087033441332228772,0.0027013506040318084,,
MATSUI,sweep_4,1,4,all,133,132,0.0073704237921971751,-0.00069252077562326209,0.06886129494894308,-0.034745955798587413,0.044388760248879888,0.47727272727272729,0.0086991329676639733,-0.0013287091754668001,,
MATSUI,fvg_disp,-1,4,all,84,84,-0.027277712165375324,-0.008149438637243489,0.10364795202361267,-0.067881199660091374,0.025608176159228307,0.42857142857142855,-0.0084168933865003803,-0.018860818778874938,-0.037789314833371293,-0.0022073733519802591
MATSUI,fvg_raw,-1,4,all,132,132,-0.022104279847710146,-0.0096084314178013219,0.095479154069492062,-0.066213366943083274,0.025216711290194316,0.41666666666666669,-0.0082471033602683694,-0.01385717648744178,,
MATSUI,breakout_4,-1,4,all,140,140,-0.023361078154799219,-0.022024412601920229,0.081402408367556842,-0.067420666515013716,0.023713470062354469,0.38571428571428573,-0.0085381333704889137,-0.014822944784310309,,
MATSUI,sweep_fvg,-1,4,all,26,26,-0.0032056786952580759,0.0085232190732164592,0.093799622742410063,-0.020770564493206689,0.026344715101230348,0.57692307692307687,-0.0086019861309781336,0.0053963074357200594,-0.035144584662154692,0.035914516658699977
MATSUI,breakout_13,-1,4,all,66,66,-0.034672849162793819,-0.030400949617515161,0.090509739499374062,-0.090037969327612544,0.02277526395173457,0.39393939393939392,-0.008390508640908555,-0.026282340521885269,,
MATSUI,fvg_disp,1,4,all,77,77,-0.0077664260585720906,-0.011594202898550732,0.086380548262264642,-0.058165548098433995,0.03000002126057999,0.38961038961038963,0.0083758026312385561,-0.016142228689810648,-0.036391397946997112,0.00071034059013338189
MATSUI,breakout_52,-1,4,all,24,24,-0.033385336274160807,-0.01263142193333755,0.06691130957061775,-0.089598148670516853,0.018159138655462231,0.5,-0.0079435369351317266,-0.02544179933902908,,
MATSUI,breakout_13,1,4,all,97,97,0.0047381536675011621,0.0084745762711864181,0.0834297039535674,-0.052362707535121289,0.054140066443761903,0.50515463917525771,0.0084353320800268847,-0.003697178412525723,,
MATSUI,breakout_52,1,4,all,59,59,0.010227205667803036,-0.0018348623853210455,0.083409668899962458,-0.045510981127910799,0.066883017520593779,0.49152542372881358,0.008473233426258879,0.0017539722415441568,,
MATSUI,sweep_fvg,1,4,all,25,25,0.005936255106870343,-0.0083682008368201055,0.096522167015859889,-0.054373522458628809,0.045098039215686336,0.44,0.0089175802932225171,-0.0029813251863521771,-0.041036658942369006,0.0409379102836284
MATSUI,sweep_52,-1,4,all,32,32,-0.023688279907409997,-0.0020449897750510759,0.087214588755177888,-0.061668999253546519,0.029395364434670057,0.46875,-0.0086914872346440675,-0.014996792672765926,,
MATSUI,sweep_52,1,4,all,24,24,0.027579935950788174,0,0.078257745300744752,-0.028500851394085397,0.060250274669000625,0.45833333333333331,0.0084836126839274942,0.019096323266860678,,
MATSUI,sweep_1,-1,4,early,129,129,-0.011135682850192168,-0.010548523206751037,0.074698971258261596,-0.036065572687901115,0.025974025974025983,0.44961240310077522,-0.007389222221699329,-0.0037464606284928342,,
MATSUI,breakout_1,1,4,early,218,218,0.0041231174944097136,-0.0033939914477841837,0.08232112697179586,-0.047654222511824412,0.045128676470588214,0.47247706422018348,0.0077247402274643788,-0.0036016227330546709,,
MATSUI,breakout_4,1,4,early,133,133,0.0072504818642467727,-0.0018348623853210455,0.075791697674506733,-0.045731707317073211,0.043243243243243246,0.48872180451127817,0.0077149661942004051,-0.00046448432995363395,,
MATSUI,fvg_raw,1,4,early,113,113,0.0036194465511742704,-0.0037453070506797692,0.085553292523374763,-0.051829268292682973,0.045098039215686336,0.47787610619469029,0.0077056927026080049,-0.0040862461514337388,,
MATSUI,sweep_4,-1,4,early,92,92,0.005627434884766319,0.010401948515064707,0.07812001054369154,-0.030523055195243343,0.044362099798812754,0.59782608695652173,-0.0075148771732515031,0.013142312058017826,,
MATSUI,breakout_1,-1,4,early,179,179,-0.022084157715618016,-0.0099337748344370258,0.092955180455710176,-0.052990063950108413,0.023258958755916159,0.43016759776536312,-0.007754384577643254,-0.014329773137974761,,
MATSUI,sweep_13,-1,4,early,43,43,-0.0026084109135657788,0.0037453070506797692,0.069707413902500015,-0.031032467825684584,0.040989306095046252,0.53488372093023251,-0.006957063135987181,0.0043486522224214039,,
MATSUI,sweep_1,1,4,early,128,128,0.008411446208177676,0.0087756062096394638,0.078272760983205458,-0.043086060062752091,0.044789102128135472,0.546875,0.0081303075288385214,0.00028113867933914766,,
MATSUI,sweep_13,1,4,early,41,41,0.018224513810640466,0.010600706713780994,0.06538412704857352,-0.02197807737965396,0.057877813504823239,0.51219512195121952,0.0080506364321490231,0.010173877378491443,,
MATSUI,sweep_4,1,4,early,91,91,0.0013502180555410108,-0.0032467532467532756,0.0654868537724973,-0.04288006843331188,0.038138295045962556,0.45054945054945056,0.0080991978625121457,-0.0067489798069711397,,
MATSUI,fvg_disp,-1,4,early,59,59,-0.032309305665350362,-0.016233766233766156,0.11545279194758203,-0.074612988334022079,0.037329985611392169,0.42372881355932202,-0.007727990996516056,-0.024581314668834314,,
MATSUI,fvg_raw,-1,4,early,95,95,-0.024117740088418604,-0.013698630136986356,0.10223702376612449,-0.071030256463039732,0.031216293668738126,0.41052631578947368,-0.007547301466209827,-0.016570438622208777,,
MATSUI,breakout_4,-1,4,early,97,97,-0.027734560650401464,-0.024999999999999911,0.079238340903273044,-0.0660377358490567,0.01501501501501501,0.37113402061855671,-0.0078870962199295621,-0.019847464430471896,,
MATSUI,sweep_fvg,-1,4,early,14,14,-0.02254816040641618,-0.0064837853095531806,0.12074655585037335,-0.043014403855632821,0.017904697149980164,0.42857142857142855,-0.0074355249808827724,-0.015112635425533399,,
MATSUI,breakout_13,-1,4,early,50,50,-0.044332797183223215,-0.04073461015379487,0.085584500139382111,-0.094460899435661938,0.012766605148499754,0.34000000000000002,-0.0078602756251255727,-0.036472521558097631,,
MATSUI,fvg_disp,1,4,early,56,56,-0.0061956047663449714,-0.008432717761374775,0.085111042317292177,-0.054578828280216013,0.032692097894468808,0.4107142857142857,0.0077673614216974595,-0.013962966188042436,,
MATSUI,breakout_52,-1,4,early,18,18,-0.046942288875258746,-0.030323035946001275,0.067456301188742407,-0.096989109348525449,0.0071297682849937039,0.3888888888888889,-0.0072511714026523939,-0.039691117472606355,,
MATSUI,breakout_13,1,4,early,65,65,0.0090743941990272404,0.012320328542094527,0.083654786175916651,-0.050632926453154981,0.054140066443761903,0.52307692307692311,0.0076601527254342534,0.0014142414735929855,,
MATSUI,breakout_52,1,4,early,40,40,0.013204671368499224,0.018098749078534926,0.08207419817598248,-0.044814314093367141,0.059682370630246784,0.52500000000000002,0.0077673614216974603,0.0054373099468017615,,
MATSUI,sweep_fvg,1,4,early,15,15,0.033290644335174376,0.037383177570093462,0.099703403930504142,-0.014138802842565579,0.086232676383300566,0.59999999999999998,0.0082319324388380206,0.02505871189633635,,
MATSUI,sweep_52,-1,4,early,16,16,-0.025343754470398917,-0.018616320118413077,0.086043146302392584,-0.048431426141885281,0.027800211012355469,0.4375,-0.0074770045359846098,-0.017866749934414304,,
MATSUI,sweep_52,1,4,early,14,14,0.055075306382477082,0.055087768703651618,0.090656072124627118,-0.0083148558758315005,0.080357142857142794,0.6428571428571429,0.0074355249808827724,0.047639781401594306,,
MATSUI,sweep_1,-1,4,late,73,73,-0.015862723767107834,-0.0065703022339027584,0.065694967951617209,-0.051612903225806361,0.031331592689295085,0.42465753424657532,-0.010353078215483714,-0.0055096455516241193,,
MATSUI,breakout_1,1,4,late,84,82,-0.0023408037116985276,-0.0029321546585822644,0.075186203627443687,-0.053217264835745376,0.043914282976378671,0.5,0.010546580750515313,-0.01288738446221384,,
MATSUI,breakout_4,1,4,late,52,52,-0.0028171972992043193,-0.010711515562013163,0.072759088414557707,-0.050132101395111706,0.035928252160621343,0.46153846153846156,0.01054895322029316,-0.013366150519497482,,
MATSUI,fvg_raw,1,4,late,38,37,-0.0065428896082764558,-0.021865889212827949,0.084034019882484851,-0.060529634300126145,0.013533834586466176,0.3783783783783784,0.010551582173290235,-0.017094471781566693,,
MATSUI,sweep_4,-1,4,late,60,59,-0.013898843133685876,-0.0065703022339027584,0.070165276463500556,-0.051800637671395977,0.032097721227276665,0.40677966101694918,-0.010468168613789828,-0.0034306745198960449,,
MATSUI,breakout_1,-1,4,late,76,74,-0.020558424555032772,-0.012082416670368357,0.082098215969763549,-0.068031562643233068,0.024716500048771711,0.40540540540540543,-0.010483229395366294,-0.010075195159666482,,
MATSUI,sweep_13,-1,4,late,36,35,-0.025869702462295446,-0.0065703022339027584,0.075827533805218228,-0.084010217113665409,0.030139480555173848,0.40000000000000002,-0.01044612360163615,-0.015423578860659291,,
MATSUI,sweep_1,1,4,late,66,66,0.0081538887685883264,0.0020824777417030038,0.078626415081277004,-0.031890276287972669,0.056006022168150538,0.51515151515151514,0.010557796062192412,-0.0024039072936040888,,
MATSUI,sweep_13,1,4,late,21,21,-0.0019101901203080248,-0.0025477707006369421,0.065066369024543935,-0.027314112291350501,0.043184885290148411,0.42857142857142855,0.010108916563878032,-0.012019106684186057,,
MATSUI,sweep_4,1,4,late,42,41,0.020732343841848657,0.0067750677506774881,0.074933338684292028,-0.020746887966805017,0.060278207109737192,0.53658536585365857,0.010731633393187449,0.010000710448661208,,
MATSUI,fvg_disp,-1,4,late,24,24,-0.016899650339528161,-0.0033875338753387441,0.069843259521949017,-0.051073982529840134,0.024952609818350041,0.41666666666666669,-0.010921826387044926,-0.0059778239524832339,,
MATSUI,fvg_raw,-1,4,late,35,35,-0.015909559210132356,-0.0049261083743843415,0.07736760987599213,-0.059055597361781231,0.025038434556771183,0.42857142857142855,-0.010879675507325163,-0.0050298837028071907,,
MATSUI,breakout_4,-1,4,late,40,40,-0.014810983887975342,-0.0096084314178013219,0.087126462237215541,-0.069868218756863609,0.026217931822175355,0.40000000000000002,-0.010120959672369392,-0.004690024215605949,,
MATSUI,sweep_fvg,-1,4,late,12,12,0.01936054996775971,0.020617916349488286,0.041641404682987743,0.0019108280254777066,0.031354411287397105,0.75,-0.010711071988446104,0.030071621956205816,,
MATSUI,breakout_13,-1,4,late,14,14,-0.00014450903142087284,0.013439779064779112,0.10600378929477206,-0.050116133643023031,0.04585127601750949,0.5714285714285714,-0.0098680543940508035,0.0097235453626299314,,
MATSUI,fvg_disp,1,4,late,21,21,-0.011955282837844411,-0.022546419098143256,0.091695407011218796,-0.094850948509485056,0.0089285714285713969,0.33333333333333331,0.010108916563878032,-0.022064199401722447,,
MATSUI,breakout_52,-1,4,late,5,5,0.026794201766191694,0.024866785079928899,0.015550207313234079,0.016369047619047672,0.031634446397188043,1,-0.0098680543940508018,0.036662256160242497,,
MATSUI,breakout_13,1,4,late,32,32,-0.0040698349121611847,-0.015457309967481681,0.083593645599917485,-0.076726627218934945,0.050538003663003706,0.46875,0.010816449187745514,-0.014886284099906701,,
MATSUI,breakout_52,1,4,late,19,19,0.0039588568242321142,-0.022546419098143256,0.088098453813481206,-0.04365227271360983,0.074732077616302739,0.42105263157894735,0.0098680543940508018,-0.0059091975698186902,,
MATSUI,sweep_fvg,1,4,late,10,10,-0.035095328735585705,-0.027825308835948692,0.079138471441506403,-0.099161838923778445,-0.011912755402150893,0.20000000000000001,0.0098680543940508035,-0.044963383129636512,,
MATSUI,sweep_52,-1,4,late,16,16,-0.022032805344421078,0.00645756457564578,0.09116244650316499,-0.086224362493138473,0.037214911452630006,0.5,-0.0098680543940508018,-0.012164750950370272,,
MATSUI,sweep_52,1,4,late,10,10,-0.010913582653576292,-0.012864243682118859,0.030940926586057377,-0.030874329599555189,-0.00063694267515923553,0.20000000000000001,0.010373864950687983,-0.021287447604264275,,
MATSUI,sweep_1,-1,13,all,202,201,-0.04392390182894839,-0.027863777089783381,0.13395824061953296,-0.10834813499111906,0.032846737238231172,0.39800995024875624,-0.026095512431733685,-0.017828389397214706,,
MATSUI,breakout_1,1,13,all,302,296,0.016743072608552512,0.0038301801931118762,0.14062280800485213,-0.071281800391389455,0.084825720651436287,0.51689189189189189,0.025613232913316308,-0.0088701603047638047,,
MATSUI,breakout_4,1,13,all,185,184,0.022405707663478741,0.0079466181377009226,0.14403345592532926,-0.058112785445949916,0.082433305911387866,0.54347826086956519,0.025755087246888169,-0.0033493795834094332,,
MATSUI,fvg_raw,1,13,all,151,149,0.021342468418155906,0.0075549450549450281,0.1398859167029334,-0.058309037900874605,0.079925655776661886,0.53020134228187921,0.025312292965932705,-0.0039698245477767912,,
MATSUI,sweep_4,-1,13,all,152,147,-0.040302363476374559,-0.018518551410285244,0.15468933720094569,-0.095173863090996291,0.056145134586170986,0.44217687074829931,-0.026505710517200763,-0.013796652959173816,,
MATSUI,breakout_1,-1,13,all,258,254,-0.032702333235120791,-0.016142906323731165,0.1350851473399016,-0.10380066833370638,0.055142868469825662,0.42125984251968501,-0.026063586982854301,-0.0066387462522664916,,
MATSUI,sweep_13,-1,13,all,79,78,-0.055490465977278781,-0.035674568310294141,0.14611404382048113,-0.084094186519655667,0.031149771949135874,0.38461538461538464,-0.026462305180514241,-0.029028160796764534,,
MATSUI,sweep_1,1,13,all,194,191,0.031934614376611631,0.0061349693251533388,0.13409401147063355,-0.060499767425900408,0.10842191734760009,0.51832460732984298,0.027319148266238647,0.004615466110372988,,
MATSUI,sweep_13,1,13,all,62,62,0.0091511283526587352,-0.025034253278528096,0.11384518974264794,-0.06336727791286545,0.076207482993197295,0.41935483870967744,0.02734194448560422,-0.018190816132945483,,
MATSUI,sweep_4,1,13,all,133,129,0.011248174429574789,-0.012618296529968487,0.11749212816675383,-0.064257028112449821,0.076666666666666661,0.46511627906976744,0.026884545931826331,-0.015636371502251542,,
MATSUI,fvg_disp,-1,13,all,84,82,-0.030921510113842823,-0.0088972947973988692,0.134893834270985,-0.10440695296523511,0.054770137208605296,0.47560975609756095,-0.025776379082554052,-0.0051451310312887796,,
MATSUI,fvg_raw,-1,13,all,132,130,-0.037271701336973696,-0.014969460751407371,0.14181624767080966,-0.12593785596663243,0.055468756385074119,0.46153846153846156,-0.025184489446036028,-0.012087211890937673,,
MATSUI,breakout_4,-1,13,all,140,139,-0.030323431132107483,-0.016949152542372836,0.12313889619304479,-0.099941963963036451,0.052758760662222404,0.41007194244604317,-0.026498569783909597,-0.0038248613481978878,,
MATSUI,sweep_fvg,-1,13,all,26,24,-0.0077898542802174037,-0.0014098966850007444,0.075929789940186287,-0.048931230060262232,0.041122053998413094,0.5,-0.027132950148204538,0.019343095867987135,,
MATSUI,breakout_13,-1,13,all,66,66,-0.053222910033009739,-0.048446115288220515,0.12685635217892238,-0.12267288806217197,0.025198801445217134,0.31818181818181818,-0.025718188939312183,-0.027504721093697553,,
MATSUI,fvg_disp,1,13,all,77,77,0.011414676403738947,0.0075549450549450281,0.1313577008298068,-0.081967213114754078,0.057297297297297378,0.54545454545454541,0.025941048754424562,-0.014526372350685613,,
MATSUI,breakout_52,-1,13,all,24,24,-0.069881492723667837,-0.052587351754241451,0.12325675723134263,-0.13956908037606514,0.0046803634864247545,0.29166666666666669,-0.024270845819429412,-0.045610646904238432,,
MATSUI,breakout_13,1,13,all,97,97,0.035086844443211355,0.023929471032745564,0.15601011494162698,-0.051344743276283578,0.10793131643499598,0.55670103092783507,0.026177980620430794,0.0089088638227805533,,
MATSUI,breakout_52,1,13,all,59,59,0.050263029153187234,0.023929471032745564,0.16981014718000031,-0.045986888460006703,0.11175056993499399,0.57627118644067798,0.026604771159125171,0.023658257994062053,,
MATSUI,sweep_fvg,1,13,all,25,25,0.01439318751823568,0.0075549450549450281,0.13246309585986832,-0.093413173652694637,0.058104001906163383,0.56000000000000005,0.028463978382366858,-0.014070790864131178,,
MATSUI,sweep_52,-1,13,all,32,32,-0.054156233013719898,-0.0092751386268793423,0.15252793131937034,-0.081904414912048251,0.045330945748773055,0.4375,-0.028309243423675565,-0.025846989590044337,,
MATSUI,sweep_52,1,13,all,24,24,0.0051182744475918029,-0.023032905836686046,0.10308066545614238,-0.061587777513696706,0.073166081719311937,0.41666666666666669,0.026937947809981207,-0.021819673362389404,,
MATSUI,sweep_1,-1,13,early,127,127,-0.042358810931577937,-0.022556448858882305,0.13964586115615626,-0.093728661950673198,0.033803814352595107,0.41732283464566927,-0.02279988709095768,-0.019558923840620253,,
MATSUI,breakout_1,1,13,early,217,217,0.014964976574622627,-0.0048076923076922906,0.1439129814430776,-0.073239436619718323,0.079925655776661886,0.48847926267281105,0.024282535767567153,-0.0093175591929445245,,
MATSUI,breakout_4,1,13,early,133,133,0.017481887418509413,0.0026041586986846887,0.14709125558199138,-0.063291115573613665,0.075342461816319428,0.51127819548872178,0.02428708596770077,-0.0068051985491913618,,
MATSUI,fvg_raw,1,13,early,112,112,0.024018037790896944,0.0079466181377009226,0.13834624521092673,-0.054994163011365532,0.080810383564779875,0.5267857142857143,0.02416366178907637,-0.00014562399817942253,,
MATSUI,sweep_4,-1,13,early,90,90,-0.037453897529423033,0.0031222123104371335,0.17134158307947073,-0.080712225343033794,0.070331205107741407,0.5,-0.023247971930520084,-0.014205925598902951,,
MATSUI,breakout_1,-1,13,early,176,176,-0.034609326527563981,-0.016604632424768395,0.13696382241792801,-0.10340211027455293,0.055615588399330729,0.42045454545454547,-0.024285483056290059,-0.010323843471273915,,
MATSUI,sweep_13,-1,13,early,43,43,-0.044474175342198691,0.003236236110415569,0.16704456215107652,-0.058721056411671801,0.068217054263565891,0.51162790697674421,-0.021226494375499626,-0.02324768096669905,,
MATSUI,sweep_1,1,13,early,126,126,0.03687127683058606,0.022093803519384725,0.13638318363794127,-0.06234069931454303,0.096446610540993349,0.53968253968253965,0.025838704213264691,0.011032572617321365,,
MATSUI,sweep_13,1,13,early,40,40,0.017492553017654407,0.0026519672878673739,0.1132040043276246,-0.059642238679488618,0.078686440677966096,0.5,0.025436694031459501,-0.0079441410138050943,,
MATSUI,sweep_4,1,13,early,90,90,0.0056618412500336968,-0.011895593817041639,0.1107114173396713,-0.067084679172775025,0.05419809144336446,0.4777777777777778,0.025749368617307995,-0.020087527367274292,,
MATSUI,fvg_disp,-1,13,early,57,57,-0.048536612198978347,-0.042606516290726759,0.14076395712815312,-0.1253730454881512,0.042016806722689037,0.40350877192982454,-0.024004973559416425,-0.024531638639561929,,
MATSUI,fvg_raw,-1,13,early,93,93,-0.048732546428566961,-0.038585209003215493,0.14405023843328826,-0.13309352517985618,0.047101427681980113,0.41935483870967744,-0.023389179808000045,-0.025343366620566899,,
MATSUI,breakout_4,-1,13,early,95,95,-0.040721335369056956,-0.029629629629629672,0.12177910251192867,-0.11478000238870256,0.040126050420168036,0.36842105263157893,-0.024794888302612606,-0.01592644706644435,,
MATSUI,sweep_fvg,-1,13,early,12,12,-0.021857966203472967,-0.015079967756862711,0.087532112071029358,-0.063987558987558979,0.037355180403839783,0.41666666666666669,-0.02137192441542916,-0.00048604178804380799,,
MATSUI,breakout_13,-1,13,early,49,49,-0.068550990128859415,-0.074303405572755388,0.13292767265385755,-0.13720316622691286,-0.0036363636363636598,0.24489795918367346,-0.024690103693821273,-0.043860886435038153,,
MATSUI,fvg_disp,1,13,early,55,55,0.0045867222910231853,0.0043923865300146137,0.1221465650220059,-0.067583047952040232,0.057017442974889865,0.52727272727272723,0.024328120499814861,-0.019741398208791675,,
MATSUI,breakout_52,-1,13,early,18,18,-0.095775228019641528,-0.087581921328927725,0.13213511749906373,-0.16593377061439568,-0.018211612743309291,0.16666666666666666,-0.022414173034924115,-0.0733610549847174,,
MATSUI,breakout_13,1,13,early,65,65,0.030823270550148822,0.0032679738562091387,0.1560960374996509,-0.054927302100161501,0.084645676315736162,0.50769230769230766,0.024065736231969975,0.0067575343181788348,,
MATSUI,breakout_52,1,13,early,40,40,0.046485141842798693,0.0073976756889114759,0.15880022775126063,-0.040718870077792069,0.092376713095550123,0.52500000000000002,0.024498670273914037,0.021986471568884662,,
MATSUI,sweep_fvg,1,13,early,15,15,0.03524229165970829,0.056737588652482351,0.14696902158490022,-0.076907327939201353,0.070024172084630298,0.59999999999999998,0.026374717789004958,0.0088675738707033359,,
MATSUI,sweep_52,-1,13,early,16,16,-0.013712866712378882,0.019488161416281347,0.15499465269796517,-0.017225295774087379,0.067441860465116271,0.6875,-0.023326140576982207,0.0096132738646033233,,
MATSUI,sweep_52,1,13,early,14,14,0.040985740109415761,0.05432212606989173,0.116560799112899,-0.048694940715703655,0.10169287548138645,0.6428571428571429,0.02315863633456337,0.017827103774852384,,
MATSUI,sweep_1,-1,13,late,73,72,-0.052978716731118793,-0.036032571956612025,0.11998706593298576,-0.12441088543040535,0.022394293317563596,0.34722222222222221,-0.035077637812765232,-0.017901078918353575,,
MATSUI,breakout_1,1,13,late,84,78,0.023917620113164919,0.025067836081522965,0.13118330870657302,-0.057459634811276888,0.10698272413081189,0.60256410256410253,0.035159821589938904,-0.011242201476773982,,
MATSUI,breakout_4,1,13,late,52,51,0.035246258498398755,0.025801952580195353,0.1363002274575231,-0.048430029258545615,0.09990837898122118,0.62745098039215685,0.035152746946279748,9.3511552118992513e-05,,
MATSUI,fvg_raw,1,13,late,38,36,0.019226936774637077,0.0086794333117862221,0.14349238213980431,-0.080058590282298642,0.076768218003674171,0.55555555555555558,0.035155812625198707,-0.015928875850561644,,
MATSUI,sweep_4,-1,13,late,60,55,-0.053071435976569353,-0.036175710594315236,0.11947872443084628,-0.12922697705186559,0.01793083721297245,0.32727272727272727,-0.035134018435065736,-0.01793741754150361,,
MATSUI,breakout_1,-1,13,late,76,72,-0.037960320515031204,-0.020729560447705797,0.13111333966985972,-0.11665439997668114,0.051065140865049624,0.3888888888888889,-0.035077637812765232,-0.0028826827022659738,,
MATSUI,sweep_13,-1,13,late,36,35,-0.069024765900377191,-0.04046997389033935,0.11635447038939049,-0.11944743679107783,-0.0045149356543161545,0.22857142857142856,-0.035109652259761794,-0.033915113640615391,,
MATSUI,sweep_1,1,13,late,66,63,0.02656207187218565,0,0.12990171846823406,-0.046073180254264212,0.12508359456635321,0.49206349206349204,0.035103696083576406,-0.0085416242113907394,,
MATSUI,sweep_13,1,13,late,21,21,-0.0013657527765041921,-0.037940379403794022,0.11682965554981019,-0.060698027314112335,0.07261146496815285,0.2857142857142857,0.034984572559868213,-0.036350325336372412,,
MATSUI,sweep_4,1,13,late,42,38,0.027502635353864779,-0.023032905836686046,0.13254659558723692,-0.052507165846978926,0.11533343592900386,0.44736842105263158,0.035092724180076945,-0.0075900888262121751,,
MATSUI,fvg_disp,-1,13,late,24,22,-0.0018892363532134395,0.017370180754362141,0.1161001472756885,-0.040282445651984133,0.054770137208605296,0.59090909090909094,-0.035151074757778497,0.033261838404565064,,
MATSUI,fvg_raw,-1,13,late,35,33,-0.016752404009967393,0.0053285968028419228,0.13801004685351809,-0.10444444444444434,0.055649241146711659,0.54545454545454541,-0.03517950196229977,0.01842709795233238,,
MATSUI,breakout_4,-1,13,late,40,39,-0.017606261377886633,-0.0089171974522292974,0.12751117179081259,-0.094250398090131027,0.05638395953337122,0.46153846153846156,-0.034943337493969238,0.017337076116082609,,
MATSUI,sweep_fvg,-1,13,late,12,10,-0.012417025098396928,-0.0030231123981124264,0.050078843712103839,-0.040282445651984133,0.02339097273012225,0.5,-0.034895229917087101,0.022478204818690173,,
MATSUI,breakout_13,-1,13,late,14,14,-0.018685232666778011,-0.0022264558689717995,0.10327538019720305,-0.0590229239209763,0.025198801445217134,0.5,-0.034895229917087101,0.01620999725030909,,
MATSUI,fvg_disp,1,13,late,21,21,0.039467739011608854,0.0098039215686274161,0.14849146154099435,-0.081967213114754078,0.075362318840579645,0.61904761904761907,0.034984572559868213,0.0044831664517406252,,
MATSUI,breakout_52,-1,13,late,5,5,0.01594991367676004,0.0053285968028419228,0.024180570379402976,0.0044642857142856984,0.029876977152899831,0.80000000000000004,-0.034895229917087101,0.05084514359384714,,
MATSUI,breakout_13,1,13,late,32,32,0.04374722891349464,0.036128466128466208,0.15796641733036354,-0.050799148782033843,0.11122059616978441,0.65625,0.035247016573037776,0.0085002123404568607,,
MATSUI,breakout_52,1,13,late,19,19,0.058216476122426246,0.025801952580195353,0.19539169002721188,-0.065019833311048714,0.1677411684215796,0.68421052631578949,0.034895229917087094,0.023321246205339121,,
MATSUI,sweep_fvg,1,13,late,10,10,-0.016880468693973239,-0.037058671441840829,0.10667506383337526,-0.091740097041689006,0.02013902595087419,0.5,0.034895229917087101,-0.051775698611060336,,
MATSUI,sweep_52,-1,13,late,16,16,-0.094599599315060928,-0.042532284242467022,0.1434146485419158,-0.15416672715395213,-0.0092416774402068191,0.1875,-0.034895229917087101,-0.059704369397973821,,
MATSUI,sweep_52,1,13,late,10,10,-0.04509617747896174,-0.046794810275252841,0.052217835285897712,-0.071960221114242384,-0.027498932365344564,0.10000000000000001,0.035082849466927461,-0.080179026945889187,,
MATSUI_ADJ,sweep_1,-1,1,all,222,222,-0.0040210503773665746,-0.0055447611830593546,0.034491117583840422,-0.023793464690651023,0.016701829437171578,0.40990990990990989,-0.0026077064049888528,-0.0014133439723777212,,
MATSUI_ADJ,breakout_1,1,1,all,311,311,0.0047527947373794807,0,0.043398206645854774,-0.018458186973274227,0.020241865489203592,0.47909967845659163,0.0025918569863596992,0.0021609377510197819,,
MATSUI_ADJ,breakout_4,1,1,all,200,200,0.0046196317843702405,-0.0026413702952959861,0.041976843616148923,-0.018687588253615189,0.021304452173614874,0.46999999999999997,0.0025888585065867191,0.0020307732777835206,,
MATSUI_ADJ,fvg_raw,1,1,all,165,165,0.0063737775381683369,0,0.043103914442361661,-0.018567566617385567,0.025936780960461814,0.48484848484848486,0.0025779045374794821,0.0037958730006888539,,
MATSUI_ADJ,sweep_4,-1,1,all,169,169,-0.00057316487718347259,-0.002570761149082168,0.038624814586022821,-0.020512633480057163,0.022408878020394041,0.47337278106508873,-0.0026142922906109167,0.0020411274134274444,,
MATSUI_ADJ,breakout_1,-1,1,all,254,253,-0.0041838204283004389,-0.0044378075404236661,0.045381667537525677,-0.032075292625912466,0.019773912259525073,0.42292490118577075,-0.0026151865027367535,-0.0015686339255636852,,
MATSUI_ADJ,sweep_13,-1,1,all,97,97,-0.0078550151407045729,-0.0060423432392442411,0.037692297998884107,-0.024725228758077922,0.016194346236051538,0.41237113402061853,-0.0026262083491099138,-0.0052288067915946569,,
MATSUI_ADJ,sweep_1,1,1,all,203,203,0.0015636999696582751,-0.0030211951220178168,0.045128792044082322,-0.021972233890030279,0.020131802374758312,0.44334975369458129,0.0026921623482054711,-0.0011284623785471975,,
MATSUI_ADJ,sweep_4,1,1,all,134,134,0.0034759683797998151,-0.0028537149459852973,0.047492236531313375,-0.019263110417160667,0.018718135854835671,0.45522388059701491,0.0026805269580541043,0.00079544142174571043,,
MATSUI_ADJ,fvg_disp,-1,1,all,81,81,-0.01645048503668,-0.0098358851810953496,0.052973191286960944,-0.039702006378105503,0.0057226275115644931,0.29629629629629628,-0.0025906453618822615,-0.013859839674797739,,
MATSUI_ADJ,fvg_raw,-1,1,all,132,132,-0.010362167327031296,-0.0097724007339693442,0.049753919353775718,-0.033387732896845657,0.018002217293491329,0.36363636363636365,-0.0025206714889749698,-0.0078414958380563279,,
MATSUI_ADJ,breakout_4,-1,1,all,136,136,-0.0075857261587441958,-0.0098200837235472571,0.051688188910619687,-0.038818796994940452,0.019678271034131972,0.375,-0.0026300385881177818,-0.0049556875706264119,,
MATSUI_ADJ,sweep_13,1,1,all,60,60,-0.00034838039150561864,-0.0016394910578453326,0.054329971033401925,-0.022786211236387383,0.025301941253505378,0.46666666666666667,0.0026871468317600004,-0.0030355272232656196,,
MATSUI_ADJ,sweep_fvg,-1,1,all,26,26,-0.00865328873513449,-0.0043027531806444363,0.026251574231865853,-0.024860416817030051,0.0051434307180704963,0.30769230769230771,-0.0025345314326928525,-0.0061187573024416358,,
MATSUI_ADJ,breakout_13,-1,1,all,64,64,-0.013587237310129332,-0.019745206099888724,0.061517518891046362,-0.051008459574284792,0.017345601514577064,0.328125,-0.0025666734786877359,-0.011020563831441593,,
MATSUI_ADJ,fvg_disp,1,1,all,82,82,0.0055769126895935913,0.00089356733652945497,0.045800818625015206,-0.017727213465996733,0.024832463114130454,0.5,0.0026008986876649596,0.0029760140019286299,,
MATSUI_ADJ,sweep_52,1,1,all,24,24,0.0048067245089781037,0.001355112816162074,0.038897617191676601,-0.014452522091668946,0.027443098037227442,0.5,0.0026583584005700537,0.00214836610840805,,
MATSUI_ADJ,breakout_52,-1,1,all,20,20,-0.027155924726843271,-0.032403253499768248,0.046473728625876676,-0.057368330892564046,0.0073529034853657693,0.25,-0.0023891679025431775,-0.024766756824300094,,
MATSUI_ADJ,breakout_13,1,1,all,105,105,0.0053415839328934747,0,0.04368404796810909,-0.018567566617385567,0.025936780960461814,0.49523809523809526,0.0026171334711275721,0.0027244504617659018,,
MATSUI_ADJ,breakout_52,1,1,all,69,69,0.0069764624568269097,0.0017871346730589099,0.043927188866415064,-0.017283943706560612,0.025936780960461814,0.50724637681159424,0.0026667362160936099,0.0043097262407333003,,
MATSUI_ADJ,sweep_fvg,1,1,all,25,25,0.013080915861266989,0.0048134951231622036,0.039639931828337957,-0.014577044719172316,0.027026989847729332,0.52000000000000002,0.0028218226034298606,0.010259093257837129,,
MATSUI_ADJ,sweep_52,-1,1,all,47,47,-0.0062675978295657605,-0.0039421573937203913,0.044644512000015867,-0.027031082928558381,0.020845816930106897,0.46808510638297873,-0.0028046563846966079,-0.0034629414448691521,,
MATSUI_ADJ,sweep_1,-1,1,early,145,145,-0.0029037755664170764,-0.0060239900405936186,0.032613374646631735,-0.020761233111026067,0.015999815296216857,0.40000000000000002,-0.0021522457795792819,-0.00075152978683779535,,
MATSUI_ADJ,breakout_1,1,1,early,225,225,0.0065980357656727998,0.0017871346730589099,0.043394289566848585,-0.016161780647288793,0.020408537247363912,0.50222222222222224,0.0022185349042622665,0.0043795008614105364,,
MATSUI_ADJ,breakout_4,1,1,early,145,145,0.0073147218181948363,0,0.043499796383769475,-0.015495820459447307,0.024868207899481298,0.48965517241379308,0.0022172508534209494,0.0050974709647738882,,
MATSUI_ADJ,fvg_raw,1,1,early,122,122,0.0080302616272542142,0,0.045596848527435896,-0.017727213465996733,0.026273214065515471,0.48360655737704916,0.0022208622464121529,0.0058093993808420608,,
MATSUI_ADJ,sweep_4,-1,1,early,106,106,0.0018800888342893199,0.0029903382664298594,0.035045340800534779,-0.016659000520806655,0.022843615574094617,0.52830188679245282,-0.0021319402114400605,0.0040120290457293806,,
MATSUI_ADJ,breakout_1,-1,1,early,179,179,-0.0040674301382334702,-0.0047334929813591664,0.047247964217839125,-0.031724092487022126,0.021148948680040747,0.41899441340782123,-0.0022296385366421733,-0.0018377916015912977,,
MATSUI_ADJ,sweep_13,-1,1,early,56,56,-0.0081125341855095012,-0.0056807407191882264,0.041281619977144253,-0.019376611407027677,0.013620960939195237,0.42857142857142855,-0.0020712473939194262,-0.0060412867915900764,,
MATSUI_ADJ,sweep_1,1,1,early,137,137,-0.00053711145241884615,-0.0032789821156906651,0.042269767483056879,-0.023728674553744056,0.018987150389786045,0.42335766423357662,0.0022858409597210378,-0.0028229524121398831,,
MATSUI_ADJ,sweep_4,1,1,early,93,93,-0.0023447853975260744,-0.005253816679333223,0.043430717025784167,-0.025641353620853624,0.017857131018095496,0.44086021505376344,0.0022940609108037559,-0.004638846308329829,,
MATSUI_ADJ,fvg_disp,-1,1,early,59,59,-0.013120046667331424,-0.011764367308543244,0.05056917059812821,-0.041749231544289778,0.012367619793282991,0.33898305084745761,-0.0022297377037634163,-0.01089030896356801,,
MATSUI_ADJ,fvg_raw,-1,1,early,98,98,-0.0068215722157800359,-0.0097724007339693442,0.045493286529061649,-0.028900291469810435,0.023051722666889596,0.39795918367346939,-0.0021674283705218934,-0.0046541438452581451,,
MATSUI_ADJ,breakout_4,-1,1,early,98,98,-0.010069955146665945,-0.015230650187189165,0.053105921880222146,-0.043260460967704306,0.020573335015594801,0.37755102040816324,-0.0022529225719463085,-0.0078170325747196345,,
MATSUI_ADJ,sweep_13,1,1,early,42,42,-0.0098054670858624699,-0.0042663993975119441,0.045435003695236405,-0.030768900613106859,0.02080195763253162,0.42857142857142855,0.0022956696726585163,-0.012101136758520984,,
MATSUI_ADJ,sweep_fvg,-1,1,early,16,16,-0.006384227669620636,-0.0048702596009697618,0.030694480485810811,-0.022650466613431453,0.0098809012272101648,0.375,-0.0020244927525154485,-0.0043597349171051875,,
MATSUI_ADJ,breakout_13,-1,1,early,50,50,-0.021045097196324969,-0.025945143802851511,0.059533339384571053,-0.055784315005345919,0.012352368889863158,0.32000000000000001,-0.0022418083257611347,-0.018803288870563831,,
MATSUI_ADJ,fvg_disp,1,1,early,58,58,0.0055545134257614153,0,0.048564772100305,-0.017727213465996733,0.024269146169372091,0.48275862068965519,0.002202805281456134,0.0033517081443052814,,
MATSUI_ADJ,sweep_52,1,1,early,15,15,0.0074819157937613991,0.017857131018095496,0.046914307951386645,-0.018328262287120922,0.032971017634916722,0.59999999999999998,0.0021859521141638499,0.00529596367959755,,
MATSUI_ADJ,breakout_52,-1,1,early,16,16,-0.029671976179625414,-0.044592152236790916,0.05055719017136906,-0.059760704118008545,0.029871176411691291,0.3125,-0.0020899492504810168,-0.027582026929144399,,
MATSUI_ADJ,breakout_13,1,1,early,69,69,0.0078490293128105106,0.0017871346730589099,0.045653296725960406,-0.017123639409253322,0.025936780960461814,0.50724637681159424,0.0021829164504900841,0.0056661128623204269,,
MATSUI_ADJ,breakout_52,1,1,early,44,44,0.012708857327074356,0.0025657172649153903,0.04480886942680247,-0.012815896902085344,0.031028481034666433,0.52272727272727271,0.0021970598835155818,0.010511797443558775,,
MATSUI_ADJ,sweep_fvg,1,1,early,13,13,0.019612878005866061,0.017360874578786101,0.031208720675790894,-0.0037453440186523412,0.044368474873519581,0.61538461538461542,0.002261143168237118,0.017351734837628943,,
MATSUI_ADJ,sweep_52,-1,1,early,24,24,-0.0073508232268427037,-0.0013263128659509738,0.054469679451268682,-0.019866443281774504,0.021001461030644514,0.5,-0.0022208622464121529,-0.0051299609804305521,,
MATSUI_ADJ,sweep_1,-1,1,late,77,77,-0.0061250094369467989,-0.005110317223018912,0.037910026157661036,-0.02933693709903884,0.02093388527395823,0.42857142857142855,-0.0033566367012277587,-0.0027683727357190398,,
MATSUI_ADJ,breakout_1,1,1,late,86,86,-7.4870743620482512e-05,-0.0046843812069204405,0.043288155562133487,-0.02448885220686875,0.019516494338621848,0.41860465116279072,0.0034145054238741623,-0.0034893761674946455,,
MATSUI_ADJ,breakout_4,1,1,late,55,55,-0.0024856055775309672,-0.0075188695169885467,0.037102891125423601,-0.025349575944909108,0.018957794946200424,0.41818181818181815,0.0034200653599715625,-0.0059056709375025296,,
MATSUI_ADJ,fvg_raw,1,1,late,43,43,0.0016739854714595695,0,0.035136146613408817,-0.023858741581923637,0.022974357767144848,0.48837209302325579,0.0034363480299710886,-0.0017623625585115182,,
MATSUI_ADJ,sweep_4,-1,1,late,63,63,-0.0047008615980742028,-0.0068165558591068987,0.043987792552855308,-0.027549410370012239,0.022207679026531146,0.38095238095238093,-0.0033878089053112521,-0.0013130526927629506,,
MATSUI_ADJ,breakout_1,-1,1,late,74,73,-0.003741508612919209,-0.0030033135972407088,0.040618880220136093,-0.031900181100843028,0.016064423617815238,0.43835616438356162,-0.0034121117136169639,-0.00032939689930224327,,
MATSUI_ADJ,sweep_13,-1,1,late,41,41,-0.0075032818112149135,-0.0068165558591068987,0.032653422992221064,-0.027826044382276427,0.022193045134041856,0.3902439024390244,-0.0033521740845243947,-0.0041511077266905188,,
MATSUI_ADJ,sweep_1,1,1,late,66,66,0.0059244751942729053,-0.00066138412531063784,0.050617624199964212,-0.018188567220574686,0.021396649134279744,0.48484848484848486,0.0034115268866791262,0.0025129483075937769,,
MATSUI_ADJ,sweep_4,1,1,late,41,41,0.016679141582026834,0,0.053886928281370566,-0.010920517198442448,0.032388703348787073,0.48780487804878048,0.0034438064808334536,0.013235335101193379,,
MATSUI_ADJ,fvg_disp,-1,1,late,22,22,-0.025382115209023913,-0.0073665096952187925,0.059266667332624139,-0.032866494717622596,-0.00032132805722978608,0.18181818181818182,-0.0034969116196034767,-0.021885203589420432,,
MATSUI_ADJ,fvg_raw,-1,1,late,33,33,-0.01945410803480515,-0.0089859401995724397,0.060562239445184296,-0.034394896003784314,0.0055709830431551755,0.27272727272727271,-0.0034826808307827513,-0.015971427204022396,,
MATSUI_ADJ,breakout_4,-1,1,late,37,37,0.00033792680154512346,-0.0044378075404236661,0.047642230364637821,-0.025993870889880144,0.017460153357520936,0.3783783783783784,-0.0033342190879503226,0.0036721458894954486,,
MATSUI_ADJ,sweep_13,1,1,late,18,18,0.021718155228660368,0.0017288048938900458,0.067298268914216697,-0.013118324159649031,0.033893347840035004,0.55555555555555558,0.003335629346301926,0.018382525882358437,,
MATSUI_ADJ,sweep_fvg,-1,1,late,10,10,-0.012283786439956656,-0.0043027531806444363,0.017895307923587383,-0.030805051676648265,-0,0.20000000000000001,-0.0034712961997261709,-0.0088124902402304858,,
MATSUI_ADJ,breakout_13,-1,1,late,13,13,0.018459855141622225,0,0.062388069267096002,-0.0080571171925003515,0.044657021602267144,0.38461538461538464,-0.0032834497872926004,0.021743304928914835,,
MATSUI_ADJ,fvg_disp,1,1,late,24,24,0.0056310442438546838,0.0040578712878179823,0.039275061462915643,-0.017443268776070386,0.025500432664127548,0.54166666666666663,0.0033225844565495945,0.0023084597873050893,,
MATSUI_ADJ,sweep_52,1,1,late,9,9,0.00034807236767261013,-0.0089287195220796312,0.02150572112590669,-0.014399822851484667,0.002710225632324148,0.33333333333333331,0.0033878089053112508,-0.0030397365376386401,,
MATSUI_ADJ,breakout_52,-1,1,late,3,3,-0.0036868102632470201,-0.0030033135972407088,0.0040718128803706706,-0.0055302153948705302,-0.0015016567986203544,0,-0.0032834497872926004,-0.00040336047595441988,,
MATSUI_ADJ,breakout_13,1,1,late,36,36,0.00053564695471915635,-0.0017963237795094456,0.03981036303471458,-0.021628401041998785,0.023375841888403026,0.47222222222222221,0.0034660782438252387,-0.0029304312891060818,,
MATSUI_ADJ,breakout_52,1,1,late,25,25,-0.0031125525148085931,0,0.041274084961871578,-0.020441562578008221,0.017698954379634424,0.47999999999999998,0.0032834497872926004,-0.0063960023021011917,,
MATSUI_ADJ,sweep_fvg,1,1,late,12,12,0.0060046235379513273,-0.0017963237795094456,0.04754750533021198,-0.017443268776070386,0.017687546489396633,0.41666666666666669,0.0032834497872926004,0.0027211737506587252,,
MATSUI_ADJ,sweep_52,-1,1,late,23,23,-0.0051372756758854719,-0.0039421573937203913,0.032604230587067025,-0.029428660889603497,0.019630773981503591,0.43478260869565216,-0.0032834497872926004,-0.0018538258885928724,,
MATSUI_ADJ,sweep_1,-1,4,all,222,222,-0.012223962749199676,-0.00651090616090233,0.070470871121333059,-0.043692036834375725,0.030857331703326496,0.45045045045045046,-0.01032230290846485,-0.0019016598407348229,,
MATSUI_ADJ,breakout_1,1,4,all,311,309,0.0046970866570599451,0,0.080195745126543788,-0.045731839627472071,0.050847158007927717,0.49190938511326859,0.010270374225202911,-0.0055732875681429664,,
MATSUI_ADJ,breakout_4,1,4,all,200,200,0.0059662572412443552,-0.00091748954402881555,0.076793321612475401,-0.044117506386573635,0.051396726631475043,0.48999999999999999,0.010275662934078533,-0.0043094056928341829,,
MATSUI_ADJ,fvg_raw,1,4,all,165,163,0.0048616125080537965,-0.0039867330388523303,0.082590997051166876,-0.047224215264118574,0.046554713674011761,0.47239263803680981,0.010210515950567855,-0.0053489034425140579,,
MATSUI_ADJ,sweep_4,-1,4,all,169,168,-0.0079932096642411823,0.0026181538135450766,0.071192517621854273,-0.044413547316472457,0.033988368478939129,0.52380952380952384,-0.010330197410338153,0.0023369877460969707,,
MATSUI_ADJ,breakout_1,-1,4,all,254,252,-0.022151941824532818,-0.0098134720913675144,0.090349572191816122,-0.060457918925425513,0.023529328078782663,0.41666666666666669,-0.010370949228056783,-0.011780992596476032,,
MATSUI_ADJ,sweep_13,-1,4,all,97,96,-0.014744389788263998,-0.0016865858957160196,0.073258705296031887,-0.053769737060073597,0.033006640884501864,0.46875,-0.010346543508275921,-0.0043978462799880757,,
MATSUI_ADJ,sweep_1,1,4,all,203,203,0.0085463342773442492,0.0065355920407716983,0.077739440128493362,-0.032307871533409416,0.047074822091172641,0.53694581280788178,0.010678030742765271,-0.0021316964654210244,,
MATSUI_ADJ,sweep_4,1,4,all,134,134,0.011046077009538198,0.0066553009869346758,0.069016497354005266,-0.033733752480944706,0.047985397787971951,0.52985074626865669,0.010640378539762029,0.00040569846977617062,,
MATSUI_ADJ,fvg_disp,-1,4,all,81,81,-0.033181343466553583,-0.012601800314568035,0.104593320156007,-0.070632188530690865,0.023206481400265933,0.37037037037037035,-0.010291696344084122,-0.022889647122469464,,
MATSUI_ADJ,fvg_raw,-1,4,all,132,132,-0.024582523780373504,-0.010950297840184198,0.094735100383000551,-0.06621335589323929,0.023713499346209671,0.37878787878787878,-0.010012808430787334,-0.014569715349586171,,
MATSUI_ADJ,breakout_4,-1,4,all,136,136,-0.028005948396538329,-0.024887823233600836,0.083794704660421854,-0.068960915380536558,0.020940285326987135,0.34558823529411764,-0.010434623454001762,-0.017571324942536572,,
MATSUI_ADJ,sweep_13,1,4,all,60,60,0.015360705752656471,0.007077747910020582,0.066643793877929375,-0.022285148547148276,0.058468822130323561,0.53333333333333333,0.010656825869453169,0.0047038798832033058,,
MATSUI_ADJ,sweep_fvg,-1,4,all,26,26,-0.016026036807665227,-0.0033030302159093861,0.097158644242365574,-0.053123139779061634,0.023624451794593188,0.46153846153846156,-0.010030177097169983,-0.0059958597104952417,,
MATSUI_ADJ,breakout_13,-1,4,all,64,64,-0.039908104159774346,-0.03175022547969597,0.091460809157093995,-0.091893413668286961,0.013825487461709807,0.328125,-0.010196969734834211,-0.029711134424940132,,
MATSUI_ADJ,fvg_disp,1,4,all,82,82,-0.00037335473254638044,-0.0076694739690622016,0.085044960437099193,-0.045873882755598894,0.038746871787634529,0.42682926829268292,0.010308501491649059,-0.010681856224195438,,
MATSUI_ADJ,sweep_52,1,4,all,24,24,0.023679572703427323,0.0058309584969493677,0.065797373522118299,-0.024583967003787871,0.060691163279169735,0.54166666666666663,0.01052272129682688,0.013156851406600445,,
MATSUI_ADJ,breakout_52,-1,4,all,20,20,-0.048057710827132144,-0.030323146565154779,0.066835348383847221,-0.10333058539879708,0.0045622730561142022,0.34999999999999998,-0.0094966402065425701,-0.038561070620589569,,
MATSUI_ADJ,breakout_13,1,4,all,105,105,0.0089490388455459955,0.008474538546144883,0.083253392582606098,-0.048465440595661158,0.059294983815443514,0.50476190476190474,0.01037575991369151,-0.0014267210681455117,,
MATSUI_ADJ,breakout_52,1,4,all,69,69,0.016187261660695517,0.017278457468881792,0.079630617968280915,-0.031286134331478088,0.069164414868660984,0.52173913043478259,0.010546504455833761,0.0056407572048617505,,
MATSUI_ADJ,sweep_fvg,1,4,all,25,25,0.015609812610584859,0.004109589041095818,0.081342902191164607,-0.022546291242087402,0.050810876642954028,0.52000000000000002,0.011133429542758538,0.0044763830678263197,,
MATSUI_ADJ,sweep_52,-1,4,all,47,47,-0.017940610727576925,0,0.081358472192520417,-0.051723910658051375,0.032097734432578795,0.48936170212765956,-0.011060625480639396,-0.0068799852469375328,,
MATSUI_ADJ,sweep_1,-1,4,early,145,145,-0.011171845651922752,-0.0064515833750888874,0.074018067082109937,-0.039249158894554492,0.030508139618950714,0.4689655172413793,-0.0089434564986697763,-0.002228389153252977,,
MATSUI_ADJ,breakout_1,1,4,early,225,225,0.0054334042279274774,-0.003124830350854424,0.08248366892601966,-0.044807658709382081,0.048860301680305307,0.47111111111111109,0.0092634917237374922,-0.0038300874958100131,,
MATSUI_ADJ,breakout_4,1,4,early,145,145,0.0064700780233173261,-0.0020161842031449773,0.078444076174765315,-0.044117460197499958,0.053045432502117018,0.47586206896551725,0.0092572924941962294,-0.0027872144708789032,,
MATSUI_ADJ,fvg_raw,1,4,early,122,122,0.0062504610386445421,-0.00314406649271326,0.083369734440155135,-0.045685520026770954,0.052486793537326271,0.48360655737704916,0.0092747278272810318,-0.0030242667886364897,,
MATSUI_ADJ,sweep_4,-1,4,early,106,106,-0.0047710209821053076,0.0079255571953669168,0.073053089275435773,-0.039607443696487443,0.036594417162282372,0.57547169811320753,-0.0088454238711363556,0.0040744028890310471,,
MATSUI_ADJ,breakout_1,-1,4,early,177,177,-0.02253888075694515,-0.0081079606134972781,0.093562188313873224,-0.053459156024628696,0.023529281804574365,0.42937853107344631,-0.0092890110097516333,-0.013249869747193513,,
MATSUI_ADJ,sweep_13,-1,4,early,56,56,-0.0071446920869817137,0.0032273874234736155,0.072449114981013557,-0.039368587161865476,0.034323109945547881,0.5357142857142857,-0.0085524068851963401,0.0014077147982146238,,
MATSUI_ADJ,sweep_1,1,4,early,137,137,0.0054407570671133575,0.0060790427670107672,0.078069125707288217,-0.034631969391681561,0.040650812989945218,0.51824817518248179,0.0095884365576024873,-0.0041476794904891281,,
MATSUI_ADJ,sweep_4,1,4,early,93,93,0.004282634756231295,0,0.06645047647353379,-0.034631969391681561,0.040903729644708342,0.4838709677419355,0.0096281214064730079,-0.0053454866502417112,,
MATSUI_ADJ,fvg_disp,-1,4,early,58,58,-0.03589776055606686,-0.023983670922800293,0.11519304788952631,-0.075650085187051463,0.025049665666746324,0.39655172413793105,-0.0092747278272810353,-0.026623032728785835,,
MATSUI_ADJ,fvg_raw,-1,4,early,97,97,-0.026021731379336804,-0.016233929481706433,0.10062711562447205,-0.070632188530690865,0.023529466901407559,0.39175257731958762,-0.0089880334327422633,-0.017033697946594539,,
MATSUI_ADJ,breakout_4,-1,4,early,96,96,-0.033364757966247938,-0.028973816169652333,0.081352208459720687,-0.06897331575336374,0.012084871506690215,0.33333333333333331,-0.0093800662980017182,-0.023984691668246221,,
MATSUI_ADJ,sweep_13,1,4,early,42,42,0.016251321525000924,0.0089906958738389386,0.066626443522650111,-0.022899370449226714,0.057587733629427929,0.52380952380952384,0.0096358882983233821,0.0066154332266775435,,
MATSUI_ADJ,sweep_fvg,-1,4,early,16,16,-0.032202451506195072,-0.025993546655021071,0.11718380666287952,-0.073464513059038172,0.024567608786915746,0.4375,-0.0083266815907948738,-0.023875769915400202,,
MATSUI_ADJ,breakout_13,-1,4,early,49,49,-0.047392541185846494,-0.042964550034296778,0.086043482071434252,-0.099476226158856651,0.0084133703067617027,0.30612244897959184,-0.0093263221802870836,-0.038066219005559405,,
MATSUI_ADJ,fvg_disp,1,4,early,58,58,-9.1144881544175677e-05,-0.0050077829746438263,0.084438427930692617,-0.04363330760584691,0.039306498173554028,0.43103448275862066,0.0091875511618570195,-0.0092786960434011918,,
MATSUI_ADJ,sweep_52,1,4,early,15,15,0.036241064537989316,0.016233929481706433,0.076113432992827162,-0.017788050862601157,0.07738094673210294,0.53333333333333333,0.0091061862741279379,0.027134878263861375,,
MATSUI_ADJ,breakout_52,-1,4,early,16,16,-0.056529039011209051,-0.045146132548906204,0.068496739268493242,-0.11663461125409186,0.0025418489797138233,0.3125,-0.0086426970029569276,-0.047886342008252127,,
MATSUI_ADJ,breakout_13,1,4,early,69,69,0.0096667003340419229,0.008474538546144883,0.083923002928665696,-0.046904125882225367,0.056271203306582418,0.50724637681159424,0.0090915304868972348,0.00057516984714469114,,
MATSUI_ADJ,breakout_52,1,4,early,44,44,0.017795037724455169,0.025404250710644338,0.078426874475784947,-0.027248772778089375,0.05968269178899821,0.54545454545454541,0.0091598131319493778,0.0086352245925057913,,
MATSUI_ADJ,sweep_fvg,1,4,early,13,13,0.043975365445440548,0.045138838641089141,0.072436334705166777,-0.0025424951924464256,0.053045432502117018,0.69230769230769229,0.0094691988501499902,0.034506166595290558,,
MATSUI_ADJ,sweep_52,-1,4,early,24,24,-0.010426807678935918,0.0096304538309417431,0.083674984009709755,-0.040721578831188154,0.034308515459101269,0.58333333333333337,-0.0092747278272810336,-0.0011520798516548858,,
MATSUI_ADJ,sweep_1,-1,4,late,77,77,-0.014205222218097776,-0.0065702289467157726,0.063673292044618426,-0.046337691544818149,0.031331603597767765,0.41558441558441561,-0.013222812921761641,-0.00098240929633613516,,
MATSUI_ADJ,breakout_1,1,4,late,86,84,0.0027248074493790523,0.0037413804162639286,0.074154911185992919,-0.046712187576189196,0.053691549974953734,0.54761904761904767,0.013557624378965752,-0.010832816929586701,,
MATSUI_ADJ,breakout_4,1,4,late,55,55,0.0046380024521428835,0.0026953802855353981,0.072942350349364388,-0.042084612906923669,0.042591602390700367,0.52727272727272723,0.013571016837253919,-0.0089330143851110329,,
MATSUI_ADJ,fvg_raw,1,4,late,43,41,0.00072894127068621247,-0.010623084706142261,0.081101572403729089,-0.053221228854986924,0.032186471109370451,0.43902439024390244,0.013575589871791338,-0.012846648601105123,,
MATSUI_ADJ,sweep_4,-1,4,late,63,62,-0.013502112894989612,-0.0062144947036735232,0.068122030808730569,-0.052028664254477608,0.030735545842867501,0.43548387096774194,-0.013403179093868374,-9.8933801121240997e-05,,
MATSUI_ADJ,breakout_1,-1,4,late,74,72,-0.022292338012561485,-0.013536841524721566,0.083153550623115094,-0.068960915380536558,0.023477043229857053,0.375,-0.013465551228234621,-0.0088267867843268601,,
MATSUI_ADJ,sweep_13,-1,4,late,41,40,-0.025383966570059195,-0.0064739972900377252,0.073971441096926452,-0.083486604727950942,0.029543430333066972,0.375,-0.013207746406187455,-0.012176220163871741,,
MATSUI_ADJ,sweep_1,1,4,late,66,66,0.014992759698581097,0.0071021982122052574,0.077242445141883539,-0.025394008227563047,0.059464390397204192,0.5757575757575758,0.01352414323324534,0.0014686164653357546,,
MATSUI_ADJ,sweep_4,1,4,late,41,41,0.026387543584112393,0.020891528161977702,0.073036049720149473,-0.0074074074074074181,0.06193072909127606,0.63414634146341464,0.013701348321570444,0.012686195262541951,,
MATSUI_ADJ,fvg_disp,-1,4,late,22,22,-0.028460530231964539,-0.0096083692884534333,0.074008261634869288,-0.055535615022040463,0.0019107533321335302,0.27272727272727271,-0.013992879273331099,-0.014467650958633439,,
MATSUI_ADJ,fvg_raw,-1,4,late,33,33,-0.019728491955043462,-0.0067750099330976532,0.07831968853065556,-0.057766425533350541,0.024265596680616008,0.33333333333333331,-0.013914756599983471,-0.0058137353550599931,,
MATSUI_ADJ,breakout_4,-1,4,late,37,37,-0.01670089481813132,-0.0096928539513423395,0.090275988179960839,-0.068789964397940384,0.025830203944257835,0.35135135135135137,-0.013099747088843374,-0.0036011477292879472,,
MATSUI_ADJ,sweep_13,1,4,late,18,18,0.013282602283852751,0.0059154332475888083,0.068568930944615747,-0.007178907113183669,0.056572119259176767,0.55555555555555558,0.013107488975391332,0.0001751133084614168,,
MATSUI_ADJ,sweep_fvg,-1,4,late,10,10,0.0098562267099825303,0.0012738355547556868,0.046102118157371801,-0.011102865343880719,0.0211980061734236,0.5,-0.013852258461305366,0.023708485171287898,,
MATSUI_ADJ,breakout_13,-1,4,late,13,13,-0.012472245186298601,-0.0066060604318187721,0.11288521559926409,-0.060344865321581898,0.032741171184458406,0.38461538461538464,-0.012821039173116703,0.00034879398681810577,,
MATSUI_ADJ,fvg_disp,1,4,late,24,24,-0.0010553618724683754,-0.01110864540280343,0.088324289863239869,-0.062861162050459995,0.018197011243948125,0.41666666666666669,0.013035876524822678,-0.014091238397291051,,
MATSUI_ADJ,sweep_52,1,4,late,9,9,0.0027437529791573359,0.0050558565620799634,0.038981665087046959,-0.024866771139040456,0.0067750099330976532,0.55555555555555558,0.013393938777665964,-0.010650185798508629,,
MATSUI_ADJ,breakout_52,-1,4,late,3,3,0.011189441632719585,0.013428954028268381,0.022754292516308731,0.00041357685685017298,0.023085062606363393,0.66666666666666663,-0.012821039173116706,0.024010480805836291,,
MATSUI_ADJ,breakout_13,1,4,late,36,36,0.0075735209925954722,0.00033054478283217614,0.083118642770279985,-0.05574148863936082,0.069153846889017434,0.5,0.013823613481077909,-0.0062500924884824356,,
MATSUI_ADJ,breakout_52,1,4,late,25,25,0.013357575788478515,-0.0083682146792339873,0.08326493272461695,-0.033290725679307132,0.082810475466474021,0.47999999999999998,0.012821039173116706,0.00053653661536181012,,
MATSUI_ADJ,sweep_fvg,1,4,late,12,12,-0.015119536293842134,-0.016584687974114831,0.082044544669728908,-0.092548438776900888,0.0053143366036672024,0.33333333333333331,0.012821039173116703,-0.027940575466958845,,
MATSUI_ADJ,sweep_52,-1,4,late,23,23,-0.025781100865289282,-0.0040899163446495024,0.079965850330168467,-0.087391254119364103,0.026670933132818375,0.39130434782608697,-0.012821039173116708,-0.012960061692172571,,
MATSUI_ADJ,sweep_1,-1,13,all,222,221,-0.0505389981129871,-0.029940257947586257,0.13715425296014777,-0.11999998978979831,0.033232314695613718,0.39819004524886875,-0.03268454501156566,-0.017854453101421443,,
MATSUI_ADJ,breakout_1,1,13,all,311,305,0.023368812018710175,0.0075990975906374825,0.14155964276105412,-0.067752582339935974,0.092125101609428439,0.53442622950819674,0.031844827161205444,-0.0084760151424952777,,
MATSUI_ADJ,breakout_4,1,13,all,200,199,0.030795690999637946,0.016210613155364539,0.14370821564527594,-0.055095158591674354,0.09181117027289698,0.57286432160804024,0.031979704948286246,-0.0011840139486483058,,
MATSUI_ADJ,fvg_raw,1,13,all,165,162,0.029868199603454982,0.015614684660802847,0.13672832048062589,-0.054110388889747091,0.092369213433331154,0.54938271604938271,0.031626206811036006,-0.0017580072075810233,,
MATSUI_ADJ,sweep_4,-1,13,all,169,163,-0.047828873188316683,-0.025734348082849356,0.15222977416608224,-0.10915125833619677,0.055453799031803919,0.43558282208588955,-0.032495029922610545,-0.01533384326570613,,
MATSUI_ADJ,breakout_1,-1,13,all,254,250,-0.03659589229127979,-0.018323142240562307,0.13548636798709585,-0.10955108572840611,0.054237494207564796,0.40000000000000002,-0.03241421134881442,-0.0041816809424653689,,
MATSUI_ADJ,sweep_13,-1,13,all,97,96,-0.057502315830016228,-0.038030304164297091,0.14016899151026085,-0.098297704225233262,0.045330824595296637,0.38541666666666669,-0.033240431584226481,-0.024261884245789758,,
MATSUI_ADJ,sweep_1,1,13,all,203,200,0.037558700088306411,0.015232348725601197,0.13575319984020595,-0.056258149989563355,0.11691199455986434,0.52500000000000002,0.033529473312749004,0.0040292267755574034,,
MATSUI_ADJ,sweep_4,1,13,all,134,131,0.021570220381755517,0.0057306441430478028,0.11415400366546523,-0.055459217635113467,0.082154278913536327,0.51908396946564883,0.033255762567062086,-0.011685542185306578,,
MATSUI_ADJ,fvg_disp,-1,13,all,81,79,-0.039952175431065079,-0.017857349118167276,0.13757527280858109,-0.11242240130463521,0.047839921229921811,0.43037974683544306,-0.03183099557810417,-0.0081211798529608852,,
MATSUI_ADJ,fvg_raw,-1,13,all,132,130,-0.040964452130185292,-0.027884958200952936,0.13945938477954412,-0.12685032826770259,0.053269322286377208,0.42307692307692307,-0.030893056783467824,-0.010071395346717462,,
MATSUI_ADJ,breakout_4,-1,13,all,136,135,-0.040165308445347936,-0.025308352609166418,0.12731987420219462,-0.11643283385775716,0.044002193652535382,0.37037037037037035,-0.032666521693799362,-0.0074987867515485659,,
MATSUI_ADJ,sweep_13,1,13,all,60,60,0.016060817300362188,-0.013138467234285911,0.10732494038532982,-0.058313867433423566,0.086354422375001627,0.43333333333333335,0.033559640152675103,-0.017498822852312915,,
MATSUI_ADJ,sweep_fvg,-1,13,all,26,24,-0.035142846283312747,-0.020832224494714335,0.078082567877452352,-0.069552190445370254,0.026084129853941262,0.29166666666666669,-0.031387887997952717,-0.0037549582853600313,,
MATSUI_ADJ,breakout_13,-1,13,all,64,64,-0.063094773264812137,-0.06016157663887034,0.12731204474453361,-0.12902563061848571,0.0013852634850735623,0.25,-0.031590682525767688,-0.031504090739044442,,
MATSUI_ADJ,fvg_disp,1,13,all,82,81,0.021199671039969763,0.02162730219208453,0.13200697767916461,-0.070397050140514006,0.075342513733058558,0.55555555555555558,0.032287162121699284,-0.011087491081729524,,
MATSUI_ADJ,sweep_52,1,13,all,24,24,0.031050576207566894,0.015825447429297257,0.10970464705640534,-0.042947553046762288,0.093783111997321367,0.54166666666666663,0.033459668066595304,-0.00240909185902841,,
MATSUI_ADJ,breakout_52,-1,13,all,20,20,-0.086815622651465404,-0.086056433185946357,0.13352554354645677,-0.16130836327397369,0.00018232563411219038,0.25,-0.029038118445802823,-0.057777504205662564,,
MATSUI_ADJ,breakout_13,1,13,all,105,105,0.045287923710905981,0.037662343519440533,0.15144026707467023,-0.04052242336079237,0.11705656519621477,0.59999999999999998,0.03262682241930704,0.01266110129159893,,
MATSUI_ADJ,breakout_52,1,13,all,69,69,0.066884238090852782,0.040973018364106828,0.16653102533552031,-0.036494597973082299,0.12792171908029792,0.62318840579710144,0.033721988413778804,0.033162249677073978,,
MATSUI_ADJ,sweep_fvg,1,13,all,25,24,0.033900654879891794,0.032247678495476051,0.13227917673987913,-0.073929068549274363,0.073437501085995338,0.58333333333333337,0.03597211127625257,-0.0020714563963607816,,
MATSUI_ADJ,sweep_52,-1,13,all,47,47,-0.042993419579478692,-0.020112506096261917,0.13292797490126154,-0.084663544306941785,0.047897337129287176,0.42553191489361702,-0.036164758772643739,-0.006828660806834936,,
MATSUI_ADJ,sweep_1,-1,13,early,144,144,-0.048636221084850204,-0.021334572551427788,0.14418073949482332,-0.11854159227292776,0.043864637078980417,0.43055555555555558,-0.028118596744084345,-0.020517624340765858,,
MATSUI_ADJ,breakout_1,1,13,early,223,223,0.020642146559573641,0.0014130612457539105,0.14505712437373242,-0.072656124554074275,0.086374764277341254,0.5112107623318386,0.029389561898736913,-0.0087474153391632701,,
MATSUI_ADJ,breakout_4,1,13,early,144,144,0.02395149558206762,0.0061564743369307839,0.14523260111910363,-0.059917112942884793,0.084799853271911529,0.54861111111111116,0.029385144442886577,-0.0054336488608189648,,
MATSUI_ADJ,fvg_raw,1,13,early,121,121,0.027654242408237325,0.011527435914033823,0.13500229582061482,-0.048101512109299804,0.085948310797324678,0.53719008264462809,0.029442133274145812,-0.0017878908659084863,,
MATSUI_ADJ,sweep_4,-1,13,early,105,105,-0.043990651274858045,0,0.16729707558833584,-0.11999998978979831,0.071874976037306748,0.49523809523809526,-0.027692393391471525,-0.016298257883386517,,
MATSUI_ADJ,breakout_1,-1,13,early,174,174,-0.037952693445600968,-0.017233797091154579,0.13762042903915919,-0.10643962997088552,0.053829716727223725,0.40804597701149425,-0.02940940780876402,-0.0085432856368369541,,
MATSUI_ADJ,sweep_13,-1,13,early,56,56,-0.050368289955249938,-0.0076409725586619182,0.15686559467080882,-0.10372689260939599,0.066949100070810119,0.5,-0.026630905796284889,-0.023737384158965046,,
MATSUI_ADJ,sweep_1,1,13,early,135,135,0.037205047969562713,0.014980874421087753,0.13812339369896215,-0.065161393567918058,0.10606978410008638,0.53333333333333333,0.030651692141688818,0.0065533558278738913,,
MATSUI_ADJ,sweep_4,1,13,early,92,92,0.014750956840195261,0.0048212347050545779,0.11037687878691144,-0.060271451325701997,0.062143304483271988,0.52173913043478259,0.030847486955030229,-0.016096530114834955,,
MATSUI_ADJ,fvg_disp,-1,13,early,56,56,-0.053826438026437842,-0.045893280695985972,0.14131727138747327,-0.12832566971040033,0.030315643110556761,0.375,-0.029164001193889361,-0.024662436832548484,,
MATSUI_ADJ,fvg_raw,-1,13,early,95,95,-0.051666556983079398,-0.042606457331173742,0.14328231756608387,-0.13514847977570932,0.044558807420355895,0.38947368421052631,-0.028139335536813276,-0.023527221446266126,,
MATSUI_ADJ,breakout_4,-1,13,early,94,94,-0.049556753609038454,-0.034777567891419836,0.12531992236075754,-0.12485172135583028,0.026848780156420393,0.32978723404255317,-0.029741454552005886,-0.019815299057032575,,
MATSUI_ADJ,sweep_13,1,13,early,41,41,0.020074412508814077,-0.011069957895965654,0.1087446115813058,-0.058104152961528155,0.076666649545991783,0.46341463414634149,0.030761528256490086,-0.010687115747676014,,
MATSUI_ADJ,sweep_fvg,-1,13,early,16,16,-0.034982192192559311,-0.015644780811674974,0.09011358288383009,-0.063987325861401989,0.026084129853941262,0.3125,-0.025726228868569005,-0.0092559633239903006,,
MATSUI_ADJ,breakout_13,-1,13,early,48,48,-0.076066961121916368,-0.084188888395904771,0.13253627080334079,-0.14265137525778926,-0.010555573946751273,0.20833333333333334,-0.029525871964975709,-0.046541089156940656,,
MATSUI_ADJ,fvg_disp,1,13,early,57,57,0.0097688751099458022,0.011363930560164048,0.12256932227189313,-0.071874976037306748,0.067027667394786494,0.52631578947368418,0.028992588723374769,-0.019223713613428971,,
MATSUI_ADJ,sweep_52,1,13,early,15,15,0.055052291169035254,0.074829940418621677,0.12610563103907088,-0.039286076030713157,0.13704441361282227,0.66666666666666663,0.028850379858947853,0.026201911310087402,,
MATSUI_ADJ,breakout_52,-1,13,early,16,16,-0.1071016965740838,-0.11176010477475362,0.14200986858290773,-0.17580686439728205,-0.026604885483431318,0.1875,-0.026992776567371243,-0.080108920006712547,,
MATSUI_ADJ,breakout_13,1,13,early,69,69,0.03525938463651053,0.013449261126833312,0.15174386245625843,-0.04235558874907619,0.090695083952028632,0.55072463768115942,0.028791641414945428,0.006467743221565095,,
MATSUI_ADJ,breakout_52,1,13,early,44,44,0.054039480531927905,0.020576259001582997,0.16072605549913779,-0.038082096627449269,0.098959583744377688,0.56818181818181823,0.029065309165411259,0.024974171366516664,,
MATSUI_ADJ,sweep_fvg,1,13,early,13,13,0.052179647227514697,0.057291433198231934,0.14792998888280659,-0.058308753233990762,0.075342513733058558,0.61538461538461542,0.030305285933469393,0.021874361294045293,,
MATSUI_ADJ,sweep_52,-1,13,early,24,24,-0.0079774622543437399,0.036964640673011806,0.13213178382437871,-0.042580301552342992,0.068289148237915681,0.66666666666666663,-0.029525871964975709,0.021548409710631974,,
MATSUI_ADJ,sweep_1,-1,13,late,77,76,-0.056956223943349309,-0.037200463984885079,0.12200899438623108,-0.12737000382357194,0.022287685174346206,0.32894736842105265,-0.044947559354696132,-0.012008664588653189,,
MATSUI_ADJ,breakout_1,1,13,late,86,80,0.036043449692196909,0.038211676213771639,0.12939744151979971,-0.050239189145761309,0.11827774965974425,0.61250000000000004,0.044884358162546038,-0.0088409084703491292,,
MATSUI_ADJ,breakout_4,1,13,late,55,54,0.053360913736696915,0.040149450896004524,0.13628261764024313,-0.034505154676463867,0.1265951826185705,0.64814814814814814,0.044886005381545822,0.0084749083551510888,,
MATSUI_ADJ,fvg_raw,1,13,late,43,40,0.042366180025860269,0.034525866279273343,0.13978760886270161,-0.062667973917486713,0.13281635792098012,0.59999999999999998,0.044884358162546038,-0.0025181781366857697,,
MATSUI_ADJ,sweep_4,-1,13,late,63,57,-0.058601021382076374,-0.039243403308127922,0.11882658040819835,-0.098296096672779276,0.02222628856773079,0.31578947368421051,-0.044924151505751651,-0.013676869876324717,,
MATSUI_ADJ,breakout_1,-1,13,late,74,70,-0.04375995107289788,-0.034459849224917183,0.13043804571684489,-0.11585398023999738,0.034468564823828013,0.34285714285714286,-0.04492883307554054,0.0011688820026426762,,
MATSUI_ADJ,sweep_13,-1,13,late,41,40,-0.067489952054689037,-0.043946126304218458,0.11393687820201874,-0.096732249778633483,-0.0069497483762834822,0.22500000000000001,-0.044951070532037805,-0.022538881522651221,,
MATSUI_ADJ,sweep_1,1,13,late,66,63,0.042995845560085517,0.018221123230982128,0.13109262240376024,-0.037312588444725958,0.1396274308025085,0.52380952380952384,0.04491894976154176,-0.0019231042014562635,,
MATSUI_ADJ,sweep_4,1,13,late,41,38,0.041375315549473546,0.027438970585151101,0.12197982959241392,-0.038435243543292474,0.11533342696846655,0.52631578947368418,0.044924151505751637,-0.003548835956278102,,
MATSUI_ADJ,fvg_disp,-1,13,late,22,20,-0.020726375850343953,0.0013669714837904468,0.12730130943720849,-0.069552190445370254,0.038939318328642003,0.5,-0.044884358162546031,0.024157982312202085,,
MATSUI_ADJ,fvg_raw,-1,13,late,33,31,-0.021183574610904591,-0.010884569555880352,0.12953674156151387,-0.11051458606665199,0.04920155594916753,0.4838709677419355,-0.044874315440256926,0.02369074082935237,,
MATSUI_ADJ,breakout_4,-1,13,late,37,36,-0.030672118491512905,-0.012023791907890602,0.13372167371278815,-0.11446223090274321,0.04766874275249533,0.41666666666666669,-0.044993074616532604,0.01432095612501972,,
MATSUI_ADJ,sweep_13,1,13,late,18,18,0.013569404184907843,-0.017628516609017153,0.10613009622108706,-0.050333964141236226,0.092188073367091006,0.3888888888888889,0.04496836633153567,-0.03139896214662783,,
MATSUI_ADJ,sweep_fvg,-1,13,late,10,8,-0.035464154464819625,-0.036101325640661819,0.051297875444681201,-0.069552190445370254,-0.0067387603457474132,0.25,-0.045017782901529572,0.009553628436709951,,
MATSUI_ADJ,breakout_13,-1,13,late,13,13,-0.038056249644816437,-0.018788935362957337,0.10906064972540359,-0.088491740486328574,0.011638554436729454,0.30769230769230771,-0.045017782901529572,0.006961533256713141,,
MATSUI_ADJ,fvg_disp,1,13,late,24,23,0.059239550854002621,0.034594581395941848,0.14493665307578041,-0.066570839353328415,0.13684485421058579,0.65217391304347827,0.044979109064143034,0.014260441789859577,,
MATSUI_ADJ,sweep_52,1,13,late,9,9,-0.0089522820615470424,-0.013618512523461246,0.062377284639909103,-0.037895353075173666,0.018788935362957337,0.33333333333333331,0.044918949761541774,-0.053871231823088811,,
MATSUI_ADJ,breakout_52,-1,13,late,3,3,0.0034219767275975497,0.011638554436729454,0.034176464891404003,-0.011237620500832879,0.02218986281059393,0.66666666666666663,-0.045017782901529572,0.048439759629127131,,
MATSUI_ADJ,breakout_13,1,13,late,36,36,0.064509290270163902,0.048384505560361224,0.15110360187720379,-0.025977716590885158,0.12923519804087535,0.69444444444444442,0.044844824906550902,0.019664465363612996,,
MATSUI_ADJ,breakout_52,1,13,late,25,25,0.089491011394560546,0.061333281386811045,0.17736101292208409,-0.020459697516602149,0.22755092868864923,0.71999999999999997,0.045017782901529566,0.044473228493030967,,
MATSUI_ADJ,sweep_fvg,1,13,late,12,11,0.012298209378155643,0.022038739020459275,0.11418085302788233,-0.077461086958034719,0.04153576613590082,0.54545454545454541,0.045017782901529572,-0.032719573523373936,,
MATSUI_ADJ,sweep_52,-1,13,late,23,23,-0.079531809831793421,-0.053423093891231899,0.1263342056090688,-0.097253532076682081,-0.0088059119222395621,0.17391304347826086,-0.045017782901529572,-0.034514026930263834,,
SUMITOMO,breakout_1,1,1,all,350,350,0.0053408066657036814,0.0018546587512104917,0.052530087107728503,-0.026032809970082588,0.036185770750988167,0.50857142857142856,0.003851486864883541,0.0014893198008201405,,
SUMITOMO,fvg_raw,1,1,all,229,229,0.0021804478635367394,-0.0014094432699084392,0.054172119080888551,-0.032825630252100835,0.036881419234360502,0.48908296943231439,0.0037712769063135291,-0.0015908290427767895,,
SUMITOMO,breakout_1,-1,1,all,321,319,-0.0036132389794176017,0.00019964064683564153,0.06007514701336792,-0.035938892915596821,0.030360844359973771,0.50156739811912221,-0.0037156744820436168,0.00010243550262601412,,
SUMITOMO,sweep_4,-1,1,all,177,177,1.9571371741869637e-05,0.0039920159680638667,0.048207127832350032,-0.03066666666666662,0.030487804878048808,0.51977401129943501,-0.003705123491261955,0.0037246948630038244,,
SUMITOMO,sweep_1,1,1,all,179,179,-0.0033366089037542824,-0.0064516129032258229,0.054763613956298245,-0.035784521675097658,0.023836697991086786,0.41340782122905029,0.0038935402383726888,-0.0072301491421269725,,
SUMITOMO,sweep_4,1,1,all,134,134,-0.0015269323620868314,-0.0037990391807283252,0.059802607921415653,-0.035805062447375802,0.02708486756387124,0.44029850746268656,0.0037366315501517894,-0.0052635639122386203,,
SUMITOMO,breakout_4,1,1,all,240,240,0.0058285271123384988,0.0021812469418763802,0.053246756377773242,-0.02731875453525956,0.039093178371559401,0.51249999999999996,0.0038692151379749241,0.0019593119743635755,,
SUMITOMO,sweep_1,-1,1,all,229,229,0.0032301868220761826,0.0058038305281485902,0.055155160955625074,-0.033593750000000089,0.037687730235194117,0.53711790393013104,-0.0036350777218730709,0.006865264543949254,,
SUMITOMO,breakout_13,1,1,all,139,139,0.0036311253768828069,-0.0015974440894568342,0.057236874400161564,-0.034728216852644544,0.039141854566931866,0.48920863309352519,0.0039721180482089301,-0.00034099267132612336,,
SUMITOMO,fvg_disp,1,1,all,128,128,0.0042060212492044616,-0.0025674266854645578,0.050547085475126242,-0.030645203022044376,0.03282107945384638,0.4765625,0.0037096922881555121,0.00049632896104894906,,
SUMITOMO,sweep_fvg,1,1,all,23,23,-0.0050133857995626266,0.0093564582382472672,0.061193794393510657,-0.039512195121951255,0.029312361063843606,0.56521739130434778,0.0038765677791331179,-0.0088899535786957414,,
SUMITOMO,fvg_raw,-1,1,all,185,185,-0.0054939639705774441,0,0.066499359313736364,-0.03481624758220514,0.028532298561972147,0.49729729729729732,-0.0037636857809795338,-0.0017302781895979105,,
SUMITOMO,fvg_disp,-1,1,all,101,101,-0.0061475062653277915,0,0.072355817855070378,-0.038470962999264779,0.030386740331491691,0.48514851485148514,-0.0040022331294603652,-0.002145273135867425,,
SUMITOMO,sweep_fvg,-1,1,all,46,46,0.0089027227239513902,0.010840893649334604,0.069607182951048105,-0.026799301376495721,0.035937079938326816,0.60869565217391308,-0.004205733627045031,0.013108456350996422,,
SUMITOMO,breakout_4,-1,1,all,193,193,-0.0047600307527624801,0,0.062147144561276305,-0.034211426616489904,0.027972027972028024,0.49740932642487046,-0.0036975760843832228,-0.0010624546683792593,,
SUMITOMO,sweep_13,1,1,all,75,75,-0.00149445089147808,0,0.059622074340431701,-0.034979061105649245,0.027681992337164729,0.49333333333333335,0.0035294201960679211,-0.0050238710875460009,,
SUMITOMO,breakout_13,-1,1,all,104,104,-0.0048822412378848731,0.0039628816996820637,0.071537484278467373,-0.035092486961277258,0.030228394209758896,0.52884615384615385,-0.0037840457188348408,-0.0010981955190500362,,
SUMITOMO,sweep_13,-1,1,all,90,90,-0.0068892575748900333,-0.0046166577526588481,0.047235963713873293,-0.031540216676703148,0.023921246923707951,0.4777777777777778,-0.0037640008528454566,-0.0031252567220445759,,
SUMITOMO,breakout_52,-1,1,all,32,32,-0.010355864750697857,0.0033899239334141962,0.070386276133977341,-0.050705319984623298,0.030633795636191813,0.53125,-0.0036031998119393626,-0.0067526649387584948,,
SUMITOMO,sweep_52,1,1,all,32,32,0.013013581259902322,0.0073221297544394659,0.072401170671681114,-0.02106857589927405,0.041060820367751105,0.59375,0.0031906707657543363,0.0098229104941479836,,
SUMITOMO,breakout_52,1,1,all,64,64,0.0087796573737229915,0.007146549231498156,0.061007322968588365,-0.03043139735688799,0.054371751135227631,0.53125,0.0038701111952202292,0.0049095461785027628,,
SUMITOMO,sweep_52,-1,1,all,47,47,-0.0022190987063118138,0.004667444574095736,0.048171718016310566,-0.028128141258290773,0.025112436282773487,0.53191489361702127,-0.003527684081536398,0.0013085853752245855,,
SUMITOMO,breakout_1,1,1,early,242,242,0.0057221168346786476,0.0018546587512104917,0.052913282636724429,-0.024623078194742964,0.03502631832755132,0.50826446280991733,0.0035591553584092914,0.0021629614762693574,,
SUMITOMO,fvg_raw,1,1,early,165,165,0.0035810325220667935,0.0015873015873015817,0.053810656892844311,-0.030202730657840293,0.037500000000000089,0.50303030303030305,0.003497437925825686,8.3594596241106956e-05,,
SUMITOMO,breakout_1,-1,1,early,231,231,-0.0024094529547747006,0.0039215686274509665,0.057798232204399065,-0.035066315857491759,0.031137247716766236,0.52813852813852813,-0.0034308515273452937,0.0010213985725705936,,
SUMITOMO,sweep_4,-1,1,early,115,115,-0.00094637151571787606,-0.0033101621979476636,0.045749913658229044,-0.031494986878925713,0.026767813804850826,0.48695652173913045,-0.0033220979389009479,0.0023757264231830709,,
SUMITOMO,sweep_1,1,1,early,126,126,-0.0071524462886266536,-0.012104867935616603,0.055893368189640844,-0.041716146142580068,0.019333811928593236,0.36507936507936506,0.0037107074050165092,-0.010863153693643161,,
SUMITOMO,sweep_4,1,1,early,94,94,-0.0064659796608129601,-0.010724586101444722,0.062524361838575196,-0.038208817232323139,0.021913737045316017,0.38297872340425532,0.0033657126592666503,-0.0098316923200796099,,
SUMITOMO,breakout_4,1,1,early,168,168,0.0054565372362782765,-0.00069930069930068672,0.052887391099482699,-0.027119441398990723,0.037872292418772657,0.49404761904761907,0.0035647480895069526,0.0018917891467713241,,
SUMITOMO,sweep_1,-1,1,early,165,165,0.0015508863024022619,0.0058038305281485902,0.054665081813170015,-0.035146443514644243,0.037687730235194117,0.53939393939393943,-0.0033150490952054807,0.0048659353976077419,,
SUMITOMO,breakout_13,1,1,early,93,93,0.0045895746897580449,-0.0022363026462914881,0.058136461036950859,-0.035171102661596954,0.037500000000000089,0.4731182795698925,0.003635373564753513,0.00095420112500453375,,
SUMITOMO,fvg_disp,1,1,early,92,92,0.0087157900154767182,0.0022271714922048602,0.047483735410473009,-0.023297073779499661,0.036259496949294867,0.5,0.0033657126592666498,0.0053500773562100701,,
SUMITOMO,sweep_fvg,1,1,early,17,17,0.0057959551032508881,0.010564811052417689,0.051418167638213955,-0.039024390243902474,0.031545741324921162,0.58823529411764708,0.003660753414681688,0.0021352016885692014,,
SUMITOMO,fvg_raw,-1,1,early,138,138,-0.0061987694550345229,0.0039628816996820637,0.062916109074713386,-0.033734093165279144,0.026847594391802454,0.52898550724637683,-0.0034868646602824863,-0.0027119047947520374,,
SUMITOMO,fvg_disp,-1,1,early,76,76,-0.010351174589533718,-0.0026900584795321869,0.068065830991304657,-0.039811210703615096,0.021227894032269407,0.47368421052631576,-0.0037616884099552538,-0.0065894861795784661,,
SUMITOMO,sweep_fvg,-1,1,early,33,33,0.0014761293266468017,0.0098496630378434036,0.070168526184846938,-0.027777777777777679,0.031887755102040782,0.60606060606060608,-0.004024338992061836,0.0055004683187086364,,
SUMITOMO,breakout_4,-1,1,early,142,142,-0.002214807792347848,0.0044179580155774834,0.057580290637026299,-0.032106463437534094,0.029162932302534833,0.54225352112676062,-0.0033892605129852206,0.0011744527206373726,,
SUMITOMO,sweep_13,1,1,early,53,53,-0.0030566877793989596,-0.0021929824561403022,0.059091902958065601,-0.036607142857142838,0.027586206896551779,0.45283018867924529,0.0030187150412627991,-0.0060754028206617579,,
SUMITOMO,breakout_13,-1,1,early,74,74,-0.0017643929025317555,0.0044179580155774834,0.064801964074929497,-0.02870383211506583,0.029688872594216653,0.55405405405405406,-0.0035012719252681536,0.001736879022736398,,
SUMITOMO,sweep_13,-1,1,early,63,63,-0.0030739577555842232,0.0013986013986013734,0.044872567486008721,-0.031095154699357863,0.024624394084791223,0.52380952380952384,-0.0033391746019012752,0.00026521684631705103,,
SUMITOMO,breakout_52,-1,1,early,21,21,-0.0032137921568608321,0.0022205773501110526,0.073582200375803791,-0.035921205098493614,0.030386740331491691,0.52380952380952384,-0.0036045551755550138,0.00039076301869418018,,
SUMITOMO,sweep_52,1,1,early,22,22,0.0054639604664882468,0.00072850898494414285,0.082436879869893259,-0.029058584613466942,0.027982119885970658,0.5,0.0026057591983491266,0.0028582012681391202,,
SUMITOMO,breakout_52,1,1,early,46,46,0.011413373527182549,0.0094088258614017928,0.055723045964116001,-0.027053456444084439,0.047893198700723005,0.54347826086956519,0.0034384038598761517,0.0079749696673063943,,
SUMITOMO,sweep_52,-1,1,early,31,31,0.0023250134136147851,0.01279069767441865,0.045761330418965358,-0.028670086346926582,0.026398218977724264,0.61290322580645162,-0.0027724586671955512,0.0050974720808103346,,
SUMITOMO,breakout_1,1,1,late,108,108,0.004486389435222741,0.0021468533144448632,0.051895342935042291,-0.030081357680506765,0.038702838078265411,0.5092592592592593,0.00456782924131154,-8.1439806088799636e-05,,
SUMITOMO,fvg_raw,1,1,late,64,64,-0.0014304344592360567,-0.0077850913536416932,0.05535723064016472,-0.034799928099420091,0.02545267481621466,0.453125,0.00454097702445601,-0.0059714114836920676,,
SUMITOMO,breakout_1,-1,1,late,90,88,-0.0067731772941052176,-0.00921410013765811,0.065924875954233297,-0.036902870354181827,0.030215446223999937,0.43181818181818182,-0.0045297240998757558,-0.0022434531942294635,,
SUMITOMO,sweep_4,-1,1,late,62,62,0.0018112396307397851,0.0093167620531229289,0.052805959877925232,-0.026471607914231143,0.035751203096342554,0.58064516129032262,-0.0045347023522246217,0.0063459419829644077,,
SUMITOMO,sweep_1,1,1,late,53,53,0.0057350045017913543,0.0036816765788727501,0.051352234462489516,-0.028532298561972147,0.025580849565829622,0.52830188679245282,0.0045006060200993526,0.0012343984816920008,,
SUMITOMO,sweep_4,1,1,late,40,40,0.01007982878991957,0.010335026596800745,0.051741111747519046,-0.0223920142212575,0.050850525496302035,0.57499999999999996,0.0045940265260486415,0.0054858022638709291,,
SUMITOMO,breakout_4,1,1,late,72,72,0.0066965034898123482,0.005826727523150832,0.054440518351303473,-0.027948175568482253,0.039883793382379351,0.55555555555555558,0.0045940265260486415,0.002102476963763705,,
SUMITOMO,sweep_1,-1,1,late,63,63,0.0072816968964454646,0.0054715159317669793,0.057015003102208785,-0.020195706605650288,0.038642552519349227,0.52380952380952384,-0.0045378894873262781,0.011819586383771745,,
SUMITOMO,breakout_13,1,1,late,46,46,0.0016933908965046072,0.005826727523150832,0.055954757950370478,-0.034356350785201439,0.03927352951394919,0.52173913043478259,0.0046370811940078778,-0.0029436902975032734,,
SUMITOMO,fvg_disp,1,1,late,36,36,-0.0073189433757135285,-0.015786476734962418,0.056733723856942982,-0.040217164271886041,0.016868125528205824,0.41666666666666669,0.0045783081552063787,-0.01189725153091991,,
SUMITOMO,sweep_fvg,1,1,late,6,6,-0.035639851690867586,-0.01056567331990077,0.080582292145308723,-0.043738754498200694,0.013990437919745968,0.5,0.0045468714135218575,-0.040186723104389442,,
SUMITOMO,fvg_raw,-1,1,late,47,47,-0.0034245351013204891,-0.0078209863132738811,0.076769368240107091,-0.03664360529073496,0.030854934327715022,0.40425531914893614,-0.0045669374188524025,0.0011424023175319149,,
SUMITOMO,fvg_disp,-1,1,late,25,25,0.0066316454402582268,0.019672908272102441,0.084320565346532844,-0.024530032095369192,0.034096692111959315,0.52000000000000002,-0.0046449540475775684,0.011276599487835793,,
SUMITOMO,sweep_fvg,-1,1,late,13,13,0.027754844424801497,0.033177570093457898,0.067104375309026451,-0.023863872172649847,0.039710399297937737,0.61538461538461542,-0.0046484362712718545,0.032403280696073351,,
SUMITOMO,breakout_4,-1,1,late,51,51,-0.011846729975877733,-0.012713823393434964,0.073564953320286841,-0.035598210194012991,0.024537302685613327,0.37254901960784315,-0.0045579667341163945,-0.0072887632417613394,,
SUMITOMO,sweep_13,1,1,late,22,22,0.0022691197930585845,0.010419577751894615,0.062120184772029317,-0.028002997506384769,0.043768747805858599,0.59090909090909094,0.0046326079817523742,-0.0023634881886937923,,
SUMITOMO,breakout_13,-1,1,late,30,30,-0.012572933798422562,-0.014058931898737637,0.086716292011487658,-0.048008487292269697,0.02962471611989298,0.46666666666666667,-0.0045468714135218583,-0.0080260623849007038,,
SUMITOMO,sweep_13,-1,1,late,27,27,-0.015791623819936925,-0.012068019747668579,0.052140057975523749,-0.037078238834336363,0.019732960359411245,0.37037037037037035,-0.0046516605524702659,-0.011139963267466657,,
SUMITOMO,breakout_52,-1,1,late,11,11,-0.023990730611659451,0.0045592705167173397,0.06494463889206406,-0.063834537277092651,0.027017236290948099,0.54545454545454541,-0.004221072454245898,-0.019769658157413553,,
SUMITOMO,sweep_52,1,1,late,10,10,0.029622747005413286,0.023611848172745531,0.041865684222582689,0.010267770617866823,0.054197892271662829,0.80000000000000004,0.0045091473235004311,0.025113599681912853,,
SUMITOMO,breakout_52,1,1,late,18,18,0.0020490494259930128,6.7884356660719014e-05,0.074208445571628548,-0.032828948193874607,0.054379193926128777,0.5,0.0047354918636289926,-0.002686442437635982,,
SUMITOMO,sweep_52,-1,1,late,16,16,-0.011023315938669599,-0.01055744037747619,0.052940429952452774,-0.028051388794009258,0.01954549252538465,0.375,-0.0047354918636289926,-0.0062878240750406057,,
SUMITOMO,breakout_1,1,4,all,350,346,0.01800498825850276,0.0077543082759414794,0.10962968615090769,-0.053409520028972757,0.089371339063098798,0.53757225433526012,0.015583692227398646,0.0024212960311041183,,
SUMITOMO,fvg_raw,1,4,all,229,225,0.020898898985867713,0.0061538461538461764,0.11857753772213749,-0.052247406838263566,0.087769199512393259,0.51555555555555554,0.015272243868071264,0.0056266551177964509,,
SUMITOMO,breakout_1,-1,4,all,321,319,-0.012210754134593434,-0.0043352601156070314,0.10815700593316172,-0.073220023913612042,0.061522548138036259,0.47648902821316613,-0.01500728230747788,0.002796528172884442,,
SUMITOMO,sweep_4,-1,4,all,177,176,-0.0066426034043793247,0.0013204132599585194,0.11235383581475734,-0.064533376463798364,0.06758044020632209,0.50568181818181823,-0.015050571340142311,0.008407967935762985,,
SUMITOMO,sweep_1,1,4,all,179,179,0.013440172478478729,0.009491525423728886,0.11183737706322992,-0.065753713221789467,0.077943263495407922,0.55307262569832405,0.015750645806718196,-0.0023104733282394616,-0.017039039725724108,0.01311034327711947
SUMITOMO,sweep_4,1,4,all,134,134,0.013540855381673621,0.011478500387284707,0.12574651308836257,-0.082822860959131273,0.082779782999175267,0.57462686567164178,0.015118647148515272,-0.0015777917668416449,,
SUMITOMO,breakout_4,1,4,all,240,236,0.021652479285516602,0.0077543082759414794,0.11499315523809173,-0.04925264465287596,0.093280318124766393,0.5423728813559322,0.015652505590664986,0.0059999736948516203,,
SUMITOMO,sweep_1,-1,4,all,229,229,-0.0050418102625476909,0.00080596413459599336,0.11573292405549797,-0.066816816816816837,0.069233761182419307,0.50218340611353707,-0.014674179863403173,0.0096323696008554817,1.1009381209302529e-05,0.020350464376255518
SUMITOMO,breakout_13,1,4,all,139,136,0.032447656941891827,0.01628289473684208,0.12005523231033512,-0.046778573532915091,0.10828767831300395,0.6029411764705882,0.01613436920679636,0.016313287735095466,,
SUMITOMO,fvg_disp,1,4,all,128,127,0.018651638086367644,-0.00080596413459599336,0.11768358675162599,-0.06215028461405625,0.081663659894893659,0.49606299212598426,0.014956271380664255,0.0036953667057033897,-0.017266732240470792,0.027250391622226672
SUMITOMO,sweep_fvg,1,4,all,23,23,0.032294541581446713,0.023636363636363678,0.12471842957005901,-0.042781458845033371,0.092227141192660733,0.60869565217391308,0.01566839255812413,0.01662614902332259,-0.028379716193393856,0.069632687205080368
SUMITOMO,fvg_raw,-1,4,all,185,185,-0.014284231296826004,-0.0085118066996154873,0.11136513770126777,-0.073803191489361764,0.069930069930069894,0.43783783783783786,-0.015199721584138709,0.0009154902873127035,,
SUMITOMO,fvg_disp,-1,4,all,101,101,-0.024317113369927802,-0.012213740458015376,0.11553856569171689,-0.077060931899641583,0.068642745709828423,0.40594059405940597,-0.016196368789746313,-0.0081207445801814923,-0.031202684095856435,0.011837058000617521
SUMITOMO,sweep_fvg,-1,4,all,46,46,0.0069754832875010804,0.018450526628096764,0.094484984708084585,-0.029228201112376284,0.081953378599720073,0.54347826086956519,-0.017062700396184495,0.024038183683685571,-0.0045445306585708729,0.046494955875486771
SUMITOMO,breakout_4,-1,4,all,193,193,-0.0098871137094383964,0,0.10940036420316583,-0.073484848484848486,0.062087186261558736,0.48704663212435234,-0.014930262741255038,0.0050431490318166407,,
SUMITOMO,sweep_13,1,4,all,75,75,0.015439763506965338,0.018453188602442383,0.13504124848899185,-0.070260276718346393,0.10467432950191569,0.61333333333333329,0.01426360149835844,0.0011761620086069003,,
SUMITOMO,breakout_13,-1,4,all,104,104,-0.013026730791616991,-0.011036672902075106,0.11882802786725849,-0.071442751779065949,0.069341253541996994,0.43269230769230771,-0.015300794976801842,0.0022740641851848506,,
SUMITOMO,sweep_13,-1,4,all,90,89,-0.027523624852375608,0,0.11584435805768105,-0.083408884859474064,0.047038327526132351,0.4943820224719101,-0.015333033992110947,-0.012190590860264663,,
SUMITOMO,breakout_52,-1,4,all,32,32,-0.0065336034593115322,-0.0097807652282607682,0.1307860345928136,-0.07041690342403778,0.077788988453354024,0.4375,-0.014514730630096643,0.0079811271707851076,,
SUMITOMO,sweep_52,1,4,all,32,32,0.056100878789890618,0.055912808004246695,0.13646093799376716,0.0060914039402929498,0.15548243097473091,0.78125,0.012848085883878882,0.043252792906011743,,
SUMITOMO,breakout_52,1,4,all,64,64,0.028878552291010877,0.01628289473684208,0.13208485182287805,-0.051039993786068605,0.11815290839695491,0.59375,0.015685725774199528,0.013192826516811354,,
SUMITOMO,sweep_52,-1,4,all,47,47,-0.014323683987471478,0.0062414667446849537,0.11900301451969848,-0.085082683804428183,0.068378092521693856,0.5957446808510638,-0.014307335493345317,-1.6348494126169604e-05,,
SUMITOMO,breakout_1,1,4,early,242,242,0.011356773321793769,0.0075004131073576064,0.1077048473759043,-0.055886759696673671,0.082108778966449913,0.52479338842975209,0.014277698538644622,-0.0029209252168508541,,
SUMITOMO,fvg_raw,1,4,early,165,165,0.012742167274235293,0.0063157894736842746,0.11231355039816621,-0.058823529411764719,0.081222056631892636,0.51515151515151514,0.014025029820032436,-0.001282862545797143,,
SUMITOMO,breakout_1,-1,4,early,228,228,-0.0088667272428791383,0,0.10734691561123691,-0.072263965248082485,0.070658972445206414,0.49122807017543857,-0.013845998253505966,0.0049792710106268297,,
SUMITOMO,sweep_4,-1,4,early,115,115,-0.00082749747100961028,0.0052424639580602728,0.10864323922130337,-0.0632626092063725,0.075422087491053003,0.5304347826086957,-0.01330719487513682,0.012479697404127204,,
SUMITOMO,sweep_1,1,4,early,126,126,0.015422078376591422,0.0073723481249522438,0.11913154986562001,-0.068876291838212617,0.077695216876347228,0.53174603174603174,0.014898146600339805,0.00052393177625162466,,
SUMITOMO,sweep_4,1,4,early,93,93,0.017747006037360433,0.0062089116143169143,0.12834374141175903,-0.083112758073054516,0.10268199233716468,0.54838709677419351,0.01355935054470868,0.0041876554926517642,,
SUMITOMO,breakout_4,1,4,early,168,168,0.011814573987407283,0.0072468697076543132,0.1094089270226099,-0.051186657080349862,0.081590172163185037,0.52976190476190477,0.014300594957708629,-0.002486020970301346,,
SUMITOMO,sweep_1,-1,4,early,165,165,-0.0047930324388889322,0.0018348623853210455,0.1100756412804261,-0.068938193343898613,0.073289902280130326,0.50303030303030305,-0.013278337188909851,0.0084853047500209194,,
SUMITOMO,breakout_13,1,4,early,93,93,0.020827016472507315,0.01379310344827589,0.11735425187532511,-0.049095607235142169,0.093155893536121637,0.59139784946236562,0.014589732849304366,0.0062372836232029646,,
SUMITOMO,fvg_disp,1,4,early,92,92,0.012609745505367729,-0.0037685869109441161,0.10308514535072241,-0.059509497677635054,0.080360526382911968,0.4891304347826087,0.013485751808666131,-0.00087600630329839814,,
SUMITOMO,sweep_fvg,1,4,early,17,17,0.044792148778745003,0.035121951219512226,0.13999579138705379,-0.023238925199709493,0.10176991150442483,0.6470588235294118,0.014693636947246777,0.030098511831498233,,
SUMITOMO,fvg_raw,-1,4,early,136,136,-0.011476593212922685,-0.0039991318893053407,0.11388776742198607,-0.071825874231534026,0.076327690166975881,0.46323529411764708,-0.014089694377956452,0.0026131011650337645,,
SUMITOMO,fvg_disp,-1,4,early,76,76,-0.020615185141540794,-0.0052720858649619728,0.12238499977582905,-0.080220948094166411,0.076327690166975881,0.44736842105263158,-0.015106860810445428,-0.0055083243310953761,,
SUMITOMO,sweep_fvg,-1,4,early,33,33,0.0038306681368074861,0.022847100175746871,0.10480745047531706,-0.019858156028368823,0.082551594746716694,0.5757575757575758,-0.016182141865497681,0.020012810002305169,,
SUMITOMO,breakout_4,-1,4,early,140,140,-0.0043143303143755741,0.00065876152832672341,0.10994151176094735,-0.07623084753026893,0.070865174822107968,0.5,-0.013681314164436326,0.0093669838500607533,,
SUMITOMO,sweep_13,1,4,early,52,52,0.022526688861659497,0.01426748637049069,0.12803593075212211,-0.06821266662547687,0.10669724770642203,0.59615384615384615,0.012169466721751308,0.010357222139908187,,
SUMITOMO,breakout_13,-1,4,early,72,72,-0.0041796415456631358,-0.0062172960579335301,0.1179700916669179,-0.072357942743678294,0.077816994097924586,0.44444444444444442,-0.014246272081105796,0.010066630535442662,,
SUMITOMO,sweep_13,-1,4,early,63,63,-0.015800695698785776,0.0040697674418604946,0.1076165370127454,-0.070225354061908885,0.054389057979722266,0.53968253968253965,-0.013377106055460452,-0.0024235896433253165,,
SUMITOMO,breakout_52,-1,4,early,20,20,0.0075685797705656258,0.0033308660251665234,0.15014110514720813,-0.064239774622664947,0.098696500853336783,0.5,-0.014854688299057534,0.022423268069623158,,
SUMITOMO,sweep_52,1,4,early,22,22,0.059670063012008764,0.055912808004246695,0.14878228262712287,0.005856388592245021,0.16741685144124163,0.77272727272727271,0.010374532512322026,0.049295530499686754,,
SUMITOMO,breakout_52,1,4,early,46,46,0.0057931884525009979,0.0073133091267240102,0.11382022459592717,-0.055391938831702431,0.09327309000369155,0.56521739130434778,0.013783346697881642,-0.0079901582453806522,,
SUMITOMO,sweep_52,-1,4,early,31,31,0.011350575577255785,0.03543307086614178,0.095531721077147025,-0.022070924811352532,0.076705643165452309,0.67741935483870963,-0.011056993519262022,0.022407569096517803,,
SUMITOMO,breakout_1,1,4,late,108,104,0.03347487301507561,0.015622136030374434,0.11299861914437413,-0.045155581220791496,0.11209784770749381,0.56730769230769229,0.018338925890848776,0.015135947124226834,,
SUMITOMO,fvg_raw,1,4,late,64,60,0.043329911192856882,0.0035343796185516307,0.13274571811350272,-0.046313546639242337,0.13356012596213973,0.51666666666666672,0.018281733372039442,0.025048177820817436,,
SUMITOMO,breakout_1,-1,4,late,90,88,-0.020837691068454303,-0.020367891192173748,0.11069436970974594,-0.07308761162799382,0.050311092309180572,0.43181818181818182,-0.017966307965272779,-0.0028713831031815292,,
SUMITOMO,sweep_4,-1,4,late,62,61,-0.017605508032863215,-0.0093564582382472672,0.11918402462463894,-0.063995215311004827,0.04861503674392309,0.45901639344262296,-0.018143596250106503,0.00053808821724328558,,
SUMITOMO,sweep_1,1,4,late,53,53,0.008728471664097617,0.022618800581033494,0.093092210860706626,-0.047915370255133816,0.077375122428991139,0.60377358490566035,0.017711246989450688,-0.0089827753253530623,,
SUMITOMO,sweep_4,1,4,late,40,40,0.0064668638688776146,0.023706530486760635,0.12113026627910013,-0.041832425504165272,0.082337714707439169,0.65000000000000002,0.018529567620213246,-0.012062703751335632,,
SUMITOMO,breakout_4,1,4,late,72,68,0.045957892374963158,0.021979711507028377,0.12530748696315577,-0.044621621898498165,0.12710365438707927,0.57352941176470584,0.01860246004614672,0.027355432328816442,,
SUMITOMO,sweep_1,-1,4,late,63,63,-0.0040225046193890597,0.00080596413459599336,0.13048115888399464,-0.06346990772017147,0.06343757585080162,0.50793650793650791,-0.018037833000820781,0.01401532838143172,,
SUMITOMO,breakout_13,1,4,late,46,43,0.057580670050095505,0.035066258919469906,0.12335041706397239,-0.039524123480276951,0.14728253946195091,0.62790697674418605,0.019077108401062356,0.038503561649033166,,
SUMITOMO,fvg_disp,1,4,late,36,35,0.034533184299281712,0.0061538461538461764,0.15008093132777489,-0.06558980152203997,0.10429569693418694,0.51428571428571423,0.018352543157231963,0.016180641142049756,,
SUMITOMO,sweep_fvg,1,4,late,6,6,-0.003115345477565127,-0.014584065962843562,0.060734779779796626,-0.044909893185582861,0.023627952304095701,0.5,0.01811651053992357,-0.021231856017488695,,
SUMITOMO,fvg_raw,-1,4,late,47,47,-0.020153078177342177,-0.022618800581033494,0.10541504215288558,-0.075998126523336595,0.061558713228422213,0.36170212765957449,-0.018292279510259614,-0.0018607986670825798,,
SUMITOMO,fvg_disp,-1,4,late,25,25,-0.035570975184224314,-0.0321563682219419,0.092949727359424542,-0.070975536091815172,0.0210280373831776,0.28000000000000003,-0.0189756692669261,-0.016595305917298221,,
SUMITOMO,sweep_fvg,-1,4,late,13,13,0.014958475593107897,-0.0069348127600554754,0.063947550035579809,-0.031431334622823881,0.069930069930069894,0.46153846153846156,-0.01900617194362441,0.033964647536732305,,
SUMITOMO,breakout_4,-1,4,late,51,51,-0.022934024770368377,-0.011496196111580703,0.10832267772792727,-0.070792674052326698,0.050946158700434618,0.45098039215686275,-0.018213700441168202,-0.0047203243292001807,,
SUMITOMO,sweep_13,1,4,late,22,22,0.0036939062409757236,0.039499298070420963,0.15363061691863331,-0.075295338711310611,0.088862463660841606,0.68181818181818177,0.018867523413177528,-0.015173617172201798,,
SUMITOMO,breakout_13,-1,4,late,30,30,-0.030642479080672615,-0.030556132312648643,0.12232155647761997,-0.068936900597668993,0.051581225091688665,0.40000000000000002,-0.018116510539923577,-0.012525968540749048,,
SUMITOMO,sweep_13,-1,4,late,27,26,-0.055929183955304822,-0.011488903658707694,0.13164711765822654,-0.11381795539445344,0.039412212020503601,0.38461538461538464,-0.019387455402353346,-0.036541728552951465,,
SUMITOMO,breakout_52,-1,4,late,11,11,-0.019751488557652963,-0.035778175313059046,0.087964914981618972,-0.060153754534134629,0.035541303020425352,0.36363636363636365,-0.015262661621558538,-0.0044888269360944255,,
SUMITOMO,sweep_52,1,4,late,10,10,0.048248673501230688,0.054096167282149055,0.11131180654790267,0.012468658746620565,0.11130656303972358,0.80000000000000004,0.017786064875691832,0.030462608625538862,,
SUMITOMO,breakout_52,1,4,late,18,18,0.087874482100536139,0.086040173241629159,0.15885295273825603,-0.039934594490670577,0.20227948120278211,0.66666666666666663,0.019768738861082276,0.06810574323945387,,
SUMITOMO,sweep_52,-1,4,late,16,16,-0.064067561894130542,-0.011901782990800136,0.14551615293238829,-0.11949051805975375,0.038564850454765764,0.4375,-0.019768738861082276,-0.04429882303304828,,
SUMITOMO,breakout_1,1,13,all,350,342,0.058614132246880127,0.036770228907291647,0.20345081205233978,-0.087025936872266368,0.18189374062968522,0.57017543859649122,0.048348829133279758,0.010265303113600374,,
SUMITOMO,fvg_raw,1,13,all,229,224,0.067878588527081854,0.043015387517107873,0.21079512272056161,-0.081164593732100471,0.20341006122959016,0.5669642857142857,0.047107411630576808,0.020771176896505039,,
SUMITOMO,breakout_1,-1,13,all,321,315,-0.039934102044846181,-0.012507626601586441,0.20854655444632719,-0.15763419776034826,0.086120462233155837,0.46031746031746029,-0.04605594125799449,0.0061218392131483163,,
SUMITOMO,sweep_4,-1,13,all,177,173,-0.034798681854306041,-0.020166453265044737,0.2060212711765198,-0.15481299816063765,0.10446821900566394,0.45086705202312138,-0.047057665189630615,0.012258983335324585,,
SUMITOMO,sweep_1,1,13,all,179,175,0.044015685037174672,-0.0068540095956134417,0.23736552274068407,-0.11002892164950456,0.17989379244780079,0.48571428571428571,0.048898375410064046,-0.0048826903728893759,,
SUMITOMO,sweep_4,1,13,all,134,131,0.04978364986609448,-0.0013368983957219305,0.21334030400711249,-0.087252363017973789,0.19837711889416987,0.49618320610687022,0.046134760598672275,0.0036488892674221996,,
SUMITOMO,breakout_4,1,13,all,240,234,0.060592807348444779,0.034166845148854152,0.21411512258061668,-0.087635110323466464,0.20207596117061977,0.5641025641025641,0.048345064379076916,0.012247742969367863,,
SUMITOMO,sweep_1,-1,13,all,229,226,-0.026987586769093311,0.0019888623707239317,0.20941682272834031,-0.15335177488689472,0.11166929047518351,0.5,-0.044732268053380174,0.017744681284286867,,
SUMITOMO,breakout_13,1,13,all,139,136,0.095231768396973671,0.078468134180786353,0.20425475323688855,-0.055720072007200694,0.25016149870801035,0.6470588235294118,0.050486836769739661,0.044744931627234003,,
SUMITOMO,fvg_disp,1,13,all,128,126,0.066212023524698654,0.059737418808693099,0.20580033951333881,-0.088672228890007365,0.18980875701600797,0.58730158730158732,0.046116791954040053,0.020095231570658595,,
SUMITOMO,sweep_fvg,1,13,all,23,23,0.10860639407486813,0.12924606462303223,0.17896635386129003,0.014456249693281686,0.20877310588772247,0.73913043478260865,0.048351073944272523,0.06025532013059566,,
SUMITOMO,fvg_raw,-1,13,all,185,183,-0.028933972456722429,-0.01719394773039884,0.19223694839083674,-0.15044877150140312,0.087771929116919445,0.44808743169398907,-0.046417828549347777,0.017483856092625351,,
SUMITOMO,fvg_disp,-1,13,all,101,100,-0.031962365261952896,-0.0071148371112511599,0.19771743048754997,-0.12688395851406825,0.081272893772893817,0.46999999999999997,-0.050147149152269567,0.018184783890316695,,
SUMITOMO,sweep_fvg,-1,13,all,46,45,0.0031290902335177335,0.017021276595744705,0.20565483395863426,-0.07182320441988943,0.1036906854130053,0.57777777777777772,-0.053336265526887187,0.056465355760404928,,
SUMITOMO,breakout_4,-1,13,all,193,191,-0.019408817150940255,-0.011322838994752837,0.1951276427258378,-0.1315460428565256,0.09622231308724144,0.47120418848167539,-0.045748793135463053,0.026339975984522805,,
SUMITOMO,sweep_13,1,13,all,75,72,0.038158548160915018,-0.012426900584795286,0.17928889042401797,-0.087123277593131154,0.19999234986612274,0.47222222222222221,0.042549093622395062,-0.00439054546148004,,
SUMITOMO,breakout_13,-1,13,all,104,103,-0.04547258395730442,-0.051595872330213677,0.20126765317569215,-0.18648143460737165,0.048972693402966838,0.37864077669902912,-0.046955938624990069,0.0014833546676856692,,
SUMITOMO,sweep_13,-1,13,all,90,89,-0.05461854576555801,-0.024896265560165887,0.22252200010075296,-0.18262806236080187,0.11408199643493766,0.449438202247191,-0.047510389173931931,-0.0071081565916260702,,
SUMITOMO,breakout_52,-1,13,all,32,32,-0.011201204106227491,-0.034030930038999818,0.21971923295901907,-0.13872965851376073,0.076240645884055158,0.4375,-0.044002254415918332,0.032801050309690841,,
SUMITOMO,sweep_52,1,13,all,32,32,0.055366374570651911,0.065080551154299227,0.21189830889851655,-0.067164081142519955,0.23505413296028221,0.59375,0.038339596251011555,0.017026778319640345,,
SUMITOMO,breakout_52,1,13,all,64,64,0.10400795390906892,0.086064370461474748,0.21944255316583952,-0.055780106312518007,0.27041624465642267,0.640625,0.04878834717487715,0.05521960673419174,,
SUMITOMO,sweep_52,-1,13,all,47,47,-0.018698782299929408,0.028619845603464533,0.20712866545034905,-0.091735121158730504,0.11868873330849677,0.53191489361702127,-0.044148978959983931,0.02545019666005454,,
SUMITOMO,breakout_1,1,13,early,241,241,0.042239364018442575,0.018003706645485895,0.19156976045651586,-0.09454796411318156,0.17620137299771166,0.53526970954356845,0.046702240512369743,-0.0044628764939271719,,
SUMITOMO,fvg_raw,1,13,early,164,164,0.057271317013027324,0.025647159548751075,0.20499705142272981,-0.083280406750799868,0.19298357698523055,0.54268292682926833,0.046016999483469809,0.011254317529557514,,
SUMITOMO,breakout_1,-1,13,early,225,225,-0.035865100191148816,-0.016871165644171793,0.20481666731730724,-0.16679245283018873,0.08680555555555558,0.4622222222222222,-0.045650545935646145,0.0097854457444973269,,
SUMITOMO,sweep_4,-1,13,early,114,114,-0.027612142057795143,-0.0042766523429507153,0.20634490623669463,-0.13007239528978659,0.11082021347087617,0.47368421052631576,-0.044000247120733145,0.016388105062938012,,
SUMITOMO,sweep_1,1,13,early,125,125,0.045758378473263563,-0.0044303797468354666,0.2271793453773516,-0.10240733664501334,0.18723404255319154,0.496,0.048577075834091842,-0.0028186973608282807,,
SUMITOMO,sweep_4,1,13,early,92,92,0.059681393357059707,0.015588171377944215,0.20670506882967193,-0.077927229481319193,0.20384317862165963,0.52173913043478259,0.04477008760051595,0.014911305756543768,,
SUMITOMO,breakout_4,1,13,early,168,168,0.044822142894898193,0.017446610535973073,0.20496569595970807,-0.095268212597741375,0.18870970723621372,0.52380952380952384,0.046677071091350948,-0.0018549281964527645,,
SUMITOMO,sweep_1,-1,13,early,163,163,-0.037255193564881439,-0.0090293453724605843,0.20968076044072212,-0.15575564559066057,0.097978508378225859,0.48466257668711654,-0.043983372899721776,0.0067281793348403429,,
SUMITOMO,breakout_13,1,13,early,93,93,0.081272036659029212,0.06379821958456966,0.20114613326934797,-0.0684410646387833,0.23762376237623761,0.61290322580645162,0.047504913958854846,0.033767122700174394,,
SUMITOMO,fvg_disp,1,13,early,91,91,0.056156539225073014,0.059035277177825751,0.19177946240152266,-0.088383887113308801,0.18394561012776933,0.5714285714285714,0.044559414301610277,0.011597124923462735,,
SUMITOMO,sweep_fvg,1,13,early,17,17,0.11265980562824672,0.12924606462303223,0.19689496478122562,-0.00070422535211267512,0.2276785714285714,0.70588235294117652,0.047802406155091515,0.064857399473155192,,
SUMITOMO,fvg_raw,-1,13,early,135,135,-0.024437151539034439,-0.021989528795811619,0.19629803383119782,-0.16721328063617535,0.095111448834853063,0.43703703703703706,-0.046231206629782189,0.02179405509074776,,
SUMITOMO,fvg_disp,-1,13,early,76,76,-0.027688860160793784,-0.016320996088984407,0.20186604520092724,-0.14660782109913967,0.099017539160405316,0.44736842105263158,-0.04898552479078281,0.021296664629989037,,
SUMITOMO,sweep_fvg,-1,13,early,33,33,0.0027803781498317052,0.012628255722178405,0.22053349750502335,-0.12433862433862441,0.17494521548575603,0.51515151515151514,-0.052064207239057983,0.054844585388889706,,
SUMITOMO,breakout_4,-1,13,early,138,138,-0.0089083667879500984,-0.0033015407190022383,0.20128315683789025,-0.15447827303245065,0.11605489212602219,0.49275362318840582,-0.045196115827191845,0.03628774903924175,,
SUMITOMO,sweep_13,1,13,early,51,51,0.055272200339202819,0.031372549019607954,0.19463245069348695,-0.083645754239433046,0.2129272785913815,0.50980392156862742,0.040885712592588538,0.014386487746614284,,
SUMITOMO,breakout_13,-1,13,early,70,70,-0.037918981042568099,-0.072459036113521669,0.21681257469085488,-0.19959736456808197,0.082136981822268973,0.38571428571428573,-0.04714367343485313,0.0092246923922850305,,
SUMITOMO,sweep_13,-1,13,early,63,63,-0.044781572260432445,-0.011535292502059979,0.22598613063788023,-0.16451355834806092,0.12429763538561045,0.47619047619047616,-0.044032991144838565,-0.00074858111559388224,,
SUMITOMO,breakout_52,-1,13,early,20,20,0.022810639940626248,-0.0046668113739960493,0.25054886509087582,-0.13748960736757698,0.10530383261298912,0.5,-0.048263519059258367,0.071074158999884618,,
SUMITOMO,sweep_52,1,13,early,22,22,0.05534012205393412,0.12816769163979058,0.23751357277137458,-0.069377583101986273,0.23418178398865841,0.59090909090909094,0.035436196452434669,0.019903925601499436,,
SUMITOMO,breakout_52,1,13,early,46,46,0.082791204984296721,0.068615694029541707,0.19301256585505011,-0.056329217827443101,0.23698115609880316,0.60869565217391308,0.045196115827191831,0.037595089157104876,,
SUMITOMO,sweep_52,-1,13,early,31,31,-0.007142369982894285,0,0.19055823056865645,-0.091735121158730504,0.11825541114160271,0.4838709677419355,-0.037390179286807455,0.03024780930391318,,
SUMITOMO,breakout_1,1,13,late,108,100,0.10120713777363723,0.065102173785989481,0.22390032148486572,-0.050745615635260255,0.25022103166513338,0.66000000000000003,0.056363668520410276,0.044843469253226943,,
SUMITOMO,fvg_raw,1,13,late,64,59,0.10191455252794811,0.086677367576244002,0.22361163710178936,-0.052225539979155633,0.27980616540570791,0.64406779661016944,0.055872700667299512,0.04604185186064861,,
SUMITOMO,breakout_1,-1,13,late,90,84,-0.058612918233832398,-0.022304494631929961,0.22345961699426825,-0.12395786652768032,0.077849021560104675,0.41666666666666669,-0.053145101483350846,-0.0054678167504815496,,
SUMITOMO,sweep_4,-1,13,late,62,58,-0.052983422852161836,-0.041242473794608325,0.20556540338059665,-0.18780991189688168,0.092486240200669256,0.39655172413793105,-0.057180922219475523,0.0041974993673136781,,
SUMITOMO,sweep_1,1,13,late,53,49,0.041681828218977097,-0.011512134411947761,0.26585261941013238,-0.13182831661092531,0.15746031746031752,0.46938775510204084,0.051652259629427183,-0.0099704314104500889,,
SUMITOMO,sweep_4,1,13,late,40,37,0.034487116527358183,-0.015366146458583474,0.23271401455613586,-0.12781546811397559,0.13215488215488214,0.45945945945945948,0.055912910974679576,-0.021425794447321414,,
SUMITOMO,breakout_4,1,13,late,72,66,0.10073631686656337,0.072794913205016187,0.23264307940883816,-0.062510593117537289,0.27562857157803161,0.66666666666666663,0.057135060620201378,0.043601256246361977,,
SUMITOMO,sweep_1,-1,13,late,63,60,-0.0061504249480677196,0.013834388470346903,0.21115551493595108,-0.12850048159680566,0.13381584005212716,0.51666666666666672,-0.053145101483350846,0.046994676535283129,,
SUMITOMO,breakout_13,1,13,late,46,43,0.12542374634183023,0.087263111502864588,0.21002164469294865,-0.0076889629763770007,0.2864527588623883,0.72093023255813948,0.061650828325474062,0.063772918016356192,,
SUMITOMO,fvg_disp,1,13,late,36,34,0.10097413687792581,0.089825002196082249,0.23757468425983491,-0.082210915593719569,0.27810858588799586,0.6470588235294118,0.057447998591719056,0.043526138286206724,,
SUMITOMO,sweep_fvg,1,13,late,6,6,0.097121728006962296,0.10763238856779078,0.12906145483512207,0.03388259284365619,0.18454687525440139,0.83333333333333337,0.053145101483350853,0.043976626523611451,,
SUMITOMO,fvg_raw,-1,13,late,47,45,-0.050881669850764255,-0.01719394773039884,0.18385810648021894,-0.11691919191919187,0.056908945686900969,0.44444444444444442,-0.0541204248279143,0.0032387549771500735,,
SUMITOMO,fvg_disp,-1,13,late,25,24,-0.045495131415623447,0.0057215054135719146,0.18744277963323322,-0.043525182438501453,0.04536942856704837,0.54166666666666663,-0.060460026567576812,0.014964895151953372,,
SUMITOMO,sweep_fvg,-1,13,late,13,12,0.0040880484636543106,0.034813623489314605,0.16640483806130318,-0.00060670836421480856,0.062427211678514921,0.75,-0.060460026567576819,0.064548075031231139,,
SUMITOMO,breakout_4,-1,13,late,51,49,-0.056105822068356952,-0.030464216634429331,0.18038824015130697,-0.12732185072610602,0.063860667634252577,0.36734693877551022,-0.055235080078843979,-0.00087074198951295765,,
SUMITOMO,sweep_13,1,13,late,22,19,0.0091361377994686813,-0.015366146458583474,0.12986664791101743,-0.08121231630208825,0.026875811285726248,0.42105263157894735,0.058535046282254186,-0.049398908482785511,,
SUMITOMO,breakout_13,-1,13,late,30,29,-0.079338044719986303,-0.049715557754143047,0.167932325670195,-0.11748277788121397,0.011139475516361075,0.27586206896551724,-0.052640623891335239,-0.026697420828651033,,
SUMITOMO,sweep_13,-1,13,late,27,26,-0.078454289258746854,-0.034482649239659713,0.21635343854381378,-0.23740585354304966,0.042900201671286192,0.38461538461538464,-0.064398832382160015,-0.014055456876586821,,
SUMITOMO,breakout_52,-1,13,late,11,11,-0.083963003574844833,-0.050747198007472072,0.14423776715551459,-0.16360601048112,0.0074611539025460916,0.27272727272727271,-0.027875360283297502,-0.056087643291547321,,
SUMITOMO,sweep_52,1,13,late,10,10,0.055424130107431059,0.013250976267261017,0.15175308964572048,-0.051737037340335301,0.18711716874028139,0.59999999999999998,0.050219131449660462,0.0052049986577706042,,
SUMITOMO,breakout_52,1,13,late,18,18,0.15822853449459784,0.13198876436972906,0.27479610305685215,-0.026619518495247824,0.37099158145734634,0.72222222222222221,0.067774951651802764,0.090453582842795033,,
SUMITOMO,sweep_52,-1,13,late,16,16,-0.041089331164184957,0.034497166804072832,0.24110446307821026,-0.13575173954615483,0.1121511316776381,0.625,-0.067774951651802778,0.026685620487617832,,
SUMITOMO_ADJ,breakout_1,1,1,all,362,362,0.0063292316725834345,0.0047109572213117623,0.052349088271399016,-0.025832137447947295,0.037263206546029992,0.52762430939226523,0.0042560278984442894,0.0020732037741391447,,
SUMITOMO_ADJ,fvg_raw,1,1,all,238,238,0.0028213235786438526,0,0.054587511630733464,-0.032561467000266547,0.037431457959100023,0.49579831932773111,0.0041931495605202025,-0.0013718259818763514,,
SUMITOMO_ADJ,breakout_1,-1,1,all,320,318,-0.0035505297385415979,0.0005357936745800651,0.059542332282760027,-0.035804342612662576,0.029994799396795224,0.50314465408805031,-0.0041266048223720219,0.00057607508383042568,,
SUMITOMO_ADJ,sweep_4,-1,1,all,185,185,-6.36192537324267e-05,0.0039921650234459038,0.049672019715211478,-0.031466408558316727,0.031420416080281677,0.51891891891891895,-0.0041530525480820892,0.0040894332943496635,,
SUMITOMO_ADJ,sweep_1,1,1,all,179,179,-0.0016979339055942894,-0.0051619550616774923,0.054144054047068894,-0.033145971695712928,0.023952675689132508,0.43575418994413406,0.0042744344131872515,-0.0059723683187815424,,
SUMITOMO_ADJ,sweep_4,1,1,all,138,138,-0.0008364552510397124,-0.0025130320112693449,0.060801548883872465,-0.033386706017310724,0.027084817806718731,0.45652173913043476,0.0041223276114807448,-0.0049587828625204588,,
SUMITOMO_ADJ,breakout_4,1,1,all,245,245,0.0066831414513547592,0.0029324296999477806,0.053223905207104773,-0.026615957372205901,0.03955814691388726,0.51836734693877551,0.0042636207703925224,0.0024195206809622342,,
SUMITOMO_ADJ,sweep_1,-1,1,all,233,233,0.003318727766948006,0.0060240028729307005,0.054735724371705749,-0.033593818467899661,0.037646011145080149,0.54077253218884125,-0.0040548144771185568,0.0073735422440665641,,
SUMITOMO_ADJ,breakout_13,1,1,all,149,149,0.0053581685244577567,0.0015871425484639268,0.056156336756990603,-0.030202803197548089,0.039405164076844912,0.50335570469798663,0.0043522564354134948,0.0010059120890442584,,
SUMITOMO_ADJ,fvg_disp,1,1,all,130,130,0.0041522104683534393,-0.0003980034027463164,0.049356209403018242,-0.030303922403395994,0.034093016058533876,0.49230769230769234,0.004118803128221318,3.3407340132119946e-05,,
SUMITOMO_ADJ,sweep_fvg,1,1,all,24,24,-0.0089330013352068669,0.0075831012587388447,0.053726705003211972,-0.040840818812366814,0.029060297727538764,0.54166666666666663,0.0041874967619262319,-0.0131204980971331,,
SUMITOMO_ADJ,fvg_raw,-1,1,all,183,183,-0.0065354721922440484,0,0.066811843253888586,-0.036525088363181579,0.027783749323117557,0.48633879781420764,-0.0041985407214445158,-0.0023369314707995326,,
SUMITOMO_ADJ,fvg_disp,-1,1,all,97,97,-0.0064407969281896809,0,0.073325804337816797,-0.038471060969530235,0.028532289448508941,0.49484536082474229,-0.0044448760382782872,-0.0019959208899113937,,
SUMITOMO_ADJ,sweep_fvg,-1,1,all,45,45,0.011980013363000556,0.010687053123738299,0.065564100587436086,-0.027777595564985047,0.036550698658086356,0.59999999999999998,-0.004643627656474426,0.016623641019474979,,
SUMITOMO_ADJ,breakout_4,-1,1,all,190,190,-0.0056961880707458125,0.00074520502020380963,0.062128378586654549,-0.034633670476570899,0.027386669278016668,0.5,-0.0040829230786791479,-0.0016132649920666635,,
SUMITOMO_ADJ,sweep_13,1,1,all,79,79,0.0030958109725538474,0.0022191254966528184,0.061762920704460621,-0.032180932018001929,0.029757704694041376,0.51898734177215189,0.0038790705442340208,-0.0007832595716801775,,
SUMITOMO_ADJ,breakout_13,-1,1,all,99,99,4.2506517197995947e-05,0.0045590599829654632,0.068623386988157536,-0.032058477552290632,0.030880918248823164,0.55555555555555558,-0.0042847840862741283,0.0043272906034721214,,
SUMITOMO_ADJ,sweep_13,-1,1,all,91,91,-0.0055521075856695872,-0.0047789090980521198,0.047642911579093138,-0.032991874750398442,0.024624260030416234,0.49450549450549453,-0.0041999216881516248,-0.0013521858975179583,,
SUMITOMO_ADJ,breakout_52,-1,1,all,28,28,-0.0084721902063307521,0.0051596941318711731,0.073939950648913372,-0.050705452779380655,0.03150325414464572,0.5714285714285714,-0.0041320087157248626,-0.0043401814906058921,,
SUMITOMO_ADJ,breakout_52,1,1,all,71,71,0.0099669681296744306,0.0060853872258104236,0.059191990489038553,-0.030660091236489606,0.054375470022329675,0.54929577464788737,0.0042646208783802281,0.005702347251294199,,
SUMITOMO_ADJ,sweep_52,-1,1,all,47,47,-0.0042541827598134756,0.0046677486434473225,0.053597678644023559,-0.029474031733173089,0.025112464554791991,0.53191489361702127,-0.0040489580933729535,-0.00020522466644052099,,
SUMITOMO_ADJ,sweep_52,1,1,all,31,31,0.021423123997149195,0.017576332822662133,0.072458556592644219,-0.00070792858954676907,0.053750962636599731,0.70967741935483875,0.0034874795596915044,0.017935644437457696,,
SUMITOMO_ADJ,breakout_1,1,1,early,249,249,0.0067862188015138597,0.0037130681791628373,0.052966113403689563,-0.024347659176732983,0.036363879302846458,0.52610441767068272,0.0038714651056655754,0.0029147536958482848,,
SUMITOMO_ADJ,fvg_raw,1,1,early,171,171,0.0038565707954049686,0.0015871425484639268,0.054453816778497685,-0.029508329620865081,0.037923225311811026,0.50292397660818711,0.0038388839937960263,1.7686801608943154e-05,,
SUMITOMO_ADJ,breakout_1,-1,1,early,231,231,-0.0020331094870903992,0.0043416035096009997,0.057054288215195294,-0.034168088696662102,0.031137268224414372,0.53246753246753242,-0.0037621936003389713,0.0017290841132485697,,
SUMITOMO_ADJ,sweep_4,-1,1,early,121,121,-0.00047458816680519944,-0.0022073006466341027,0.047384433060649177,-0.031523744073941318,0.027472616034883823,0.49586776859504134,-0.0036879140348835384,0.0032133258680783379,,
SUMITOMO_ADJ,sweep_1,1,1,early,125,125,-0.0050574063640109182,-0.0098131182311652632,0.055293307853477587,-0.034962273340498173,0.018854735322421323,0.39200000000000002,0.004015486918541992,-0.0090728932825529119,,
SUMITOMO_ADJ,sweep_4,1,1,early,98,98,-0.0047800530737753984,-0.008332644611097173,0.063584741469408138,-0.03580505510628687,0.021913631524828114,0.40816326530612246,0.0036688135751949992,-0.0084488666489703976,,
SUMITOMO_ADJ,breakout_4,1,1,early,171,171,0.0066364291594573147,0.0015871425484639268,0.053167401946875831,-0.02572238896808049,0.039988661324033226,0.50292397660818711,0.0038572801317903974,0.002779149027666919,,
SUMITOMO_ADJ,sweep_1,-1,1,early,168,168,0.0020497336301479848,0.0059140171280946952,0.05390730109965889,-0.03520926380295647,0.037656449020261856,0.54166666666666663,-0.0036634636779211268,0.0057131973080691099,,
SUMITOMO_ADJ,breakout_13,1,1,early,100,100,0.0069043163694948728,-0.00031955325078808494,0.057352203360627907,-0.029986468501832897,0.040807529157701972,0.48999999999999999,0.0038896573346604911,0.0030146590348343822,,
SUMITOMO_ADJ,fvg_disp,1,1,early,91,91,0.0070039754494704886,0.0041751175606767887,0.045759265172117834,-0.026264951177603302,0.036855641867657329,0.50549450549450547,0.003649060108337621,0.003354915341132868,,
SUMITOMO_ADJ,sweep_fvg,1,1,early,18,18,-0.00065644545350419033,0.0081873645888715929,0.04113782563826747,-0.039140032256291452,0.031113418111772873,0.55555555555555558,0.0038756762697847677,-0.0045321217232889583,,
SUMITOMO_ADJ,fvg_raw,-1,1,early,137,137,-0.0071105115186623916,0.0028330459451150203,0.063121018008611779,-0.035361709689437415,0.024604628620664593,0.51824817518248179,-0.0038501633776757862,-0.0032603481409866071,,
SUMITOMO_ADJ,fvg_disp,-1,1,early,72,72,-0.010622778429203622,-0.0026899354837650602,0.069439901244459229,-0.04117655664063774,0.019916390046317151,0.4861111111111111,-0.0041378212362045618,-0.0064849571929990598,,
SUMITOMO_ADJ,sweep_fvg,-1,1,early,32,32,0.0055714739134024756,0.008624057985536171,0.064895819653340195,-0.028331238235790646,0.033053508995545988,0.59375,-0.0043890434956901959,0.0099605174090926733,,
SUMITOMO_ADJ,breakout_4,-1,1,early,142,142,-0.0032381530909996862,0.0044175648517612576,0.057182785546768408,-0.032106376516039425,0.028118541926271085,0.54225352112676062,-0.003723066054592025,0.00048491296359233867,,
SUMITOMO_ADJ,sweep_13,1,1,early,56,56,0.0039471548690884744,0.0007284957739293052,0.063360724195168916,-0.032574735180906089,0.028932024945519386,0.5,0.0033076955092085493,0.00063945935987992641,,
SUMITOMO_ADJ,breakout_13,-1,1,early,70,70,0.0043323740347844652,0.0059552653704289527,0.059402213773086764,-0.022900218019637375,0.031512523666223452,0.58571428571428574,-0.0039256086443409215,0.008257982679125378,,
SUMITOMO_ADJ,sweep_13,-1,1,early,62,62,-0.0012155527037955342,0.0037616207221514153,0.04311765434001804,-0.031309403813066683,0.024762560457257859,0.532258064516129,-0.0036501752234021499,0.002434622519606616,,
SUMITOMO_ADJ,breakout_52,-1,1,early,19,19,-0.0015154502054192519,0.005760328280776883,0.077347273896098898,-0.045062092458689085,0.031137268224414372,0.57894736842105265,-0.004114826063711597,0.0025993758582923397,,
SUMITOMO_ADJ,breakout_52,1,1,early,49,49,0.013146650764118037,0.010609969952500853,0.055194632884702381,-0.017605794933216345,0.048454432759164501,0.5714285714285714,0.0036688135751949992,0.0094778371889230415,,
SUMITOMO_ADJ,sweep_52,-1,1,early,32,32,-0.0023390929503846608,0.0073327041634180801,0.052681464103510163,-0.030880723291317413,0.025861205177834329,0.59375,-0.0033076955092085497,0.00096860255882388717,,
SUMITOMO_ADJ,sweep_52,1,1,early,21,21,0.011170725446894184,0.0088494020268468088,0.083685919264699482,-0.032045980279396757,0.031409064191085356,0.61904761904761907,0.0028770287786617451,0.0082936966682324413,,
SUMITOMO_ADJ,breakout_1,1,1,late,113,113,0.0053222423353827637,0.0051838901547296423,0.05118123461137615,-0.030337628805345296,0.038644449138362624,0.53097345132743368,0.0051713432415202458,0.00015089909386251517,,
SUMITOMO_ADJ,fvg_raw,1,1,late,67,67,0.00017912545825354097,-0.0042300585470415042,0.055250621462292267,-0.034954786471188604,0.026571178674090978,0.47761194029850745,0.0051533377200963506,-0.0049742122618428126,,
SUMITOMO_ADJ,breakout_1,-1,1,late,89,87,-0.0075795421303258151,-0.01072321421146416,0.065876774123222473,-0.03742559898225073,0.027334537228067557,0.42528735632183906,-0.0051425439592427697,-0.0024369981710830419,,
SUMITOMO_ADJ,sweep_4,-1,1,late,64,64,0.00071336884754578424,0.0093168009089971138,0.05411506588874198,-0.028051288264118179,0.037501490849930208,0.5625,-0.0051432501916423706,0.0058566190391881575,,
SUMITOMO_ADJ,sweep_1,1,1,late,54,54,0.0060786227111108704,0.0057512775316809206,0.051033323210527781,-0.026819938947575034,0.026745198350144272,0.53703703703703709,0.0050772566974131277,0.0010013660136977394,,
SUMITOMO_ADJ,sweep_4,1,1,late,40,40,0.008825359414662717,0.011986822389110308,0.052874909906785179,-0.029722636274367026,0.050850541839006114,0.57499999999999996,0.0052046924104075278,0.0036206670042551866,,
SUMITOMO_ADJ,breakout_4,1,1,late,74,74,0.0067910847204691194,0.0058266608117537588,0.053717517670292973,-0.030081087201633827,0.039273460186931619,0.55405405405405406,0.0052091206784266372,0.0015819640420424801,,
SUMITOMO_ADJ,sweep_1,-1,1,late,64,64,0.0063099808912437938,0.0074653575747196665,0.057522126776677708,-0.019312105843548866,0.037881706005649302,0.53125,-0.0051432501916423706,0.011453231082886168,,
SUMITOMO_ADJ,breakout_13,1,1,late,49,49,0.0022027647590758884,0.0055679343976970941,0.054075155684031942,-0.032998506633891811,0.038878348517191741,0.53061224489795922,0.00526153691212223,-0.0030587721530463447,,
SUMITOMO_ADJ,fvg_disp,1,1,late,39,39,-0.0025019078209196754,-0.0057945514928302577,0.056969465145416016,-0.038886190409838595,0.021414706810763406,0.46153846153846156,0.0052004912330560656,-0.0077023990539757366,,
SUMITOMO_ADJ,sweep_fvg,1,1,late,6,6,-0.033762668980314901,-0.0049340419952175751,0.080857036884195932,-0.040922999389708004,0.013990328871616831,0.5,0.0051500771048384993,-0.038912746085153403,,
SUMITOMO_ADJ,fvg_raw,-1,1,late,46,46,-0.004822855067911155,-0.009187705533756696,0.07751353971881049,-0.043856428261745517,0.028392241433433163,0.39130434782608697,-0.0051975686748985247,0.00037471360698736916,,
SUMITOMO_ADJ,fvg_disp,-1,1,late,25,25,0.0056033097947304662,0.019672878827750151,0.083894788666955725,-0.024530215830786073,0.033219956894290359,0.52000000000000002,-0.0052636769404220797,0.010866986735152542,,
SUMITOMO_ADJ,sweep_fvg,-1,1,late,13,13,0.027754879700472752,0.033177490768863338,0.067104361208542476,-0.02386387268548229,0.039710449168151252,0.61538461538461542,-0.0052677100706794841,0.033022589771152237,,
SUMITOMO_ADJ,breakout_4,-1,1,late,48,48,-0.012967874885828103,-0.013234017923868913,0.075099921835410102,-0.038138935758748271,0.023598399570229023,0.375,-0.0051500771048384993,-0.0078177977809896024,,
SUMITOMO_ADJ,sweep_13,1,1,late,23,23,0.0010229736592521476,0.010115908864306133,0.059007690829260072,-0.027473729304391792,0.037355974617591214,0.56521739130434778,0.0051975686748985265,-0.0041745950156463789,,
SUMITOMO_ADJ,breakout_13,-1,1,late,29,29,-0.010312346111458998,-0.012713858927750898,0.087346993766676415,-0.043415332050079414,0.030175507221128384,0.48275862068965519,-0.0051877428328171412,-0.005124603278641858,,
SUMITOMO_ADJ,sweep_13,-1,1,late,29,29,-0.014823362850365838,-0.012067963653775271,0.055812341860497459,-0.038644449138362624,0.020107958512622148,0.41379310344827586,-0.005278140579965878,-0.0095452222703999619,,
SUMITOMO_ADJ,breakout_52,-1,1,late,9,9,-0.023158641319366142,0.0045590599829654632,0.068066668709939229,-0.049539658517950613,0.031375079156850116,0.55555555555555558,-0.0047859750677116449,-0.018372666251654495,,
SUMITOMO_ADJ,breakout_52,1,1,late,22,22,0.0028849477165954862,-0.0011919567413045673,0.06811409290877489,-0.034233482235957402,0.054379180600437282,0.5,0.0053685383271146149,-0.0024835906105191291,,
SUMITOMO_ADJ,sweep_52,-1,1,late,15,15,-0.0083397076865949476,-0.01254295962667018,0.057159889656936705,-0.028128085654713253,0.019732974523489877,0.40000000000000002,-0.0053685383271146149,-0.0029711693594803314,,
SUMITOMO_ADJ,sweep_52,1,1,late,10,10,0.04295316095268472,0.038553285740521859,0.034315271837220128,0.013785886926429014,0.072258507351396106,0.90000000000000002,0.0049753081270176094,0.037977852825667111,,
SUMITOMO_ADJ,breakout_1,1,4,all,362,357,0.020425241524959524,0.0083506963930410905,0.10918790717264898,-0.049096027145595356,0.093155570338893767,0.54621848739495793,0.01725853205978704,0.0031667094651724754,,
SUMITOMO_ADJ,fvg_raw,1,4,all,238,234,0.022035808741139685,0.0059866039685542161,0.11704433103067624,-0.050579282302728457,0.090749430518912044,0.51282051282051277,0.016993520401567201,0.0050422883395724776,,
SUMITOMO_ADJ,breakout_1,-1,4,all,320,318,-0.013317165211349126,-0.0049153776026344964,0.10878567570219604,-0.073352419319272666,0.057836217792567923,0.47484276729559749,-0.016690173779085712,0.0033730085677365893,,
SUMITOMO_ADJ,sweep_4,-1,4,all,185,184,-0.0064082834574121081,0.002912685482336641,0.11245610469017524,-0.066275940729246252,0.067736576083493316,0.51630434782608692,-0.016888852556866354,0.010480569099454254,,
SUMITOMO_ADJ,sweep_1,1,4,all,179,179,0.017187247805824441,0.010833184344388513,0.11300231847580539,-0.06385040998386643,0.083315248104796291,0.55307262569832405,0.017308438178692775,-0.00012119037286833714,,
SUMITOMO_ADJ,sweep_4,1,4,all,138,138,0.018382607576850708,0.020035554111844878,0.12628611145058452,-0.072070683728475915,0.090926139147186669,0.58695652173913049,0.016693697773067805,0.0016889098037828989,,
SUMITOMO_ADJ,breakout_4,1,4,all,245,241,0.023663198246086686,0.0079169283788631528,0.11447492991349807,-0.046770565518468143,0.093653685663597885,0.5477178423236515,0.017257709930477087,0.0064054883156095888,,
SUMITOMO_ADJ,sweep_1,-1,4,all,233,233,-0.0072250482303867578,0.0018346882016954114,0.11643668677398983,-0.07100708504520048,0.069233719585413578,0.51072961373390557,-0.01639386291970469,0.0091688146893179404,,
SUMITOMO_ADJ,breakout_13,1,4,all,149,146,0.034709461820678265,0.019293238952369673,0.11814705526530445,-0.044888733668567271,0.10672443318530123,0.6095890410958904,0.017677121276556414,0.017032340544121848,,
SUMITOMO_ADJ,fvg_disp,1,4,all,130,129,0.018972120981882744,-0.00080603714381854985,0.11518382844530924,-0.057880744113856797,0.080073141508943069,0.49612403100775193,0.016640722496746915,0.0023313984851358262,,
SUMITOMO_ADJ,sweep_fvg,1,4,all,24,24,0.026691760636094911,0.017194501574641974,0.11869208945868923,-0.041323307506369866,0.08999813891625974,0.58333333333333337,0.01692809184662351,0.0097636687894713976,,
SUMITOMO_ADJ,fvg_raw,-1,4,all,183,183,-0.016900249540481947,-0.0091244584897007819,0.1125393588870794,-0.077103319243941759,0.070903896475664752,0.43169398907103823,-0.016981795077601662,8.1545537119719489e-05,,
SUMITOMO_ADJ,fvg_disp,-1,4,all,97,97,-0.026854260624174751,-0.014118182082726305,0.11741462586185558,-0.077060971460280792,0.068642801876524828,0.40206185567010311,-0.018015808983693454,-0.008838451640481285,,
SUMITOMO_ADJ,sweep_fvg,-1,4,all,45,45,0.0036579909356717574,0.021027979330303093,0.10709429477112849,-0.031431309111900951,0.082551635583811511,0.55555555555555558,-0.01886147606784308,0.022519467003514843,,
SUMITOMO_ADJ,breakout_4,-1,4,all,190,190,-0.010585324084229021,0,0.11034631168080684,-0.071118953627001713,0.061804520619438003,0.48947368421052634,-0.016496984041572318,0.0059116599573432963,,
SUMITOMO_ADJ,sweep_13,1,4,all,79,79,0.015808524258709645,0.015021246936365973,0.13151917814345587,-0.069973327446783529,0.10473558632689028,0.620253164556962,0.015686526352508695,0.00012199790620094859,,
SUMITOMO_ADJ,breakout_13,-1,4,all,99,99,-0.014514676174204367,-0.011023458572523515,0.12100608734003893,-0.06993950311193653,0.069537713491329867,0.43434343434343436,-0.017365230255259566,0.0028505540810552081,,
SUMITOMO_ADJ,sweep_13,-1,4,all,91,90,-0.024527515003697077,0.0013203626727569806,0.11682977091294314,-0.077238924445622859,0.043787560008788057,0.51111111111111107,-0.017137284448744024,-0.007390230554953043,,
SUMITOMO_ADJ,breakout_52,-1,4,all,28,28,0.0021813963351465277,-0.0042558605146691963,0.12817770830599579,-0.066769127234443337,0.080007745827724214,0.4642857142857143,-0.016675213781271271,0.018856610116417805,,
SUMITOMO_ADJ,breakout_52,1,4,all,71,71,0.035930055426955015,0.022708711721080022,0.12972217943537553,-0.047286714151723641,0.12062684281402791,0.60563380281690138,0.017326507092371227,0.018603548334583789,,
SUMITOMO_ADJ,sweep_52,-1,4,all,47,47,-0.0061401874231468336,0.027465183110297442,0.12396531242846309,-0.047364784680709149,0.069726557678077006,0.61702127659574468,-0.01644115069995444,0.010300963276807611,,
SUMITOMO_ADJ,sweep_52,1,4,all,31,31,0.062340298007582125,0.069120160325387925,0.13863407469457659,0.0059737811217321912,0.14886285736430893,0.80645161290322576,0.01404443143782631,0.048295866569755798,,
SUMITOMO_ADJ,breakout_1,1,4,early,249,249,0.013937398801897908,0.0075913574823276431,0.10800694965428864,-0.05170025452964,0.087034111783617973,0.53413654618473894,0.015526971156763802,-0.0015895723548658976,,
SUMITOMO_ADJ,fvg_raw,1,4,early,171,171,0.013626692982977029,0.0056573224611355943,0.11130221446494908,-0.051295939485123232,0.081089100520779667,0.50877192982456143,0.015393734811126717,-0.0017670418281496944,,
SUMITOMO_ADJ,breakout_1,-1,4,early,228,228,-0.0095202480958515284,-0.00063224221516755552,0.10733252701121433,-0.072264014498839568,0.06957200210857778,0.48684210526315791,-0.015168048756272061,0.00564780066042054,,
SUMITOMO_ADJ,sweep_4,-1,4,early,121,121,-0.0011369706088695032,0.006652001052682377,0.1065554753449834,-0.060377534079099737,0.073504369404768899,0.53719008264462809,-0.014776362214788782,0.013639391605919286,,
SUMITOMO_ADJ,sweep_1,1,4,early,125,125,0.019256598292045114,0.0062088129300341688,0.120912088281696,-0.068642801876524828,0.084492348550147867,0.52800000000000002,0.016115930186661603,0.003140668105383492,,
SUMITOMO_ADJ,sweep_4,1,4,early,97,97,0.024165836446492152,0.012117029192593387,0.12835871526969553,-0.071877666263325923,0.10901125477708962,0.57731958762886593,0.014763209853749282,0.009402626592742859,,
SUMITOMO_ADJ,breakout_4,1,4,early,171,171,0.013704414534985008,0.0070351708870968199,0.10923362822569314,-0.048297627224203832,0.083746142092871345,0.53216374269005851,0.015468963496078269,-0.0017645489610932654,,
SUMITOMO_ADJ,sweep_1,-1,4,early,168,168,-0.0062201737955871845,0.0039639545825170819,0.11054842081389911,-0.077188458503454072,0.070987104750626112,0.51190476190476186,-0.014676375565338714,0.0084562017697515281,,
SUMITOMO_ADJ,breakout_13,1,4,early,100,100,0.021522414949661083,0.012348183223257592,0.11499019806758948,-0.04789842726350807,0.08780500379074363,0.58999999999999997,0.015601365981592993,0.0059210489680680788,,
SUMITOMO_ADJ,fvg_disp,1,4,early,91,91,0.01249596684639054,-0.0034676112220586308,0.10099106890402126,-0.055634662658796186,0.076733789294897936,0.49450549450549453,0.014617473985088182,-0.0021215071386976492,,
SUMITOMO_ADJ,sweep_fvg,1,4,early,18,18,0.036012410877784271,0.03637190298305526,0.13288464359636837,-0.043099437724990031,0.098269826195237719,0.61111111111111116,0.015544192181029821,0.020468218696754446,,
SUMITOMO_ADJ,fvg_raw,-1,4,early,135,135,-0.013296639144300071,-0.0043349648738315594,0.11456181146672793,-0.076263500369653237,0.077400179940390723,0.45925925925925926,-0.01554419218102982,0.0022475530367297501,,
SUMITOMO_ADJ,fvg_disp,-1,4,early,72,72,-0.022637703447157154,-0.006799112935349183,0.12406201436655487,-0.078305752731081812,0.076327660734945291,0.44444444444444442,-0.016616200941589422,-0.0060215025055677246,,
SUMITOMO_ADJ,sweep_fvg,-1,4,early,32,32,-0.0004172012908164914,0.035029370414940364,0.12078263615323043,-0.014124777663016119,0.082816344909606654,0.59375,-0.017643542670459041,0.017226341379642553,,
SUMITOMO_ADJ,breakout_4,-1,4,early,140,140,-0.0053080487966909876,0.001867263076716863,0.11003650793106132,-0.076230624686065784,0.06957200210857778,0.5,-0.015013292604371729,0.0097052438076807405,,
SUMITOMO_ADJ,sweep_13,1,4,early,55,55,0.024858529366384319,0.015021246936365973,0.12318197424632445,-0.055678708679503253,0.10689399631966234,0.61818181818181817,0.013309216340832833,0.011549313025551488,,
SUMITOMO_ADJ,breakout_13,-1,4,early,68,68,-0.0031245106833424187,-0.0032883312412373966,0.11995038634497934,-0.063014642045359281,0.07807261407932331,0.45588235294117646,-0.015964587773406126,0.012840077090063722,,
SUMITOMO_ADJ,sweep_13,-1,4,early,62,62,-0.016415571806671886,0.0053608794494471312,0.10542902376293499,-0.060373650007474688,0.044360557819727253,0.54838709677419351,-0.014622034107430163,-0.0017935376992417216,,
SUMITOMO_ADJ,breakout_52,-1,4,early,19,19,0.018831740039283496,0.0066614001274728496,0.14244492089040003,-0.052733066852392207,0.10312754647940475,0.52631578947368418,-0.016522165085399984,0.035353905124683491,,
SUMITOMO_ADJ,breakout_52,1,4,early,49,49,0.012101219762819528,0.0075913574823276431,0.11522648077533348,-0.050637081439950715,0.10714301698993545,0.5714285714285714,0.014698253295146051,-0.0025970335323265252,,
SUMITOMO_ADJ,sweep_52,-1,4,early,32,32,0.0087575570512896141,0.031973339460221462,0.09810492362463813,-0.018507929626011499,0.072033560941898611,0.65625,-0.013221506533150681,0.021979063584440295,,
SUMITOMO_ADJ,sweep_52,1,4,early,20,20,0.065336984229952252,0.056683943820960203,0.15222443649370285,0.00609129702588318,0.16787601811322167,0.80000000000000004,0.011613493392311275,0.053723490837640976,,
SUMITOMO_ADJ,breakout_1,1,4,late,113,108,0.035383323358684896,0.013869082717599679,0.11092398972932986,-0.044621686760310281,0.10767736547889933,0.57407407407407407,0.02093760507370199,0.014445718284982912,,
SUMITOMO_ADJ,fvg_raw,1,4,late,67,63,0.04486055151329546,0.0093564001803003727,0.12958061211106553,-0.042942378841323514,0.12832597339677076,0.52380952380952384,0.020894853132511902,0.023965698380783572,,
SUMITOMO_ADJ,breakout_1,-1,4,late,89,87,-0.023268299576930683,-0.021876885326016948,0.11286284926825921,-0.073219998113400409,0.047865698661188838,0.43678160919540232,-0.020576424880889149,-0.0026918746960415273,,
SUMITOMO_ADJ,sweep_4,-1,4,late,64,63,-0.016532550991914564,-0.0093564001803003727,0.12326071560431485,-0.069871679150431354,0.05532937549443312,0.47619047619047616,-0.020723845367751539,0.0041912943758369717,,
SUMITOMO_ADJ,sweep_1,1,4,late,54,54,0.012397084643276603,0.025576434608509335,0.092995640278824163,-0.047550857617124159,0.081301784453703729,0.61111111111111116,0.020039814308710085,-0.0076427296654334809,,
SUMITOMO_ADJ,sweep_4,1,4,late,40,40,0.0071846291568788186,0.035637910024585051,0.12217762820935874,-0.060383678950531067,0.082337635649765317,0.625,0.021087236867867308,-0.013902607710988491,,
SUMITOMO_ADJ,breakout_4,1,4,late,74,70,0.047991084168920783,0.028995609046126969,0.12384282960946034,-0.044201503910429596,0.12693811933666799,0.58571428571428574,0.021202667109080552,0.026788417059840228,,
SUMITOMO_ADJ,sweep_1,-1,4,late,64,64,-0.0080311681350917659,0.0012003711545318652,0.13156492796998789,-0.06500032739879591,0.067975322940015737,0.515625,-0.020582229562559357,0.012551061427467595,,
SUMITOMO_ADJ,breakout_13,1,4,late,49,46,0.063376955018541709,0.040850766819528372,0.1210848893374744,-0.033881771110073816,0.15269954719319206,0.65217391304347827,0.021731304155796285,0.041645650862745416,,
SUMITOMO_ADJ,fvg_disp,1,4,late,39,38,0.034480805885298289,5.4397913821446764e-05,0.14400940934885201,-0.057655455463516747,0.092120490769479368,0.5,0.021016358649578473,0.013464447235719818,,
SUMITOMO_ADJ,sweep_fvg,1,4,late,6,6,-0.0012701900889731665,-0.01330539431984995,0.059284278238524321,-0.037885173793653498,0.023627863340037303,0.5,0.020638341485371355,-0.021908531574344525,,
SUMITOMO_ADJ,fvg_raw,-1,4,late,46,46,-0.025285391680136705,-0.031793838666921426,0.10799114982040109,-0.081301784453703729,0.057830168605163185,0.34782608695652173,-0.021028685296237404,-0.0042567063838993002,,
SUMITOMO_ADJ,fvg_disp,-1,4,late,25,25,-0.038997945293985425,-0.039119451827228202,0.096979292612154946,-0.07215036453096757,0.021027979330303093,0.28000000000000003,-0.021572043880962934,-0.017425901413022488,,
SUMITOMO_ADJ,sweep_fvg,-1,4,late,13,13,0.013689233339335138,-0.006934847011908607,0.064912058370882625,-0.0321563682219419,0.06993012668800358,0.46153846153846156,-0.021605193078439559,0.035294426417774707,,
SUMITOMO_ADJ,breakout_4,-1,4,late,48,48,-0.023614862090112033,-0.010984870652329004,0.11188025384395378,-0.069490293921481427,0.05031106946676378,0.45833333333333331,-0.020638341485371355,-0.0029765206047406845,,
SUMITOMO_ADJ,sweep_13,1,4,late,23,23,-0.0010293149014600959,0.031428824326068971,0.15174328671578544,-0.085587018469477971,0.080583081009944713,0.65217391304347827,0.021028685296237404,-0.022058000197697502,,
SUMITOMO_ADJ,breakout_13,-1,4,late,29,29,-0.037583270711639638,-0.031431309111900951,0.12386855757084948,-0.069117091396853292,0.049676004959809505,0.37931034482758619,-0.020947924507782354,-0.016635346203857284,,
SUMITOMO_ADJ,sweep_13,-1,4,late,29,28,-0.04248967493996713,-0.0099430068451380471,0.13926163014441578,-0.10572098234098409,0.037707122174762325,0.42857142857142855,-0.022049155544644348,-0.020440519395322782,,
SUMITOMO_ADJ,breakout_52,-1,4,late,9,9,-0.032969329262475963,-0.054113550978480918,0.088019576763403523,-0.068494745764523968,0.011381120608077278,0.33333333333333331,-0.017645705602064996,-0.015323623660410969,,
SUMITOMO_ADJ,breakout_52,1,4,late,22,22,0.089003371224347705,0.097114768748950087,0.14652389875479607,-0.039934555028630692,0.19114501643029363,0.68181818181818177,0.02243392301535517,0.066569448208992549,,
SUMITOMO_ADJ,sweep_52,-1,4,late,15,15,-0.03792204230194459,0.00080603714381854985,0.16610775730669219,-0.12111441608241225,0.060286619846345313,0.53333333333333333,-0.02243392301535517,-0.015488119286589419,,
SUMITOMO_ADJ,sweep_52,1,4,late,10,10,0.048262918379528043,0.054970101471945254,0.1190762835747385,0.0029722892653756827,0.12201642667530843,0.80000000000000004,0.019201876261384299,0.029061042118143744,,
SUMITOMO_ADJ,breakout_1,1,13,all,362,353,0.06569842179895384,0.045492467822339622,0.20477237748910401,-0.081143938532811766,0.18751152899157075,0.58640226628895187,0.053905767982865421,0.011792653816088419,,
SUMITOMO_ADJ,fvg_raw,1,13,all,238,233,0.073331317129332302,0.04695847636067807,0.21289644157218035,-0.080991370723646372,0.20918878207022051,0.57939914163090134,0.05285907209062303,0.020472245038709279,,
SUMITOMO_ADJ,breakout_1,-1,13,all,320,314,-0.044511437725969293,-0.017797846431372388,0.21032858536340149,-0.16493431240758549,0.08300637980072248,0.44585987261146498,-0.051624440958918778,0.0071130032329494988,,
SUMITOMO_ADJ,sweep_4,-1,13,all,185,181,-0.036411237231978338,-0.030501365198077224,0.20584503992746828,-0.15879387098132436,0.099697557946904047,0.44198895027624308,-0.05315974178573557,0.016748504553757242,,
SUMITOMO_ADJ,sweep_1,1,13,all,179,175,0.050256677732310344,-0.0044305868251833802,0.23852141314843298,-0.10425168056289341,0.18453088057836831,0.49142857142857144,0.053996167498497914,-0.0037394897661875794,,
SUMITOMO_ADJ,sweep_4,1,13,all,138,135,0.058532359042126877,0.006010500220000603,0.21500092409140742,-0.079897134029559724,0.21493851880392445,0.51111111111111107,0.051205148351087706,0.0073272106910391875,,
SUMITOMO_ADJ,breakout_4,1,13,all,245,239,0.068349233664579304,0.039350849522666653,0.21387253109600768,-0.079733585523827089,0.20358339218165256,0.59414225941422594,0.053645451759172187,0.014703781905407109,,
SUMITOMO_ADJ,sweep_1,-1,13,all,233,230,-0.031463709194694087,-0.0083180956126465144,0.20934005008203829,-0.1556072961355508,0.10437217759002809,0.47826086956521741,-0.050418335712873977,0.018954626518179897,,
SUMITOMO_ADJ,breakout_13,1,13,all,149,146,0.10359678598098095,0.088158844273385051,0.20312467363868777,-0.047312752608401509,0.25048416378987759,0.66438356164383561,0.055569953263255312,0.048026832717725648,,
SUMITOMO_ADJ,fvg_disp,1,13,all,130,128,0.075414306720975766,0.059737521323772635,0.20617509552985,-0.087657966499706752,0.19370537142693683,0.59375,0.051806582360142628,0.023607724360833155,,
SUMITOMO_ADJ,sweep_fvg,1,13,all,24,24,0.10292770421668268,0.10510647503879877,0.18169307726447689,-0.0026826245612462662,0.20995118301852345,0.75,0.05236844146009418,0.050559262756588515,,
SUMITOMO_ADJ,fvg_raw,-1,13,all,183,181,-0.035317325303750646,-0.025123283215216397,0.19419051225851364,-0.14722214042038773,0.080586504196344499,0.43646408839779005,-0.052353379023549217,0.01703605371979857,,
SUMITOMO_ADJ,fvg_disp,-1,13,all,97,96,-0.028791597150660445,-0.0069019275774696576,0.18846416887673129,-0.12688380276577205,0.080946233868370937,0.46875,-0.056280652071069664,0.02748905492040921,,
SUMITOMO_ADJ,sweep_fvg,-1,13,all,45,44,0.0096374208804728013,0.014824853079708655,0.17916492146683591,-0.08308505146942885,0.10843770567224409,0.56818181818181823,-0.059349794506556953,0.068987215387029732,,
SUMITOMO_ADJ,breakout_4,-1,13,all,190,188,-0.023401471222661292,-0.023485923924903229,0.19680711208750748,-0.13880313632273078,0.097492133333741321,0.44680851063829785,-0.050820767614678387,0.027419296392017106,,
SUMITOMO_ADJ,sweep_13,1,13,all,79,76,0.043334988865878533,-0.0018492495289868516,0.17573228448307551,-0.076318873242201102,0.19745327622839987,0.5,0.046953557235744924,-0.0036185683698663623,,
SUMITOMO_ADJ,breakout_13,-1,13,all,99,98,-0.054964761556512941,-0.066411046460851497,0.20572070381448035,-0.19559008912917725,0.039713152757162057,0.35714285714285715,-0.053973336653555401,-0.00099142490295753066,,
SUMITOMO_ADJ,sweep_13,-1,13,all,91,90,-0.045921430899465002,-0.02918329401345432,0.22570377310300116,-0.18157223283536528,0.13091761455003106,0.45555555555555555,-0.053631318268149569,0.0077098873686845624,,
SUMITOMO_ADJ,breakout_52,-1,13,all,28,28,-0.013693899022254969,-0.054486068179613878,0.22437628572619592,-0.14153349883788235,0.045395817105896158,0.39285714285714285,-0.051283961982023299,0.037590062959768335,,
SUMITOMO_ADJ,breakout_52,1,13,all,71,71,0.10947662151629002,0.084865500629325519,0.22099007485370978,-0.054941263515102645,0.27919258485015663,0.61971830985915488,0.054375105269828986,0.055101516246461042,,
SUMITOMO_ADJ,sweep_52,-1,13,all,47,47,-0.0082818718575564214,0.022259167013154446,0.21506905859571873,-0.095474102752482137,0.13293588716987459,0.51063829787234039,-0.051197311896277853,0.042915440038721407,,
SUMITOMO_ADJ,sweep_52,1,13,all,31,31,0.065403700245810659,0.084280022551994183,0.22250767261258789,-0.077082469863855585,0.25472821954480129,0.61290322580645162,0.041948432720558974,0.023455267525251688,,
SUMITOMO_ADJ,breakout_1,1,13,early,248,248,0.050668433827955529,0.025620791556316469,0.19418028140868943,-0.0891252036010316,0.18155072279050738,0.55645161290322576,0.050890392916071239,-0.00022195908811569804,,
SUMITOMO_ADJ,fvg_raw,1,13,early,170,170,0.062888496678960848,0.03407854470285232,0.20537523412435452,-0.086301926707487819,0.19739141356961015,0.55294117647058827,0.050548526496603623,0.012339970182357224,,
SUMITOMO_ADJ,breakout_1,-1,13,early,225,225,-0.038863115856685268,-0.016871313203593585,0.20574345396314225,-0.17039223718104202,0.086474703905167649,0.45333333333333331,-0.05004896411933444,0.011185848262649168,,
SUMITOMO_ADJ,sweep_4,-1,13,early,120,120,-0.031067157448066641,-0.01028215436347335,0.20147417972328446,-0.13647577871720273,0.10003240257813351,0.46666666666666667,-0.048835741203109295,0.017768583755042654,,
SUMITOMO_ADJ,sweep_1,1,13,early,124,124,0.051050517872296038,0.00078995669740861141,0.22923140410484569,-0.094118354516303682,0.18723525345030595,0.5,0.0526515229557529,-0.0016010050834568493,,
SUMITOMO_ADJ,sweep_4,1,13,early,96,96,0.067663086301689782,0.01955449873761228,0.20947820498229502,-0.073455519033936795,0.22156166070391037,0.54166666666666663,0.048835741203109295,0.01882734509858049,,
SUMITOMO_ADJ,breakout_4,1,13,early,171,171,0.052489131137407961,0.027397324322976369,0.20508140031559333,-0.089554786369397288,0.19248276113273277,0.56140350877192979,0.05064493327116433,0.0018441978662436264,,
SUMITOMO_ADJ,sweep_1,-1,13,early,166,166,-0.038730356041782439,-0.008847443174281211,0.20445987016698813,-0.15806343071180817,0.09284154080588819,0.46987951807228917,-0.048616484049574638,0.0098861280077921932,,
SUMITOMO_ADJ,breakout_13,1,13,early,100,100,0.085222810492782616,0.070997443606690802,0.20085577008917871,-0.068506372554433898,0.23148406702849783,0.62,0.051019542452314555,0.034203268040468068,,
SUMITOMO_ADJ,fvg_disp,1,13,early,90,90,0.064032777079387801,0.059737521323772635,0.19012665994213027,-0.079473282262716077,0.18989675908446846,0.58888888888888891,0.04843133356436758,0.015601443515020212,,
SUMITOMO_ADJ,sweep_fvg,1,13,early,18,18,0.10012288101774705,0.10510647503879877,0.19686182538445185,-0.026086887878940618,0.21627538401338836,0.72222222222222221,0.050857779396817869,0.049265101620929189,,
SUMITOMO_ADJ,fvg_raw,-1,13,early,134,134,-0.02783811933805351,-0.028257389790241949,0.19731142673600593,-0.16996914291257947,0.092072066068107694,0.43283582089552236,-0.051008677769482688,0.023170558431429178,,
SUMITOMO_ADJ,fvg_disp,-1,13,early,72,72,-0.020460243087899406,-0.0095398789826977026,0.18783805273205684,-0.14819016629608578,0.10608513608832115,0.45833333333333331,-0.053890836687380726,0.03343059359948132,,
SUMITOMO_ADJ,sweep_fvg,-1,13,early,32,32,0.013621537260860017,0.014824853079708655,0.18619876174267166,-0.12467110218505811,0.17510730308524156,0.53125,-0.056797516590836795,0.07041905385169682,,
SUMITOMO_ADJ,breakout_4,-1,13,early,138,138,-0.013070916323205589,-0.0074654631292826457,0.20165586320502271,-0.16046735778219312,0.10261912496682821,0.47101449275362317,-0.049626973539777866,0.03655605721657227,,
SUMITOMO_ADJ,sweep_13,1,13,early,54,54,0.061832844495685907,0.056606265123204325,0.18995219218245729,-0.071945905727094472,0.22246141947106673,0.55555555555555558,0.044791664815692168,0.01704117967999377,,
SUMITOMO_ADJ,breakout_13,-1,13,early,66,66,-0.044123239281859454,-0.087498725288930435,0.22187363411694166,-0.20893069082995225,0.082137142787102768,0.39393939393939392,-0.052695995936552935,0.0085727566546934739,,
SUMITOMO_ADJ,sweep_13,-1,13,early,62,62,-0.045412810797484611,-0.0057675158421383044,0.22505519167077478,-0.17573286286562934,0.13091761455003106,0.4838709677419355,-0.048248697856548756,0.0028358870590641455,,
SUMITOMO_ADJ,breakout_52,-1,13,early,19,19,0.037833397738924412,0.0086271048543506978,0.24174473779099112,-0.12500346312443444,0.13723550040646065,0.52631578947368418,-0.053624779030313798,0.091458176769238203,,
SUMITOMO_ADJ,breakout_52,1,13,early,49,49,0.08375481403372026,0.059035306925878883,0.19831032178277386,-0.055505554422641712,0.23949573796130275,0.59183673469387754,0.048464346432836293,0.035290467600883967,,
SUMITOMO_ADJ,sweep_52,-1,13,early,32,32,-0.024558295125179937,-0.0057675158421383044,0.1979903710455054,-0.11569136637604699,0.10203731653290413,0.46875,-0.044286155267265009,0.019727860142085073,,
SUMITOMO_ADJ,sweep_52,1,13,early,20,20,0.075706115917401742,0.18453393497926862,0.25399875148857826,-0.068012865308595322,0.26217274174058658,0.65000000000000002,0.039736569331420724,0.035969546585981019,,
SUMITOMO_ADJ,breakout_1,1,13,late,113,104,0.10461671580928525,0.067456383939966447,0.22318530522911914,-0.057568049129449406,0.25612950694088654,0.66346153846153844,0.065203383109192437,0.039413332700092805,,
SUMITOMO_ADJ,fvg_raw,1,13,late,67,62,0.10638392256269932,0.075615845470534793,0.22996037814543316,-0.05605576607699389,0.29447134236287031,0.66129032258064513,0.064830453673676042,0.04155346888902333,,
SUMITOMO_ADJ,breakout_1,-1,13,late,89,83,-0.067315590313310414,-0.028220897582268867,0.22736268522011735,-0.13407584188919697,0.074416455237119927,0.39759036144578314,-0.062278358259539444,-0.005037232053770959,,
SUMITOMO_ADJ,sweep_4,-1,13,late,64,60,-0.051050429806605929,-0.055956635928780973,0.21487399043690197,-0.18369435010486185,0.090396935868931605,0.38333333333333336,-0.065974103942593093,0.014923674135987134,,
SUMITOMO_ADJ,sweep_1,1,13,late,54,50,0.050242668065828361,-0.0074901714881263071,0.26443520500889889,-0.11821429725776297,0.15082816811903288,0.47999999999999998,0.058266895608586805,-0.0080242275427584303,,
SUMITOMO_ADJ,sweep_4,1,13,late,40,37,0.044024507668388176,-0.010643379892958826,0.23273266087869873,-0.11670339974394006,0.13215488215488214,0.45945945945945948,0.064266019933434962,-0.020241512265046741,,
SUMITOMO_ADJ,breakout_4,1,13,late,74,68,0.10823272678437784,0.085993689763826597,0.23132847012097599,-0.06391221797726182,0.28778886819601296,0.67647058823529416,0.065883430903369455,0.042349295881008386,,
SUMITOMO_ADJ,sweep_1,-1,13,late,64,61,-0.018461750222773798,-0.029091941123516429,0.22540347861926874,-0.15481285483242435,0.13940005759992935,0.47540983606557374,-0.061602474297402648,0.043140724074628822,,
SUMITOMO_ADJ,breakout_13,1,13,late,49,46,0.14354021095532513,0.10534583850810031,0.20447947709148889,0.023091607776975942,0.29447134236287031,0.76086956521739135,0.070732467348805686,0.072807743606519496,,
SUMITOMO_ADJ,fvg_disp,1,13,late,39,37,0.11056032611665596,0.08667735096045015,0.23850099607525438,-0.087519917987797347,0.29602445374260555,0.6216216216216216,0.066765655068788343,0.043794671047867648,,
SUMITOMO_ADJ,sweep_fvg,1,13,late,6,6,0.11134217381348964,0.11827393742545689,0.14134380220764636,0.042853784580846044,0.20049841321372636,0.83333333333333337,0.061349778942189313,0.049992394871300326,,
SUMITOMO_ADJ,fvg_raw,-1,13,late,46,44,-0.066395974753969605,-0.026872413689636998,0.18757852450516663,-0.12612657981257863,0.040585790456525384,0.40909090909090912,-0.064152400154555256,-0.0022435745994143826,,
SUMITOMO_ADJ,fvg_disp,-1,13,late,25,24,-0.05378565933894356,0.0018975586991508142,0.19214889627488371,-0.064571368536183782,0.031433018380741723,0.5,-0.069056987276195594,0.015271327937252036,,
SUMITOMO_ADJ,sweep_fvg,-1,13,late,13,12,-0.00098688946722644277,0.019534461013357818,0.16615194907638867,-0.008022442252059836,0.062427304331032635,0.66666666666666663,-0.069056987276195594,0.068070097808969152,,
SUMITOMO_ADJ,breakout_4,-1,13,late,48,46,-0.061296582445172818,-0.029542888058660233,0.1859284650671465,-0.14441580572116874,0.065340923941397039,0.34782608695652173,-0.062690163000277382,0.001393580555104527,,
SUMITOMO_ADJ,sweep_13,1,13,late,23,20,0.0088590074522591437,-0.021895866145743459,0.12806910399187557,-0.080429583043512859,0.032048950081782379,0.40000000000000002,0.062891220608990564,-0.054032213156731415,,
SUMITOMO_ADJ,breakout_13,-1,13,late,29,28,-0.096370196255555082,-0.052993979507002797,0.17105097975131289,-0.13880313632273078,-0.004259967946561305,0.21428571428571427,-0.063551838466191099,-0.032818357789363976,,
SUMITOMO_ADJ,sweep_13,-1,13,late,29,28,-0.047047661125278792,-0.038389449033699341,0.23127372293892559,-0.18369435010486185,0.11355604246882808,0.39285714285714285,-0.073461106324199194,0.026413445198920398,,
SUMITOMO_ADJ,breakout_52,-1,13,late,9,9,-0.12247374774030033,-0.11687179567615824,0.13712875487263723,-0.21406424018177672,-0.041918225648369667,0.1111111111111111,-0.035659084495501654,-0.086814663244798668,,
SUMITOMO_ADJ,breakout_52,1,13,late,22,22,0.16676610181837717,0.14200086349338403,0.26060761292836282,-0.028003443698794761,0.38511478965130624,0.68181818181818177,0.076764195610201882,0.090001906208175303,,
SUMITOMO_ADJ,sweep_52,-1,13,late,15,15,0.026441164446707077,0.028088738714445172,0.2515590756064226,-0.059248988258129742,0.17223501148144965,0.59999999999999998,-0.076764195610201882,0.10320536005690895,,
SUMITOMO_ADJ,sweep_52,1,13,late,10,10,0.061098176202209961,0.027101679594003336,0.16007743582953129,-0.067420726779184703,0.19685536808827048,0.59999999999999998,0.049018245607779232,0.012079930594430726,,
BNY,breakout_1,1,1,all,676,675,0.0013316073285115808,0,0.036876772904703606,-0.018204463964158701,0.020766895855759082,0.47851851851851851,0.00263996898988923,-0.0013083616613776496,,
BNY,breakout_4,1,1,all,463,463,-0.0010914175692125321,-0.0030989704455172129,0.03555761059421856,-0.020016278833534795,0.018386462488577004,0.46436285097192226,0.0028113760751156017,-0.0039027936443281346,,
BNY,breakout_1,-1,1,all,555,555,-0.0042157033710073476,-0.0021128878008891405,0.045313674185579987,-0.026480325827683004,0.021866938923466639,0.46126126126126127,-0.0024035885412874176,-0.0018121148297199294,,
BNY,breakout_4,-1,1,all,311,311,-0.0042517136520374725,-0.0021128878008891405,0.047282732235679407,-0.02353094773678277,0.021374432700755841,0.45659163987138263,-0.0023325829849924267,-0.0019191306670450451,,
BNY,sweep_1,1,1,all,348,348,0.0015576536925756231,0,0.045127396504685557,-0.022293617324988219,0.026585174107984222,0.49712643678160917,0.0025163782627707324,-0.00095872457019510987,,
BNY,sweep_13,1,1,all,131,131,-6.025032414428057e-05,-0.0039684317993797791,0.051281665936119332,-0.02644313833038725,0.025230127820924708,0.44274809160305345,0.0023523916621504899,-0.0024126419862947703,,
BNY,sweep_4,1,1,all,256,256,0.0036742168086000425,0.0033120688755359229,0.048268123682474934,-0.022927735518232378,0.029050648780038824,0.5234375,0.0025068226457171279,0.0011673941628829142,,
BNY,breakout_13,-1,1,all,137,137,-0.005216582937048732,-0.0064102676490673804,0.052234356705081177,-0.034221010256787476,0.02281373316588986,0.42335766423357662,-0.0021468833203638778,-0.0030696996166848537,,
BNY,sweep_1,-1,1,all,391,391,-0.0015762198826426424,-0.0024961069287146032,0.038802372747938657,-0.023294747239931524,0.020548790049194798,0.45524296675191817,-0.0025005222946866152,0.00092430241204397381,,
BNY,breakout_13,1,1,all,271,271,-0.0015843079607043005,-0.0058651125429891593,0.034242503426094327,-0.020492488771371498,0.017662897950393552,0.45018450184501846,0.0029737895348595817,-0.0045580974955638821,,
BNY,fvg_disp,1,1,all,269,269,0.0016898442714779944,0,0.03540468284736268,-0.017743080006573542,0.019251002810084739,0.49814126394052044,0.002726950092540409,-0.0010371058210624146,,
BNY,fvg_raw,1,1,all,388,388,0.0014720692231548526,0,0.035656531762442725,-0.0176689248765447,0.019537434555862598,0.49742268041237114,0.002747436666368422,-0.0012753674432135704,,
BNY,fvg_disp,-1,1,all,184,184,-0.0023587006342524366,-0.003968408942281676,0.050116604943844033,-0.02494159660350298,0.023489437994429208,0.44565217391304346,-0.0023685772107780124,9.8765765255769733e-06,,
BNY,fvg_raw,-1,1,all,300,300,-0.0051486473095591198,-0.0039882560799893163,0.048518336936628048,-0.027900858485065683,0.023211050932760241,0.44333333333333336,-0.0025342221125577804,-0.0026144251970013398,,
BNY,sweep_fvg,1,1,all,66,66,0.0030642591418079193,0.00081594234849280411,0.035159460485219216,-0.018516155505983317,0.021971105169394156,0.5,0.0024633537689407758,0.00060090537286714243,,
BNY,breakout_52,-1,1,all,49,49,-0.0062792595147724136,-0.020101194988882964,0.065174467589185409,-0.045833353076670802,0.040717304705614077,0.38775510204081631,-0.0024411359083956414,-0.003838123606376774,,
BNY,sweep_fvg,-1,1,all,61,61,-0.005262787149019967,-0.00526309090349808,0.051179239800782747,-0.024922094316309096,0.028409031425031817,0.44262295081967212,-0.002311094037257612,-0.0029516931117623537,,
BNY,sweep_52,1,1,all,42,42,0.0034361105285606449,-0.0098601972927144788,0.063165870801185062,-0.024998577464678789,0.024419985887170148,0.47619047619047616,0.0021879338421097664,0.0012481766864508776,,
BNY,sweep_4,-1,1,all,324,323,-0.0035205129144814779,-0.0035715376366651785,0.038976105791172604,-0.025501009785907969,0.0196335755995109,0.44891640866873067,-0.0026249155504395453,-0.00089559736404193173,,
BNY,breakout_52,1,1,all,178,178,-0.0014735376765631792,-0.0049012040227627285,0.035271604977335218,-0.021431344834516974,0.019642503938293421,0.4606741573033708,0.0033297706397389022,-0.0048033083163020801,,
BNY,sweep_13,-1,1,all,233,232,-0.00097945486768181837,0,0.034435475147793319,-0.021460770178953092,0.018860435787531799,0.48275862068965519,-0.0028548495242114837,0.001875394656529666,,
BNY,sweep_52,-1,1,all,154,153,-0.0011015828960448607,0,0.033828931148743406,-0.022240691774050747,0.01949403603504396,0.49673202614379086,-0.0031690191124351913,0.0020674362163903321,,
BNY,breakout_1,1,1,early,452,452,-0.00050485021229986545,-0.0025824772807234719,0.038770295992664391,-0.022784153960424464,0.020752129061928748,0.44690265486725661,0.0025317811580415693,-0.0030366313703414365,,
BNY,breakout_4,1,1,early,311,311,-0.0026519328443809936,-0.005698199014277483,0.038655994445520037,-0.024645405735211401,0.018570062549478017,0.43408360128617363,0.0027564627095032139,-0.0054083955538842092,,
BNY,breakout_1,-1,1,early,403,403,-0.0041652505273729653,0,0.045909774143104473,-0.022949215035257264,0.022588112182541309,0.45657568238213397,-0.00227719379205515,-0.0018880567353178135,,
BNY,breakout_4,-1,1,early,220,220,-0.0036802837885647208,0,0.04654698261524666,-0.021306161694916836,0.021675743527520552,0.45454545454545453,-0.0021902882290358652,-0.0014899955595288543,,
BNY,sweep_1,1,1,early,232,232,0.0013899631928521001,0,0.05019025925541528,-0.024648011555355509,0.029641090314390217,0.47844827586206895,0.0023395588762820324,-0.00094959568342993376,,
BNY,sweep_13,1,1,early,89,89,0.0036488127383453848,0,0.057890147277311961,-0.02622382110080157,0.032634020275741138,0.4943820224719101,0.0020262700618155875,0.0016225426765297984,,
BNY,sweep_4,1,1,early,173,173,0.0029597449100910731,0.0021474212686800609,0.054627318782496437,-0.026548717660401344,0.032634020275741138,0.50867052023121384,0.0023428740316851055,0.00061687087840596639,,
BNY,breakout_13,-1,1,early,96,96,-0.0062593541560355794,-0.0061121156778664032,0.051378921664855651,-0.025510184771606992,0.019055392179724656,0.41666666666666669,-0.0019192824473282107,-0.0043400717087073689,,
BNY,sweep_1,-1,1,early,239,239,-0.0032425858640408884,-0.0035972061204621042,0.040478074408239903,-0.026323098779810761,0.020945303048244657,0.42677824267782427,-0.0022051247816993439,-0.0010374610823415445,,
BNY,breakout_13,1,1,early,171,171,-0.0031744587827118032,-0.007462218179764335,0.037965586953333852,-0.024750532837208961,0.018570062549478017,0.40935672514619881,0.0029409536313124321,-0.0061154124140242365,,
BNY,fvg_disp,1,1,early,185,185,0.0018391950487697927,0,0.036248343287565557,-0.01994305429478449,0.019672240939058172,0.48648648648648651,0.0026375199081365912,-0.00079832485936679972,,
BNY,fvg_raw,1,1,early,255,255,0.0011764275582170115,0,0.036151585731353193,-0.020002422792927244,0.019612673293144089,0.49019607843137253,0.0026480782301454052,-0.0014716506719283948,,
BNY,fvg_disp,-1,1,early,138,138,-0.0033663531638533726,-0.0041016826620458025,0.052833731738649782,-0.024678963822609257,0.02458880524790874,0.42753623188405798,-0.0023013350421978132,-0.0010650181216555589,,
BNY,fvg_raw,-1,1,early,220,220,-0.0048880253854033809,-0.0041016826620458025,0.049270038472532751,-0.024395151873238152,0.023552671993505137,0.43181818181818182,-0.0024892620027223058,-0.002398763382681073,,
BNY,sweep_fvg,1,1,early,43,43,0.0041577242159090561,0.0077823689145499753,0.033969547005199184,-0.017577948685901623,0.022209591245071381,0.51162790697674421,0.0023626990348353943,0.0017950251810736619,,
BNY,breakout_52,-1,1,early,29,29,-0.011932565314536722,-0.010204098869650791,0.062271459703982082,-0.051642865520712178,0.022935717115689425,0.37931034482758619,-0.0021728869201765775,-0.0097596783943601443,,
BNY,sweep_fvg,-1,1,early,39,39,-0.0090278853624190247,-0.00526309090349808,0.059641413140041913,-0.031871677956849087,0.033609640156088305,0.41025641025641024,-0.0020135326432461028,-0.0070143527191729206,,
BNY,sweep_52,1,1,early,28,28,0.0072704644654179662,0.008320151696459499,0.074992511837707748,-0.025873067104628916,0.026720755704611687,0.5357142857142857,0.0018642308728461544,0.0054062335925718118,,
BNY,sweep_4,-1,1,early,184,184,-0.0051969577803678722,-0.0044948891630426369,0.043468260684600774,-0.031195428811966908,0.021476990048408917,0.42934782608695654,-0.0023310787872204653,-0.002865878993147406,,
BNY,breakout_52,1,1,early,109,109,-0.0028431838658203755,-0.0071173476627668375,0.039882848935915517,-0.026393006443451106,0.021920037865133413,0.43119266055045874,0.0034377299060071587,-0.0062809137718275333,,
BNY,sweep_13,-1,1,early,129,129,-0.0030780901093978843,-0.0021046294381728003,0.039017051633132342,-0.026616186230052685,0.020679503419069434,0.46511627906976744,-0.0026592045568546159,-0.00041888555254326713,,
BNY,sweep_52,-1,1,early,84,84,-0.0028374392437903332,0,0.03907182161516199,-0.031055632731141203,0.023745043661489273,0.48809523809523808,-0.0032366393094372735,0.00039920006564694193,,
BNY,breakout_1,1,1,late,224,223,0.0050539338237885929,0.0032258119648187478,0.032469088712019291,-0.012682827861565438,0.020696809130529625,0.54260089686098656,0.0029157872062906668,0.0021381466174979248,,
BNY,breakout_4,1,1,late,152,152,0.0021014788161650435,0.0026296916457091424,0.028024494738200019,-0.013138436918280066,0.018199286016322924,0.52631578947368418,0.0029873650150565251,-0.00088588619889148131,,
BNY,breakout_1,-1,1,late,152,152,-0.0043494697919590312,-0.0039392396028956611,0.043842146001726097,-0.033693654160910969,0.01866137667245002,0.47368421052631576,-0.0027675048035580899,-0.0015819649884009405,,
BNY,breakout_4,-1,1,late,91,91,-0.0056331924428507192,-0.0039924415602379248,0.049251955468052409,-0.040088025835244068,0.019391617550940765,0.46153846153846156,-0.0026566888141727977,-0.0029765036286779215,,
BNY,sweep_1,1,1,late,116,116,0.0018930346920226695,0.0077084221269991815,0.032934229892552298,-0.018220122741961664,0.024366240161116881,0.53448275862068961,0.0028685899582700145,-0.00097555526624734407,,
BNY,sweep_13,1,1,late,41,41,-0.0075798274606849224,-0.010587894868951286,0.032766375473309246,-0.030947349790331313,0.019736898155703342,0.34146341463414637,0.0029248031662561578,-0.010504630626941082,,
BNY,sweep_4,1,1,late,83,83,0.005163417271757292,0.00888482049342465,0.031343271963945499,-0.015714987335681052,0.026594228872404146,0.55421686746987953,0.0028593339682000066,0.0023040833035572858,,
BNY,breakout_13,-1,1,late,41,41,-0.0027749722779575759,-0.013132069050057371,0.054757878868051703,-0.040418375956633223,0.029581519305059034,0.43902439024390244,-0.0027074454287097367,-6.7526849247839224e-05,,
BNY,sweep_1,-1,1,late,152,152,0.0010439213644243368,0.00018021677021712312,0.035984666299814783,-0.01949620699756921,0.02022735708929671,0.5,-0.0029873650150565251,0.004031286379480861,,
BNY,breakout_13,1,1,late,100,100,0.0011348499449285287,0.0020134806403597771,0.026663046570356758,-0.013768874745555354,0.016241291494479337,0.52000000000000002,0.0031274892565181954,-0.0019926393115896656,,
BNY,fvg_disp,1,1,late,84,84,0.0013609169643472479,0.0011670739862235102,0.033681199461041214,-0.014475528303669299,0.01833294234908972,0.52380952380952384,0.0029280376563982171,-0.0015671206920509684,,
BNY,fvg_raw,1,1,late,133,133,0.0020389009867574802,0.00070226327546141221,0.034815552795615774,-0.014431774494118699,0.018637723917136917,0.51127819548872178,0.0029685198540709457,-0.00092961886731346443,,
BNY,fvg_disp,-1,1,late,46,46,0.00066425695455037191,-0.00069141361244579036,0.041272438546326715,-0.023917081661156525,0.016726577223215161,0.5,-0.0026247549850779467,0.0032890119396283171,,
BNY,fvg_raw,-1,1,late,80,80,-0.0058653576009874055,-0.0030097359771334986,0.046683434873788579,-0.032741097752801651,0.017722524798054112,0.47499999999999998,-0.0027543131908681837,-0.0031110444101192219,,
BNY,sweep_fvg,1,1,late,23,23,0.0010199548728362276,-0.0027450860715380054,0.037983009381405412,-0.01785921520121786,0.016734273455614179,0.47826086956521741,0.0028184868815867119,-0.0017985320087504843,,
BNY,breakout_52,-1,1,late,20,20,0.0019180338948858345,-0.025137801228381607,0.069978500040567521,-0.041570514515149259,0.046556399484268207,0.40000000000000002,-0.002837860071237589,0.0047558939661234206,,
BNY,sweep_fvg,-1,1,late,22,22,0.001411705138369271,-1.3674305241684337e-05,0.03121065737243861,-0.019846905118961533,0.016726577223215161,0.5,-0.0028581138604180504,0.0042698189987873218,,
BNY,sweep_52,1,1,late,13,13,-0.0028763201957382892,-0.012864835888733883,0.029115523763506134,-0.018281986945897444,0.023062229537201828,0.38461538461538464,0.0026322062118667449,-0.0055085264076050336,,
BNY,sweep_4,-1,1,late,140,139,-0.0013013340992074011,-0.0012594146061226663,0.032098554901095588,-0.020454123203291874,0.018879344280889998,0.47482014388489208,-0.0030205813060023329,0.0017192472067949309,,
BNY,breakout_52,1,1,late,69,69,0.00069010630356775417,0.0016318846969856082,0.026537004084210013,-0.015272427451070492,0.018138285390146391,0.50724637681159424,0.0032705279734405002,-0.0025804216698727457,,
BNY,sweep_13,-1,1,late,104,103,0.0016489329593217979,0.00044445461697051325,0.027614689732105319,-0.017087520956955426,0.018146721102448082,0.50485436893203883,-0.0031363576632370198,0.0047852906225588146,,
BNY,sweep_52,-1,1,late,70,69,0.0010116335272974534,0.00048741434128518613,0.026200201656254481,-0.015961632440986584,0.014245014864278316,0.50724637681159424,-0.0032059506746042448,0.0042175842019017001,,
BNY,breakout_1,1,4,all,676,674,0.0043646293064583067,0.0077923510589061884,0.072912278935599414,-0.035567305406182859,0.049763298246506771,0.53412462908011871,0.01022927341408292,-0.0058646441076246137,,
BNY,breakout_4,1,4,all,463,463,0.0010608184664688694,0.0025773981879484431,0.071110745187418598,-0.042048805503880016,0.04756016119581119,0.50755939524838012,0.010966633097234958,-0.0099058146307660841,,
BNY,breakout_1,-1,4,all,555,555,-0.015837871496335598,-0.014599040589894141,0.084668862176057472,-0.066888072578595192,0.029045206792854439,0.41981981981981981,-0.0091909816329833645,-0.0066468898633522348,,
BNY,breakout_4,-1,4,all,311,311,-0.022587858910929945,-0.022736178694714004,0.089085695150284916,-0.07666857718992226,0.032110260582633499,0.3987138263665595,-0.0089594720283771492,-0.013628386882552796,,
BNY,sweep_1,1,4,all,348,348,0.0090663690362464914,0.0021288591821704284,0.074062837961565334,-0.0434073330343763,0.055536066186034572,0.52298850574712641,0.0096453001707356347,-0.00057893113448914105,-0.0070665280451065286,0.0056740379325256537
BNY,sweep_13,1,4,all,131,131,0.015378540365837882,0.019672240939058172,0.089280864332739365,-0.040697046561406436,0.067842837459605176,0.56488549618320616,0.0089348998425149394,0.006443640523322941,,
BNY,sweep_4,1,4,all,256,256,0.021322152104078375,0.021827622119672929,0.085414540072755687,-0.033233313450452467,0.071028767834037387,0.58984375,0.0095791659161436407,0.011742986187934734,,
BNY,breakout_13,-1,4,all,137,137,-0.022564556655896031,-0.022736178694714004,0.088042861797849203,-0.088192154331491857,0.031337164725505851,0.41605839416058393,-0.008142448255822346,-0.014422108400073684,,
BNY,sweep_1,-1,4,all,391,391,-0.0077916876703394639,-0.0048392460481028188,0.073844325894526761,-0.051007414082975822,0.035096529888378247,0.45268542199488493,-0.0095929415381755551,0.0018012538678360906,-0.0044431957862412106,0.0080594745052314683
BNY,breakout_13,1,4,all,271,271,0.0064580841093947686,0.0072466234202213098,0.062462918166224325,-0.032978537776818473,0.049144757355323865,0.53136531365313655,0.011657606018295862,-0.0051995219089010954,,
BNY,fvg_disp,1,4,all,269,269,0.0089300939518246799,0.011618919913714665,0.070743193531616594,-0.030732844751562016,0.048469357684036263,0.56133828996282531,0.01057723325756153,-0.0016471393057368501,-0.0098375982169954801,0.005333626297026931
BNY,fvg_raw,1,4,all,388,388,0.0058303910499367178,0.010164410470699492,0.072204890187133608,-0.032342540121485269,0.04842514662334485,0.54639175257731953,0.010683570196069367,-0.0048531791461326485,,
BNY,fvg_disp,-1,4,all,184,184,-0.019391096450396657,-0.0071369074997154058,0.078037675015540361,-0.071944148640993411,0.032230706908613072,0.42934782608695654,-0.0090719305971897791,-0.010319165853206877,-0.021732704652700215,-0.00057946786845934606
BNY,fvg_raw,-1,4,all,300,300,-0.01973362867227451,-0.018413105277760855,0.080696617223479136,-0.072237793323928767,0.031717774658029801,0.40333333333333332,-0.0097899397237427976,-0.0099436889485317141,,
BNY,sweep_fvg,1,4,all,66,66,0.0055552812580128242,0.008043824196050875,0.070241176338479469,-0.034901448977182586,0.05190439393781765,0.54545454545454541,0.0094987049600536357,-0.0039434237020408106,-0.018821440192501031,0.011046789203048607
BNY,breakout_52,-1,4,all,49,49,-0.027092070789672497,-0.02487552141209326,0.10243416554892443,-0.096668878591645413,0.041565477658280336,0.40816326530612246,-0.0093976720381740153,-0.017694398751498485,,
BNY,sweep_fvg,-1,4,all,61,61,-0.028113755005043276,-0.019011362203317672,0.066374693517251171,-0.066028703959651436,0.020812677768045518,0.36065573770491804,-0.0089416038311562075,-0.019172151173887063,-0.037833757768395739,-0.0036517355868867824
BNY,sweep_52,1,4,all,42,42,0.034596180483483965,0.036131194996352534,0.10121018447916472,-0.042155247462576623,0.10045074787933878,0.69047619047619047,0.0082505653142922325,0.026345615169191733,,
BNY,sweep_4,-1,4,all,324,322,-0.0065357625723391332,-0.0057114597001349798,0.073203213733243053,-0.045615798822835563,0.032368219966230211,0.45962732919254656,-0.010125923631108416,0.0035901610587692834,,
BNY,breakout_52,1,4,all,178,178,0.0037479391141232062,0.0023879930465120491,0.058735474011129531,-0.039947780833855528,0.044045587086858795,0.5056179775280899,0.013214430429755388,-0.0094664913156321823,,
BNY,sweep_13,-1,4,all,233,231,-0.0063109626709791358,-0.0045822755347550981,0.067153397749169563,-0.050869880975769832,0.034973130569426691,0.45887445887445888,-0.011094668195931238,0.0047837055249521018,,
BNY,sweep_52,-1,4,all,154,152,-0.0039938417813873998,-0.0035380812047473009,0.066212187754947097,-0.049167962872312176,0.033817745529111903,0.46710526315789475,-0.012479386045187058,0.0084855442637996551,,
BNY,breakout_1,1,4,early,452,452,0.0030370666459933805,0.006436549895001531,0.078056714310684519,-0.038862978732475101,0.049645593069386484,0.51106194690265483,0.0096150140247971277,-0.0065779473788037486,,
BNY,breakout_4,1,4,early,311,311,-0.00098363646366033492,0,0.078108556196098841,-0.04971481720452875,0.048641329412341228,0.49196141479099681,0.01058261230624096,-0.011566248769901291,,
BNY,breakout_1,-1,4,early,402,402,-0.01367870628797321,-0.012583130634956197,0.085221201560312224,-0.063186309347643743,0.032995464336923186,0.42537313432835822,-0.0085376218176058966,-0.0051410844703673117,,
BNY,breakout_4,-1,4,early,219,219,-0.020429165711355324,-0.019011362203317672,0.091493593960523145,-0.069978563027149887,0.033545411764827837,0.39269406392694062,-0.0082399718428400395,-0.012189193868515283,,
BNY,sweep_1,1,4,early,230,230,0.0055289420554486242,0,0.077604479570366883,-0.045632481516414469,0.050530148686423637,0.49130434782608695,0.0088241893278772441,-0.0032952472724286194,,
BNY,sweep_13,1,4,early,88,88,0.0051300350159067922,0.0013212648861795628,0.09542032094450574,-0.045286762248577001,0.054130567555345011,0.51136363636363635,0.0073584282264974798,-0.0022283932105906898,,
BNY,sweep_4,1,4,early,171,171,0.01364555078751982,0.0066225279203786513,0.091845212252320202,-0.04359482830378697,0.064077323132977537,0.54385964912280704,0.0089008916527869124,0.0047446591347329054,,
BNY,breakout_13,-1,4,early,96,96,-0.017238671757774493,-0.0097353687965093805,0.083846022852682528,-0.064299867425626267,0.031723712654069675,0.42708333333333331,-0.0069890698921439851,-0.010249601865630509,,
BNY,sweep_1,-1,4,early,239,239,-0.010105811311143182,-0.0029153728526267741,0.079720046580054979,-0.058653625346084648,0.035771207106796099,0.45188284518828453,-0.0080367696023488679,-0.0020690417087943116,,
BNY,breakout_13,1,4,early,171,171,0.0038624634701955505,0.0025773981879484431,0.069753710949882003,-0.047045251801753118,0.051696721085167985,0.50292397660818711,0.011400776272419897,-0.0075383128022243496,,
BNY,fvg_disp,1,4,early,185,185,0.0099186992062593425,0.009933791880567977,0.076038798587314702,-0.032934185675076555,0.048469357684036263,0.52972972972972976,0.0099670796727264477,-4.83804664671107e-05,,
BNY,fvg_raw,1,4,early,255,255,0.0065225233124301344,0.0067342361025635178,0.079585829151918364,-0.032710272334856627,0.048734785842243222,0.51764705882352946,0.010046775543984764,-0.0035242522315546321,,
BNY,fvg_disp,-1,4,early,138,138,-0.016903902014778937,-0.0064206780807496422,0.083347384461798124,-0.07107852254508279,0.039346166928925896,0.4420289855072464,-0.0086580392041028728,-0.0082458628106760641,,
BNY,fvg_raw,-1,4,early,220,220,-0.017903746944494103,-0.018413105277760855,0.082185290125610544,-0.071766078506471931,0.033726883474441444,0.39545454545454545,-0.0095106677198402729,-0.0083930792246538245,,
BNY,sweep_fvg,1,4,early,43,43,0.0078192050937187802,0.009933791880567977,0.076232741041844132,-0.03848613011668528,0.05525057392878796,0.53488372093023251,0.0090525866608150499,-0.0012333815670962666,,
BNY,breakout_52,-1,4,early,29,29,-0.0087883491713371259,0,0.092751445958318968,-0.066666722647775289,0.066388893748359878,0.44827586206896552,-0.0079326247598077906,-0.00085572441152933381,,
BNY,sweep_fvg,-1,4,early,39,39,-0.028384192750528729,-0.011876435667397711,0.076861374711518285,-0.08658131790383683,0.032673210010990217,0.38461538461538464,-0.0074848718351744831,-0.020899320915354236,,
BNY,sweep_52,1,4,early,27,27,0.018634280303888015,0.026755800351048853,0.10995536556584287,-0.04359482830378697,0.07073135328436253,0.59259259259259256,0.0070562719091013092,0.011578008394786706,,
BNY,sweep_4,-1,4,early,184,184,-0.0060928232161078814,0,0.081570004409151478,-0.048924822224621523,0.035350462599273796,0.49456521739130432,-0.008531653254710168,0.0024388300386022892,,
BNY,breakout_52,1,4,early,109,109,-0.00032308011439784954,-0.0058651125429891593,0.066980691493992994,-0.053846243283420914,0.052413476056496267,0.46788990825688076,0.013607327450620248,-0.013930407565018097,,
BNY,sweep_13,-1,4,early,129,129,-0.0063224725533650066,-0.0024329890407792654,0.07026828125782078,-0.051043968372371795,0.038061759954429619,0.48062015503875971,-0.0099721576349356654,0.0036496850815706593,,
BNY,sweep_52,-1,4,early,84,84,-0.0070299408077879244,-0.0060388864621904181,0.070205972369980343,-0.05344612577510427,0.035534752856936191,0.45238095238095238,-0.012705948774435311,0.0056760079666473839,,
BNY,breakout_1,1,4,late,224,222,0.0070675947232607681,0.015921892214858624,0.061191365425110958,-0.024354596692572755,0.049819802717980421,0.58108108108108103,0.011483263586030768,-0.0044156688627699989,,
BNY,breakout_4,1,4,late,152,152,0.0052438808564042802,0.0065088280408774901,0.054039472232918988,-0.023928410347210355,0.044176326236175678,0.53947368421052633,0.011827356300161415,-0.0065834754437571362,,
BNY,breakout_1,-1,4,late,152,152,-0.021466795490903919,-0.02020029282982494,0.083482027447107171,-0.07612226180990761,0.021863738351100337,0.40789473684210525,-0.010848015498404947,-0.010618779992498972,,
BNY,breakout_4,-1,4,late,91,91,-0.027720999916799619,-0.034200115861715563,0.083791798845906526,-0.089773163792445598,0.030295978001588508,0.4175824175824176,-0.010354399035688132,-0.017366600881111489,,
BNY,sweep_1,1,4,late,116,116,0.015446173889454899,0.014626451676162278,0.066825577662659133,-0.036269932897756763,0.063023617744212224,0.57758620689655171,0.011298287131396429,0.0041478867580584701,,
BNY,sweep_13,1,4,late,41,41,0.03640849772339147,0.041819056244208896,0.073264220373237723,-0.028868763921173324,0.09195407660442112,0.65853658536585369,0.011548682088279498,0.024859815635111977,,
BNY,sweep_4,1,4,late,83,83,0.036546965943305393,0.041819056244208896,0.069442478223836576,-0.012770181842135409,0.073548112908089491,0.67469879518072284,0.011257057439700823,0.025289908503604578,,
BNY,breakout_13,-1,4,late,41,41,-0.035034921295400125,-0.04199606675305656,0.097114167118444741,-0.098650030942423417,0.031226771914496632,0.3902439024390244,-0.010580488254998303,-0.024454433040401829,,
BNY,sweep_1,-1,4,late,152,152,-0.0041530327351283532,-0.0062272160731532411,0.063601281746631599,-0.046782679356926538,0.029966571477633541,0.45394736842105265,-0.011827356300161415,0.0076743235650330657,,
BNY,breakout_13,1,4,late,100,100,0.01089659540242543,0.0083726972915292297,0.047478396943654619,-0.015398024085294976,0.044966777437263072,0.57999999999999996,0.012451522837814213,-0.001554927435388778,,
BNY,fvg_disp,1,4,late,84,84,0.0067528085700340546,0.016535317911410941,0.05774729281395205,-0.018370764329181555,0.047137452480831121,0.63095238095238093,0.011563089734608083,-0.0048102811645740276,,
BNY,fvg_raw,1,4,late,133,133,0.0045033705466598671,0.016072310260002887,0.055628252819469426,-0.028652387936212165,0.045897608539715584,0.60150375939849621,0.01174341280286801,-0.0072400422562081384,,
BNY,fvg_disp,-1,4,late,46,46,-0.026852679757249809,-0.02239812862420687,0.059502251852277706,-0.069981904152585095,0.017005351387421541,0.39130434782608697,-0.010212153644510889,-0.016640526112738918,,
BNY,fvg_raw,-1,4,late,80,80,-0.02476580342367064,-0.022399342403694233,0.076728221749977746,-0.073173470016012265,0.02581849627859284,0.42499999999999999,-0.010789255050299559,-0.013976548373371084,,
BNY,sweep_fvg,1,4,late,23,23,0.0013227279999538631,0.002462021496765443,0.058769955151265554,-0.0264388304666624,0.045934529532923984,0.56521739130434778,0.011075109017652822,-0.0097523810176989596,,
BNY,breakout_52,-1,4,late,20,20,-0.053632467136258778,-0.071813056500623418,0.11214875539204759,-0.1161030530804385,0.0071823108390109691,0.34999999999999998,-0.011161404554967017,-0.042471062581291769,,
BNY,sweep_fvg,-1,4,late,22,22,-0.027634342638046348,-0.028360604698519976,0.043554340765942418,-0.05030156902708105,0.011915269590293737,0.31818181818181818,-0.011251622616704581,-0.016382720021341765,,
BNY,sweep_52,1,4,late,13,13,0.06765513171041812,0.058725566461211853,0.083325218298118023,0.034323927291043832,0.11587342467557593,0.84615384615384615,0.010245344235785582,0.057409787474632552,,
BNY,sweep_4,-1,4,late,140,138,-0.0071263483806474669,-0.0098046427396034641,0.060559497755863653,-0.044666484282642971,0.022165373085012041,0.41304347826086957,-0.011938064390794758,0.0048117160101472899,,
BNY,breakout_52,1,4,late,69,69,0.01017896948961299,0.014177899981058895,0.042258256594597643,-0.014067145273856219,0.038885002357814447,0.56521739130434778,0.013088671554984005,-0.0029097020653710125,,
BNY,sweep_13,-1,4,late,104,102,-0.0062964060550205359,-0.0062272160731532411,0.063338340187440056,-0.050039089487475041,0.028103808932953916,0.43137254901960786,-0.012445685198525314,0.0061492791435047711,,
BNY,sweep_52,-1,4,late,70,68,-0.00024336651348086871,-0.0022640632489858703,0.061226812113297273,-0.044458713503537917,0.028886480256343022,0.48529411764705882,-0.012737567162970375,0.012494200649489506,,
BNY,breakout_1,1,13,all,676,672,0.023671365596035526,0.024599062264869076,0.11432248043506768,-0.050575069081041119,0.09799888176532745,0.61458333333333337,0.032086444657879479,-0.0084150790618439508,,
BNY,breakout_4,1,13,all,463,461,0.020372730077626501,0.025858744895394636,0.11525054514263318,-0.053921603494575865,0.096926742749698036,0.61171366594360088,0.034655673149820022,-0.01428294307219353,,
BNY,breakout_1,-1,13,all,555,554,-0.036342034507239863,-0.047803531715235548,0.14011643045396027,-0.11859202599112739,0.04161841685836884,0.34657039711191334,-0.028428589410069535,-0.0079134450971703307,,
BNY,breakout_4,-1,13,all,311,311,-0.040273422936282742,-0.049122891376885747,0.15211522689548546,-0.12536410188419667,0.045963941770417904,0.34405144694533762,-0.027395689896998414,-0.012877733039284339,,
BNY,sweep_1,1,13,all,348,348,0.028251474322145857,0.029847135783042766,0.13626007306079585,-0.055110049345229006,0.1130201746284818,0.58045977011494254,0.030097385992980879,-0.0018459116708350193,,
BNY,sweep_13,1,13,all,131,131,0.015326362127877172,0.013953376885663005,0.15394078093995783,-0.078956652118761406,0.10992966123114511,0.54961832061068705,0.027713662295036377,-0.012387300167159204,,
BNY,sweep_4,1,13,all,256,256,0.035015302114908282,0.049000393418334176,0.15294831011648718,-0.06176628308162152,0.1263655198914283,0.6171875,0.029879504993759701,0.0051357971211485835,,
BNY,breakout_13,-1,13,all,137,137,-0.045262934916158931,-0.05551600306857285,0.16437519396163497,-0.14707386020871738,0.049392403668240381,0.35766423357664234,-0.02475683363832587,-0.020506101277833064,,
BNY,sweep_1,-1,13,all,391,389,-0.032198171604413156,-0.035965982250385942,0.11787024036363752,-0.10505840956599477,0.034526389333852658,0.36760925449871468,-0.029859623553799394,-0.0023385480506137577,,
BNY,breakout_13,1,13,all,271,269,0.020967878076194921,0.027659809065265106,0.098687276239277574,-0.041025657549061179,0.087495953863172105,0.62453531598513012,0.037247363330714163,-0.016279485254519239,,
BNY,fvg_disp,1,13,all,269,267,0.02653098643962341,0.029411491528235745,0.11737524933867707,-0.038631841542637324,0.10735456675994692,0.62172284644194753,0.033303485907589241,-0.0067724994679658384,,
BNY,fvg_raw,1,13,all,388,386,0.026954579228351764,0.030433390952133821,0.11998329733937829,-0.038916882336741176,0.10674581106718034,0.62435233160621761,0.033723318401467646,-0.0067687391731158821,,
BNY,fvg_disp,-1,13,all,184,184,-0.033994461038971906,-0.046204130716870795,0.12944678532973772,-0.10162327066625548,0.041913657881791827,0.34239130434782611,-0.02789614364803137,-0.0060983173909405367,,
BNY,fvg_raw,-1,13,all,300,300,-0.028694458943125851,-0.046204130716870795,0.1506393220026826,-0.11190260143420516,0.058751128004286918,0.37,-0.030497070847239679,0.0018026119041138289,,
BNY,sweep_fvg,1,13,all,66,66,0.023289451191892428,0.033577890391324638,0.11037437897100758,-0.037596810908928802,0.10542145605299735,0.63636363636363635,0.029403716846414893,-0.0061142656545224734,,
BNY,breakout_52,-1,13,all,49,49,-0.039160743266772609,-0.067104260876686528,0.16852890652906091,-0.14694340159530506,0.065789301720086901,0.38775510204081631,-0.029165801730687942,-0.0099949415360846613,,
BNY,sweep_fvg,-1,13,all,61,61,-0.058626975442470267,-0.077594925821442118,0.12001855168186805,-0.11163886455506011,-0.0032052261010877547,0.21311475409836064,-0.0272493782819592,-0.031377597160511077,,
BNY,sweep_52,1,13,all,42,42,0.039792377992744536,0.064327600368041638,0.16122813286112556,-0.074207808954446897,0.13052318685155051,0.59523809523809523,0.024713822814344116,0.015078555178400415,,
BNY,sweep_4,-1,13,all,324,319,-0.036376052212098886,-0.040363078444558331,0.11401120436345452,-0.10715431227506877,0.03204759775304189,0.33855799373040751,-0.0316058387365225,-0.0047702134755763853,,
BNY,breakout_52,1,13,all,178,176,0.022585554546999113,0.028597323861367596,0.094791789464627726,-0.042249375587090077,0.086377704874659844,0.65340909090909094,0.042663356424501427,-0.020077801877502313,,
BNY,sweep_13,-1,13,all,233,228,-0.032433451663309222,-0.032096909650624506,0.10827550422874871,-0.10547366616355658,0.035225450999089719,0.35964912280701755,-0.035150179181064882,0.0027167275177556564,,
BNY,sweep_52,-1,13,all,154,149,-0.050108334746728295,-0.049788159629922779,0.099388148851954558,-0.10701248369775729,0.0092554663271361415,0.27516778523489932,-0.039855845897351569,-0.010252488849376741,,
BNY,breakout_1,1,13,early,451,451,0.017331139147002683,0.019920352998703095,0.11893874028001923,-0.058387374741835585,0.092335053761474328,0.57427937915742788,0.030081287181968307,-0.012750148034965634,,
BNY,breakout_4,1,13,early,311,311,0.012137950831916025,0.020161323089875172,0.12185110611212191,-0.065395012252630835,0.093227104684536322,0.56591639871382637,0.033192794581164205,-0.021054843749248178,,
BNY,breakout_1,-1,13,early,401,401,-0.032676943802975526,-0.035398099879482059,0.14657299034279606,-0.11368658630173556,0.042310282062782756,0.36408977556109728,-0.026430075807688795,-0.0062468679952867338,,
BNY,breakout_4,-1,13,early,218,218,-0.041123593889128521,-0.038180087769513871,0.16179801724019857,-0.13441495683270654,0.035525976991581276,0.34403669724770641,-0.025286241065351274,-0.01583735282377725,,
BNY,sweep_1,1,13,early,228,228,0.025546990672589143,0.015004770868128792,0.14506463477064138,-0.068555271325353162,0.10944856572840078,0.55263157894736847,0.027920476942612724,-0.0023734862700235788,,
BNY,sweep_13,1,13,early,87,87,0.00098190830511520641,-0.0069930189602137593,0.15821619194447725,-0.08729530820134368,0.078538449482547179,0.4942528735632184,0.023081231940746159,-0.022099323635630948,,
BNY,sweep_4,1,13,early,170,170,0.026616502619835624,0.018918440728177166,0.16256447453245865,-0.072777818457674642,0.11330502005898369,0.57647058823529407,0.027979747551779826,-0.0013632449319442015,,
BNY,breakout_13,-1,13,early,95,95,-0.048949633394731559,-0.050193304808163752,0.17256980042532788,-0.16370925170001405,0.047554120873014916,0.3473684210526316,-0.021638231414810381,-0.027311401979921188,,
BNY,sweep_1,-1,13,early,237,237,-0.035257843501282693,-0.044534490819337691,0.12467108601485503,-0.11261232344795569,0.037243944239333082,0.37130801687763715,-0.025029241122795438,-0.010228602378487259,,
BNY,breakout_13,1,13,early,171,171,0.019280438113498489,0.022388185366404745,0.10130002861602584,-0.053276564637145529,0.08862600911329499,0.59649122807017541,0.036180587255529251,-0.016900149142030762,,
BNY,fvg_disp,1,13,early,185,185,0.021961132772908783,0.028985163695048,0.12561863680624386,-0.058333276019340019,0.11099861196642302,0.58378378378378382,0.031255737131596531,-0.0092946043586877424,,
BNY,fvg_raw,1,13,early,255,255,0.021092940802165845,0.028985163695048,0.12791980519990165,-0.053276564637145529,0.10735456675994692,0.59215686274509804,0.031448374090852431,-0.010355433288686587,,
BNY,fvg_disp,-1,13,early,138,138,-0.028093579753389469,-0.019922317778454879,0.13110619813194002,-0.097943170222698328,0.046703619739729973,0.36956521739130432,-0.026513966050301232,-0.0015796137030882438,,
BNY,fvg_raw,-1,13,early,220,220,-0.022699391523715064,-0.02867383557490133,0.158445833404282,-0.10966349798520619,0.06624589297734268,0.39090909090909093,-0.029512150252083039,0.0068127587283679679,,
BNY,sweep_fvg,1,13,early,43,43,0.021603077144465889,0.028985163695048,0.11033903374973494,-0.045346642867072406,0.1045550723415799,0.60465116279069764,0.027719764900285975,-0.0061166877558200931,,
BNY,breakout_52,-1,13,early,28,28,-0.0041009906734454371,-0.0043475975063240746,0.19929344584728517,-0.13243204152731247,0.085169629771790295,0.4642857142857143,-0.026972865760013846,0.022871875086568415,,
BNY,sweep_fvg,-1,13,early,39,39,-0.040161300186842532,-0.042105257575291599,0.12355997404484662,-0.09791955299173194,0.013571214329872461,0.28205128205128205,-0.021820532930694525,-0.018340767256147996,,
BNY,sweep_52,1,13,early,26,26,0.018342984367731907,0.0025343863827564372,0.18676596412129948,-0.1147786096980398,0.12485838034427732,0.5,0.023773315834210242,-0.0054303314664783386,,
BNY,sweep_4,-1,13,early,183,183,-0.037991098798539104,-0.045592783964686801,0.12208192541720674,-0.10843938140779863,0.033605627509630809,0.33333333333333331,-0.026395559290389083,-0.011595539508150026,,
BNY,breakout_52,1,13,early,109,109,0.014967526753009849,0.021917765646946474,0.1001994233938104,-0.058823534946228939,0.085910706978606921,0.59633027522935778,0.043641941768184284,-0.028674415015174426,,
BNY,sweep_13,-1,13,early,129,129,-0.035188608807788249,-0.032000055277345396,0.11332792234614371,-0.10733610134681792,0.040359731222405881,0.36434108527131781,-0.031095449496223136,-0.0040931593115651138,,
BNY,sweep_52,-1,13,early,84,84,-0.048866201072767547,-0.051598992933451382,0.1111491333132055,-0.10971338283698834,0.024754215753874848,0.30952380952380953,-0.040422807669462241,-0.0084433934033053028,,
BNY,breakout_1,1,13,late,224,220,0.036973088746605161,0.039210348422972885,0.10341861316937538,-0.012567500856284192,0.10527991670965969,0.69999999999999996,0.035890600047133105,0.0010824886994720429,,
BNY,breakout_4,1,13,late,152,150,0.037446172380399538,0.036367731067387887,0.098390989783613464,-0.011460134424897878,0.10172317681304877,0.70666666666666667,0.037253009937441135,0.00019316244295840444,,
BNY,breakout_1,-1,13,late,152,151,-0.045363986400437505,-0.066348109179847015,0.12218172829299608,-0.12521321348775893,0.032115051319468624,0.30463576158940397,-0.033266532432798139,-0.012097453967639379,,
BNY,breakout_4,-1,13,late,91,91,-0.037143080876948176,-0.058173176805235816,0.12848112534390332,-0.12084558537344947,0.057695093241983131,0.35164835164835168,-0.031370027547851016,-0.0057730533290971716,,
BNY,sweep_1,1,13,late,116,116,0.032993671425093136,0.044374528997195517,0.11946099802193202,-0.035555380267455611,0.11478485914202191,0.63793103448275867,0.035329454211086707,-0.0023357827859935708,,
BNY,sweep_13,1,13,late,41,41,0.04325921249297289,0.072664280970984985,0.14709770362676611,-0.047609088845650405,0.14712709894147125,0.65853658536585369,0.036379812270617699,0.0068794002223551776,,
BNY,sweep_4,1,13,late,83,83,0.051063581964901003,0.0763978368377074,0.13294352072437923,-0.041750175574894688,0.14517545882311444,0.6987951807228916,0.035156503687228197,0.015907078277672817,,
BNY,breakout_13,-1,13,late,41,41,-0.036078145665111618,-0.058010285309165299,0.14746325178849978,-0.13127241690129665,0.049392403668240381,0.3902439024390244,-0.032318427773764515,-0.0037597178913470935,,
BNY,sweep_1,-1,13,late,152,150,-0.027685907162492248,-0.031817643316995103,0.10731779622589685,-0.09805313573192731,0.029806002942022902,0.36666666666666664,-0.037253009937441135,0.009567102774948889,,
BNY,breakout_13,1,13,late,100,98,0.023912288623348904,0.030146863202700325,0.094393070432236895,-0.024095433770005337,0.086075045357542346,0.67346938775510201,0.039767752909574315,-0.015855464286225411,,
BNY,fvg_disp,1,13,late,84,82,0.036841022151113713,0.030433390952133821,0.096132686351128011,-0.0087905700767507422,0.09654123917791041,0.70731707317073167,0.03587213920851106,0.00096888294260265414,,
BNY,fvg_raw,1,13,late,133,131,0.038364638760240384,0.033387229371156346,0.10229359782844474,-0.011735147190812978,0.10378625543132836,0.68702290076335881,0.03685260703074756,0.0015120317294928199,,
BNY,fvg_disp,-1,13,late,46,46,-0.051697104895719201,-0.077679516506621082,0.12403787691068129,-0.12574750073318869,0.0010363868341969895,0.2608695652173913,-0.030773335845613849,-0.020923769050105342,,
BNY,fvg_raw,-1,13,late,80,80,-0.045180894346505483,-0.062058132871425697,0.12615568150956918,-0.12330393887259655,0.030370386785342041,0.3125,-0.033194163805898493,-0.011986730540606994,,
BNY,sweep_fvg,1,13,late,23,23,0.026442237454472474,0.06731057863992973,0.1128503278466777,-0.021898816651327202,0.10378625543132836,0.69565217391304346,0.034393265505852554,-0.0079510280513800831,,
BNY,breakout_52,-1,13,late,20,20,-0.086622287123534328,-0.097601827786147122,0.10522938954560508,-0.15224168768905416,0.0048767348703139535,0.29999999999999999,-0.034755258471876424,-0.051867028651657897,,
BNY,sweep_fvg,-1,13,late,22,22,-0.091361581577446754,-0.095318762871801743,0.10850634144407084,-0.15999433145288244,-0.049006516316795257,0.090909090909090912,-0.035133705663628653,-0.056227875913818101,,
BNY,sweep_52,1,13,late,13,13,0.080435582933787886,0.081028910089101291,0.11217761418741889,0.057853542913533174,0.14741312529761497,0.76923076923076927,0.030912563909469191,0.049523019024318701,,
BNY,sweep_4,-1,13,late,140,135,-0.034424551011500694,-0.035965982250385942,0.10290522771120753,-0.10544109365448917,0.027000493833984285,0.34814814814814815,-0.037530537878059447,0.0031059868665587408,,
BNY,breakout_52,1,13,late,69,67,0.034979062450653291,0.037659918279003834,0.084524594445709367,-0.00096637582864261828,0.08641129986693008,0.74626865671641796,0.04233549923801809,-0.0073564367873647949,,
BNY,sweep_13,-1,13,late,104,99,-0.028843398414442611,-0.032193764023903615,0.10177339106817572,-0.091513856651423753,0.032097695250008884,0.35353535353535354,-0.039548922900737998,0.010705524486295373,,
BNY,sweep_52,-1,13,late,70,65,-0.051713553648462203,-0.045408340975762407,0.082561979046993819,-0.093861419375580235,-0.0062958914470887528,0.23076923076923078,-0.040519300315487297,-0.011194253332974901,,
BNY_ADJ,breakout_1,1,1,all,694,693,0.001890372696055965,0,0.037309230385619473,-0.017753090791580495,0.02083329132724554,0.48629148629148627,0.003069869586597948,-0.0011794968905419825,,
BNY_ADJ,sweep_1,-1,1,all,435,435,-0.0017395203492703601,-0.0014838518200477324,0.038870622818605122,-0.023274157404107654,0.020148210126564314,0.45287356321839078,-0.003001641396588458,0.0012621210473180984,,
BNY_ADJ,sweep_1,1,1,all,398,398,0.0011469925857038818,0,0.043754482714049914,-0.020792837932451069,0.024942962462131457,0.47738693467336685,0.002773371340252035,-0.0016263787545481526,,
BNY_ADJ,breakout_4,1,1,all,490,490,-0.0011003459040355805,-0.0017389407390557277,0.035230950622242969,-0.020013040180771907,0.018373766046187234,0.4673469387755102,0.0032370834636248481,-0.0043374293676604284,,
BNY_ADJ,fvg_raw,1,1,all,416,416,0.0022065195906019403,0.0016033392865143492,0.035891164923844469,-0.0172084068287644,0.020380333205740453,0.50721153846153844,0.0031441044858931985,-0.00093758489529125833,,
BNY_ADJ,breakout_1,-1,1,all,555,555,-0.004956791846808686,-0.0038254457379787166,0.045706814490037911,-0.02655044296721043,0.021539244254525802,0.44864864864864867,-0.0027737782079462633,-0.0021830136388624232,,
BNY_ADJ,breakout_4,-1,1,all,318,318,-0.0042880993345688016,-0.0029266017372774344,0.046332501159182207,-0.024205830458718658,0.021059352903871148,0.44968553459119498,-0.0026903808179936065,-0.0015977185165751949,,
BNY_ADJ,fvg_raw,-1,1,all,303,303,-0.0060423207239480459,-0.0044710790716047111,0.048618482102004132,-0.029302684218777908,0.023032671161520246,0.43234323432343236,-0.0028622322775278047,-0.0031800884464202421,,
BNY_ADJ,sweep_4,1,1,all,280,280,0.0035987108218566584,0.0027641521349351938,0.047721872150394383,-0.021399603043951082,0.027417369849405238,0.50714285714285712,0.0028583950793776144,0.000740315742479045,,
BNY_ADJ,sweep_13,1,1,all,139,139,0.00083157765464181776,-0.0015485671572533777,0.051892799029547396,-0.026074838948396184,0.027903838139517134,0.46043165467625902,0.0026394547368748184,-0.0018078770822329991,,
BNY_ADJ,breakout_13,-1,1,all,137,137,-0.0054529421264920518,-0.0064109161353704813,0.05120061693224251,-0.03296724078615676,0.022477200660463548,0.40875912408759124,-0.002479547869567513,-0.0029733942569245392,,
BNY_ADJ,sweep_4,-1,1,all,371,370,-0.0036420755728827827,-0.003142766242965056,0.038793166359928785,-0.024635225413906725,0.018996132646409369,0.45135135135135135,-0.0030696151860834901,-0.00057246038679929204,,
BNY_ADJ,breakout_13,1,1,all,302,302,-0.00056218116224892483,-0.0033956439704176944,0.03415203113723022,-0.019788699148876376,0.018327847820342358,0.46688741721854304,0.0034665432566995864,-0.0040287244189485113,,
BNY_ADJ,fvg_disp,1,1,all,287,287,0.0022918714751888752,0.00063249479731175562,0.036402981008216775,-0.017519756673561093,0.01989093163211475,0.50174216027874563,0.0031243174504803801,-0.0008324459752915048,,
BNY_ADJ,fvg_disp,-1,1,all,172,172,-0.00147805652508722,-0.0031662081226805361,0.050815619734244775,-0.02494134308920376,0.025048848526925488,0.44767441860465118,-0.0027696200587805646,0.0012915635336933442,,
BNY_ADJ,sweep_fvg,1,1,all,84,84,0.0053722728016358974,0.0063438716916287552,0.036370453337550686,-0.014852152397790586,0.022181341365940077,0.54761904761904767,0.002904354242955421,0.0024679185586804755,,
BNY_ADJ,breakout_52,-1,1,all,46,46,-0.0044181267868094731,-0.015152564854258865,0.066662476722330735,-0.04563227198588915,0.041379648787401857,0.41304347826086957,-0.0029521925185262633,-0.00146593426828321,,
BNY_ADJ,sweep_52,1,1,all,41,41,0.0056684361978707049,-0.0068553705020688582,0.066164080678260961,-0.024911070202238483,0.03317559747235288,0.48780487804878048,0.0023419576489566783,0.0033264785489140274,,
BNY_ADJ,sweep_fvg,-1,1,all,61,61,-0.005181764001591975,-0.0064109161353704813,0.051481392562586908,-0.024922005340926034,0.030837260507883379,0.42622950819672129,-0.0028647043057060755,-0.002317059695885899,,
BNY_ADJ,sweep_13,-1,1,all,248,247,-0.00084386352452075662,-0.000333499466770526,0.034478700589618702,-0.021368251163362717,0.018780840952556721,0.46558704453441296,-0.0032461125438239843,0.0024022490193032283,,
BNY_ADJ,sweep_52,-1,1,all,169,168,-0.00083778261580128282,0,0.034111583511263761,-0.021341683769670772,0.018860445997309599,0.48214285714285715,-0.0035180949746108836,0.0026803123588096008,,
BNY_ADJ,breakout_52,1,1,all,205,205,-0.00078579064848727069,-0.0031451112450459062,0.033906097166288,-0.02010423325988564,0.01982413419478446,0.47804878048780486,0.0038319550354487383,-0.0046177456839360097,,
BNY_ADJ,breakout_1,1,1,early,463,463,-2.4228627905301215e-05,-0.0031451112450459062,0.03947208998059288,-0.022727652277930999,0.021114252593150917,0.44924406047516197,0.0029484013541568204,-0.0029726299820621209,,
BNY_ADJ,sweep_1,-1,1,early,281,281,-0.0031693778098500513,-0.0034983041770315637,0.040281156841525813,-0.025230082128616438,0.018557914442727697,0.42348754448398579,-0.0027638646756958764,-0.000405513134154175,,
BNY_ADJ,sweep_1,1,1,early,280,280,0.00076287036224507207,0,0.047157240026574211,-0.021399603043951082,0.025375985284930846,0.46071428571428569,0.0026018742212706564,-0.0018390038590255843,,
BNY_ADJ,breakout_4,1,1,early,326,326,-0.002908668301271579,-0.0055955073099320241,0.038451228855617248,-0.024822700853863622,0.018380375041949393,0.42638036809815949,0.0031588749075657841,-0.0060675432088373648,,
BNY_ADJ,fvg_raw,1,1,early,278,278,0.0018853612768249721,0,0.036688033172487908,-0.01992376995108025,0.021369302991879224,0.49280575539568344,0.0030174833947605238,-0.0011321221179355515,,
BNY_ADJ,breakout_1,-1,1,early,408,408,-0.0051700205451527233,-0.0033272151239985837,0.046741157532872953,-0.023118057614699483,0.022316567129105402,0.44362745098039214,-0.0026216690158418687,-0.0025483515293108542,,
BNY_ADJ,breakout_4,-1,1,early,230,230,-0.0039832805765923655,-0.0010564733910809476,0.045584141333582615,-0.021144494494568733,0.021059352903871148,0.44782608695652176,-0.0025171792907044792,-0.0014661012858878872,,
BNY_ADJ,fvg_raw,-1,1,early,228,228,-0.0064152509945072066,-0.0045047309013456216,0.049378814023428419,-0.028236893457194656,0.023489069723389877,0.42105263157894735,-0.0027990036400044513,-0.0036162473545027578,,
BNY_ADJ,sweep_4,1,1,early,197,197,0.0022891717259371793,0,0.052632426592689095,-0.026212954479222894,0.029860955855194327,0.48730964467005078,0.0026889291009528152,-0.00039975737501563545,,
BNY_ADJ,sweep_13,1,1,early,102,102,0.0030702324462854014,0,0.056993279515924498,-0.026149407199316826,0.033040114980746271,0.48039215686274511,0.0023098576452654264,0.0007603748010199759,,
BNY_ADJ,breakout_13,-1,1,early,96,96,-0.0063495277691236638,-0.0061128111749443326,0.049848938820152393,-0.023210400690988953,0.019055423236861241,0.39583333333333331,-0.002209375781876187,-0.0041401519872474772,,
BNY_ADJ,sweep_4,-1,1,early,227,227,-0.0049654422971131132,-0.0033472607833118229,0.041970334435488595,-0.029052616633687856,0.018595582725599857,0.43612334801762115,-0.0028422771460573405,-0.0021231651510557718,,
BNY_ADJ,breakout_13,1,1,early,190,190,-0.0016534063304538573,-0.0061736299569598585,0.038270103614825524,-0.024188194988888079,0.02139587570038648,0.42105263157894735,0.0034165588110840485,-0.0050699651415379056,,
BNY_ADJ,fvg_disp,1,1,early,199,199,0.0025775522679704955,0,0.037585248123111842,-0.020002131745310681,0.021467070513784936,0.48241206030150752,0.0030004842839916487,-0.00042293201602115266,,
BNY_ADJ,fvg_disp,-1,1,early,130,130,-0.0026123788213492476,-0.0031662081226805361,0.053878353536006153,-0.02362321306412396,0.025839610152507048,0.43846153846153846,-0.0027084305880382591,9.605176668901099e-05,,
BNY_ADJ,sweep_fvg,1,1,early,56,56,0.0051765695614300515,0.0029672311640066562,0.037302075303633379,-0.016433560414491122,0.022181341365940077,0.5178571428571429,0.0029063120386982446,0.0022702575227318057,,
BNY_ADJ,breakout_52,-1,1,early,28,28,-0.0079801140700301067,-0.0093087333184773691,0.063316140649717939,-0.047286445424909895,0.03850629115627302,0.42857142857142855,-0.0026578819695561658,-0.0053222321004739405,,
BNY_ADJ,sweep_52,1,1,early,26,26,0.010185170431919726,0.012188774894559384,0.080255475322797296,-0.024238759824140893,0.036945756855574607,0.53846153846153844,0.0018552058973230574,0.0083299645345966712,,
BNY_ADJ,sweep_fvg,-1,1,early,41,41,-0.0077886501280464825,-0.005263079240793056,0.058658845721586125,-0.030567773856999603,0.033058584436628125,0.41463414634146339,-0.0026655686929287054,-0.0051230814351177776,,
BNY_ADJ,sweep_13,-1,1,early,146,146,-0.0019256031983143523,-0.0012190538337498724,0.037397835714263174,-0.023391800450770606,0.018267316080464197,0.4452054794520548,-0.0030785236428375511,0.0011529204445231993,,
BNY_ADJ,sweep_52,-1,1,early,102,102,-0.0019797030750577523,0,0.03793468368728125,-0.024462578171736415,0.020149060266007129,0.47058823529411764,-0.0035293724905612867,0.0015496694155035346,,
BNY_ADJ,breakout_52,1,1,early,120,120,-0.0018365794761532892,-0.0052462936422874584,0.039133651665073731,-0.026042727352549006,0.024154500669268997,0.44166666666666665,0.0039854278566541224,-0.0058220073328074089,,
BNY_ADJ,breakout_1,1,1,late,231,230,0.0057445484047258183,0.0036638040247308767,0.032259743359764066,-0.010985339534613198,0.020372773667773125,0.56086956521739129,0.0033742326583946136,0.0023703157463312047,,
BNY_ADJ,sweep_1,-1,1,late,154,154,0.00086950527685232299,0.00042399234791956619,0.036136881971416047,-0.020296737108224883,0.021405831896625205,0.50649350649350644,-0.0034578699148204036,0.0043273751916727277,,
BNY_ADJ,sweep_1,1,1,late,118,118,0.002058469048148515,0.0046648543876567361,0.034524550486402544,-0.019291610018979777,0.02463822503084101,0.51694915254237284,0.0031951357984524027,-0.0011366667503038884,,
BNY_ADJ,breakout_4,1,1,late,164,164,0.0024942461782750027,0.0033107453737951653,0.027499013717671311,-0.012847598053639081,0.018199276744863491,0.54878048780487809,0.0034616659068043665,-0.00096741972852936494,,
BNY_ADJ,fvg_raw,1,1,late,138,138,0.0028534906864714849,0.003115925494809102,0.03435125817828915,-0.013043802170877417,0.019308470126223554,0.53623188405797106,0.0034332839899271694,-0.00057979330345568581,,
BNY_ADJ,breakout_1,-1,1,late,147,147,-0.0043649734187517679,-0.0039922917756827214,0.042852968673776748,-0.034794107234819682,0.018713162171419218,0.46258503401360546,-0.003218487429850763,-0.0011464859889010039,,
BNY_ADJ,breakout_4,-1,1,late,88,88,-0.0050847847247344861,-0.0051043079482873122,0.04849275254138203,-0.040121394824643275,0.02040430727996273,0.45454545454545453,-0.0031115805460833618,-0.0019732041786511231,,
BNY_ADJ,fvg_raw,-1,1,late,75,75,-0.0049086127014481987,-0.0039922917756827214,0.046533884239814693,-0.032966788344921283,0.019016361319776298,0.46666666666666667,-0.0031526164847606656,-0.001755996216687532,,
BNY_ADJ,sweep_4,1,1,late,83,83,0.006706893977231807,0.0094104684085645207,0.033366908683541634,-0.01229411819378895,0.026594357336772845,0.55421686746987953,0.003274669853493159,0.0034322241237386476,,
BNY_ADJ,sweep_13,1,1,late,36,36,-0.004880846573746208,-0.0071519330799096337,0.034368757015559505,-0.024996539189797412,0.023354267042663412,0.41666666666666669,0.0033869692200977127,-0.0082678157938439242,,
BNY_ADJ,breakout_13,-1,1,late,41,41,-0.0033536196461838885,-0.013132280774351468,0.05481776185388338,-0.043257101757758987,0.029581852483038018,0.43902439024390244,-0.0031401453857626848,-0.00021347426042120246,,
BNY_ADJ,sweep_4,-1,1,late,144,143,-0.0015413465770765945,-0.0019471809246716099,0.033164343161406991,-0.020609683904887044,0.019633519994340543,0.47552447552447552,-0.0034447007426298853,0.0019033541655532925,,
BNY_ADJ,breakout_13,1,1,late,112,112,0.0012890043909558713,0.0028691469575045092,0.025759650560947079,-0.013142107429200273,0.015318236519018535,0.5446428571428571,0.0036485236122149553,-0.0023595192212590844,,
BNY_ADJ,fvg_disp,1,1,late,88,88,0.0016458433187849849,0.0032328635450600274,0.033774571791915411,-0.012520859451273819,0.018566731295019012,0.54545454545454541,0.0034111792134176562,-0.0017653358946326714,,
BNY_ADJ,fvg_disp,-1,1,late,42,42,0.0020329410585809599,-0.0049235140587178261,0.040244592019127348,-0.02524598766306102,0.020571945882106091,0.47619047619047616,-0.0030065264679271808,0.0050394675265081415,,
BNY_ADJ,sweep_fvg,1,1,late,28,28,0.0057636792820475891,0.0068575466316280753,0.035096333109707785,-0.011596312915786111,0.021398147553779334,0.6071428571428571,0.0030921260871655492,0.0026715531948820377,,
BNY_ADJ,breakout_52,-1,1,late,18,18,0.0011227423204226243,-0.025137993555682692,0.073093724232643223,-0.044945158454049283,0.044672215068722126,0.3888888888888889,-0.0033869692200977136,0.0045097115405203381,,
BNY_ADJ,sweep_52,1,1,late,14,14,-0.00075318630329851421,-0.0071519330799096337,0.030657053187087592,-0.027781184498299333,0.026022706298031606,0.42857142857142855,0.0030065264679271808,-0.0037597127712256954,,
BNY_ADJ,sweep_fvg,-1,1,late,20,20,0.00016235255763976663,-0.0084897714612062192,0.032876001368087653,-0.021136528802155607,0.019208290505236175,0.45000000000000001,-0.0032804452494899642,0.0034427978071297298,,
BNY_ADJ,sweep_13,-1,1,late,102,101,0.00071983937026998568,0,0.029870644999262917,-0.019484220367950611,0.020102073193540959,0.49504950495049505,-0.0035319894771132141,0.004251828847383201,,
BNY_ADJ,sweep_52,-1,1,late,67,66,0.00092700354850417006,0.00024371724149624407,0.02735510008621132,-0.019087406000988516,0.018267584458223851,0.5,-0.0036290691532971445,0.0045560727018013137,,
BNY_ADJ,breakout_52,1,1,late,85,85,0.00069767593174710843,0.0020813187747343864,0.024871561072003792,-0.013123391670110118,0.015193504024219262,0.52941176470588236,0.003731605595593373,-0.0030339296638462656,,
BNY_ADJ,breakout_1,1,4,all,694,692,0.0062758068380782831,0.0084392473659278266,0.07393238940341279,-0.034893642099468075,0.05134562197622855,0.54768786127167635,0.011985580855118949,-0.0057097740170406665,,
BNY_ADJ,sweep_1,-1,4,all,435,435,-0.0094148570783370127,-0.006992772679675241,0.074218844148443971,-0.055144721594930779,0.032546518240191447,0.45287356321839078,-0.01165292302239794,0.002238065944060928,,
BNY_ADJ,sweep_1,1,4,all,398,398,0.010472501264844744,0.0010796203925983461,0.074542592321832496,-0.03934600919627948,0.060000145906763391,0.50753768844221103,0.010703197448164956,-0.00023069618332021224,,
BNY_ADJ,breakout_4,1,4,all,490,489,0.0017507578143151291,0.0063019463702700396,0.071546935392263186,-0.037054592649690132,0.044105571226800588,0.52965235173824132,0.012687853000536634,-0.010937095186221506,,
BNY_ADJ,fvg_raw,1,4,all,416,416,0.0080049729700434023,0.01070879388348378,0.07227672635847307,-0.030637711771469178,0.048962746183744188,0.55769230769230771,0.012316210538513457,-0.0043112375684700513,,
BNY_ADJ,breakout_1,-1,4,all,555,555,-0.017967177665317313,-0.016327004378170695,0.086120301213222811,-0.069369585962934854,0.027244537310604611,0.40180180180180181,-0.010702774158250862,-0.0072644035070664539,,
BNY_ADJ,breakout_4,-1,4,all,318,318,-0.02390462118378997,-0.020626737895027336,0.088468582579407845,-0.077149124671395009,0.030681923335519251,0.39622641509433965,-0.010416936867942313,-0.013487684315847657,,
BNY_ADJ,fvg_raw,-1,4,all,303,303,-0.021771528034178794,-0.019011107179724096,0.081602460660184464,-0.074520165359188484,0.032400139959342822,0.40264026402640263,-0.011129598227464649,-0.010641929806714146,,
BNY_ADJ,sweep_4,1,4,all,280,280,0.022921488830164032,0.020416864290716652,0.081889396619241342,-0.03196536551348822,0.073623300689660276,0.59285714285714286,0.011022528360336719,0.011898960469827309,,
BNY_ADJ,sweep_13,1,4,all,139,139,0.017276671385321931,0.015726214769349989,0.089245846707962734,-0.038005097248501096,0.07183567668807278,0.5539568345323741,0.010123118614195535,0.007153552771126402,,
BNY_ADJ,breakout_13,-1,4,all,137,137,-0.025496211756175249,-0.023346183835255552,0.08725313537747742,-0.088773926762447664,0.031226582473073528,0.40145985401459855,-0.0095025819785214127,-0.015993629777653832,,
BNY_ADJ,sweep_4,-1,4,all,371,369,-0.0091148303467943944,-0.0074373322409173603,0.071270619046034517,-0.054484159665611598,0.032388146683980046,0.45528455284552843,-0.011953872727740402,0.0028390423809460082,,
BNY_ADJ,breakout_13,1,4,all,302,301,0.010441546914917887,0.0095294524130984382,0.064598497565361623,-0.030651657583721348,0.050979895781581686,0.56810631229235875,0.013659606826906793,-0.0032180599119889033,,
BNY_ADJ,fvg_disp,1,4,all,287,287,0.010482845503449642,0.010714115358177567,0.071651180214735058,-0.029689523010216545,0.04860976680427409,0.56445993031358888,0.012218011803583144,-0.0017351663001335005,,
BNY_ADJ,fvg_disp,-1,4,all,172,172,-0.020378344836828519,-0.0071371282591008445,0.077455187432334288,-0.072702008800360152,0.032343059267967239,0.43604651162790697,-0.010700711291788682,-0.0096776335450398428,,
BNY_ADJ,sweep_fvg,1,4,all,84,84,0.014988303555793458,0.011767396383980944,0.078192018326197932,-0.02128528678869307,0.050948513311774191,0.5714285714285714,0.011282703044102196,0.0037056005116912643,,
BNY_ADJ,breakout_52,-1,4,all,46,46,-0.027684314958730472,-0.024166626176857275,0.10329536170931748,-0.10309044610838519,0.049361019908947479,0.39130434782608697,-0.011518084603015387,-0.016166230355715083,,
BNY_ADJ,sweep_52,1,4,all,41,41,0.040409322399460885,0.041819111318303737,0.10197647252689179,-0.036379138926927901,0.10796126562057506,0.65853658536585369,0.008843105961366381,0.031566216438094513,,
BNY_ADJ,sweep_fvg,-1,4,all,61,61,-0.027392872146085195,-0.018420757057721726,0.064946396144980809,-0.066029101275033808,0.019803765530812201,0.37704918032786883,-0.011171834786889689,-0.016221037359195507,,
BNY_ADJ,sweep_13,-1,4,all,248,246,-0.007593748773796271,-0.0048237726384642299,0.066016335822120326,-0.054427478893791015,0.032856730852139165,0.46341463414634149,-0.012674099906854116,0.0050803511330578446,,
BNY_ADJ,sweep_52,-1,4,all,169,167,-0.0046870649092295696,0,0.065507378930520721,-0.051619116338796456,0.031007885395437973,0.49101796407185627,-0.013842409707250489,0.0091553447980209143,,
BNY_ADJ,breakout_52,1,4,all,205,204,0.0074647372276747835,0.0097316837622773988,0.056675321060349414,-0.032349235616629363,0.048601592251366232,0.55392156862745101,0.015247885858083144,-0.0077831486304083619,,
BNY_ADJ,breakout_1,1,4,early,463,463,0.0047840448241903309,0.006503758666856374,0.079557951175956654,-0.039141492224351204,0.051611823525314349,0.51835853131749465,0.011320888169438562,-0.0065368433452482307,,
BNY_ADJ,sweep_1,-1,4,early,281,281,-0.011051274094310471,-0.0070424775967770081,0.078840480055087564,-0.057424316034481615,0.033465315513328653,0.45195729537366547,-0.01038878517036646,-0.00066248892394400955,,
BNY_ADJ,sweep_1,1,4,early,278,278,0.0068371286142916033,0,0.077209142669663153,-0.042919138556519465,0.049595982757311308,0.46762589928057552,0.0099448695925120623,-0.0031077409782204616,,
BNY_ADJ,breakout_4,1,4,early,326,326,-0.00119963770943244,0.0015311800467959769,0.079283141160662415,-0.04746261306537447,0.047151409655748211,0.50306748466257667,0.012221807488801743,-0.013421445198234185,,
BNY_ADJ,fvg_raw,1,4,early,278,278,0.0082716752639960655,0.0073858854182329292,0.079317305694022164,-0.030939098953911892,0.049357440102340278,0.52158273381294962,0.011591028210080706,-0.0033193529460846397,,
BNY_ADJ,breakout_1,-1,4,early,407,407,-0.016546561404702485,-0.01503698758146288,0.086914311243281181,-0.067723456991148234,0.029334463615914796,0.40540540540540543,-0.0099481799223725912,-0.0065983814823298943,,
BNY_ADJ,breakout_4,-1,4,early,229,229,-0.021693866100923203,-0.017390382876384836,0.090216992678551169,-0.071999693788813657,0.033033134742135317,0.3930131004366812,-0.0095757879324929202,-0.012118078168430278,,
BNY_ADJ,fvg_raw,-1,4,early,228,228,-0.020042068035966077,-0.018715932118722911,0.083528404832671169,-0.074316469144508734,0.037089721995742314,0.39912280701754388,-0.010786261403789828,-0.0092558066321762437,,
BNY_ADJ,sweep_4,1,4,early,195,195,0.014615758664825279,0.0059610083840253569,0.085804819968721482,-0.039081553639636279,0.069829761209797336,0.54358974358974355,0.010335966017509147,0.0042797926473161305,,
BNY_ADJ,sweep_13,1,4,early,101,101,0.0053366500322176037,0,0.092874120264280921,-0.044572405896388889,0.05333284679455419,0.48514851485148514,0.0085824592063711482,-0.0032458091741535463,,
BNY_ADJ,breakout_13,-1,4,early,96,96,-0.020563819591803863,-0.016858693627277765,0.082656306246952527,-0.069046981911995209,0.029585764738118775,0.40625,-0.0081786399848208687,-0.012385179606982993,,
BNY_ADJ,sweep_4,-1,4,early,227,227,-0.0093147488711627906,-0.0029152480647676171,0.076884027160374013,-0.059791802177393438,0.035366141195598944,0.48017621145374451,-0.010722134789438354,0.0014073859182755638,,
BNY_ADJ,breakout_13,1,4,early,190,190,0.0091340651379875158,0.0086078644152967065,0.073286767541768216,-0.042704180090522126,0.054392942331672856,0.5368421052631579,0.013348671852181825,-0.0042146067141943071,,
BNY_ADJ,fvg_disp,1,4,early,199,199,0.011559764060089158,0.0099339151114563595,0.076903081681436905,-0.030703701757294255,0.04853134698692585,0.52763819095477382,0.011486472176150425,7.3291883938728786e-05,,
BNY_ADJ,fvg_disp,-1,4,early,130,130,-0.018200130049232145,-0.0064210485832544295,0.0828093396071964,-0.071721035667315691,0.03934600919627948,0.44615384615384618,-0.01030860757704934,-0.0078915224721827996,,
BNY_ADJ,sweep_fvg,1,4,early,56,56,0.019737872512840017,0.011767396383980944,0.08725732739156393,-0.022910633790032997,0.055128784997217239,0.5714285714285714,0.011283376884903681,0.0084544956279363342,,
BNY_ADJ,breakout_52,-1,4,early,28,28,-0.0051447180270370162,0,0.088569609657469558,-0.058994608340436017,0.059903259835087125,0.4642857142857143,-0.009937636275851194,0.0047929182488141769,,
BNY_ADJ,sweep_52,1,4,early,25,25,0.025085062986953219,0.026755719039303516,0.11448391270387928,-0.043970073249475439,0.086579393200983956,0.56000000000000005,0.0069376085966481168,0.018147454390305105,,
BNY_ADJ,sweep_fvg,-1,4,early,41,41,-0.025599214358426377,-0.011876412585993812,0.073306844674334459,-0.073850652327336785,0.032012966380077112,0.41463414634146339,-0.010121446538323413,-0.015477767820102963,,
BNY_ADJ,sweep_13,-1,4,early,146,146,-0.0082209584497234169,-0.0035322492012762607,0.066752078636266921,-0.05231974928133426,0.033704300012952687,0.46575342465753422,-0.011718550144591623,0.0034975916948682055,,
BNY_ADJ,sweep_52,-1,4,early,102,102,-0.0070757068924981121,-0.0012165650651555504,0.066854390248193465,-0.053906476983299478,0.031007885395437973,0.48039215686274511,-0.013831165329836808,0.0067554584373386972,,
BNY_ADJ,breakout_52,1,4,early,120,120,0.0037983385941480967,0.0047369525602557472,0.065204017934061054,-0.048978043430046025,0.05472147400268218,0.5083333333333333,0.01584616347744976,-0.012047824883301665,,
BNY_ADJ,breakout_1,1,4,late,231,229,0.0092919020888648368,0.014544217800942949,0.061046330410760685,-0.022867971032381362,0.051010984299376894,0.60698689956331875,0.013357933402062813,-0.004066031313197974,,
BNY_ADJ,sweep_1,-1,4,late,154,154,-0.0064289273284114179,-0.0062272777552545566,0.065084465566877581,-0.04991582528428512,0.030008419638287626,0.45454545454545453,-0.013754766179561791,0.0073258388511503719,,
BNY_ADJ,sweep_1,1,4,late,118,118,0.018437726320287912,0.023563925840301314,0.06797668645178287,-0.033128072655071505,0.066701113336518958,0.59322033898305082,0.012589930752061208,0.0058477955682266986,,
BNY_ADJ,breakout_4,1,4,late,164,163,0.0076515488618102648,0.0075263854309008948,0.052508125975592269,-0.019241842722396929,0.043562807162907613,0.58282208588957052,0.013737410025503079,-0.0060858611636928133,,
BNY_ADJ,fvg_raw,1,4,late,138,138,0.0074677031315010809,0.018066059876546414,0.055710228363421786,-0.024684727337423662,0.048188627645637749,0.63043478260869568,0.01364576413319871,-0.0061780610016976328,,
BNY_ADJ,breakout_1,-1,4,late,147,147,-0.021830661228844882,-0.017470187675740156,0.084349682705072274,-0.073722786844058086,0.023818915679092501,0.39455782312925169,-0.012693460540726518,-0.0091372006881183677,,
BNY_ADJ,breakout_4,-1,4,late,88,88,-0.029608503266327243,-0.032893521589574815,0.084509656324659801,-0.093221460210093809,0.027226827188148367,0.40909090909090912,-0.012219487356819434,-0.01738901590950781,,
BNY_ADJ,fvg_raw,-1,4,late,75,75,-0.02702908642874545,-0.027132036378752833,0.075737238481477676,-0.07530792212216697,0.024604261134991368,0.41333333333333333,-0.012401420772368381,-0.014627665656377071,,
BNY_ADJ,sweep_4,1,4,late,83,83,0.041882673373058177,0.047602219096523291,0.069657119827361558,-0.011243766350153062,0.082745285233877031,0.6987951807228916,0.01294254611197317,0.028940127261085004,,
BNY_ADJ,sweep_13,1,4,late,36,36,0.04977940960093586,0.056415228959456387,0.07216610141977009,-0.0071578391290613164,0.099869428385310044,0.72222222222222221,0.013440426944942884,0.036338982655992981,,
BNY_ADJ,breakout_13,-1,4,late,41,41,-0.037045227555678975,-0.045454490065740982,0.097279575580940553,-0.10508753125898096,0.031226582473073528,0.3902439024390244,-0.01234612997826242,-0.024699097577416559,,
BNY_ADJ,sweep_4,-1,4,late,144,142,-0.0087952422831913905,-0.014638588259485275,0.061500857533942126,-0.051745250508379637,0.02375626241221368,0.41549295774647887,-0.013656609407226307,0.0048613671240349196,,
BNY_ADJ,breakout_13,1,4,late,112,111,0.012679578785339242,0.011540347147356522,0.046309176223841779,-0.014743398810120156,0.044880170289966714,0.6216216216216216,0.014557294759442499,-0.0018777159741032595,,
BNY_ADJ,fvg_disp,1,4,late,88,88,0.0080475410401398308,0.015279243364962891,0.058383559856889394,-0.016676096708600541,0.048846712062518283,0.64772727272727271,0.013547762293349338,-0.0055002212532095068,,
BNY_ADJ,fvg_disp,-1,4,late,42,42,-0.027120438227007798,-0.022398270557309585,0.058173940918062814,-0.069410913871754409,0.016923422063576943,0.40476190476190477,-0.011753728612841416,-0.015366709614166382,,
BNY_ADJ,sweep_fvg,1,4,late,28,28,0.005489165641700342,0.0094650162555728334,0.056078726541370708,-0.016004691862616133,0.044737937151092644,0.5714285714285714,0.012133235737564247,-0.0066440700958639021,,
BNY_ADJ,breakout_52,-1,4,late,18,18,-0.062745910185809176,-0.095766713311082552,0.11681830262640702,-0.11717461369101351,-0.00696764576644332,0.27777777777777779,-0.013440426944942883,-0.049305483240866289,,
BNY_ADJ,sweep_52,1,4,late,14,14,0.068518480002284735,0.050963331695666469,0.07999488192232708,0.011574857995831078,0.11389540840075585,0.7857142857142857,0.011753728612841416,0.056764751389443306,,
BNY_ADJ,sweep_fvg,-1,4,late,20,20,-0.031069870610785772,-0.030966923936956103,0.04455866115591782,-0.051412705019937333,0.0035267474105060148,0.29999999999999999,-0.012968151411954471,-0.018101719198831301,,
BNY_ADJ,sweep_13,-1,4,late,102,100,-0.0066780226469426388,-0.0062272777552545566,0.065250896884361032,-0.054649759375998808,0.026526936908473547,0.46000000000000002,-0.014030771361178394,0.0073527487142357574,,
BNY_ADJ,sweep_52,-1,4,late,67,65,-0.00093873441240816403,0.002214808801616619,0.063667384108311631,-0.048980796099263646,0.02645810644767721,0.50769230769230766,-0.014439471341649138,0.013500736929240973,,
BNY_ADJ,breakout_52,1,4,late,85,84,0.012702449561284336,0.014495463820793031,0.04139161291885219,-0.014101661666078541,0.04168887217424988,0.61904761904761907,0.014916287985531664,-0.0022138384242473322,,
BNY_ADJ,breakout_1,1,13,all,694,690,0.02816551274094968,0.028808971829436647,0.11749960925374328,-0.045832738691322067,0.10360742760077279,0.62608695652173918,0.037952395506867319,-0.0097868827659176334,,
BNY_ADJ,sweep_1,-1,13,all,435,433,-0.040054318268924742,-0.041440900906813072,0.11768757794933195,-0.11172497005669424,0.030319493914979678,0.34180138568129331,-0.036736927040777752,-0.003317391228146976,,
BNY_ADJ,sweep_1,1,13,all,398,398,0.033571695670825331,0.032687889636459855,0.13388746586041819,-0.049359349766918414,0.10878465154358957,0.59547738693467334,0.033395371261392436,0.00017632440943289674,,
BNY_ADJ,breakout_4,1,13,all,490,487,0.025981140242727296,0.031739361528101862,0.1149039000438961,-0.046816385507789049,0.10263177038457227,0.62628336755646818,0.040414226183993318,-0.014433085941266018,,
BNY_ADJ,fvg_raw,1,13,all,416,414,0.031882451686436337,0.034691559397475702,0.1204910648627725,-0.037485690901527091,0.10681934212249489,0.64251207729468596,0.039128940881630228,-0.0072464891951938967,,
BNY_ADJ,breakout_1,-1,13,all,555,555,-0.042167910827391034,-0.049382238277615453,0.1435399908834078,-0.12691185797906546,0.038100364241840601,0.34234234234234234,-0.033493637671806867,-0.008674273155584165,,
BNY_ADJ,breakout_4,-1,13,all,318,318,-0.046450195535131668,-0.051970542182704138,0.1504367361696842,-0.1305220916950865,0.037510794702748262,0.33962264150943394,-0.032266461803011272,-0.014183733732120406,,
BNY_ADJ,fvg_raw,-1,13,all,303,303,-0.034571788843469065,-0.048980157238611044,0.15165435735275276,-0.11902340999401717,0.054270879959316232,0.36633663366336633,-0.034902672659893719,0.00033088381642464314,,
BNY_ADJ,sweep_4,1,13,all,280,280,0.040279648288207924,0.051540185747881551,0.1499857581815828,-0.060599244110831174,0.13042593774287681,0.625,0.034629957136425214,0.0056496911517827045,,
BNY_ADJ,sweep_13,1,13,all,139,139,0.019059229288597788,0.014814943149503046,0.15450594359529704,-0.076203146376264352,0.1172305975125254,0.5467625899280576,0.031521662922312295,-0.012462433633714508,,
BNY_ADJ,breakout_13,-1,13,all,137,137,-0.057365959339856824,-0.062963092380746488,0.15897534176905415,-0.16236695670418522,0.038023011676586949,0.35036496350364965,-0.029299601437318055,-0.028066357902538766,,
BNY_ADJ,sweep_4,-1,13,all,371,366,-0.041892380488828679,-0.041932340468553986,0.1140967168119002,-0.11113903469318176,0.022584146027496588,0.31693989071038253,-0.037626910720054717,-0.0042654697687739569,,
BNY_ADJ,breakout_13,1,13,all,302,299,0.029900984295039259,0.034887003292840335,0.099307873072984762,-0.034069201895648438,0.094646703897804163,0.65551839464882944,0.043995244224552373,-0.014094259929513119,,
BNY_ADJ,fvg_disp,1,13,all,287,285,0.030541352608834137,0.028984568766699415,0.11892068410365721,-0.038184057587362763,0.1078719907631005,0.63508771929824559,0.038760852980925159,-0.0082195003720910206,,
BNY_ADJ,fvg_disp,-1,13,all,172,172,-0.033133736372967522,-0.048352140083981476,0.13257904983828736,-0.10122849313306737,0.044847092590850374,0.36046511627906974,-0.033245506824045867,0.00011177045107834462,,
BNY_ADJ,sweep_fvg,1,13,all,84,84,0.039576628676961212,0.047953384123846976,0.11255252589859487,-0.031256867764361346,0.10709612703678978,0.70238095238095233,0.035368385696769603,0.004208242980191618,,
BNY_ADJ,breakout_52,-1,13,all,46,46,-0.042815016152087729,-0.071788683730349745,0.16127719134083979,-0.13693320156358058,0.053428432718975322,0.34782608695652173,-0.036425552421583685,-0.0063894637305040467,,
BNY_ADJ,sweep_52,1,13,all,41,41,0.056976362533728717,0.065718567564234665,0.16803290888473849,-0.072014571761958357,0.1519461085935967,0.6097560975609756,0.026454694128665527,0.030521668405063193,,
BNY_ADJ,sweep_fvg,-1,13,all,61,61,-0.069110947968189271,-0.083597704554271512,0.11534810162047356,-0.11956397395403373,-0.007230855060958552,0.19672131147540983,-0.034794746567356497,-0.034316201400832781,,
BNY_ADJ,sweep_13,-1,13,all,248,243,-0.037796130566568123,-0.040020049625266063,0.10945428830033317,-0.11044596263887274,0.028331302162709848,0.33333333333333331,-0.04027125751570837,0.0024751269491402558,,
BNY_ADJ,sweep_52,-1,13,all,169,164,-0.050893250589034725,-0.049906077824399708,0.10055983849847418,-0.11375279622222939,0.0066310914622086103,0.27439024390243905,-0.044239122344483843,-0.0066541282445508844,,
BNY_ADJ,breakout_52,1,13,all,205,202,0.032758145040272725,0.037364819589622789,0.094965371434293289,-0.023864477491956027,0.092927361287474253,0.68811881188118806,0.049497549369525266,-0.016739404329252545,,
BNY_ADJ,breakout_1,1,13,early,462,462,0.021916731875695213,0.020901763641376858,0.12349407961290065,-0.055005800332567162,0.099556467898740286,0.58658008658008653,0.035781220068232304,-0.013864488192537085,,
BNY_ADJ,sweep_1,-1,13,early,279,279,-0.041668117988012968,-0.042694907682515604,0.12289176156193396,-0.11271036425398051,0.03276206178734492,0.34408602150537637,-0.032839080700369366,-0.0088290372876436013,,
BNY_ADJ,sweep_1,1,13,early,276,276,0.031379589141714001,0.017602494891538312,0.14019278414449218,-0.057313672773651347,0.10693150257271022,0.5688405797101449,0.031400231246573061,-2.0642104859059705e-05,,
BNY_ADJ,breakout_4,1,13,early,326,326,0.017725013658539908,0.021723969533949061,0.12187777101140206,-0.060478820207775646,0.1014394028571422,0.57668711656441718,0.038675262784847904,-0.020950249126307992,,
BNY_ADJ,fvg_raw,1,13,early,278,278,0.024659302933339313,0.029198048130900545,0.12784087893339288,-0.051856066096078152,0.10655979288967943,0.6079136690647482,0.036543453144227807,-0.011884150210888485,,
BNY_ADJ,breakout_1,-1,13,early,406,406,-0.038964635797513358,-0.03597102439271771,0.15052266822556673,-0.11828336373030185,0.038334775811651456,0.36206896551724138,-0.031083025334922135,-0.0078816104625912264,,
BNY_ADJ,breakout_4,-1,13,early,228,228,-0.046774618087635729,-0.044508406846541448,0.15992266154707577,-0.13739678163326574,0.033213843461165959,0.34210526315789475,-0.029721432656814144,-0.017053185430821582,,
BNY_ADJ,fvg_raw,-1,13,early,228,228,-0.028895376528337104,-0.03678240608280281,0.15877679220922761,-0.11576542763287884,0.057552986667528644,0.38596491228070173,-0.033734757874841308,0.0048393813465042092,,
BNY_ADJ,sweep_4,1,13,early,194,194,0.030072511437633821,0.020289499325400362,0.15601272976014385,-0.065216039064853099,0.11373710401067011,0.57731958762886593,0.0326901349112943,-0.0026176234736604723,,
BNY_ADJ,sweep_13,1,13,early,100,100,0.0043012908072980471,-0.0023470654907649102,0.15904397952789825,-0.091278283887032352,0.091369300791606101,0.48999999999999999,0.026883250249209231,-0.022581959441911183,,
BNY_ADJ,breakout_13,-1,13,early,95,95,-0.063231055406245948,-0.059288444056976308,0.16438493257332815,-0.17895516942784495,0.035081163809419891,0.3473684210526316,-0.02563166216739696,-0.037599393238848991,,
BNY_ADJ,sweep_4,-1,13,early,226,226,-0.042073347469108513,-0.042290706690362945,0.1212852802833578,-0.10924373468702631,0.026825372514139356,0.30973451327433627,-0.033646386716367112,-0.0084269607527414046,,
BNY_ADJ,breakout_13,1,13,early,190,190,0.029922255530497623,0.035497030791942774,0.1028732707983317,-0.037967446007911965,0.096514854350138235,0.63157894736842102,0.042701371740696811,-0.012779116210199202,,
BNY_ADJ,fvg_disp,1,13,early,199,199,0.024330272763979928,0.026564267373905937,0.12660893213450675,-0.057503035298574312,0.10963795464912318,0.59296482412060303,0.03626866332361204,-0.011938390559632122,,
BNY_ADJ,fvg_disp,-1,13,early,130,130,-0.026658098314080423,-0.016811726721821185,0.13362766981604651,-0.096333078234799696,0.0505069216509762,0.38461538461538464,-0.031954119403214867,0.0052960210891344391,,
BNY_ADJ,sweep_fvg,1,13,early,56,56,0.037887818906232051,0.046040017760598628,0.11645558039263523,-0.035535233819223383,0.10709612703678978,0.6607142857142857,0.035483120040676129,0.002404698865555918,,
BNY_ADJ,breakout_52,-1,13,early,27,27,-0.0056119011541628135,-0.029909530648893901,0.18445869877835364,-0.12979810159868799,0.085831593413310536,0.44444444444444442,-0.034020598894354867,0.02840869774019205,,
BNY_ADJ,sweep_52,1,13,early,24,24,0.039229725283720186,-0.0032184436350038981,0.2009749120115491,-0.082314142466393625,0.12942903883138973,0.5,0.023184322844024562,0.016045402439695617,,
BNY_ADJ,sweep_fvg,-1,13,early,41,41,-0.054012886470777711,-0.059113062090850432,0.11380663070684076,-0.10117693298418651,0,0.24390243902439024,-0.030875753022978035,-0.023137133447799694,,
BNY_ADJ,sweep_13,-1,13,early,146,146,-0.038528830809137112,-0.042290706690362945,0.1145576162499444,-0.11248410397918523,0.030663097739116352,0.32876712328767121,-0.036928634384710932,-0.0016001964244261864,,
BNY_ADJ,sweep_52,-1,13,early,102,102,-0.046726170092377756,-0.048991157732550583,0.10806421399341021,-0.11326126575745044,0.025316464616969014,0.30392156862745096,-0.044182314394643055,-0.0025438556977346893,,
BNY_ADJ,breakout_52,1,13,early,120,120,0.027672259361413255,0.035497030791942774,0.10364639716611643,-0.047753906136869279,0.094805424488558998,0.6333333333333333,0.051186398644938333,-0.023514139283525078,,
BNY_ADJ,breakout_1,1,13,late,231,227,0.041183415930644118,0.043278927552219404,0.10349383197972431,-0.0086700670834194415,0.11024025620487787,0.70925110132158586,0.042138011030053373,-0.00095459509940924551,,
BNY_ADJ,sweep_1,-1,13,late,154,152,-0.03746749084591848,-0.040120279181049656,0.10861851316036816,-0.10897072140883446,0.02141999515820564,0.34210526315789475,-0.043697434242120151,0.0062299433962016539,,
BNY_ADJ,sweep_1,1,13,late,118,118,0.038190307175109323,0.046717569400595904,0.12009871434161404,-0.02794415819808399,0.11860418719889132,0.66101694915254239,0.039171775464552916,-0.00098146828944360286,,
BNY_ADJ,breakout_4,1,13,late,164,161,0.042698514568473178,0.043278927552219404,0.097525132308997536,-0.0056687452065757871,0.10603668455039506,0.72670807453416153,0.043641611649177209,-0.00094309708070402739,,
BNY_ADJ,fvg_raw,1,13,late,138,136,0.046647417519972895,0.04441751251593018,0.10273048557899891,-0.0058451537061012249,0.11356078983584117,0.71323529411764708,0.043202869372195023,0.0034445481477778711,,
BNY_ADJ,breakout_1,-1,13,late,147,147,-0.050311405964445582,-0.074132912227554693,0.12326595817319382,-0.130383681360556,0.023045903495973463,0.29251700680272108,-0.039601119207593793,-0.010710286756851787,,
BNY_ADJ,breakout_4,-1,13,late,88,88,-0.044531563154009357,-0.063104353152611425,0.12516526018518837,-0.12519525088337841,0.050270436279081981,0.34090909090909088,-0.037635526275326438,-0.0068960368786829158,,
BNY_ADJ,fvg_raw,-1,13,late,75,75,-0.05182808228147022,-0.06593001254197306,0.1269893310585988,-0.130383681360556,0.025444418271533042,0.30666666666666664,-0.038390014182845635,-0.013438068098624594,,
BNY_ADJ,sweep_4,1,13,late,83,83,0.06303616116081448,0.086550092386842081,0.13521522809634717,-0.018540351031767155,0.15182307673040296,0.73493975903614461,0.040634090808088774,0.022402070352725709,,
BNY_ADJ,sweep_13,1,13,late,36,36,0.057199819568607792,0.080649057450939532,0.14176247935581016,-0.047625622067925477,0.15274725143799933,0.69444444444444442,0.042698830079474413,0.014500989489133377,,
BNY_ADJ,breakout_13,-1,13,late,41,41,-0.043338591143707091,-0.062963780326662722,0.14877721058384322,-0.13720079245385586,0.043502280478245781,0.36585365853658536,-0.038160720210519493,-0.0051778709331876038,,
BNY_ADJ,sweep_4,-1,13,late,144,139,-0.041843819202129637,-0.0424237800302949,0.10217353502908619,-0.11438103330962202,0.016559887262777795,0.33093525179856115,-0.04308631352341584,0.0012424943212862075,,
BNY_ADJ,breakout_13,1,13,late,112,109,0.029863905994698976,0.034887003292840335,0.093230190652185005,-0.018483330075445004,0.092463681350611449,0.69724770642201839,0.046966318717711834,-0.017102412723012862,,
BNY_ADJ,fvg_disp,1,13,late,88,86,0.044913502482392127,0.039203808315465771,0.098040747720774812,-0.0027405692101754586,0.10513491423324212,0.73255813953488369,0.042584960737597342,0.0023285417447947961,,
BNY_ADJ,fvg_disp,-1,13,late,42,42,-0.053177377983808505,-0.082746091834746238,0.12877542131089381,-0.13475076993415747,0.0095536917086130879,0.2857142857142857,-0.035703999078453667,-0.017473378905354851,,
BNY_ADJ,sweep_fvg,1,13,late,28,28,0.042954248218419533,0.075361932114735963,0.10629555750452842,0.01581016293724602,0.10804099470688744,0.7857142857142857,0.037277836053683344,0.0056764121647361904,,
BNY_ADJ,breakout_52,-1,13,late,18,18,-0.096814749042145029,-0.10442649865212683,0.10707383703154026,-0.14987661493663967,-0.014024529830015287,0.22222222222222221,-0.04269883007947442,-0.054115918962670623,,
BNY_ADJ,sweep_52,1,13,late,14,14,0.088186226511298968,0.10409740809775037,0.11438103068851324,0.020809516911426074,0.16683250638766356,0.7857142857142857,0.035703999078453667,0.052482227432845301,,
BNY_ADJ,sweep_fvg,-1,13,late,20,20,-0.10006197403788297,-0.10587038197609122,0.11510356319364497,-0.1777719853855399,-0.054719602205182905,0.10000000000000001,-0.040740277399188618,-0.059321696638694354,,
BNY_ADJ,sweep_13,-1,13,late,102,97,-0.03669330339734056,-0.037419468901745301,0.10186398938182389,-0.099256415179053814,0.016937659058300802,0.34020618556701032,-0.044465565744680677,0.0077722623473401213,,
BNY_ADJ,sweep_52,-1,13,late,67,62,-0.057748770115792949,-0.050768557963648431,0.087229811713154831,-0.11310145405013294,-0.013208749287829669,0.22580645161290322,-0.045857786015419282,-0.011890984100373687,,
BNY_ADJ,breakout_52,1,13,late,85,82,0.040200904570310975,0.040733017723158849,0.080637120653989605,0.0070973777959111861,0.090421289458561649,0.76829268292682928,0.048371467415668071,-0.0081705628453570961,,
ED,breakout_1,-1,1,all,624,624,0.00092712591226782747,0,0.030733394446564009,-0.014900182379056992,0.014505928853754901,0.47916666666666669,-0.00093955010843045812,0.0018666760206982856,,
ED,fvg_raw,-1,1,all,331,331,0.00030596161095506577,0,0.035621666590872285,-0.016348895224518878,0.014706235732308059,0.46223564954682778,-0.00089418668551043427,0.0012001482964654996,,
ED,breakout_1,1,1,all,809,809,0.0012393855055979088,0,0.02434990256727497,-0.013254786450662692,0.014563106796116498,0.49690976514215079,0.0012322712127507325,7.1142928471761572e-06,,
ED,fvg_raw,1,1,all,436,436,4.276719887772787e-05,0,0.024586848322954512,-0.013332954610009662,0.013432485489965618,0.46330275229357798,0.0012026537312622896,-0.0011598865323845628,,
ED,breakout_4,1,1,all,543,543,0.00080820227997419167,0,0.024376096020635667,-0.013297966401414674,0.013752841823928996,0.49355432780847147,0.0012523818486036831,-0.00044417956862949148,,
ED,sweep_1,-1,1,all,441,440,-0.0014734305491113828,0,0.027433617417016151,-0.014592811572418096,0.011733677591364233,0.46136363636363636,-0.0011285787790595318,-0.0003448517700518513,,
ED,sweep_4,-1,1,all,364,364,-0.0015161623889753573,-0.00098059630397584474,0.023845735826324467,-0.012908178613870114,0.011367987361342868,0.43681318681318682,-0.0011731730100576845,-0.00034298937891767288,,
ED,breakout_4,-1,1,all,382,382,0.0006603290116139357,0,0.032884402251136806,-0.015457423185347374,0.015188834154351405,0.49476439790575916,-0.00087548001932659305,0.0015358090309405287,,
ED,sweep_13,1,1,all,164,164,0.0012379853046139313,0,0.028757712459797993,-0.013026449763483966,0.017371246872393664,0.49390243902439024,0.00094010028921863572,0.00029788501539529659,,
ED,breakout_13,-1,1,all,185,185,-0.0011640990046003737,0,0.038045738296835357,-0.017667844522968101,0.014634146341463428,0.44324324324324327,-0.00075797291895169652,-0.0004061260856486771,,
ED,fvg_disp,-1,1,all,243,243,-0.0014140688227111359,0,0.030907365494993656,-0.017338001270648329,0.015815419929448238,0.44444444444444442,-0.00090822580700451923,-0.00050584301570661663,,
ED,sweep_1,1,1,all,441,441,0.00079540677606076504,0,0.02483858430080526,-0.014069242399315285,0.01538461538461533,0.47845804988662133,0.0010786884655097822,-0.00028328168944901738,,
ED,sweep_4,1,1,all,310,310,0.00014460174855230519,0,0.028065188145380421,-0.014496355697061036,0.014060294365823289,0.47741935483870968,0.0010628968827683109,-0.00091829513421600535,,
ED,fvg_disp,1,1,all,322,322,2.5611210760445936e-05,0,0.025294091845892059,-0.013711559582646859,0.013983138553729346,0.46583850931677018,0.0011489860075949915,-0.0011233747968345459,,
ED,sweep_fvg,1,1,all,99,99,0.0011261010963187952,0,0.026319754802713022,-0.013523391812865493,0.018852352352637047,0.44444444444444442,0.0012294318842231424,-0.00010333078790434702,,
ED,breakout_13,1,1,all,320,320,0.00056686490995089506,0,0.022065115574397304,-0.013440366972477052,0.013069739741391251,0.48749999999999999,0.0012895417035825604,-0.0007226767936316656,,
ED,breakout_52,1,1,all,184,184,0.00047506645992534402,0,0.021656165657598026,-0.013224953163794018,0.01339673913043482,0.4891304347826087,0.0015128031622465921,-0.0010377367023212485,,
ED,sweep_13,-1,1,all,221,221,-0.0015805282409533509,0,0.023873467754208972,-0.013035413995002187,0.012586255643734834,0.45248868778280543,-0.0013222088425072769,-0.00025831939844607357,,
ED,sweep_52,-1,1,all,133,133,-0.00045852648618704473,-0.0021210622637120036,0.026382037681186687,-0.012875536480686733,0.014184397163120588,0.45112781954887216,-0.0014472857517401712,0.00098875926555312666,,
ED,breakout_52,-1,1,all,77,77,0.00027188963677579939,0,0.050365358759111578,-0.017142857142857126,0.015706806282722474,0.46753246753246752,-0.00043287098427388513,0.00070476062104968501,,
ED,sweep_52,1,1,all,57,57,0.0030416444341200082,0,0.033052903607796745,-0.011811023622047223,0.025652891116445531,0.45614035087719296,0.00062808745899045311,0.0024135569751295551,,
ED,sweep_fvg,-1,1,all,58,58,-0.0056458240655830319,-0.0039589081521563818,0.027888007403777938,-0.022785309430641998,0.014483116509064559,0.44827586206896552,-0.0010427454463161189,-0.004603078619266913,,
ED,breakout_1,-1,1,early,444,444,0.0017661825144812465,0,0.032004752800604469,-0.013072194321522734,0.014582579642910376,0.48423423423423423,-0.00090231392158490427,0.0026684964360661509,,
ED,fvg_raw,-1,1,early,231,231,0.0015141956406221437,0,0.038712485235520212,-0.015021745202408621,0.014598626568789963,0.45887445887445888,-0.00083844184838193772,0.0023526374890040819,,
ED,breakout_1,1,1,early,554,554,0.0016988610119858399,0,0.02585759569759729,-0.013282979770527253,0.014645926076843119,0.49819494584837543,0.0013094910256404881,0.00038936998634535167,,
ED,fvg_raw,1,1,early,310,310,0.00054558317601246771,0,0.025754714239611516,-0.013157894736842146,0.013130778393299514,0.45806451612903226,0.0012432693308392364,-0.00069768615482676934,,
ED,breakout_4,1,1,early,367,367,0.00028569971821551353,0,0.026738419622996501,-0.01452861163227015,0.013001706675754288,0.4877384196185286,0.0013344213226947192,-0.0010487216044792061,,
ED,sweep_1,-1,1,early,257,257,-0.0019464383680907894,0,0.027195397959817295,-0.012048192771084265,0.010638297872340385,0.45914396887159531,-0.0011692984362277675,-0.0007771399318630219,,
ED,sweep_4,-1,1,early,196,196,-0.0018826668255819859,0,0.023860803962608423,-0.011989795918367296,0.0092981272629408807,0.41326530612244899,-0.0012602551227638044,-0.00062241170281818127,,
ED,breakout_4,-1,1,early,260,260,0.002553052486780256,0,0.034978845423873771,-0.01304830374605781,0.016818525162874187,0.49615384615384617,-0.00079005716962497199,0.0033431096564052283,,
ED,sweep_13,1,1,early,107,107,-0.0014312834335389927,0,0.030388565473757432,-0.017308459696727896,0.015574913450442374,0.44859813084112149,0.00091389268635463016,-0.0023451761198936228,,
ED,breakout_13,-1,1,early,133,133,0.0030877795440881367,0,0.040142501829592128,-0.015957446808510634,0.016666666666666718,0.48872180451127817,-0.00065320374047711017,0.0037409832845652466,,
ED,fvg_disp,-1,1,early,166,166,-0.00096527870081564767,0,0.031924281355627096,-0.015604760362694314,0.014856619284147166,0.42771084337349397,-0.00084270590097904659,-0.00012257279983660075,,
ED,sweep_1,1,1,early,283,283,0.00056281361934465901,0,0.025314507796012513,-0.013976955293598603,0.015355142941349764,0.47349823321554768,0.0011294984111262238,-0.00056668479178156471,,
ED,sweep_4,1,1,early,195,195,-0.00017089333885283683,0,0.02917520962910683,-0.015289728390078694,0.013808942934471879,0.44615384615384618,0.00110354656188556,-0.0012744399007383969,,
ED,fvg_disp,1,1,early,229,229,0.0002941054782979804,0,0.026322485758690381,-0.014018691588784993,0.013333333333333419,0.45851528384279477,0.0011772165594972253,-0.00088311108119924514,,
ED,sweep_fvg,1,1,early,68,68,0.00310602175669246,0,0.02614144076396489,-0.013035907645126854,0.018931734995362215,0.47058823529411764,0.00128232381912714,0.0018236979375653199,,
ED,breakout_13,1,1,early,211,211,-0.00032252562748268961,0,0.023561001597919257,-0.016501829905890553,0.011594300309181405,0.46919431279620855,0.0013839651911666869,-0.0017064908186493772,,
ED,breakout_52,1,1,early,125,125,0.00016189658430829646,0,0.023681921088472026,-0.014018691588784993,0.012693439658629124,0.48799999999999999,0.001684587257978762,-0.0015226906736704664,,
ED,sweep_13,-1,1,early,129,129,-0.0027735797649524087,0,0.025754380575884007,-0.017857142857142794,0.010204081632653073,0.44961240310077522,-0.0015137946646214993,-0.001259785100330909,,
ED,sweep_52,-1,1,early,81,81,-0.0025596483394638137,0,0.028878993917928364,-0.017587959204974801,0.012903225806451646,0.44444444444444442,-0.001669903657291956,-0.00088974468217185702,,
ED,breakout_52,-1,1,early,61,61,0.005913275115793688,0.0029850746268657025,0.052512825109350098,-0.016641452344931862,0.022058823529411797,0.50819672131147542,-0.00029782557148057238,0.0062111006872742599,,
ED,sweep_52,1,1,early,42,42,-0.00035027947730009192,0,0.032228124106243476,-0.013442266395022273,0.020672410378292816,0.42857142857142855,0.00055335286361850951,-0.00090363234091860197,,
ED,sweep_fvg,-1,1,early,28,28,-0.0051284013294092823,-0.0060585110253984498,0.026649348919601218,-0.01992865463302973,0.014647705104130243,0.42857142857142855,-0.00099318654806664552,-0.0041352147813426372,,
ED,breakout_1,-1,1,late,180,180,-0.0011425470398586052,-0.002421724691441085,0.02731964658266068,-0.016826151267378964,0.012903106882487803,0.46666666666666667,-0.0010122527775155573,-0.00013029426234304831,,
ED,fvg_raw,-1,1,late,100,100,-0.0024850589975758839,-0.002208799224215019,0.027141759340178311,-0.019482089198529062,0.015512353663519801,0.46999999999999997,-0.0010038106674766613,-0.0014812483300992243,,
ED,breakout_1,1,1,late,254,254,0.00026176786669528796,-9.0515314286387927e-05,0.020750229681812182,-0.013064926018494988,0.013813718399798613,0.49606299212598426,0.0010988460584862051,-0.00083707819179091691,,
ED,fvg_raw,1,1,late,125,125,-0.0011639129688090035,-0.00051637556757477832,0.021574345919738204,-0.014669408840747855,0.013817428863467152,0.47999999999999998,0.0011484125564815142,-0.0023123255252905182,,
ED,breakout_4,1,1,late,175,175,0.0019371268925311019,0.00057802898949499415,0.018573727668585078,-0.010257261985815669,0.014461362897315366,0.50857142857142856,0.0011353598757399001,0.00080176701679120211,,
ED,sweep_1,-1,1,late,184,183,-0.00080915180879604178,-0.0019967745699858153,0.027825957277045198,-0.020697244304157869,0.013762592685505171,0.46448087431693991,-0.0010602623998122217,0.00025111059101617868,,
ED,sweep_4,-1,1,late,168,168,-0.001088573879600957,-0.0014808955464977736,0.023892322398726563,-0.01341349089903987,0.012309934064215378,0.4642857142857143,-0.0010599537447436459,-2.8620134857311858e-05,,
ED,breakout_4,-1,1,late,122,122,-0.0033733439682487138,-0.00054013261870777818,0.027603937179820261,-0.017881862881064359,0.012490263420324388,0.49180327868852458,-0.00096158953775570758,-0.002411754430493007,,
ED,sweep_13,1,1,late,57,57,0.006248717848164157,0.0055101324831825504,0.02490023054830634,-0.0074800338432616797,0.019230794992489031,0.57894736842105265,0.0008761435533013415,0.0053725742948628162,,
ED,breakout_13,-1,1,late,52,52,-0.012039096061822909,-0.012668796187791154,0.029728920234823226,-0.025313128147571695,0.0062258512003369737,0.32692307692307693,-0.00089365564437497464,-0.011145440417447935,,
ED,fvg_disp,-1,1,late,77,77,-0.0023815903842001104,-0.001933995062505911,0.028770259997001477,-0.0193398749097351,0.016600643545846117,0.48051948051948051,-0.00097904484758333673,-0.0014025455366167743,,
ED,sweep_1,1,1,late,158,158,0.0012120135061282208,-6.4697741535169051e-05,0.024036216303582974,-0.013944266574727443,0.015450566406321919,0.48734177215189872,0.000992388709854089,0.00021962479627413227,,
ED,sweep_4,1,1,late,115,115,0.00067957167936972,0.0022124076213188015,0.026191198569027463,-0.012654688190854579,0.014156274350695552,0.5304347826086957,0.001003366255799951,-0.00032379457643022996,,
ED,fvg_disp,1,1,late,92,92,-0.00058813239036221445,-0.00050976586886503084,0.02280386116634173,-0.012684375830415817,0.015032114031746091,0.4891304347826087,0.0011598598634038435,-0.0017479922537660577,,
ED,sweep_fvg,1,1,late,31,31,-0.0032169506748234373,-0.0038228463902859611,0.026614582104011086,-0.015027467000615247,0.016327651971065782,0.38709677419354838,0.0011438078383180037,-0.0043607585131414392,,
ED,breakout_13,1,1,late,108,108,0.0023559707716220755,0.0010253671592205249,0.018892813726730379,-0.010683273241701985,0.016648310048862913,0.52777777777777779,0.0011010857775599037,0.0012548849940621719,,
ED,breakout_52,1,1,late,58,58,0.00124431586792718,0.00019312843367935706,0.016861269099456698,-0.011888163900442089,0.014435991221990963,0.5,0.0012170689762561896,2.7246891670990204e-05,,
ED,sweep_13,-1,1,late,92,92,9.2337482914893167e-05,-0.0020284930355087827,0.02097758810519243,-0.011413192026814456,0.012827997483351228,0.45652173913043476,-0.0011159421998703538,0.0012082796827852466,,
ED,sweep_52,-1,1,late,52,52,0.002814374862186384,-0.0023627809523306675,0.021800908215600275,-0.011771076178000883,0.01838587722208998,0.46153846153846156,-0.0012058500608631004,0.0040202249230494834,,
ED,breakout_52,-1,1,late,16,16,-0.021235892501979901,-0.013502470270467026,0.034629822799746586,-0.031678743242552043,0.0022667239272426143,0.3125,-0.00056041047237665744,-0.020675482029603242,,
ED,sweep_52,1,1,late,15,15,0.012539031386096289,0.0034424197356519581,0.034598447069649201,-0.0063387794647531415,0.026879876880178122,0.53333333333333333,2.3710263971718318e-06,0.012536660359699114,,
ED,sweep_fvg,-1,1,late,30,30,-0.0061287519526785315,-0.002208799224215019,0.02944408557688084,-0.024295006516951601,0.012969535246637437,0.46666666666666667,-0.0010320614239344081,-0.0050966905287441232,,
ED,breakout_1,-1,4,all,624,624,-0.0029773224607112306,-0.00096223227481573304,0.066218355956136843,-0.035567501055625061,0.028297307211703454,0.46955128205128205,-0.0038853081593289299,0.00090798569861769824,,
ED,fvg_raw,-1,4,all,331,331,-0.003583412142656383,-0.0041965283209373094,0.080527439168484025,-0.03989133536539724,0.028355488850771882,0.4380664652567976,-0.0037244833557272096,0.00014107121307082532,,
ED,breakout_1,1,4,all,809,809,0.0017206881674633235,0.0028328611898016387,0.049745648975062159,-0.025876799142557805,0.030227043967204548,0.5142150803461063,0.0050102201489411261,-0.0032895319814778023,,
ED,fvg_raw,1,4,all,436,436,0.00023387597761711327,0.00012541798018195216,0.048970515520404496,-0.02805843768507002,0.025875215506614924,0.5,0.0049059501010942693,-0.0046720741234771556,,
ED,breakout_4,1,4,all,543,543,-0.0010975994134361207,0,0.047542114698966673,-0.030395417590539542,0.026481883452997179,0.49539594843462248,0.0051031639733885416,-0.0062007633868246615,,
ED,sweep_1,-1,4,all,441,439,-0.0068680035540826471,-0.0085836909871244149,0.048282672106586766,-0.03602263824814822,0.020960919724353488,0.4191343963553531,-0.0045606121386418206,-0.0023073914154408265,-0.0060973553080388883,0.0017332722841077797
ED,sweep_4,-1,4,all,364,364,-0.0079485693489534624,-0.009417841283716033,0.045732475182822384,-0.037462433501535108,0.017553302475957655,0.40659340659340659,-0.0047276637261453938,-0.003220905622808069,,
ED,breakout_4,-1,4,all,382,382,-0.0038367374059328947,-0.0033563714206048534,0.073018156351790556,-0.036555479582618289,0.026408802252994829,0.46335078534031415,-0.0036420868790878898,-0.00019465052684500549,,
ED,sweep_13,1,4,all,164,164,0.0092830553185280877,0.012745805520476217,0.058458441584789064,-0.026844609802098324,0.049414525185606351,0.57317073170731703,0.0038324217410120806,0.0054506335775160071,,
ED,breakout_13,-1,4,all,185,185,-0.008898884048491951,-0.0090428045346797603,0.07809823592181224,-0.046012269938650263,0.023668639053254448,0.40000000000000002,-0.0032034098242353453,-0.0056954742242566071,,
ED,fvg_disp,-1,4,all,243,243,-0.0069747070361863995,-0.004405286343612369,0.062902184915789125,-0.037649444744287996,0.028256996330610962,0.43209876543209874,-0.0037831768637425259,-0.0031915301724438731,-0.010792599527735969,0.0032109139175934718
ED,sweep_1,1,4,all,441,439,0.0068586093177477308,0.0078363217482175784,0.055093305747209317,-0.028708791208791218,0.038227183085439265,0.54669703872437359,0.0043809104714363448,0.0024776988463113868,-0.0019876831102576677,0.0071142870712012328
ED,sweep_4,1,4,all,310,308,0.0062179823421396321,0.0081520842836211305,0.057133657068997007,-0.031596133429966589,0.041945236523860285,0.54545454545454541,0.0042987358321231487,0.0019192465100164829,,
ED,fvg_disp,1,4,all,322,322,-0.0015041372421924709,0.00077467567896627454,0.049407136615196801,-0.031546677215189833,0.024966432837824237,0.5,0.0046977803511166335,-0.0062019175933091036,-0.012134091860621705,-0.00063060169584731852
ED,sweep_fvg,1,4,all,99,99,0.0019443251320047745,0.007309562327346697,0.054224019533924903,-0.022166903745851119,0.02969783388688918,0.5252525252525253,0.0049880351371313046,-0.0030437100051265297,-0.01289826611281805,0.0088060835948214136
ED,breakout_13,1,4,all,320,320,-0.0021076135909061746,0,0.04851969721879295,-0.030990848118016029,0.025292166941849437,0.48749999999999999,0.0052457616215846629,-0.0073533752124908371,,
ED,breakout_52,1,4,all,184,184,-0.0020888487627090391,0,0.043785505062612411,-0.028330579093562125,0.023087078530923066,0.4891304347826087,0.0060895340006931779,-0.0081783827634022196,,
ED,sweep_13,-1,4,all,221,221,-0.0043605216121695581,-0.0056618731040984915,0.045273704991457671,-0.03691057654900276,0.021739130434782594,0.42081447963800905,-0.0053183923415435616,0.00095787072937400248,,
ED,sweep_52,-1,4,all,133,133,-0.0047882642922542663,-0.0063956564381426606,0.050263192590920706,-0.039840637450199168,0.017804866883812887,0.39097744360902253,-0.0057996042629483808,0.0010113399706941145,,
ED,breakout_52,-1,4,all,77,77,-0.00051082594489975416,-0.0054054054054053502,0.10661164292118053,-0.048285192212004224,0.029508196721311442,0.41558441558441561,-0.0019946548632775339,0.001483828918377782,,
ED,sweep_52,1,4,all,57,57,0.0062845195666235117,0.0085470085470085166,0.063642986386131709,-0.021276595744680882,0.04934751936083237,0.50877192982456143,0.0026731004877511167,0.0036114190788723937,,
ED,sweep_fvg,-1,4,all,58,58,-0.0073485890233917972,-0.00016436931059760074,0.056089666741901634,-0.041657174931567675,0.0317991694419891,0.48275862068965519,-0.0041656454358207865,-0.0031829435875710102,-0.018312042465157951,0.0095450880611580406
ED,breakout_1,-1,4,early,444,444,-0.0015000942820511522,0,0.072174414527956032,-0.034557721139430342,0.027740703954311274,0.481981981981982,-0.0037913723831805887,0.002291278101129435,,
ED,fvg_raw,-1,4,early,231,231,-0.0018275348132794325,-0.0054054054054053502,0.091372178253586428,-0.041110623353819209,0.02849025974025976,0.42424242424242425,-0.0035732991603855068,0.0017457643471060764,,
ED,breakout_1,1,4,early,551,551,0.003424472409768565,0.0014164305949009304,0.050522234255328265,-0.024939051694114145,0.030349083540572863,0.50272232304900177,0.0053465395568815677,-0.001922067147113001,,
ED,fvg_raw,1,4,early,308,308,0.002470754662982771,0.0034516002332806162,0.048806619749348371,-0.025908844275637555,0.026460256924929759,0.50649350649350644,0.0051018556509768711,-0.0026311009879940988,,
ED,breakout_4,1,4,early,365,365,-0.00047253880213257569,0,0.048677531899763628,-0.028011204481792729,0.026415094339622636,0.47671232876712327,0.0054565940234420247,-0.0059291328255745993,,
ED,sweep_1,-1,4,early,257,257,-0.0062884580487279403,-0.0085836909871244149,0.049143150234950458,-0.031825795644891075,0.019556714471968717,0.40466926070038911,-0.0047515020787537356,-0.0015369559699742066,,
ED,sweep_4,-1,4,early,196,196,-0.0065303097723483075,-0.0085227960582068274,0.045591325368552142,-0.03394697480786224,0.017940806126162417,0.39285714285714285,-0.0051048319772940484,-0.0014254777950542604,,
ED,breakout_4,-1,4,early,260,260,-0.0011439508385470945,0,0.081326793425966132,-0.03809639727361247,0.027793703742312131,0.47692307692307695,-0.0033669134976417108,0.0022229626590946155,,
ED,sweep_13,1,4,early,107,107,-0.00071457638195116587,-0.0045871559633027248,0.063962099388292032,-0.032891193800788143,0.037634154785509799,0.46728971962616822,0.0037594416095099296,-0.0044740179914610941,,
ED,breakout_13,-1,4,early,133,133,-0.002761803517996052,-0.0056179775280897903,0.084954339994473896,-0.043137254901960853,0.027624309392265234,0.42857142857142855,-0.0028546863826328776,9.2882864636822937e-05,,
ED,fvg_disp,-1,4,early,166,166,-0.0078761067999147099,-0.010854996686059271,0.068799755625296832,-0.040677037188486864,0.028414212451019771,0.39759036144578314,-0.0035938355690999348,-0.0042822712308147699,,
ED,sweep_1,1,4,early,283,283,0.0091272909478640873,0.0086021654355419308,0.058081944675985785,-0.028256996330610962,0.037883679882905086,0.54770318021201414,0.0046215316331994667,0.0045057593146646223,,
ED,sweep_4,1,4,early,195,195,0.0032147930077258235,0.0029806259314455463,0.060404481776107334,-0.033345397534656096,0.037140189494010767,0.50256410256410255,0.0044953235319652755,-0.0012805305242394507,,
ED,fvg_disp,1,4,early,228,228,-0.00017463666086912983,0,0.048482989556437643,-0.029852985298529866,0.02393573441698893,0.49561403508771928,0.0048510959751686183,-0.0050257326360377491,,
ED,sweep_fvg,1,4,early,67,67,0.0050976526653139344,0.0076628352490422103,0.051146817610416589,-0.016051262530135779,0.02969783388688918,0.53731343283582089,0.005253530759086621,-0.00015587809377268493,,
ED,breakout_13,1,4,early,209,209,0.00060506813925280704,0,0.050396870102391175,-0.029810298102981081,0.026548672566371723,0.47368421052631576,0.0056351133197600402,-0.0050300451805072345,,
ED,breakout_52,1,4,early,123,123,-0.00090280735512332196,0,0.046996522724147644,-0.02631943375903989,0.025603448275862029,0.48780487804878048,0.0067765375530899046,-0.0076793449082132245,,
ED,sweep_13,-1,4,early,129,129,-0.0061331681711153246,-0.0053475935828877219,0.045877526155151192,-0.033210332103321027,0.01834862385321101,0.39534883720930231,-0.0060922645316915406,-4.0903639423783491e-05,,
ED,sweep_52,-1,4,early,81,81,-0.0088784998623771087,-0.0085470085470085166,0.049011606102139421,-0.041420118343195256,0.017804866883812887,0.34567901234567899,-0.0066647515400500281,-0.0022137483223270771,,
ED,breakout_52,-1,4,early,61,61,0.011425455840359795,0,0.11155654367794991,-0.042944785276073594,0.035714285714285698,0.45901639344262296,-0.0014915403119011154,0.012916996152260905,,
ED,sweep_52,1,4,early,42,42,-0.002317257513160613,-0.0031580687830687904,0.065016665503919185,-0.022146072013093321,0.036235360285846674,0.45238095238095238,0.0023798440079994413,-0.0046971015211600547,,
ED,sweep_fvg,-1,4,early,28,28,-0.015204594520383669,-0.013066187715082611,0.062508197924159847,-0.062050098688029687,0.024105275389263325,0.39285714285714285,-0.0039923618084620792,-0.011212232711921588,,
ED,breakout_1,-1,4,late,180,180,-0.0066211519680727578,-0.0062509276495852362,0.048483358304348197,-0.036214744801585153,0.028667187869538008,0.43888888888888888,-0.0039344477055454612,-0.0026867042625272966,,
ED,fvg_raw,-1,4,late,100,100,-0.0076394887735171356,-0.0010807403871507804,0.046854813136569279,-0.033953779109303917,0.027163475570578882,0.46999999999999997,-0.0038911501453504967,-0.0037483386281666397,,
ED,breakout_1,1,4,late,254,254,-0.0023385510503067847,0.0036485480713198681,0.048067569721901307,-0.030785040901357141,0.028843509965741643,0.53543307086614178,0.0043267758535880272,-0.0066653269038948124,,
ED,fvg_raw,1,4,late,125,125,-0.0055419861026716919,-0.0016067205353716973,0.049582441814196479,-0.032719548933626497,0.022371829452892733,0.47999999999999998,0.0045320924019592737,-0.010074078504630964,,
ED,breakout_4,1,4,late,175,175,-0.0026128318376785874,0.0031384897860293748,0.045523620287191667,-0.032608728422235167,0.027913118165970863,0.53142857142857147,0.0044985557300200943,-0.0071113875676986817,,
ED,sweep_1,-1,4,late,184,182,-0.0076863727566989079,-0.0076825883159865604,0.047163286683492553,-0.039896686612142795,0.021308943276273778,0.43956043956043955,-0.0041526163212907774,-0.0035337564354081317,,
ED,sweep_4,-1,4,late,168,168,-0.0096032055216594761,-0.011245196348106501,0.045977381565379678,-0.041075060098443972,0.017415221827661531,0.42261904761904762,-0.0041481617616357293,-0.005455043760023745,,
ED,breakout_4,-1,4,late,122,122,-0.0095754628774108244,-0.0055513190782006117,0.050813036364215809,-0.034635434095246831,0.022588505570297013,0.4344262295081967,-0.0037238596604309043,-0.0058516032169799214,,
ED,sweep_13,1,4,late,57,57,0.028050539387848794,0.027782522615868332,0.040664386325876836,0.001335812854733831,0.054912290147489884,0.77192982456140347,0.0033631597893154243,0.024687379598533368,,
ED,breakout_13,-1,4,late,52,52,-0.024595647713029536,-0.018256587917332534,0.054553517325998641,-0.048888165143294637,0.011906944200563346,0.32692307692307693,-0.0034261280876509144,-0.021169519625378625,,
ED,fvg_disp,-1,4,late,77,77,-0.0050314296234734192,0.00084486713083331555,0.048133590192930405,-0.028188306306599964,0.027590013228564358,0.50649350649350644,-0.0037947134572836852,-0.0012367161661897355,,
ED,sweep_1,1,4,late,158,156,0.0027429881554212601,0.0032177648400348868,0.049122615399994858,-0.030522943414449888,0.03827311928256405,0.54487179487179482,0.0038479930913372772,-0.0011050049359160169,,
ED,sweep_4,1,4,late,115,113,0.011400477211260805,0.014752946049466642,0.050839771331832741,-0.023217023059638242,0.045150515006464165,0.61946902654867253,0.0038888841627502083,0.0075115930485105988,,
ED,fvg_disp,1,4,late,92,92,-0.004857651930516362,0.0033103310083040238,0.052224131791643882,-0.035458360022565832,0.026205434985184239,0.51086956521739135,0.0045714564613967019,-0.009429108391913063,,
ED,sweep_fvg,1,4,late,31,31,-0.0052757178033324978,-0.00085678944233702481,0.061386336055934021,-0.034723854897151463,0.030185980026688486,0.4838709677419355,0.004470338782862314,-0.0097460565861948161,,
ED,breakout_13,1,4,late,108,108,-0.0077279753987976119,0.0002040334976313174,0.044955447475101308,-0.031903593522016438,0.021018288378291394,0.5092592592592593,0.0043720067631112143,-0.012099982161908825,,
ED,breakout_52,1,4,late,58,58,-0.005293596905769379,-0.0023657684762086184,0.037257482570836997,-0.032093313640487509,0.01993863470465429,0.48275862068965519,0.0048813027854692119,-0.010174899691238588,,
ED,sweep_13,-1,4,late,92,92,-0.0018749628501695151,-0.0060287647711205761,0.044543402987415485,-0.038332339279698147,0.024507508162065095,0.45652173913043476,-0.0043991688572429244,0.0025242060070734067,,
ED,sweep_52,-1,4,late,52,52,0.0015830641919755439,-0.0043030647528350396,0.051989115017146002,-0.037009748121426711,0.01712766146296818,0.46153846153846156,-0.0048086870030137662,0.0063917511949893114,,
ED,breakout_52,-1,4,late,16,16,-0.046017900251201789,-0.028389589570758655,0.070852998739473302,-0.073376438831072421,-0.0029910261487077761,0.25,-0.0020839483836802876,-0.043933951867521498,,
ED,sweep_52,1,4,late,15,15,0.030369495390019059,0.018115096844754985,0.05457716082998882,-0.0016222648358045211,0.065631234168251118,0.66666666666666663,-0.00029767754477309934,0.030667172934792153,,
ED,sweep_fvg,-1,4,late,30,30,-1.6317226199384174e-05,0.007100255030300151,0.049301162342470187,-0.026788527659977079,0.033932696788120109,0.56666666666666665,-0.0040089753267742428,0.0039926581005748571,,
ED,breakout_1,-1,13,all,624,623,-0.016430995157502667,-0.018867924528301883,0.11289874052952943,-0.070462356610264565,0.03710424373167337,0.4157303370786517,-0.012181070151359477,-0.0042499250061431857,,
ED,fvg_raw,-1,13,all,331,331,-0.016593012410335117,-0.020491803278688492,0.11900515842949623,-0.077369320957498711,0.037389949489882945,0.43504531722054379,-0.011629934298034853,-0.0049630781123002595,,
ED,breakout_1,1,13,all,809,806,0.008597415960676074,0.010342190682996355,0.083688417502794252,-0.042428742467438829,0.054743280602309818,0.54838709677419351,0.015958103220627712,-0.0073606872599516421,,
ED,fvg_raw,1,13,all,436,435,0.0009771297728271035,0.0052083333333332593,0.083884426796070485,-0.050165823697698786,0.047614594493597506,0.51494252873563218,0.015576411580114208,-0.014599281807287104,,
ED,breakout_4,1,13,all,543,541,0.0023497497330614283,0.0054735115499464637,0.083157855884013837,-0.047254150702426556,0.050139275766016622,0.52495378927911274,0.016282711899698273,-0.013932962166636849,,
ED,sweep_1,-1,13,all,441,439,-0.017218272089121894,-0.016123279951815395,0.083503548226183888,-0.066195016976709042,0.033220365699873911,0.39179954441913439,-0.014486131004041046,-0.0027321410850808434,,
ED,sweep_4,-1,13,all,364,362,-0.014341360113883888,-0.014340078957023938,0.078165181138265413,-0.06362905514045214,0.03499541436560677,0.40331491712707185,-0.015084675918963366,0.00074331580507948055,,
ED,breakout_4,-1,13,all,382,380,-0.015740473804200163,-0.015857122123923095,0.11430609105674326,-0.073558951965065456,0.038830439161620239,0.44210526315789472,-0.01136200881576674,-0.0043784649884334196,,
ED,sweep_13,1,13,all,164,164,0.015240357058574324,0.011360703686180029,0.074738513091418823,-0.029755488498902277,0.069680666435265437,0.55487804878048785,0.01206458614740189,0.0031757709111724305,,
ED,breakout_13,-1,13,all,185,185,-0.015342405686253696,-0.020491803278688492,0.10446481673758548,-0.080000000000000071,0.04166666666666663,0.43243243243243246,-0.0098505005970604322,-0.0054919050891932622,,
ED,fvg_disp,-1,13,all,243,243,-0.023972984349797867,-0.018072289156626509,0.097092512471846359,-0.080000000000000071,0.037389949489882945,0.44855967078189302,-0.011796361949246409,-0.012176622400551458,,
ED,sweep_1,1,13,all,441,438,0.013921307421140202,0.014985819963525548,0.083300442235166181,-0.033917730363583615,0.059703554529762615,0.55251141552511418,0.013882274762542522,3.9032658597676126e-05,,
ED,sweep_4,1,13,all,310,308,0.021968805742012168,0.019888546627813253,0.091244193843963581,-0.032568126286947191,0.075087156026095669,0.58116883116883122,0.013595530243748414,0.0083732754982637526,,
ED,fvg_disp,1,13,all,322,321,0.00094174209025817558,0.0052083333333332593,0.087471659227400758,-0.052139416487932078,0.047775947281713416,0.51401869158878499,0.014844696045649133,-0.013902953955390962,,
ED,sweep_fvg,1,13,all,99,99,-0.0074982970172106358,-0.0099502487562188602,0.079173280836331905,-0.049655940928261477,0.045721767943990077,0.46464646464646464,0.015793862772000858,-0.023292159789211498,,
ED,breakout_13,1,13,all,320,320,0.0030113330307668914,0.0019145170805144884,0.073682503894994464,-0.047372801152923749,0.047709556490003135,0.50312500000000004,0.016734975231220584,-0.013723642200453695,,
ED,breakout_52,1,13,all,184,184,0.0017161866421714416,-0.0012406947890818976,0.0712231366476474,-0.047805298002765645,0.046054916008310742,0.49456521739130432,0.019525155232742005,-0.017808968590570563,,
ED,sweep_13,-1,13,all,221,221,-0.0052121887118484252,0,0.077547597331575638,-0.053567142449498117,0.051020408163265252,0.49773755656108598,-0.017044722019159173,0.011832533307310754,,
ED,sweep_52,-1,13,all,133,133,-0.0033107743247795898,0,0.07918498241982018,-0.052486187845303789,0.058529872232358948,0.49624060150375937,-0.018595342926715355,0.01528456860193577,,
ED,breakout_52,-1,13,all,77,77,0.0057477953954594707,-0.010026897860896167,0.12399805296407301,-0.070512820512820484,0.057142857142857162,0.48051948051948051,-0.0056931902858423982,0.011440985681301872,,
ED,sweep_52,1,13,all,57,57,-0.010114736884705957,-0.021390374331550777,0.082313802683914028,-0.069518716577540052,0.05504587155963292,0.40350877192982454,0.0079362349901686037,-0.018050971874874564,,
ED,sweep_fvg,-1,13,all,58,58,-0.033430484219268593,-0.018144781638744001,0.11681919085885918,-0.10371231348012816,0.046013038367200804,0.46551724137931033,-0.013183540427613367,-0.020246943791655231,,
ED,breakout_1,-1,13,early,444,444,-0.01201974403450785,-0.014948217497681826,0.12415395749398164,-0.066853932584269637,0.041873229461756339,0.44369369369369371,-0.011876429838397446,-0.00014331419611040468,,
ED,fvg_raw,-1,13,early,230,230,-0.010245760408126558,-0.014441549983718605,0.13323262623460819,-0.076034088986634996,0.041607142857142843,0.45217391304347826,-0.011081441177753098,0.00083568076962653491,,
ED,breakout_1,1,13,early,548,548,0.012412060867151598,0.01499426697629902,0.089363806687879091,-0.040921523248474673,0.05813747806329278,0.56569343065693434,0.017120182656457594,-0.0047081217893059973,,
ED,fvg_raw,1,13,early,308,308,0.0074563197142637596,0.012043399638336338,0.085808822598212917,-0.043531025749261265,0.050105042016806767,0.54220779220779225,0.016247924900147117,-0.0087916051858833583,,
ED,breakout_4,1,13,early,363,363,0.0042365140366469045,0.010958904109588996,0.088660307691810936,-0.044181429953624896,0.051242381622128463,0.53719008264462809,0.017548770624112538,-0.013312256587465635,,
ED,sweep_1,-1,13,early,257,257,-0.020925025646214759,-0.028846153846153744,0.088965022563766122,-0.074257425742574323,0.033707865168539297,0.37354085603112841,-0.015199883146096873,-0.0057251425001178854,,
ED,sweep_4,-1,13,early,195,195,-0.017780228108226305,-0.02070729174331043,0.080614226049832094,-0.067778689271716375,0.034168462643678121,0.37948717948717947,-0.016423472687175152,-0.0013567554210511508,,
ED,breakout_4,-1,13,early,260,260,-0.010809331497492788,-0.01631299734748004,0.12765342617694619,-0.073558951965065456,0.047201682814890344,0.46153846153846156,-0.010426806810263152,-0.00038252468722963423,,
ED,sweep_13,1,13,early,107,107,0.0068618333547043366,0,0.076571758649346705,-0.039433324975728823,0.064237635352648481,0.49532710280373832,0.011848029547552066,-0.00498619619284773,,
ED,breakout_13,-1,13,early,133,133,-0.004288124158054807,-0.018867924528301883,0.1123502653545754,-0.07333333333333325,0.056277056277056259,0.45112781954887216,-0.0086265319171730456,0.0043384077591182343,,
ED,fvg_disp,-1,13,early,165,165,-0.02127366541283774,-0.018072289156626509,0.10412394662298469,-0.080000000000000071,0.038461538461538436,0.46060606060606063,-0.011080127649934214,-0.010193537762903528,,
ED,sweep_1,1,13,early,278,278,0.011672149428014603,0.010142711518858261,0.087499885115652654,-0.034657936328742339,0.056258865850169371,0.53597122302158273,0.014662975554446159,-0.0029908261264315586,,
ED,sweep_4,1,13,early,192,192,0.017621399222712511,0.013143762561544925,0.098305751419587917,-0.038227565993087631,0.06813543301315117,0.53645833333333337,0.014218532530066975,0.0034028666926455334,,
ED,fvg_disp,1,13,early,228,228,0.0091568464491082208,0.015245876259640911,0.088952610598317272,-0.044109145300713914,0.052113070249090399,0.54824561403508776,0.015363397484822041,-0.0062065510357138202,,
ED,sweep_fvg,1,13,early,67,67,0.001784638927546954,0.0029850746268655914,0.070429519021997081,-0.043321864247732211,0.049278846153846145,0.5074626865671642,0.016584193656072617,-0.014799554728525663,,
ED,breakout_13,1,13,early,208,208,0.0077692870530800687,0.0040494323205428895,0.075288252840315345,-0.043935375170987195,0.050395739691225405,0.50961538461538458,0.01813914716891267,-0.010369860115832604,,
ED,breakout_52,1,13,early,122,122,0.0049711966341934293,0.0013333333333332975,0.073000375161887357,-0.046310178244211214,0.049826679046734712,0.5,0.021963027820228867,-0.016991831186035436,,
ED,sweep_13,-1,13,early,128,128,-0.015500575048021303,-0.009053017952665332,0.080420391942709127,-0.068840579710145011,0.043240284185369793,0.4609375,-0.01982091339822404,0.0043203383502027314,,
ED,sweep_52,-1,13,early,80,80,-0.01994717139141854,-0.011825377751910504,0.077952737520059545,-0.064758057968661242,0.039191480833142112,0.4375,-0.021729423625322361,0.0017822522339038215,,
ED,breakout_52,-1,13,early,61,61,0.017811691832276391,0.028708133971291905,0.13412029583466509,-0.056249999999999911,0.076923076923076872,0.54098360655737709,-0.0039754778684442148,0.021787169700720612,,
ED,sweep_52,1,13,early,42,42,-0.01638487012344049,-0.024262422360248448,0.089941832497725097,-0.078731044036162129,0.051968164353485391,0.38095238095238093,0.0067598678086370715,-0.023144737932077563,,
ED,sweep_fvg,-1,13,early,28,28,-0.046804990672810777,-0.014084507042253502,0.14040351727040348,-0.11859979101358414,0.050766628966046307,0.4642857142857143,-0.012577751034459666,-0.034227239638351115,,
ED,breakout_1,-1,13,late,180,179,-0.027372869451411597,-0.02524718080129662,0.07751501059935223,-0.0741879419918271,0.020669723558038311,0.34636871508379891,-0.012847640414275788,-0.014525229037135804,,
ED,fvg_raw,-1,13,late,100,100,-0.031731589353614878,-0.026023018011970156,0.076109495330827448,-0.080047298643932119,0.023458182613369849,0.39000000000000001,-0.012727410338309432,-0.019004179015305437,,
ED,breakout_1,1,13,late,254,251,0.0016435508290945841,0.0027325271406821727,0.069107308975718179,-0.044394439368995509,0.048754757645717239,0.51792828685258963,0.014007490381498728,-0.012363939552404142,,
ED,fvg_raw,1,13,late,125,124,-0.012259829395815061,-0.013102980018605825,0.076324486255707438,-0.060057855869624616,0.038801938654426105,0.45967741935483869,0.01463573766530708,-0.026895567061122151,,
ED,breakout_4,1,13,late,175,173,0.00040229633411118524,0.0026974535949157996,0.069942822350739953,-0.047728752504415328,0.044783457730262599,0.50867052023121384,0.014503499941466632,-0.01410120360735545,,
ED,sweep_1,-1,13,late,184,182,-0.01198401019806219,-0.011721102009371154,0.075047132611678655,-0.052898588068090058,0.032592751719931506,0.4175824175824176,-0.013482782845170255,0.0014987726471080709,,
ED,sweep_4,-1,13,late,168,166,-0.010338002774029936,-0.011688825559765692,0.075474043918331013,-0.054182333345616396,0.035428836818485077,0.43373493975903615,-0.01348436177491923,0.0031463590008892987,,
ED,breakout_4,-1,13,late,122,120,-0.026424615468732805,-0.015857122123923095,0.077320747551157698,-0.073035817677200743,0.023657963006996019,0.40000000000000002,-0.01219685823374597,-0.014227757234986836,,
ED,sweep_13,1,13,late,57,57,0.030968462958821493,0.017411694168737446,0.069098573500093033,-0.019828582346383516,0.083034143551191208,0.66666666666666663,0.011108551316666927,0.019859911642154563,,
ED,breakout_13,-1,13,late,52,52,-0.043615856517993164,-0.02590639707753406,0.074619555724224476,-0.08647145861163319,0.01630390909115631,0.38461538461538464,-0.01131790370305409,-0.032297952814939072,,
ED,fvg_disp,-1,13,late,77,77,-0.030554248380419837,-0.023499313744270944,0.080701298836598781,-0.083034143551191208,0.030316162627836984,0.41558441558441561,-0.012421416627076647,-0.018132831753343182,,
ED,sweep_1,1,13,late,158,155,0.01677707504789298,0.017990601336057566,0.076063803087933923,-0.032463895354558792,0.066808808458855173,0.5741935483870968,0.012586886786539294,0.0041901882613536818,,
ED,sweep_4,1,13,late,115,113,0.028652283837141138,0.025770342316614236,0.078390847905452865,-0.019828582346383516,0.079781991377801287,0.65486725663716816,0.012720220373169087,0.015932063463972048,,
ED,fvg_disp,1,13,late,92,91,-0.016897976935216025,-0.020851447069467288,0.080044493538268993,-0.065967295188228914,0.034200065088471843,0.43956043956043955,0.014777837734371925,-0.031675814669587958,,
ED,sweep_fvg,1,13,late,31,31,-0.024050594939823661,-0.020851447069467288,0.09324001487217462,-0.092702359334349005,0.03281670791680702,0.38709677419354838,0.014502893954949105,-0.03855348889477276,,
ED,breakout_13,1,13,late,108,108,-0.0025609279558504098,0.0019299105446390907,0.068771560749268101,-0.046663249237808874,0.041299653211708753,0.5092592592592593,0.014066449446161032,-0.016627377402011447,,
ED,breakout_52,1,13,late,58,58,0.0014671943232991702,0.0019299105446390907,0.064722642008972903,-0.03566439008243158,0.038331045853831569,0.51724137931034486,0.015576962784409731,-0.014109768461110565,,
ED,sweep_13,-1,13,late,92,92,0.0091358621789249302,0.012658535153977912,0.071800660053076656,-0.050059230094992024,0.058280711021901133,0.55434782608695654,-0.014208771540584112,0.02334463371950905,,
ED,sweep_52,-1,13,late,52,52,0.022380002802897439,0.027534434999689605,0.075554590039746627,-0.04526594337897849,0.081540692013260918,0.59615384615384615,-0.015399473708531643,0.037779476511429072,,
ED,breakout_52,-1,13,late,16,16,-0.040245809769905043,-0.027198773523678055,0.05568943429354347,-0.081117409049467626,-0.0035595935826790159,0.25,-0.007140645767582339,-0.033105164002322704,,
ED,sweep_52,1,13,late,15,15,0.0074416361837507331,-0.0076222663523614065,0.054436076685232683,-0.028682178608773035,0.056061142999601521,0.46666666666666667,-3.4573430534657244e-05,0.0074762096142853918,,
ED,sweep_fvg,-1,13,late,30,30,-0.020947611529295897,-0.018144781638744001,0.090196148913641069,-0.081004351356265325,0.040288168235147054,0.46666666666666667,-0.013086967846672052,-0.0078606436826238312,,
ED_ADJ,sweep_1,-1,1,all,540,539,-0.001779988620521072,0,0.026163018437636378,-0.013221442463119737,0.010748171780646854,0.4359925788497217,-0.0021103662638424061,0.00033037764332133449,,
ED_ADJ,breakout_1,-1,1,all,572,572,-0.00054384961722224695,0,0.030551455533742791,-0.015860104516347506,0.012910326755070256,0.46503496503496505,-0.0020008635138261009,0.0014570138966038537,,
ED_ADJ,fvg_raw,-1,1,all,299,299,9.5682150075888114e-05,0,0.036782507090871081,-0.016254565517108577,0.014394670670321685,0.47157190635451507,-0.0020329995439378836,0.0021286816940137721,,
ED_ADJ,breakout_1,1,1,all,875,875,0.0026374159285584451,0.0015612449724344835,0.023619554119796337,-0.011431853078991472,0.015084764227491498,0.52114285714285713,0.0023508592478291208,0.00028655668072932451,,
ED_ADJ,sweep_4,-1,1,all,459,459,-0.0017856063565482225,-0.0011153054778039184,0.02488271225884128,-0.012675024849546968,0.0098051681304294203,0.42701525054466233,-0.0021977717685660084,0.00041216541201778586,,
ED_ADJ,fvg_raw,1,1,all,503,503,0.0012295334880113896,0,0.023685877228845815,-0.01163433310235662,0.013788602385682247,0.49502982107355864,0.0023431324067191071,-0.0011135989187077181,,
ED_ADJ,breakout_4,1,1,all,631,631,0.0029109374715758454,0.0018344211231491325,0.023339733957556626,-0.011174965480440613,0.015665714436991829,0.53565768621236132,0.0023817086642800556,0.00052922880729578921,,
ED_ADJ,sweep_1,1,1,all,530,530,0.0023339336895742365,0,0.027489342301271064,-0.012159094971796708,0.015038328097897347,0.48490566037735849,0.0021375526115353293,0.0001963810780389077,,
ED_ADJ,sweep_4,1,1,all,362,362,0.0015202905469939548,0,0.024881509635719782,-0.012485570239906152,0.01384886757947823,0.47790055248618785,0.0020306923838946888,-0.000510401836900734,,
ED_ADJ,breakout_4,-1,1,all,341,341,-0.00026040155759577603,0,0.033935490239381569,-0.016741645675275141,0.014492895222352309,0.4838709677419355,-0.0019060799851317207,0.0016456784275359444,,
ED_ADJ,breakout_13,-1,1,all,150,150,-0.0021936546058984288,-0.003767019445147346,0.041142192491289822,-0.018654886072011212,0.012267237922651081,0.42666666666666669,-0.001776878213461088,-0.00041677639243734022,,
ED_ADJ,sweep_13,1,1,all,168,168,0.001428142743302179,0,0.027450105369070645,-0.012804529755208738,0.018391010987025946,0.4642857142857143,0.0018805972398228514,-0.0004524544965206721,,
ED_ADJ,fvg_disp,1,1,all,355,355,0.0011476721482285553,0,0.0241531270528089,-0.012121055236730349,0.014125557813160494,0.49295774647887325,0.0023003125445521877,-0.0011526403963236327,,
ED_ADJ,sweep_fvg,1,1,all,120,120,0.00085999894123577156,0,0.025750927189472306,-0.013036302614044704,0.017665473765580697,0.48333333333333334,0.0023768299238645612,-0.0015168309826287891,,
ED_ADJ,breakout_13,1,1,all,419,419,0.0026814668900551845,0.0017229405860270663,0.021168606159383218,-0.011769357992831797,0.014600932941850386,0.5298329355608592,0.0025010843976084629,0.00018038249244672167,,
ED_ADJ,sweep_13,-1,1,all,293,293,-0.001307260127785979,-0.0019967917401004787,0.02531448623270427,-0.012887771190741137,0.010204986143368289,0.41638225255972694,-0.0023200263787806377,0.0010127662509946591,,
ED_ADJ,breakout_52,1,1,all,289,289,0.0031699528144642974,0.0017229405860270663,0.021711224049791266,-0.011842427105575148,0.016000402892415444,0.53287197231833905,0.0026925384283277608,0.00047741438613653633,,
ED_ADJ,sweep_52,-1,1,all,219,219,-0.00093018713261094346,-0.0028971281298053597,0.025001060564135938,-0.012961745434069138,0.0097076072027048599,0.40639269406392692,-0.0024547284271270627,0.0015245412945161197,,
ED_ADJ,fvg_disp,-1,1,all,223,223,-0.0013361543526433518,0,0.031102986231933256,-0.015985509209245796,0.014554548817156954,0.46188340807174888,-0.0019684916078208234,0.00063233725517747243,,
ED_ADJ,sweep_fvg,-1,1,all,70,70,-0.0051021001146435768,0,0.026492988102219516,-0.022750116499928363,0.01297374901870163,0.48571428571428571,-0.0018391391863187389,-0.0032629609283248381,,
ED_ADJ,breakout_52,-1,1,all,50,50,0.0044500288309203542,0.00048915622254697144,0.058543565120434508,-0.01641048070562301,0.021807245193850355,0.5,-0.0013425642099488128,0.005792593040869167,,
ED_ADJ,sweep_52,1,1,all,52,52,0.0027655681649328668,0,0.035375371217329823,-0.011213145373057509,0.019236689611240865,0.40384615384615385,0.0015118710818272595,0.0012536970831056073,,
ED_ADJ,sweep_1,-1,1,early,352,352,-0.0020770844844275635,0,0.02528083505681155,-0.011821352902803062,0.0096752138408561505,0.42613636363636365,-0.0022526631373191177,0.00017557865289155413,,
ED_ADJ,breakout_1,-1,1,early,405,405,-0.00026785678625030495,0,0.031809228041356538,-0.015543941802396377,0.013267143772726309,0.45925925925925926,-0.0020715077795524805,0.0018036509933021755,,
ED_ADJ,fvg_raw,-1,1,early,209,209,0.0012942078439810668,0,0.040214751038521949,-0.014499378960166842,0.014545953382236854,0.47368421052631576,-0.0021291100853377482,0.0034233179293188141,,
ED_ADJ,breakout_1,1,1,early,606,606,0.0031894214240227067,0.0017824973820500523,0.024864902582433072,-0.011112391843903696,0.01532625912945651,0.5181518151815182,0.0025771491826955223,0.00061227224132718466,,
ED_ADJ,sweep_4,-1,1,early,285,285,-0.002445325124314667,0,0.024573483316471363,-0.011904020151840333,0.0089682453342886381,0.41403508771929826,-0.002413615177502655,-3.1709946812012552e-05,,
ED_ADJ,fvg_raw,1,1,early,362,362,0.0017858180466076236,0,0.02436194019443582,-0.01102999048919126,0.013304201511643077,0.48618784530386738,0.0025283792471290983,-0.00074256120052147386,,
ED_ADJ,breakout_4,1,1,early,438,438,0.002964863572254753,0.0023093648440882797,0.025158741300300037,-0.011996511666400395,0.015686176715629885,0.53196347031963476,0.0026179073588356457,0.00034695621341910746,,
ED_ADJ,sweep_1,1,1,early,372,372,0.0023645557095890676,0,0.02892374197233424,-0.011537179574153622,0.014496851122773491,0.4731182795698925,0.0022951923591862265,6.9363350402840851e-05,,
ED_ADJ,sweep_4,1,1,early,250,250,0.00070389169378630889,0,0.025410659158919369,-0.012721156403075862,0.012177749923532655,0.44,0.0021499143680242206,-0.0014460226742379122,,
ED_ADJ,breakout_4,-1,1,early,231,231,0.0017045894259889347,0,0.036299096036552667,-0.015584126700665113,0.016166210502907896,0.48917748917748916,-0.0019390173150531671,0.0036436067410421016,,
ED_ADJ,breakout_13,-1,1,early,108,108,0.0021166999776588463,0,0.043590183129824815,-0.016926691367872948,0.015661325558605332,0.46296296296296297,-0.0017794861867948542,0.0038961861644537014,,
ED_ADJ,sweep_13,1,1,early,117,117,-0.0023247796568679822,0,0.027415666164151403,-0.016172567754898615,0.0074350827958324928,0.37606837606837606,0.0019015839193888091,-0.0042263635762567892,,
ED_ADJ,fvg_disp,1,1,early,250,250,0.0016535265577620369,0,0.024651318830710887,-0.012133289890843335,0.013707702365348351,0.47999999999999998,0.0024878025191214731,-0.00083427596135943595,,
ED_ADJ,sweep_fvg,1,1,early,83,83,0.0021159556585892657,0,0.024851723516515056,-0.012982166695458208,0.017595584477731352,0.49397590361445781,0.0025971568592020834,-0.00048120120061281721,,
ED_ADJ,breakout_13,1,1,early,290,290,0.0028888021433972483,0.0023093648440882797,0.022129757019943321,-0.011996511666400395,0.014475622508004937,0.52413793103448281,0.0027741514786857402,0.0001146506647115083,,
ED_ADJ,sweep_13,-1,1,early,193,193,-0.0021685427467825653,0,0.026317918636974351,-0.014970501578706052,0.010204986143368289,0.41450777202072536,-0.0025834921585188558,0.0004149494117362901,,
ED_ADJ,breakout_52,1,1,early,207,207,0.0036822979013449789,0.0032568313060368226,0.022842660753532418,-0.011643414211358227,0.015853520943341692,0.53140096618357491,0.0029928606919423849,0.00068943720940259465,,
ED_ADJ,sweep_52,-1,1,early,157,157,-0.0025174983335029752,-0.0028971281298053597,0.024926971246408303,-0.016526512294459561,0.0089148007206143465,0.40764331210191085,-0.0027133278348838294,0.00019582950138085335,,
ED_ADJ,fvg_disp,-1,1,early,150,150,-0.00067124086282655719,0,0.032347263229475287,-0.013090908994913886,0.014483576566250406,0.46000000000000002,-0.0020389512857925123,0.0013677104229659549,,
ED_ADJ,sweep_fvg,-1,1,early,42,42,-0.0042882803173425847,0.00074422282643421545,0.024485121098368631,-0.021593405703464574,0.013882372599641618,0.5,-0.0018230326951295805,-0.0024652476222130049,,
ED_ADJ,breakout_52,-1,1,early,44,44,0.008445526779520169,0.0031814222805663372,0.060429911062951883,-0.014649400119518707,0.025160137944916894,0.52272727272727271,-0.0013124948989046083,0.0097580216784247768,,
ED_ADJ,sweep_52,1,1,early,38,38,-0.0043954659429283312,-0.0022433518478404135,0.029347915020928855,-0.013789324101608574,0.0055976065109493711,0.34210526315789475,0.0014262818238801509,-0.0058217477668084817,,
ED_ADJ,sweep_1,-1,1,late,188,187,-0.001220749347285323,-0.0020604345900754328,0.027809065739628075,-0.018900079664800007,0.011895135376117583,0.45454545454545453,-0.0018154247322805406,0.00059467538499521715,,
ED_ADJ,breakout_1,-1,1,late,167,167,-0.0012131735486212681,-0.0017806658005579123,0.027340197397987272,-0.016751886740389188,0.011512426540720599,0.47904191616766467,-0.001782551217786144,0.00056937766916487654,,
ED_ADJ,fvg_raw,-1,1,late,90,90,-0.0026875608502150267,-0.0022086557298180987,0.027190442016608453,-0.019183826655177982,0.012969449363549962,0.46666666666666667,-0.0017702885930502856,-0.00091727225716474133,,
ED_ADJ,breakout_1,1,1,late,268,268,0.0014177051415167692,0.0009752161589720032,0.02056314606164927,-0.01213968825338857,0.014093983694912382,0.52985074626865669,0.0018867824380301439,-0.00046907729651337454,,
ED_ADJ,sweep_4,-1,1,late,174,174,-0.00070503251279283952,-0.0016843703400166721,0.025415401347346652,-0.012976538693196371,0.011374289258220427,0.44827586206896552,-0.0018243489895981766,0.0011193164768053372,,
ED_ADJ,fvg_raw,1,1,late,140,140,-0.00016439546433297259,0.0010252850741749864,0.021947393522908577,-0.012684395416551725,0.013871409779483646,0.52142857142857146,0.0018969967163561055,-0.0020613921806890787,,
ED_ADJ,breakout_4,1,1,late,192,192,0.0028290975172520385,0.0014743152471008436,0.018661860852938611,-0.0096035832334336602,0.015032188814799674,0.546875,0.0019124507514023876,0.00091664676584965086,,
ED_ADJ,sweep_1,1,1,late,158,158,0.0022618362753621031,0.0018415959440092333,0.023859036263497464,-0.012830597967532636,0.015680517809474104,0.51265822784810122,0.0017986315865144013,0.00046320468884770137,,
ED_ADJ,sweep_4,1,1,late,112,112,0.0033426094157610214,0.0054723810876137202,0.023666804535497462,-0.011423754905658584,0.015398764389912167,0.5625,0.001770747762030908,0.0015718616537301138,,
ED_ADJ,breakout_4,-1,1,late,110,110,-0.0043868826231236689,-0.0024217087689509809,0.028045072764422342,-0.01825443235475499,0.0096701871085165814,0.47272727272727272,-0.0017302212093004365,-0.0026566614138232307,,
ED_ADJ,breakout_13,-1,1,late,42,42,-0.013277423535045709,-0.013419097028598892,0.031903795679192985,-0.025897905524874532,0.0049536766581798342,0.33333333333333331,-0.0016400142027792224,-0.011637409332266485,,
ED_ADJ,sweep_13,1,1,late,51,51,0.010037788249574901,0.010186705580279787,0.025775882032159907,-0.0048021100166726893,0.022293564908086427,0.66666666666666663,0.0016378849031291566,0.0083999033464457421,,
ED_ADJ,fvg_disp,1,1,late,104,104,-9.2558021515136952e-06,0.0020589973639423276,0.023099432805528983,-0.010869315310303551,0.015032188814799674,0.52884615384615385,0.0019074109680106495,-0.0019166667701621632,,
ED_ADJ,sweep_fvg,1,1,late,37,37,-0.0019574174787734175,-0.0012238234708590312,0.027809682691665685,-0.014565751450707931,0.017719608553528721,0.45945945945945948,0.0019716021597374748,-0.0039290196385108932,,
ED_ADJ,breakout_13,1,1,late,128,128,0.0022716986620588669,0.0014743152471008436,0.018966647666549947,-0.010683346310308955,0.015139123551673739,0.546875,0.0018927773404263104,0.00037892132163255647,,
ED_ADJ,sweep_13,-1,1,late,100,100,0.00035501532687743254,-0.0023629891430194672,0.023293339719188417,-0.012029627395953923,0.0094775319179302431,0.41999999999999998,-0.0018870976352300883,0.0022421129621075214,,
ED_ADJ,breakout_52,1,1,late,81,81,0.0019614335950294574,0.0012256899081746209,0.018718033617178491,-0.011903285577981371,0.017417356667211781,0.54320987654320985,0.0020085398048512635,-4.7106209821806657e-05,,
ED_ADJ,sweep_52,-1,1,late,62,62,0.0030892944567446857,-0.0033074783359701154,0.024937001235817959,-0.011736129028166342,0.012056514401863977,0.40322580645161288,-0.0019958675797925015,0.0050851620365371889,,
ED_ADJ,fvg_disp,-1,1,late,73,73,-0.0027024149481573129,-0.0024834057443114954,0.028541831746529217,-0.019293958311741077,0.015347317592147802,0.46575342465753422,-0.0017329007722372272,-0.00096951417592008567,,
ED_ADJ,sweep_fvg,-1,1,late,28,28,-0.0063228298105950653,-0.0022086557298180987,0.029677090390654217,-0.024941766613613137,0.010377269684172657,0.4642857142857143,-0.0017748243186470817,-0.0045480054919479831,,
ED_ADJ,breakout_52,-1,1,late,6,6,-0.024850289458811625,-0.014595014575551901,0.031813032726353288,-0.044614401735492193,-0.0026340112009111127,0.33333333333333331,-0.0010279475093370339,-0.02382234194947459,,
ED_ADJ,sweep_52,1,1,late,14,14,0.022202660743413261,0.0084884882347081581,0.043603363949908894,-0.0049999793965766204,0.038519710252531203,0.5714285714285714,0.0010818715556841778,0.021120789187729083,,
ED_ADJ,sweep_1,-1,4,all,540,538,-0.013567919902226951,-0.01298151055262009,0.046904419265361916,-0.04058064947097445,0.014489386829078382,0.35687732342007433,-0.0085716986924906594,-0.004996221209736292,,
ED_ADJ,breakout_1,-1,4,all,572,572,-0.0065912486034625829,-0.0053193192465995631,0.068314981194235097,-0.039047852842690522,0.024274497096331588,0.4388111888111888,-0.0081585990761507583,0.0015673504726881754,,
ED_ADJ,fvg_raw,-1,4,all,299,299,-0.0064010203807033867,-0.0073417708274812199,0.082991738896621037,-0.041765642872730324,0.022210451699488432,0.42474916387959866,-0.008296259652452698,0.0018952392717493118,,
ED_ADJ,breakout_1,1,4,all,875,875,0.0067783557805993757,0.0066666960034931222,0.048616745546069179,-0.020131276083262373,0.034429666433208328,0.56000000000000005,0.0095160916770002102,-0.002737735896400834,,
ED_ADJ,sweep_4,-1,4,all,459,459,-0.011926093619463911,-0.011236433673361246,0.045953642262376006,-0.041595779114968923,0.015347323205552599,0.38344226579520696,-0.0089067096329412485,-0.0030193839865226627,,
ED_ADJ,fvg_raw,1,4,all,503,503,0.0060662410863534279,0.0073096703958479559,0.0482125458047237,-0.022762914287833003,0.034379574118977962,0.562624254473161,0.0095013244423501706,-0.0034350833559967427,,
ED_ADJ,breakout_4,1,4,all,631,631,0.0052928127684819925,0.0055631755141776207,0.046327401426787131,-0.020468855630846716,0.032648908017134048,0.55150554675118857,0.0096485876238719785,-0.0043557748553899843,,
ED_ADJ,sweep_1,1,4,all,530,528,0.010691831858868952,0.0086016711607668217,0.05683149772030982,-0.021415897201742778,0.038906574798413585,0.57196969696969702,0.0087024972866645445,0.0019893345722044073,,
ED_ADJ,sweep_4,1,4,all,362,361,0.008783539426164411,0.0075186859378162385,0.055663187549904278,-0.023459841295251915,0.04205592085705856,0.55678670360110805,0.0082686985238777724,0.0005148409022866379,,
ED_ADJ,breakout_4,-1,4,all,341,341,-0.0071804208171653752,-0.0054343704659260972,0.075793091133042348,-0.040208930101853779,0.024271758294797885,0.4310850439882698,-0.0077706685532723157,0.00059024773610694332,,
ED_ADJ,breakout_13,-1,4,all,150,150,-0.012724761027496216,-0.013322270651424328,0.083150669954989126,-0.049107788231354033,0.016558744165850126,0.38666666666666666,-0.0072719809524736338,-0.0054527800750225784,,
ED_ADJ,sweep_13,1,4,all,168,168,0.0066991494098948834,0.011887662366758533,0.058021015742854225,-0.026844646423843155,0.043228514019823971,0.56547619047619047,0.0076761577869742595,-0.00097700837707937545,,
ED_ADJ,fvg_disp,1,4,all,355,355,0.0048121006552174677,0.0079594201154264965,0.048487022907431433,-0.025491748223470057,0.033855047750672163,0.56338028169014087,0.0093256309964385199,-0.0045135303412210505,,
ED_ADJ,sweep_fvg,1,4,all,120,120,0.0068069271508648761,0.0081019138442893768,0.057476328739135635,-0.024974026807751348,0.03457573944211717,0.54166666666666663,0.0096140306965069866,-0.0028071035456421123,,
ED_ADJ,breakout_13,1,4,all,419,419,0.0062288964690229839,0.0069539443771373666,0.046972910453811231,-0.019598298963975691,0.032997499668106833,0.57279236276849643,0.010113117313118324,-0.0038842208440953391,,
ED_ADJ,sweep_13,-1,4,all,293,293,-0.008543940929124692,-0.0089241465064637815,0.047570563289720723,-0.041420529396774208,0.017414295420260517,0.39931740614334471,-0.0093975905994707794,0.00085364967034608533,,
ED_ADJ,breakout_52,1,4,all,289,289,0.00677004581376669,0.0067130123486862647,0.043033106046537491,-0.017482080386321486,0.031546486873110791,0.57785467128027679,0.010854150601041631,-0.0040841047872749421,,
ED_ADJ,sweep_52,-1,4,all,219,219,-0.0068317110979918662,-0.0089241465064637815,0.049271455805715965,-0.043020860392930405,0.018658306065155672,0.39726027397260272,-0.0099216355873899213,0.0030899244893980568,,
ED_ADJ,fvg_disp,-1,4,all,223,223,-0.009607832648008097,-0.0058142850159097481,0.060974055183953116,-0.037957271261467307,0.021801967139982781,0.42152466367713004,-0.008045369221559958,-0.0015624634264481384,,
ED_ADJ,sweep_fvg,-1,4,all,70,70,-0.016030339169121277,-0.012123601206703749,0.053832382092070613,-0.045640499563550874,0.015344421179386614,0.41428571428571431,-0.0074393832137613679,-0.0085909559553599066,,
ED_ADJ,breakout_52,-1,4,all,50,50,-0.0059489830483924,-0.0053341539348581435,0.096391583228026267,-0.049928136918764798,0.034012455215678888,0.44,-0.0056780267994416258,-0.00027095624895077328,,
ED_ADJ,sweep_52,1,4,all,52,52,-0.0019314292113599739,0.010002716647157128,0.071959573886179698,-0.034340415772925126,0.054949923105060361,0.51923076923076927,0.0062554953908872842,-0.0081869246022472607,,
ED_ADJ,sweep_1,-1,4,early,352,352,-0.014672200316111973,-0.013165438872389301,0.047559502781403765,-0.039903499211889071,0.011523711992179275,0.32954545454545453,-0.0091964738888192996,-0.0054757264272926745,,
ED_ADJ,breakout_1,-1,4,early,405,405,-0.0057241358045036972,-0.0049013544628513372,0.07502322253333811,-0.039473648946695139,0.024271758294797885,0.44691358024691358,-0.0085040231058899161,0.0027798873013862185,,
ED_ADJ,fvg_raw,-1,4,early,209,209,-0.0054595615007829524,-0.011645434892627593,0.094621915030634246,-0.043478051299605136,0.021818811508000691,0.40191387559808611,-0.0087596956896831436,0.0033001341889001925,,
ED_ADJ,breakout_1,1,4,early,603,603,0.0089232151595642108,0.0063520212711674073,0.048809051055456597,-0.019276566061598999,0.035644916327997711,0.55389718076285244,0.010465765377254193,-0.0015425502176899827,,
ED_ADJ,sweep_4,-1,4,early,285,285,-0.012429843578996834,-0.011236354016724182,0.044824905206639058,-0.040538476467036677,0.014069956811154527,0.37543859649122807,-0.0098269906596584536,-0.0026028529193383807,,
ED_ADJ,fvg_raw,1,4,early,360,360,0.0089208447186377784,0.0085655283593003562,0.047217464301831616,-0.020226622383596543,0.03553568518690664,0.58888888888888891,0.010291421739563848,-0.0013705770209260682,,
ED_ADJ,breakout_4,1,4,early,436,436,0.0059713483226006602,0.0054011241629940976,0.047120298526302479,-0.019930268726234573,0.032994758860065698,0.54357798165137616,0.010632959949405113,-0.0046616116268044551,,
ED_ADJ,sweep_1,1,4,early,372,372,0.012209556604160812,0.0082997743219896947,0.060269190132785123,-0.019562024604729583,0.038523399386683033,0.56989247311827962,0.0093889817246504761,0.0028205748795103354,,
ED_ADJ,sweep_4,1,4,early,250,250,0.0062504405399345072,0.0033416237883399091,0.059239648233890017,-0.023991702130306353,0.03729673209856682,0.51600000000000001,0.0088146319255344302,-0.0025641913855999213,,
ED_ADJ,breakout_4,-1,4,early,231,231,-0.0046530074724810714,-0.0054055006643300985,0.084713909421189462,-0.042209942969203329,0.026791292048380766,0.43722943722943725,-0.0079715788995756015,0.003318571427094534,,
ED_ADJ,breakout_13,-1,4,early,108,108,-0.0064524643242890867,-0.0073434488380336171,0.090726666781074203,-0.047936531714519781,0.019435073516506224,0.41666666666666669,-0.0073486292469113548,0.00089616492262227098,,
ED_ADJ,sweep_13,1,4,early,117,117,-0.0032599215415131918,-0.001851944364166247,0.061126456679526008,-0.034826171651820559,0.030150787670013335,0.47008547008547008,0.0078186452454721261,-0.011078566786985313,,
ED_ADJ,fvg_disp,1,4,early,249,249,0.007426653245484912,0.0082983794617119688,0.046428870515752493,-0.021768373403937336,0.033653708600408949,0.58232931726907633,0.010129872590217026,-0.0027032193447321133,,
ED_ADJ,sweep_fvg,1,4,early,82,82,0.011331582246255717,0.010143790611609083,0.05562918249720912,-0.021491073646135783,0.035010183475154999,0.57317073170731703,0.010571661635962411,0.00075992061029330426,,
ED_ADJ,breakout_13,1,4,early,288,288,0.0086761972808109562,0.0073575926750890641,0.047828316401104118,-0.019037187507199155,0.034727435105736559,0.57291666666666663,0.011236877901575829,-0.0025606806207648719,,
ED_ADJ,sweep_13,-1,4,early,193,193,-0.011316184393171145,-0.010309151531459948,0.047651954374048872,-0.042819641055997337,0.01456378185801932,0.37305699481865284,-0.010503328355663916,-0.00081285603750722848,,
ED_ADJ,breakout_52,1,4,early,205,205,0.00818655341651244,0.0069539443771373666,0.045274596588346309,-0.016517006306630999,0.033078400956782605,0.58048780487804874,0.012081951873329657,-0.0038953984568172182,,
ED_ADJ,sweep_52,-1,4,early,157,157,-0.011267047263572003,-0.012294851971351051,0.045504154356946984,-0.043939243309396803,0.016666256308477956,0.36305732484076431,-0.010978256796784368,-0.00028879046678763527,,
ED_ADJ,fvg_disp,-1,4,early,150,150,-0.011379875036641906,-0.011887662366758533,0.06670100174058341,-0.041400753317453409,0.018885059883759853,0.38,-0.0084079976165653148,-0.0029718774200765919,,
ED_ADJ,sweep_fvg,-1,4,early,42,42,-0.023833828656197771,-0.017100732093676574,0.05594270124433879,-0.052207468870078266,0.01126144246633673,0.33333333333333331,-0.0074147217814212445,-0.016419106874776525,,
ED_ADJ,breakout_52,-1,4,early,44,44,0.0013058228038451641,-0.0043736859950193052,0.095187984548034232,-0.046414514177273825,0.03746958013177551,0.45454545454545453,-0.0055825137565948596,0.0068883365604400278,,
ED_ADJ,sweep_52,1,4,early,38,38,-0.021294832283582431,-0.013722561043284565,0.070438501779252247,-0.065893342470453559,0.021071801168181026,0.39473684210526316,0.0059398799530747046,-0.027234712236657136,,
ED_ADJ,sweep_1,-1,4,late,188,186,-0.011478098903906908,-0.011365726403696264,0.045692420561838823,-0.042546240563790305,0.021308956997999506,0.40860215053763443,-0.0071858349425880808,-0.0042922639613188294,,
ED_ADJ,breakout_1,-1,4,late,167,167,-0.0086941269482431142,-0.0080710613253591745,0.048462525791907088,-0.036842832059655661,0.024358256632446285,0.41916167664670656,-0.007031670892388495,-0.0016624560558546188,,
ED_ADJ,fvg_raw,-1,4,late,90,90,-0.008587297112963058,-0.001418985986604504,0.046156806043285543,-0.032784273895462956,0.024760112805041395,0.4777777777777778,-0.0069644505293585705,-0.0016228465836044894,,
ED_ADJ,breakout_1,1,4,late,268,268,0.0016836505659806253,0.0067381903287641043,0.048088129987386742,-0.02555710041856607,0.03122583038382859,0.57089552238805974,0.0074956030006165667,-0.0058119524346359414,,
ED_ADJ,sweep_4,-1,4,late,174,174,-0.011100985927125499,-0.01278549571748766,0.047864910349854552,-0.044149463474071227,0.017074393315285458,0.39655172413793105,-0.0072258344159491809,-0.003875151511176319,,
ED_ADJ,fvg_raw,1,4,late,140,140,-0.0013850750689153844,-0.00086561339801033421,0.050518230601656895,-0.031793232018468148,0.03122583038382859,0.49285714285714288,0.0075336066263101643,-0.0089186816952255485,,
ED_ADJ,breakout_4,1,4,late,192,192,0.0036590172441870908,0.0066969382011483614,0.044867728140465649,-0.026703570006192501,0.032202557781212726,0.56770833333333337,0.0076200748300929598,-0.0039610575859058677,,
ED_ADJ,sweep_1,1,4,late,158,156,0.007072642081634513,0.010510199250401642,0.047627803310274552,-0.02823684620664027,0.041300247019780856,0.57692307692307687,0.0071025021227943148,-2.9860041159800783e-05,,
ED_ADJ,sweep_4,1,4,late,112,111,0.01448871709785338,0.017225385999382281,0.046356212123519702,-0.023214018408512949,0.048566784673756414,0.64864864864864868,0.0069672952685346417,0.0075214218293187408,,
ED_ADJ,breakout_4,-1,4,late,110,110,-0.01248798884100241,-0.0062830370061398577,0.052287534746894654,-0.035377984218040504,0.020769146340671979,0.41818181818181815,-0.0068032499770829665,-0.0056847388639194411,,
ED_ADJ,breakout_13,-1,4,late,42,42,-0.028853523978600262,-0.019348062988177706,0.057225333849355457,-0.055297139884162239,0.0096649814345039498,0.30952380952380953,-0.006406112043338812,-0.022447411935261445,,
ED_ADJ,sweep_13,1,4,late,51,51,0.029546429827831056,0.028758418589402535,0.042553822258187594,0.0015867468006675045,0.057530483049371028,0.78431372549019607,0.0064133050203658143,0.023133124807465235,,
ED_ADJ,fvg_disp,1,4,late,104,104,-0.0013781699178311536,0.0053173595728002176,0.053206412443765172,-0.033305502671721693,0.034067797793429611,0.51923076923076927,0.0075709950726317674,-0.0089491649904629156,,
ED_ADJ,sweep_fvg,1,4,late,37,37,-0.003428412111952685,-0.0034853249744722925,0.061653777089064457,-0.041506271370793213,0.034102030470912315,0.45945945945945948,0.0078262191676595049,-0.011254631279612187,,
ED_ADJ,breakout_13,1,4,late,128,128,0.00060497754900583085,0.0061380939314319427,0.045156204345069506,-0.024293983446557976,0.031374355978358193,0.5703125,0.0075473413516314643,-0.0069423638026256309,,
ED_ADJ,sweep_13,-1,4,late,100,100,-0.0031935110435150436,-0.0060288865894266852,0.047189904230246806,-0.039106093009312393,0.02305274211970948,0.45000000000000001,-0.0074951163198924472,0.0043016052763774019,,
ED_ADJ,breakout_52,1,4,late,81,81,0.0030194334866567273,0.0050715436314228146,0.037517519641459919,-0.020960636148864675,0.028486285546494017,0.5679012345679012,0.0080589042472186644,-0.005039470760561938,,
ED_ADJ,sweep_52,-1,4,late,62,62,0.0043997046761384811,-0.0015809228661327612,0.056583893906592062,-0.039280257553051201,0.032559592924447739,0.4838709677419355,-0.0079860260763293302,0.012385730752467808,,
ED_ADJ,fvg_disp,-1,4,late,73,73,-0.0059666496576646546,0.00084472571374394345,0.04728989629091606,-0.028188160831441822,0.027021099084889921,0.50684931506849318,-0.0068174468396594258,0.00085079718199477161,,
ED_ADJ,sweep_fvg,-1,4,late,28,28,-0.0043251049385065344,0.0020444739186032401,0.049159571682561409,-0.032594204891323086,0.026543785330446545,0.5357142857142857,-0.0070112221331771916,0.0026861171946706577,,
ED_ADJ,breakout_52,-1,4,late,6,6,-0.059150892631467868,-0.033601739978955991,0.096296104795336512,-0.082262102221014932,-0.0013933333164073136,0.33333333333333331,-0.0038259247029904775,-0.055324967928477388,,
ED_ADJ,sweep_52,1,4,late,14,14,0.050626379127529555,0.060497915439153283,0.046067127293976703,0.017576709320438255,0.076357462076106664,0.8571428571428571,0.0040679687389258293,0.04655841038860372,,
ED_ADJ,sweep_1,-1,13,all,540,538,-0.031951751356241662,-0.028823470253594552,0.088114562859717735,-0.078758548063723177,0.022036892562336902,0.34572490706319703,-0.027850577069878989,-0.0041011742863626749,,
ED_ADJ,breakout_1,-1,13,all,572,571,-0.028594157181562115,-0.029940230812529167,0.11626938183894711,-0.085290224090396216,0.027571085769609871,0.38178633975481613,-0.026496742549739549,-0.0020974146318225692,,
ED_ADJ,fvg_raw,-1,13,all,299,299,-0.032120093568010807,-0.032567327319418027,0.12255047396182127,-0.095041192748471892,0.02403124206294005,0.38795986622073581,-0.026966010362750079,-0.005154083205260728,,
ED_ADJ,breakout_1,1,13,all,875,872,0.023155180864689911,0.025412949981319377,0.086937850023401403,-0.026843871684409687,0.07176574299247096,0.62614678899082565,0.031066012483769136,-0.0079108316190792238,,
ED_ADJ,sweep_4,-1,13,all,459,457,-0.027150844005873441,-0.026378900035384456,0.081854302721145453,-0.070655353034221546,0.023977924102330239,0.35886214442013131,-0.029001180407915501,0.0018503364020420645,,
ED_ADJ,fvg_raw,1,13,all,503,502,0.016782710497351451,0.019985943585949517,0.087913611739582107,-0.031504765190500772,0.064156500889432477,0.58167330677290841,0.031008195291185332,-0.014225484793833882,,
ED_ADJ,breakout_4,1,13,all,631,629,0.018622814241777617,0.021596171613540882,0.083375997240299135,-0.029222243388776437,0.066760978474172505,0.60413354531001595,0.031539835068011363,-0.012917020826233748,,
ED_ADJ,sweep_1,1,13,all,530,527,0.029012485644215442,0.026437146070624529,0.092825546829509734,-0.023297203457152915,0.076546929832400523,0.63187855787476277,0.028332435385431686,0.00068005025878375383,,
ED_ADJ,sweep_4,1,13,all,362,361,0.036188847540796161,0.028156386450099991,0.093190792574680645,-0.021044998756613364,0.093052862391195923,0.63711911357340723,0.026865171124132992,0.0093236764166631757,,
ED_ADJ,breakout_4,-1,13,all,341,339,-0.030289494905453296,-0.027193740346349138,0.1205135903358712,-0.092750949803666605,0.026067912554510964,0.38938053097345132,-0.02518354991817966,-0.0051059449872736399,,
ED_ADJ,breakout_13,-1,13,all,150,150,-0.030598073997731453,-0.032654565274603087,0.10805795916208631,-0.09470662572482369,0.028094533295848878,0.40000000000000002,-0.023465864723949112,-0.0071322092737823471,,
ED_ADJ,sweep_13,1,13,all,168,168,0.021367998967327759,0.0080231551100279352,0.077593575679681365,-0.028159094975408694,0.074708809346858029,0.59523809523809523,0.024839052869240687,-0.0034710539019129284,,
ED_ADJ,fvg_disp,1,13,all,355,354,0.015645901109810959,0.019585827316784155,0.092721508220793378,-0.036374546581538464,0.064614747500484182,0.57627118644067798,0.030378838548469098,-0.014732937438658139,,
ED_ADJ,sweep_fvg,1,13,all,120,120,0.02099669457603387,0.024621591100915774,0.10580052797226253,-0.035446824005924804,0.074559730813012814,0.59166666666666667,0.031325048112390189,-0.010328353536356317,,
ED_ADJ,breakout_13,1,13,all,419,419,0.018938953406644445,0.019357335461866798,0.085426491907646257,-0.027252150401639308,0.067661279253404039,0.60143198090692129,0.033058877145412863,-0.014119923738768416,,
ED_ADJ,sweep_13,-1,13,all,293,292,-0.020317097190710249,-0.021674948930992866,0.080909771721185561,-0.065005218798639186,0.029959222740488872,0.40068493150684931,-0.030657664568887303,0.010340567378177051,,
ED_ADJ,breakout_52,1,13,all,289,289,0.023138774550128922,0.019357335461866798,0.071334996613329427,-0.024309496100995087,0.069392756592172145,0.61245674740484424,0.035522247663621435,-0.012383473113492515,,
ED_ADJ,sweep_52,-1,13,all,219,219,-0.015871750154319599,-0.01992511909501915,0.07924377254812312,-0.066529502523453354,0.038257576181139008,0.42465753424657532,-0.032347408991240466,0.016475658836920863,,
ED_ADJ,fvg_disp,-1,13,all,223,223,-0.038528530904884832,-0.03206778974937885,0.094222706612441198,-0.095980415874335034,0.02403124206294005,0.3991031390134529,-0.026074636229807019,-0.012453894675077818,,
ED_ADJ,sweep_fvg,-1,13,all,70,70,-0.040359597212718069,-0.028981217322285979,0.093688617267093308,-0.11714808838054119,0.035668018890030573,0.45714285714285713,-0.023882870937064388,-0.016476726275653681,,
ED_ADJ,breakout_52,-1,13,all,50,50,-0.012276934557147602,0.0088515227313660794,0.10893499463351977,-0.079486982499468006,0.044112181649333976,0.54000000000000004,-0.018035580908551719,0.0057586463514041194,,
ED_ADJ,sweep_52,1,13,all,52,52,-0.0065280590490943919,-0.0092596877356687091,0.078205240125420045,-0.062568602191698824,0.070354572077467037,0.42307692307692307,0.020021970961452671,-0.026550030010547065,,
ED_ADJ,sweep_1,-1,13,early,352,352,-0.038911947277950817,-0.035011973574482047,0.093688681079737782,-0.088855252972180165,0.020189029289270327,0.32386363636363635,-0.030030385511010973,-0.0088815617669398342,,
ED_ADJ,breakout_1,-1,13,early,405,405,-0.025471578208792128,-0.029784403840998452,0.12828583218783748,-0.085690655077178546,0.032981517219925593,0.40987654320987654,-0.027697859361194236,0.0022262811524021014,,
ED_ADJ,fvg_raw,-1,13,early,208,208,-0.027073781627233912,-0.032317558534398438,0.13744372434930682,-0.096201375067101524,0.031917898188772165,0.39423076923076922,-0.0285361756552002,0.0014623940279662867,,
ED_ADJ,breakout_1,1,13,early,599,599,0.027492659697653465,0.029909205199597499,0.093422043126587334,-0.025401254490337422,0.077028309722679822,0.64106844741235391,0.034338017859171142,-0.0068453581615176727,,
ED_ADJ,sweep_4,-1,13,early,284,284,-0.031995622146566635,-0.028069043291263918,0.084564856418999704,-0.07938842189013956,0.022483742508188437,0.3380281690140845,-0.032162767421615251,0.00016714527504861691,,
ED_ADJ,fvg_raw,1,13,early,359,359,0.023536722661973639,0.026553984763232119,0.091408862416659423,-0.02740974094810894,0.069841704309555164,0.61002785515320335,0.033715874838542638,-0.010179152176568994,,
ED_ADJ,breakout_4,1,13,early,433,433,0.021924078049872672,0.025127986027357219,0.088619434580803222,-0.026726675206235506,0.069828731012091305,0.61893764434180143,0.03498342263677616,-0.013059344586903481,,
ED_ADJ,sweep_1,1,13,early,368,368,0.027972855733250208,0.023650568064400801,0.09854035205299802,-0.023928751104706214,0.073886810384007295,0.625,0.030687051776149069,-0.0027141960428988575,,
ED_ADJ,sweep_4,1,13,early,247,247,0.033570302583430932,0.021504414133710181,0.099611657115175431,-0.023964612454965506,0.084689963275130231,0.61538461538461542,0.028703041602080134,0.0048672609813507853,,
ED_ADJ,breakout_4,-1,13,early,231,231,-0.027945438471388473,-0.03206778974937885,0.13574062601846182,-0.094078105716002947,0.02916459099512364,0.40259740259740262,-0.025849264383018572,-0.0020961740883698914,,
ED_ADJ,breakout_13,-1,13,early,108,108,-0.021503187792802091,-0.032654565274603087,0.11657770089903485,-0.093995486452350008,0.038017430509940525,0.41666666666666669,-0.023712447579123736,0.002209259786321644,,
ED_ADJ,sweep_13,1,13,early,117,117,0.017165598736372103,0.004595588834823694,0.082271550958050749,-0.03746731838009576,0.07538031742933482,0.5641025641025641,0.025307951149012353,-0.0081423524126402469,,
ED_ADJ,fvg_disp,1,13,early,248,248,0.02402413718245994,0.029996545997910018,0.096817598352133105,-0.029393052558755933,0.07062341304733305,0.61290322580645162,0.033111282960438373,-0.0090871457779784434,,
ED_ADJ,sweep_fvg,1,13,early,81,81,0.029186841195500267,0.031012918631802444,0.11122948338753427,-0.030331784455668531,0.079317478653448736,0.62962962962962965,0.034574980292381569,-0.0053881390968813061,,
ED_ADJ,breakout_13,1,13,early,286,286,0.023255416756667507,0.022223558936294352,0.091660878453910646,-0.024180416166041691,0.072128299478646352,0.61538461538461542,0.037001205592706567,-0.013745788836039049,,
ED_ADJ,sweep_13,-1,13,early,192,192,-0.032019295919190227,-0.026952664452778552,0.082394188414425445,-0.076282663101915227,0.023997385708896923,0.34895833333333331,-0.034493417551840648,0.0024741216326504231,,
ED_ADJ,breakout_52,1,13,early,203,203,0.026782939477921347,0.019437481081516994,0.073155117066190017,-0.024349283668057331,0.07553078772509203,0.61576354679802958,0.03986089940804298,-0.013077959930121643,,
ED_ADJ,sweep_52,-1,13,early,156,156,-0.026958138037912065,-0.022158795508999574,0.07671882153051128,-0.073659859227453661,0.027411727610196446,0.38461538461538464,-0.036098865956361012,0.0091407279184489414,,
ED_ADJ,fvg_disp,-1,13,early,149,149,-0.035557206214968558,-0.030652022925944822,0.10024688073653687,-0.096139529968344073,0.029091455664805421,0.40268456375838924,-0.027276952593377354,-0.0082802536215912052,,
ED_ADJ,sweep_fvg,-1,13,early,42,42,-0.04323980099032159,-0.020632271973261451,0.095846029286743309,-0.12143979527558751,0.031783923733737868,0.45238095238095238,-0.023758622213400679,-0.019481178776920911,,
ED_ADJ,breakout_52,-1,13,early,44,44,-0.004475044268640563,0.015596708755331978,0.11104198436377503,-0.074081423067104135,0.062376182633957583,0.56818181818181823,-0.017700429250496769,0.013225384981856214,,
ED_ADJ,sweep_52,1,13,early,38,38,-0.019204617205315234,-0.035935563373299506,0.081715569027549936,-0.068828492422593868,0.037199973975867606,0.36842105263157893,0.018882964984969393,-0.038087582190284637,,
ED_ADJ,sweep_1,-1,13,late,188,186,-0.018779767676448015,-0.018865795713674527,0.074945468076262969,-0.061205766124788674,0.022689372941073094,0.38709677419354838,-0.023528535597685887,0.0047487679212378777,,
ED_ADJ,breakout_1,-1,13,late,167,166,-0.036212497446452746,-0.030506626558849614,0.079516343204918918,-0.083426011384497123,0.011293935375007669,0.31325301204819278,-0.023090012682306132,-0.013122484764146606,,
ED_ADJ,fvg_raw,-1,13,late,90,90,-0.044431983799781721,-0.037121906030470386,0.078095542583846406,-0.092306150542474485,0.01366810225497489,0.36666666666666664,-0.022897527324240351,-0.021534456475541364,,
ED_ADJ,breakout_1,1,13,late,268,265,0.014611173117280043,0.014658936387499377,0.069441604629657261,-0.032413910483745867,0.062706893255956464,0.59999999999999998,0.024475923657352371,-0.0098647505400723274,,
ED_ADJ,sweep_4,-1,13,late,174,172,-0.019193336639326854,-0.023602349414050483,0.076999826523365011,-0.064118020677429832,0.025091893945125093,0.39534883720930231,-0.023666214164450597,0.0044728775251237449,,
ED_ADJ,fvg_raw,1,13,late,140,139,0.0017137922123538576,0.0039236681979881727,0.075416585787332402,-0.042877612334941195,0.051033282631091081,0.51798561151079137,0.02458489734544532,-0.022871105133091464,,
ED_ADJ,breakout_4,1,13,late,192,190,0.012867855967179851,0.01476860527313939,0.069409341434843008,-0.034727692478538214,0.057576366678316671,0.57894736842105265,0.024831932302832205,-0.011964076335652362,,
ED_ADJ,sweep_1,1,13,late,158,155,0.030575486449080029,0.032301214508410503,0.078601606435804508,-0.019676273073046036,0.082096511723756205,0.64516129032258063,0.023306937039694203,0.0072685494093858273,,
ED_ADJ,sweep_4,1,13,late,112,111,0.041348861407723397,0.037749576459878309,0.077905118862848621,-0.011234568325324823,0.095597209290154694,0.68468468468468469,0.022908045925170081,0.018440815482553299,,
ED_ADJ,breakout_4,-1,13,late,110,108,-0.035303171167203072,-0.024803629183140052,0.078959265718492155,-0.083690771736616598,0.016456874576150055,0.3611111111111111,-0.022419821638230194,-0.012883349528972876,,
ED_ADJ,breakout_13,-1,13,late,42,42,-0.05398492423897841,-0.03269691646183448,0.078666971691381093,-0.10082074400109287,0.0091687214040933052,0.35714285714285715,-0.021234057072432644,-0.032750867166545766,,
ED_ADJ,sweep_13,1,13,late,51,51,0.031008799497167214,0.023366158811723992,0.065345610890549979,-0.012516349088807721,0.071902390262227112,0.66666666666666663,0.021237064072138975,0.009771735425028235,,
ED_ADJ,fvg_disp,1,13,late,104,103,-0.002423001070877508,-0.0035273321026385585,0.078784355280380927,-0.054084806625357751,0.046894217041644981,0.49514563106796117,0.024713018700536701,-0.027136019771414215,,
ED_ADJ,sweep_fvg,1,13,late,37,37,0.0055087116413364053,0.00038048686842850898,0.092865385754000371,-0.042680427269359611,0.05172886002356214,0.51351351351351349,0.02546618131423601,-0.019957469672899603,,
ED_ADJ,breakout_13,1,13,late,128,128,0.012192598648584001,0.01476860527313939,0.068407725501975533,-0.035367809290167918,0.057355763152675543,0.5859375,0.024568757453336365,-0.012376158804752367,,
ED_ADJ,sweep_13,-1,13,late,100,99,0.0023741167261833256,0.00085698019077751209,0.073614512383759309,-0.056681223469751574,0.045412057365206204,0.50505050505050508,-0.024473116629175791,0.026847233355359122,,
ED_ADJ,breakout_52,1,13,late,81,81,0.01884505522235631,0.019734173552051315,0.063897557493444584,-0.019240182849838861,0.05519471202893711,0.62962962962962965,0.026075459089290372,-0.0072304038669340695,,
ED_ADJ,sweep_52,-1,13,late,62,62,0.012088409180859834,0.01647206752371938,0.079855615919150053,-0.057477485896475,0.074446779240293415,0.532258064516129,-0.025879292447729831,0.037967701628589666,,
ED_ADJ,fvg_disp,-1,13,late,73,73,-0.045481586429709335,-0.037876574105549565,0.081183226549208717,-0.095221332611615139,0.014076150226638773,0.38356164383561642,-0.022444613770897511,-0.023036972658811817,,
ED_ADJ,sweep_fvg,-1,13,late,28,28,-0.036039291546312809,-0.029585026819211158,0.091920957106166962,-0.10102247330715958,0.03775812789761096,0.4642857142857143,-0.023006018416995157,-0.013033273129317648,,
ED_ADJ,breakout_52,-1,13,late,6,6,-0.069490796672865895,-0.06755708286945461,0.076094871629939567,-0.13787444584016095,-0.0020522084999860524,0.33333333333333331,-0.013498248502897948,-0.055992548169967939,,
ED_ADJ,sweep_52,1,13,late,14,14,0.02787974166064789,0.019185431847592915,0.056956800925558465,-0.013049581981350172,0.08034846625162928,0.5714285714285714,0.014207033040722952,0.013672708619924936,,
NQ_LOCAL_SNAPSHOT,breakout_1,-1,1,all,76,67,-0.0080728874355537449,-0.0013357851641107032,0.036298979087565277,-0.028017819015011547,0.018028634919912134,0.47761194029850745,-0.0033565265653142276,-0.0047163608702395169,,
NQ_LOCAL_SNAPSHOT,breakout_1,1,1,all,183,175,0.0022734261930284663,0.0031176433161543837,0.021681465719832482,-0.010417872009850337,0.0157416418859605,0.57714285714285718,0.0032594578177603615,-0.00098603162473189431,,
NQ_LOCAL_SNAPSHOT,fvg_raw,-1,1,all,28,27,-0.0010203700259531336,-0.0034363484276445089,0.038974601873735373,-0.019540096867307177,0.026650306711527572,0.44444444444444442,-0.003309241858781376,0.0022888718328282435,,
NQ_LOCAL_SNAPSHOT,sweep_1,1,1,all,70,66,0.0057028721537602306,0.011080080049308827,0.030003864390774591,-0.0079793472969230672,0.024508857763865743,0.66666666666666663,0.0032732410026711377,0.0024296311510890937,,
NQ_LOCAL_SNAPSHOT,sweep_1,-1,1,all,89,83,-0.0034243563308198775,-0.0050434717151568442,0.028078969535738411,-0.019657036389547744,0.01074077470542828,0.40963855421686746,-0.0032996994631858925,-0.00012465686763398609,,
NQ_LOCAL_SNAPSHOT,fvg_raw,1,1,all,92,86,0.0033296206616960553,0.0055689268726679675,0.021463998767195198,-0.0088481230207174688,0.016649782819458114,0.61627906976744184,0.0032654966324613785,6.4124029234678505e-05,,
NQ_LOCAL_SNAPSHOT,breakout_4,1,1,all,129,122,0.0029089681003488048,0.0027993234809924328,0.020110458371503742,-0.0097685260427055054,0.01547023711736184,0.57377049180327866,0.0032735360916556484,-0.00036456799130684281,,
NQ_LOCAL_SNAPSHOT,sweep_4,1,1,all,38,37,0.0050813035324262824,0.0076335877862594437,0.032344537384885928,-0.023818588098982074,0.022880010806794804,0.56756756756756754,0.0033145933373923573,0.0017667101950339247,,
NQ_LOCAL_SNAPSHOT,sweep_4,-1,1,all,83,80,-0.0021612923477862022,-0.0054879985786179253,0.027977802650456466,-0.019895749403737006,0.0091287391354124003,0.38750000000000001,-0.0033141919764965349,0.0011528996287103314,,
NQ_LOCAL_SNAPSHOT,breakout_4,-1,1,all,35,30,-0.021506074557708903,-0.015547818312196204,0.033828868542112082,-0.040776264469268353,0.0038089217768102479,0.33333333333333331,-0.0033290423296420068,-0.018177032228066898,,
NQ_LOCAL_SNAPSHOT,sweep_13,1,1,all,9,8,0.0059997752609527305,0.012143691787901867,0.028725074741085623,-0.015616097829424996,0.019716168907934206,0.625,0.0032844912702055876,0.0027152839907471429,,
NQ_LOCAL_SNAPSHOT,sweep_13,-1,1,all,41,39,-0.0038618264206222433,-0.0039768562561406373,0.024616918645257991,-0.019902428703375885,0.01074077470542828,0.41025641025641024,-0.0033397041216438853,-0.00052212229897835658,,
NQ_LOCAL_SNAPSHOT,breakout_13,1,1,all,62,58,0.00078984586201499743,0.00049046895898552378,0.021074218392169934,-0.0093829665933959083,0.012351823429372355,0.51724137931034486,0.003292172487349798,-0.0025023266253348005,,
NQ_LOCAL_SNAPSHOT,fvg_disp,1,1,all,31,29,0.0035393913310738418,0.0030213882483898225,0.019291046887225369,-0.0092153665288785547,0.013347412882787735,0.62068965517241381,0.003363863847362428,0.00017552748371141267,,
NQ_LOCAL_SNAPSHOT,sweep_fvg,1,1,all,12,10,-0.0087439036311543813,-0.010120435029419561,0.02165496281486233,-0.022070998089599975,-0.0011049728724852326,0.29999999999999999,0.0033290423296420081,-0.012072945960796388,,
NQ_LOCAL_SNAPSHOT,fvg_disp,-1,1,all,7,7,-0.015413951634491678,-0.015480873575691723,0.034653417124911767,-0.035245322837656134,0.0038665712540089103,0.2857142857142857,-0.0034223874065564134,-0.011991564227935266,,
NQ_LOCAL_SNAPSHOT,sweep_fvg,-1,1,all,4,4,-0.0087858973880843849,-0.0027421524269409803,0.042464278835552573,-0.028542379077617197,0.017014329262591832,0.5,-0.0033587430359329554,-0.0054271543521514296,,
NQ_LOCAL_SNAPSHOT,breakout_13,-1,1,all,6,5,-0.041754511059007272,-0.058787949284634156,0.029872288845262371,-0.064208128941835918,-0.015614763048700686,0,-0.0032696409170601139,-0.03848487014194716,,
NQ_LOCAL_SNAPSHOT,breakout_1,-1,1,early,44,37,-0.0074730645374569641,-0.0023719553090904011,0.037402081481059793,-0.024362298739673216,0.017609867732050755,0.45945945945945948,-0.0022941010767097113,-0.005178963460747252,,
NQ_LOCAL_SNAPSHOT,breakout_1,1,1,early,116,110,0.001437067232913991,0.0029728683136418521,0.01968896068640312,-0.0095928887437275734,0.015185482418701324,0.59090909090909094,0.0025279638786178302,-0.0010908966457038383,,
NQ_LOCAL_SNAPSHOT,fvg_raw,-1,1,early,17,17,0.0075735122696537092,0.0076604622355510577,0.041307688056751744,-0.014881932052459135,0.031625809435707697,0.58823529411764708,-0.0023742239592208811,0.0099477362288745898,,
NQ_LOCAL_SNAPSHOT,sweep_1,1,1,early,42,41,0.0086182392831244698,0.014381270903010002,0.02760444931493982,-0.0025959042399769094,0.024630541871921263,0.73170731707317072,0.0024941862129141566,0.0061240530702103141,,
NQ_LOCAL_SNAPSHOT,sweep_1,-1,1,early,54,48,-0.0012843332099017567,-0.0034907441562648245,0.029039006348478402,-0.018250065665343429,0.011058409951653164,0.47916666666666669,-0.0024598477025105166,0.0011755144926087584,,
NQ_LOCAL_SNAPSHOT,fvg_raw,1,1,early,57,52,0.0010972095362049401,0.003836275519543797,0.021007391874257462,-0.0090261616699402747,0.013906381828894088,0.59615384615384615,0.0025387770295530439,-0.0014415674933481021,,
NQ_LOCAL_SNAPSHOT,breakout_4,1,1,early,84,79,0.001969106867439137,0.0026742985830909838,0.017299184605710088,-0.0087242338513685569,0.013936693131445188,0.59493670886075944,0.0024637744191046262,-0.00049466755166548701,,
NQ_LOCAL_SNAPSHOT,sweep_4,1,1,early,23,23,0.0083258957830713125,0.01046250561293216,0.024092743008445935,-0.0051281832377639835,0.020319502986488436,0.65217391304347827,0.0023654357774434698,0.0059604600056278418,,
NQ_LOCAL_SNAPSHOT,sweep_4,-1,1,early,44,42,-0.00037335606421943596,-0.0025892455850502483,0.028893513153955733,-0.018814642597830333,0.010394996017793201,0.47619047619047616,-0.002476892241572856,0.0021035361773534189,,
NQ_LOCAL_SNAPSHOT,breakout_4,-1,1,early,18,15,-0.02951695601298061,-0.022426397945070065,0.031812231053591343,-0.048119421959575637,-0.00072522060129093235,0.26666666666666666,-0.0024550752315730608,-0.027061880781407546,,
NQ_LOCAL_SNAPSHOT,sweep_13,1,1,early,4,4,0.0095014156497598146,0.013147571363953392,0.015206030823476352,0.0029328181057790004,0.019716168907934206,0.75,0.0026268841853214443,0.0068745314644383711,,
NQ_LOCAL_SNAPSHOT,sweep_13,-1,1,early,22,21,-0.00013531735375952683,0.00015761062295593931,0.019472872052609873,-0.016601291651808792,0.010800382250590546,0.52380952380952384,-0.0023678071915738822,0.0022324898378143555,,
NQ_LOCAL_SNAPSHOT,breakout_13,1,1,early,38,35,0.00019558154952771403,0.00062421972534321135,0.017850935890284726,-0.0087242338513685569,0.011622897375791363,0.54285714285714282,0.0024550752315730612,-0.0022594936820453464,,
NQ_LOCAL_SNAPSHOT,fvg_disp,1,1,early,16,15,-0.00027006504741594237,0.0015984916796458748,0.019402448884261885,-0.010260383129640671,0.011622897375791363,0.59999999999999998,0.0023023561615744979,-0.0025724212089904396,,
NQ_LOCAL_SNAPSHOT,sweep_fvg,1,1,early,8,7,-0.006235704154056324,-0.010682266166465282,0.025530244271248045,-0.022256507536803805,0.0074729522812168048,0.42857142857142855,0.0022587221415749092,-0.0084944262956312307,,
NQ_LOCAL_SNAPSHOT,fvg_disp,-1,1,early,1,1,0.01116949093566233,0.01116949093566233,,0.01116949093566233,0.01116949093566233,1,-0.002913232441568749,0.014082723377231078,,
NQ_LOCAL_SNAPSHOT,sweep_fvg,-1,1,early,1,1,0.01116949093566233,0.01116949093566233,,0.01116949093566233,0.01116949093566233,1,-0.002913232441568749,0.014082723377231078,,
NQ_LOCAL_SNAPSHOT,breakout_13,-1,1,early,3,2,-0.041170064320460886,-0.041170064320460886,0.036140653649053681,-0.053947714956340986,-0.028392413684580786,0,-0.002913232441568749,-0.038256831878892131,,
NQ_LOCAL_SNAPSHOT,breakout_1,-1,1,late,32,30,-0.0088126690098731079,-0.00016811811393085963,0.035511995377681606,-0.035002539876503591,0.021876611292272058,0.5,-0.0043183415841608523,-0.0044943274257122539,,
NQ_LOCAL_SNAPSHOT,breakout_1,1,1,late,67,65,0.003688802894760655,0.0058472774336693067,0.024790807246712072,-0.012781046014989084,0.018690239363408745,0.55384615384615388,0.0043183415841608541,-0.0006295386894001996,,
NQ_LOCAL_SNAPSHOT,fvg_raw,-1,1,late,11,10,-0.015629969928484765,-0.015449855880257157,0.03127542872521645,-0.032620199632656388,-0.0052227825059268929,0.20000000000000001,-0.0043183415841608532,-0.01131162834432391,,
NQ_LOCAL_SNAPSHOT,sweep_1,1,1,late,28,25,0.00092167006160287718,0.0024922224011800775,0.033612296791158923,-0.030496655307333032,0.019859218635155829,0.56000000000000005,0.0043183415841608532,-0.0033966715225579765,,
NQ_LOCAL_SNAPSHOT,sweep_1,-1,1,late,34,34,-0.0051536529222904158,-0.0054879985786179253,0.026266021003760281,-0.019656312399356335,0.0055169048165644163,0.3235294117647059,-0.0043183415841608541,-0.00083531133812956182,,
NQ_LOCAL_SNAPSHOT,fvg_raw,1,1,late,35,34,0.0067438965006824669,0.0094738118561163986,0.022017514850728202,-0.0054625468574721614,0.018703418085789458,0.6470588235294118,0.0043183415841608541,0.0024255549165216124,,
NQ_LOCAL_SNAPSHOT,breakout_4,1,1,late,45,43,0.0046356899003456358,0.0058472774336693067,0.024589817945190631,-0.012523087397611377,0.018611003003114357,0.53488372093023251,0.0043183415841608541,0.00031734831618478144,,
NQ_LOCAL_SNAPSHOT,sweep_4,1,1,late,15,14,-0.00024909802220483634,-0.018565605347795333,0.043191921842659603,-0.034679624560228356,0.04556415889536175,0.42857142857142855,0.0043183415841608541,-0.0045674396063656942,,
NQ_LOCAL_SNAPSHOT,sweep_4,-1,1,late,39,38,-0.0041374324506757857,-0.00766820244453148,0.027176570615684445,-0.020003666905208439,0.0055169048165644163,0.28947368421052633,-0.004318341584160855,0.00018090913348506882,,
NQ_LOCAL_SNAPSHOT,breakout_4,-1,1,late,17,15,-0.013495193102437193,-0.0048208715379525202,0.034942706967604133,-0.037795683072211039,0.010449807002060663,0.40000000000000002,-0.0043183415841608532,-0.0091768515182763365,,
NQ_LOCAL_SNAPSHOT,sweep_13,1,1,late,5,4,0.0024981348721456464,-0.0061510613605843534,0.040760059816168689,-0.029602485802038919,0.025949559313600212,0.5,0.0043183415841608532,-0.0018202067120152085,,
NQ_LOCAL_SNAPSHOT,sweep_13,-1,1,late,19,18,-0.0082094203319620796,-0.011126656118744638,0.029517706032056189,-0.027356437118950139,0.0064440438828596291,0.27777777777777779,-0.0043183415841608523,-0.0038910787478012247,,
NQ_LOCAL_SNAPSHOT,breakout_13,1,1,late,24,23,0.0016941611201478201,-0.0014738393515106862,0.025628040805818573,-0.012867140777616748,0.016939585665282308,0.47826086956521741,0.0043183415841608515,-0.0026241804640130344,,
NQ_LOCAL_SNAPSHOT,fvg_disp,1,1,late,15,14,0.0076209517365986102,0.0094738118561163986,0.019011672808980615,-0.0044260198716655486,0.016952789590550132,0.6428571428571429,0.0043183415841608541,0.003302610152437757,,
NQ_LOCAL_SNAPSHOT,sweep_fvg,1,1,late,4,3,-0.014596369077716517,-0.0095586038923738403,0.0090245495065419991,-0.017286870352135497,-0.0093869852106261975,0,0.0043183415841608532,-0.01891471066187737,,
NQ_LOCAL_SNAPSHOT,fvg_disp,-1,1,late,6,6,-0.019844525396184014,-0.016067334682618006,0.035723092219379082,-0.044541086361712057,-0.0064474797146563123,0.16666666666666666,-0.0043183415841608541,-0.015526183812023158,,
NQ_LOCAL_SNAPSHOT,sweep_fvg,-1,1,late,3,3,-0.015437693495999957,-0.01665379578954429,0.049389716710745095,-0.040430962365690104,0.0089475242269180244,0.33333333333333331,-0.0043183415841608532,-0.011119351911839102,,
NQ_LOCAL_SNAPSHOT,breakout_13,-1,1,late,3,3,-0.042144142218038194,-0.058787949284634156,0.033631303304641882,-0.061498039113235037,-0.031112148856139332,0,-0.0043183415841608532,-0.037825800633877339,,
NQ_LOCAL_SNAPSHOT,breakout_1,-1,4,all,76,59,-0.019087477832463277,-0.025424264783387773,0.061512835713031615,-0.058862883565841906,0.021614944680736492,0.40677966101694918,-0.016299268495722701,-0.002788209336740584,,
NQ_LOCAL_SNAPSHOT,breakout_1,1,4,all,183,151,0.011105569764607718,0.01481725386894972,0.046182962157197298,-0.009595418824041968,0.039445078227472674,0.68211920529801329,0.015608441887916933,-0.0045028721233092098,,
NQ_LOCAL_SNAPSHOT,fvg_raw,-1,4,all,28,25,-0.01037667979171244,-0.025524008214623306,0.062140464356770175,-0.051296543304772513,0.021677859354883644,0.44,-0.015910320411677937,0.0055336406199654967,,
NQ_LOCAL_SNAPSHOT,sweep_1,1,4,all,70,57,0.02088338588070527,0.027276320990907932,0.05089843536406953,-0.0076159435954570309,0.044390953873712391,0.64912280701754388,0.015721347067586017,0.0051620388131192532,-0.006011285611940192,0.014474042494828419
NQ_LOCAL_SNAPSHOT,sweep_1,-1,4,all,89,70,-0.018087004494031073,-0.031195511600118464,0.050939829602831395,-0.055099812291314554,0.017576524163890633,0.32857142857142857,-0.015988374619020258,-0.002098629875010818,-0.014466044472144073,0.011976815412082944
NQ_LOCAL_SNAPSHOT,fvg_raw,1,4,all,92,74,0.012973207878708235,0.015303926863529438,0.044974692584858832,0.00022194137044859175,0.040677745213509864,0.7432432432432432,0.015629747179879885,-0.0026565393011716482,,
NQ_LOCAL_SNAPSHOT,breakout_4,1,4,all,129,104,0.0081991688454191337,0.011792384839142467,0.050106803863868725,-0.015853397384955031,0.036386714069211845,0.67307692307692313,0.015695671341486566,-0.0074965024960674375,,
NQ_LOCAL_SNAPSHOT,sweep_4,1,4,all,38,35,0.026103227398141336,0.039805465982978294,0.058784608668938559,-0.0067285046166832285,0.058345940293175858,0.7142857142857143,0.01593262161377575,0.010170605784365596,,
NQ_LOCAL_SNAPSHOT,sweep_4,-1,4,all,83,63,-0.01909939339166547,-0.025557498906864984,0.043257899025542113,-0.046671461257750679,0.0081173259240360229,0.26984126984126983,-0.016106075407869781,-0.0029933179837956974,,
NQ_LOCAL_SNAPSHOT,breakout_4,-1,4,all,35,26,-0.035461850375847231,-0.045541634912267481,0.071111206499825663,-0.079935437481272853,0.0033818282393415222,0.30769230769230771,-0.015958353770042441,-0.01950349660580479,,
NQ_LOCAL_SNAPSHOT,sweep_13,1,4,all,9,8,0.0090795192298007005,-0.0067285046166832285,0.049813163706565855,-0.020627305325371825,0.016015595921986953,0.25,0.01569567134148657,-0.0066161521116858708,,
NQ_LOCAL_SNAPSHOT,sweep_13,-1,4,all,41,33,-0.013751780987103165,-0.030151749276912776,0.045054903580905602,-0.042944848685298576,0.012891942085429431,0.30303030303030304,-0.016213076125005711,0.0024612951379025423,,
NQ_LOCAL_SNAPSHOT,breakout_13,1,4,all,62,49,0.0075824676052990356,0.010717904747057361,0.046307948881068657,-0.021273003545500546,0.032819085812497484,0.67346938775510201,0.015805186173216863,-0.0082227185679178243,,
NQ_LOCAL_SNAPSHOT,fvg_disp,1,4,all,31,27,0.016067109510057416,0.017301957289274306,0.037941619472193489,0.0072501534457509731,0.033061908924466921,0.81481481481481477,0.016147373930273119,-8.0264420215700618e-05,-0.014157618974043776,0.01319384579914085
NQ_LOCAL_SNAPSHOT,sweep_fvg,1,4,all,12,8,0.0046518340689397225,0.012394620047700422,0.049403854333042362,-0.014579049663270449,0.027184211872578079,0.625,0.01569567134148657,-0.011043837272546847,,
NQ_LOCAL_SNAPSHOT,fvg_disp,-1,4,all,7,7,-0.024639122014513033,-0.031341668513617416,0.055505906926851353,-0.047318103448371063,0.016886503928214558,0.42857142857142855,-0.016601657676709874,-0.0080374643378031563,,
NQ_LOCAL_SNAPSHOT,sweep_fvg,-1,4,all,4,4,-0.022483198926598641,-0.0048319045793668858,0.073159887027674231,-0.054007302541484947,0.026692199035519421,0.5,-0.016183510137376043,-0.0062996887892225999,,
NQ_LOCAL_SNAPSHOT,breakout_13,-1,4,all,6,5,-0.0313304329613159,-0.051296543304772513,0.086690793501017091,-0.10143073165057581,0.049210162335298846,0.40000000000000002,-0.015598103582308679,-0.015732329379007225,,
NQ_LOCAL_SNAPSHOT,breakout_1,-1,4,early,42,29,-0.0078404530489096375,-0.00057169760559583338,0.050184665024917537,-0.041368363082704418,0.028953577128582375,0.48275862068965519,-0.014262233113838507,0.0064217800649288741,,
NQ_LOCAL_SNAPSHOT,breakout_1,1,4,early,115,92,0.0075055133706988606,0.013935671084510881,0.043207166212313762,-0.0078108745321082973,0.036575299940336536,0.67391304347826086,0.013890540770782247,-0.0063850274000833897,,
NQ_LOCAL_SNAPSHOT,fvg_raw,-1,4,early,16,14,-0.015044058026483953,-0.012925200138384163,0.051721556316727785,-0.04566351662835938,0.019301026101070873,0.42857142857142855,-0.014037734062097598,-0.0010063239643863565,,
NQ_LOCAL_SNAPSHOT,sweep_1,1,4,early,42,36,0.027867043946567534,0.036253722001100441,0.04401182507090156,-0.00081308204821647911,0.052854133510879142,0.72222222222222221,0.014016032487095971,0.013851011459471563,,
NQ_LOCAL_SNAPSHOT,sweep_1,-1,4,early,54,38,-0.022331995819111279,-0.032057485269254893,0.046423049524024429,-0.052536763366680228,0.014353122507658717,0.31578947368421051,-0.014071999706836997,-0.008259996112274284,,
NQ_LOCAL_SNAPSHOT,fvg_raw,1,4,early,57,44,0.0074465734474158003,0.012023223565179708,0.0432377686355052,0.0021643906998263518,0.031871575005141206,0.75,0.013877931555267476,-0.006431358107851671,,
NQ_LOCAL_SNAPSHOT,breakout_4,1,4,early,84,67,0.0029112042514477139,0.011329463598853007,0.043449442809515237,-0.0095958913494411102,0.032244667366539748,0.67164179104477617,0.01401829981582749,-0.011107095564379776,,
NQ_LOCAL_SNAPSHOT,sweep_4,1,4,early,23,21,0.037237501025255769,0.042379247867780245,0.035158036793533402,0.019054976181279715,0.057307265201736346,0.8571428571428571,0.014124540362104079,0.023112960663151688,,
NQ_LOCAL_SNAPSHOT,sweep_4,-1,4,early,44,30,-0.021697607218111883,-0.023587711106407228,0.040696051224144596,-0.051036129130752228,0.012792655023047494,0.33333333333333331,-0.014046414692098242,-0.00765119252601364,,
NQ_LOCAL_SNAPSHOT,breakout_4,-1,4,early,17,11,-0.037403562266537842,-0.05467298952776134,0.063270125023027937,-0.087548995275316122,0.012947128950923925,0.36363636363636365,-0.013753640716621822,-0.023649921549916016,,
NQ_LOCAL_SNAPSHOT,sweep_13,1,4,early,4,4,0.036905439595679795,0.032667437452773618,0.058540187508747496,-0.0064408603875866499,0.076013737436040063,0.5,0.013712210437073271,0.023193229158606523,,
NQ_LOCAL_SNAPSHOT,sweep_13,-1,4,early,22,16,-0.012667801769442599,-0.028464451545729408,0.035661089566025782,-0.039545560469782748,0.013379002226172526,0.375,-0.014167943512107326,0.0015001417426647248,,
NQ_LOCAL_SNAPSHOT,breakout_13,1,4,early,38,30,0.00043640715148947812,0.0098314020833163429,0.034499390664266695,-0.017725044169828175,0.028961192059357599,0.66666666666666663,0.014046414692098242,-0.013610007540608765,,
NQ_LOCAL_SNAPSHOT,fvg_disp,1,4,early,16,15,0.005801897339852243,0.011257928118393323,0.037992230159815489,0.0024989215712706847,0.021839015307812404,0.73333333333333328,0.014228707922111868,-0.0084268105822596258,,
NQ_LOCAL_SNAPSHOT,sweep_fvg,1,4,early,8,7,0.0035917737125176208,0.012716983531506409,0.053263898022026204,-0.02840881603230061,0.029489859859200496,0.5714285714285714,0.014298152962117058,-0.010706379249599437,,
NQ_LOCAL_SNAPSHOT,fvg_disp,-1,4,early,1,1,0.021677859354883644,0.021677859354883644,,0.021677859354883644,0.021677859354883644,1,-0.013256477362039215,0.034934336716922858,,
NQ_LOCAL_SNAPSHOT,sweep_fvg,-1,4,early,1,1,0.021677859354883644,0.021677859354883644,,0.021677859354883644,0.021677859354883644,1,-0.013256477362039215,0.034934336716922858,,
NQ_LOCAL_SNAPSHOT,breakout_13,-1,4,early,3,2,0.059039657386928179,0.059039657386928179,0.013901005213293429,0.054124909861113513,0.063954404912742846,1,-0.013256477362039215,0.0722961347489674,,
NQ_LOCAL_SNAPSHOT,breakout_1,-1,4,late,32,28,-0.028944369329781339,-0.042169929391037253,0.072160748215330001,-0.078598832232281812,0.015902858854791618,0.35714285714285715,-0.017445073120533616,-0.011499296209247722,,
NQ_LOCAL_SNAPSHOT,breakout_1,1,4,late,67,58,0.016586490028407438,0.014343812517890631,0.050771901467083588,-0.010779296978064956,0.049404094524786113,0.68965517241379315,0.017445073120533613,-0.0008585830921261754,,
NQ_LOCAL_SNAPSHOT,fvg_raw,-1,4,late,11,10,0.0014121265257653003,-0.0096232600060359719,0.077058599173444056,-0.049307323376571788,0.042733283354999207,0.5,-0.017445073120533616,0.018857199646298915,,
NQ_LOCAL_SNAPSHOT,sweep_1,1,4,late,28,21,0.0089114006249413763,0.012955036175612777,0.060213928628894652,-0.03068935144406848,0.035845536269576428,0.52380952380952384,0.017445073120533616,-0.0085336724955922399,,
NQ_LOCAL_SNAPSHOT,sweep_1,-1,4,late,34,31,-0.0096702994760311956,-0.017301957289274306,0.053698066606804436,-0.054407387073604041,0.030081383868050482,0.35483870967741937,-0.017445073120533609,0.0077747736445024206,,
NQ_LOCAL_SNAPSHOT,fvg_raw,1,4,late,35,30,0.021078938377937138,0.028873417352967556,0.046961124559846364,0.00053139667317855799,0.055254218629496532,0.73333333333333328,0.017445073120533613,0.0036338652574035234,,
NQ_LOCAL_SNAPSHOT,breakout_4,1,4,late,45,37,0.01777467229936738,0.01918569729233166,0.059799863758453302,-0.017198619337793541,0.059262642329558801,0.67567567567567566,0.017445073120533609,0.00032959917883376336,,
NQ_LOCAL_SNAPSHOT,sweep_4,1,4,late,15,14,0.009401816957469682,0.00053564044710696646,0.081458410223376215,-0.036370693720287034,0.070497857135879693,0.5,0.017445073120533616,-0.0080432561630639342,,
NQ_LOCAL_SNAPSHOT,sweep_4,-1,4,late,39,33,-0.016737380822168735,-0.025557498906864984,0.045962525668476889,-0.042993220629880646,-0.0095758196332744738,0.21212121212121213,-0.017445073120533616,0.00070769229836488217,,
NQ_LOCAL_SNAPSHOT,breakout_4,-1,4,late,17,14,-0.031974819797173079,-0.042169929391037253,0.081061833716288056,-0.056627222804438493,-0.0071768291410492513,0.2857142857142857,-0.017445073120533616,-0.014529746676639461,,
NQ_LOCAL_SNAPSHOT,sweep_13,1,4,late,5,4,-0.018746401136078394,-0.016186134575206679,0.017265992923045734,-0.025641645006007602,-0.0092908907052774714,0,0.017445073120533616,-0.036191474256612011,,
NQ_LOCAL_SNAPSHOT,sweep_13,-1,4,late,19,17,-0.014771996721371932,-0.031696762582654303,0.053529212048658521,-0.042944848685298576,-0.013384180612898922,0.23529411764705882,-0.017445073120533616,0.0026730763991616837,,
NQ_LOCAL_SNAPSHOT,breakout_13,1,4,late,24,19,0.018865720953419388,0.01918569729233166,0.059844944914592239,-0.02680461084199931,0.067540961200857841,0.68421052631578949,0.017445073120533616,0.001420647832885772,,
NQ_LOCAL_SNAPSHOT,fvg_disp,1,4,late,15,12,0.028898624722813886,0.032244453934592299,0.035245377326691175,0.013529132332921245,0.048299685675436188,0.91666666666666663,0.017445073120533616,0.011453551602280268,,
NQ_LOCAL_SNAPSHOT,sweep_fvg,1,4,late,4,1,0.012072256563894435,0.012072256563894435,,0.012072256563894435,0.012072256563894435,1,0.017445073120533616,-0.0053728165566391817,,
NQ_LOCAL_SNAPSHOT,fvg_disp,-1,4,late,6,6,-0.032358618909412475,-0.037340666052793514,0.056537823915673469,-0.049307323376571788,0.00123594424775475,0.33333333333333331,-0.017445073120533616,-0.01491354578887886,,
NQ_LOCAL_SNAPSHOT,sweep_fvg,-1,4,late,3,3,-0.037203551687092738,-0.031341668513617416,0.08202695223213384,-0.076672936569352479,0.0051967747819046672,0.33333333333333331,-0.017445073120533616,-0.019758478566559119,,
NQ_LOCAL_SNAPSHOT,breakout_13,-1,4,late,3,3,-0.091577159860145294,-0.10143073165057581,0.036369121519758622,-0.11171746813783168,-0.076363637477674162,0,-0.017445073120533616,-0.074132086739611677,,
NQ_LOCAL_SNAPSHOT,breakout_1,-1,13,all,76,35,-0.073384619937887183,-0.067806995815026694,0.081020026227197256,-0.10867134752943863,-0.034101082951101591,0.14285714285714285,-0.06543375422824653,-0.0079508657096406445,,
NQ_LOCAL_SNAPSHOT,breakout_1,1,13,all,183,86,0.042796677185324233,0.044886158082629413,0.072492122712165985,0.005233929865261,0.082644454546665469,0.80232558139534882,0.061011899231621869,-0.018215222046297615,,
NQ_LOCAL_SNAPSHOT,fvg_raw,-1,13,all,28,12,-0.076225607770552165,-0.076875944856080181,0.043285687013988043,-0.099721578795757604,-0.06529224803303274,0.083333333333333329,-0.062779518932049236,-0.013446088838502937,,
NQ_LOCAL_SNAPSHOT,sweep_1,1,13,all,70,33,0.085826062224862609,0.09732264999022866,0.083929186677969045,0.068524756137925635,0.11927690488258147,0.84848484848484851,0.057917076860503215,0.027908985364359398,,
NQ_LOCAL_SNAPSHOT,sweep_1,-1,13,all,89,50,-0.073402899251202941,-0.078357165632435666,0.082464353488428871,-0.11372186079308971,-0.043483645545546457,0.16,-0.061766083637137523,-0.011636815614065391,,
NQ_LOCAL_SNAPSHOT,fvg_raw,1,13,all,92,45,0.035582922237173194,0.036860185503263532,0.059668158767356837,0.010972343240713833,0.064260368152583736,0.82222222222222219,0.060715113701673547,-0.02513219146450036,,
NQ_LOCAL_SNAPSHOT,breakout_4,1,13,all,129,65,0.039922221514185861,0.039792992516959336,0.076132683255580202,0.0020760140530182714,0.081521613832852946,0.76923076923076927,0.06290944653396098,-0.022987225019775123,,
NQ_LOCAL_SNAPSHOT,sweep_4,1,13,all,38,20,0.10432510197477465,0.10249531324466965,0.0901712627835871,0.058240966325272203,0.16618158021689244,0.90000000000000002,0.059401401282343579,0.044923700692431082,,
NQ_LOCAL_SNAPSHOT,sweep_4,-1,13,all,83,39,-0.063867159537256565,-0.064260368152583736,0.066597367185537604,-0.10399854704260159,-0.032034405597335058,0.15384615384615385,-0.062562972928862967,-0.0013041866083935805,,
NQ_LOCAL_SNAPSHOT,breakout_4,-1,13,all,35,12,-0.086920130966533171,-0.076017417040669777,0.081277766906808241,-0.089860112360762745,-0.058757836667351682,0.16666666666666666,-0.062779518932049236,-0.024140612034483932,,
NQ_LOCAL_SNAPSHOT,sweep_13,1,13,all,9,2,0.056441091415446787,0.056441091415446787,0.11968299488266257,0.014126762778324004,0.09875542005256957,0.5,0.071224813056313355,-0.014783721640866568,,
NQ_LOCAL_SNAPSHOT,sweep_13,-1,13,all,41,21,-0.042324223089260947,-0.056626369536016519,0.06656479100382591,-0.082953736065329409,-0.025529627028105129,0.23809523809523808,-0.064790303247350203,0.022466080158089256,,
NQ_LOCAL_SNAPSHOT,breakout_13,1,13,all,62,28,0.019546901815571793,0.020365914021003517,0.0536595861736694,0.0014093486601545469,0.050294333593464802,0.75,0.066398930699590991,-0.046852028884019195,,
NQ_LOCAL_SNAPSHOT,fvg_disp,1,13,all,31,13,0.011640361185759302,0.018131428108662639,0.04680706284135009,-0.00059064751843662666,0.042109659120569409,0.69230769230769229,0.066027708979843114,-0.054387347794083822,,
NQ_LOCAL_SNAPSHOT,sweep_fvg,1,13,all,12,5,0.011995422546486089,0.022600399933344395,0.064347603831354239,0.0020760140530182714,0.055721996789158901,0.80000000000000004,0.057712342457490753,-0.045716919911004662,,
NQ_LOCAL_SNAPSHOT,fvg_disp,-1,13,all,7,3,-0.095178348728919726,-0.076658301682040131,0.039988771507231353,-0.10886402518586624,-0.072232648748533412,0,-0.071224813056313355,-0.023953535672606371,,
NQ_LOCAL_SNAPSHOT,sweep_fvg,-1,13,all,4,1,-0.067806995815026694,-0.067806995815026694,,-0.067806995815026694,-0.067806995815026694,0,-0.071224813056313355,0.0034178172412866609,,
NQ_LOCAL_SNAPSHOT,breakout_13,-1,13,all,6,0,,,,,,,,,,
NQ_LOCAL_SNAPSHOT,breakout_1,-1,13,early,38,12,-0.044308708814087466,-0.067936411406243624,0.071092199474705187,-0.088574245442412713,-0.028687721827038715,0.16666666666666666,-0.062038982890995742,0.017730274076908279,,
NQ_LOCAL_SNAPSHOT,breakout_1,1,13,early,114,45,0.047237953235217983,0.043184539079869966,0.068448673757550912,0.010972343240713833,0.081521613832852946,0.84444444444444444,0.058213040128280796,-0.010975086893062824,,
NQ_LOCAL_SNAPSHOT,fvg_raw,-1,13,early,15,5,-0.08209465842875345,-0.087788974510966122,0.043194775115040517,-0.10383616959907704,-0.07709358803012023,0,-0.057119913624647967,-0.024974744804105484,,
NQ_LOCAL_SNAPSHOT,sweep_1,1,13,early,41,21,0.074475127180784667,0.094274580335731439,0.056068350745006941,0.071587162753145472,0.10211586901763225,0.90476190476190477,0.056182948050105548,0.018292179130679136,,
NQ_LOCAL_SNAPSHOT,sweep_1,-1,13,early,53,27,-0.076017938771512472,-0.077289149605687335,0.080919185052338985,-0.11112950606144056,-0.048265235525509542,0.07407407407407407,-0.061128044137968386,-0.014889894633544107,,
NQ_LOCAL_SNAPSHOT,fvg_raw,1,13,early,57,22,0.030115270369274579,0.0341526995387329,0.042166869716935,0.0066331273039543781,0.061699535342765843,0.81818181818181823,0.055331161164157878,-0.025215890794883289,,
NQ_LOCAL_SNAPSHOT,breakout_4,1,13,early,84,37,0.049412934725639172,0.039792992516959336,0.066907976074589315,0.0051867219917012264,0.081521613832852946,0.83783783783783783,0.065362678341230704,-0.015949743615591563,,
NQ_LOCAL_SNAPSHOT,sweep_4,1,13,early,22,10,0.084891020910853682,0.074673003745936439,0.040810983836796572,0.059114044673156008,0.10316574142187335,1,0.052200844358300191,0.032690176552553483,,
NQ_LOCAL_SNAPSHOT,sweep_4,-1,13,early,44,21,-0.060892768606636269,-0.059967260214478957,0.062460688217113994,-0.082953736065329409,-0.031635365375397573,0.14285714285714285,-0.063210189859173802,0.0023174212525375135,,
NQ_LOCAL_SNAPSHOT,breakout_4,-1,13,early,17,4,-0.078297503118617495,-0.081582753455132773,0.014456358458780011,-0.088574245442412713,-0.071306011131337554,0,-0.049741309725126304,-0.028556193393491195,,
NQ_LOCAL_SNAPSHOT,sweep_13,1,13,early,4,0,,,,,,,,,,
NQ_LOCAL_SNAPSHOT,sweep_13,-1,13,early,22,12,-0.051024913318570571,-0.059905120126449329,0.05060257697254314,-0.083254021092179498,-0.046350370587238288,0.16666666666666666,-0.070237431668242034,0.019212518349671467,,
NQ_LOCAL_SNAPSHOT,breakout_13,1,13,early,38,14,0.016367084176821551,0.01901162214840002,0.043135994370954327,0.0022198095790949557,0.037769912600686795,0.7857142857142857,0.072579845604598112,-0.056212761427776578,,
NQ_LOCAL_SNAPSHOT,fvg_disp,1,13,early,16,6,0.0014751984027560245,0.0036313680223597489,0.053275059919376214,7.6017874427097842e-05,0.018246980447933603,0.66666666666666663,0.070237431668242034,-0.068762233265486014,,
NQ_LOCAL_SNAPSHOT,sweep_fvg,1,13,early,8,4,0.001063778985817887,0.012338206993181333,0.068732427709676427,-0.021499739525391359,0.034901725504390579,0.75,0.062038982890995742,-0.060975203905177855,,
NQ_LOCAL_SNAPSHOT,fvg_disp,-1,13,early,1,0,,,,,,,,,,
NQ_LOCAL_SNAPSHOT,sweep_fvg,-1,13,early,1,0,,,,,,,,,,
NQ_LOCAL_SNAPSHOT,breakout_13,-1,13,early,3,0,,,,,,,,,,
NQ_LOCAL_SNAPSHOT,breakout_1,-1,13,late,32,18,-0.098254137059782254,-0.083080882708736481,0.090741640464585896,-0.16883620606287308,-0.034301596668232293,0.16666666666666666,-0.068285846572751108,-0.029968290487031164,,
NQ_LOCAL_SNAPSHOT,breakout_1,1,13,late,67,39,0.041760331521190665,0.052069497551485933,0.077067604017283062,0.01130839292739938,0.087653328711660206,0.79487179487179482,0.068285846572751066,-0.026525515051560429,,
NQ_LOCAL_SNAPSHOT,fvg_raw,-1,13,late,11,5,-0.069627189577564683,-0.075069729631238813,0.054603494000191086,-0.076658301682040131,-0.067806995815026694,0.20000000000000001,-0.068285846572751094,-0.0013413430048135916,,
NQ_LOCAL_SNAPSHOT,sweep_1,1,13,late,28,11,0.10445504343103697,0.14106974868969235,0.1244572872367648,0.032009725273894951,0.1863018862944763,0.72727272727272729,0.06828584657275108,0.03616919685828586,,
NQ_LOCAL_SNAPSHOT,sweep_1,-1,13,late,34,21,-0.080887286932286376,-0.085455879318645511,0.082331552781047909,-0.13655481393435132,-0.045149671452908269,0.19047619047619047,-0.068285846572751108,-0.01260144035953528,,
NQ_LOCAL_SNAPSHOT,fvg_raw,1,13,late,35,23,0.040812850110815355,0.042109659120569409,0.07324522524095263,0.014292616785435919,0.06755949540075401,0.82608695652173914,0.068285846572751122,-0.027472996461935743,,
NQ_LOCAL_SNAPSHOT,breakout_4,1,13,late,45,28,0.027380921913336853,0.036839124528442846,0.086508146890259138,-0.021562936636160435,0.080115980990344116,0.6785714285714286,0.068285846572751094,-0.040904924659414248,,
NQ_LOCAL_SNAPSHOT,sweep_4,1,13,late,15,9,0.12425721394493053,0.16831456422817648,0.12841361645367885,0.031730530497392939,0.22482657136850959,0.77777777777777779,0.068285846572751094,0.055971367372179434,,
NQ_LOCAL_SNAPSHOT,sweep_4,-1,13,late,39,18,-0.067337282289646874,-0.081123183345465977,0.072804599076828097,-0.12256161187920411,-0.037721748394260957,0.16666666666666666,-0.068285846572751108,0.00094856428310422349,,
NQ_LOCAL_SNAPSHOT,breakout_4,-1,13,late,17,7,-0.096014793490982436,-0.076658301682040131,0.10825315116779875,-0.15452048295924004,-0.027669083942426065,0.2857142857142857,-0.068285846572751094,-0.027728946918231339,,
NQ_LOCAL_SNAPSHOT,sweep_13,1,13,late,5,2,0.056441091415446787,0.056441091415446787,0.11968299488266257,0.014126762778324004,0.09875542005256957,0.5,0.068285846572751094,-0.011844755157304307,,
NQ_LOCAL_SNAPSHOT,sweep_13,-1,13,late,19,9,-0.030723302783514785,-0.033207075035135203,0.085389506802444309,-0.0567619527876706,0.0061587896639443418,0.33333333333333331,-0.068285846572751094,0.037562543789236319,,
NQ_LOCAL_SNAPSHOT,breakout_13,1,13,late,24,14,0.022726719454322038,0.024850009022489461,0.064013270994279808,-0.012833684899039188,0.064757348460626363,0.7142857142857143,0.06828584657275108,-0.045559127118429056,,
NQ_LOCAL_SNAPSHOT,fvg_disp,1,13,late,15,7,0.02035335785690497,0.033207075035135203,0.042716616890803423,0.0031865849626069309,0.048915827954864155,0.7142857142857143,0.068285846572751094,-0.047932488715846135,,
NQ_LOCAL_SNAPSHOT,sweep_fvg,1,13,late,4,1,0.055721996789158901,0.055721996789158901,,0.055721996789158901,0.055721996789158901,1,0.068285846572751094,-0.012563849783592193,,
NQ_LOCAL_SNAPSHOT,fvg_disp,-1,13,late,6,3,-0.095178348728919726,-0.076658301682040131,0.039988771507231353,-0.10886402518586624,-0.072232648748533412,0,-0.068285846572751094,-0.026892502156168632,,
NQ_LOCAL_SNAPSHOT,sweep_fvg,-1,13,late,3,1,-0.067806995815026694,-0.067806995815026694,,-0.067806995815026694,-0.067806995815026694,0,-0.068285846572751094,0.0004788507577244,,
NQ_LOCAL_SNAPSHOT,breakout_13,-1,13,late,3,0,,,,,,,,,,
NQ_LOCAL_FIXED,breakout_1,-1,1,all,76,67,-0.0080728874355537449,-0.0013357851641107032,0.036298979087565277,-0.028017819015011547,0.018028634919912134,0.47761194029850745,-0.0034109134366998497,-0.0046619739988538944,,
NQ_LOCAL_FIXED,breakout_1,1,1,all,182,173,0.0023857545053127421,0.0031176433161543837,0.021699104409580044,-0.010253845191946942,0.015802899272071125,0.5780346820809249,0.0032987194551385027,-0.00091296494982576095,,
NQ_LOCAL_FIXED,fvg_raw,-1,1,all,28,27,-0.0010203700259531336,-0.0034363484276445089,0.038974601873735373,-0.019540096867307177,0.026650306711527572,0.44444444444444442,-0.0033578274638858653,0.0023374574379327311,,
NQ_LOCAL_FIXED,sweep_1,1,1,all,68,65,0.0057522667653383862,0.011422503941568296,0.03023465655141987,-0.0080856423173804037,0.024630541871921263,0.66153846153846152,0.0033133679616541537,0.0024388988036842326,,
NQ_LOCAL_FIXED,sweep_1,-1,1,all,89,83,-0.0034243563308198775,-0.0050434717151568442,0.028078969535738411,-0.019657036389547744,0.01074077470542828,0.40963855421686746,-0.0033471143308179824,-7.7242000001893983e-05,,
NQ_LOCAL_FIXED,fvg_raw,1,1,all,91,85,0.0036630883966795049,0.0056150858640213741,0.021366110884421495,-0.0088243279934835384,0.017058880652575104,0.62352941176470589,0.0033055221671426734,0.00035756622953682973,,
NQ_LOCAL_FIXED,breakout_4,1,1,all,128,121,0.0031397458268962921,0.0029243483788938818,0.020031203772438087,-0.0095586038923738403,0.015486153049780071,0.57851239669421484,0.0033155725650706024,-0.00017582673817431027,,
NQ_LOCAL_FIXED,sweep_4,1,1,all,38,37,0.0050813035324262824,0.0076335877862594437,0.032344537384885928,-0.023818588098982074,0.022880010806794804,0.56756756756756754,0.0033638355047279881,0.0017174680276982946,,
NQ_LOCAL_FIXED,sweep_4,-1,1,all,82,79,-0.0021438544091090714,-0.0064682776876441306,0.028156138842930514,-0.019949708154472723,0.0092646536203998542,0.39240506329113922,-0.0033606413564321747,0.001216786947323105,,
NQ_LOCAL_FIXED,breakout_4,-1,1,all,35,30,-0.021506074557708903,-0.015547818312196204,0.033828868542112082,-0.040776264469268353,0.0038089217768102479,0.33333333333333331,-0.0033800572150017214,-0.01812601734270718,,
NQ_LOCAL_FIXED,sweep_13,1,1,all,9,8,0.0059997752609527305,0.012143691787901867,0.028725074741085623,-0.015616097829424996,0.019716168907934206,0.625,0.0033300402749910449,0.0026697349859616847,,
NQ_LOCAL_FIXED,sweep_13,-1,1,all,41,39,-0.0038618264206222433,-0.0039768562561406373,0.024616918645257991,-0.019902428703375885,0.01074077470542828,0.41025641025641024,-0.003392027080987182,-0.00046979933963506196,,
NQ_LOCAL_FIXED,breakout_13,1,1,all,62,58,0.00078984586201499743,0.00049046895898552378,0.021074218392169934,-0.0093829665933959083,0.012351823429372355,0.51724137931034486,0.0033386638853377141,-0.0025488180233227162,,
NQ_LOCAL_FIXED,fvg_disp,1,1,all,30,28,0.0045591959076085199,0.0053624729147533357,0.018832167716333292,-0.0089458826545662229,0.013847410834026963,0.6428571428571429,0.0034134018416755044,0.0011457940659330152,,
NQ_LOCAL_FIXED,sweep_fvg,1,1,all,11,9,-0.0069359888332940732,-0.0095586038923738403,0.022153630340614121,-0.013238581922708437,0.0015984916796458748,0.33333333333333331,0.0033578274638858649,-0.010293816297179938,,
NQ_LOCAL_FIXED,fvg_disp,-1,1,all,7,7,-0.015413951634491678,-0.015480873575691723,0.034653417124911767,-0.035245322837656134,0.0038665712540089103,0.2857142857142857,-0.0034848546131193273,-0.011929097021372351,,
NQ_LOCAL_FIXED,sweep_fvg,-1,1,all,4,4,-0.0087858973880843849,-0.0027421524269409803,0.042464278835552573,-0.028542379077617197,0.017014329262591832,0.5,-0.0034134018416755044,-0.0053724955464088796,,
NQ_LOCAL_FIXED,breakout_13,-1,1,all,6,5,-0.041754511059007272,-0.058787949284634156,0.029872288845262371,-0.064208128941835918,-0.015614763048700686,0,-0.0033133679616541532,-0.038441143097353116,,
NQ_LOCAL_FIXED,breakout_1,-1,1,early,42,35,-0.0071430902341345845,-0.0023719553090904011,0.035628644046043358,-0.023748999942922788,0.015308464823489631,0.45714285714285713,-0.0024219006070400652,-0.0047211896270945176,,
NQ_LOCAL_FIXED,breakout_1,1,1,early,115,109,0.0018451563990141136,0.0030213882483898225,0.019306887565179631,-0.0088560546964621123,0.015348288075560879,0.59633027522935778,0.0025976982359081258,-0.00075254183689401277,,
NQ_LOCAL_FIXED,fvg_raw,-1,1,early,16,16,0.012606782501171789,0.0094149765856066936,0.0368875818062704,-0.0077824127240702645,0.032560502060134777,0.625,-0.0024952591795565004,0.01510204168072829,,
NQ_LOCAL_FIXED,sweep_1,1,1,early,42,41,0.0086182392831244698,0.014381270903010002,0.02760444931493982,-0.0025959042399769094,0.024630541871921263,0.73170731707317072,0.0025637077625341167,0.006054531520590354,,
NQ_LOCAL_FIXED,sweep_1,-1,1,early,54,48,-0.0012843332099017567,-0.0034907441562648245,0.029039006348478402,-0.018250065665343429,0.011058409951653164,0.47916666666666669,-0.0025350661568910009,0.0012507329469892429,,
NQ_LOCAL_FIXED,fvg_raw,1,1,early,57,52,0.0010972095362049401,0.003836275519543797,0.021007391874257462,-0.0090261616699402747,0.013906381828894088,0.59615384615384615,0.002600900773251905,-0.0015036912370469636,,
NQ_LOCAL_FIXED,breakout_4,1,1,early,84,79,0.001969106867439137,0.0026742985830909838,0.017299184605710088,-0.0087242338513685569,0.013936693131445188,0.59493670886075944,0.0025383414145197895,-0.00056923454708065059,,
NQ_LOCAL_FIXED,sweep_4,1,1,early,23,23,0.0083258957830713125,0.01046250561293216,0.024092743008445935,-0.0051281832377639835,0.020319502986488436,0.65217391304347827,0.0024563175712944891,0.0058695782117768212,,
NQ_LOCAL_FIXED,sweep_4,-1,1,early,44,42,-0.00037335606421943596,-0.0025892455850502483,0.028893513153955733,-0.018814642597830333,0.010394996017793201,0.47619047619047616,-0.002549282934510465,0.0021759268702910275,,
NQ_LOCAL_FIXED,breakout_4,-1,1,early,17,14,-0.026413966340005257,-0.01990232147843507,0.030566772046273335,-0.040776264469268353,-0.00013196969636705691,0.2857142857142857,-0.0025720297787016075,-0.023841936561303654,,
NQ_LOCAL_FIXED,sweep_13,1,1,early,4,4,0.0095014156497598146,0.013147571363953392,0.015206030823476352,0.0029328181057790004,0.019716168907934206,0.75,0.0026743905775617502,0.0068270250721980648,,
NQ_LOCAL_FIXED,sweep_13,-1,1,early,22,21,-0.00013531735375952683,0.00015761062295593931,0.019472872052609873,-0.016601291651808792,0.010800382250590546,0.52380952380952384,-0.002458295557745893,0.0023229782039863667,,
NQ_LOCAL_FIXED,breakout_13,1,1,early,38,35,0.00019558154952771403,0.00062421972534321135,0.017850935890284726,-0.0087242338513685569,0.011622897375791363,0.54285714285714282,0.0025310854591575503,-0.0023355039096298355,,
NQ_LOCAL_FIXED,fvg_disp,1,1,early,16,15,-0.00027006504741594237,0.0015984916796458748,0.019402448884261885,-0.010260383129640671,0.011622897375791363,0.59999999999999998,0.0024037031316871504,-0.0026737681791030913,,
NQ_LOCAL_FIXED,sweep_fvg,1,1,early,8,7,-0.006235704154056324,-0.010682266166465282,0.025530244271248045,-0.022256507536803805,0.0074729522812168048,0.42857142857142855,0.0023673081809813226,-0.0086030123350376436,,
NQ_LOCAL_FIXED,fvg_disp,-1,1,early,1,1,0.01116949093566233,0.01116949093566233,,0.01116949093566233,0.01116949093566233,1,-0.002913232441568749,0.014082723377231078,,
NQ_LOCAL_FIXED,sweep_fvg,-1,1,early,1,1,0.01116949093566233,0.01116949093566233,,0.01116949093566233,0.01116949093566233,1,-0.002913232441568749,0.014082723377231078,,
NQ_LOCAL_FIXED,breakout_13,-1,1,early,3,2,-0.041170064320460886,-0.041170064320460886,0.036140653649053681,-0.053947714956340986,-0.028392413684580786,0,-0.002913232441568749,-0.038256831878892131,,
NQ_LOCAL_FIXED,breakout_1,-1,1,late,33,31,-0.010881899410671898,-0.0010251239391647626,0.036766808897613308,-0.037795683072211039,0.019934634485562042,0.4838709677419355,-0.0047750926796474779,-0.0061068067310244192,,
NQ_LOCAL_FIXED,breakout_1,1,1,late,67,64,0.0033064606551025943,0.0046627052545001879,0.025399240425252975,-0.013201853503109068,0.019424974230398184,0.546875,0.0047750926796474779,-0.0014686320245448836,,
NQ_LOCAL_FIXED,fvg_raw,-1,1,late,12,11,-0.020841682792680293,-0.015480873575691723,0.03433829725712266,-0.045889592066397533,-0.0070092165842092768,0.18181818181818182,-0.0047750926796474779,-0.016066590113032811,,
NQ_LOCAL_FIXED,sweep_1,1,1,late,26,24,0.00085623038078716052,0.0027926386945329451,0.034333597743794381,-0.030810656308017409,0.022251527193341392,0.54166666666666663,0.0047750926796474771,-0.0039188622988603171,,
NQ_LOCAL_FIXED,sweep_1,-1,1,late,35,35,-0.0063592451823647287,-0.0064682776876441306,0.026841822102882554,-0.020227882083017068,0.0038121860287362308,0.31428571428571428,-0.0047750926796474779,-0.0015841525027172506,,
NQ_LOCAL_FIXED,fvg_raw,1,1,late,34,33,0.0077062914495485161,0.010333043495844629,0.02162047695218353,-0.0054100800450505027,0.018707810993249696,0.66666666666666663,0.0047750926796474771,0.0029311987699010373,,
NQ_LOCAL_FIXED,breakout_4,1,1,late,44,42,0.0053416619649228458,0.006584548337441265,0.024442855196375436,-0.01032607509390876,0.018650621183261551,0.54761904761904767,0.0047750926796474779,0.00056656928527536751,,
NQ_LOCAL_FIXED,sweep_4,1,1,late,15,14,-0.00024909802220483634,-0.018565605347795333,0.043191921842659603,-0.034679624560228356,0.04556415889536175,0.42857142857142855,0.0047750926796474779,-0.005024190701852318,,
NQ_LOCAL_FIXED,sweep_4,-1,1,late,38,37,-0.0041536092870919005,-0.0088681272014188295,0.027551252093795948,-0.020057625655944156,0.0072216236043926019,0.29729729729729731,-0.0047750926796474779,0.00062148339255557663,,
NQ_LOCAL_FIXED,breakout_4,-1,1,late,18,16,-0.017211669248199592,-0.010119854861387556,0.036886154194782382,-0.043153738006428854,0.0076493700670199893,0.375,-0.0047750926796474771,-0.012436576568552115,,
NQ_LOCAL_FIXED,sweep_13,1,1,late,5,4,0.0024981348721456464,-0.0061510613605843534,0.040760059816168689,-0.029602485802038919,0.025949559313600212,0.5,0.0047750926796474771,-0.0022769578075018324,,
NQ_LOCAL_FIXED,sweep_13,-1,1,late,19,18,-0.0082094203319620796,-0.011126656118744638,0.029517706032056189,-0.027356437118950139,0.0064440438828596291,0.27777777777777779,-0.0047750926796474762,-0.0034343276523146008,,
NQ_LOCAL_FIXED,breakout_13,1,1,late,24,23,0.0016941611201478201,-0.0014738393515106862,0.025628040805818573,-0.012867140777616748,0.016939585665282308,0.47826086956521741,0.0047750926796474753,-0.0030809315594996583,,
NQ_LOCAL_FIXED,fvg_disp,1,1,late,14,13,0.010131420086482899,0.010333043495844629,0.017203977243247785,-0.0014738393515106862,0.017487917891485294,0.69230769230769229,0.0047750926796474779,0.0053563274068354223,,
NQ_LOCAL_FIXED,sweep_fvg,1,1,late,3,2,-0.0093869852106261975,-0.0093869852106261975,0.00024270546728410842,-0.0094727945515000189,-0.0093011758697523761,0,0.0047750926796474771,-0.014162077890273675,,
NQ_LOCAL_FIXED,fvg_disp,-1,1,late,6,6,-0.019844525396184014,-0.016067334682618006,0.035723092219379082,-0.044541086361712057,-0.0064474797146563123,0.16666666666666666,-0.0047750926796474779,-0.015069432716536534,,
NQ_LOCAL_FIXED,sweep_fvg,-1,1,late,3,3,-0.015437693495999957,-0.01665379578954429,0.049389716710745095,-0.040430962365690104,0.0089475242269180244,0.33333333333333331,-0.0047750926796474771,-0.010662600816352478,,
NQ_LOCAL_FIXED,breakout_13,-1,1,late,3,3,-0.042144142218038194,-0.058787949284634156,0.033631303304641882,-0.061498039113235037,-0.031112148856139332,0,-0.0047750926796474771,-0.037369049538390715,,
NQ_LOCAL_FIXED,breakout_1,-1,4,all,76,57,-0.018249467464568191,-0.020459755339889085,0.062426480639171097,-0.059321651160689992,0.021677859354883644,0.42105263157894735,-0.016128304238246804,-0.0021211632263213923,,
NQ_LOCAL_FIXED,breakout_1,1,4,all,182,150,0.011240879147358995,0.014985806253232536,0.046307638388417012,-0.0092702915107027717,0.039646100583054733,0.68666666666666665,0.015488670070364202,-0.0042477909230052057,,
NQ_LOCAL_FIXED,fvg_raw,-1,4,all,28,25,-0.01037667979171244,-0.025524008214623306,0.062140464356770175,-0.051296543304772513,0.021677859354883644,0.44,-0.015786295764807536,0.0054096159730950936,,
NQ_LOCAL_FIXED,sweep_1,1,4,all,68,56,0.020495763560764959,0.026400164602765619,0.051274101041320116,-0.0087357448219791412,0.045288051507664184,0.6428571428571429,0.015581678099877745,0.004914085460887215,-0.0069987296649457846,0.014327523700528021
NQ_LOCAL_FIXED,sweep_1,-1,4,all,89,70,-0.018087004494031073,-0.031195511600118464,0.050939829602831395,-0.055099812291314554,0.017576524163890633,0.32857142857142857,-0.015860702188418365,-0.0022263023056127021,-0.01404820114074464,0.01001473729774955
NQ_LOCAL_FIXED,fvg_raw,1,4,all,91,74,0.012973207878708235,0.015303926863529438,0.044974692584858832,0.00022194137044859175,0.040677745213509864,0.7432432432432432,0.015518834836692915,-0.0025456269579846817,,
NQ_LOCAL_FIXED,breakout_4,1,4,all,128,104,0.0081991688454191337,0.011792384839142467,0.050106803863868725,-0.015853397384955031,0.036386714069211845,0.67307692307692313,0.015581678099877741,-0.0073825092544586119,,
NQ_LOCAL_FIXED,sweep_4,1,4,all,38,34,0.025618315386399533,0.037048956481505302,0.059597541936773808,-0.0094118265591143502,0.058865277838895613,0.70588235294117652,0.015773165219464449,0.0098451501669350877,,
NQ_LOCAL_FIXED,sweep_4,-1,4,all,82,63,-0.01909939339166547,-0.025557498906864984,0.043257899025542113,-0.046671461257750679,0.0081173259240360229,0.26984126984126983,-0.015972902351006131,-0.0031264910406593413,,
NQ_LOCAL_FIXED,breakout_4,-1,4,all,35,24,-0.034836106797378398,-0.047318103448371063,0.074089360619263717,-0.084807772593875175,0.0085817637489440657,0.33333333333333331,-0.015736691482400315,-0.019099415314978083,,
NQ_LOCAL_FIXED,sweep_13,1,4,all,9,8,0.0090795192298007005,-0.0067285046166832285,0.049813163706565855,-0.020627305325371825,0.016015595921986953,0.25,0.015581678099877745,-0.0065021588700770443,,
NQ_LOCAL_FIXED,sweep_13,-1,4,all,41,33,-0.013751780987103165,-0.030151749276912776,0.045054903580905602,-0.042944848685298576,0.012891942085429431,0.30303030303030304,-0.016074902498813191,0.0023231215117100255,,
NQ_LOCAL_FIXED,breakout_13,1,4,all,62,49,0.0075824676052990356,0.010717904747057361,0.046307948881068657,-0.021273003545500546,0.032819085812497484,0.67346938775510201,0.015686074867699067,-0.008103607262400031,,
NQ_LOCAL_FIXED,fvg_disp,1,4,all,30,27,0.016067109510057416,0.017301957289274306,0.037941619472193489,0.0072501534457509731,0.033061908924466921,0.81481481481481477,0.016012270829107104,5.4838680950316919e-05,-0.013572982383361361,0.013963950964281685
NQ_LOCAL_FIXED,sweep_fvg,1,4,all,11,8,0.0046518340689397225,0.012394620047700422,0.049403854333042362,-0.014579049663270449,0.027184211872578079,0.625,0.015581678099877745,-0.010929844030938021,,
NQ_LOCAL_FIXED,fvg_disp,-1,4,all,7,7,-0.024639122014513033,-0.031341668513617416,0.055505906926851353,-0.047318103448371063,0.016886503928214558,0.42857142857142855,-0.016445324088217771,-0.0081937979262952602,,
NQ_LOCAL_FIXED,sweep_fvg,-1,4,all,4,4,-0.022483198926598641,-0.0048319045793668858,0.073159887027674231,-0.054007302541484947,0.026692199035519421,0.5,-0.016046718247445451,-0.0064364806791531917,,
NQ_LOCAL_FIXED,breakout_13,-1,4,all,6,5,-0.0313304329613159,-0.051296543304772513,0.086690793501017091,-0.10143073165057581,0.049210162335298846,0.40000000000000002,-0.015488670070364205,-0.0158417628909517,,
NQ_LOCAL_FIXED,breakout_1,-1,4,early,42,29,-0.0078404530489096375,-0.00057169760559583338,0.050184665024917537,-0.041368363082704418,0.028953577128582375,0.48275862068965519,-0.015437205294450859,0.0075967522455412211,,
NQ_LOCAL_FIXED,breakout_1,1,4,early,114,91,0.0080932657032266042,0.015154358637515353,0.043075135573733388,-0.0069979720591291095,0.036610151603262087,0.68131868131868134,0.014602957040087341,-0.0065096913368607335,,
NQ_LOCAL_FIXED,fvg_raw,-1,4,early,16,14,-0.015044058026483953,-0.012925200138384163,0.051721556316727785,-0.04566351662835938,0.019301026101070873,0.42857142857142855,-0.014950435666680405,-9.3622359803550593e-05,,
NQ_LOCAL_FIXED,sweep_1,1,4,early,41,35,0.029943022191540054,0.036320568495854744,0.042828736286232606,-0.00015188187910164519,0.055030960802124551,0.74285714285714288,0.014837505113037653,0.015105517078502412,,
NQ_LOCAL_FIXED,sweep_1,-1,4,early,53,37,-0.024957825385987394,-0.033198380566801688,0.044109818552232699,-0.052855166963050815,0.012891942085429431,0.29729729729729731,-0.014965696552307794,-0.0099921288336795918,,
NQ_LOCAL_FIXED,fvg_raw,1,4,early,57,44,0.0074465734474158003,0.012023223565179708,0.0432377686355052,0.0021643906998263518,0.031871575005141206,0.75,0.01460394419527652,-0.0071573707478607218,,
NQ_LOCAL_FIXED,breakout_4,1,4,early,84,67,0.0029112042514477139,0.011329463598853007,0.043449442809515237,-0.0095958913494411102,0.032244667366539748,0.67164179104477617,0.014908297400395792,-0.011997093148948078,,
NQ_LOCAL_FIXED,sweep_4,1,4,early,22,20,0.041338985807892102,0.043385100870746318,0.030484194788521636,0.023906750206287408,0.057826602747456102,0.90000000000000002,0.01503513358191246,0.026303852225979647,,
NQ_LOCAL_FIXED,sweep_4,-1,4,early,44,30,-0.021697607218111883,-0.023587711106407228,0.040696051224144596,-0.051036129130752228,0.012792655023047494,0.33333333333333331,-0.014969257425620859,-0.0067283497924910248,,
NQ_LOCAL_FIXED,breakout_4,-1,4,early,17,11,-0.037403562266537842,-0.05467298952776134,0.063270125023027937,-0.087548995275316122,0.012947128950923925,0.36363636363636365,-0.014334450828629063,-0.023069111437908772,,
NQ_LOCAL_FIXED,sweep_13,1,4,early,4,4,0.036905439595679795,0.032667437452773618,0.058540187508747496,-0.0064408603875866499,0.076013737436040063,0.5,0.01424461970641324,0.022660819889266555,,
NQ_LOCAL_FIXED,sweep_13,-1,4,early,22,16,-0.012667801769442599,-0.028464451545729408,0.035661089566025782,-0.039545560469782748,0.013379002226172526,0.375,-0.015232762050787264,0.0025649602813446644,,
NQ_LOCAL_FIXED,breakout_13,1,4,early,38,30,0.00043640715148947812,0.0098314020833163429,0.034499390664266695,-0.017725044169828175,0.028961192059357599,0.66666666666666663,0.014969257425620859,-0.014532850274131381,,
NQ_LOCAL_FIXED,fvg_disp,1,4,early,16,15,0.005801897339852243,0.011257928118393323,0.037992230159815489,0.0024989215712706847,0.021839015307812404,0.73333333333333328,0.015364514363370474,-0.0095626170235182228,,
NQ_LOCAL_FIXED,sweep_fvg,1,4,early,8,7,0.0035917737125176208,0.012716983531506409,0.053263898022026204,-0.02840881603230061,0.029489859859200496,0.5714285714285714,0.015515088434894129,-0.011923314722376508,,
NQ_LOCAL_FIXED,fvg_disp,-1,4,early,1,1,0.021677859354883644,0.021677859354883644,,0.021677859354883644,0.021677859354883644,1,-0.013256477362039215,0.034934336716922858,,
NQ_LOCAL_FIXED,sweep_fvg,-1,4,early,1,1,0.021677859354883644,0.021677859354883644,,0.021677859354883644,0.021677859354883644,1,-0.013256477362039215,0.034934336716922858,,
NQ_LOCAL_FIXED,breakout_13,-1,4,early,3,2,0.059039657386928179,0.059039657386928179,0.013901005213293429,0.054124909861113513,0.063954404912742846,1,-0.013256477362039215,0.0722961347489674,,
NQ_LOCAL_FIXED,breakout_1,-1,4,late,33,27,-0.029163786751059989,-0.043339663591969613,0.07372187568574709,-0.080279395333956671,0.016529690484980264,0.37037037037037035,-0.018034433968641132,-0.011129352782418859,,
NQ_LOCAL_FIXED,breakout_1,1,4,late,67,58,0.017165942103440593,0.01700147558064069,0.050664216010246579,-0.0097632137647789274,0.049404094524786113,0.7068965517241379,0.018034433968641132,-0.00086849186520053761,,
NQ_LOCAL_FIXED,fvg_raw,-1,4,late,12,11,-0.0044363802201850596,-0.031341668513617416,0.075633856695582147,-0.054633372637711508,0.042400594929141722,0.45454545454545453,-0.018034433968641132,0.013598053748456069,,
NQ_LOCAL_FIXED,sweep_1,1,4,late,26,20,0.0072274588663203132,0.0056855270967038907,0.061268763778090103,-0.031592928247591273,0.033163623186115376,0.5,0.018034433968641132,-0.010806975102320815,,
NQ_LOCAL_FIXED,sweep_1,-1,4,late,35,32,-0.013046077295498323,-0.024388195258901568,0.056170586838314392,-0.058726610116915379,0.028428369030664202,0.34375,-0.018034433968641132,0.0049883566731428056,,
NQ_LOCAL_FIXED,fvg_raw,1,4,late,34,30,0.021078938377937138,0.028873417352967556,0.046961124559846364,0.00053139667317855799,0.055254218629496532,0.73333333333333328,0.018034433968641132,0.0030445044092960115,,
NQ_LOCAL_FIXED,breakout_4,1,4,late,44,37,0.01777467229936738,0.01918569729233166,0.059799863758453302,-0.017198619337793541,0.059262642329558801,0.67567567567567566,0.018034433968641132,-0.00025976166927374852,,
NQ_LOCAL_FIXED,sweep_4,1,4,late,15,13,0.0068488616620932998,-0.012095148501545472,0.084199635814158624,-0.04173521807742675,0.079800397582052041,0.46153846153846156,0.018034433968641132,-0.011185572306547828,,
NQ_LOCAL_FIXED,sweep_4,-1,4,late,38,33,-0.016737380822168735,-0.025557498906864984,0.045962525668476889,-0.042993220629880646,-0.0095758196332744738,0.21212121212121213,-0.018034433968641132,0.0012970531464723939,,
NQ_LOCAL_FIXED,breakout_4,-1,4,late,18,13,-0.032663644477320404,-0.043339663591969613,0.084699181026973311,-0.062921447679688658,0.00087811731647347013,0.30769230769230771,-0.018034433968641132,-0.014629210508679278,,
NQ_LOCAL_FIXED,sweep_13,1,4,late,5,4,-0.018746401136078394,-0.016186134575206679,0.017265992923045734,-0.025641645006007602,-0.0092908907052774714,0,0.018034433968641132,-0.036780835104719523,,
NQ_LOCAL_FIXED,sweep_13,-1,4,late,19,17,-0.014771996721371932,-0.031696762582654303,0.053529212048658521,-0.042944848685298576,-0.013384180612898922,0.23529411764705882,-0.018034433968641132,0.0032624372472691968,,
NQ_LOCAL_FIXED,breakout_13,1,4,late,24,19,0.018865720953419388,0.01918569729233166,0.059844944914592239,-0.02680461084199931,0.067540961200857841,0.68421052631578949,0.018034433968641132,0.00083128698477826022,,
NQ_LOCAL_FIXED,fvg_disp,1,4,late,14,12,0.028898624722813886,0.032244453934592299,0.035245377326691175,0.013529132332921245,0.048299685675436188,0.91666666666666663,0.018034433968641132,0.010864190754172756,,
NQ_LOCAL_FIXED,sweep_fvg,1,4,late,3,1,0.012072256563894435,0.012072256563894435,,0.012072256563894435,0.012072256563894435,1,0.018034433968641132,-0.005962177404746697,,
NQ_LOCAL_FIXED,fvg_disp,-1,4,late,6,6,-0.032358618909412475,-0.037340666052793514,0.056537823915673469,-0.049307323376571788,0.00123594424775475,0.33333333333333331,-0.018034433968641132,-0.014324184940771348,,
NQ_LOCAL_FIXED,sweep_fvg,-1,4,late,3,3,-0.037203551687092738,-0.031341668513617416,0.08202695223213384,-0.076672936569352479,0.0051967747819046672,0.33333333333333331,-0.018034433968641132,-0.019169117718451607,,
NQ_LOCAL_FIXED,breakout_13,-1,4,late,3,3,-0.091577159860145294,-0.10143073165057581,0.036369121519758622,-0.11171746813783168,-0.076363637477674162,0,-0.018034433968641132,-0.073542725891504165,,
NQ_LOCAL_FIXED,breakout_1,-1,13,all,76,35,-0.073384619937887183,-0.067806995815026694,0.081020026227197256,-0.10867134752943863,-0.034101082951101591,0.14285714285714285,-0.066605504223157419,-0.0067791157147297507,,
NQ_LOCAL_FIXED,breakout_1,1,13,all,182,85,0.043647714016475637,0.045870740665170384,0.072488898997637247,0.0053755534859403209,0.083018734784602977,0.81176470588235294,0.061873355312179641,-0.018225641295704004,,
NQ_LOCAL_FIXED,fvg_raw,-1,13,all,28,12,-0.076225607770552165,-0.076875944856080181,0.043285687013988043,-0.099721578795757604,-0.06529224803303274,0.083333333333333329,-0.063840154703304799,-0.012385453067247388,,
NQ_LOCAL_FIXED,sweep_1,1,13,all,68,32,0.088648917469081309,0.098123067293888755,0.08366537027077639,0.070593257472053139,0.12162665910677861,0.875,0.05834088008996146,0.03030803737911985,,
NQ_LOCAL_FIXED,sweep_1,-1,13,all,89,49,-0.074223222194387983,-0.079425181659183997,0.083112553250563145,-0.1137654720118233,-0.045149671452908269,0.16326530612244897,-0.062583177648826302,-0.011640044545561673,,
NQ_LOCAL_FIXED,fvg_raw,1,13,all,91,44,0.035636918764492237,0.038326589010111434,0.060356874827163363,0.0095259379284606815,0.066146701668820085,0.81818181818181823,0.061440471235664068,-0.025803552471171821,,
NQ_LOCAL_FIXED,breakout_4,1,13,all,128,64,0.041007591435697273,0.039835569063237153,0.076225987475392512,0.0025074006312483244,0.081895894070790454,0.78125,0.063840154703304772,-0.022832563267607502,,
NQ_LOCAL_FIXED,sweep_4,1,13,all,38,20,0.10432510197477465,0.10249531324466965,0.0901712627835871,0.058240966325272203,0.16618158021689244,0.90000000000000002,0.060320618950765056,0.044004483024009597,,
NQ_LOCAL_FIXED,sweep_4,-1,13,all,82,37,-0.065731959997020681,-0.075177304964539005,0.067905056275743766,-0.11040244763473761,-0.032433445819272544,0.16216216216216217,-0.063126735294006184,-0.0026052247030144927,,
NQ_LOCAL_FIXED,breakout_4,-1,13,all,35,12,-0.086920130966533171,-0.076017417040669777,0.081277766906808241,-0.089860112360762745,-0.058757836667351682,0.16666666666666666,-0.063840154703304799,-0.023079976263228386,,
NQ_LOCAL_FIXED,sweep_13,1,13,all,9,2,0.056441091415446787,0.056441091415446787,0.11968299488266257,0.014126762778324004,0.09875542005256957,0.5,0.072638994084654088,-0.016197902669207301,,
NQ_LOCAL_FIXED,sweep_13,-1,13,all,41,19,-0.043687999095328403,-0.0567619527876706,0.070006709744797724,-0.083554306119029587,-0.013137328077664101,0.26315789473684209,-0.065229445131938887,0.021541446036610477,,
NQ_LOCAL_FIXED,breakout_13,1,13,all,62,27,0.021364989048094626,0.022600399933344395,0.05379575639146926,0.00236360510517164,0.054631736211459003,0.77777777777777779,0.067424867043854503,-0.046059877995759869,,
NQ_LOCAL_FIXED,fvg_disp,1,13,all,30,12,0.0098431350316446429,0.011659075050181933,0.048417624677533855,-0.0033825501846896644,0.045512743537716782,0.66666666666666663,0.066773101163754567,-0.056929966132109912,,
NQ_LOCAL_FIXED,sweep_fvg,1,13,all,11,5,0.011995422546486089,0.022600399933344395,0.064347603831354239,0.0020760140530182714,0.055721996789158901,0.80000000000000004,0.058560851074495192,-0.046565428528009101,,
NQ_LOCAL_FIXED,fvg_disp,-1,13,all,7,3,-0.095178348728919726,-0.076658301682040131,0.039988771507231353,-0.10886402518586624,-0.072232648748533412,0,-0.072638994084654088,-0.022539354644265638,,
NQ_LOCAL_FIXED,sweep_fvg,-1,13,all,4,1,-0.067806995815026694,-0.067806995815026694,,-0.067806995815026694,-0.067806995815026694,0,-0.072638994084654088,0.0048319982696273939,,
NQ_LOCAL_FIXED,breakout_13,-1,13,all,6,0,,,,,,,,,,
NQ_LOCAL_FIXED,breakout_1,-1,13,early,38,12,-0.044308708814087466,-0.067936411406243624,0.071092199474705187,-0.088574245442412713,-0.028687721827038715,0.16666666666666666,-0.062038982890995742,0.017730274076908279,,
NQ_LOCAL_FIXED,breakout_1,1,13,early,112,45,0.047237953235217983,0.043184539079869966,0.068448673757550912,0.010972343240713833,0.081521613832852946,0.84444444444444444,0.058213040128280796,-0.010975086893062824,,
NQ_LOCAL_FIXED,fvg_raw,-1,13,early,15,5,-0.08209465842875345,-0.087788974510966122,0.043194775115040517,-0.10383616959907704,-0.07709358803012023,0,-0.057119913624647967,-0.024974744804105484,,
NQ_LOCAL_FIXED,sweep_1,1,13,early,41,21,0.074475127180784667,0.094274580335731439,0.056068350745006941,0.071587162753145472,0.10211586901763225,0.90476190476190477,0.056182948050105548,0.018292179130679136,,
NQ_LOCAL_FIXED,sweep_1,-1,13,early,53,27,-0.076017938771512472,-0.077289149605687335,0.080919185052338985,-0.11112950606144056,-0.048265235525509542,0.07407407407407407,-0.061128044137968386,-0.014889894633544107,,
NQ_LOCAL_FIXED,fvg_raw,1,13,early,55,22,0.030115270369274579,0.0341526995387329,0.042166869716935,0.0066331273039543781,0.061699535342765843,0.81818181818181823,0.055331161164157878,-0.025215890794883289,,
NQ_LOCAL_FIXED,breakout_4,1,13,early,82,37,0.049412934725639172,0.039792992516959336,0.066907976074589315,0.0051867219917012264,0.081521613832852946,0.83783783783783783,0.065362678341230704,-0.015949743615591563,,
NQ_LOCAL_FIXED,sweep_4,1,13,early,21,10,0.084891020910853682,0.074673003745936439,0.040810983836796572,0.059114044673156008,0.10316574142187335,1,0.052200844358300191,0.032690176552553483,,
NQ_LOCAL_FIXED,sweep_4,-1,13,early,44,21,-0.060892768606636269,-0.059967260214478957,0.062460688217113994,-0.082953736065329409,-0.031635365375397573,0.14285714285714285,-0.063210189859173802,0.0023174212525375135,,
NQ_LOCAL_FIXED,breakout_4,-1,13,early,17,4,-0.078297503118617495,-0.081582753455132773,0.014456358458780011,-0.088574245442412713,-0.071306011131337554,0,-0.049741309725126304,-0.028556193393491195,,
NQ_LOCAL_FIXED,sweep_13,1,13,early,4,0,,,,,,,,,,
NQ_LOCAL_FIXED,sweep_13,-1,13,early,22,12,-0.051024913318570571,-0.059905120126449329,0.05060257697254314,-0.083254021092179498,-0.046350370587238288,0.16666666666666666,-0.070237431668242034,0.019212518349671467,,
NQ_LOCAL_FIXED,breakout_13,1,13,early,38,14,0.016367084176821551,0.01901162214840002,0.043135994370954327,0.0022198095790949557,0.037769912600686795,0.7857142857142857,0.072579845604598112,-0.056212761427776578,,
NQ_LOCAL_FIXED,fvg_disp,1,13,early,16,6,0.0014751984027560245,0.0036313680223597489,0.053275059919376214,7.6017874427097842e-05,0.018246980447933603,0.66666666666666663,0.070237431668242034,-0.068762233265486014,,
NQ_LOCAL_FIXED,sweep_fvg,1,13,early,8,4,0.001063778985817887,0.012338206993181333,0.068732427709676427,-0.021499739525391359,0.034901725504390579,0.75,0.062038982890995742,-0.060975203905177855,,
NQ_LOCAL_FIXED,fvg_disp,-1,13,early,1,0,,,,,,,,,,
NQ_LOCAL_FIXED,sweep_fvg,-1,13,early,1,0,,,,,,,,,,
NQ_LOCAL_FIXED,breakout_13,-1,13,early,3,0,,,,,,,,,,
NQ_LOCAL_FIXED,breakout_1,-1,13,late,33,19,-0.096122235355954294,-0.076658301682040131,0.088673296120787393,-0.16866232545130755,-0.036111223570427953,0.15789473684210525,-0.068219142697787241,-0.027903092658167039,,
NQ_LOCAL_FIXED,breakout_1,1,13,late,67,39,0.040943870183494671,0.052069497551485933,0.078005817739994723,0.01130839292739938,0.087653328711660206,0.79487179487179482,0.068219142697787283,-0.02727527251429258,,
NQ_LOCAL_FIXED,fvg_raw,-1,13,late,12,6,-0.067647325429145713,-0.071438362723132753,0.049079042552807525,-0.076261158669339801,-0.060262752469044834,0.16666666666666666,-0.068219142697787269,0.00057181726864153715,,
NQ_LOCAL_FIXED,sweep_1,1,13,late,26,10,0.11535107833315424,0.15912524419830043,0.12553732071851448,0.069214256582634803,0.18763368870578201,0.80000000000000004,0.068219142697787255,0.047131935635366974,,
NQ_LOCAL_FIXED,sweep_1,-1,13,late,35,21,-0.077041011722878486,-0.085455879318645511,0.086453898881159133,-0.13655481393435132,-0.045149671452908269,0.23809523809523808,-0.068219142697787241,-0.0088218690250912325,,
NQ_LOCAL_FIXED,fvg_raw,1,13,late,34,22,0.041158567159709905,0.045060234750857409,0.074949668569595965,0.012818308993724659,0.069685972377407313,0.81818181818181823,0.068219142697787227,-0.027060575538077357,,
NQ_LOCAL_FIXED,breakout_4,1,13,late,44,27,0.029489158038369503,0.042109659120569409,0.087419994916212648,-0.014344778914076317,0.082525695971260138,0.70370370370370372,0.068219142697787241,-0.038729984659417752,,
NQ_LOCAL_FIXED,sweep_4,1,13,late,15,9,0.12425721394493053,0.16831456422817648,0.12841361645367885,0.031730530497392939,0.22482657136850959,0.77777777777777779,0.068219142697787255,0.05603807124714328,,
NQ_LOCAL_FIXED,sweep_4,-1,13,late,38,16,-0.072083398696900211,-0.089272826872480171,0.076085698600817889,-0.12814953989723649,-0.053687485800881063,0.1875,-0.068219142697787255,-0.003864255999112956,,
NQ_LOCAL_FIXED,breakout_4,-1,13,late,18,8,-0.091231444890490995,-0.072232648748533412,0.1011320015490673,-0.12201197334733643,-0.040193796532744519,0.25,-0.068219142697787255,-0.02301230219270374,,
NQ_LOCAL_FIXED,sweep_13,1,13,late,5,2,0.056441091415446787,0.056441091415446787,0.11968299488266257,0.014126762778324004,0.09875542005256957,0.5,0.068219142697787255,-0.011778051282340468,,
NQ_LOCAL_FIXED,sweep_13,-1,13,late,19,7,-0.031110431855484677,-0.051265768471638218,0.098570406732817667,-0.096439568435811696,0.032201863491567173,0.42857142857142855,-0.068219142697787269,0.037108710842302585,,
NQ_LOCAL_FIXED,breakout_13,1,13,late,24,13,0.026747348140234863,0.031568589936316283,0.064761081682709637,0.0053755534859403209,0.065240950798352682,0.76923076923076927,0.068219142697787269,-0.041471794557552406,,
NQ_LOCAL_FIXED,fvg_disp,1,13,late,14,6,0.018211071660533262,0.030120543614616024,0.046379956372107796,-0.0042858366104209233,0.052318912372011528,0.66666666666666663,0.068219142697787269,-0.050008071037253993,,
NQ_LOCAL_FIXED,sweep_fvg,1,13,late,3,1,0.055721996789158901,0.055721996789158901,,0.055721996789158901,0.055721996789158901,1,0.068219142697787255,-0.012497145908628354,,
NQ_LOCAL_FIXED,fvg_disp,-1,13,late,6,3,-0.095178348728919726,-0.076658301682040131,0.039988771507231353,-0.10886402518586624,-0.072232648748533412,0,-0.068219142697787255,-0.026959206031132471,,
NQ_LOCAL_FIXED,sweep_fvg,-1,13,late,3,1,-0.067806995815026694,-0.067806995815026694,,-0.067806995815026694,-0.067806995815026694,0,-0.068219142697787255,0.00041214688276056122,,
NQ_LOCAL_FIXED,breakout_13,-1,13,late,3,0,,,,,,,,,,
